t_gps,raw_lat,raw_lon,raw_h,kf_lat,kf_lon,kf_h,vx,vy,vz,sqrt_P00,sqrt_P11,sqrt_P22
0.000000,33.578365,-117.064533,454.636594,33.578365,-117.064533,454.636594,0.000000,0.000000,0.000000,33.251915,33.251915,33.251915
15.000000,33.578364,-117.064528,453.658849,33.578365,-117.064531,454.240814,0.003450,0.002097,-0.002889,28.143229,28.143229,28.143229
30.000000,33.578370,-117.064527,451.369309,33.578367,-117.064529,453.071808,0.014199,0.017878,-0.010300,27.760240,27.760240,27.760240
45.000000,33.578372,-117.064526,450.235306,33.578369,-117.064527,451.698016,0.023935,0.033075,-0.017338,28.379411,28.379411,28.379411
60.000000,33.578377,-117.064523,448.114846,33.578373,-117.064525,449.836164,0.035149,0.050044,-0.024378,28.515071,28.515071,28.515071
75.000000,33.578381,-117.064524,445.678507,33.578377,-117.064524,447.588445,0.043421,0.066673,-0.031677,28.090958,28.090958,28.090958
90.000000,33.578382,-117.064520,445.440500,33.578381,-117.064522,445.994346,0.046530,0.070205,-0.033102,27.364017,27.364017,27.364017
105.000000,33.578388,-117.064518,442.890860,33.578385,-117.064519,444.034152,0.050712,0.076662,-0.035377,26.501333,26.501333,26.501333
120.000000,33.578390,-117.064517,441.109803,33.578388,-117.064517,442.099666,0.053155,0.080998,-0.037572,25.609013,25.609013,25.609013
135.000000,33.578394,-117.064516,440.179805,33.578392,-117.064516,440.458020,0.053765,0.082371,-0.037532,24.757890,24.757890,24.757890
150.000000,33.578396,-117.064513,439.066175,33.578396,-117.064514,438.965673,0.053914,0.082072,-0.037166,23.955356,23.955356,23.955356
165.000000,33.578403,-117.064512,436.436915,33.578400,-117.064512,437.163762,0.055046,0.084256,-0.037501,23.202263,23.202263,23.202263
180.000000,33.578405,-117.064508,434.693002,33.578404,-117.064510,435.367225,0.056198,0.085584,-0.038138,22.483178,22.483178,22.483178
195.000000,33.578410,-117.064508,433.177614,33.578408,-117.064508,433.632953,0.056725,0.086639,-0.038216,21.827477,21.827477,21.827477
210.000000,33.578413,-117.064505,431.774098,33.578411,-117.064506,431.970594,0.057097,0.087012,-0.038156,21.213368,21.213368,21.213368
225.000000,33.578414,-117.064502,430.540196,33.578415,-117.064504,430.400082,0.057201,0.086648,-0.038139,20.642393,20.642393,20.642393
240.000000,33.578418,-117.064500,428.899331,33.578418,-117.064501,428.816075,0.057324,0.086453,-0.038086,20.093160,20.093160,20.093160
255.000000,33.578423,-117.064500,425.963515,33.578422,-117.064500,426.964882,0.057838,0.087570,-0.038689,19.586175,19.586175,19.586175
270.000000,33.578428,-117.064501,424.156427,33.578426,-117.064498,425.117591,0.058087,0.088713,-0.039084,19.120576,19.120576,19.120576
285.000000,33.578430,-117.064496,422.859710,33.578429,-117.064496,423.364038,0.058352,0.089141,-0.039329,18.668515,18.668515,18.668515
300.000000,33.578432,-117.064494,421.774613,33.578433,-117.064494,421.724483,0.058351,0.089045,-0.039369,18.248878,18.248878,18.248878
315.000000,33.578437,-117.064493,419.705536,33.578436,-117.064493,420.013839,0.058448,0.089294,-0.039468,17.860274,17.860274,17.860274
330.000000,33.578441,-117.064491,417.737229,33.578440,-117.064491,418.260790,0.058624,0.089661,-0.039631,17.490453,17.490453,17.490453
345.000000,33.578446,-117.064490,416.000678,33.578444,-117.064489,416.508828,0.058761,0.090055,-0.039696,17.146038,17.146038,17.146038
360.000000,33.578448,-117.064488,414.571419,33.578448,-117.064487,414.803283,0.058798,0.090208,-0.039753,16.829463,16.829463,16.829463
375.000000,33.578452,-117.064485,412.858942,33.578451,-117.064486,413.095836,0.058897,0.090334,-0.039788,16.519862,16.519862,16.519862
390.000000,33.578456,-117.064483,411.180145,33.578455,-117.064484,411.391564,0.058992,0.090448,-0.039797,16.219927,16.219927,16.219927
405.000000,33.578459,-117.064480,410.026101,33.578459,-117.064482,409.760383,0.059013,0.090319,-0.039692,15.939523,15.939523,15.939523
420.000000,33.578463,-117.064480,407.476363,33.578462,-117.064480,408.010283,0.059116,0.090552,-0.039806,15.661940,15.661940,15.661940
435.000000,33.578466,-117.064476,405.818881,33.578466,-117.064478,406.270532,0.059267,0.090686,-0.039917,15.393729,15.393729,15.393729
450.000000,33.578471,-117.064476,404.330301,33.578470,-117.064476,404.560960,0.059317,0.090803,-0.039913,15.143027,15.143027,15.143027
465.000000,33.578472,-117.064472,403.243330,33.578473,-117.064474,402.925042,0.059314,0.090651,-0.039878,14.904100,14.904100,14.904100
480.000000,33.578475,-117.064473,401.884978,33.578476,-117.064472,401.322362,0.059180,0.090472,-0.039804,14.668094,14.668094,14.668094
495.000000,33.578479,-117.064471,400.187489,33.578480,-117.064470,399.709599,0.059079,0.090336,-0.039733,14.446624,14.446624,14.446624
510.000000,33.578481,-117.064468,399.056195,33.578483,-117.064468,398.151251,0.058946,0.090053,-0.039625,14.228249,14.228249,14.228249
525.000000,33.578487,-117.064469,396.478144,33.578487,-117.064467,396.484443,0.058887,0.090092,-0.039616,14.020777,14.020777,14.020777
540.000000,33.578490,-117.064466,395.364976,33.578490,-117.064465,394.875905,0.058800,0.089987,-0.039536,13.817624,13.817624,13.817624
555.000000,33.578494,-117.064464,393.657915,33.578494,-117.064463,393.257935,0.058737,0.089911,-0.039463,13.622272,13.622272,13.622272
570.000000,33.578498,-117.064461,391.746288,33.578497,-117.064461,391.611088,0.058736,0.089888,-0.039425,13.432654,13.432654,13.432654
585.000000,33.578502,-117.064463,390.182347,33.578501,-117.064460,389.972385,0.058652,0.089896,-0.039370,13.255277,13.255277,13.255277
600.000000,33.578505,-117.064461,388.445525,33.578505,-117.064458,388.324770,0.058584,0.089908,-0.039343,13.074678,13.074678,13.074678
615.000000,33.578508,-117.064461,387.125121,33.578508,-117.064457,386.707637,0.058462,0.089872,-0.039290,12.908959,12.908959,12.908959
630.000000,33.578508,-117.064459,386.145123,33.578511,-117.064455,385.150127,0.058282,0.089690,-0.039233,12.742109,12.742109,12.742109
645.000000,33.578513,-117.064458,384.549961,33.578515,-117.064454,383.589838,0.058116,0.089546,-0.039150,12.583886,12.583886,12.583886
660.000000,33.578517,-117.064457,382.747243,33.578518,-117.064453,382.009779,0.057971,0.089454,-0.039084,12.426191,12.426191,12.426191
675.000000,33.578522,-117.064455,381.113361,33.578522,-117.064451,380.425559,0.057856,0.089384,-0.039000,12.275632,12.275632,12.275632
690.000000,33.578524,-117.064457,379.948933,33.578525,-117.064450,378.877886,0.057657,0.089271,-0.038903,12.128188,12.128188,12.128188
705.000000,33.578528,-117.064454,378.042335,33.578529,-117.064449,377.301381,0.057520,0.089201,-0.038835,11.984450,11.984450,11.984450
720.000000,33.578532,-117.064454,376.076927,33.578532,-117.064448,375.693630,0.057399,0.089197,-0.038798,11.845706,11.845706,11.845706
735.000000,33.578534,-117.064453,375.001033,33.578535,-117.064447,374.129027,0.057240,0.089116,-0.038738,11.710483,11.710483,11.710483
750.000000,33.578534,-117.064449,374.299371,33.578539,-117.064445,372.634328,0.057058,0.088890,-0.038654,11.575615,11.575615,11.575615
765.000000,33.578539,-117.064448,372.763200,33.578542,-117.064444,371.138141,0.056888,0.088694,-0.038550,11.443260,11.443260,11.443260
780.000000,33.578542,-117.064448,371.146196,33.578545,-117.064443,369.633456,0.056714,0.088526,-0.038463,11.316485,11.316485,11.316485
795.000000,33.578546,-117.064447,369.266390,33.578548,-117.064441,368.101734,0.056568,0.088410,-0.038399,11.192856,11.192856,11.192856
810.000000,33.578549,-117.064445,367.978018,33.578552,-117.064440,366.589889,0.056420,0.088265,-0.038323,11.068738,11.068738,11.068738
825.000000,33.578554,-117.064445,366.450782,33.578555,-117.064439,365.077440,0.056272,0.088147,-0.038229,10.949895,10.949895,10.949895
840.000000,33.578555,-117.064442,365.726350,33.578558,-117.064438,363.623197,0.056101,0.087932,-0.038111,10.833008,10.833008,10.833008
855.000000,33.578558,-117.064441,363.813298,33.578562,-117.064437,362.138011,0.055954,0.087766,-0.038030,10.718374,10.718374,10.718374
870.000000,33.578559,-117.064442,362.435456,33.578565,-117.064435,360.662841,0.055775,0.087591,-0.037969,10.602575,10.602575,10.602575
885.000000,33.578563,-117.064440,361.532494,33.578568,-117.064434,359.226554,0.055591,0.087376,-0.037864,10.494754,10.494754,10.494754
900.000000,33.578566,-117.064438,360.712223,33.578571,-117.064433,357.836123,0.055392,0.087109,-0.037723,10.384878,10.384878,10.384878
915.000000,33.578568,-117.064438,359.602067,33.578574,-117.064432,356.466362,0.055172,0.086827,-0.037581,10.277850,10.277850,10.277850
930.000000,33.578571,-117.064437,358.143490,33.578577,-117.064431,355.093544,0.054961,0.086559,-0.037448,10.171798,10.171798,10.171798
945.000000,33.578572,-117.064440,357.234559,33.578580,-117.064430,353.753312,0.054697,0.086271,-0.037312,10.068061,10.068061,10.068061
960.000000,33.578578,-117.064437,355.845775,33.578583,-117.064429,352.412003,0.054469,0.086003,-0.037153,9.966668,9.966668,9.966668
975.000000,33.578579,-117.064436,355.158480,33.578586,-117.064428,351.114698,0.054219,0.085683,-0.036982,9.867579,9.867579,9.867579
990.000000,33.578582,-117.064435,353.954874,33.578589,-117.064427,349.825698,0.053972,0.085366,-0.036810,9.770595,9.770595,9.770595
1005.000000,33.578582,-117.064435,353.025877,33.578591,-117.064426,348.561719,0.053704,0.085022,-0.036650,9.675505,9.675505,9.675505
1020.000000,33.578584,-117.064435,352.065672,33.578594,-117.064425,347.319812,0.053424,0.084666,-0.036485,9.581575,9.581575,9.581575
1035.000000,33.578590,-117.064439,350.117369,33.578597,-117.064425,346.036799,0.053148,0.084400,-0.036332,9.490093,9.490093,9.490093
1050.000000,33.578592,-117.064437,348.970345,33.578600,-117.064424,344.766453,0.052882,0.084121,-0.036183,9.397906,9.397906,9.397906
1065.000000,33.578594,-117.064435,348.458156,33.578603,-117.064424,343.544814,0.052605,0.083792,-0.036008,9.306727,9.306727,9.306727
1080.000000,33.578596,-117.064436,347.343198,33.578605,-117.064423,342.332575,0.052318,0.083466,-0.035839,9.216910,9.216910,9.216910
1095.000000,33.578597,-117.064437,346.428784,33.578608,-117.064422,341.140289,0.052014,0.083129,-0.035673,9.129006,9.129006,9.129006
1110.000000,33.578601,-117.064435,345.361366,33.578611,-117.064422,339.957145,0.051729,0.082795,-0.035496,9.043454,9.043454,9.043454
1125.000000,33.578604,-117.064436,343.930157,33.578613,-117.064421,338.762867,0.051448,0.082489,-0.035332,8.959107,8.959107,8.959107
1140.000000,33.578607,-117.064436,342.999901,33.578616,-117.064421,337.587034,0.051163,0.082178,-0.035159,8.875584,8.875584,8.875584
1155.000000,33.578608,-117.064436,341.699159,33.578619,-117.064421,336.405880,0.050883,0.081876,-0.035007,8.794304,8.794304,8.794304
1170.000000,33.578609,-117.064431,341.928847,33.578621,-117.064420,335.308823,0.050593,0.081482,-0.034811,8.712514,8.712514,8.712514
1185.000000,33.578609,-117.064433,341.033840,33.578624,-117.064419,334.222536,0.050286,0.081089,-0.034630,8.634435,8.634435,8.634435
1200.000000,33.578610,-117.064431,340.752300,33.578626,-117.064419,333.188125,0.049968,0.080648,-0.034429,8.554927,8.554927,8.554927
1215.000000,33.578613,-117.064433,339.327811,33.578628,-117.064418,332.135729,0.049654,0.080248,-0.034243,8.476883,8.476883,8.476883
1230.000000,33.578616,-117.064432,338.392649,33.578630,-117.064418,331.093820,0.049348,0.079851,-0.034052,8.399634,8.399634,8.399634
1245.000000,33.578616,-117.064432,338.355957,33.578633,-117.064418,330.108209,0.049017,0.079407,-0.033844,8.324090,8.324090,8.324090
1260.000000,33.578304,-117.064343,419.127038,33.578623,-117.064414,332.128018,0.047281,0.075315,-0.032947,8.313541,8.313541,8.313541
1275.000000,33.578306,-117.064338,418.268795,33.578614,-117.064409,334.123759,0.045621,0.071366,-0.032078,8.300082,8.300082,8.300082
1290.000000,33.578306,-117.064341,417.403812,33.578605,-117.064406,336.035877,0.044030,0.067633,-0.031259,8.286620,8.286620,8.286620
1305.000000,33.578304,-117.064341,417.137252,33.578595,-117.064402,337.909417,0.042494,0.064052,-0.030477,8.272128,8.272128,8.272128
1320.000000,33.578308,-117.064333,416.014803,33.578587,-117.064398,339.784622,0.041027,0.060563,-0.029708,8.252689,8.252689,8.252689
1335.000000,33.578305,-117.064338,415.436776,33.578578,-117.064394,341.550990,0.039624,0.057298,-0.028999,8.235373,8.235373,8.235373
1350.000000,33.578309,-117.064335,414.557440,33.578569,-117.064390,343.291758,0.038281,0.054157,-0.028304,8.215036,8.215036,8.215036
1365.000000,33.578306,-117.064335,414.370652,33.578561,-117.064387,344.974887,0.036991,0.051165,-0.027648,8.195042,8.195042,8.195042
1380.000000,33.578309,-117.064332,413.252919,33.578553,-117.064383,346.607232,0.035767,0.048309,-0.027018,8.172951,8.172951,8.172951
1395.000000,33.578310,-117.064335,412.738822,33.578545,-117.064380,348.179186,0.034588,0.045606,-0.026414,8.150804,8.150804,8.150804
1410.000000,33.578310,-117.064331,411.754168,33.578537,-117.064376,349.689475,0.033475,0.043033,-0.025847,8.127657,8.127657,8.127657
1425.000000,33.578313,-117.064329,411.180204,33.578530,-117.064373,351.179204,0.032405,0.040556,-0.025288,8.101857,8.101857,8.101857
1440.000000,33.578310,-117.064329,410.949309,33.578523,-117.064370,352.607687,0.031381,0.038207,-0.024764,8.077052,8.077052,8.077052
1455.000000,33.578315,-117.064324,409.477834,33.578515,-117.064366,353.991524,0.030418,0.035962,-0.024257,8.048888,8.048888,8.048888
1470.000000,33.578312,-117.064325,409.080639,33.578508,-117.064363,355.314491,0.029494,0.033837,-0.023786,8.021509,8.021509,8.021509
1485.000000,33.578315,-117.064324,407.941984,33.578502,-117.064360,356.575945,0.028620,0.031830,-0.023337,7.993015,7.993015,7.993015
1500.000000,33.578316,-117.064325,406.814571,33.578495,-117.064357,357.774344,0.027786,0.029938,-0.022917,7.963651,7.963651,7.963651
1515.000000,33.578315,-117.064323,406.918541,33.578489,-117.064354,358.955976,0.026982,0.028114,-0.022505,7.933512,7.933512,7.933512
1530.000000,33.578317,-117.064317,405.756777,33.578483,-117.064351,360.093019,0.026230,0.026371,-0.022114,7.900939,7.900939,7.900939
1545.000000,33.578316,-117.064319,405.551497,33.578477,-117.064348,361.190181,0.025501,0.024716,-0.021740,7.868688,7.868688,7.868688
1560.000000,33.578319,-117.064317,404.507028,33.578471,-117.064345,362.233098,0.024815,0.023156,-0.021382,7.835333,7.835333,7.835333
1575.000000,33.578319,-117.064318,403.879254,33.578465,-117.064342,363.218599,0.024160,0.021691,-0.021046,7.802764,7.802764,7.802764
1590.000000,33.578319,-117.064319,402.564711,33.578460,-117.064340,364.121494,0.023546,0.020336,-0.020744,7.771222,7.771222,7.771222
1605.000000,33.578321,-117.064315,401.944715,33.578454,-117.064337,364.995471,0.022967,0.019040,-0.020449,7.738084,7.738084,7.738084
1620.000000,33.578320,-117.064316,401.661369,33.578449,-117.064334,365.833121,0.022407,0.017813,-0.020168,7.705486,7.705486,7.705486
1635.000000,33.578322,-117.064316,400.898590,33.578444,-117.064332,366.634706,0.021872,0.016651,-0.019897,7.671615,7.671615,7.671615
1650.000000,33.578319,-117.064313,400.501720,33.578439,-117.064329,367.398167,0.021365,0.015545,-0.019647,7.638295,7.638295,7.638295
1665.000000,33.578319,-117.064313,400.026820,33.578435,-117.064327,368.127008,0.020879,0.014498,-0.019409,7.604941,7.604941,7.604941
1680.000000,33.578323,-117.064310,399.406801,33.578430,-117.064324,368.828753,0.020422,0.013504,-0.019170,7.570112,7.570112,7.570112
1695.000000,33.578320,-117.064315,398.995460,33.578426,-117.064322,369.478498,0.019975,0.012582,-0.018954,7.537963,7.537963,7.537963
1710.000000,33.578324,-117.064310,397.791870,33.578422,-117.064320,370.083281,0.019567,0.011717,-0.018747,7.504221,7.504221,7.504221
1725.000000,33.578320,-117.064307,397.952040,33.578417,-117.064317,370.677666,0.019173,0.010877,-0.018550,7.470822,7.470822,7.470822
1740.000000,33.578319,-117.064310,397.780893,33.578413,-117.064315,371.246685,0.018785,0.010084,-0.018361,7.438285,7.438285,7.438285
1755.000000,33.578321,-117.064307,397.382346,33.578409,-117.064313,371.797806,0.018418,0.009326,-0.018172,7.404538,7.404538,7.404538
1770.000000,33.578320,-117.064310,396.479310,33.578405,-117.064311,372.295779,0.018066,0.008630,-0.018004,7.372282,7.372282,7.372282
1785.000000,33.578322,-117.064309,396.129496,33.578402,-117.064309,372.775615,0.017728,0.007970,-0.017835,7.339335,7.339335,7.339335
1800.000000,33.578320,-117.064309,395.649240,33.578398,-117.064307,373.221252,0.017406,0.007350,-0.017681,7.307636,7.307636,7.307636
1815.000000,33.578320,-117.064308,395.245822,33.578395,-117.064305,373.651878,0.017095,0.006757,-0.017532,7.274628,7.274628,7.274628
1830.000000,33.578321,-117.064306,394.734788,33.578391,-117.064303,374.058125,0.016801,0.006197,-0.017387,7.241310,7.241310,7.241310
1845.000000,33.578320,-117.064307,394.463031,33.578388,-117.064302,374.443684,0.016515,0.005669,-0.017248,7.208577,7.208577,7.208577
1860.000000,33.578323,-117.064307,393.669033,33.578385,-117.064300,374.799934,0.016244,0.005179,-0.017113,7.174908,7.174908,7.174908
1875.000000,33.578321,-117.064308,393.418939,33.578382,-117.064298,375.139398,0.015978,0.004714,-0.016986,7.141511,7.141511,7.141511
1890.000000,33.578323,-117.064305,393.193759,33.578379,-117.064297,375.472426,0.015725,0.004267,-0.016854,7.106583,7.106583,7.106583
1905.000000,33.578323,-117.064304,392.732747,33.578376,-117.064295,375.779737,0.015486,0.003849,-0.016729,7.072445,7.072445,7.072445
1920.000000,33.578324,-117.064302,392.383298,33.578373,-117.064293,376.071291,0.015259,0.003453,-0.016606,7.037952,7.037952,7.037952
1935.000000,33.578324,-117.064303,392.121950,33.578370,-117.064292,376.348943,0.015036,0.003079,-0.016485,7.003419,7.003419,7.003419
1950.000000,33.578322,-117.064300,391.527800,33.578368,-117.064290,376.597260,0.014830,0.002729,-0.016377,6.969968,6.969968,6.969968
1965.000000,33.578324,-117.064300,391.099792,33.578365,-117.064289,376.834020,0.014631,0.002400,-0.016268,6.934881,6.934881,6.934881
1980.000000,33.578324,-117.064301,390.758978,33.578363,-117.064287,377.053654,0.014436,0.002093,-0.016163,6.900252,6.900252,6.900252
1995.000000,33.578325,-117.064301,389.989372,33.578360,-117.064286,377.245908,0.014252,0.001814,-0.016064,6.865240,6.865240,6.865240
2010.000000,33.578326,-117.064301,389.530935,33.578358,-117.064284,377.421004,0.014076,0.001555,-0.015967,6.830000,6.830000,6.830000
2025.000000,33.578327,-117.064300,389.166347,33.578356,-117.064283,377.581623,0.013908,0.001314,-0.015871,6.794761,6.794761,6.794761
2040.000000,33.578323,-117.064298,388.963955,33.578353,-117.064282,377.728576,0.013747,0.001082,-0.015786,6.760981,6.760981,6.760981
2055.000000,33.578325,-117.064302,388.207462,33.578351,-117.064281,377.849145,0.013588,0.000880,-0.015705,6.727293,6.727293,6.727293
2070.000000,33.578326,-117.064303,387.508308,33.578349,-117.064279,377.942854,0.013438,0.000702,-0.015630,6.694765,6.694765,6.694765
2085.000000,33.578351,-117.064362,401.988472,33.578348,-117.064280,378.411241,0.013105,0.000407,-0.015347,6.673445,6.673445,6.673445
2100.000000,33.578348,-117.064361,402.094670,33.578347,-117.064280,378.870527,0.012782,0.000119,-0.015076,6.652563,6.652563,6.652563
2115.000000,33.578348,-117.064363,401.210711,33.578346,-117.064281,379.295903,0.012472,-0.000143,-0.014821,6.631773,6.631773,6.631773
2130.000000,33.578349,-117.064355,401.051425,33.578345,-117.064281,379.719569,0.012179,-0.000403,-0.014567,6.609321,6.609321,6.609321
2145.000000,33.578347,-117.064354,401.096692,33.578343,-117.064282,380.139428,0.011893,-0.000657,-0.014321,6.586394,6.586394,6.586394
2160.000000,33.578347,-117.064359,399.199375,33.578342,-117.064282,380.487655,0.011626,-0.000864,-0.014105,6.565318,6.565318,6.565318
2175.000000,33.578361,-117.064281,421.537382,33.578342,-117.064280,381.482306,0.011324,-0.001453,-0.013613,6.540709,6.540709,6.540709
2190.000000,33.578360,-117.064279,420.930137,33.578341,-117.064279,382.428191,0.011039,-0.002007,-0.013148,6.517023,6.517023,6.517023
2205.000000,33.578362,-117.064277,420.797847,33.578340,-117.064277,383.370806,0.010763,-0.002547,-0.012687,6.491610,6.491610,6.491610
2220.000000,33.578359,-117.064277,419.833355,33.578340,-117.064275,384.247628,0.010505,-0.003045,-0.012264,6.467912,6.467912,6.467912
2235.000000,33.578360,-117.064275,419.663752,33.578339,-117.064273,385.111879,0.010256,-0.003526,-0.011849,6.443272,6.443272,6.443272
2250.000000,33.578360,-117.064275,419.638110,33.578338,-117.064272,385.970562,0.010010,-0.003994,-0.011442,6.417397,6.417397,6.417397
2265.000000,33.578355,-117.064276,418.833474,33.578338,-117.064270,386.772551,0.009776,-0.004429,-0.011070,6.393141,6.393141,6.393141
2280.000000,33.578357,-117.064273,418.701382,33.578337,-117.064269,387.562391,0.009553,-0.004848,-0.010704,6.368078,6.368078,6.368078
2295.000000,33.578357,-117.064274,418.231380,33.578336,-117.064267,388.325866,0.009337,-0.005244,-0.010353,6.342712,6.342712,6.342712
2310.000000,33.578355,-117.064274,416.956414,33.578336,-117.064266,389.025278,0.009138,-0.005602,-0.010033,6.318831,6.318831,6.318831
2325.000000,33.578357,-117.064273,417.032414,33.578335,-117.064264,389.724823,0.008942,-0.005951,-0.009713,6.293541,6.293541,6.293541
2340.000000,33.578356,-117.064271,416.872302,33.578335,-117.064263,390.402766,0.008755,-0.006285,-0.009407,6.268595,6.268595,6.268595
2355.000000,33.578353,-117.064273,416.165384,33.578334,-117.064261,391.033893,0.008577,-0.006591,-0.009128,6.245359,6.245359,6.245359
2370.000000,33.578354,-117.064272,416.444633,33.578333,-117.064260,391.667374,0.008401,-0.006891,-0.008848,6.221175,6.221175,6.221175
2385.000000,33.578352,-117.064270,416.354052,33.578333,-117.064258,392.282561,0.008233,-0.007178,-0.008582,6.197390,6.197390,6.197390
2400.000000,33.578350,-117.064273,414.887866,33.578332,-117.064257,392.837292,0.008075,-0.007432,-0.008343,6.174885,6.174885,6.174885
2415.000000,33.578354,-117.064271,414.665605,33.578332,-117.064256,393.386833,0.007924,-0.007674,-0.008103,6.150707,6.150707,6.150707
2430.000000,33.578351,-117.064268,414.332080,33.578331,-117.064255,393.911741,0.007782,-0.007904,-0.007878,6.127244,6.127244,6.127244
2445.000000,33.578352,-117.064272,413.612361,33.578330,-117.064253,394.408258,0.007643,-0.008112,-0.007664,6.103636,6.103636,6.103636
2460.000000,33.578352,-117.064271,413.821379,33.578330,-117.064252,394.905627,0.007505,-0.008316,-0.007452,6.079184,6.079184,6.079184
2475.000000,33.578353,-117.064270,413.478057,33.578329,-117.064251,395.387061,0.007374,-0.008508,-0.007245,6.054218,6.054218,6.054218
2490.000000,33.578351,-117.064270,412.288383,33.578329,-117.064250,395.820963,0.007253,-0.008675,-0.007061,6.030417,6.030417,6.030417
2505.000000,33.578352,-117.064271,412.244970,33.578328,-117.064249,396.249613,0.007133,-0.008835,-0.006878,6.005775,6.005775,6.005775
2520.000000,33.578352,-117.064268,411.759283,33.578328,-117.064248,396.657780,0.007023,-0.008983,-0.006704,5.980970,5.980970,5.980970
2535.000000,33.578348,-117.064268,410.992168,33.578327,-117.064246,397.027216,0.006920,-0.009115,-0.006551,5.958398,5.958398,5.958398
2550.000000,33.578347,-117.064270,410.886619,33.578327,-117.064245,397.388074,0.006816,-0.009239,-0.006404,5.935535,5.935535,5.935535
2565.000000,33.578348,-117.064268,410.940541,33.578326,-117.064244,397.745232,0.006716,-0.009359,-0.006257,5.912223,5.912223,5.912223
2580.000000,33.578346,-117.064269,409.919329,33.578326,-117.064243,398.066950,0.006623,-0.009461,-0.006126,5.889502,5.889502,5.889502
2595.000000,33.578343,-117.064269,409.316112,33.578325,-117.064242,398.362403,0.006535,-0.009551,-0.006010,5.868054,5.868054,5.868054
2610.000000,33.578346,-117.064268,409.457171,33.578324,-117.064242,398.659538,0.006449,-0.009638,-0.005889,5.845551,5.845551,5.845551
2625.000000,33.578344,-117.064268,409.262506,33.578324,-117.064241,398.946021,0.006364,-0.009719,-0.005775,5.823044,5.823044,5.823044
2640.000000,33.578342,-117.064269,408.549775,33.578323,-117.064240,399.204555,0.006285,-0.009787,-0.005674,5.801958,5.801958,5.801958
2655.000000,33.578344,-117.064267,408.724403,33.578323,-117.064239,399.466571,0.006207,-0.009854,-0.005570,5.779563,5.779563,5.779563
2670.000000,33.578344,-117.064267,408.913300,33.578322,-117.064238,399.729155,0.006130,-0.009918,-0.005465,5.756857,5.756857,5.756857
2685.000000,33.578339,-117.064266,408.122035,33.578322,-117.064237,399.962630,0.006058,-0.009974,-0.005378,5.735675,5.735675,5.735675
2700.000000,33.578339,-117.064267,407.432977,33.578321,-117.064236,400.176732,0.005990,-0.010018,-0.005297,5.713771,5.713771,5.713771
2715.000000,33.578339,-117.064267,407.781392,33.578320,-117.064235,400.394871,0.005920,-0.010062,-0.005214,5.691984,5.691984,5.691984
2730.000000,33.578337,-117.064268,406.812794,33.578320,-117.064235,400.583369,0.005856,-0.010094,-0.005144,5.671036,5.671036,5.671036
2745.000000,33.578335,-117.064269,407.376363,33.578319,-117.064234,400.781902,0.005788,-0.010129,-0.005074,5.650015,5.650015,5.650015
2760.000000,33.578340,-117.064269,407.202277,33.578319,-117.064233,400.976241,0.005721,-0.010156,-0.004997,5.627274,5.627274,5.627274
2775.000000,33.578335,-117.064268,406.686516,33.578318,-117.064233,401.150648,0.005660,-0.010179,-0.004934,5.606295,5.606295,5.606295
2790.000000,33.578331,-117.064271,405.044243,33.578317,-117.064232,401.280686,0.005603,-0.010184,-0.004890,5.586709,5.586709,5.586709
2805.000000,33.578335,-117.064268,406.241850,33.578317,-117.064231,401.439981,0.005544,-0.010197,-0.004831,5.564850,5.564850,5.564850
2820.000000,33.578337,-117.064267,406.496047,33.578316,-117.064231,401.603701,0.005486,-0.010210,-0.004768,5.542164,5.542164,5.542164
2835.000000,33.578335,-117.064269,405.307244,33.578316,-117.064230,401.733801,0.005433,-0.010209,-0.004718,5.520672,5.520672,5.520672
2850.000000,33.578336,-117.064270,405.592678,33.578315,-117.064229,401.868866,0.005377,-0.010208,-0.004665,5.498613,5.498613,5.498613
2865.000000,33.578337,-117.064268,405.488729,33.578315,-117.064229,401.999402,0.005325,-0.010204,-0.004612,5.476041,5.476041,5.476041
2880.000000,33.578338,-117.064269,405.526770,33.578314,-117.064228,402.128665,0.005272,-0.010198,-0.004557,5.453115,5.453115,5.453115
2895.000000,33.578335,-117.064271,404.676809,33.578314,-117.064228,402.233774,0.005222,-0.010182,-0.004514,5.431317,5.431317,5.431317
2910.000000,33.578335,-117.064269,405.382832,33.578313,-117.064227,402.354492,0.005170,-0.010173,-0.004466,5.408605,5.408605,5.408605
2925.000000,33.578336,-117.064270,405.075684,33.578313,-117.064227,402.465701,0.005119,-0.010158,-0.004419,5.385576,5.385576,5.385576
2940.000000,33.578329,-117.064271,403.182288,33.578312,-117.064227,402.528424,0.005076,-0.010130,-0.004396,5.365227,5.365227,5.365227
2955.000000,33.578328,-117.064272,402.638461,33.578312,-117.064226,402.577257,0.005035,-0.010096,-0.004377,5.345165,5.345165,5.345165
2970.000000,33.578334,-117.064271,403.662654,33.578311,-117.064226,402.649180,0.004992,-0.010065,-0.004343,5.323094,5.323094,5.323094
2985.000000,33.578334,-117.064269,403.712499,33.578311,-117.064225,402.720859,0.004950,-0.010035,-0.004309,5.300672,5.300672,5.300672
3000.000000,33.578331,-117.064269,404.035835,33.578310,-117.064225,402.798437,0.004906,-0.010010,-0.004277,5.278678,5.278678,5.278678
3015.000000,33.578331,-117.064269,403.410395,33.578310,-117.064225,402.859593,0.004866,-0.009978,-0.004249,5.257146,5.257146,5.257146
3030.000000,33.578330,-117.064269,404.025398,33.578309,-117.064224,402.934047,0.004823,-0.009950,-0.004218,5.234806,5.234806,5.234806
3045.000000,33.578327,-117.064271,402.970835,33.578309,-117.064224,402.982101,0.004783,-0.009915,-0.004198,5.214172,5.214172,5.214172
3060.000000,33.578324,-117.064274,402.090371,33.578308,-117.064224,403.009292,0.004744,-0.009872,-0.004187,5.194538,5.194538,5.194538
3075.000000,33.578324,-117.064270,402.504971,33.578307,-117.064223,403.045018,0.004707,-0.009834,-0.004172,5.174726,5.174726,5.174726
3090.000000,33.578330,-117.064269,403.767696,33.578307,-117.064223,403.108749,0.004666,-0.009802,-0.004143,5.152893,5.152893,5.152893
3105.000000,33.578327,-117.064270,403.446707,33.578307,-117.064223,403.163577,0.004626,-0.009768,-0.004119,5.131714,5.131714,5.131714
3120.000000,33.578322,-117.064273,401.873378,33.578306,-117.064223,403.182205,0.004590,-0.009723,-0.004110,5.112608,5.112608,5.112608
3135.000000,33.578319,-117.064273,401.804450,33.578305,-117.064222,403.199118,0.004554,-0.009680,-0.004105,5.094200,5.094200,5.094200
3150.000000,33.578322,-117.064270,402.478298,33.578305,-117.064222,403.229763,0.004518,-0.009641,-0.004092,5.074437,5.074437,5.074437
3165.000000,33.578323,-117.064268,402.960300,33.578304,-117.064222,403.270253,0.004482,-0.009605,-0.004074,5.053820,5.053820,5.053820
3180.000000,33.578321,-117.064271,402.346304,33.578304,-117.064222,403.296254,0.004446,-0.009563,-0.004062,5.034036,5.034036,5.034036
3195.000000,33.578315,-117.064273,401.403459,33.578303,-117.064221,403.301571,0.004411,-0.009518,-0.004062,5.015501,5.015501,5.015501
3210.000000,33.578318,-117.064273,401.654206,33.578302,-117.064221,403.311474,0.004376,-0.009471,-0.004056,4.996204,4.996204,4.996204
3225.000000,33.578596,-117.064129,475.818540,33.578332,-117.064210,410.923102,0.003787,-0.011553,-0.000681,4.762491,4.762491,4.762491
3240.000000,33.578596,-117.064128,476.074862,33.578357,-117.064201,417.194597,0.003307,-0.013243,0.002061,4.563705,4.563705,4.563705
3255.000000,33.578595,-117.064130,475.479488,33.578377,-117.064194,422.380735,0.002910,-0.014608,0.004302,4.392746,4.392746,4.392746
3270.000000,33.578595,-117.064129,475.495302,33.578394,-117.064187,426.759354,0.002582,-0.015737,0.006165,4.245194,4.245194,4.245194
3285.000000,33.578594,-117.064128,475.684001,33.578408,-117.064181,430.540260,0.002301,-0.016696,0.007742,4.115877,4.115877,4.115877
3300.000000,33.578593,-117.064130,475.312050,33.578421,-117.064176,433.856013,0.002053,-0.017512,0.009104,3.999309,3.999309,3.999309
3315.000000,33.578593,-117.064129,475.845723,33.578432,-117.064172,436.803560,0.001835,-0.018224,0.010286,3.895759,3.895759,3.895759
3330.000000,33.578589,-117.064131,475.752764,33.578441,-117.064168,439.416219,0.001636,-0.018841,0.011303,3.803025,3.803025,3.803025
3345.000000,33.578588,-117.064130,475.450985,33.578450,-117.064164,441.730829,0.001465,-0.019371,0.012185,3.720022,3.720022,3.720022
3360.000000,33.578587,-117.064132,475.562919,33.578457,-117.064161,443.852157,0.001305,-0.019843,0.012973,3.643490,3.643490,3.643490
3375.000000,33.578585,-117.064131,475.613802,33.578464,-117.064158,445.790329,0.001161,-0.020263,0.013672,3.573463,3.573463,3.573463
3390.000000,33.578585,-117.064130,475.450562,33.578470,-117.064155,447.567556,0.001033,-0.020636,0.014299,3.508731,3.508731,3.508731
3405.000000,33.578584,-117.064130,475.169849,33.578476,-117.064152,449.181815,0.000920,-0.020961,0.014853,3.449850,3.449850,3.449850
3420.000000,33.578583,-117.064130,475.345092,33.578481,-117.064150,450.677054,0.000815,-0.021252,0.015349,3.396067,3.396067,3.396067
3435.000000,33.578583,-117.064131,475.485692,33.578486,-117.064147,452.095165,0.000714,-0.021518,0.015808,3.344847,3.344847,3.344847
3450.000000,33.578582,-117.064132,475.226545,33.578490,-117.064145,453.418233,0.000621,-0.021754,0.016224,3.296586,3.296586,3.296586
3465.000000,33.578581,-117.064132,474.704838,33.578494,-117.064143,454.638391,0.000537,-0.021961,0.016597,3.251559,3.251559,3.251559
3480.000000,33.578578,-117.064130,474.827536,33.578498,-117.064141,455.777121,0.000462,-0.022148,0.016926,3.210707,3.210707,3.210707
3495.000000,33.578578,-117.064132,474.822754,33.578501,-117.064139,456.860839,0.000389,-0.022316,0.017231,3.171768,3.171768,3.171768
3510.000000,33.578575,-117.064130,474.730421,33.578504,-117.064137,457.872373,0.000323,-0.022467,0.017500,3.136322,3.136322,3.136322
3525.000000,33.578575,-117.064131,474.377672,33.578507,-117.064135,458.823576,0.000263,-0.022599,0.017745,3.102831,3.102831,3.102831
3540.000000,33.578574,-117.064132,474.858427,33.578510,-117.064133,459.748033,0.000202,-0.022723,0.017973,3.071112,3.071112,3.071112
3555.000000,33.578574,-117.064130,474.344602,33.578512,-117.064131,460.610458,0.000150,-0.022829,0.018178,3.041582,3.041582,3.041582
3570.000000,33.578571,-117.064130,474.142191,33.578515,-117.064130,461.428865,0.000101,-0.022923,0.018360,3.013790,3.013790,3.013790
3585.000000,33.578570,-117.064130,474.104272,33.578517,-117.064128,462.211107,0.000055,-0.023008,0.018525,2.987725,2.987725,2.987725
3600.000000,33.578570,-117.064130,474.092201,33.578519,-117.064127,462.961603,0.000012,-0.023082,0.018677,2.963189,2.963189,2.963189
3615.000000,33.578567,-117.064130,474.575688,33.578521,-117.064125,463.695278,-0.000032,-0.023154,0.018815,2.940341,2.940341,2.940341
3630.000000,33.578566,-117.064130,474.369326,33.578523,-117.064123,464.395162,-0.000073,-0.023216,0.018939,2.918956,2.918956,2.918956
3645.000000,33.578565,-117.064132,474.549438,33.578525,-117.064122,465.080013,-0.000115,-0.023273,0.019055,2.898083,2.898083,2.898083
3660.000000,33.578563,-117.064132,474.283394,33.578526,-117.064121,465.732845,-0.000154,-0.023321,0.019157,2.878611,2.878611,2.878611
3675.000000,33.578561,-117.064133,474.073162,33.578528,-117.064119,466.358009,-0.000192,-0.023362,0.019246,2.860391,2.860391,2.860391
3690.000000,33.578561,-117.064135,473.734310,33.578529,-117.064118,466.956844,-0.000229,-0.023392,0.019326,2.842824,2.842824,2.842824
3705.000000,33.578558,-117.064135,473.558338,33.578530,-117.064117,467.534717,-0.000264,-0.023418,0.019395,2.825889,2.825889,2.825889
3720.000000,33.578558,-117.064135,473.696101,33.578532,-117.064116,468.099534,-0.000298,-0.023440,0.019458,2.809788,2.809788,2.809788
3735.000000,33.578556,-117.064135,473.672646,33.578533,-117.064115,468.645653,-0.000331,-0.023458,0.019512,2.795181,2.795181,2.795181
3750.000000,33.578553,-117.064134,474.002819,33.578534,-117.064113,469.185823,-0.000363,-0.023476,0.019560,2.781105,2.781105,2.781105
3765.000000,33.578553,-117.064133,473.612190,33.578535,-117.064112,469.703683,-0.000392,-0.023487,0.019601,2.767546,2.767546,2.767546
3780.000000,33.578552,-117.064132,473.180089,33.578536,-117.064111,470.198142,-0.000417,-0.023491,0.019633,2.755008,2.755008,2.755008
3795.000000,33.578548,-117.064135,473.360898,33.578537,-117.064110,470.685122,-0.000446,-0.023495,0.019658,2.742978,2.742978,2.742978
3810.000000,33.578549,-117.064134,472.960629,33.578538,-117.064109,471.152126,-0.000470,-0.023491,0.019679,2.731603,2.731603,2.731603
3825.000000,33.578546,-117.064135,472.640881,33.578539,-117.064108,471.601951,-0.000494,-0.023484,0.019691,2.720848,2.720848,2.720848
3840.000000,33.578543,-117.064137,472.364076,33.578539,-117.064107,472.036443,-0.000518,-0.023472,0.019696,2.710522,2.710522,2.710522
3855.000000,33.578544,-117.064136,472.240131,33.578540,-117.064106,472.459351,-0.000540,-0.023456,0.019698,2.700414,2.700414,2.700414
3870.000000,33.578544,-117.064136,472.629302,33.578541,-117.064105,472.881608,-0.000563,-0.023440,0.019700,2.690742,2.690742,2.690742
3885.000000,33.578541,-117.064136,472.161244,33.578541,-117.064104,473.286080,-0.000583,-0.023420,0.019694,2.681615,2.681615,2.681615
3900.000000,33.578537,-117.064136,472.136169,33.578542,-117.064103,473.682551,-0.000604,-0.023400,0.019682,2.673161,2.673161,2.673161
3915.000000,33.578535,-117.064136,471.881748,33.578542,-117.064102,474.066572,-0.000624,-0.023376,0.019665,2.665012,2.665012,2.665012
3930.000000,33.578537,-117.064136,471.581628,33.578543,-117.064101,474.437869,-0.000641,-0.023348,0.019647,2.657238,2.657238,2.657238
3945.000000,33.578533,-117.064138,471.568795,33.578543,-117.064100,474.802251,-0.000660,-0.023318,0.019623,2.649785,2.649785,2.649785
3960.000000,33.578532,-117.064138,471.650842,33.578544,-117.064099,475.161710,-0.000679,-0.023288,0.019597,2.642635,2.642635,2.642635
3975.000000,33.578530,-117.064139,471.152242,33.578544,-117.064098,475.506217,-0.000696,-0.023253,0.019567,2.635925,2.635925,2.635925
3990.000000,33.578527,-117.064138,470.629711,33.578544,-117.064097,475.836770,-0.000711,-0.023216,0.019530,2.629824,2.629824,2.629824
4005.000000,33.578525,-117.064140,471.249730,33.578545,-117.064096,476.172504,-0.000730,-0.023180,0.019494,2.623886,2.623886,2.623886
4020.000000,33.578524,-117.064139,471.167988,33.578545,-117.064096,476.501278,-0.000747,-0.023144,0.019455,2.618188,2.618188,2.618188
4035.000000,33.578523,-117.064138,470.850722,33.578545,-117.064095,476.819847,-0.000762,-0.023105,0.019414,2.612858,2.612858,2.612858
4050.000000,33.578519,-117.064140,470.642654,33.578545,-117.064094,477.130232,-0.000777,-0.023064,0.019368,2.607831,2.607831,2.607831
4065.000000,33.578517,-117.064141,470.318889,33.578546,-117.064093,477.430604,-0.000793,-0.023021,0.019318,2.603064,2.603064,2.603064
4080.000000,33.578517,-117.064141,470.113233,33.578546,-117.064093,477.722357,-0.000807,-0.022975,0.019267,2.598395,2.598395,2.598395
4095.000000,33.578516,-117.064141,470.156218,33.578546,-117.064092,478.010910,-0.000821,-0.022928,0.019214,2.594006,2.594006,2.594006
4110.000000,33.578514,-117.064142,470.364419,33.578546,-117.064091,478.298544,-0.000837,-0.022882,0.019161,2.589805,2.589805,2.589805
4125.000000,33.578511,-117.064145,469.442689,33.578546,-117.064090,478.567455,-0.000851,-0.022831,0.019101,2.585849,2.585849,2.585849
4140.000000,33.578511,-117.064145,468.920508,33.578546,-117.064090,478.824194,-0.000864,-0.022776,0.019039,2.582075,2.582075,2.582075
4155.000000,33.578510,-117.064145,468.597792,33.578546,-117.064089,479.071364,-0.000876,-0.022718,0.018975,2.578368,2.578368,2.578368
4170.000000,33.578507,-117.064144,468.246523,33.578546,-117.064088,479.311599,-0.000886,-0.022659,0.018908,2.575066,2.575066,2.575066
4185.000000,33.578505,-117.064145,468.194910,33.578546,-117.064088,479.547052,-0.000897,-0.022600,0.018839,2.571843,2.571843,2.571843
4200.000000,33.578501,-117.064147,467.429280,33.578546,-117.064087,479.769581,-0.000907,-0.022538,0.018765,2.568984,2.568984,2.568984
4215.000000,33.578499,-117.064147,467.069776,33.578546,-117.064087,479.983712,-0.000916,-0.022474,0.018689,2.566265,2.566265,2.566265
4230.000000,33.578497,-117.064147,467.463492,33.578545,-117.064086,480.200413,-0.000927,-0.022413,0.018613,2.563635,2.563635,2.563635
4245.000000,33.578493,-117.064148,467.002260,33.578545,-117.064085,480.409189,-0.000937,-0.022349,0.018533,2.561309,2.561309,2.561309
4260.000000,33.578493,-117.064149,467.385711,33.578545,-117.064085,480.619345,-0.000948,-0.022287,0.018455,2.558965,2.558965,2.558965
4275.000000,33.578491,-117.064149,466.784259,33.578545,-117.064084,480.818312,-0.000958,-0.022222,0.018374,2.556776,2.556776,2.556776
4290.000000,33.578490,-117.064148,466.947841,33.578545,-117.064084,481.017101,-0.000967,-0.022157,0.018292,2.554709,2.554709,2.554709
4305.000000,33.578487,-117.064149,466.458013,33.578544,-117.064083,481.205517,-0.000977,-0.022091,0.018208,2.552691,2.552691,2.552691
4320.000000,33.578486,-117.064151,466.492980,33.578544,-117.064083,481.391441,-0.000987,-0.022024,0.018123,2.550735,2.550735,2.550735
4335.000000,33.578484,-117.064152,466.906814,33.578544,-117.064082,481.581042,-0.000998,-0.021958,0.018039,2.548905,2.548905,2.548905
4350.000000,33.578481,-117.064151,466.121469,33.578543,-117.064082,481.758794,-0.001008,-0.021891,0.017951,2.547315,2.547315,2.547315
4365.000000,33.578480,-117.064153,466.002267,33.578543,-117.064081,481.931084,-0.001018,-0.021822,0.017863,2.545701,2.545701,2.545701
4380.000000,33.578478,-117.064153,465.085502,33.578543,-117.064081,482.091351,-0.001025,-0.021750,0.017772,2.544402,2.544402,2.544402
4395.000000,33.578475,-117.064155,465.069150,33.578542,-117.064080,482.247962,-0.001034,-0.021678,0.017679,2.543089,2.543089,2.543089
4410.000000,33.578475,-117.064155,465.070297,33.578542,-117.064080,482.402542,-0.001043,-0.021605,0.017587,2.541860,2.541860,2.541860
4425.000000,33.578471,-117.064157,464.792232,33.578541,-117.064080,482.552983,-0.001053,-0.021533,0.017493,2.540831,2.540831,2.540831
4440.000000,33.578470,-117.064157,464.480200,33.578541,-117.064079,482.696124,-0.001061,-0.021458,0.017397,2.539796,2.539796,2.539796
4455.000000,33.578467,-117.064159,464.515938,33.578540,-117.064079,482.836780,-0.001071,-0.021384,0.017300,2.538762,2.538762,2.538762
4470.000000,33.578465,-117.064161,463.946377,33.578540,-117.064079,482.966861,-0.001081,-0.021307,0.017201,2.537725,2.537725,2.537725
4485.000000,33.578463,-117.064160,463.362025,33.578539,-117.064078,483.089712,-0.001088,-0.021229,0.017101,2.536905,2.536905,2.536905
4500.000000,33.578461,-117.064159,462.702159,33.578539,-117.064078,483.203741,-0.001095,-0.021150,0.016998,2.536241,2.536241,2.536241
4515.000000,33.578458,-117.064162,462.344965,33.578538,-117.064078,483.312098,-0.001101,-0.021069,0.016895,2.535671,2.535671,2.535671
4530.000000,33.578456,-117.064163,461.996437,33.578538,-117.064077,483.414548,-0.001108,-0.020988,0.016790,2.535164,2.535164,2.535164
4545.000000,33.578453,-117.064163,461.412013,33.578537,-117.064077,483.506635,-0.001114,-0.020905,0.016682,2.534630,2.534630,2.534630
4560.000000,33.578453,-117.064164,461.825215,33.578536,-117.064077,483.601022,-0.001121,-0.020822,0.016575,2.534056,2.534056,2.534056
4575.000000,33.578450,-117.064163,461.081619,33.578536,-117.064077,483.687899,-0.001126,-0.020739,0.016467,2.533724,2.533724,2.533724
4590.000000,33.578448,-117.064165,461.378484,33.578535,-117.064076,483.776881,-0.001132,-0.020657,0.016360,2.533423,2.533423,2.533423
4605.000000,33.578445,-117.064167,461.458678,33.578534,-117.064076,483.864076,-0.001140,-0.020575,0.016252,2.533089,2.533089,2.533089
4620.000000,33.578440,-117.064167,460.489561,33.578534,-117.064076,483.939814,-0.001147,-0.020492,0.016140,2.532907,2.532907,2.532907
4635.000000,33.578437,-117.064169,460.426060,33.578533,-117.064076,484.014595,-0.001154,-0.020410,0.016029,2.532825,2.532825,2.532825
4650.000000,33.578434,-117.064170,459.738895,33.578532,-117.064076,484.079691,-0.001161,-0.020325,0.015915,2.532781,2.532781,2.532781
4665.000000,33.578433,-117.064171,459.239852,33.578531,-117.064075,484.136499,-0.001167,-0.020239,0.015800,2.532720,2.532720,2.532720
4680.000000,33.578431,-117.064172,459.411038,33.578530,-117.064075,484.192194,-0.001174,-0.020153,0.015684,2.532587,2.532587,2.532587
4695.000000,33.578429,-117.064171,459.633229,33.578529,-117.064075,484.249527,-0.001181,-0.020068,0.015570,2.532489,2.532489,2.532489
4710.000000,33.578427,-117.064174,459.120010,33.578529,-117.064075,484.300739,-0.001188,-0.019983,0.015454,2.532486,2.532486,2.532486
4725.000000,33.578422,-117.064176,458.515081,33.578528,-117.064075,484.342635,-0.001195,-0.019896,0.015336,2.532465,2.532465,2.532465
4740.000000,33.578423,-117.064177,458.376341,33.578527,-117.064075,484.380569,-0.001202,-0.019808,0.015218,2.532410,2.532410,2.532410
4755.000000,33.578419,-117.064177,458.152101,33.578526,-117.064075,484.417287,-0.001210,-0.019721,0.015100,2.532501,2.532501,2.532501
4770.000000,33.578419,-117.064180,457.912124,33.578525,-117.064075,484.445687,-0.001217,-0.019631,0.014980,2.532401,2.532401,2.532401
4785.000000,33.578414,-117.064181,457.723146,33.578524,-117.064075,484.472660,-0.001225,-0.019543,0.014860,2.532409,2.532409,2.532409
4800.000000,33.578414,-117.064181,457.671940,33.578523,-117.064075,484.498807,-0.001233,-0.019455,0.014741,2.532471,2.532471,2.532471
4815.000000,33.578408,-117.064184,457.223814,33.578522,-117.064075,484.518579,-0.001242,-0.019366,0.014620,2.532546,2.532546,2.532546
4830.000000,33.578410,-117.064184,457.488810,33.578521,-117.064075,484.538905,-0.001251,-0.019278,0.014500,2.532561,2.532561,2.532561
4845.000000,33.578406,-117.064187,456.843573,33.578520,-117.064075,484.550641,-0.001260,-0.019189,0.014379,2.532589,2.532589,2.532589
4860.000000,33.578403,-117.064186,456.275523,33.578519,-117.064075,484.556576,-0.001267,-0.019099,0.014256,2.532709,2.532709,2.532709
4875.000000,33.578400,-117.064187,455.714253,33.578518,-117.064075,484.556544,-0.001275,-0.019008,0.014132,2.532902,2.532902,2.532902
4890.000000,33.578397,-117.064189,455.533147,33.578517,-117.064075,484.553347,-0.001283,-0.018917,0.014008,2.533094,2.533094,2.533094
4905.000000,33.578395,-117.064189,455.294918,33.578515,-117.064076,484.547334,-0.001290,-0.018827,0.013884,2.533326,2.533326,2.533326
4920.000000,33.578390,-117.064189,454.972833,33.578514,-117.064076,484.538192,-0.001297,-0.018737,0.013759,2.533623,2.533623,2.533623
4935.000000,33.578390,-117.064191,454.759037,33.578513,-117.064076,484.523455,-0.001305,-0.018646,0.013634,2.533823,2.533823,2.533823
4950.000000,33.578390,-117.064191,454.724451,33.578512,-117.064076,484.507829,-0.001312,-0.018555,0.013510,2.534040,2.534040,2.534040
4965.000000,33.578385,-117.064194,453.823350,33.578511,-117.064076,484.483365,-0.001319,-0.018463,0.013383,2.534348,2.534348,2.534348
4980.000000,33.578381,-117.064193,453.440990,33.578509,-117.064076,484.455229,-0.001326,-0.018372,0.013256,2.534713,2.534713,2.534713
4995.000000,33.578381,-117.064196,453.543649,33.578508,-117.064077,484.423572,-0.001333,-0.018279,0.013130,2.534915,2.534915,2.534915
5010.000000,33.578377,-117.064198,452.697909,33.578507,-117.064077,484.383632,-0.001341,-0.018185,0.013001,2.535193,2.535193,2.535193
5025.000000,33.578374,-117.064199,452.780637,33.578506,-117.064077,484.343268,-0.001348,-0.018093,0.012872,2.535439,2.535439,2.535439
5040.000000,33.578371,-117.064200,452.576035,33.578504,-117.064077,484.300333,-0.001356,-0.018000,0.012744,2.535696,2.535696,2.535696
5055.000000,33.578370,-117.064202,452.551572,33.578503,-117.064078,484.254271,-0.001365,-0.017908,0.012615,2.535860,2.535860,2.535860
5070.000000,33.578368,-117.064202,452.011841,33.578502,-117.064078,484.203698,-0.001373,-0.017815,0.012486,2.536102,2.536102,2.536102
5085.000000,33.578365,-117.064205,451.878017,33.578500,-117.064078,484.149785,-0.001381,-0.017721,0.012357,2.536289,2.536289,2.536289
5100.000000,33.578364,-117.064207,451.910825,33.578499,-117.064078,484.093287,-0.001391,-0.017628,0.012228,2.536374,2.536374,2.536374
5115.000000,33.578357,-117.064207,450.727450,33.578498,-117.064079,484.028024,-0.001399,-0.017534,0.012097,2.536641,2.536641,2.536641
5130.000000,33.578355,-117.064208,449.924525,33.578496,-117.064079,483.954343,-0.001406,-0.017439,0.011965,2.536934,2.536934,2.536934
5145.000000,33.578355,-117.064209,450.324834,33.578495,-117.064080,483.883624,-0.001413,-0.017345,0.011834,2.537179,2.537179,2.537179
5160.000000,33.578352,-117.064210,449.864825,33.578493,-117.064080,483.807066,-0.001421,-0.017250,0.011703,2.537402,2.537402,2.537402
5175.000000,33.578351,-117.064211,450.014899,33.578492,-117.064080,483.731269,-0.001429,-0.017156,0.011573,2.537597,2.537597,2.537597
5190.000000,33.578350,-117.064213,449.344062,33.578490,-117.064081,483.646135,-0.001437,-0.017060,0.011442,2.537722,2.537722,2.537722
5205.000000,33.578344,-117.064215,448.858836,33.578489,-117.064081,483.554505,-0.001445,-0.016964,0.011308,2.537805,2.537805,2.537805
5220.000000,33.578343,-117.064216,448.526617,33.578487,-117.064082,483.459316,-0.001453,-0.016868,0.011176,2.537889,2.537889,2.537889
5235.000000,33.578340,-117.064218,447.924185,33.578486,-117.064082,483.358660,-0.001460,-0.016771,0.011042,2.538011,2.538011,2.538011
5250.000000,33.578338,-117.064219,447.708923,33.578484,-117.064082,483.253982,-0.001468,-0.016674,0.010909,2.538068,2.538068,2.538068
5265.000000,33.578333,-117.064221,447.145410,33.578483,-117.064083,483.144834,-0.001476,-0.016577,0.010774,2.538177,2.538177,2.538177
5280.000000,33.578331,-117.064221,446.740667,33.578481,-117.064083,483.030713,-0.001483,-0.016479,0.010639,2.538258,2.538258,2.538258
5295.000000,33.578328,-117.064223,445.928472,33.578480,-117.064084,482.906662,-0.001489,-0.016380,0.010502,2.538290,2.538290,2.538290
5310.000000,33.578326,-117.064225,445.758037,33.578478,-117.064085,482.780127,-0.001497,-0.016281,0.010366,2.538287,2.538287,2.538287
5325.000000,33.578322,-117.064226,445.551722,33.578476,-117.064085,482.651628,-0.001504,-0.016183,0.010229,2.538280,2.538280,2.538280
5340.000000,33.578323,-117.064227,446.102780,33.578475,-117.064086,482.526723,-0.001512,-0.016086,0.010095,2.538177,2.538177,2.538177
5355.000000,33.578493,-117.064134,483.047397,33.578475,-117.064085,482.800350,-0.001524,-0.016076,0.010101,2.540246,2.540246,2.540246
5370.000000,33.578492,-117.064135,482.443558,33.578475,-117.064085,483.066070,-0.001536,-0.016065,0.010105,2.542401,2.542401,2.542401
5385.000000,33.578492,-117.064136,482.723362,33.578475,-117.064084,483.331913,-0.001547,-0.016053,0.010109,2.544572,2.544572,2.544572
5400.000000,33.578490,-117.064136,482.449644,33.578475,-117.064084,483.592944,-0.001558,-0.016041,0.010111,2.546758,2.546758,2.546758
5415.000000,33.578491,-117.064136,482.697458,33.578476,-117.064083,483.853833,-0.001569,-0.016029,0.010114,2.548939,2.548939,2.548939
5430.000000,33.578493,-117.064135,483.053473,33.578476,-117.064083,484.115615,-0.001580,-0.016016,0.010117,2.551204,2.551204,2.551204
5445.000000,33.578492,-117.064137,482.312805,33.578476,-117.064082,484.368522,-0.001590,-0.016002,0.010118,2.553422,2.553422,2.553422
5460.000000,33.578492,-117.064136,483.102735,33.578476,-117.064082,484.626291,-0.001601,-0.015988,0.010120,2.555797,2.555797,2.555797
5475.000000,33.578489,-117.064138,482.073332,33.578476,-117.064081,484.872880,-0.001611,-0.015973,0.010119,2.558142,2.558142,2.558142
5490.000000,33.578488,-117.064138,481.936916,33.578476,-117.064081,485.115961,-0.001621,-0.015956,0.010117,2.560420,2.560420,2.560420
5505.000000,33.578485,-117.064139,481.806564,33.578476,-117.064080,485.355791,-0.001631,-0.015939,0.010113,2.562705,2.562705,2.562705
5520.000000,33.578486,-117.064139,482.432228,33.578477,-117.064080,485.599162,-0.001641,-0.015923,0.010110,2.565102,2.565102,2.565102
5535.000000,33.578483,-117.064139,482.121790,33.578477,-117.064080,485.837998,-0.001651,-0.015907,0.010106,2.567572,2.567572,2.567572
5550.000000,33.578481,-117.064140,482.185831,33.578477,-117.064079,486.075159,-0.001661,-0.015890,0.010101,2.569989,2.569989,2.569989
5565.000000,33.578482,-117.064142,481.541019,33.578477,-117.064079,486.304504,-0.001670,-0.015871,0.010095,2.572313,2.572313,2.572313
5580.000000,33.578482,-117.064142,481.543073,33.578477,-117.064078,486.532247,-0.001680,-0.015852,0.010088,2.574736,2.574736,2.574736
5595.000000,33.578481,-117.064143,481.626589,33.578477,-117.064078,486.758634,-0.001689,-0.015832,0.010081,2.577138,2.577138,2.577138
5610.000000,33.578480,-117.064143,480.978110,33.578477,-117.064078,486.978257,-0.001698,-0.015811,0.010072,2.579666,2.579666,2.579666
5625.000000,33.578480,-117.064143,481.061928,33.578477,-117.064077,487.197152,-0.001706,-0.015791,0.010064,2.582292,2.582292,2.582292
5640.000000,33.578477,-117.064145,480.760023,33.578477,-117.064077,487.411621,-0.001715,-0.015769,0.010054,2.584893,2.584893,2.584893
5655.000000,33.578476,-117.064146,480.708675,33.578477,-117.064077,487.623762,-0.001723,-0.015747,0.010043,2.587475,2.587475,2.587475
5670.000000,33.578475,-117.064145,480.885274,33.578477,-117.064076,487.835949,-0.001732,-0.015725,0.010032,2.590135,2.590135,2.590135
5685.000000,33.578475,-117.064148,480.909172,33.578477,-117.064076,488.045138,-0.001741,-0.015703,0.010020,2.592539,2.592539,2.592539
5700.000000,33.578509,-117.064205,500.284080,33.578477,-117.064076,488.422022,-0.001785,-0.015708,0.010050,2.593687,2.593687,2.593687
5715.000000,33.578507,-117.064206,500.031518,33.578478,-117.064076,488.793339,-0.001828,-0.015711,0.010077,2.594839,2.594839,2.594839
5730.000000,33.578507,-117.064206,500.791663,33.578478,-117.064077,489.167986,-0.001871,-0.015716,0.010104,2.596031,2.596031,2.596031
5745.000000,33.578507,-117.064205,501.347026,33.578478,-117.064077,489.543593,-0.001914,-0.015721,0.010132,2.597315,2.597315,2.597315
5760.000000,33.578505,-117.064207,501.178248,33.578478,-117.064077,489.915172,-0.001956,-0.015726,0.010158,2.598525,2.598525,2.598525
5775.000000,33.578502,-117.064207,500.680320,33.578479,-117.064078,490.278870,-0.001997,-0.015729,0.010181,2.599771,2.599771,2.599771
5790.000000,33.578506,-117.064206,501.375565,33.578479,-117.064078,490.644312,-0.002038,-0.015732,0.010205,2.601180,2.601180,2.601180
5805.000000,33.578508,-117.064205,501.265957,33.578479,-117.064078,491.005035,-0.002076,-0.015734,0.010229,2.602681,2.602681,2.602681
5820.000000,33.578503,-117.064207,500.768365,33.578480,-117.064078,491.359246,-0.002115,-0.015734,0.010250,2.604078,2.604078,2.604078
5835.000000,33.578500,-117.064207,500.477390,33.578480,-117.064079,491.707615,-0.002153,-0.015734,0.010269,2.605532,2.605532,2.605532
5850.000000,33.578501,-117.064208,500.988012,33.578480,-117.064079,492.057046,-0.002191,-0.015734,0.010288,2.607051,2.607051,2.607051
5865.000000,33.578500,-117.064207,500.731255,33.578480,-117.064079,492.401526,-0.002227,-0.015734,0.010306,2.608555,2.608555,2.608555
5880.000000,33.578500,-117.064209,500.737347,33.578480,-117.064079,492.743378,-0.002264,-0.015732,0.010324,2.610035,2.610035,2.610035
5895.000000,33.578500,-117.064210,500.477650,33.578481,-117.064080,493.079994,-0.002299,-0.015729,0.010340,2.611557,2.611557,2.611557
5910.000000,33.578501,-117.064209,500.331450,33.578481,-117.064080,493.411926,-0.002333,-0.015725,0.010355,2.613212,2.613212,2.613212
5925.000000,33.578499,-117.064211,500.364174,33.578481,-117.064080,493.741625,-0.002368,-0.015721,0.010369,2.614834,2.614834,2.614834
5940.000000,33.578499,-117.064211,500.221227,33.578481,-117.064081,494.067253,-0.002401,-0.015716,0.010383,2.616504,2.616504,2.616504
5955.000000,33.578498,-117.064211,499.978849,33.578481,-117.064081,494.388102,-0.002434,-0.015710,0.010395,2.618216,2.618216,2.618216
5970.000000,33.578499,-117.064210,499.790907,33.578482,-117.064081,494.704662,-0.002465,-0.015703,0.010406,2.619979,2.619979,2.619979
5985.000000,33.578498,-117.064211,499.688843,33.578482,-117.064081,495.017614,-0.002496,-0.015696,0.010417,2.621817,2.621817,2.621817
6000.000000,33.578494,-117.064212,499.957811,33.578482,-117.064082,495.330391,-0.002527,-0.015689,0.010426,2.623619,2.623619,2.623619
6015.000000,33.578495,-117.064210,499.577950,33.578482,-117.064082,495.637395,-0.002556,-0.015680,0.010435,2.625512,2.625512,2.625512
6030.000000,33.578496,-117.064213,499.126737,33.578482,-117.064082,495.938506,-0.002585,-0.015671,0.010442,2.627375,2.627375,2.627375
6045.000000,33.578493,-117.064213,499.025289,33.578482,-117.064082,496.236357,-0.002614,-0.015661,0.010448,2.629288,2.629288,2.629288
6060.000000,33.578495,-117.064213,499.164048,33.578482,-117.064083,496.532867,-0.002642,-0.015650,0.010455,2.631261,2.631261,2.631261
6075.000000,33.578493,-117.064214,499.271302,33.578483,-117.064083,496.827857,-0.002670,-0.015640,0.010460,2.633273,2.633273,2.633273
6090.000000,33.578492,-117.064216,498.878268,33.578483,-117.064083,497.117589,-0.002697,-0.015628,0.010465,2.635263,2.635263,2.635263
6105.000000,33.578491,-117.064215,498.553491,33.578483,-117.064083,497.402608,-0.002724,-0.015616,0.010468,2.637245,2.637245,2.637245
6120.000000,33.578489,-117.064216,498.268091,33.578483,-117.064084,497.683248,-0.002750,-0.015603,0.010470,2.639237,2.639237,2.639237
6135.000000,33.578489,-117.064217,498.023693,33.578483,-117.064084,497.959875,-0.002775,-0.015589,0.010472,2.641249,2.641249,2.641249
6150.000000,33.578488,-117.064217,498.661550,33.578483,-117.064084,498.239230,-0.002801,-0.015576,0.010473,2.643327,2.643327,2.643327
6165.000000,33.578488,-117.064218,498.148816,33.578483,-117.064084,498.512611,-0.002826,-0.015562,0.010474,2.645366,2.645366,2.645366
6180.000000,33.578487,-117.064217,497.619554,33.578483,-117.064085,498.779946,-0.002850,-0.015546,0.010473,2.647413,2.647413,2.647413
6195.000000,33.578484,-117.064220,496.874521,33.578483,-117.064085,499.039593,-0.002873,-0.015530,0.010471,2.649411,2.649411,2.649411
6210.000000,33.578483,-117.064221,497.688084,33.578483,-117.064085,499.303449,-0.002898,-0.015514,0.010469,2.651461,2.651461,2.651461
6225.000000,33.578483,-117.064222,496.976149,33.578483,-117.064086,499.560023,-0.002921,-0.015497,0.010465,2.653510,2.653510,2.653510
6240.000000,33.578484,-117.064221,496.584874,33.578483,-117.064086,499.812015,-0.002943,-0.015479,0.010461,2.655662,2.655662,2.655662
6255.000000,33.578484,-117.064222,496.570500,33.578483,-117.064086,500.061976,-0.002965,-0.015460,0.010457,2.657792,2.657792,2.657792
6270.000000,33.578479,-117.064224,496.918789,33.578483,-117.064086,500.312519,-0.002987,-0.015442,0.010452,2.659878,2.659878,2.659878
6285.000000,33.578481,-117.064225,496.292801,33.578483,-117.064087,500.556802,-0.003009,-0.015423,0.010447,2.662021,2.662021,2.662021
6300.000000,33.578481,-117.064224,495.842446,33.578484,-117.064087,500.796259,-0.003029,-0.015403,0.010440,2.664229,2.664229,2.664229
6315.000000,33.578479,-117.064225,496.175159,33.578484,-117.064087,501.036164,-0.003050,-0.015383,0.010434,2.666386,2.666386,2.666386
6330.000000,33.578478,-117.064228,495.573478,33.578484,-117.064088,501.269955,-0.003070,-0.015362,0.010426,2.668535,2.668535,2.668535
6345.000000,33.578480,-117.064227,494.528608,33.578484,-117.064088,501.494880,-0.003089,-0.015340,0.010417,2.670751,2.670751,2.670751
6360.000000,33.578478,-117.064229,494.479747,33.578484,-117.064088,501.717779,-0.003108,-0.015316,0.010408,2.672959,2.672959,2.672959
6375.000000,33.578477,-117.064230,495.069947,33.578484,-117.064089,501.943591,-0.003127,-0.015294,0.010398,2.675237,2.675237,2.675237
6390.000000,33.578476,-117.064232,494.834443,33.578484,-117.064089,502.165812,-0.003146,-0.015272,0.010389,2.677457,2.677457,2.677457
6405.000000,33.578477,-117.064232,494.202423,33.578484,-117.064089,502.382416,-0.003164,-0.015248,0.010378,2.679746,2.679746,2.679746
6420.000000,33.578476,-117.064233,493.911464,33.578484,-117.064090,502.595400,-0.003182,-0.015223,0.010367,2.682029,2.682029,2.682029
6435.000000,33.578475,-117.064233,493.828575,33.578484,-117.064090,502.806751,-0.003199,-0.015199,0.010356,2.684380,2.684380,2.684380
6450.000000,33.578475,-117.064233,493.726610,33.578484,-117.064090,503.016068,-0.003216,-0.015174,0.010344,2.686756,2.686756,2.686756
6465.000000,33.578473,-117.064236,493.579198,33.578483,-117.064091,503.222693,-0.003233,-0.015149,0.010331,2.689102,2.689102,2.689102
6480.000000,33.578474,-117.064237,492.789192,33.578483,-117.064091,503.422828,-0.003249,-0.015123,0.010318,2.691491,2.691491,2.691491
6495.000000,33.578471,-117.064236,492.920046,33.578483,-117.064091,503.622680,-0.003265,-0.015097,0.010305,2.693911,2.693911,2.693911
6510.000000,33.578473,-117.064237,492.734571,33.578483,-117.064092,503.819856,-0.003281,-0.015071,0.010291,2.696326,2.696326,2.696326
6525.000000,33.578469,-117.064241,492.400413,33.578483,-117.064092,504.012755,-0.003297,-0.015043,0.010276,2.698663,2.698663,2.698663
6540.000000,33.578469,-117.064241,492.097218,33.578483,-117.064092,504.202985,-0.003312,-0.015016,0.010261,2.701081,2.701081,2.701081
6555.000000,33.578470,-117.064243,491.888860,33.578483,-117.064093,504.390114,-0.003327,-0.014988,0.010246,2.703455,2.703455,2.703455
6570.000000,33.578468,-117.064243,491.191209,33.578483,-117.064093,504.571311,-0.003342,-0.014959,0.010229,2.705831,2.705831,2.705831
6585.000000,33.578469,-117.064245,490.436851,33.578483,-117.064094,504.746130,-0.003356,-0.014929,0.010212,2.708195,2.708195,2.708195
6600.000000,33.578466,-117.064248,490.674985,33.578483,-117.064094,504.920944,-0.003370,-0.014899,0.010194,2.710525,2.710525,2.710525
6615.000000,33.578466,-117.064249,490.461728,33.578483,-117.064094,505.093400,-0.003385,-0.014868,0.010176,2.712880,2.712880,2.712880
6630.000000,33.578467,-117.064250,490.127850,33.578483,-117.064095,505.262935,-0.003398,-0.014837,0.010159,2.715278,2.715278,2.715278
6645.000000,33.578463,-117.064252,489.542131,33.578483,-117.064095,505.426777,-0.003412,-0.014806,0.010139,2.717615,2.717615,2.717615
6660.000000,33.578463,-117.064249,488.915595,33.578483,-117.064096,505.586944,-0.003424,-0.014774,0.010119,2.720079,2.720079,2.720079
6675.000000,33.578459,-117.064253,488.561644,33.578483,-117.064096,505.742914,-0.003437,-0.014742,0.010099,2.722477,2.722477,2.722477
6690.000000,33.578458,-117.064254,488.375362,33.578483,-117.064097,505.896082,-0.003450,-0.014709,0.010077,2.724835,2.724835,2.724835
6705.000000,33.578455,-117.064257,488.262383,33.578482,-117.064097,506.047050,-0.003463,-0.014676,0.010055,2.727161,2.727161,2.727161
6720.000000,33.578458,-117.064258,487.662914,33.578482,-117.064097,506.194566,-0.003475,-0.014643,0.010033,2.729595,2.729595,2.729595
6735.000000,33.578456,-117.064260,487.678539,33.578482,-117.064098,506.340313,-0.003487,-0.014609,0.010011,2.731965,2.731965,2.731965
6750.000000,33.578455,-117.064262,487.106396,33.578482,-117.064098,506.480864,-0.003499,-0.014574,0.009988,2.734298,2.734298,2.734298
6765.000000,33.578454,-117.064262,486.324375,33.578482,-117.064099,506.615521,-0.003511,-0.014539,0.009964,2.736635,2.736635,2.736635
6780.000000,33.578455,-117.064265,486.074494,33.578482,-117.064099,506.748390,-0.003522,-0.014503,0.009940,2.739020,2.739020,2.739020
6795.000000,33.578457,-117.064265,485.074956,33.578482,-117.064100,506.875023,-0.003532,-0.014466,0.009916,2.741467,2.741467,2.741467
6810.000000,33.578453,-117.064267,485.066680,33.578481,-117.064100,506.999446,-0.003543,-0.014430,0.009891,2.743833,2.743833,2.743833
6825.000000,33.578453,-117.064270,485.110777,33.578481,-117.064101,507.123604,-0.003554,-0.014393,0.009866,2.746219,2.746219,2.746219
6840.000000,33.578450,-117.064273,484.663025,33.578481,-117.064101,507.243289,-0.003564,-0.014355,0.009840,2.748554,2.748554,2.748554
6855.000000,33.578452,-117.064272,484.147704,33.578481,-117.064102,507.359672,-0.003575,-0.014317,0.009815,2.750933,2.750933,2.750933
6870.000000,33.578451,-117.064274,483.123375,33.578481,-117.064102,507.468969,-0.003584,-0.014278,0.009788,2.753315,2.753315,2.753315
6885.000000,33.578451,-117.064276,482.420907,33.578481,-117.064103,507.573312,-0.003593,-0.014238,0.009761,2.755706,2.755706,2.755706
6900.000000,33.578450,-117.064278,482.179150,33.578481,-117.064104,507.674241,-0.003602,-0.014198,0.009733,2.758031,2.758031,2.758031
6915.000000,33.578446,-117.064281,483.017672,33.578480,-117.064104,507.778895,-0.003613,-0.014159,0.009705,2.760314,2.760314,2.760314
6930.000000,33.578448,-117.064281,481.681073,33.578480,-117.064105,507.875803,-0.003622,-0.014118,0.009677,2.762663,2.762663,2.762663
6945.000000,33.578446,-117.064284,481.277750,33.578480,-117.064105,507.969457,-0.003631,-0.014077,0.009648,2.765006,2.765006,2.765006
6960.000000,33.578445,-117.064286,480.330325,33.578480,-117.064106,508.056790,-0.003639,-0.014035,0.009619,2.767354,2.767354,2.767354
6975.000000,33.578444,-117.064288,480.333349,33.578480,-117.064106,508.142699,-0.003648,-0.013993,0.009589,2.769661,2.769661,2.769661
6990.000000,33.578441,-117.064289,480.130695,33.578479,-117.064107,508.226062,-0.003656,-0.013952,0.009559,2.771933,2.771933,2.771933
7005.000000,33.578404,-117.064182,500.855046,33.578479,-117.064107,508.426116,-0.003667,-0.013943,0.009538,2.772581,2.772581,2.772581
7020.000000,33.578403,-117.064182,500.091140,33.578478,-117.064107,508.619288,-0.003676,-0.013933,0.009516,2.773250,2.773250,2.773250
7035.000000,33.578402,-117.064181,499.811889,33.578478,-117.064107,508.809416,-0.003685,-0.013922,0.009494,2.773982,2.773982,2.773982
7050.000000,33.578401,-117.064178,500.064517,33.578477,-117.064107,509.000315,-0.003693,-0.013912,0.009472,2.774773,2.774773,2.774773
7065.000000,33.578398,-117.064182,499.808992,33.578477,-117.064107,509.187476,-0.003702,-0.013902,0.009449,2.775485,2.775485,2.775485
7080.000000,33.578397,-117.064183,499.158366,33.578476,-117.064107,509.368880,-0.003710,-0.013890,0.009426,2.776229,2.776229,2.776229
7095.000000,33.578395,-117.064184,498.426978,33.578476,-117.064107,509.544092,-0.003718,-0.013877,0.009401,2.777012,2.777012,2.777012
7110.000000,33.578394,-117.064183,498.792362,33.578475,-117.064107,509.720673,-0.003726,-0.013865,0.009377,2.777807,2.777807,2.777807
7125.000000,33.578393,-117.064180,498.293054,33.578475,-117.064107,509.892890,-0.003733,-0.013852,0.009353,2.778651,2.778651,2.778651
7140.000000,33.578389,-117.064180,498.680099,33.578474,-117.064107,510.066564,-0.003740,-0.013840,0.009328,2.779499,2.779499,2.779499
7155.000000,33.578389,-117.064182,497.969533,33.578473,-117.064107,510.234331,-0.003747,-0.013827,0.009303,2.780376,2.780376,2.780376
7170.000000,33.578385,-117.064181,498.224142,33.578473,-117.064108,510.402865,-0.003753,-0.013814,0.009277,2.781279,2.781279,2.781279
7185.000000,33.578384,-117.064180,497.951868,33.578472,-117.064108,510.568507,-0.003760,-0.013801,0.009251,2.782201,2.782201,2.782201
7200.000000,33.578383,-117.064182,497.099051,33.578472,-117.064108,510.726799,-0.003766,-0.013787,0.009225,2.783084,2.783084,2.783084
7215.000000,33.578381,-117.064182,497.409681,33.578471,-117.064108,510.886660,-0.003772,-0.013773,0.009198,2.784029,2.784029,2.784029
7230.000000,33.578380,-117.064182,497.084934,33.578470,-117.064108,511.042743,-0.003777,-0.013759,0.009171,2.784929,2.784929,2.784929
7245.000000,33.578377,-117.064185,496.812811,33.578470,-117.064108,511.195237,-0.003783,-0.013744,0.009143,2.785767,2.785767,2.785767
7260.000000,33.578376,-117.064186,496.229769,33.578469,-117.064108,511.342571,-0.003789,-0.013728,0.009115,2.786595,2.786595,2.786595
7275.000000,33.578376,-117.064181,496.747172,33.578468,-117.064108,511.493624,-0.003794,-0.013713,0.009087,2.787544,2.787544,2.787544
7290.000000,33.578372,-117.064182,496.163994,33.578468,-117.064108,511.639359,-0.003799,-0.013698,0.009059,2.788460,2.788460,2.788460
7305.000000,33.578372,-117.064182,496.056212,33.578467,-117.064108,511.784252,-0.003803,-0.013682,0.009031,2.789457,2.789457,2.789457
7320.000000,33.578371,-117.064183,495.682915,33.578466,-117.064108,511.925579,-0.003808,-0.013666,0.009002,2.790446,2.790446,2.790446
7335.000000,33.578367,-117.064183,495.268050,33.578466,-117.064108,512.063134,-0.003812,-0.013650,0.008972,2.791430,2.791430,2.791430
7350.000000,33.578367,-117.064187,495.091102,33.578465,-117.064108,512.198925,-0.003816,-0.013633,0.008943,2.792443,2.792443,2.792443
7365.000000,33.578364,-117.064187,495.300823,33.578464,-117.064108,512.334129,-0.003821,-0.013616,0.008913,2.793376,2.793376,2.793376
7380.000000,33.578363,-117.064188,494.485455,33.578464,-117.064108,512.463398,-0.003825,-0.013599,0.008883,2.794335,2.794335,2.794335
7395.000000,33.578363,-117.064191,494.061995,33.578463,-117.064108,512.588625,-0.003829,-0.013580,0.008852,2.795266,2.795266,2.795266
7410.000000,33.578361,-117.064189,493.821797,33.578462,-117.064108,512.712186,-0.003833,-0.013562,0.008822,2.796255,2.796255,2.796255
7425.000000,33.578359,-117.064191,493.859052,33.578462,-117.064108,512.834844,-0.003836,-0.013543,0.008791,2.797225,2.797225,2.797225
7440.000000,33.578356,-117.064190,493.606518,33.578461,-117.064108,512.955211,-0.003840,-0.013524,0.008759,2.798209,2.798209,2.798209
7455.000000,33.578354,-117.064193,493.409663,33.578460,-117.064109,513.073352,-0.003844,-0.013506,0.008728,2.799184,2.799184,2.799184
7470.000000,33.578353,-117.064193,492.625398,33.578459,-117.064109,513.185713,-0.003847,-0.013486,0.008695,2.800164,2.800164,2.800164
7485.000000,33.578350,-117.064192,492.886847,33.578459,-117.064109,513.299335,-0.003850,-0.013467,0.008663,2.801171,2.801171,2.801171
7500.000000,33.578349,-117.064192,492.883905,33.578458,-117.064109,513.412209,-0.003854,-0.013447,0.008631,2.802183,2.802183,2.802183
7515.000000,33.578349,-117.064191,492.885933,33.578457,-117.064109,513.524359,-0.003856,-0.013428,0.008599,2.803198,2.803198,2.803198
7530.000000,33.578346,-117.064192,492.561082,33.578456,-117.064109,513.633394,-0.003859,-0.013409,0.008567,2.804193,2.804193,2.804193
7545.000000,33.578345,-117.064192,492.173449,33.578456,-117.064109,513.739938,-0.003862,-0.013389,0.008534,2.805235,2.805235,2.805235
7560.000000,33.578344,-117.064194,491.284687,33.578455,-117.064109,513.839710,-0.003864,-0.013368,0.008501,2.806247,2.806247,2.806247
7575.000000,33.578342,-117.064195,490.921929,33.578454,-117.064109,513.936448,-0.003866,-0.013347,0.008467,2.807254,2.807254,2.807254
7590.000000,33.578341,-117.064197,490.777550,33.578453,-117.064109,514.031478,-0.003869,-0.013325,0.008433,2.808254,2.808254,2.808254
7605.000000,33.578339,-117.064198,490.144366,33.578453,-117.064110,514.121826,-0.003871,-0.013303,0.008399,2.809249,2.809249,2.809249
7620.000000,33.578296,-117.064257,501.635164,33.578452,-117.064110,514.294140,-0.003885,-0.013294,0.008373,2.811513,2.811513,2.811513
7635.000000,33.578294,-117.064260,501.419078,33.578451,-117.064110,514.464546,-0.003899,-0.013285,0.008346,2.813794,2.813794,2.813794
7650.000000,33.578292,-117.064258,500.896047,33.578450,-117.064111,514.631833,-0.003913,-0.013276,0.008320,2.816131,2.816131,2.816131
7665.000000,33.578291,-117.064257,500.557007,33.578449,-117.064111,514.796171,-0.003926,-0.013266,0.008293,2.818438,2.818438,2.818438
7680.000000,33.578290,-117.064257,500.473529,33.578448,-117.064111,514.959109,-0.003939,-0.013256,0.008266,2.820737,2.820737,2.820737
7695.000000,33.578288,-117.064259,499.991367,33.578447,-117.064112,515.118497,-0.003952,-0.013246,0.008238,2.823018,2.823018,2.823018
7710.000000,33.578286,-117.064259,499.933703,33.578446,-117.064112,515.276906,-0.003965,-0.013236,0.008211,2.825314,2.825314,2.825314
7725.000000,33.578285,-117.064257,499.841993,33.578445,-117.064112,515.434221,-0.003977,-0.013225,0.008183,2.827629,2.827629,2.827629
7740.000000,33.578284,-117.064259,499.090746,33.578444,-117.064113,515.586526,-0.003989,-0.013214,0.008155,2.829917,2.829917,2.829917
7755.000000,33.578282,-117.064256,499.074811,33.578443,-117.064113,515.737999,-0.004001,-0.013203,0.008127,2.832208,2.832208,2.832208
7770.000000,33.578281,-117.064259,498.797694,33.578442,-117.064114,515.887009,-0.004013,-0.013191,0.008099,2.834479,2.834479,2.834479
7785.000000,33.578279,-117.064261,498.725042,33.578442,-117.064114,516.034922,-0.004024,-0.013179,0.008071,2.836754,2.836754,2.836754
7800.000000,33.578277,-117.064263,497.929848,33.578441,-117.064114,516.177039,-0.004036,-0.013167,0.008042,2.838954,2.838954,2.838954
7815.000000,33.578277,-117.064263,497.285013,33.578440,-117.064115,516.315198,-0.004047,-0.013154,0.008013,2.841161,2.841161,2.841161
7830.000000,33.578276,-117.064262,497.075697,33.578439,-117.064115,516.451696,-0.004057,-0.013140,0.007983,2.843377,2.843377,2.843377
7845.000000,33.578275,-117.064261,496.712783,33.578438,-117.064115,516.585261,-0.004068,-0.013127,0.007954,2.845568,2.845568,2.845568
7860.000000,33.578274,-117.064262,496.391500,33.578437,-117.064116,516.716798,-0.004078,-0.013113,0.007924,2.847780,2.847780,2.847780
7875.000000,33.578272,-117.064262,495.953511,33.578436,-117.064116,516.845169,-0.004088,-0.013099,0.007894,2.849974,2.849974,2.849974
7890.000000,33.578269,-117.064262,496.404813,33.578435,-117.064116,516.975167,-0.004098,-0.013085,0.007864,2.852169,2.852169,2.852169
7905.000000,33.578266,-117.064263,495.930678,33.578434,-117.064117,517.101872,-0.004107,-0.013071,0.007834,2.854348,2.854348,2.854348
7920.000000,33.578266,-117.064264,495.837484,33.578433,-117.064117,517.227295,-0.004117,-0.013056,0.007804,2.856518,2.856518,2.856518
7935.000000,33.578265,-117.064263,494.957809,33.578432,-117.064118,517.347055,-0.004126,-0.013041,0.007773,2.858649,2.858649,2.858649
7950.000000,33.578266,-117.064265,494.455907,33.578431,-117.064118,517.463762,-0.004135,-0.013025,0.007742,2.860787,2.860787,2.860787
7965.000000,33.578264,-117.064266,494.121190,33.578430,-117.064118,517.577924,-0.004144,-0.013009,0.007711,2.862910,2.862910,2.862910
7980.000000,33.578262,-117.064267,493.663328,33.578429,-117.064119,517.689321,-0.004152,-0.012993,0.007680,2.865040,2.865040,2.865040
7995.000000,33.578260,-117.064267,493.365259,33.578428,-117.064119,517.798246,-0.004160,-0.012977,0.007648,2.867146,2.867146,2.867146
8010.000000,33.578259,-117.064269,492.741722,33.578427,-117.064120,517.903579,-0.004169,-0.012959,0.007616,2.869257,2.869257,2.869257
8025.000000,33.578257,-117.064267,492.874188,33.578426,-117.064120,518.009033,-0.004176,-0.012943,0.007584,2.871368,2.871368,2.871368
8040.000000,33.578257,-117.064270,492.508932,33.578425,-117.064120,518.111476,-0.004184,-0.012925,0.007552,2.873443,2.873443,2.873443
8055.000000,33.578254,-117.064269,492.050972,33.578424,-117.064121,518.211481,-0.004192,-0.012908,0.007520,2.875538,2.875538,2.875538
8070.000000,33.578253,-117.064269,491.875931,33.578423,-117.064121,518.310053,-0.004199,-0.012890,0.007488,2.877631,2.877631,2.877631
8085.000000,33.578253,-117.064269,491.208378,33.578422,-117.064121,518.404898,-0.004206,-0.012872,0.007456,2.879727,2.879727,2.879727
8100.000000,33.578253,-117.064268,490.835661,33.578421,-117.064122,518.496944,-0.004213,-0.012854,0.007423,2.881798,2.881798,2.881798
8115.000000,33.578251,-117.064269,490.459147,33.578420,-117.064122,518.586504,-0.004219,-0.012835,0.007391,2.883861,2.883861,2.883861
8130.000000,33.578250,-117.064268,489.921252,33.578419,-117.064123,518.672215,-0.004225,-0.012816,0.007358,2.885887,2.885887,2.885887
8145.000000,33.578248,-117.064271,489.798884,33.578418,-117.064123,518.756446,-0.004232,-0.012797,0.007325,2.887890,2.887890,2.887890
8160.000000,33.578245,-117.064273,489.563839,33.578417,-117.064123,518.839021,-0.004238,-0.012777,0.007291,2.889891,2.889891,2.889891
8175.000000,33.578244,-117.064275,489.208053,33.578416,-117.064124,518.919062,-0.004244,-0.012758,0.007258,2.891875,2.891875,2.891875
8190.000000,33.578244,-117.064277,488.529123,33.578415,-117.064124,518.994585,-0.004250,-0.012737,0.007224,2.893821,2.893821,2.893821
8205.000000,33.578244,-117.064279,487.684396,33.578414,-117.064125,519.064811,-0.004256,-0.012716,0.007190,2.895733,2.895733,2.895733
8220.000000,33.578241,-117.064274,487.731920,33.578413,-117.064125,519.135807,-0.004261,-0.012695,0.007156,2.897687,2.897687,2.897687
8235.000000,33.578240,-117.064275,487.327814,33.578412,-117.064126,519.204138,-0.004267,-0.012674,0.007122,2.899626,2.899626,2.899626
8250.000000,33.578238,-117.064275,486.908600,33.578411,-117.064126,519.269920,-0.004272,-0.012653,0.007087,2.901559,2.901559,2.901559
8265.000000,33.578238,-117.064277,486.344121,33.578410,-117.064126,519.332410,-0.004276,-0.012632,0.007053,2.903482,2.903482,2.903482
8280.000000,33.578237,-117.064277,485.795468,33.578409,-117.064127,519.390482,-0.004281,-0.012609,0.007018,2.905345,2.905345,2.905345
8295.000000,33.578234,-117.064276,485.361030,33.578408,-117.064127,519.446578,-0.004285,-0.012587,0.006983,2.907226,2.907226,2.907226
8310.000000,33.578234,-117.064278,485.025932,33.578407,-117.064128,519.500031,-0.004289,-0.012565,0.006947,2.909078,2.909078,2.909078
8325.000000,33.578233,-117.064279,484.149141,33.578406,-117.064128,519.549393,-0.004293,-0.012541,0.006912,2.910948,2.910948,2.910948
8340.000000,33.578231,-117.064279,483.308045,33.578405,-117.064129,519.594012,-0.004297,-0.012518,0.006876,2.912802,2.912802,2.912802
8355.000000,33.578231,-117.064282,483.357348,33.578404,-117.064129,519.636404,-0.004300,-0.012494,0.006840,2.914567,2.914567,2.914567
8370.000000,33.578229,-117.064282,483.066784,33.578403,-117.064129,519.677385,-0.004304,-0.012470,0.006804,2.916342,2.916342,2.916342
8385.000000,33.578228,-117.064281,481.810311,33.578401,-117.064130,519.712604,-0.004307,-0.012445,0.006767,2.918138,2.918138,2.918138
8400.000000,33.578226,-117.064283,481.657459,33.578400,-117.064130,519.745976,-0.004310,-0.012420,0.006731,2.919900,2.919900,2.919900
8415.000000,33.578226,-117.064282,481.307302,33.578399,-117.064131,519.777728,-0.004313,-0.012395,0.006694,2.921672,2.921672,2.921672
8430.000000,33.578225,-117.064282,481.155943,33.578398,-117.064131,519.808487,-0.004315,-0.012370,0.006658,2.923441,2.923441,2.923441
8445.000000,33.578222,-117.064284,480.855365,33.578397,-117.064132,519.835875,-0.004318,-0.012345,0.006621,2.925145,2.925145,2.925145
8460.000000,33.578222,-117.064284,480.236842,33.578396,-117.064132,519.859372,-0.004320,-0.012320,0.006584,2.926821,2.926821,2.926821
8475.000000,33.578221,-117.064285,479.953423,33.578395,-117.064133,519.881996,-0.004323,-0.012294,0.006547,2.928522,2.928522,2.928522
8490.000000,33.578221,-117.064285,479.719419,33.578394,-117.064133,519.902884,-0.004325,-0.012268,0.006510,2.930205,2.930205,2.930205
8505.000000,33.578218,-117.064285,479.089805,33.578393,-117.064133,519.919353,-0.004327,-0.012242,0.006472,2.931843,2.931843,2.931843
8520.000000,33.578219,-117.064289,478.981873,33.578392,-117.064134,519.934107,-0.004329,-0.012215,0.006435,2.933443,2.933443,2.933443
8535.000000,33.578216,-117.064291,478.208228,33.578391,-117.064134,519.944921,-0.004331,-0.012188,0.006397,2.935039,2.935039,2.935039
8550.000000,33.578215,-117.064289,477.600398,33.578390,-117.064135,519.953115,-0.004332,-0.012161,0.006359,2.936650,2.936650,2.936650
8565.000000,33.578213,-117.064292,476.963786,33.578389,-117.064135,519.957224,-0.004333,-0.012133,0.006321,2.938228,2.938228,2.938228
8580.000000,33.578213,-117.064293,476.908652,33.578388,-117.064136,519.959717,-0.004335,-0.012106,0.006283,2.939762,2.939762,2.939762
8595.000000,33.578211,-117.064293,476.183627,33.578386,-117.064136,519.957604,-0.004336,-0.012077,0.006244,2.941261,2.941261,2.941261
8610.000000,33.578211,-117.064296,476.155659,33.578385,-117.064137,519.954498,-0.004338,-0.012049,0.006206,2.942732,2.942732,2.942732
8625.000000,33.578208,-117.064295,475.513258,33.578384,-117.064137,519.948666,-0.004339,-0.012020,0.006167,2.944216,2.944216,2.944216
8640.000000,33.578209,-117.064297,474.981107,33.578383,-117.064138,519.939082,-0.004339,-0.011991,0.006128,2.945663,2.945663,2.945663
8655.000000,33.578208,-117.064297,474.238107,33.578382,-117.064138,519.925888,-0.004340,-0.011962,0.006089,2.947109,2.947109,2.947109
8670.000000,33.578207,-117.064297,474.430618,33.578381,-117.064139,519.913242,-0.004341,-0.011933,0.006050,2.948542,2.948542,2.948542
8685.000000,33.578205,-117.064299,473.625640,33.578380,-117.064139,519.896793,-0.004341,-0.011904,0.006011,2.949977,2.949977,2.949977
8700.000000,33.578204,-117.064299,473.339931,33.578379,-117.064140,519.876685,-0.004342,-0.011874,0.005972,2.951338,2.951338,2.951338
8715.000000,33.578204,-117.064300,472.577871,33.578378,-117.064141,519.853485,-0.004342,-0.011843,0.005932,2.952717,2.952717,2.952717
8730.000000,33.578204,-117.064300,472.090909,33.578376,-117.064141,519.827124,-0.004342,-0.011813,0.005893,2.954068,2.954068,2.954068
8745.000000,33.578203,-117.064300,471.778594,33.578375,-117.064142,519.798543,-0.004341,-0.011782,0.005853,2.955395,2.955395,2.955395
8760.000000,33.578201,-117.064302,471.410637,33.578374,-117.064142,519.767704,-0.004341,-0.011751,0.005814,2.956704,2.956704,2.956704
8775.000000,33.578201,-117.064304,470.820818,33.578373,-117.064143,519.733350,-0.004341,-0.011720,0.005774,2.957991,2.957991,2.957991
8790.000000,33.578201,-117.064306,469.748324,33.578372,-117.064143,519.694272,-0.004340,-0.011688,0.005734,2.959287,2.959287,2.959287
8805.000000,33.578200,-117.064306,470.170905,33.578371,-117.064144,519.656045,-0.004339,-0.011657,0.005694,2.960545,2.960545,2.960545
8820.000000,33.578198,-117.064304,469.368754,33.578370,-117.064144,519.613337,-0.004339,-0.011625,0.005654,2.961780,2.961780,2.961780
8835.000000,33.578197,-117.064307,469.016087,33.578369,-117.064145,519.568033,-0.004338,-0.011593,0.005613,2.962984,2.962984,2.962984
8850.000000,33.578196,-117.064305,468.301187,33.578368,-117.064145,519.519829,-0.004336,-0.011560,0.005573,2.964200,2.964200,2.964200
8865.000000,33.578196,-117.064308,468.464579,33.578366,-117.064146,519.472810,-0.004335,-0.011528,0.005533,2.965423,2.965423,2.965423
8880.000000,33.578193,-117.064310,467.650629,33.578365,-117.064147,519.420050,-0.004334,-0.011495,0.005492,2.966588,2.966588,2.966588
8895.000000,33.578193,-117.064311,466.999901,33.578364,-117.064147,519.364213,-0.004333,-0.011462,0.005452,2.967749,2.967749,2.967749
8910.000000,33.578192,-117.064312,466.955272,33.578363,-117.064148,519.307399,-0.004331,-0.011429,0.005411,2.968883,2.968883,2.968883
8925.000000,33.578192,-117.064310,466.184303,33.578362,-117.064148,519.245633,-0.004330,-0.011396,0.005370,2.969976,2.969976,2.969976
8940.000000,33.578193,-117.064311,466.238840,33.578361,-117.064149,519.183727,-0.004328,-0.011362,0.005330,2.971051,2.971051,2.971051
8955.000000,33.578190,-117.064317,465.098649,33.578360,-117.064149,519.116105,-0.004326,-0.011328,0.005289,2.972114,2.972114,2.972114
8970.000000,33.578188,-117.064314,464.877762,33.578359,-117.064150,519.046951,-0.004324,-0.011294,0.005247,2.973157,2.973157,2.973157
8985.000000,33.578186,-117.064315,464.582231,33.578357,-117.064151,518.975714,-0.004322,-0.011260,0.005206,2.974175,2.974175,2.974175
9000.000000,33.578189,-117.064315,463.952445,33.578356,-117.064151,518.902492,-0.004320,-0.011226,0.005165,2.975214,2.975214,2.975214
9015.000000,33.578188,-117.064319,463.584897,33.578355,-117.064152,518.825241,-0.004317,-0.011191,0.005124,2.976184,2.976184,2.976184
9030.000000,33.578186,-117.064317,463.148431,33.578354,-117.064152,518.745263,-0.004315,-0.011156,0.005082,2.977130,2.977130,2.977130
9045.000000,33.578188,-117.064319,462.376277,33.578353,-117.064153,518.660546,-0.004312,-0.011120,0.005041,2.978042,2.978042,2.978042
9060.000000,33.578186,-117.064319,462.392626,33.578352,-117.064154,518.575846,-0.004310,-0.011085,0.004999,2.978942,2.978942,2.978942
9075.000000,33.578183,-117.064321,462.177027,33.578351,-117.064154,518.489758,-0.004307,-0.011049,0.004958,2.979825,2.979825,2.979825
9090.000000,33.578184,-117.064322,461.225645,33.578349,-117.064155,518.397894,-0.004304,-0.011013,0.004916,2.980669,2.980669,2.980669
9105.000000,33.578185,-117.064322,460.689406,33.578348,-117.064156,518.303107,-0.004301,-0.010977,0.004874,2.981495,2.981495,2.981495
9120.000000,33.578185,-117.064322,460.095881,33.578347,-117.064156,518.204839,-0.004298,-0.010940,0.004832,2.982296,2.982296,2.982296
9135.000000,33.578185,-117.064325,459.339494,33.578346,-117.064157,518.101632,-0.004294,-0.010903,0.004790,2.983055,2.983055,2.983055
9150.000000,33.578183,-117.064326,459.435418,33.578345,-117.064157,517.999023,-0.004291,-0.010866,0.004748,2.983807,2.983807,2.983807
9165.000000,33.578180,-117.064329,459.203274,33.578344,-117.064158,517.895294,-0.004288,-0.010829,0.004706,2.984549,2.984549,2.984549
9180.000000,33.578182,-117.064331,458.457565,33.578343,-117.064159,517.784735,-0.004284,-0.010791,0.004664,2.985200,2.985200,2.985200
9195.000000,33.578181,-117.064331,458.234609,33.578342,-117.064159,517.673830,-0.004281,-0.010754,0.004622,2.985859,2.985859,2.985859
9210.000000,33.578180,-117.064330,457.448882,33.578340,-117.064160,517.558657,-0.004277,-0.010716,0.004579,2.986496,2.986496,2.986496
9225.000000,33.578178,-117.064332,457.159260,33.578339,-117.064161,517.441670,-0.004274,-0.010677,0.004536,2.987112,2.987112,2.987112
9240.000000,33.578178,-117.064330,456.693487,33.578338,-117.064161,517.322076,-0.004270,-0.010639,0.004494,2.987708,2.987708,2.987708
9255.000000,33.578180,-117.064329,455.602549,33.578337,-117.064162,517.197424,-0.004265,-0.010601,0.004451,2.988300,2.988300,2.988300
9270.000000,33.578178,-117.064333,455.747675,33.578336,-117.064163,517.072568,-0.004261,-0.010562,0.004409,2.988857,2.988857,2.988857
9285.000000,33.578178,-117.064335,455.087483,33.578335,-117.064163,516.943347,-0.004257,-0.010523,0.004366,2.989374,2.989374,2.989374
9300.000000,33.578176,-117.064335,454.492846,33.578334,-117.064164,516.811660,-0.004252,-0.010483,0.004323,2.989890,2.989890,2.989890
9315.000000,33.578176,-117.064337,454.484581,33.578332,-117.064165,516.680999,-0.004248,-0.010444,0.004281,2.990419,2.990419,2.990419
9330.000000,33.578175,-117.064339,454.210873,33.578331,-117.064166,516.547264,-0.004243,-0.010405,0.004238,2.990894,2.990894,2.990894
9345.000000,33.578175,-117.064339,453.806159,33.578330,-117.064166,516.410719,-0.004239,-0.010366,0.004195,2.991335,2.991335,2.991335
9360.000000,33.578175,-117.064338,452.647908,33.578329,-117.064167,516.269828,-0.004234,-0.010326,0.004152,2.991796,2.991796,2.991796
9375.000000,33.578174,-117.064341,452.140879,33.578328,-117.064168,516.125273,-0.004229,-0.010286,0.004109,2.992216,2.992216,2.992216
9390.000000,33.578175,-117.064342,452.183895,33.578327,-117.064168,515.978356,-0.004224,-0.010245,0.004066,2.992562,2.992562,2.992562
9405.000000,33.578172,-117.064345,451.789335,33.578326,-117.064169,515.828973,-0.004220,-0.010205,0.004023,2.992881,2.992881,2.992881
9420.000000,33.578173,-117.064345,451.528325,33.578325,-117.064170,515.679270,-0.004215,-0.010164,0.003980,2.993209,2.993209,2.993209
9435.000000,33.578172,-117.064346,450.584788,33.578323,-117.064171,515.524576,-0.004210,-0.010123,0.003937,2.993515,2.993515,2.993515
9450.000000,33.578170,-117.064348,450.173393,33.578322,-117.064171,515.367325,-0.004205,-0.010082,0.003894,2.993795,2.993795,2.993795
9465.000000,33.578206,-117.064386,464.610852,33.578321,-117.064172,515.338502,-0.004206,-0.010055,0.003868,2.995729,2.995729,2.995729
9480.000000,33.578206,-117.064388,463.915595,33.578321,-117.064173,515.305923,-0.004207,-0.010028,0.003842,2.997627,2.997627,2.997627
9495.000000,33.578205,-117.064389,463.560589,33.578320,-117.064173,515.271459,-0.004208,-0.010000,0.003815,2.999508,2.999508,2.999508
9510.000000,33.578205,-117.064390,463.006001,33.578319,-117.064174,515.233184,-0.004208,-0.009972,0.003789,3.001336,3.001336,3.001336
9525.000000,33.578204,-117.064389,461.893265,33.578318,-117.064175,515.190972,-0.004209,-0.009944,0.003762,3.003172,3.003172,3.003172
9540.000000,33.578203,-117.064389,461.143301,33.578317,-117.064176,515.143937,-0.004209,-0.009915,0.003735,3.004950,3.004950,3.004950
9555.000000,33.578202,-117.064389,460.486257,33.578317,-117.064176,515.093701,-0.004209,-0.009886,0.003708,3.006706,3.006706,3.006706
9570.000000,33.578201,-117.064392,460.250206,33.578316,-117.064177,515.041905,-0.004209,-0.009857,0.003680,3.008439,3.008439,3.008439
9585.000000,33.578201,-117.064390,459.157145,33.578315,-117.064178,514.986061,-0.004209,-0.009828,0.003653,3.010173,3.010173,3.010173
9600.000000,33.578340,-117.064384,497.973433,33.578315,-117.064179,515.077057,-0.004216,-0.009811,0.003648,3.011436,3.011436,3.011436
9615.000000,33.578340,-117.064383,496.874340,33.578314,-117.064179,515.162369,-0.004223,-0.009794,0.003642,3.012645,3.012645,3.012645
9630.000000,33.578339,-117.064384,495.564298,33.578314,-117.064180,515.241718,-0.004229,-0.009777,0.003636,3.013851,3.013851,3.013851
9645.000000,33.578337,-117.064386,495.778100,33.578314,-117.064181,515.320837,-0.004235,-0.009759,0.003630,3.014996,3.014996,3.014996
9660.000000,33.578342,-117.064385,496.649957,33.578313,-117.064182,515.403637,-0.004242,-0.009742,0.003624,3.016167,3.016167,3.016167
9675.000000,33.578342,-117.064385,495.327979,33.578313,-117.064182,515.480899,-0.004248,-0.009724,0.003618,3.017369,3.017369,3.017369
9690.000000,33.578342,-117.064384,494.669016,33.578313,-117.064183,515.554994,-0.004253,-0.009706,0.003612,3.018567,3.018567,3.018567
9705.000000,33.578346,-117.064384,494.322223,33.578313,-117.064184,515.627161,-0.004259,-0.009688,0.003606,3.019755,3.019755,3.019755
9720.000000,33.578342,-117.064387,493.471690,33.578312,-117.064185,515.694360,-0.004264,-0.009669,0.003599,3.020868,3.020868,3.020868
9735.000000,33.578342,-117.064386,493.099909,33.578312,-117.064185,515.760529,-0.004269,-0.009650,0.003592,3.022038,3.022038,3.022038
9750.000000,33.578345,-117.064387,492.253760,33.578312,-117.064186,515.822579,-0.004274,-0.009630,0.003585,3.023190,3.023190,3.023190
9765.000000,33.578343,-117.064389,491.555524,33.578312,-117.064187,515.881073,-0.004278,-0.009611,0.003578,3.024319,3.024319,3.024319
9780.000000,33.578344,-117.064390,491.522195,33.578311,-117.064188,515.939056,-0.004283,-0.009591,0.003570,3.025442,3.025442,3.025442
9795.000000,33.578348,-117.064389,490.999364,33.578311,-117.064188,515.994850,-0.004287,-0.009571,0.003563,3.026580,3.026580,3.026580
9810.000000,33.578349,-117.064390,490.200718,33.578311,-117.064189,516.047619,-0.004291,-0.009551,0.003556,3.027750,3.027750,3.027750
9825.000000,33.578349,-117.064394,490.124281,33.578311,-117.064190,516.099500,-0.004295,-0.009530,0.003548,3.028901,3.028901,3.028901
9840.000000,33.578349,-117.064390,489.603890,33.578311,-117.064191,516.149051,-0.004299,-0.009510,0.003541,3.030054,3.030054,3.030054
9855.000000,33.578351,-117.064391,489.097955,33.578310,-117.064191,516.196573,-0.004302,-0.009489,0.003533,3.031223,3.031223,3.031223
9870.000000,33.578349,-117.064392,488.370140,33.578310,-117.064192,516.239825,-0.004305,-0.009468,0.003525,3.032334,3.032334,3.032334
9885.000000,33.578351,-117.064391,487.760466,33.578310,-117.064193,516.280298,-0.004308,-0.009446,0.003517,3.033442,3.033442,3.033442
9900.000000,33.578351,-117.064393,487.438355,33.578310,-117.064194,516.319790,-0.004311,-0.009425,0.003509,3.034578,3.034578,3.034578
9915.000000,33.578351,-117.064395,486.757843,33.578309,-117.064194,516.355562,-0.004314,-0.009403,0.003501,3.035675,3.035675,3.035675
9930.000000,33.578353,-117.064391,486.491045,33.578309,-117.064195,516.358941,-0.004317,-0.009375,0.003490,3.035191,3.035191,3.035191
9945.000000,33.578354,-117.064390,486.410629,33.578309,-117.064196,516.363328,-0.004320,-0.009348,0.003480,3.034784,3.034784,3.034784
9960.000000,33.578353,-117.064388,485.955499,33.578309,-117.064197,516.364733,-0.004323,-0.009321,0.003469,3.034349,3.034349,3.034349
9975.000000,33.578354,-117.064390,486.208616,33.578309,-117.064198,516.368558,-0.004325,-0.009294,0.003459,3.033975,3.033975,3.033975
9990.000000,33.578353,-117.064392,485.570765,33.578309,-117.064199,516.368001,-0.004328,-0.009267,0.003449,3.033549,3.033549,3.033549
10005.000000,33.578353,-117.064387,484.822016,33.578309,-117.064200,516.363995,-0.004329,-0.009239,0.003438,3.033143,3.033143,3.033143
10020.000000,33.578357,-117.064390,484.179059,33.578308,-117.064201,516.357440,-0.004331,-0.009211,0.003427,3.032773,3.032773,3.032773
10035.000000,33.578354,-117.064389,483.773263,33.578308,-117.064202,516.347157,-0.004333,-0.009183,0.003416,3.032327,3.032327,3.032327
10050.000000,33.578353,-117.064391,483.971765,33.578308,-117.064203,516.337504,-0.004334,-0.009155,0.003405,3.031865,3.031865,3.031865
10065.000000,33.578356,-117.064388,483.165724,33.578308,-117.064203,516.323366,-0.004335,-0.009127,0.003393,3.031386,3.031386,3.031386
10080.000000,33.578356,-117.064387,483.263010,33.578308,-117.064204,516.311788,-0.004336,-0.009099,0.003382,3.031002,3.031002,3.031002
10095.000000,33.578356,-117.064383,482.951402,33.578308,-117.064205,516.297218,-0.004337,-0.009071,0.003371,3.030555,3.030555,3.030555
10110.000000,33.578359,-117.064383,482.029458,33.578308,-117.064206,516.278377,-0.004337,-0.009043,0.003360,3.030124,3.030124,3.030124
10125.000000,33.578357,-117.064380,481.766145,33.578308,-117.064207,516.258388,-0.004337,-0.009015,0.003349,3.029700,3.029700,3.029700
10140.000000,33.578359,-117.064384,481.218080,33.578307,-117.064208,516.235848,-0.004337,-0.008986,0.003337,3.029283,3.029283,3.029283
10155.000000,33.578356,-117.064385,481.038516,33.578307,-117.064209,516.212330,-0.004337,-0.008958,0.003325,3.028862,3.028862,3.028862
10170.000000,33.578356,-117.064377,480.574334,33.578307,-117.064209,516.187226,-0.004336,-0.008930,0.003313,3.028470,3.028470,3.028470
10185.000000,33.578357,-117.064382,480.035088,33.578307,-117.064210,516.158690,-0.004335,-0.008901,0.003302,3.028045,3.028045,3.028045
10200.000000,33.578358,-117.064378,480.050761,33.578307,-117.064211,516.130361,-0.004334,-0.008873,0.003290,3.027623,3.027623,3.027623
10215.000000,33.578357,-117.064377,479.991336,33.578307,-117.064212,516.101360,-0.004333,-0.008845,0.003278,3.027183,3.027183,3.027183
10230.000000,33.578358,-117.064377,480.085451,33.578307,-117.064213,516.073042,-0.004332,-0.008817,0.003266,3.026750,3.026750,3.026750
10245.000000,33.578359,-117.064382,478.275030,33.578307,-117.064213,516.035281,-0.004331,-0.008787,0.003254,3.026294,3.026294,3.026294
10260.000000,33.578360,-117.064376,478.759367,33.578306,-117.064214,516.001487,-0.004329,-0.008759,0.003242,3.025899,3.025899,3.025899
10275.000000,33.578360,-117.064381,477.431296,33.578306,-117.064215,515.958687,-0.004327,-0.008729,0.003229,3.025402,3.025402,3.025402
10290.000000,33.578364,-117.064381,476.767141,33.578306,-117.064216,515.914034,-0.004325,-0.008699,0.003217,3.024956,3.024956,3.024956
10305.000000,33.578361,-117.064382,476.131333,33.578306,-117.064217,515.865538,-0.004323,-0.008669,0.003204,3.024478,3.024478,3.024478
10320.000000,33.578360,-117.064374,476.930350,33.578306,-117.064217,515.822119,-0.004320,-0.008640,0.003192,3.024039,3.024039,3.024039
10335.000000,33.578359,-117.064372,476.582769,33.578306,-117.064218,515.778510,-0.004318,-0.008612,0.003179,3.023654,3.023654,3.023654
10350.000000,33.578362,-117.064374,476.722830,33.578306,-117.064219,515.735160,-0.004315,-0.008583,0.003167,3.023248,3.023248,3.023248
10365.000000,33.578361,-117.064366,476.839657,33.578306,-117.064219,515.692713,-0.004312,-0.008555,0.003155,3.022851,3.022851,3.022851
10380.000000,33.578362,-117.064373,474.883794,33.578306,-117.064220,515.640641,-0.004309,-0.008525,0.003142,3.022443,3.022443,3.022443
10395.000000,33.578363,-117.064377,474.138345,33.578306,-117.064221,515.583821,-0.004305,-0.008495,0.003129,3.021987,3.021987,3.021987
10410.000000,33.578364,-117.064377,473.863318,33.578306,-117.064222,515.527193,-0.004302,-0.008465,0.003116,3.021580,3.021580,3.021580
10425.000000,33.578364,-117.064372,473.815962,33.578306,-117.064222,515.469096,-0.004298,-0.008436,0.003103,3.021122,3.021122,3.021122
10440.000000,33.578363,-117.064370,473.522670,33.578305,-117.064223,515.411735,-0.004294,-0.008406,0.003090,3.020736,3.020736,3.020736
10455.000000,33.578365,-117.064372,472.889689,33.578305,-117.064224,515.349219,-0.004290,-0.008376,0.003077,3.020267,3.020267,3.020267
10470.000000,33.578363,-117.064374,472.805648,33.578305,-117.064225,515.287415,-0.004287,-0.008346,0.003063,3.019831,3.019831,3.019831
10485.000000,33.578367,-117.064374,472.153346,33.578305,-117.064225,515.220798,-0.004282,-0.008316,0.003050,3.019329,3.019329,3.019329
10500.000000,33.578365,-117.064369,471.636859,33.578305,-117.064226,515.154301,-0.004278,-0.008286,0.003037,3.018910,3.018910,3.018910
10515.000000,33.578367,-117.064368,471.517140,33.578305,-117.064227,515.085618,-0.004273,-0.008256,0.003024,3.018428,3.018428,3.018428
10530.000000,33.578367,-117.064371,470.418151,33.578305,-117.064227,515.014698,-0.004268,-0.008226,0.003010,3.018040,3.018040,3.018040
10545.000000,33.578366,-117.064371,470.388440,33.578305,-117.064228,514.940342,-0.004263,-0.008195,0.002996,3.017534,3.017534,3.017534
10560.000000,33.578366,-117.064369,470.057247,33.578305,-117.064229,514.866039,-0.004258,-0.008165,0.002983,3.017074,3.017074,3.017074
10575.000000,33.578366,-117.064367,470.082149,33.578305,-117.064229,514.789693,-0.004253,-0.008134,0.002969,3.016534,3.016534,3.016534
10590.000000,33.578366,-117.064367,469.391781,33.578305,-117.064230,514.712178,-0.004248,-0.008104,0.002955,3.016056,3.016056,3.016056
10605.000000,33.578368,-117.064368,468.346607,33.578305,-117.064231,514.628991,-0.004242,-0.008073,0.002941,3.015547,3.015547,3.015547
10620.000000,33.578367,-117.064366,468.695395,33.578305,-117.064231,514.547774,-0.004236,-0.008042,0.002927,3.015038,3.015038,3.015038
10635.000000,33.578367,-117.064364,468.498832,33.578305,-117.064232,514.465394,-0.004230,-0.008012,0.002913,3.014513,3.014513,3.014513
10650.000000,33.578367,-117.064366,467.551777,33.578305,-117.064233,514.378124,-0.004225,-0.007981,0.002899,3.013967,3.013967,3.013967
10665.000000,33.578367,-117.064363,467.264497,33.578305,-117.064233,514.288750,-0.004218,-0.007950,0.002885,3.013388,3.013388,3.013388
10680.000000,33.578366,-117.064364,466.315807,33.578305,-117.064234,514.193761,-0.004212,-0.007919,0.002870,3.012765,3.012765,3.012765
10695.000000,33.578368,-117.064364,465.418926,33.578304,-117.064235,514.094115,-0.004205,-0.007887,0.002855,3.012121,3.012121,3.012121
10710.000000,33.578367,-117.064361,466.135829,33.578304,-117.064235,514.000195,-0.004198,-0.007856,0.002841,3.011538,3.011538,3.011538
10725.000000,33.578366,-117.064365,465.949556,33.578304,-117.064236,513.905813,-0.004192,-0.007825,0.002826,3.010958,3.010958,3.010958
10740.000000,33.578369,-117.064361,464.604073,33.578304,-117.064237,513.806005,-0.004185,-0.007793,0.002811,3.010397,3.010397,3.010397
10755.000000,33.578370,-117.064366,463.928373,33.578304,-117.064237,513.702370,-0.004178,-0.007761,0.002797,3.009807,3.009807,3.009807
10770.000000,33.578368,-117.064367,463.960606,33.578304,-117.064238,513.599116,-0.004171,-0.007730,0.002782,3.009212,3.009212,3.009212
10785.000000,33.578369,-117.064363,463.891156,33.578304,-117.064239,513.497624,-0.004164,-0.007698,0.002767,3.008670,3.008670,3.008670
10800.000000,33.578367,-117.064364,463.852409,33.578304,-117.064239,513.393248,-0.004157,-0.007667,0.002752,3.008035,3.008035,3.008035
10815.000000,33.578368,-117.064364,462.918551,33.578304,-117.064240,513.286281,-0.004150,-0.007636,0.002737,3.007444,3.007444,3.007444
10830.000000,33.578367,-117.064363,462.774017,33.578304,-117.064240,513.178730,-0.004142,-0.007604,0.002722,3.006844,3.006844,3.006844
10845.000000,33.578369,-117.064366,462.029371,33.578304,-117.064241,513.068666,-0.004135,-0.007572,0.002707,3.006263,3.006263,3.006263
10860.000000,33.578369,-117.064365,461.680183,33.578304,-117.064242,512.955994,-0.004127,-0.007541,0.002692,3.005641,3.005641,3.005641
10875.000000,33.578370,-117.064361,460.900690,33.578304,-117.064242,512.839687,-0.004119,-0.007509,0.002676,3.005009,3.005009,3.005009
10890.000000,33.578371,-117.064360,460.574444,33.578304,-117.064243,512.723328,-0.004111,-0.007477,0.002661,3.004408,3.004408,3.004408
10905.000000,33.578370,-117.064358,460.403298,33.578304,-117.064243,512.606228,-0.004103,-0.007445,0.002646,3.003797,3.003797,3.003797
10920.000000,33.578371,-117.064359,460.165756,33.578304,-117.064244,512.489076,-0.004095,-0.007413,0.002630,3.003203,3.003203,3.003203
10935.000000,33.578369,-117.064362,459.258936,33.578304,-117.064245,512.367314,-0.004087,-0.007381,0.002615,3.002588,3.002588,3.002588
10950.000000,33.578372,-117.064360,458.466281,33.578304,-117.064245,512.240820,-0.004078,-0.007349,0.002599,3.001931,3.001931,3.001931
10965.000000,33.578373,-117.064361,457.601041,33.578304,-117.064246,512.108285,-0.004070,-0.007316,0.002583,3.001206,3.001206,3.001206
10980.000000,33.578374,-117.064360,456.773016,33.578304,-117.064246,511.974558,-0.004061,-0.007283,0.002567,3.000543,3.000543,3.000543
10995.000000,33.578374,-117.064361,457.046784,33.578304,-117.064247,511.840629,-0.004052,-0.007250,0.002551,2.999826,2.999826,2.999826
11010.000000,33.578374,-117.064361,456.559345,33.578304,-117.064248,511.704736,-0.004043,-0.007217,0.002535,2.999104,2.999104,2.999104
11025.000000,33.578373,-117.064361,456.625365,33.578304,-117.064248,511.568420,-0.004034,-0.007184,0.002519,2.998349,2.998349,2.998349
11040.000000,33.578375,-117.064360,455.587484,33.578304,-117.064249,511.429034,-0.004024,-0.007151,0.002503,2.997630,2.997630,2.997630
11055.000000,33.578375,-117.064358,455.280309,33.578304,-117.064249,511.286932,-0.004015,-0.007117,0.002487,2.996862,2.996862,2.996862
11070.000000,33.578375,-117.064357,455.081254,33.578304,-117.064250,511.145828,-0.004006,-0.007084,0.002471,2.996133,2.996133,2.996133
11085.000000,33.578374,-117.064362,455.346157,33.578304,-117.064250,511.003496,-0.003996,-0.007051,0.002455,2.995323,2.995323,2.995323
11100.000000,33.578373,-117.064362,454.915280,33.578304,-117.064251,510.858578,-0.003987,-0.007018,0.002438,2.994485,2.994485,2.994485
11115.000000,33.578374,-117.064362,453.600793,33.578304,-117.064252,510.708415,-0.003977,-0.006984,0.002422,2.993659,2.993659,2.993659
11130.000000,33.578375,-117.064358,453.296971,33.578304,-117.064252,510.556513,-0.003968,-0.006951,0.002405,2.992810,2.992810,2.992810
11145.000000,33.578375,-117.064355,452.720952,33.578304,-117.064253,510.403129,-0.003957,-0.006917,0.002388,2.991978,2.991978,2.991978
11160.000000,33.578375,-117.064360,452.595114,33.578304,-117.064253,510.250549,-0.003948,-0.006884,0.002372,2.991169,2.991169,2.991169
11175.000000,33.578373,-117.064359,452.341939,33.578304,-117.064254,510.095107,-0.003938,-0.006850,0.002355,2.990301,2.990301,2.990301
11190.000000,33.578375,-117.064361,452.062416,33.578304,-117.064254,509.939129,-0.003928,-0.006816,0.002338,2.989439,2.989439,2.989439
11205.000000,33.578374,-117.064358,451.387744,33.578304,-117.064255,509.779083,-0.003918,-0.006783,0.002321,2.988539,2.988539,2.988539
11220.000000,33.578376,-117.064355,451.101679,33.578304,-117.064255,509.618272,-0.003907,-0.006749,0.002305,2.987639,2.987639,2.987639
11235.000000,33.578372,-117.064361,450.871129,33.578304,-117.064256,509.458522,-0.003897,-0.006716,0.002288,2.986779,2.986779,2.986779
11250.000000,33.578373,-117.064361,450.964118,33.578304,-117.064257,509.296372,-0.003887,-0.006682,0.002271,2.985832,2.985832,2.985832
11265.000000,33.578373,-117.064361,450.037511,33.578304,-117.064257,509.131630,-0.003877,-0.006648,0.002254,2.984914,2.984914,2.984914
11280.000000,33.578373,-117.064361,449.683788,33.578304,-117.064258,508.965404,-0.003867,-0.006614,0.002237,2.983986,2.983986,2.983986
11295.000000,33.578374,-117.064362,449.453719,33.578304,-117.064258,508.798554,-0.003856,-0.006581,0.002219,2.983054,2.983054,2.983054
11310.000000,33.578374,-117.064364,449.208961,33.578304,-117.064259,508.631305,-0.003846,-0.006547,0.002202,2.982125,2.982125,2.982125
11325.000000,33.578374,-117.064360,448.519466,33.578304,-117.064259,508.460735,-0.003836,-0.006513,0.002185,2.981179,2.981179,2.981179
11340.000000,33.578376,-117.064358,447.625387,33.578304,-117.064260,508.285900,-0.003825,-0.006479,0.002168,2.980216,2.980216,2.980216
11355.000000,33.578376,-117.064358,447.253646,33.578304,-117.064260,508.107677,-0.003814,-0.006445,0.002151,2.979197,2.979197,2.979197
11370.000000,33.578375,-117.064358,447.314878,33.578304,-117.064261,507.929884,-0.003803,-0.006410,0.002133,2.978166,2.978166,2.978166
11385.000000,33.578376,-117.064359,446.814964,33.578304,-117.064262,507.749958,-0.003792,-0.006376,0.002116,2.977124,2.977124,2.977124
11400.000000,33.578375,-117.064358,446.482406,33.578304,-117.064262,507.571498,-0.003781,-0.006342,0.002098,2.976139,2.976139,2.976139
11415.000000,33.578374,-117.064359,446.005248,33.578304,-117.064263,507.392247,-0.003770,-0.006308,0.002081,2.975174,2.975174,2.975174
11430.000000,33.578376,-117.064360,445.742640,33.578304,-117.064263,507.209856,-0.003759,-0.006274,0.002064,2.974147,2.974147,2.974147
11445.000000,33.578376,-117.064358,445.107286,33.578304,-117.064264,507.025137,-0.003748,-0.006240,0.002046,2.973119,2.973119,2.973119
11460.000000,33.578377,-117.064358,444.641570,33.578304,-117.064264,506.836807,-0.003736,-0.006205,0.002028,2.972041,2.972041,2.972041
11475.000000,33.578376,-117.064358,444.236943,33.578304,-117.064265,506.644583,-0.003725,-0.006171,0.002010,2.970899,2.970899,2.970899
11490.000000,33.578375,-117.064359,443.869184,33.578304,-117.064265,506.452014,-0.003713,-0.006136,0.001993,2.969773,2.969773,2.969773
11505.000000,33.578377,-117.064358,444.233350,33.578304,-117.064266,506.259307,-0.003702,-0.006101,0.001975,2.968586,2.968586,2.968586
11520.000000,33.578377,-117.064356,442.538058,33.578304,-117.064266,506.064046,-0.003690,-0.006067,0.001957,2.967511,2.967511,2.967511
11535.000000,33.578379,-117.064352,442.225962,33.578304,-117.064267,505.862751,-0.003678,-0.006032,0.001939,2.966313,2.966313,2.966313
11550.000000,33.578376,-117.064357,442.119718,33.578304,-117.064267,505.663830,-0.003666,-0.005997,0.001921,2.965165,2.965165,2.965165
11565.000000,33.578375,-117.064360,442.887662,33.578304,-117.064268,505.466349,-0.003655,-0.005963,0.001903,2.963947,2.963947,2.963947
11580.000000,33.578374,-117.064359,442.238761,33.578304,-117.064268,505.268258,-0.003643,-0.005928,0.001885,2.962770,2.962770,2.962770
11595.000000,33.578375,-117.064359,441.865998,33.578305,-117.064269,505.067309,-0.003631,-0.005894,0.001867,2.961551,2.961551,2.961551
11610.000000,33.578379,-117.064353,440.517531,33.578305,-117.064269,504.857713,-0.003619,-0.005858,0.001849,2.960263,2.960263,2.960263
11625.000000,33.578376,-117.064352,439.776370,33.578305,-117.064270,504.647200,-0.003606,-0.005823,0.001830,2.959017,2.959017,2.959017
11640.000000,33.578376,-117.064353,440.436478,33.578305,-117.064270,504.437545,-0.003594,-0.005788,0.001812,2.957700,2.957700,2.957700
11655.000000,33.578375,-117.064356,439.927002,33.578305,-117.064271,504.228833,-0.003582,-0.005754,0.001793,2.956443,2.956443,2.956443
11670.000000,33.578372,-117.064359,440.657099,33.578305,-117.064271,504.022510,-0.003570,-0.005719,0.001775,2.955143,2.955143,2.955143
11685.000000,33.578375,-117.064357,440.085518,33.578305,-117.064272,503.813420,-0.003558,-0.005685,0.001757,2.953824,2.953824,2.953824
11700.000000,33.578375,-117.064354,438.793574,33.578305,-117.064272,503.599833,-0.003546,-0.005650,0.001739,2.952525,2.952525,2.952525
11715.000000,33.578378,-117.064349,437.546904,33.578305,-117.064273,503.377349,-0.003532,-0.005615,0.001720,2.951143,2.951143,2.951143
11730.000000,33.578374,-117.064352,438.099500,33.578305,-117.064273,503.159429,-0.003520,-0.005580,0.001701,2.949785,2.949785,2.949785
11745.000000,33.578374,-117.064357,438.552470,33.578305,-117.064274,502.942181,-0.003508,-0.005545,0.001683,2.948373,2.948373,2.948373
11760.000000,33.578372,-117.064359,438.918356,33.578305,-117.064274,502.726569,-0.003495,-0.005510,0.001664,2.946940,2.946940,2.946940
11775.000000,33.578372,-117.064356,437.841390,33.578305,-117.064275,502.507277,-0.003483,-0.005476,0.001646,2.945522,2.945522,2.945522
11790.000000,33.578374,-117.064355,437.776394,33.578305,-117.064275,502.286307,-0.003471,-0.005441,0.001627,2.944055,2.944055,2.944055
11805.000000,33.578374,-117.064353,436.620618,33.578305,-117.064276,502.062594,-0.003458,-0.005406,0.001609,2.942634,2.942634,2.942634
11820.000000,33.578375,-117.064354,436.210845,33.578305,-117.064276,501.835425,-0.003445,-0.005371,0.001590,2.941160,2.941160,2.941160
11835.000000,33.578374,-117.064353,435.767000,33.578305,-117.064277,501.606537,-0.003432,-0.005336,0.001571,2.939677,2.939677,2.939677
11850.000000,33.578371,-117.064357,436.661132,33.578305,-117.064277,501.383835,-0.003420,-0.005302,0.001552,2.938217,2.938217,2.938217
11865.000000,33.578371,-117.064360,437.161625,33.578305,-117.064278,501.159889,-0.003408,-0.005267,0.001534,2.936652,2.936652,2.936652
11880.000000,33.578373,-117.064354,435.666994,33.578305,-117.064278,500.932135,-0.003395,-0.005233,0.001515,2.935148,2.935148,2.935148
11895.000000,33.578374,-117.064357,435.551555,33.578305,-117.064279,500.702041,-0.003382,-0.005198,0.001497,2.933584,2.933584,2.933584
11910.000000,33.578375,-117.064353,434.442596,33.578305,-117.064279,500.467043,-0.003369,-0.005163,0.001478,2.932012,2.932012,2.932012
11925.000000,33.578375,-117.064353,433.850484,33.578305,-117.064280,500.231186,-0.003356,-0.005128,0.001459,2.930466,2.930466,2.930466
11940.000000,33.578376,-117.064355,433.480787,33.578305,-117.064280,500.057562,-0.003346,-0.005100,0.001444,2.930309,2.930309,2.930309
11955.000000,33.578377,-117.064352,432.970319,33.578305,-117.064280,499.880744,-0.003335,-0.005071,0.001428,2.930113,2.930113,2.930113
11970.000000,33.578377,-117.064351,431.926041,33.578305,-117.064281,499.701585,-0.003324,-0.005043,0.001413,2.929942,2.929942,2.929942
11985.000000,33.578374,-117.064353,431.820308,33.578305,-117.064281,499.521913,-0.003313,-0.005014,0.001398,2.929756,2.929756,2.929756
12000.000000,33.578376,-117.064350,430.935049,33.578305,-117.064282,499.337669,-0.003302,-0.004986,0.001382,2.929534,2.929534,2.929534
12015.000000,33.578378,-117.064350,429.791078,33.578305,-117.064282,499.150057,-0.003291,-0.004957,0.001366,2.929322,2.929322,2.929322
12030.000000,33.578376,-117.064349,429.197258,33.578305,-117.064282,498.960836,-0.003279,-0.004928,0.001350,2.929112,2.929112,2.929112
12045.000000,33.578378,-117.064346,428.883881,33.578305,-117.064283,498.766780,-0.003268,-0.004898,0.001334,2.928813,2.928813,2.928813
12060.000000,33.578378,-117.064346,427.866969,33.578305,-117.064283,498.571423,-0.003256,-0.004869,0.001318,2.928556,2.928556,2.928556
12075.000000,33.578383,-117.064341,427.306419,33.578305,-117.064283,498.367991,-0.003244,-0.004839,0.001302,2.928166,2.928166,2.928166
12090.000000,33.578381,-117.064342,426.882168,33.578305,-117.064284,498.164375,-0.003231,-0.004809,0.001286,2.927792,2.927792,2.927792
12105.000000,33.578381,-117.064342,426.269239,33.578305,-117.064284,497.959683,-0.003219,-0.004779,0.001269,2.927432,2.927432,2.927432
12120.000000,33.578382,-117.064342,425.861699,33.578305,-117.064284,497.749469,-0.003207,-0.004749,0.001253,2.926979,2.926979,2.926979
12135.000000,33.578380,-117.064339,425.053939,33.578305,-117.064285,497.539458,-0.003194,-0.004718,0.001236,2.926581,2.926581,2.926581
12150.000000,33.578385,-117.064338,424.449660,33.578305,-117.064285,497.321702,-0.003181,-0.004688,0.001219,2.926062,2.926062,2.926062
12165.000000,33.578384,-117.064335,424.161462,33.578305,-117.064285,497.101604,-0.003168,-0.004657,0.001202,2.925504,2.925504,2.925504
12180.000000,33.578382,-117.064336,423.296463,33.578306,-117.064286,496.879709,-0.003155,-0.004626,0.001185,2.924966,2.924966,2.924966
12195.000000,33.578383,-117.064332,423.132208,33.578306,-117.064286,496.653372,-0.003141,-0.004594,0.001168,2.924337,2.924337,2.924337
12210.000000,33.578383,-117.064331,422.191086,33.578306,-117.064286,496.425311,-0.003128,-0.004563,0.001151,2.923736,2.923736,2.923736
12225.000000,33.578382,-117.064330,421.862749,33.578306,-117.064287,496.197068,-0.003114,-0.004532,0.001133,2.923142,2.923142,2.923142
12240.000000,33.578383,-117.064329,421.910411,33.578306,-117.064287,495.966261,-0.003100,-0.004501,0.001116,2.922478,2.922478,2.922478
12255.000000,33.578384,-117.064325,421.190720,33.578306,-117.064287,495.731428,-0.003086,-0.004469,0.001098,2.921778,2.921778,2.921778
12270.000000,33.578381,-117.064326,420.362029,33.578306,-117.064287,495.498038,-0.003072,-0.004438,0.001081,2.921157,2.921157,2.921157
12285.000000,33.578383,-117.064325,420.518172,33.578306,-117.064288,495.260155,-0.003058,-0.004406,0.001063,2.920420,2.920420,2.920420
12300.000000,33.578382,-117.064324,420.009037,33.578306,-117.064288,495.020460,-0.003044,-0.004375,0.001046,2.919673,2.919673,2.919673
12315.000000,33.578379,-117.064326,419.674576,33.578306,-117.064288,494.782469,-0.003030,-0.004344,0.001028,2.918970,2.918970,2.918970
12330.000000,33.578382,-117.064322,419.340944,33.578306,-117.064288,494.538538,-0.003016,-0.004312,0.001010,2.918163,2.918163,2.918163
12345.000000,33.578382,-117.064322,419.051257,33.578306,-117.064289,494.292450,-0.003001,-0.004280,0.000992,2.917320,2.917320,2.917320
12360.000000,33.578379,-117.064323,418.198946,33.578306,-117.064289,494.049103,-0.002987,-0.004249,0.000974,2.916583,2.916583,2.916583
12375.000000,33.578383,-117.064321,418.035103,33.578306,-117.064289,493.799234,-0.002972,-0.004217,0.000956,2.915717,2.915717,2.915717
12390.000000,33.578384,-117.064317,417.760226,33.578306,-117.064289,493.547922,-0.002958,-0.004185,0.000938,2.914829,2.914829,2.914829
12405.000000,33.578380,-117.064318,416.440459,33.578306,-117.064290,493.297368,-0.002943,-0.004153,0.000920,2.914045,2.914045,2.914045
12420.000000,33.578384,-117.064315,416.792483,33.578306,-117.064290,493.040399,-0.002928,-0.004121,0.000902,2.913093,2.913093,2.913093
12435.000000,33.578384,-117.064315,416.243055,33.578306,-117.064290,492.779515,-0.002913,-0.004089,0.000884,2.912095,2.912095,2.912095
12450.000000,33.578379,-117.064317,414.981187,33.578306,-117.064290,492.519982,-0.002898,-0.004057,0.000865,2.911206,2.911206,2.911206
12465.000000,33.578381,-117.064317,415.436116,33.578306,-117.064291,492.257113,-0.002883,-0.004024,0.000847,2.910200,2.910200,2.910200
12480.000000,33.578385,-117.064311,414.721267,33.578306,-117.064291,491.986131,-0.002867,-0.003991,0.000828,2.909082,2.909082,2.909082
12495.000000,33.578380,-117.064314,413.966774,33.578306,-117.064291,491.719134,-0.002852,-0.003959,0.000809,2.908082,2.908082,2.908082
12510.000000,33.578381,-117.064312,414.320075,33.578307,-117.064291,491.450063,-0.002836,-0.003927,0.000790,2.906996,2.906996,2.906996
12525.000000,33.578385,-117.064309,413.730180,33.578307,-117.064291,491.173874,-0.002820,-0.003894,0.000772,2.905807,2.905807,2.905807
12540.000000,33.578377,-117.064316,413.264916,33.578307,-117.064292,490.903780,-0.002805,-0.003861,0.000753,2.904752,2.904752,2.904752
12555.000000,33.578381,-117.064311,412.888264,33.578307,-117.064292,490.628039,-0.002789,-0.003828,0.000734,2.903603,2.903603,2.903603
12570.000000,33.578382,-117.064309,412.856050,33.578307,-117.064292,490.348459,-0.002773,-0.003795,0.000715,2.902367,2.902367,2.902367
12585.000000,33.578376,-117.064314,412.339774,33.578307,-117.064292,490.074113,-0.002758,-0.003763,0.000696,2.901253,2.901253,2.901253
12600.000000,33.578381,-117.064309,411.263180,33.578307,-117.064293,489.790438,-0.002742,-0.003730,0.000677,2.900033,2.900033,2.900033
12615.000000,33.578381,-117.064307,412.346676,33.578307,-117.064293,489.503814,-0.002726,-0.003697,0.000657,2.898651,2.898651,2.898651
12630.000000,33.578377,-117.064310,411.463747,33.578307,-117.064293,489.218854,-0.002710,-0.003664,0.000638,2.897353,2.897353,2.897353
12645.000000,33.578376,-117.064308,410.336298,33.578307,-117.064293,488.933810,-0.002694,-0.003631,0.000619,2.896127,2.896127,2.896127
12660.000000,33.578381,-117.064307,411.157164,33.578307,-117.064293,488.641348,-0.002678,-0.003598,0.000599,2.894677,2.894677,2.894677
12675.000000,33.578380,-117.064306,410.096540,33.578307,-117.064293,488.348275,-0.002661,-0.003564,0.000580,2.893284,2.893284,2.893284
12690.000000,33.578374,-117.064307,408.951070,33.578307,-117.064294,488.058812,-0.002645,-0.003532,0.000560,2.892032,2.892032,2.892032
12705.000000,33.578379,-117.064306,410.086958,33.578307,-117.064294,487.760596,-0.002629,-0.003498,0.000541,2.890505,2.890505,2.890505
12720.000000,33.578378,-117.064305,409.855796,33.578307,-117.064294,487.461426,-0.002612,-0.003465,0.000521,2.888959,2.888959,2.888959
12735.000000,33.578375,-117.064306,408.131464,33.578307,-117.064294,487.165276,-0.002596,-0.003432,0.000501,2.887593,2.887593,2.887593
12750.000000,33.578377,-117.064305,409.467449,33.578307,-117.064294,486.864974,-0.002580,-0.003398,0.000482,2.886019,2.886019,2.886019
12765.000000,33.578377,-117.064303,409.005859,33.578307,-117.064294,486.563760,-0.002563,-0.003365,0.000462,2.884446,2.884446,2.884446
12780.000000,33.578376,-117.064302,407.674501,33.578308,-117.064295,486.261660,-0.002547,-0.003332,0.000442,2.882949,2.882949,2.882949
12795.000000,33.578375,-117.064304,407.973631,33.578308,-117.064295,485.957967,-0.002530,-0.003299,0.000422,2.881377,2.881377,2.881377
12810.000000,33.578376,-117.064303,407.928956,33.578308,-117.064295,485.652482,-0.002514,-0.003265,0.000403,2.879755,2.879755,2.879755
12825.000000,33.578375,-117.064301,407.141660,33.578308,-117.064295,485.345985,-0.002497,-0.003232,0.000383,2.878160,2.878160,2.878160
12840.000000,33.578370,-117.064304,407.198807,33.578308,-117.064295,485.044178,-0.002481,-0.003199,0.000363,2.876626,2.876626,2.876626
12855.000000,33.578374,-117.064299,407.188646,33.578308,-117.064295,484.735429,-0.002464,-0.003166,0.000343,2.874944,2.874944,2.874944
12870.000000,33.578374,-117.064300,407.165184,33.578308,-117.064296,484.425605,-0.002448,-0.003133,0.000323,2.873223,2.873223,2.873223
12885.000000,33.578371,-117.064303,407.025034,33.578308,-117.064296,484.115408,-0.002431,-0.003100,0.000303,2.871486,2.871486,2.871486
12900.000000,33.578372,-117.064302,406.289755,33.578308,-117.064296,483.803447,-0.002414,-0.003067,0.000283,2.869758,2.869758,2.869758
12915.000000,33.578371,-117.064301,406.790123,33.578308,-117.064296,483.489736,-0.002398,-0.003034,0.000263,2.867932,2.867932,2.867932
12930.000000,33.578370,-117.064302,406.572342,33.578308,-117.064296,483.177609,-0.002381,-0.003001,0.000243,2.866133,2.866133,2.866133
12945.000000,33.578370,-117.064301,405.861999,33.578308,-117.064296,482.863109,-0.002365,-0.002968,0.000223,2.864331,2.864331,2.864331
12960.000000,33.578371,-117.064298,405.728447,33.578308,-117.064296,482.545133,-0.002348,-0.002935,0.000203,2.862453,2.862453,2.862453
12975.000000,33.578370,-117.064298,405.676599,33.578308,-117.064297,482.225133,-0.002331,-0.002902,0.000183,2.860520,2.860520,2.860520
12990.000000,33.578365,-117.064300,405.625950,33.578308,-117.064297,481.908211,-0.002315,-0.002869,0.000163,2.858627,2.858627,2.858627
13005.000000,33.578367,-117.064297,405.234427,33.578308,-117.064297,481.589426,-0.002298,-0.002836,0.000143,2.856711,2.856711,2.856711
13020.000000,33.578369,-117.064298,405.809714,33.578308,-117.064297,481.268035,-0.002281,-0.002803,0.000123,2.854671,2.854671,2.854671
13035.000000,33.578369,-117.064295,404.800304,33.578308,-117.064297,480.943874,-0.002264,-0.002770,0.000103,2.852649,2.852649,2.852649
13050.000000,33.578365,-117.064297,404.613927,33.578308,-117.064297,480.621909,-0.002247,-0.002738,0.000082,2.850661,2.850661,2.850661
13065.000000,33.578365,-117.064299,404.111046,33.578308,-117.064297,480.297629,-0.002231,-0.002705,0.000062,2.848652,2.848652,2.848652
13080.000000,33.578365,-117.064300,403.910724,33.578308,-117.064297,479.972536,-0.002214,-0.002672,0.000042,2.846623,2.846623,2.846623
13095.000000,33.578365,-117.064297,403.398488,33.578308,-117.064298,479.646830,-0.002197,-0.002640,0.000022,2.844606,2.844606,2.844606
13110.000000,33.578364,-117.064299,404.164716,33.578308,-117.064298,479.320358,-0.002181,-0.002607,0.000002,2.842482,2.842482,2.842482
13125.000000,33.578361,-117.064299,403.492459,33.578308,-117.064298,478.994723,-0.002164,-0.002575,-0.000019,2.840411,2.840411,2.840411
13140.000000,33.578363,-117.064297,403.881205,33.578308,-117.064298,478.667646,-0.002148,-0.002542,-0.000039,2.838254,2.838254,2.838254
13155.000000,33.578362,-117.064299,403.768430,33.578308,-117.064298,478.338240,-0.002131,-0.002510,-0.000059,2.836040,2.836040,2.836040
13170.000000,33.578360,-117.064297,403.514973,33.578308,-117.064298,478.009627,-0.002115,-0.002477,-0.000079,2.833840,2.833840,2.833840
13185.000000,33.578358,-117.064299,403.445800,33.578308,-117.064298,477.680938,-0.002098,-0.002445,-0.000100,2.831621,2.831621,2.831621
13200.000000,33.578357,-117.064299,402.969782,33.578308,-117.064298,477.352196,-0.002082,-0.002413,-0.000120,2.829422,2.829422,2.829422
13215.000000,33.578358,-117.064298,403.174317,33.578308,-117.064299,477.020244,-0.002065,-0.002381,-0.000140,2.827118,2.827118,2.827118
13230.000000,33.578360,-117.064297,403.644195,33.578308,-117.064299,476.686424,-0.002049,-0.002348,-0.000161,2.824708,2.824708,2.824708
13245.000000,33.578354,-117.064299,402.960786,33.578308,-117.064299,476.358627,-0.002033,-0.002317,-0.000181,2.822455,2.822455,2.822455
13260.000000,33.578352,-117.064298,402.135921,33.578308,-117.064299,476.029530,-0.002017,-0.002285,-0.000201,2.820231,2.820231,2.820231
13275.000000,33.578359,-117.064295,403.316247,33.578308,-117.064299,475.694048,-0.002000,-0.002253,-0.000221,2.817746,2.817746,2.817746
13290.000000,33.578357,-117.064295,403.482957,33.578308,-117.064299,475.359797,-0.001983,-0.002221,-0.000241,2.815242,2.815242,2.815242
13305.000000,33.578352,-117.064297,402.418195,33.578308,-117.064299,475.029417,-0.001967,-0.002190,-0.000262,2.812893,2.812893,2.812893
13320.000000,33.578353,-117.064295,402.320401,33.578308,-117.064299,474.695543,-0.001951,-0.002159,-0.000282,2.810461,2.810461,2.810461
13335.000000,33.578354,-117.064295,403.147752,33.578308,-117.064299,474.361910,-0.001935,-0.002127,-0.000302,2.807925,2.807925,2.807925
13350.000000,33.578356,-117.064293,402.306021,33.578308,-117.064299,474.024004,-0.001918,-0.002095,-0.000322,2.805365,2.805365,2.805365
13365.000000,33.578351,-117.064297,402.647750,33.578308,-117.064300,473.689749,-0.001902,-0.002064,-0.000342,2.802816,2.802816,2.802816
13380.000000,33.578352,-117.064294,401.913718,33.578308,-117.064300,473.353367,-0.001885,-0.002033,-0.000362,2.800273,2.800273,2.800273
13395.000000,33.578347,-117.064298,402.683502,33.578308,-117.064300,473.021652,-0.001870,-0.002002,-0.000382,2.797718,2.797718,2.797718
13410.000000,33.578353,-117.064291,402.617229,33.578308,-117.064300,472.684677,-0.001853,-0.001971,-0.000402,2.795039,2.795039,2.795039
13425.000000,33.578346,-117.064295,402.378641,33.578308,-117.064300,472.351919,-0.001837,-0.001940,-0.000422,2.792443,2.792443,2.792443
13440.000000,33.578347,-117.064294,401.013181,33.578308,-117.064300,472.017043,-0.001821,-0.001910,-0.000442,2.789917,2.789917,2.789917
13455.000000,33.578348,-117.064295,402.069545,33.578308,-117.064300,471.682221,-0.001805,-0.001879,-0.000462,2.787258,2.787258,2.787258
13470.000000,33.578348,-117.064294,402.198408,33.578308,-117.064300,471.347273,-0.001789,-0.001849,-0.000482,2.784557,2.784557,2.784557
13485.000000,33.578346,-117.064295,401.848576,33.578308,-117.064300,471.011021,-0.001773,-0.001818,-0.000502,2.781839,2.781839,2.781839
13500.000000,33.578342,-117.064298,402.125311,33.578308,-117.064300,470.678881,-0.001758,-0.001788,-0.000522,2.779148,2.779148,2.779148
13515.000000,33.578346,-117.064295,401.346529,33.578308,-117.064301,470.340948,-0.001742,-0.001758,-0.000542,2.776396,2.776396,2.776396
13530.000000,33.578341,-117.064299,403.005809,33.578308,-117.064301,470.008554,-0.001727,-0.001728,-0.000561,2.773550,2.773550,2.773550
13545.000000,33.578345,-117.064293,401.511108,33.578308,-117.064301,469.670682,-0.001711,-0.001698,-0.000581,2.770727,2.770727,2.770727
13560.000000,33.578342,-117.064298,403.114704,33.578308,-117.064301,469.339033,-0.001696,-0.001668,-0.000601,2.767829,2.767829,2.767829
13575.000000,33.578339,-117.064295,400.765799,33.578308,-117.064301,469.003823,-0.001680,-0.001638,-0.000621,2.765085,2.765085,2.765085
13590.000000,33.578337,-117.064302,401.834326,33.578308,-117.064301,468.670716,-0.001665,-0.001609,-0.000640,2.762242,2.762242,2.762242
13605.000000,33.578345,-117.064293,402.012383,33.578308,-117.064301,468.331477,-0.001649,-0.001579,-0.000660,2.759224,2.759224,2.759224
13620.000000,33.578335,-117.064301,402.387977,33.578308,-117.064301,468.002783,-0.001634,-0.001550,-0.000679,2.756356,2.756356,2.756356
13635.000000,33.578339,-117.064295,401.798603,33.578308,-117.064301,467.667085,-0.001619,-0.001520,-0.000699,2.753379,2.753379,2.753379
13650.000000,33.578332,-117.064300,401.795968,33.578307,-117.064301,467.338151,-0.001604,-0.001492,-0.000718,2.750515,2.750515,2.750515
13665.000000,33.578337,-117.064294,401.980936,33.578307,-117.064302,467.004565,-0.001589,-0.001463,-0.000738,2.747505,2.747505,2.747505
13680.000000,33.578334,-117.064297,402.213569,33.578307,-117.064302,466.674108,-0.001574,-0.001434,-0.000757,2.744506,2.744506,2.744506
13695.000000,33.578333,-117.064298,401.837335,33.578307,-117.064302,466.344165,-0.001559,-0.001406,-0.000777,2.741532,2.741532,2.741532
13710.000000,33.578328,-117.064299,400.826908,33.578307,-117.064302,466.014103,-0.001545,-0.001377,-0.000796,2.738642,2.738642,2.738642
13725.000000,33.578328,-117.064299,401.889486,33.578307,-117.064302,465.685755,-0.001530,-0.001349,-0.000815,2.735639,2.735639,2.735639
13740.000000,33.578721,-117.064156,489.034587,33.578319,-117.064298,466.389450,-0.001484,-0.001352,-0.000654,2.699405,2.699405,2.699405
13755.000000,33.578720,-117.064157,489.352463,33.578330,-117.064294,467.063725,-0.001440,-0.001355,-0.000502,2.664789,2.664789,2.664789
13770.000000,33.578721,-117.064152,488.799723,33.578341,-117.064290,467.680841,-0.001398,-0.001357,-0.000361,2.632050,2.632050,2.632050
13785.000000,33.578718,-117.064157,489.750517,33.578351,-117.064287,468.293712,-0.001360,-0.001361,-0.000226,2.600579,2.600579,2.600579
13800.000000,33.578721,-117.064155,489.607437,33.578360,-117.064283,468.865497,-0.001324,-0.001364,-0.000100,2.570823,2.570823,2.570823
13815.000000,33.578721,-117.064155,490.050032,33.578369,-117.064280,469.420228,-0.001290,-0.001368,0.000021,2.542300,2.542300,2.542300
13830.000000,33.578720,-117.064154,490.353186,33.578378,-117.064277,469.955730,-0.001258,-0.001373,0.000135,2.514935,2.514935,2.514935
13845.000000,33.578718,-117.064157,491.212008,33.578386,-117.064274,470.493266,-0.001229,-0.001378,0.000246,2.488261,2.488261,2.488261
13860.000000,33.578720,-117.064153,490.776453,33.578393,-117.064272,470.985470,-0.001201,-0.001383,0.000349,2.463270,2.463270,2.463270
13875.000000,33.578720,-117.064154,491.581126,33.578401,-117.064269,471.482678,-0.001174,-0.001389,0.000450,2.438703,2.438703,2.438703
13890.000000,33.578721,-117.064154,491.218846,33.578408,-117.064266,471.945865,-0.001148,-0.001393,0.000544,2.415319,2.415319,2.415319
13905.000000,33.578718,-117.064156,492.123254,33.578414,-117.064264,472.413107,-0.001125,-0.001399,0.000636,2.392543,2.392543,2.392543
13920.000000,33.578719,-117.064154,491.775098,33.578421,-117.064262,472.848777,-0.001102,-0.001405,0.000723,2.370881,2.370881,2.370881
13935.000000,33.578718,-117.064155,492.248756,33.578427,-117.064260,473.277901,-0.001080,-0.001410,0.000806,2.349905,2.349905,2.349905
13950.000000,33.578719,-117.064153,492.308950,33.578433,-117.064258,473.688491,-0.001060,-0.001416,0.000885,2.329831,2.329831,2.329831
13965.000000,33.578719,-117.064154,492.379618,33.578438,-117.064256,474.079780,-0.001041,-0.001421,0.000960,2.310748,2.310748,2.310748
13980.000000,33.578718,-117.064154,492.484456,33.578444,-117.064254,474.458386,-0.001022,-0.001426,0.001032,2.292306,2.292306,2.292306
13995.000000,33.578719,-117.064152,492.494751,33.578449,-117.064252,474.820080,-0.001004,-0.001431,0.001100,2.274679,2.274679,2.274679
14010.000000,33.578718,-117.064154,493.142086,33.578454,-117.064250,475.183534,-0.000988,-0.001437,0.001166,2.257436,2.257436,2.257436
14025.000000,33.578718,-117.064153,493.439789,33.578458,-117.064248,475.538230,-0.000972,-0.001443,0.001230,2.240825,2.240825,2.240825
14040.000000,33.578717,-117.064153,493.548206,33.578463,-117.064247,475.882902,-0.000957,-0.001449,0.001292,2.224720,2.224720,2.224720
14055.000000,33.578717,-117.064153,493.799405,33.578467,-117.064245,476.222003,-0.000942,-0.001455,0.001351,2.209004,2.209004,2.209004
14070.000000,33.578716,-117.064155,494.286220,33.578471,-117.064244,476.557889,-0.000929,-0.001461,0.001409,2.193780,2.193780,2.193780
14085.000000,33.578717,-117.064152,494.101191,33.578475,-117.064242,476.878425,-0.000916,-0.001467,0.001464,2.179104,2.179104,2.179104
14100.000000,33.578716,-117.064151,494.625090,33.578479,-117.064241,477.197367,-0.000903,-0.001473,0.001518,2.164856,2.164856,2.164856
14115.000000,33.578718,-117.064149,494.216450,33.578483,-117.064239,477.496397,-0.000891,-0.001479,0.001569,2.151253,2.151253,2.151253
14130.000000,33.578718,-117.064150,494.495875,33.578487,-117.064238,477.789131,-0.000879,-0.001485,0.001618,2.138141,2.138141,2.138141
14145.000000,33.578717,-117.064149,494.495541,33.578490,-117.064237,478.072047,-0.000867,-0.001490,0.001665,2.125477,2.125477,2.125477
14160.000000,33.578716,-117.064149,494.783715,33.578494,-117.064236,478.352278,-0.000856,-0.001496,0.001710,2.113087,2.113087,2.113087
14175.000000,33.578717,-117.064149,494.655241,33.578497,-117.064234,478.619576,-0.000846,-0.001501,0.001754,2.101245,2.101245,2.101245
14190.000000,33.578716,-117.064150,495.451348,33.578500,-117.064233,478.892003,-0.000836,-0.001507,0.001797,2.089638,2.089638,2.089638
14205.000000,33.578715,-117.064149,495.757378,33.578503,-117.064232,479.162170,-0.000827,-0.001513,0.001838,2.078286,2.078286,2.078286
14220.000000,33.578715,-117.064149,495.873441,33.578506,-117.064231,479.425660,-0.000817,-0.001519,0.001879,2.067300,2.067300,2.067300
14235.000000,33.578714,-117.064150,495.938259,33.578509,-117.064230,479.682451,-0.000809,-0.001525,0.001918,2.056643,2.056643,2.056643
14250.000000,33.578715,-117.064148,496.053697,33.578512,-117.064229,479.932968,-0.000800,-0.001531,0.001955,2.046338,2.046338,2.046338
14265.000000,33.578715,-117.064148,496.617087,33.578514,-117.064228,480.183907,-0.000793,-0.001537,0.001992,2.036327,2.036327,2.036327
14280.000000,33.578714,-117.064145,495.888765,33.578517,-117.064227,480.416941,-0.000784,-0.001542,0.002027,2.026736,2.026736,2.026736
14295.000000,33.578714,-117.064145,495.974437,33.578519,-117.064226,480.645163,-0.000776,-0.001547,0.002060,2.017401,2.017401,2.017401
14310.000000,33.578714,-117.064142,495.832951,33.578522,-117.064225,480.865328,-0.000768,-0.001552,0.002092,2.008363,2.008363,2.008363
14325.000000,33.578713,-117.064146,496.229267,33.578524,-117.064224,481.085057,-0.000761,-0.001557,0.002124,1.999548,1.999548,1.999548
14340.000000,33.578712,-117.064144,496.319141,33.578526,-117.064223,481.300356,-0.000754,-0.001563,0.002154,1.990979,1.990979,1.990979
14355.000000,33.578712,-117.064145,496.888002,33.578529,-117.064222,481.518794,-0.000747,-0.001568,0.002184,1.982523,1.982523,1.982523
14370.000000,33.578710,-117.064145,497.290387,33.578531,-117.064221,481.736579,-0.000741,-0.001574,0.002214,1.974292,1.974292,1.974292
14385.000000,33.578710,-117.064145,497.511144,33.578533,-117.064220,481.951205,-0.000735,-0.001580,0.002242,1.966312,1.966312,1.966312
14400.000000,33.578710,-117.064145,497.594404,33.578535,-117.064219,482.162604,-0.000729,-0.001585,0.002270,1.958489,1.958489,1.958489
14415.000000,33.578710,-117.064145,497.525302,33.578537,-117.064219,482.367401,-0.000723,-0.001591,0.002297,1.950938,1.950938,1.950938
14430.000000,33.578710,-117.064145,498.138451,33.578539,-117.064218,482.574525,-0.000718,-0.001596,0.002323,1.943557,1.943557,1.943557
14445.000000,33.578710,-117.064143,498.178276,33.578541,-117.064217,482.777278,-0.000713,-0.001602,0.002349,1.936380,1.936380,1.936380
14460.000000,33.578708,-117.064144,498.789064,33.578543,-117.064216,482.982696,-0.000708,-0.001608,0.002374,1.929337,1.929337,1.929337
14475.000000,33.578707,-117.064143,498.038858,33.578544,-117.064215,483.174666,-0.000703,-0.001613,0.002398,1.922568,1.922568,1.922568
14490.000000,33.578707,-117.064144,498.238930,33.578546,-117.064215,483.364838,-0.000698,-0.001619,0.002421,1.915955,1.915955,1.915955
14505.000000,33.578706,-117.064144,498.075404,33.578548,-117.064214,483.548736,-0.000694,-0.001624,0.002444,1.909560,1.909560,1.909560
14520.000000,33.578704,-117.064143,497.573478,33.578550,-117.064213,483.723139,-0.000689,-0.001628,0.002465,1.903395,1.903395,1.903395
14535.000000,33.578703,-117.064144,498.547911,33.578551,-117.064213,483.904452,-0.000685,-0.001634,0.002486,1.897301,1.897301,1.897301
14550.000000,33.578702,-117.064143,498.106320,33.578553,-117.064212,484.077654,-0.000680,-0.001638,0.002506,1.891391,1.891391,1.891391
14565.000000,33.578702,-117.064141,498.122477,33.578554,-117.064211,484.246950,-0.000676,-0.001643,0.002526,1.885677,1.885677,1.885677
14580.000000,33.578702,-117.064143,498.408528,33.578556,-117.064211,484.416902,-0.000672,-0.001648,0.002545,1.880016,1.880016,1.880016
14595.000000,33.578702,-117.064140,497.869752,33.578557,-117.064210,484.576956,-0.000668,-0.001652,0.002563,1.874632,1.874632,1.874632
14610.000000,33.578700,-117.064141,498.536791,33.578558,-117.064209,484.740808,-0.000664,-0.001657,0.002581,1.869315,1.869315,1.869315
14625.000000,33.578698,-117.064142,498.644562,33.578560,-117.064209,484.902692,-0.000661,-0.001662,0.002599,1.864123,1.864123,1.864123
14640.000000,33.578695,-117.064140,498.461901,33.578561,-117.064208,485.060075,-0.000657,-0.001666,0.002616,1.859063,1.859063,1.859063
14655.000000,33.578694,-117.064143,498.693417,33.578562,-117.064208,485.217716,-0.000654,-0.001671,0.002632,1.854050,1.854050,1.854050
14670.000000,33.578694,-117.064140,498.464326,33.578564,-117.064207,485.369974,-0.000650,-0.001676,0.002648,1.849213,1.849213,1.849213
14685.000000,33.578694,-117.064141,499.292721,33.578565,-117.064206,485.525730,-0.000647,-0.001680,0.002664,1.844532,1.844532,1.844532
14700.000000,33.578693,-117.064142,498.921698,33.578566,-117.064206,485.675561,-0.000644,-0.001685,0.002679,1.839990,1.839990,1.839990
14715.000000,33.578691,-117.064139,497.383694,33.578567,-117.064205,485.809560,-0.000641,-0.001688,0.002693,1.835669,1.835669,1.835669
14730.000000,33.578689,-117.064139,498.268092,33.578568,-117.064205,485.948588,-0.000637,-0.001692,0.002706,1.831418,1.831418,1.831418
14745.000000,33.578688,-117.064138,498.103876,33.578569,-117.064204,486.083698,-0.000634,-0.001696,0.002720,1.827308,1.827308,1.827308
14760.000000,33.578686,-117.064137,497.788455,33.578570,-117.064204,486.214221,-0.000631,-0.001700,0.002732,1.823313,1.823313,1.823313
14775.000000,33.578684,-117.064141,498.963305,33.578571,-117.064203,486.353314,-0.000628,-0.001704,0.002745,1.819267,1.819267,1.819267
14790.000000,33.578682,-117.064139,497.278693,33.578572,-117.064203,486.476258,-0.000625,-0.001708,0.002756,1.815462,1.815462,1.815462
14805.000000,33.578647,-117.064225,477.349376,33.578573,-117.064203,486.448666,-0.000622,-0.001698,0.002758,1.810911,1.810911,1.810911
14820.000000,33.578643,-117.064227,477.181013,33.578574,-117.064203,486.420273,-0.000620,-0.001689,0.002759,1.806410,1.806410,1.806410
14835.000000,33.578641,-117.064225,476.275101,33.578574,-117.064203,486.386418,-0.000617,-0.001680,0.002759,1.802059,1.802059,1.802059
14850.000000,33.578639,-117.064228,476.828078,33.578575,-117.064203,486.357666,-0.000614,-0.001671,0.002760,1.797779,1.797779,1.797779
14865.000000,33.578638,-117.064228,475.802375,33.578576,-117.064204,486.323690,-0.000611,-0.001662,0.002760,1.793725,1.793725,1.793725
14880.000000,33.578634,-117.064227,475.652696,33.578576,-117.064204,486.289392,-0.000609,-0.001653,0.002759,1.789733,1.789733,1.789733
14895.000000,33.578632,-117.064228,475.213861,33.578577,-117.064204,486.253390,-0.000606,-0.001644,0.002759,1.785860,1.785860,1.785860
14910.000000,33.578632,-117.064225,475.296267,33.578578,-117.064204,486.218485,-0.000603,-0.001636,0.002758,1.782022,1.782022,1.782022
14925.000000,33.578626,-117.064229,474.509674,33.578578,-117.064204,486.179420,-0.000601,-0.001627,0.002756,1.778296,1.778296,1.778296
14940.000000,33.578624,-117.064231,474.041611,33.578579,-117.064204,486.138423,-0.000598,-0.001618,0.002755,1.774667,1.774667,1.774667
14955.000000,33.578623,-117.064229,473.996532,33.578579,-117.064204,486.098218,-0.000595,-0.001610,0.002753,1.771112,1.771112,1.771112
14970.000000,33.578619,-117.064235,474.065754,33.578580,-117.064205,486.059607,-0.000593,-0.001601,0.002751,1.767632,1.767632,1.767632
14985.000000,33.578616,-117.064236,473.545520,33.578580,-117.064205,486.019119,-0.000591,-0.001593,0.002748,1.764266,1.764266,1.764266
15000.000000,33.578614,-117.064234,472.769237,33.578580,-117.064205,485.973725,-0.000589,-0.001585,0.002746,1.760916,1.760916,1.760916
15015.000000,33.578608,-117.064240,473.092619,33.578581,-117.064205,485.931422,-0.000587,-0.001576,0.002743,1.757620,1.757620,1.757620
15030.000000,33.578607,-117.064235,471.423408,33.578581,-117.064205,485.880914,-0.000585,-0.001568,0.002739,1.754496,1.754496,1.754496
15045.000000,33.578604,-117.064233,470.660889,33.578581,-117.064205,485.827154,-0.000582,-0.001559,0.002735,1.751461,1.751461,1.751461
15060.000000,33.578599,-117.064240,471.341278,33.578582,-117.064206,485.777062,-0.000580,-0.001551,0.002731,1.748376,1.748376,1.748376
15075.000000,33.578597,-117.064237,470.219687,33.578582,-117.064206,485.722290,-0.000578,-0.001543,0.002727,1.745426,1.745426,1.745426
15090.000000,33.578593,-117.064240,470.494818,33.578582,-117.064206,485.669968,-0.000576,-0.001535,0.002722,1.742510,1.742510,1.742510
15105.000000,33.578589,-117.064243,468.816727,33.578582,-117.064206,485.610063,-0.000574,-0.001526,0.002717,1.739736,1.739736,1.739736
15120.000000,33.578586,-117.064239,468.428594,33.578583,-117.064206,485.548760,-0.000572,-0.001518,0.002712,1.737003,1.737003,1.737003
15135.000000,33.578584,-117.064243,469.248936,33.578583,-117.064207,485.493048,-0.000570,-0.001510,0.002706,1.734294,1.734294,1.734294
15150.000000,33.578578,-117.064249,468.975285,33.578583,-117.064207,485.437154,-0.000568,-0.001502,0.002701,1.731653,1.731653,1.731653
15165.000000,33.578576,-117.064244,467.736871,33.578583,-117.064207,485.375501,-0.000566,-0.001493,0.002695,1.729084,1.729084,1.729084
15180.000000,33.578572,-117.064244,467.486737,33.578583,-117.064207,485.313414,-0.000564,-0.001485,0.002689,1.726556,1.726556,1.726556
15195.000000,33.578569,-117.064246,467.821168,33.578583,-117.064207,485.254386,-0.000563,-0.001478,0.002683,1.724074,1.724074,1.724074
15210.000000,33.578563,-117.064248,465.868299,33.578583,-117.064208,485.186988,-0.000561,-0.001470,0.002676,1.721714,1.721714,1.721714
15225.000000,33.578557,-117.064317,480.543157,33.578584,-117.064208,485.208019,-0.000564,-0.001467,0.002674,1.720397,1.720397,1.720397
15240.000000,33.578555,-117.064317,480.009994,33.578584,-117.064208,485.226814,-0.000567,-0.001464,0.002671,1.719119,1.719119,1.719119
15255.000000,33.578550,-117.064318,479.357578,33.578584,-117.064209,485.242895,-0.000571,-0.001461,0.002668,1.717877,1.717877,1.717877
15270.000000,33.578546,-117.064320,478.874303,33.578584,-117.064209,485.257083,-0.000574,-0.001458,0.002666,1.716675,1.716675,1.716675
15285.000000,33.578544,-117.064320,478.447598,33.578584,-117.064210,485.269532,-0.000577,-0.001455,0.002663,1.715496,1.715496,1.715496
15300.000000,33.578524,-117.064323,474.007011,33.578584,-117.064210,485.248177,-0.000581,-0.001449,0.002656,1.713186,1.713186,1.713186
15315.000000,33.578518,-117.064323,473.062320,33.578583,-117.064211,485.222181,-0.000584,-0.001444,0.002649,1.710920,1.710920,1.710920
15330.000000,33.578523,-117.064323,474.146473,33.578583,-117.064212,485.203072,-0.000588,-0.001439,0.002643,1.708720,1.708720,1.708720
15345.000000,33.578515,-117.064323,473.435177,33.578583,-117.064212,485.180137,-0.000591,-0.001434,0.002637,1.706523,1.706523,1.706523
15360.000000,33.578524,-117.064323,474.136645,33.578583,-117.064213,485.162038,-0.000595,-0.001429,0.002631,1.704403,1.704403,1.704403
15375.000000,33.578516,-117.064322,473.120521,33.578583,-117.064213,485.139275,-0.000598,-0.001424,0.002624,1.702337,1.702337,1.702337
15390.000000,33.578516,-117.064321,472.843894,33.578583,-117.064214,485.115309,-0.000601,-0.001419,0.002618,1.700288,1.700288,1.700288
15405.000000,33.578518,-117.064322,474.104099,33.578582,-117.064214,485.098494,-0.000604,-0.001414,0.002612,1.698276,1.698276,1.698276
15420.000000,33.578515,-117.064322,473.165084,33.578582,-117.064215,485.077414,-0.000607,-0.001409,0.002605,1.696310,1.696310,1.696310
15435.000000,33.578503,-117.064320,471.845852,33.578582,-117.064215,485.049240,-0.000610,-0.001404,0.002598,1.694325,1.694325,1.694325
15450.000000,33.578511,-117.064322,472.618114,33.578582,-117.064216,485.026549,-0.000613,-0.001400,0.002591,1.692438,1.692438,1.692438
15465.000000,33.578509,-117.064322,472.743391,33.578582,-117.064216,485.004918,-0.000616,-0.001395,0.002585,1.690578,1.690578,1.690578
15480.000000,33.578510,-117.064320,472.871938,33.578581,-117.064217,484.984551,-0.000619,-0.001390,0.002578,1.688760,1.688760,1.688760
15495.000000,33.578508,-117.064321,472.330423,33.578581,-117.064217,484.961956,-0.000622,-0.001386,0.002572,1.686973,1.686973,1.686973
15510.000000,33.578507,-117.064320,472.856860,33.578581,-117.064218,484.942050,-0.000624,-0.001381,0.002566,1.685189,1.685189,1.685189
15525.000000,33.578500,-117.064321,471.497071,33.578581,-117.064218,484.915982,-0.000627,-0.001377,0.002559,1.683440,1.683440,1.683440
15540.000000,33.578504,-117.064319,472.005087,33.578581,-117.064219,484.893334,-0.000630,-0.001372,0.002552,1.681750,1.681750,1.681750
15555.000000,33.578500,-117.064320,471.823915,33.578580,-117.064219,484.870380,-0.000632,-0.001368,0.002545,1.680095,1.680095,1.680095
15570.000000,33.578507,-117.064319,473.215311,33.578580,-117.064220,484.854424,-0.000635,-0.001364,0.002539,1.678460,1.678460,1.678460
15585.000000,33.578499,-117.064319,471.348442,33.578580,-117.064220,484.830311,-0.000637,-0.001360,0.002533,1.676873,1.676873,1.676873
15600.000000,33.578502,-117.064318,472.462616,33.578580,-117.064221,484.811509,-0.000640,-0.001356,0.002526,1.675287,1.675287,1.675287
15615.000000,33.578494,-117.064319,470.668337,33.578580,-117.064221,484.785291,-0.000642,-0.001351,0.002519,1.673762,1.673762,1.673762
15630.000000,33.578491,-117.064319,470.527502,33.578579,-117.064222,484.758354,-0.000644,-0.001347,0.002512,1.672232,1.672232,1.672232
15645.000000,33.578493,-117.064319,470.904280,33.578579,-117.064222,484.733906,-0.000646,-0.001343,0.002505,1.670744,1.670744,1.670744
15660.000000,33.578487,-117.064318,470.005762,33.578579,-117.064223,484.705728,-0.000649,-0.001338,0.002498,1.669276,1.669276,1.669276
15675.000000,33.578487,-117.064318,470.125594,33.578579,-117.064223,484.678887,-0.000651,-0.001334,0.002491,1.667852,1.667852,1.667852
15690.000000,33.578482,-117.064318,469.640445,33.578578,-117.064223,484.650013,-0.000653,-0.001330,0.002484,1.666434,1.666434,1.666434
15705.000000,33.578488,-117.064317,470.228016,33.578578,-117.064224,484.625083,-0.000655,-0.001326,0.002477,1.665088,1.665088,1.665088
15720.000000,33.578488,-117.064315,469.935050,33.578578,-117.064224,484.599058,-0.000657,-0.001322,0.002470,1.663751,1.663751,1.663751
15735.000000,33.578486,-117.064316,469.809556,33.578578,-117.064225,484.573154,-0.000658,-0.001318,0.002463,1.662451,1.662451,1.662451
15750.000000,33.578485,-117.064315,469.461960,33.578577,-117.064225,484.546576,-0.000660,-0.001314,0.002456,1.661195,1.661195,1.661195
15765.000000,33.578477,-117.064315,468.351869,33.578577,-117.064225,484.515236,-0.000662,-0.001309,0.002449,1.659938,1.659938,1.659938
15780.000000,33.578478,-117.064315,468.554772,33.578577,-117.064226,484.485227,-0.000663,-0.001305,0.002442,1.658702,1.658702,1.658702
15795.000000,33.578476,-117.064315,468.455681,33.578577,-117.064226,484.455126,-0.000665,-0.001301,0.002435,1.657481,1.657481,1.657481
15810.000000,33.578477,-117.064315,468.292245,33.578576,-117.064227,484.425553,-0.000667,-0.001297,0.002427,1.656320,1.656320,1.656320
15825.000000,33.578476,-117.064314,468.649467,33.578576,-117.064227,484.397828,-0.000668,-0.001293,0.002420,1.655174,1.655174,1.655174
15840.000000,33.578472,-117.064314,467.776357,33.578576,-117.064227,484.366543,-0.000670,-0.001289,0.002413,1.654031,1.654031,1.654031
15855.000000,33.578470,-117.064313,467.676698,33.578576,-117.064228,484.335558,-0.000671,-0.001285,0.002406,1.652921,1.652921,1.652921
15870.000000,33.578468,-117.064311,467.055563,33.578575,-117.064228,484.302852,-0.000672,-0.001281,0.002398,1.651848,1.651848,1.651848
15885.000000,33.578467,-117.064313,467.004179,33.578575,-117.064228,484.270452,-0.000674,-0.001277,0.002391,1.650798,1.650798,1.650798
15900.000000,33.578468,-117.064311,467.530324,33.578575,-117.064229,484.240442,-0.000675,-0.001274,0.002384,1.649757,1.649757,1.649757
15915.000000,33.578466,-117.064310,466.857281,33.578574,-117.064229,484.208638,-0.000676,-0.001270,0.002376,1.648757,1.648757,1.648757
15930.000000,33.578460,-117.064308,466.072812,33.578574,-117.064229,484.173996,-0.000677,-0.001266,0.002369,1.647769,1.647769,1.647769
15945.000000,33.578459,-117.064306,465.801363,33.578574,-117.064230,484.138466,-0.000678,-0.001262,0.002361,1.646786,1.646786,1.646786
15960.000000,33.578460,-117.064307,466.277091,33.578574,-117.064230,484.105947,-0.000679,-0.001258,0.002354,1.645852,1.645852,1.645852
15975.000000,33.578457,-117.064307,465.523503,33.578573,-117.064230,484.070892,-0.000680,-0.001254,0.002346,1.644934,1.644934,1.644934
15990.000000,33.578448,-117.064305,464.421853,33.578573,-117.064231,484.031243,-0.000681,-0.001250,0.002338,1.644000,1.644000,1.644000
16005.000000,33.578450,-117.064305,464.843562,33.578573,-117.064231,483.994641,-0.000682,-0.001247,0.002330,1.643122,1.643122,1.643122
16020.000000,33.578450,-117.064303,465.167037,33.578572,-117.064231,483.959441,-0.000683,-0.001243,0.002322,1.642248,1.642248,1.642248
16035.000000,33.578451,-117.064305,464.452346,33.578572,-117.064231,483.922691,-0.000683,-0.001239,0.002315,1.641422,1.641422,1.641422
16050.000000,33.578443,-117.064303,463.469018,33.578572,-117.064232,483.881477,-0.000684,-0.001235,0.002306,1.640562,1.640562,1.640562
16065.000000,33.578446,-117.064305,463.890276,33.578571,-117.064232,483.843537,-0.000685,-0.001231,0.002299,1.639768,1.639768,1.639768
16080.000000,33.578443,-117.064303,463.573614,33.578571,-117.064232,483.804343,-0.000685,-0.001228,0.002291,1.638968,1.638968,1.638968
16095.000000,33.578444,-117.064304,463.245462,33.578571,-117.064233,483.765316,-0.000686,-0.001224,0.002283,1.638220,1.638220,1.638220
16110.000000,33.578438,-117.064302,463.313411,33.578570,-117.064233,483.725648,-0.000686,-0.001220,0.002275,1.637433,1.637433,1.637433
16125.000000,33.578436,-117.064301,462.540168,33.578570,-117.064233,483.683644,-0.000687,-0.001216,0.002267,1.636665,1.636665,1.636665
16140.000000,33.578435,-117.064301,462.708126,33.578570,-117.064233,483.642756,-0.000687,-0.001212,0.002258,1.635912,1.635912,1.635912
16155.000000,33.578429,-117.064301,461.989628,33.578569,-117.064234,483.599155,-0.000688,-0.001209,0.002250,1.635153,1.635153,1.635153
16170.000000,33.578426,-117.064298,460.835158,33.578569,-117.064234,483.551969,-0.000688,-0.001205,0.002241,1.634415,1.634415,1.634415
16185.000000,33.578428,-117.064297,461.234537,33.578569,-117.064234,483.507630,-0.000688,-0.001201,0.002233,1.633724,1.633724,1.633724
16200.000000,33.578425,-117.064295,461.159169,33.578568,-117.064234,483.462865,-0.000688,-0.001197,0.002224,1.633024,1.633024,1.633024
16215.000000,33.578422,-117.064296,460.339602,33.578568,-117.064234,483.416079,-0.000688,-0.001193,0.002216,1.632354,1.632354,1.632354
16230.000000,33.578422,-117.064293,460.352972,33.578567,-117.064235,483.370103,-0.000689,-0.001190,0.002207,1.631707,1.631707,1.631707
16245.000000,33.578415,-117.064295,459.534416,33.578567,-117.064235,483.321304,-0.000689,-0.001186,0.002199,1.631059,1.631059,1.631059
16260.000000,33.578410,-117.064291,458.204748,33.578567,-117.064235,483.267897,-0.000688,-0.001182,0.002189,1.630411,1.630411,1.630411
16275.000000,33.578408,-117.064291,457.665031,33.578566,-117.064235,483.213511,-0.000688,-0.001178,0.002180,1.629789,1.629789,1.629789
16290.000000,33.578409,-117.064292,458.349067,33.578566,-117.064236,483.161939,-0.000688,-0.001174,0.002171,1.629176,1.629176,1.629176
16305.000000,33.578405,-117.064290,457.324154,33.578565,-117.064236,483.107384,-0.000688,-0.001170,0.002162,1.628579,1.628579,1.628579
16320.000000,33.578404,-117.064287,457.663393,33.578565,-117.064236,483.054199,-0.000688,-0.001166,0.002153,1.627985,1.627985,1.627985
16335.000000,33.578403,-117.064289,457.900523,33.578565,-117.064236,483.002601,-0.000687,-0.001162,0.002144,1.627411,1.627411,1.627411
16350.000000,33.578399,-117.064287,456.095619,33.578564,-117.064236,482.945539,-0.000687,-0.001158,0.002135,1.626856,1.626856,1.626856
16365.000000,33.578394,-117.064286,455.742445,33.578564,-117.064237,482.887195,-0.000686,-0.001154,0.002125,1.626295,1.626295,1.626295
16380.000000,33.578394,-117.064285,456.336959,33.578563,-117.064237,482.830973,-0.000686,-0.001150,0.002116,1.625734,1.625734,1.625734
16395.000000,33.578389,-117.064285,455.217562,33.578563,-117.064237,482.771252,-0.000686,-0.001146,0.002106,1.625177,1.625177,1.625177
16410.000000,33.578387,-117.064283,454.881755,33.578562,-117.064237,482.711235,-0.000685,-0.001142,0.002096,1.624642,1.624642,1.624642
16425.000000,33.578387,-117.064283,455.313315,33.578562,-117.064237,482.653082,-0.000684,-0.001138,0.002087,1.624116,1.624116,1.624116
16440.000000,33.578385,-117.064282,454.270345,33.578561,-117.064237,482.592520,-0.000684,-0.001134,0.002077,1.623617,1.623617,1.623617
16455.000000,33.578379,-117.064282,453.711823,33.578561,-117.064238,482.529580,-0.000683,-0.001130,0.002067,1.623099,1.623099,1.623099
16470.000000,33.578382,-117.064278,453.782347,33.578561,-117.064238,482.468661,-0.000682,-0.001126,0.002058,1.622629,1.622629,1.622629
16485.000000,33.578377,-117.064277,452.948440,33.578560,-117.064238,482.405054,-0.000682,-0.001122,0.002048,1.622156,1.622156,1.622156
16500.000000,33.578374,-117.064277,452.587958,33.578560,-117.064238,482.340625,-0.000681,-0.001118,0.002038,1.621689,1.621689,1.621689
16515.000000,33.578372,-117.064275,451.629214,33.578559,-117.064238,482.274403,-0.000680,-0.001114,0.002028,1.621254,1.621254,1.621254
16530.000000,33.578370,-117.064274,451.537359,33.578559,-117.064238,482.207949,-0.000679,-0.001110,0.002018,1.620818,1.620818,1.620818
16545.000000,33.578364,-117.064272,451.053357,33.578558,-117.064238,482.139184,-0.000678,-0.001106,0.002007,1.620358,1.620358,1.620358
16560.000000,33.578362,-117.064275,450.096653,33.578558,-117.064239,482.069673,-0.000677,-0.001102,0.001997,1.619954,1.619954,1.619954
16575.000000,33.578360,-117.064271,449.919319,33.578557,-117.064239,481.999432,-0.000676,-0.001098,0.001987,1.619543,1.619543,1.619543
16590.000000,33.578357,-117.064269,449.960428,33.578557,-117.064239,481.928548,-0.000674,-0.001094,0.001976,1.619108,1.619108,1.619108
16605.000000,33.578354,-117.064268,449.295801,33.578556,-117.064239,481.855664,-0.000673,-0.001089,0.001966,1.618673,1.618673,1.618673
16620.000000,33.578349,-117.064269,449.061796,33.578556,-117.064239,481.781896,-0.000672,-0.001085,0.001955,1.618231,1.618231,1.618231
16635.000000,33.578344,-117.064267,447.823075,33.578555,-117.064239,481.704432,-0.000671,-0.001081,0.001944,1.617792,1.617792,1.617792
16650.000000,33.578343,-117.064267,448.313290,33.578554,-117.064239,481.628801,-0.000669,-0.001077,0.001933,1.617355,1.617355,1.617355
16665.000000,33.578339,-117.064264,447.240717,33.578554,-117.064239,481.549751,-0.000668,-0.001073,0.001921,1.616915,1.616915,1.616915
16680.000000,33.578340,-117.064265,447.299694,33.578553,-117.064239,481.473116,-0.000666,-0.001068,0.001911,1.616524,1.616524,1.616524
16695.000000,33.578335,-117.064265,445.960116,33.578553,-117.064239,481.392773,-0.000665,-0.001064,0.001899,1.616140,1.616140,1.616140
16710.000000,33.578332,-117.064262,445.713721,33.578552,-117.064240,481.311760,-0.000663,-0.001060,0.001888,1.615756,1.615756,1.615756
16725.000000,33.578329,-117.064262,445.339283,33.578552,-117.064240,481.230135,-0.000662,-0.001055,0.001877,1.615380,1.615380,1.615380
16740.000000,33.578328,-117.064257,445.038281,33.578551,-117.064240,481.147846,-0.000660,-0.001051,0.001865,1.615006,1.615006,1.615006
16755.000000,33.578323,-117.064257,444.493263,33.578550,-117.064240,481.064254,-0.000659,-0.001047,0.001854,1.614637,1.614637,1.614637
16770.000000,33.578320,-117.064256,443.378935,33.578550,-117.064240,480.977705,-0.000657,-0.001042,0.001842,1.614275,1.614275,1.614275
16785.000000,33.578314,-117.064257,443.320635,33.578549,-117.064240,480.890614,-0.000655,-0.001038,0.001830,1.613902,1.613902,1.613902
16800.000000,33.578314,-117.064254,441.838247,33.578549,-117.064240,480.800567,-0.000653,-0.001033,0.001819,1.613559,1.613559,1.613559
16815.000000,33.578311,-117.064254,441.948794,33.578548,-117.064240,480.711774,-0.000651,-0.001029,0.001807,1.613232,1.613232,1.613232
16830.000000,33.578306,-117.064253,441.616844,33.578547,-117.064240,480.620683,-0.000649,-0.001025,0.001795,1.612874,1.612874,1.612874
16845.000000,33.578253,-117.064176,469.556204,33.578546,-117.064240,480.614336,-0.000649,-0.001028,0.001785,1.612372,1.612372,1.612372
16860.000000,33.578249,-117.064175,469.350467,33.578546,-117.064240,480.607208,-0.000648,-0.001031,0.001775,1.611862,1.611862,1.611862
16875.000000,33.578248,-117.064171,468.756829,33.578545,-117.064240,480.598305,-0.000648,-0.001034,0.001765,1.611365,1.611365,1.611365
16890.000000,33.578244,-117.064171,468.854870,33.578544,-117.064239,480.589531,-0.000647,-0.001037,0.001755,1.610855,1.610855,1.610855
16905.000000,33.578243,-117.064168,467.931205,33.578543,-117.064239,480.577860,-0.000647,-0.001040,0.001745,1.610353,1.610353,1.610353
16920.000000,33.578238,-117.064169,467.610973,33.578542,-117.064239,480.564857,-0.000646,-0.001043,0.001735,1.609833,1.609833,1.609833
16935.000000,33.578234,-117.064167,466.815084,33.578541,-117.064239,480.549238,-0.000645,-0.001045,0.001725,1.609312,1.609312,1.609312
16950.000000,33.578232,-117.064163,466.043181,33.578540,-117.064238,480.531262,-0.000644,-0.001048,0.001714,1.608800,1.608800,1.608800
16965.000000,33.578226,-117.064165,465.983758,33.578539,-117.064238,480.512773,-0.000644,-0.001051,0.001703,1.608269,1.608269,1.608269
16980.000000,33.578227,-117.064161,465.520348,33.578538,-117.064238,480.493113,-0.000643,-0.001053,0.001693,1.607756,1.607756,1.607756
16995.000000,33.578222,-117.064158,465.398852,33.578537,-117.064238,480.472777,-0.000642,-0.001056,0.001682,1.607226,1.607226,1.607226
17010.000000,33.578219,-117.064158,465.267968,33.578537,-117.064237,480.451944,-0.000641,-0.001059,0.001671,1.606692,1.606692,1.606692
17025.000000,33.578216,-117.064155,464.303189,33.578536,-117.064237,480.428090,-0.000640,-0.001061,0.001660,1.606164,1.606164,1.606164
17040.000000,33.578212,-117.064155,463.562642,33.578535,-117.064237,480.401842,-0.000638,-0.001064,0.001648,1.605636,1.605636,1.605636
17055.000000,33.578210,-117.064153,463.297551,33.578534,-117.064237,480.374712,-0.000637,-0.001066,0.001637,1.605105,1.605105,1.605105
17070.000000,33.578208,-117.064152,463.449293,33.578533,-117.064236,480.347800,-0.000636,-0.001069,0.001626,1.604558,1.604558,1.604558
17085.000000,33.578205,-117.064150,463.354370,33.578532,-117.064236,480.320678,-0.000635,-0.001072,0.001614,1.604015,1.604015,1.604015
17100.000000,33.578203,-117.064148,463.065887,33.578531,-117.064236,480.292709,-0.000633,-0.001074,0.001603,1.603474,1.603474,1.603474
17115.000000,33.578198,-117.064147,462.479847,33.578530,-117.064236,480.262236,-0.000632,-0.001077,0.001591,1.602904,1.602904,1.602904
17130.000000,33.578193,-117.064145,462.095774,33.578529,-117.064235,480.230577,-0.000630,-0.001079,0.001579,1.602337,1.602337,1.602337
17145.000000,33.578192,-117.064144,461.152866,33.578528,-117.064235,480.196114,-0.000629,-0.001081,0.001567,1.601780,1.601780,1.601780
17160.000000,33.578190,-117.064141,461.121416,33.578527,-117.064235,480.161320,-0.000627,-0.001084,0.001555,1.601211,1.601211,1.601211
17175.000000,33.578187,-117.064139,460.858337,33.578526,-117.064234,480.125663,-0.000625,-0.001086,0.001543,1.600640,1.600640,1.600640
17190.000000,33.578184,-117.064137,460.244563,33.578524,-117.064234,480.087764,-0.000624,-0.001089,0.001530,1.600058,1.600058,1.600058
17205.000000,33.578180,-117.064136,460.042966,33.578523,-117.064234,480.049110,-0.000622,-0.001091,0.001518,1.599470,1.599470,1.599470
17220.000000,33.578177,-117.064136,459.402055,33.578522,-117.064233,480.007813,-0.000620,-0.001093,0.001505,1.598859,1.598859,1.598859
17235.000000,33.578175,-117.064132,459.172677,33.578521,-117.064233,479.966176,-0.000618,-0.001095,0.001493,1.598261,1.598261,1.598261
17250.000000,33.578172,-117.064132,459.207951,33.578520,-117.064233,479.924630,-0.000616,-0.001098,0.001480,1.597659,1.597659,1.597659
17265.000000,33.578169,-117.064132,458.935087,33.578519,-117.064232,479.881946,-0.000614,-0.001100,0.001467,1.597045,1.597045,1.597045
17280.000000,33.578168,-117.064130,458.066124,33.578518,-117.064232,479.836126,-0.000612,-0.001102,0.001454,1.596421,1.596421,1.596421
17295.000000,33.578166,-117.064128,458.128701,33.578517,-117.064232,479.790468,-0.000610,-0.001104,0.001441,1.595790,1.595790,1.595790
17310.000000,33.578162,-117.064129,457.529195,33.578516,-117.064231,479.742447,-0.000608,-0.001106,0.001428,1.595145,1.595145,1.595145
17325.000000,33.578158,-117.064128,456.757489,33.578514,-117.064231,479.691577,-0.000606,-0.001108,0.001414,1.594488,1.594488,1.594488
17340.000000,33.578154,-117.064126,456.407493,33.578513,-117.064231,479.639090,-0.000604,-0.001110,0.001401,1.593812,1.593812,1.593812
17355.000000,33.578153,-117.064123,455.990290,33.578512,-117.064230,479.585364,-0.000602,-0.001112,0.001387,1.593139,1.593139,1.593139
17370.000000,33.578150,-117.064122,455.649596,33.578511,-117.064230,479.530438,-0.000599,-0.001114,0.001373,1.592461,1.592461,1.592461
17385.000000,33.578146,-117.064119,454.710458,33.578510,-117.064230,479.472190,-0.000597,-0.001116,0.001359,1.591776,1.591776,1.591776
17400.000000,33.578142,-117.064120,454.306882,33.578509,-117.064229,479.411873,-0.000594,-0.001118,0.001345,1.591065,1.591065,1.591065
17415.000000,33.578139,-117.064120,454.073903,33.578507,-117.064229,479.350847,-0.000592,-0.001120,0.001330,1.590353,1.590353,1.590353
17430.000000,33.578136,-117.064117,453.793796,33.578506,-117.064228,479.289222,-0.000589,-0.001122,0.001316,1.589649,1.589649,1.589649
17445.000000,33.578133,-117.064117,453.591073,33.578505,-117.064228,479.226633,-0.000587,-0.001123,0.001301,1.588931,1.588931,1.588931
17460.000000,33.578132,-117.064114,453.484008,33.578504,-117.064228,479.163639,-0.000584,-0.001125,0.001287,1.588209,1.588209,1.588209
17475.000000,33.578129,-117.064113,452.727796,33.578502,-117.064227,479.097664,-0.000581,-0.001127,0.001272,1.587471,1.587471,1.587471
17490.000000,33.578126,-117.064113,452.689078,33.578501,-117.064227,479.031664,-0.000579,-0.001129,0.001257,1.586732,1.586732,1.586732
17505.000000,33.578123,-117.064112,452.223705,33.578500,-117.064227,478.963222,-0.000576,-0.001130,0.001242,1.585965,1.585965,1.585965
17520.000000,33.578120,-117.064113,451.959709,33.578498,-117.064226,478.893565,-0.000573,-0.001132,0.001227,1.585184,1.585184,1.585184
17535.000000,33.578116,-117.064111,451.120352,33.578497,-117.064226,478.820606,-0.000570,-0.001134,0.001212,1.584390,1.584390,1.584390
17550.000000,33.578114,-117.064108,450.686115,33.578496,-117.064225,478.746259,-0.000567,-0.001135,0.001196,1.583595,1.583595,1.583595
17565.000000,33.578111,-117.064107,450.394173,33.578494,-117.064225,478.670324,-0.000564,-0.001137,0.001180,1.582779,1.582779,1.582779
17580.000000,33.578109,-117.064106,450.274677,33.578493,-117.064224,478.594095,-0.000561,-0.001138,0.001165,1.581962,1.581962,1.581962
17595.000000,33.578106,-117.064106,449.977934,33.578492,-117.064224,478.516195,-0.000558,-0.001140,0.001149,1.581124,1.581124,1.581124
17610.000000,33.578106,-117.064102,450.092828,33.578490,-117.064224,478.439353,-0.000555,-0.001141,0.001133,1.580298,1.580298,1.580298
17625.000000,33.578101,-117.064104,449.656421,33.578489,-117.064223,478.359953,-0.000552,-0.001143,0.001117,1.579439,1.579439,1.579439
17640.000000,33.578099,-117.064102,448.902103,33.578488,-117.064223,478.277617,-0.000549,-0.001144,0.001101,1.578571,1.578571,1.578571
17655.000000,33.578096,-117.064100,448.592888,33.578486,-117.064222,478.194393,-0.000546,-0.001146,0.001085,1.577703,1.577703,1.577703
17670.000000,33.578093,-117.064099,447.561108,33.578485,-117.064222,478.106962,-0.000542,-0.001147,0.001068,1.576818,1.576818,1.576818
17685.000000,33.578091,-117.064096,447.024546,33.578483,-117.064221,478.017482,-0.000539,-0.001148,0.001051,1.575926,1.575926,1.575926
17700.000000,33.578089,-117.064094,446.652048,33.578482,-117.064221,477.927251,-0.000535,-0.001149,0.001035,1.575043,1.575043,1.575043
17715.000000,33.578087,-117.064095,446.201566,33.578481,-117.064220,477.834474,-0.000532,-0.001150,0.001018,1.574132,1.574132,1.574132
17730.000000,33.578083,-117.064097,446.547996,33.578479,-117.064220,477.741718,-0.000528,-0.001151,0.001001,1.573184,1.573184,1.573184
17745.000000,33.578080,-117.064097,446.713600,33.578478,-117.064219,477.649408,-0.000525,-0.001153,0.000984,1.572226,1.572226,1.572226
17760.000000,33.578077,-117.064096,446.935974,33.578476,-117.064219,477.557836,-0.000522,-0.001154,0.000966,1.571259,1.571259,1.571259
17775.000000,33.578077,-117.064094,446.318714,33.578475,-117.064218,477.463844,-0.000518,-0.001155,0.000949,1.570283,1.570283,1.570283
17790.000000,33.578075,-117.064089,445.513695,33.578473,-117.064218,477.366653,-0.000514,-0.001156,0.000932,1.569298,1.569298,1.569298
17805.000000,33.578072,-117.064088,445.601908,33.578472,-117.064217,477.269762,-0.000511,-0.001157,0.000914,1.568306,1.568306,1.568306
17820.000000,33.578068,-117.064088,445.430800,33.578470,-117.064217,477.171741,-0.000507,-0.001159,0.000897,1.567295,1.567295,1.567295
17835.000000,33.578067,-117.064087,445.214006,33.578469,-117.064216,477.073179,-0.000503,-0.001160,0.000879,1.566285,1.566285,1.566285
17850.000000,33.578064,-117.064087,444.302601,33.578467,-117.064216,476.969777,-0.000499,-0.001161,0.000861,1.565237,1.565237,1.565237
17865.000000,33.578061,-117.064087,444.070495,33.578465,-117.064215,476.865513,-0.000496,-0.001162,0.000843,1.564182,1.564182,1.564182
17880.000000,33.578060,-117.064088,444.356995,33.578464,-117.064215,476.761778,-0.000492,-0.001163,0.000825,1.563107,1.563107,1.563107
17895.000000,33.578057,-117.064087,443.888610,33.578462,-117.064214,476.656026,-0.000488,-0.001164,0.000807,1.562021,1.562021,1.562021
17910.000000,33.578056,-117.064085,443.759993,33.578461,-117.064214,476.549308,-0.000484,-0.001165,0.000788,1.560917,1.560917,1.560917
17925.000000,33.578052,-117.064085,442.870992,33.578459,-117.064213,476.438283,-0.000480,-0.001166,0.000770,1.559787,1.559787,1.559787
17940.000000,33.578051,-117.064084,443.169774,33.578457,-117.064213,476.328157,-0.000476,-0.001167,0.000751,1.558644,1.558644,1.558644
17955.000000,33.578047,-117.064086,442.824718,33.578456,-117.064212,476.215677,-0.000472,-0.001168,0.000732,1.557471,1.557471,1.557471
17970.000000,33.578046,-117.064085,443.304460,33.578454,-117.064212,476.104434,-0.000468,-0.001169,0.000713,1.556274,1.556274,1.556274
17985.000000,33.578044,-117.064083,442.539227,33.578452,-117.064211,475.990058,-0.000464,-0.001170,0.000694,1.555069,1.555069,1.555069
18000.000000,33.578041,-117.064083,442.725018,33.578451,-117.064211,475.876455,-0.000460,-0.001171,0.000675,1.553857,1.553857,1.553857
18015.000000,33.578040,-117.064082,441.705572,33.578449,-117.064210,475.757896,-0.000456,-0.001172,0.000655,1.552620,1.552620,1.552620
18030.000000,33.578038,-117.064082,441.110968,33.578447,-117.064210,475.636298,-0.000452,-0.001173,0.000636,1.551361,1.551361,1.551361
18045.000000,33.578036,-117.064079,440.976353,33.578446,-117.064209,475.514792,-0.000448,-0.001174,0.000616,1.550109,1.550109,1.550109
18060.000000,33.578034,-117.064078,440.759239,33.578444,-117.064208,475.392541,-0.000443,-0.001175,0.000597,1.548853,1.548853,1.548853
18075.000000,33.578031,-117.064078,440.897138,33.578442,-117.064208,475.270416,-0.000439,-0.001175,0.000577,1.547579,1.547579,1.547579
18090.000000,33.578031,-117.064079,440.447080,33.578440,-117.064207,475.145472,-0.000435,-0.001176,0.000557,1.546276,1.546276,1.546276
18105.000000,33.578028,-117.064078,440.094210,33.578439,-117.064207,475.018895,-0.000430,-0.001177,0.000537,1.544962,1.544962,1.544962
18120.000000,33.578025,-117.064078,439.904957,33.578437,-117.064206,474.890987,-0.000426,-0.001177,0.000517,1.543628,1.543628,1.543628
18135.000000,33.578024,-117.064076,439.922314,33.578435,-117.064206,474.762782,-0.000422,-0.001178,0.000497,1.542277,1.542277,1.542277
18150.000000,33.578021,-117.064077,440.199560,33.578433,-117.064205,474.635257,-0.000417,-0.001179,0.000477,1.540908,1.540908,1.540908
18165.000000,33.578020,-117.064078,439.717662,33.578432,-117.064204,474.505295,-0.000413,-0.001180,0.000456,1.539521,1.539521,1.539521
18180.000000,33.578019,-117.064078,439.545463,33.578430,-117.064204,474.373080,-0.000409,-0.001180,0.000436,1.538093,1.538093,1.538093
18195.000000,33.578016,-117.064077,439.348500,33.578428,-117.064203,474.239655,-0.000404,-0.001181,0.000415,1.536648,1.536648,1.536648
18210.000000,33.578015,-117.064075,439.195055,33.578426,-117.064203,474.106568,-0.000400,-0.001182,0.000394,1.535217,1.535217,1.535217
18225.000000,33.578013,-117.064075,439.624847,33.578424,-117.064202,473.975381,-0.000396,-0.001183,0.000374,1.533778,1.533778,1.533778
18240.000000,33.578011,-117.064073,438.891639,33.578422,-117.064202,473.839580,-0.000391,-0.001183,0.000353,1.532299,1.532299,1.532299
18255.000000,33.578010,-117.064074,438.818288,33.578420,-117.064201,473.702876,-0.000387,-0.001184,0.000332,1.530798,1.530798,1.530798
18270.000000,33.578008,-117.064073,438.689396,33.578419,-117.064200,473.565277,-0.000382,-0.001185,0.000311,1.529281,1.529281,1.529281
18285.000000,33.578006,-117.064072,438.195073,33.578417,-117.064200,473.425380,-0.000377,-0.001185,0.000290,1.527754,1.527754,1.527754
18300.000000,33.578004,-117.064075,438.364497,33.578415,-117.064199,473.285418,-0.000373,-0.001186,0.000268,1.526199,1.526199,1.526199
18315.000000,33.578001,-117.064073,437.753413,33.578413,-117.064199,473.142369,-0.000368,-0.001187,0.000247,1.524627,1.524627,1.524627
18330.000000,33.578000,-117.064074,437.959614,33.578411,-117.064198,472.999016,-0.000364,-0.001187,0.000225,1.523019,1.523019,1.523019
18345.000000,33.577998,-117.064073,437.333720,33.578409,-117.064197,472.853254,-0.000359,-0.001188,0.000203,1.521412,1.521412,1.521412
18360.000000,33.577997,-117.064071,437.143349,33.578407,-117.064197,472.705815,-0.000354,-0.001188,0.000182,1.519777,1.519777,1.519777
18375.000000,33.577996,-117.064070,437.118444,33.578405,-117.064196,472.559101,-0.000350,-0.001189,0.000160,1.518151,1.518151,1.518151
18390.000000,33.577994,-117.064070,436.835520,33.578403,-117.064196,472.410627,-0.000345,-0.001189,0.000138,1.516505,1.516505,1.516505
18405.000000,33.577991,-117.064069,436.399113,33.578401,-117.064195,472.259994,-0.000340,-0.001190,0.000116,1.514846,1.514846,1.514846
18420.000000,33.577989,-117.064070,436.407655,33.578399,-117.064194,472.107723,-0.000336,-0.001190,0.000094,1.513142,1.513142,1.513142
18435.000000,33.577988,-117.064071,436.494398,33.578397,-117.064194,471.954564,-0.000331,-0.001191,0.000071,1.511400,1.511400,1.511400
18450.000000,33.577986,-117.064072,436.625530,33.578395,-117.064193,471.800908,-0.000326,-0.001191,0.000049,1.509624,1.509624,1.509624
18465.000000,33.577987,-117.064072,436.426080,33.578393,-117.064192,471.645456,-0.000321,-0.001192,0.000026,1.507819,1.507819,1.507819
18480.000000,33.577985,-117.064074,436.327655,33.578391,-117.064192,471.487828,-0.000317,-0.001192,0.000004,1.505966,1.505966,1.505966
18495.000000,33.577984,-117.064071,435.755047,33.578389,-117.064191,471.329550,-0.000312,-0.001192,-0.000019,1.504149,1.504149,1.504149
18510.000000,33.577982,-117.064072,436.431651,33.578387,-117.064191,471.174731,-0.000307,-0.001193,-0.000042,1.502324,1.502324,1.502324
18525.000000,33.577981,-117.064070,436.195367,33.578385,-117.064190,471.018169,-0.000302,-0.001193,-0.000064,1.500475,1.500475,1.500475
18540.000000,33.577978,-117.064071,436.234767,33.578383,-117.064189,470.860960,-0.000298,-0.001194,-0.000087,1.498597,1.498597,1.498597
18555.000000,33.577978,-117.064071,435.583575,33.578380,-117.064189,470.700174,-0.000293,-0.001194,-0.000110,1.496701,1.496701,1.496701
18570.000000,33.577977,-117.064071,436.214061,33.578378,-117.064188,470.542525,-0.000288,-0.001195,-0.000133,1.494793,1.494793,1.494793
18585.000000,33.577973,-117.064071,435.901241,33.578376,-117.064187,470.381311,-0.000284,-0.001195,-0.000156,1.492830,1.492830,1.492830
18600.000000,33.577973,-117.064070,435.548775,33.578374,-117.064187,470.217761,-0.000279,-0.001196,-0.000179,1.490843,1.490843,1.490843
18615.000000,33.577971,-117.064069,435.646666,33.578372,-117.064186,470.054726,-0.000274,-0.001197,-0.000203,1.488845,1.488845,1.488845
18630.000000,33.577972,-117.064070,435.280704,33.578370,-117.064185,469.889732,-0.000269,-0.001197,-0.000226,1.486833,1.486833,1.486833
18645.000000,33.577970,-117.064068,434.832516,33.578367,-117.064185,469.722217,-0.000264,-0.001197,-0.000249,1.484805,1.484805,1.484805
18660.000000,33.577969,-117.064067,435.263917,33.578365,-117.064184,469.556514,-0.000259,-0.001198,-0.000273,1.482755,1.482755,1.482755
18675.000000,33.577970,-117.064067,435.175873,33.578363,-117.064183,469.390751,-0.000254,-0.001198,-0.000296,1.480701,1.480701,1.480701
18690.000000,33.577968,-117.064067,434.931875,33.578361,-117.064183,469.224083,-0.000250,-0.001199,-0.000319,1.478643,1.478643,1.478643
18705.000000,33.577966,-117.064069,434.921280,33.578359,-117.064182,469.055972,-0.000245,-0.001199,-0.000343,1.476543,1.476543,1.476543
18720.000000,33.577964,-117.064068,435.118156,33.578357,-117.064181,468.888173,-0.000240,-0.001199,-0.000367,1.474414,1.474414,1.474414
18735.000000,33.577963,-117.064069,435.010175,33.578354,-117.064181,468.718496,-0.000235,-0.001200,-0.000390,1.472243,1.472243,1.472243
18750.000000,33.577962,-117.064069,435.003921,33.578352,-117.064180,468.549320,-0.000230,-0.001200,-0.000414,1.470071,1.470071,1.470071
18765.000000,33.577962,-117.064067,435.176447,33.578350,-117.064180,468.382430,-0.000226,-0.001201,-0.000437,1.467916,1.467916,1.467916
18780.000000,33.577961,-117.064067,435.883522,33.578348,-117.064179,468.218598,-0.000221,-0.001202,-0.000461,1.465732,1.465732,1.465732
18795.000000,33.577960,-117.064067,435.592984,33.578345,-117.064178,468.053116,-0.000216,-0.001202,-0.000484,1.463532,1.463532,1.463532
18810.000000,33.577959,-117.064068,435.760804,33.578343,-117.064178,467.887192,-0.000212,-0.001203,-0.000508,1.461288,1.461288,1.461288
18825.000000,33.577959,-117.064068,436.056732,33.578341,-117.064177,467.722861,-0.000207,-0.001204,-0.000531,1.459030,1.459030,1.459030
18840.000000,33.577956,-117.064068,435.766018,33.578339,-117.064176,467.557019,-0.000202,-0.001205,-0.000554,1.456760,1.456760,1.456760
18855.000000,33.577956,-117.064068,435.548258,33.578336,-117.064176,467.390033,-0.000198,-0.001206,-0.000578,1.454478,1.454478,1.454478
18870.000000,33.577955,-117.064066,434.906817,33.578334,-117.064175,467.217917,-0.000193,-0.001206,-0.000602,1.452147,1.452147,1.452147
18885.000000,33.577954,-117.064067,434.799271,33.578332,-117.064174,467.044207,-0.000188,-0.001207,-0.000626,1.449779,1.449779,1.449779
18900.000000,33.578304,-117.064227,516.338828,33.578332,-117.064174,467.122110,-0.000191,-0.001211,-0.000623,1.450510,1.450510,1.450510
18915.000000,33.578301,-117.064227,516.408569,33.578331,-117.064174,467.200405,-0.000193,-0.001215,-0.000620,1.451236,1.451236,1.451236
18930.000000,33.578301,-117.064227,516.414486,33.578331,-117.064174,467.278184,-0.000196,-0.001219,-0.000618,1.451968,1.451968,1.451968
18945.000000,33.578301,-117.064226,516.025193,33.578331,-117.064174,467.354992,-0.000199,-0.001223,-0.000615,1.452706,1.452706,1.452706
18960.000000,33.578301,-117.064224,515.926212,33.578331,-117.064174,467.431130,-0.000201,-0.001227,-0.000612,1.453450,1.453450,1.453450
18975.000000,33.578300,-117.064225,515.520376,33.578331,-117.064174,467.506424,-0.000204,-0.001231,-0.000610,1.454197,1.454197,1.454197
18990.000000,33.578299,-117.064227,515.856154,33.578330,-117.064174,467.581927,-0.000206,-0.001234,-0.000607,1.454947,1.454947,1.454947
19005.000000,33.578299,-117.064227,515.826102,33.578330,-117.064174,467.657357,-0.000209,-0.001238,-0.000605,1.455697,1.455697,1.455697
19020.000000,33.578297,-117.064228,515.502365,33.578330,-117.064174,467.732228,-0.000211,-0.001242,-0.000602,1.456447,1.456447,1.456447
19035.000000,33.578299,-117.064229,515.152408,33.578330,-117.064174,467.805999,-0.000214,-0.001246,-0.000600,1.457205,1.457205,1.457205
19050.000000,33.578297,-117.064228,514.708114,33.578330,-117.064174,467.879082,-0.000216,-0.001249,-0.000597,1.457964,1.457964,1.457964
19065.000000,33.578298,-117.064230,514.308291,33.578329,-117.064174,467.951020,-0.000219,-0.001253,-0.000595,1.458731,1.458731,1.458731
19080.000000,33.578299,-117.064230,514.313465,33.578329,-117.064174,468.022603,-0.000221,-0.001256,-0.000592,1.459503,1.459503,1.459503
19095.000000,33.578295,-117.064228,514.561702,33.578329,-117.064174,468.094710,-0.000224,-0.001260,-0.000590,1.460270,1.460270,1.460270
19110.000000,33.578295,-117.064228,514.039664,33.578329,-117.064174,468.165887,-0.000226,-0.001264,-0.000588,1.461041,1.461041,1.461041
19125.000000,33.578295,-117.064229,514.010719,33.578329,-117.064174,468.237035,-0.000228,-0.001267,-0.000585,1.461809,1.461809,1.461809
19140.000000,33.578295,-117.064228,513.668458,33.578328,-117.064174,468.307259,-0.000231,-0.001271,-0.000583,1.462585,1.462585,1.462585
19155.000000,33.578297,-117.064230,513.214210,33.578328,-117.064174,468.376304,-0.000233,-0.001274,-0.000581,1.463369,1.463369,1.463369
19170.000000,33.578296,-117.064232,513.496461,33.578328,-117.064174,468.445327,-0.000235,-0.001277,-0.000579,1.464158,1.464158,1.464158
19185.000000,33.578294,-117.064231,512.743262,33.578328,-117.064174,468.513297,-0.000238,-0.001281,-0.000576,1.464947,1.464947,1.464947
19200.000000,33.578292,-117.064232,512.222708,33.578328,-117.064174,468.580806,-0.000240,-0.001284,-0.000574,1.465731,1.465731,1.465731
19215.000000,33.578291,-117.064231,512.076136,33.578327,-117.064174,468.647953,-0.000242,-0.001287,-0.000572,1.466518,1.466518,1.466518
19230.000000,33.578289,-117.064232,511.302043,33.578327,-117.064174,468.714772,-0.000245,-0.001290,-0.000570,1.467291,1.467291,1.467291
19245.000000,33.578289,-117.064233,511.947033,33.578327,-117.064175,468.781757,-0.000247,-0.001294,-0.000568,1.468075,1.468075,1.468075
19260.000000,33.578291,-117.064233,511.525676,33.578327,-117.064175,468.847570,-0.000249,-0.001297,-0.000566,1.468869,1.468869,1.468869
19275.000000,33.578292,-117.064232,510.927269,33.578327,-117.064175,468.912060,-0.000251,-0.001300,-0.000564,1.469671,1.469671,1.469671
19290.000000,33.578291,-117.064233,511.153824,33.578326,-117.064175,468.976562,-0.000253,-0.001303,-0.000562,1.470478,1.470478,1.470478
19305.000000,33.578291,-117.064233,510.568551,33.578326,-117.064175,469.040067,-0.000256,-0.001306,-0.000560,1.471287,1.471287,1.471287
19320.000000,33.578290,-117.064235,510.906378,33.578326,-117.064175,469.103475,-0.000258,-0.001309,-0.000558,1.472105,1.472105,1.472105
19335.000000,33.578290,-117.064236,510.189086,33.578326,-117.064175,469.165965,-0.000260,-0.001312,-0.000556,1.472922,1.472922,1.472922
19350.000000,33.578292,-117.064238,510.556327,33.578326,-117.064175,469.228679,-0.000262,-0.001315,-0.000554,1.473742,1.473742,1.473742
19365.000000,33.578290,-117.064238,509.394368,33.578325,-117.064175,469.289993,-0.000264,-0.001317,-0.000552,1.474560,1.474560,1.474560
19380.000000,33.578291,-117.064239,509.111731,33.578325,-117.064175,469.350749,-0.000266,-0.001320,-0.000551,1.475382,1.475382,1.475382
19395.000000,33.578290,-117.064240,508.869836,33.578325,-117.064175,469.410980,-0.000268,-0.001323,-0.000549,1.476206,1.476206,1.476206
19410.000000,33.578289,-117.064241,508.384802,33.578325,-117.064175,469.470695,-0.000270,-0.001326,-0.000547,1.477028,1.477028,1.477028
19425.000000,33.578289,-117.064241,507.631232,33.578325,-117.064175,469.529451,-0.000272,-0.001328,-0.000545,1.477849,1.477849,1.477849
19440.000000,33.578290,-117.064240,507.767791,33.578324,-117.064175,469.587769,-0.000274,-0.001331,-0.000544,1.478681,1.478681,1.478681
19455.000000,33.578286,-117.064242,507.668835,33.578324,-117.064175,469.646347,-0.000276,-0.001333,-0.000542,1.479504,1.479504,1.479504
19470.000000,33.578286,-117.064243,507.268175,33.578324,-117.064175,469.704365,-0.000278,-0.001336,-0.000540,1.480328,1.480328,1.480328
19485.000000,33.578287,-117.064245,506.822059,33.578324,-117.064175,469.761522,-0.000280,-0.001339,-0.000539,1.481157,1.481157,1.481157
19500.000000,33.578287,-117.064245,506.337561,33.578324,-117.064175,469.817869,-0.000282,-0.001341,-0.000537,1.481989,1.481989,1.481989
19515.000000,33.578287,-117.064246,506.132774,33.578323,-117.064175,469.873711,-0.000284,-0.001343,-0.000535,1.482826,1.482826,1.482826
19530.000000,33.578287,-117.064246,505.851257,33.578323,-117.064175,469.929011,-0.000286,-0.001346,-0.000534,1.483665,1.483665,1.483665
19545.000000,33.578286,-117.064248,505.757731,33.578323,-117.064175,469.984185,-0.000288,-0.001348,-0.000532,1.484504,1.484504,1.484504
19560.000000,33.578285,-117.064248,505.627008,33.578323,-117.064175,470.038985,-0.000290,-0.001351,-0.000531,1.485347,1.485347,1.485347
19575.000000,33.578284,-117.064248,505.016677,33.578322,-117.064175,470.092904,-0.000292,-0.001353,-0.000529,1.486191,1.486191,1.486191
19590.000000,33.578286,-117.064250,504.445352,33.578322,-117.064175,470.145943,-0.000294,-0.001355,-0.000528,1.487039,1.487039,1.487039
19605.000000,33.578285,-117.064249,503.808016,33.578322,-117.064175,470.198008,-0.000295,-0.001357,-0.000527,1.487890,1.487890,1.487890
19620.000000,33.578286,-117.064251,503.066713,33.578322,-117.064175,470.249332,-0.000297,-0.001359,-0.000525,1.488738,1.488738,1.488738
19635.000000,33.578286,-117.064252,503.265803,33.578322,-117.064175,470.300539,-0.000299,-0.001362,-0.000524,1.489592,1.489592,1.489592
19650.000000,33.578283,-117.064254,502.935811,33.578321,-117.064175,470.351483,-0.000301,-0.001364,-0.000523,1.490442,1.490442,1.490442
19665.000000,33.578283,-117.064254,502.270765,33.578321,-117.064175,470.401424,-0.000303,-0.001366,-0.000521,1.491297,1.491297,1.491297
19680.000000,33.578304,-117.064177,520.600902,33.578321,-117.064175,470.483331,-0.000305,-0.001370,-0.000518,1.491994,1.491994,1.491994
19695.000000,33.578302,-117.064179,519.138453,33.578321,-117.064175,470.562833,-0.000307,-0.001374,-0.000516,1.492696,1.492696,1.492696
19710.000000,33.578304,-117.064176,520.195383,33.578321,-117.064175,470.643102,-0.000309,-0.001378,-0.000513,1.493407,1.493407,1.493407
19725.000000,33.578306,-117.064173,520.403008,33.578321,-117.064175,470.723002,-0.000311,-0.001382,-0.000510,1.494126,1.494126,1.494126
19740.000000,33.578305,-117.064176,519.346533,33.578320,-117.064175,470.801610,-0.000313,-0.001385,-0.000508,1.494842,1.494842,1.494842
19755.000000,33.578302,-117.064179,519.161145,33.578320,-117.064175,470.880318,-0.000315,-0.001389,-0.000505,1.495552,1.495552,1.495552
19770.000000,33.578305,-117.064174,519.366913,33.578320,-117.064175,470.958507,-0.000317,-0.001393,-0.000502,1.496272,1.496272,1.496272
19785.000000,33.578305,-117.064172,519.253207,33.578320,-117.064175,471.036193,-0.000319,-0.001397,-0.000500,1.496996,1.496996,1.496996
19800.000000,33.578302,-117.064179,517.877009,33.578320,-117.064175,471.112353,-0.000320,-0.001400,-0.000497,1.497714,1.497714,1.497714
19815.000000,33.578303,-117.064175,518.244742,33.578319,-117.064175,471.188655,-0.000322,-0.001404,-0.000495,1.498436,1.498436,1.498436
19830.000000,33.578303,-117.064171,518.454173,33.578319,-117.064175,471.264698,-0.000324,-0.001408,-0.000492,1.499166,1.499166,1.499166
19845.000000,33.578303,-117.064178,517.144225,33.578319,-117.064175,471.339269,-0.000326,-0.001411,-0.000490,1.499890,1.499890,1.499890
19860.000000,33.578301,-117.064179,516.242482,33.578319,-117.064174,471.412866,-0.000328,-0.001415,-0.000488,1.500608,1.500608,1.500608
19875.000000,33.578303,-117.064176,517.114671,33.578319,-117.064174,471.486565,-0.000330,-0.001418,-0.000485,1.501343,1.501343,1.501343
19890.000000,33.578303,-117.064174,516.768834,33.578319,-117.064174,471.559854,-0.000331,-0.001422,-0.000483,1.502076,1.502076,1.502076
19905.000000,33.578301,-117.064179,515.379852,33.578318,-117.064174,471.631628,-0.000333,-0.001425,-0.000480,1.502802,1.502802,1.502802
19920.000000,33.578302,-117.064176,516.907734,33.578318,-117.064174,471.704645,-0.000335,-0.001429,-0.000478,1.503539,1.503539,1.503539
19935.000000,33.578305,-117.064174,516.167305,33.578318,-117.064174,471.775900,-0.000337,-0.001432,-0.000476,1.504289,1.504289,1.504289
19950.000000,33.578301,-117.064180,514.912837,33.578318,-117.064174,471.845915,-0.000338,-0.001435,-0.000474,1.505031,1.505031,1.505031
19965.000000,33.578303,-117.064176,514.335443,33.578318,-117.064174,471.914720,-0.000340,-0.001438,-0.000471,1.505779,1.505779,1.505779
19980.000000,33.578303,-117.064175,514.758295,33.578317,-117.064174,471.983842,-0.000342,-0.001442,-0.000469,1.506531,1.506531,1.506531
19995.000000,33.578303,-117.064180,513.481124,33.578317,-117.064174,472.051017,-0.000343,-0.001445,-0.000467,1.507286,1.507286,1.507286
20010.000000,33.578304,-117.064182,513.256479,33.578317,-117.064174,472.117984,-0.000345,-0.001448,-0.000465,1.508039,1.508039,1.508039
20025.000000,33.578305,-117.064176,513.903395,33.578317,-117.064174,472.185358,-0.000346,-0.001451,-0.000463,1.508798,1.508798,1.508798
20040.000000,33.578304,-117.064179,513.114415,33.578317,-117.064174,472.251736,-0.000348,-0.001454,-0.000461,1.509556,1.509556,1.509556
20055.000000,33.578304,-117.064182,512.884079,33.578317,-117.064174,472.317781,-0.000350,-0.001457,-0.000459,1.510313,1.510313,1.510313
20070.000000,33.578305,-117.064177,513.144414,33.578316,-117.064174,472.383507,-0.000351,-0.001460,-0.000457,1.511081,1.511081,1.511081
20085.000000,33.578347,-117.064312,523.567317,33.578316,-117.064174,472.462141,-0.000354,-0.001462,-0.000454,1.511851,1.511851,1.511851
20100.000000,33.578349,-117.064315,523.885093,33.578316,-117.064174,472.540406,-0.000357,-0.001465,-0.000451,1.512630,1.512630,1.512630
20115.000000,33.578346,-117.064312,524.235635,33.578316,-117.064174,472.619373,-0.000360,-0.001468,-0.000448,1.513405,1.513405,1.513405
20130.000000,33.578349,-117.064317,522.970988,33.578316,-117.064174,472.696221,-0.000363,-0.001471,-0.000445,1.514187,1.514187,1.514187
20145.000000,33.578348,-117.064317,522.643745,33.578316,-117.064174,472.772625,-0.000365,-0.001474,-0.000442,1.514968,1.514968,1.514968
20160.000000,33.578349,-117.064314,522.935314,33.578316,-117.064174,472.848673,-0.000368,-0.001476,-0.000439,1.515759,1.515759,1.515759
20175.000000,33.578351,-117.064318,521.515903,33.578316,-117.064175,472.922820,-0.000371,-0.001479,-0.000436,1.516551,1.516551,1.516551
20190.000000,33.578352,-117.064317,520.944227,33.578315,-117.064175,472.995802,-0.000373,-0.001481,-0.000434,1.517349,1.517349,1.517349
20205.000000,33.578350,-117.064319,521.460692,33.578315,-117.064175,473.069339,-0.000376,-0.001484,-0.000431,1.518147,1.518147,1.518147
20220.000000,33.578349,-117.064321,520.459038,33.578315,-117.064175,473.141667,-0.000379,-0.001486,-0.000428,1.518945,1.518945,1.518945
20235.000000,33.578349,-117.064321,520.955583,33.578315,-117.064175,473.214252,-0.000381,-0.001489,-0.000426,1.519746,1.519746,1.519746
20250.000000,33.578350,-117.064321,520.091452,33.578315,-117.064175,473.285782,-0.000384,-0.001491,-0.000423,1.520547,1.520547,1.520547
20265.000000,33.578352,-117.064326,518.889222,33.578315,-117.064175,473.355263,-0.000386,-0.001494,-0.000420,1.521356,1.521356,1.521356
20280.000000,33.578350,-117.064323,519.556400,33.578315,-117.064175,473.425382,-0.000389,-0.001496,-0.000418,1.522167,1.522167,1.522167
20295.000000,33.578353,-117.064325,518.121487,33.578315,-117.064176,473.493572,-0.000392,-0.001498,-0.000415,1.522981,1.522981,1.522981
20310.000000,33.578349,-117.064327,517.925619,33.578314,-117.064176,473.561828,-0.000394,-0.001500,-0.000413,1.523788,1.523788,1.523788
20325.000000,33.578351,-117.064329,517.545742,33.578314,-117.064176,473.629114,-0.000397,-0.001502,-0.000410,1.524603,1.524603,1.524603
20340.000000,33.578351,-117.064328,516.983907,33.578314,-117.064176,473.695688,-0.000399,-0.001505,-0.000408,1.525418,1.525418,1.525418
20355.000000,33.578352,-117.064332,515.899848,33.578314,-117.064176,473.760837,-0.000401,-0.001507,-0.000406,1.526235,1.526235,1.526235
20370.000000,33.578354,-117.064332,515.740467,33.578314,-117.064176,473.825589,-0.000404,-0.001509,-0.000403,1.527054,1.527054,1.527054
20385.000000,33.578354,-117.064334,514.844566,33.578314,-117.064176,473.889110,-0.000406,-0.001510,-0.000401,1.527875,1.527875,1.527875
20400.000000,33.578354,-117.064337,514.493024,33.578314,-117.064176,473.952160,-0.000409,-0.001512,-0.000399,1.528696,1.528696,1.528696
20415.000000,33.578355,-117.064340,514.202622,33.578314,-117.064177,474.014512,-0.000411,-0.001514,-0.000397,1.529523,1.529523,1.529523
20430.000000,33.578357,-117.064340,512.996705,33.578314,-117.064177,474.075386,-0.000413,-0.001516,-0.000394,1.530351,1.530351,1.530351
20445.000000,33.578357,-117.064340,512.594592,33.578313,-117.064177,474.135797,-0.000416,-0.001517,-0.000392,1.531177,1.531177,1.531177
20460.000000,33.578357,-117.064341,512.182363,33.578313,-117.064177,474.195310,-0.000418,-0.001519,-0.000390,1.532011,1.532011,1.532011
20475.000000,33.578358,-117.064345,511.583692,33.578313,-117.064177,474.254018,-0.000420,-0.001521,-0.000388,1.532846,1.532846,1.532846
20490.000000,33.578357,-117.064345,511.061962,33.578313,-117.064177,474.312159,-0.000423,-0.001522,-0.000386,1.533679,1.533679,1.533679
20505.000000,33.578315,-117.064297,520.300471,33.578313,-117.064177,474.389152,-0.000425,-0.001525,-0.000383,1.534372,1.534372,1.534372
20520.000000,33.578320,-117.064293,519.739060,33.578313,-117.064177,474.464719,-0.000428,-0.001528,-0.000381,1.535076,1.535076,1.535076
20535.000000,33.578237,-117.064408,538.803267,33.578313,-117.064178,474.568218,-0.000432,-0.001532,-0.000378,1.535743,1.535743,1.535743
20550.000000,33.578238,-117.064407,538.354766,33.578312,-117.064178,474.670966,-0.000437,-0.001536,-0.000375,1.536410,1.536410,1.536410
20565.000000,33.578237,-117.064403,539.152827,33.578312,-117.064178,474.773724,-0.000441,-0.001540,-0.000372,1.537088,1.537088,1.537088
20580.000000,33.578236,-117.064410,538.394158,33.578312,-117.064179,474.875439,-0.000446,-0.001544,-0.000369,1.537765,1.537765,1.537765
20595.000000,33.578237,-117.064406,538.418132,33.578312,-117.064179,474.976640,-0.000450,-0.001548,-0.000367,1.538448,1.538448,1.538448
20610.000000,33.578237,-117.064406,537.688691,33.578311,-117.064179,475.076939,-0.000455,-0.001552,-0.000364,1.539128,1.539128,1.539128
20625.000000,33.578237,-117.064408,537.100237,33.578311,-117.064179,475.175973,-0.000459,-0.001556,-0.000361,1.539813,1.539813,1.539813
20640.000000,33.578240,-117.064407,537.165544,33.578311,-117.064180,475.273890,-0.000463,-0.001560,-0.000359,1.540511,1.540511,1.540511
20655.000000,33.578236,-117.064410,536.244412,33.578311,-117.064180,475.371204,-0.000468,-0.001564,-0.000356,1.541200,1.541200,1.541200
20670.000000,33.578238,-117.064408,536.189073,33.578310,-117.064180,475.467546,-0.000472,-0.001568,-0.000353,1.541900,1.541900,1.541900
20685.000000,33.578237,-117.064408,536.101674,33.578310,-117.064180,475.563731,-0.000476,-0.001572,-0.000351,1.542598,1.542598,1.542598
20700.000000,33.578238,-117.064411,535.218494,33.578310,-117.064181,475.658400,-0.000480,-0.001575,-0.000348,1.543300,1.543300,1.543300
20715.000000,33.578239,-117.064406,535.824768,33.578310,-117.064181,475.752747,-0.000484,-0.001579,-0.000346,1.544015,1.544015,1.544015
20730.000000,33.578237,-117.064408,534.576310,33.578309,-117.064181,475.845709,-0.000488,-0.001583,-0.000343,1.544725,1.544725,1.544725
20745.000000,33.578237,-117.064409,534.301043,33.578309,-117.064181,475.938038,-0.000492,-0.001586,-0.000341,1.545438,1.545438,1.545438
20760.000000,33.578237,-117.064408,533.901253,33.578309,-117.064182,476.029255,-0.000496,-0.001590,-0.000339,1.546157,1.546157,1.546157
20775.000000,33.578236,-117.064410,533.400103,33.578308,-117.064182,476.119512,-0.000500,-0.001593,-0.000336,1.546880,1.546880,1.546880
20790.000000,33.578239,-117.064408,532.735995,33.578308,-117.064182,476.208509,-0.000504,-0.001596,-0.000334,1.547607,1.547607,1.547607
20805.000000,33.578237,-117.064407,532.377908,33.578308,-117.064182,476.296870,-0.000508,-0.001600,-0.000332,1.548335,1.548335,1.548335
20820.000000,33.578238,-117.064407,532.185558,33.578308,-117.064182,476.384623,-0.000512,-0.001603,-0.000330,1.549067,1.549067,1.549067
20835.000000,33.578238,-117.064409,530.984963,33.578307,-117.064183,476.470796,-0.000516,-0.001606,-0.000327,1.549798,1.549798,1.549798
20850.000000,33.578237,-117.064407,531.121197,33.578307,-117.064183,476.556989,-0.000519,-0.001609,-0.000325,1.550531,1.550531,1.550531
20865.000000,33.578237,-117.064409,530.693300,33.578307,-117.064183,476.642521,-0.000523,-0.001612,-0.000323,1.551263,1.551263,1.551263
20880.000000,33.578237,-117.064408,530.115883,33.578307,-117.064183,476.726516,-0.000527,-0.001616,-0.000321,1.552007,1.552007,1.552007
20895.000000,33.578240,-117.064406,529.012358,33.578307,-117.064184,476.809039,-0.000530,-0.001618,-0.000319,1.552751,1.552751,1.552751
20910.000000,33.578240,-117.064410,528.458115,33.578306,-117.064184,476.890856,-0.000534,-0.001621,-0.000317,1.553494,1.553494,1.553494
20925.000000,33.578239,-117.064408,528.795737,33.578306,-117.064184,476.972565,-0.000538,-0.001624,-0.000315,1.554243,1.554243,1.554243
20940.000000,33.578239,-117.064408,527.608094,33.578306,-117.064184,477.053056,-0.000541,-0.001627,-0.000313,1.554987,1.554987,1.554987
20955.000000,33.578242,-117.064412,527.234078,33.578306,-117.064185,477.132390,-0.000545,-0.001630,-0.000311,1.555741,1.555741,1.555741
20970.000000,33.578241,-117.064410,526.636341,33.578305,-117.064185,477.210936,-0.000548,-0.001633,-0.000309,1.556495,1.556495,1.556495
20985.000000,33.578238,-117.064411,526.643345,33.578305,-117.064185,477.289618,-0.000551,-0.001635,-0.000307,1.557245,1.557245,1.557245
21000.000000,33.578239,-117.064408,526.261941,33.578305,-117.064185,477.367419,-0.000555,-0.001638,-0.000305,1.558001,1.558001,1.558001
21015.000000,33.578240,-117.064408,525.027600,33.578305,-117.064185,477.443672,-0.000558,-0.001640,-0.000304,1.558756,1.558756,1.558756
21030.000000,33.578241,-117.064411,524.060931,33.578304,-117.064186,477.518509,-0.000562,-0.001643,-0.000302,1.559514,1.559514,1.559514
21045.000000,33.578239,-117.064410,524.141226,33.578304,-117.064186,477.593340,-0.000565,-0.001645,-0.000300,1.560273,1.560273,1.560273
21060.000000,33.578238,-117.064406,524.025006,33.578304,-117.064186,477.667990,-0.000568,-0.001648,-0.000299,1.561031,1.561031,1.561031
21075.000000,33.578239,-117.064410,523.268360,33.578304,-117.064186,477.741263,-0.000571,-0.001650,-0.000297,1.561795,1.561795,1.561795
21090.000000,33.578243,-117.064413,521.887855,33.578303,-117.064187,477.812811,-0.000575,-0.001653,-0.000295,1.562560,1.562560,1.562560
21105.000000,33.578241,-117.064412,521.596528,33.578303,-117.064187,477.883523,-0.000578,-0.001655,-0.000294,1.563332,1.563332,1.563332
21120.000000,33.578240,-117.064410,521.400257,33.578303,-117.064187,477.954116,-0.000581,-0.001657,-0.000292,1.564101,1.564101,1.564101
21135.000000,33.578238,-117.064407,520.813473,33.578303,-117.064187,478.024120,-0.000584,-0.001659,-0.000291,1.564867,1.564867,1.564867
21150.000000,33.578240,-117.064411,519.909290,33.578302,-117.064188,478.092628,-0.000587,-0.001661,-0.000289,1.565639,1.565639,1.565639
21165.000000,33.578241,-117.064412,518.894243,33.578302,-117.064188,478.159514,-0.000590,-0.001663,-0.000288,1.566418,1.566418,1.566418
21180.000000,33.578241,-117.064414,518.149843,33.578302,-117.064188,478.225523,-0.000593,-0.001665,-0.000286,1.567196,1.567196,1.567196
21195.000000,33.578243,-117.064409,517.078623,33.578302,-117.064188,478.289910,-0.000596,-0.001667,-0.000285,1.567980,1.567980,1.567980
21210.000000,33.578240,-117.064409,517.451840,33.578301,-117.064188,478.354762,-0.000599,-0.001669,-0.000284,1.568762,1.568762,1.568762
21225.000000,33.578241,-117.064414,516.755422,33.578301,-117.064189,478.418693,-0.000602,-0.001671,-0.000282,1.569545,1.569545,1.569545
21240.000000,33.578242,-117.064413,515.693364,33.578301,-117.064189,478.481271,-0.000604,-0.001673,-0.000281,1.570330,1.570330,1.570330
21255.000000,33.578241,-117.064414,515.134226,33.578301,-117.064189,478.543387,-0.000607,-0.001675,-0.000280,1.571109,1.571109,1.571109
21270.000000,33.578241,-117.064410,514.292188,33.578301,-117.064189,478.604148,-0.000610,-0.001676,-0.000279,1.571895,1.571895,1.571895
21285.000000,33.578242,-117.064412,513.285958,33.578300,-117.064190,478.663962,-0.000613,-0.001678,-0.000278,1.572675,1.572675,1.572675
21300.000000,33.578243,-117.064413,512.620000,33.578300,-117.064190,478.722580,-0.000615,-0.001679,-0.000277,1.573463,1.573463,1.573463
21315.000000,33.578241,-117.064413,512.041024,33.578300,-117.064190,478.780709,-0.000618,-0.001681,-0.000276,1.574246,1.574246,1.574246
21330.000000,33.578241,-117.064415,511.058172,33.578300,-117.064190,478.837547,-0.000621,-0.001682,-0.000274,1.575032,1.575032,1.575032
21345.000000,33.578243,-117.064415,510.437485,33.578299,-117.064190,478.893164,-0.000623,-0.001684,-0.000274,1.575828,1.575828,1.575828
21360.000000,33.578245,-117.064416,509.412035,33.578299,-117.064191,478.947696,-0.000626,-0.001685,-0.000273,1.576622,1.576622,1.576622
21375.000000,33.578244,-117.064422,508.663817,33.578299,-117.064191,479.001242,-0.000628,-0.001686,-0.000272,1.577417,1.577417,1.577417
21390.000000,33.578244,-117.064415,508.106111,33.578299,-117.064191,479.054190,-0.000631,-0.001687,-0.000271,1.578211,1.578211,1.578211
21405.000000,33.578243,-117.064416,507.459053,33.578299,-117.064191,479.106320,-0.000633,-0.001689,-0.000270,1.579005,1.579005,1.579005
21420.000000,33.578244,-117.064416,507.156463,33.578298,-117.064192,479.157753,-0.000636,-0.001690,-0.000269,1.579808,1.579808,1.579808
21435.000000,33.578246,-117.064416,505.627091,33.578298,-117.064192,479.207658,-0.000638,-0.001691,-0.000268,1.580603,1.580603,1.580603
21450.000000,33.578244,-117.064419,505.417854,33.578298,-117.064192,479.257314,-0.000641,-0.001692,-0.000268,1.581398,1.581398,1.581398
21465.000000,33.578245,-117.064419,504.536994,33.578298,-117.064192,479.305730,-0.000643,-0.001693,-0.000267,1.582199,1.582199,1.582199
21480.000000,33.578244,-117.064420,503.774688,33.578297,-117.064192,479.353578,-0.000645,-0.001694,-0.000266,1.582989,1.582989,1.582989
21495.000000,33.578245,-117.064419,502.988464,33.578297,-117.064193,479.400248,-0.000648,-0.001695,-0.000265,1.583788,1.583788,1.583788
21510.000000,33.578244,-117.064420,502.746524,33.578297,-117.064193,479.446666,-0.000650,-0.001695,-0.000265,1.584584,1.584584,1.584584
21525.000000,33.578246,-117.064421,500.962388,33.578297,-117.064193,479.491102,-0.000652,-0.001696,-0.000264,1.585378,1.585378,1.585378
21540.000000,33.578249,-117.064421,500.014006,33.578296,-117.064193,479.534403,-0.000654,-0.001697,-0.000264,1.586173,1.586173,1.586173
21555.000000,33.578246,-117.064422,499.686821,33.578296,-117.064194,479.577349,-0.000657,-0.001697,-0.000263,1.586966,1.586966,1.586966
21570.000000,33.578248,-117.064419,498.642496,33.578296,-117.064194,479.618934,-0.000659,-0.001698,-0.000263,1.587765,1.587765,1.587765
21585.000000,33.578246,-117.064423,498.096373,33.578296,-117.064194,479.660035,-0.000661,-0.001698,-0.000262,1.588557,1.588557,1.588557
21600.000000,33.578250,-117.064421,496.906089,33.578296,-117.064194,479.699585,-0.000663,-0.001699,-0.000262,1.589357,1.589357,1.589357
21615.000000,33.578247,-117.064424,496.454661,33.578295,-117.064194,479.738846,-0.000665,-0.001699,-0.000262,1.590145,1.590145,1.590145
21630.000000,33.578248,-117.064419,495.866890,33.578295,-117.064195,479.777216,-0.000667,-0.001700,-0.000261,1.590943,1.590943,1.590943
21645.000000,33.578247,-117.064424,494.862586,33.578295,-117.064195,479.814546,-0.000669,-0.001700,-0.000261,1.591734,1.591734,1.591734
21660.000000,33.578250,-117.064421,493.628091,33.578295,-117.064195,479.850427,-0.000671,-0.001700,-0.000261,1.592528,1.592528,1.592528
21675.000000,33.578246,-117.064423,493.362303,33.578295,-117.064195,479.886060,-0.000673,-0.001701,-0.000260,1.593317,1.593317,1.593317
21690.000000,33.578249,-117.064423,492.482882,33.578294,-117.064196,479.920647,-0.000675,-0.001701,-0.000260,1.594107,1.594107,1.594107
21705.000000,33.578247,-117.064424,491.155290,33.578294,-117.064196,479.953784,-0.000677,-0.001701,-0.000260,1.594893,1.594893,1.594893
21720.000000,33.578249,-117.064424,490.555268,33.578294,-117.064196,479.986101,-0.000679,-0.001701,-0.000260,1.595688,1.595688,1.595688
21735.000000,33.578248,-117.064423,489.868191,33.578294,-117.064196,480.017644,-0.000681,-0.001701,-0.000260,1.596481,1.596481,1.596481
21750.000000,33.578250,-117.064423,488.751936,33.578293,-117.064196,480.047952,-0.000683,-0.001701,-0.000260,1.597271,1.597271,1.597271
21765.000000,33.578252,-117.064424,487.723505,33.578293,-117.064197,480.077041,-0.000684,-0.001701,-0.000260,1.598067,1.598067,1.598067
21780.000000,33.578250,-117.064426,487.525500,33.578293,-117.064197,480.105946,-0.000686,-0.001701,-0.000260,1.598855,1.598855,1.598855
21795.000000,33.578251,-117.064427,486.121854,33.578293,-117.064197,480.133217,-0.000688,-0.001700,-0.000260,1.599649,1.599649,1.599649
21810.000000,33.578249,-117.064427,485.438145,33.578293,-117.064197,480.159752,-0.000690,-0.001700,-0.000260,1.600436,1.600436,1.600436
21825.000000,33.578250,-117.064426,484.275760,33.578292,-117.064198,480.184962,-0.000691,-0.001700,-0.000260,1.601226,1.601226,1.601226
21840.000000,33.578250,-117.064430,483.593362,33.578292,-117.064198,480.209381,-0.000693,-0.001699,-0.000260,1.602017,1.602017,1.602017
21855.000000,33.578250,-117.064430,482.566809,33.578292,-117.064198,480.232641,-0.000694,-0.001699,-0.000260,1.602810,1.602810,1.602810
21870.000000,33.578250,-117.064430,481.809934,33.578292,-117.064198,480.255064,-0.000696,-0.001698,-0.000260,1.603593,1.603593,1.603593
21885.000000,33.578252,-117.064429,481.286328,33.578292,-117.064199,480.276874,-0.000698,-0.001698,-0.000261,1.604382,1.604382,1.604382
21900.000000,33.578250,-117.064432,480.415904,33.578291,-117.064199,480.297704,-0.000699,-0.001697,-0.000261,1.605159,1.605159,1.605159
21915.000000,33.578250,-117.064428,479.969230,33.578291,-117.064199,480.318018,-0.000701,-0.001697,-0.000261,1.605946,1.605946,1.605946
21930.000000,33.578252,-117.064432,478.213273,33.578291,-117.064199,480.336353,-0.000702,-0.001696,-0.000262,1.606724,1.606724,1.606724
21945.000000,33.578253,-117.064429,477.553992,33.578291,-117.064199,480.353928,-0.000704,-0.001695,-0.000262,1.607500,1.607500,1.607500
21960.000000,33.578252,-117.064433,476.548166,33.578290,-117.064200,480.370339,-0.000705,-0.001694,-0.000263,1.608271,1.608271,1.608271
21975.000000,33.578252,-117.064433,475.880551,33.578290,-117.064200,480.385984,-0.000707,-0.001694,-0.000263,1.609042,1.609042,1.609042
21990.000000,33.578252,-117.064435,474.364468,33.578290,-117.064200,480.399916,-0.000708,-0.001693,-0.000264,1.609812,1.609812,1.609812
22005.000000,33.578254,-117.064437,473.637240,33.578290,-117.064200,480.412997,-0.000709,-0.001692,-0.000264,1.610580,1.610580,1.610580
22020.000000,33.578253,-117.064435,472.636598,33.578290,-117.064201,480.424890,-0.000711,-0.001690,-0.000265,1.611342,1.611342,1.611342
22035.000000,33.578253,-117.064438,472.136653,33.578289,-117.064201,480.436217,-0.000712,-0.001689,-0.000265,1.612105,1.612105,1.612105
22050.000000,33.578255,-117.064436,471.023854,33.578289,-117.064201,480.446333,-0.000713,-0.001688,-0.000266,1.612873,1.612873,1.612873
22065.000000,33.578251,-117.064440,470.330998,33.578289,-117.064201,480.455483,-0.000715,-0.001687,-0.000267,1.613626,1.613626,1.613626
22080.000000,33.578256,-117.064436,468.996106,33.578289,-117.064202,480.463245,-0.000716,-0.001686,-0.000267,1.614389,1.614389,1.614389
22095.000000,33.578251,-117.064440,468.983573,33.578289,-117.064202,480.470701,-0.000717,-0.001684,-0.000268,1.615132,1.615132,1.615132
22110.000000,33.578254,-117.064438,467.215184,33.578288,-117.064202,480.476334,-0.000719,-0.001683,-0.000269,1.615887,1.615887,1.615887
22125.000000,33.578252,-117.064441,466.541155,33.578288,-117.064202,480.481057,-0.000720,-0.001682,-0.000270,1.616634,1.616634,1.616634
22140.000000,33.578254,-117.064440,465.948929,33.578288,-117.064203,480.485155,-0.000721,-0.001680,-0.000271,1.617385,1.617385,1.617385
22155.000000,33.578254,-117.064445,464.957226,33.578288,-117.064203,480.488090,-0.000722,-0.001679,-0.000272,1.618133,1.618133,1.618133
22170.000000,33.578254,-117.064443,463.446067,33.578288,-117.064203,480.489356,-0.000723,-0.001677,-0.000273,1.618884,1.618884,1.618884
22185.000000,33.578254,-117.064443,462.865013,33.578287,-117.064203,480.489855,-0.000724,-0.001675,-0.000274,1.619629,1.619629,1.619629
22200.000000,33.578253,-117.064443,461.627396,33.578287,-117.064204,480.488913,-0.000725,-0.001674,-0.000275,1.620373,1.620373,1.620373
22215.000000,33.578256,-117.064442,460.782370,33.578287,-117.064204,480.486939,-0.000726,-0.001672,-0.000276,1.621115,1.621115,1.621115
22230.000000,33.578256,-117.064444,460.034058,33.578287,-117.064204,480.483953,-0.000727,-0.001670,-0.000277,1.621849,1.621849,1.621849
22245.000000,33.578257,-117.064445,458.806933,33.578287,-117.064204,480.479530,-0.000728,-0.001668,-0.000278,1.622583,1.622583,1.622583
22260.000000,33.578258,-117.064447,457.639257,33.578286,-117.064205,480.473844,-0.000729,-0.001666,-0.000279,1.623318,1.623318,1.623318
22275.000000,33.578254,-117.064446,457.979817,33.578286,-117.064205,480.468152,-0.000730,-0.001664,-0.000280,1.624040,1.624040,1.624040
22290.000000,33.578257,-117.064443,456.055544,33.578286,-117.064205,480.460564,-0.000731,-0.001662,-0.000282,1.624772,1.624772,1.624772
22305.000000,33.578254,-117.064449,455.966675,33.578286,-117.064205,480.452254,-0.000732,-0.001660,-0.000283,1.625484,1.625484,1.625484
22320.000000,33.578258,-117.064447,454.490461,33.578286,-117.064206,480.442457,-0.000733,-0.001658,-0.000284,1.626202,1.626202,1.626202
22335.000000,33.578254,-117.064449,454.176377,33.578285,-117.064206,480.432041,-0.000734,-0.001655,-0.000286,1.626913,1.626913,1.626913
22350.000000,33.578256,-117.064448,453.141998,33.578285,-117.064206,480.420445,-0.000735,-0.001653,-0.000287,1.627624,1.627624,1.627624
22365.000000,33.578256,-117.064453,452.068420,33.578285,-117.064207,480.407446,-0.000735,-0.001651,-0.000289,1.628330,1.628330,1.628330
22380.000000,33.578257,-117.064452,451.408778,33.578285,-117.064207,480.393350,-0.000736,-0.001648,-0.000290,1.629027,1.629027,1.629027
22395.000000,33.578258,-117.064452,450.499325,33.578285,-117.064207,480.378318,-0.000737,-0.001646,-0.000292,1.629727,1.629727,1.629727
22410.000000,33.578258,-117.064454,449.637609,33.578284,-117.064207,480.362035,-0.000738,-0.001643,-0.000293,1.630420,1.630420,1.630420
22425.000000,33.578255,-117.064454,449.357596,33.578284,-117.064208,480.345296,-0.000739,-0.001641,-0.000295,1.631109,1.631109,1.631109
22440.000000,33.578258,-117.064454,448.119378,33.578284,-117.064208,480.327109,-0.000739,-0.001638,-0.000296,1.631799,1.631799,1.631799
22455.000000,33.578258,-117.064457,447.139601,33.578284,-117.064208,480.307502,-0.000740,-0.001635,-0.000298,1.632482,1.632482,1.632482
22470.000000,33.578258,-117.064451,446.758327,33.578284,-117.064208,480.287092,-0.000741,-0.001633,-0.000300,1.633156,1.633156,1.633156
22485.000000,33.578258,-117.064455,446.325091,33.578283,-117.064209,480.266081,-0.000741,-0.001630,-0.000301,1.633827,1.633827,1.633827
22500.000000,33.578259,-117.064458,445.095968,33.578283,-117.064209,480.243516,-0.000742,-0.001627,-0.000303,1.634496,1.634496,1.634496
22515.000000,33.578260,-117.064456,443.919326,33.578283,-117.064209,480.219652,-0.000743,-0.001624,-0.000305,1.635167,1.635167,1.635167
22530.000000,33.578258,-117.064456,443.457732,33.578283,-117.064210,480.195052,-0.000743,-0.001621,-0.000307,1.635834,1.635834,1.635834
22545.000000,33.578261,-117.064458,442.024882,33.578283,-117.064210,480.168677,-0.000744,-0.001618,-0.000309,1.636499,1.636499,1.636499
22560.000000,33.578260,-117.064458,441.381186,33.578282,-117.064210,480.141228,-0.000744,-0.001615,-0.000311,1.637157,1.637157,1.637157
22575.000000,33.578260,-117.064461,440.281984,33.578282,-117.064210,480.112234,-0.000745,-0.001612,-0.000313,1.637810,1.637810,1.637810
22590.000000,33.578261,-117.064459,439.898021,33.578282,-117.064211,480.082787,-0.000745,-0.001608,-0.000315,1.638463,1.638463,1.638463
22605.000000,33.578259,-117.064460,438.762852,33.578282,-117.064211,480.051926,-0.000746,-0.001605,-0.000317,1.639114,1.639114,1.639114
22620.000000,33.578258,-117.064459,438.130558,33.578282,-117.064211,480.019819,-0.000746,-0.001602,-0.000319,1.639756,1.639756,1.639756
22635.000000,33.578261,-117.064459,437.219269,33.578281,-117.064212,479.986347,-0.000746,-0.001598,-0.000321,1.640392,1.640392,1.640392
22650.000000,33.578259,-117.064461,436.660261,33.578281,-117.064212,479.952121,-0.000747,-0.001595,-0.000323,1.641026,1.641026,1.641026
22665.000000,33.578259,-117.064460,436.382911,33.578281,-117.064212,479.916880,-0.000747,-0.001592,-0.000325,1.641647,1.641647,1.641647
22680.000000,33.578257,-117.064463,435.268247,33.578281,-117.064213,479.880273,-0.000748,-0.001588,-0.000327,1.642268,1.642268,1.642268
22695.000000,33.578258,-117.064464,434.750364,33.578281,-117.064213,479.842306,-0.000748,-0.001584,-0.000330,1.642874,1.642874,1.642874
22710.000000,33.578261,-117.064465,433.335607,33.578280,-117.064213,479.803016,-0.000748,-0.001581,-0.000332,1.643489,1.643489,1.643489
22725.000000,33.578259,-117.064466,432.885905,33.578280,-117.064213,479.762833,-0.000749,-0.001577,-0.000334,1.644097,1.644097,1.644097
22740.000000,33.578260,-117.064465,431.531612,33.578280,-117.064214,479.720798,-0.000749,-0.001573,-0.000337,1.644701,1.644701,1.644701
22755.000000,33.578259,-117.064467,431.533269,33.578280,-117.064214,479.678253,-0.000749,-0.001569,-0.000339,1.645296,1.645296,1.645296
22770.000000,33.578258,-117.064468,430.754326,33.578280,-117.064214,479.634433,-0.000749,-0.001565,-0.000342,1.645886,1.645886,1.645886
22785.000000,33.578260,-117.064467,429.969586,33.578279,-117.064215,479.589629,-0.000750,-0.001561,-0.000344,1.646475,1.646475,1.646475
22800.000000,33.578260,-117.064467,429.323235,33.578279,-117.064215,479.543580,-0.000750,-0.001557,-0.000347,1.647056,1.647056,1.647056
22815.000000,33.578261,-117.064470,427.962469,33.578279,-117.064215,479.495954,-0.000750,-0.001553,-0.000349,1.647639,1.647639,1.647639
22830.000000,33.578262,-117.064471,427.729766,33.578279,-117.064216,479.447480,-0.000750,-0.001549,-0.000352,1.648212,1.648212,1.648212
22845.000000,33.578260,-117.064471,427.138561,33.578279,-117.064216,479.397718,-0.000750,-0.001545,-0.000355,1.648777,1.648777,1.648777
22860.000000,33.578262,-117.064471,425.844649,33.578279,-117.064216,479.346138,-0.000750,-0.001541,-0.000357,1.649338,1.649338,1.649338
22875.000000,33.578407,-117.064467,464.606270,33.578279,-117.064217,479.342716,-0.000752,-0.001538,-0.000357,1.649756,1.649756,1.649756
22890.000000,33.578407,-117.064467,463.903452,33.578279,-117.064217,479.338201,-0.000753,-0.001535,-0.000357,1.650170,1.650170,1.650170
22905.000000,33.578406,-117.064470,463.445235,33.578279,-117.064217,479.333011,-0.000754,-0.001532,-0.000356,1.650584,1.650584,1.650584
22920.000000,33.578405,-117.064471,462.775517,33.578279,-117.064218,479.326795,-0.000755,-0.001529,-0.000356,1.650997,1.650997,1.650997
22935.000000,33.578402,-117.064471,462.425013,33.578279,-117.064218,479.319785,-0.000756,-0.001526,-0.000356,1.651395,1.651395,1.651395
22950.000000,33.578404,-117.064470,461.216434,33.578279,-117.064219,479.311104,-0.000757,-0.001523,-0.000356,1.651800,1.651800,1.651800
22965.000000,33.578401,-117.064472,460.869979,33.578279,-117.064219,479.301907,-0.000758,-0.001520,-0.000356,1.652204,1.652204,1.652204
22980.000000,33.578401,-117.064472,459.332561,33.578279,-117.064219,479.290344,-0.000759,-0.001517,-0.000356,1.652605,1.652605,1.652605
22995.000000,33.578403,-117.064473,458.110838,33.578279,-117.064220,479.277016,-0.000760,-0.001514,-0.000356,1.653007,1.653007,1.653007
23010.000000,33.578403,-117.064475,456.900533,33.578279,-117.064220,479.261886,-0.000761,-0.001510,-0.000356,1.653409,1.653409,1.653409
23025.000000,33.578401,-117.064475,456.758917,33.578279,-117.064220,479.246599,-0.000762,-0.001507,-0.000356,1.653812,1.653812,1.653812
23040.000000,33.578401,-117.064474,455.536446,33.578279,-117.064221,479.229448,-0.000763,-0.001503,-0.000356,1.654213,1.654213,1.654213
23055.000000,33.578398,-117.064478,455.962478,33.578279,-117.064221,479.212633,-0.000763,-0.001500,-0.000356,1.654602,1.654602,1.654602
23070.000000,33.578397,-117.064476,454.942128,33.578279,-117.064222,479.194244,-0.000764,-0.001497,-0.000356,1.654989,1.654989,1.654989
23085.000000,33.578397,-117.064479,454.122108,33.578279,-117.064222,479.174525,-0.000765,-0.001493,-0.000357,1.655372,1.655372,1.655372
23100.000000,33.578394,-117.064479,454.278779,33.578279,-117.064222,479.154705,-0.000766,-0.001489,-0.000357,1.655743,1.655743,1.655743
23115.000000,33.578396,-117.064479,452.197824,33.578279,-117.064223,479.132120,-0.000767,-0.001486,-0.000357,1.656125,1.656125,1.656125
23130.000000,33.578396,-117.064479,451.729553,33.578279,-117.064223,479.108797,-0.000768,-0.001482,-0.000358,1.656506,1.656506,1.656506
23145.000000,33.578392,-117.064481,451.546347,33.578279,-117.064224,479.084546,-0.000768,-0.001478,-0.000358,1.656865,1.656865,1.656865
23160.000000,33.578392,-117.064480,450.394950,33.578279,-117.064224,479.058731,-0.000769,-0.001475,-0.000359,1.657230,1.657230,1.657230
23175.000000,33.578391,-117.064478,450.165241,33.578279,-117.064224,479.032098,-0.000770,-0.001471,-0.000359,1.657580,1.657580,1.657580
23190.000000,33.578388,-117.064481,449.683602,33.578279,-117.064225,479.004311,-0.000770,-0.001467,-0.000360,1.657917,1.657917,1.657917
23205.000000,33.578389,-117.064481,448.516433,33.578279,-117.064225,478.975068,-0.000771,-0.001463,-0.000361,1.658263,1.658263,1.658263
23220.000000,33.578391,-117.064481,447.020780,33.578279,-117.064226,478.943420,-0.000772,-0.001459,-0.000361,1.658605,1.658605,1.658605
23235.000000,33.578387,-117.064482,447.278461,33.578279,-117.064226,478.911702,-0.000772,-0.001455,-0.000362,1.658934,1.658934,1.658934
23250.000000,33.578255,-117.064566,493.770422,33.578279,-117.064226,478.952517,-0.000776,-0.001454,-0.000362,1.659255,1.659255,1.659255
23265.000000,33.578254,-117.064565,492.425657,33.578278,-117.064227,478.991208,-0.000779,-0.001454,-0.000361,1.659573,1.659573,1.659573
23280.000000,33.578256,-117.064566,491.593655,33.578278,-117.064228,479.028632,-0.000783,-0.001454,-0.000361,1.659885,1.659885,1.659885
23295.000000,33.578254,-117.064565,491.147417,33.578278,-117.064228,479.065227,-0.000786,-0.001453,-0.000360,1.660201,1.660201,1.660201
23310.000000,33.578253,-117.064566,490.412131,33.578278,-117.064229,479.100594,-0.000789,-0.001453,-0.000360,1.660520,1.660520,1.660520
23325.000000,33.578253,-117.064566,489.724283,33.578278,-117.064229,479.134831,-0.000793,-0.001452,-0.000359,1.660839,1.660839,1.660839
23340.000000,33.578253,-117.064565,488.848261,33.578277,-117.064230,479.167622,-0.000796,-0.001452,-0.000359,1.661160,1.661160,1.661160
23355.000000,33.578255,-117.064564,487.318642,33.578277,-117.064230,479.198057,-0.000799,-0.001451,-0.000359,1.661473,1.661473,1.661473
23370.000000,33.578254,-117.064566,486.990577,33.578277,-117.064231,479.227897,-0.000802,-0.001450,-0.000359,1.661790,1.661790,1.661790
23385.000000,33.578255,-117.064564,485.557250,33.578277,-117.064231,479.255452,-0.000805,-0.001450,-0.000358,1.662109,1.662109,1.662109
23400.000000,33.578255,-117.064561,484.360709,33.578277,-117.064232,479.281108,-0.000808,-0.001449,-0.000358,1.662426,1.662426,1.662426
23415.000000,33.578255,-117.064562,483.485543,33.578276,-117.064232,479.305374,-0.000811,-0.001448,-0.000358,1.662742,1.662742,1.662742
23430.000000,33.578255,-117.064562,482.905925,33.578276,-117.064233,479.328700,-0.000814,-0.001447,-0.000358,1.663058,1.663058,1.663058
23445.000000,33.578256,-117.064562,482.382414,33.578276,-117.064233,479.351191,-0.000817,-0.001446,-0.000358,1.663370,1.663370,1.663370
23460.000000,33.578255,-117.064563,481.087418,33.578276,-117.064234,479.371639,-0.000820,-0.001444,-0.000358,1.663677,1.663677,1.663677
23475.000000,33.578255,-117.064561,480.084246,33.578276,-117.064234,479.390484,-0.000823,-0.001443,-0.000359,1.663990,1.663990,1.663990
23490.000000,33.578258,-117.064563,479.144098,33.578275,-117.064235,479.407838,-0.000826,-0.001442,-0.000359,1.664299,1.664299,1.664299
23505.000000,33.578256,-117.064564,478.818915,33.578275,-117.064235,479.424664,-0.000828,-0.001441,-0.000359,1.664617,1.664617,1.664617
23520.000000,33.578256,-117.064563,477.697390,33.578275,-117.064236,479.439721,-0.000831,-0.001439,-0.000359,1.664930,1.664930,1.664930
23535.000000,33.578254,-117.064562,476.677129,33.578275,-117.064236,479.453198,-0.000834,-0.001438,-0.000360,1.665251,1.665251,1.665251
23550.000000,33.578256,-117.064562,474.946071,33.578275,-117.064237,479.463931,-0.000836,-0.001436,-0.000360,1.665562,1.665562,1.665562
23565.000000,33.578257,-117.064561,473.862775,33.578274,-117.064238,479.472928,-0.000839,-0.001434,-0.000360,1.665866,1.665866,1.665866
23580.000000,33.578256,-117.064560,473.399034,33.578274,-117.064238,479.481167,-0.000841,-0.001433,-0.000361,1.666168,1.666168,1.666168
23595.000000,33.578257,-117.064560,472.030763,33.578274,-117.064239,479.487224,-0.000844,-0.001431,-0.000361,1.666466,1.666466,1.666466
23610.000000,33.578255,-117.064560,471.766722,33.578274,-117.064239,479.492876,-0.000846,-0.001429,-0.000362,1.666766,1.666766,1.666766
23625.000000,33.578256,-117.064558,470.910719,33.578274,-117.064240,479.497174,-0.000848,-0.001427,-0.000363,1.667065,1.667065,1.667065
23640.000000,33.578256,-117.064559,469.893276,33.578274,-117.064240,479.499885,-0.000851,-0.001425,-0.000363,1.667364,1.667364,1.667364
23655.000000,33.578256,-117.064558,468.757559,33.578273,-117.064241,479.500778,-0.000853,-0.001423,-0.000364,1.667660,1.667660,1.667660
23670.000000,33.578258,-117.064557,467.354747,33.578273,-117.064241,479.499328,-0.000855,-0.001421,-0.000365,1.667946,1.667946,1.667946
23685.000000,33.578256,-117.064557,466.668460,33.578273,-117.064242,479.496849,-0.000857,-0.001419,-0.000366,1.668234,1.668234,1.668234
23700.000000,33.578258,-117.064559,465.759300,33.578273,-117.064242,479.492847,-0.000859,-0.001417,-0.000367,1.668517,1.668517,1.668517
23715.000000,33.578258,-117.064558,464.868664,33.578273,-117.064243,479.487433,-0.000862,-0.001414,-0.000368,1.668799,1.668799,1.668799
23730.000000,33.578257,-117.064557,464.087468,33.578272,-117.064243,479.480715,-0.000864,-0.001412,-0.000369,1.669076,1.669076,1.669076
23745.000000,33.578258,-117.064557,463.103977,33.578272,-117.064244,479.472367,-0.000866,-0.001409,-0.000370,1.669349,1.669349,1.669349
23760.000000,33.578259,-117.064557,462.347386,33.578272,-117.064244,479.462646,-0.000868,-0.001407,-0.000371,1.669613,1.669613,1.669613
23775.000000,33.578260,-117.064557,461.140817,33.578272,-117.064245,479.451094,-0.000870,-0.001404,-0.000372,1.669880,1.669880,1.669880
23790.000000,33.578260,-117.064556,460.184118,33.578272,-117.064245,479.437784,-0.000871,-0.001401,-0.000373,1.670136,1.670136,1.670136
23805.000000,33.578258,-117.064557,459.228407,33.578271,-117.064246,479.423114,-0.000873,-0.001399,-0.000374,1.670398,1.670398,1.670398
23820.000000,33.578260,-117.064555,458.702277,33.578271,-117.064246,479.407495,-0.000875,-0.001396,-0.000376,1.670654,1.670654,1.670654
23835.000000,33.578261,-117.064554,456.934211,33.578271,-117.064247,479.388940,-0.000877,-0.001393,-0.000377,1.670906,1.670906,1.670906
23850.000000,33.578262,-117.064554,456.451650,33.578271,-117.064247,479.369424,-0.000879,-0.001390,-0.000378,1.671149,1.671149,1.671149
23865.000000,33.578260,-117.064552,455.299911,33.578271,-117.064248,479.348032,-0.000880,-0.001387,-0.000380,1.671391,1.671391,1.671391
23880.000000,33.578259,-117.064554,455.088251,33.578271,-117.064248,479.326143,-0.000882,-0.001384,-0.000381,1.671626,1.671626,1.671626
23895.000000,33.578258,-117.064551,454.136439,33.578270,-117.064249,479.302975,-0.000884,-0.001381,-0.000383,1.671869,1.671869,1.671869
23910.000000,33.578260,-117.064551,452.996142,33.578270,-117.064249,479.277475,-0.000885,-0.001377,-0.000384,1.672095,1.672095,1.672095
23925.000000,33.578260,-117.064552,451.896458,33.578270,-117.064250,479.250154,-0.000887,-0.001374,-0.000386,1.672318,1.672318,1.672318
23940.000000,33.578259,-117.064551,451.150483,33.578270,-117.064250,479.221613,-0.000888,-0.001371,-0.000388,1.672541,1.672541,1.672541
23955.000000,33.578258,-117.064554,451.035757,33.578270,-117.064251,479.192794,-0.000890,-0.001367,-0.000389,1.672759,1.672759,1.672759
23970.000000,33.578256,-117.064552,450.057036,33.578269,-117.064251,479.162468,-0.000891,-0.001364,-0.000391,1.672978,1.672978,1.672978
23985.000000,33.578259,-117.064549,448.628421,33.578269,-117.064252,479.129346,-0.000892,-0.001360,-0.000393,1.673184,1.673184,1.673184
24000.000000,33.578259,-117.064549,447.068246,33.578269,-117.064252,479.093556,-0.000894,-0.001357,-0.000395,1.673385,1.673385,1.673385
24015.000000,33.578258,-117.064549,446.761715,33.578269,-117.064253,479.057047,-0.000895,-0.001353,-0.000397,1.673579,1.673579,1.673579
24030.000000,33.578258,-117.064550,446.494663,33.578269,-117.064254,479.020158,-0.000896,-0.001349,-0.000399,1.673774,1.673774,1.673774
24045.000000,33.578259,-117.064548,444.624819,33.578269,-117.064254,478.979935,-0.000898,-0.001345,-0.000401,1.673961,1.673961,1.673961
24060.000000,33.578259,-117.064547,444.154413,33.578268,-117.064255,478.938745,-0.000899,-0.001341,-0.000403,1.674142,1.674142,1.674142
24075.000000,33.578259,-117.064547,443.495543,33.578268,-117.064255,478.896559,-0.000900,-0.001337,-0.000405,1.674325,1.674325,1.674325
24090.000000,33.578257,-117.064548,442.942231,33.578268,-117.064256,478.853388,-0.000901,-0.001333,-0.000407,1.674504,1.674504,1.674504
24105.000000,33.578258,-117.064547,441.822955,33.578268,-117.064256,478.807864,-0.000902,-0.001329,-0.000410,1.674670,1.674670,1.674670
24120.000000,33.578258,-117.064547,440.851143,33.578268,-117.064257,478.760375,-0.000903,-0.001325,-0.000412,1.674828,1.674828,1.674828
24135.000000,33.578257,-117.064549,440.449377,33.578267,-117.064257,478.712678,-0.000904,-0.001321,-0.000414,1.674995,1.674995,1.674995
24150.000000,33.578259,-117.064547,439.492372,33.578267,-117.064258,478.662596,-0.000905,-0.001316,-0.000417,1.675143,1.675143,1.675143
24165.000000,33.578259,-117.064546,438.581098,33.578267,-117.064258,478.610793,-0.000906,-0.001312,-0.000419,1.675286,1.675286,1.675286
24180.000000,33.578258,-117.064545,437.907668,33.578267,-117.064259,478.557647,-0.000907,-0.001308,-0.000422,1.675424,1.675424,1.675424
24195.000000,33.578258,-117.064546,436.254978,33.578267,-117.064259,478.501468,-0.000908,-0.001303,-0.000424,1.675555,1.675555,1.675555
24210.000000,33.578259,-117.064544,436.138091,33.578267,-117.064260,478.444327,-0.000909,-0.001298,-0.000427,1.675670,1.675670,1.675670
24225.000000,33.578256,-117.064546,435.732412,33.578266,-117.064260,478.386793,-0.000910,-0.001294,-0.000429,1.675789,1.675789,1.675789
24240.000000,33.578255,-117.064545,435.059410,33.578266,-117.064261,478.328029,-0.000910,-0.001289,-0.000432,1.675905,1.675905,1.675905
24255.000000,33.578256,-117.064542,434.281029,33.578266,-117.064261,478.266958,-0.000911,-0.001284,-0.000435,1.676001,1.676001,1.676001
24270.000000,33.578162,-117.064493,465.821674,33.578266,-117.064262,478.259093,-0.000913,-0.001283,-0.000437,1.675965,1.675965,1.675965
24285.000000,33.578159,-117.064490,465.483344,33.578265,-117.064262,478.250487,-0.000915,-0.001281,-0.000439,1.675921,1.675921,1.675921
24300.000000,33.578163,-117.064491,463.562644,33.578265,-117.064263,478.237963,-0.000917,-0.001279,-0.000441,1.675863,1.675863,1.675863
24315.000000,33.578160,-117.064488,463.738951,33.578265,-117.064263,478.225774,-0.000919,-0.001278,-0.000443,1.675803,1.675803,1.675803
24330.000000,33.578160,-117.064487,463.021492,33.578264,-117.064264,478.212084,-0.000921,-0.001276,-0.000445,1.675737,1.675737,1.675737
24345.000000,33.578160,-117.064489,462.441124,33.578264,-117.064264,478.197146,-0.000923,-0.001274,-0.000447,1.675662,1.675662,1.675662
24360.000000,33.578157,-117.064486,462.258071,33.578263,-117.064265,478.182047,-0.000925,-0.001272,-0.000450,1.675596,1.675596,1.675596
24375.000000,33.578159,-117.064486,460.854157,33.578263,-117.064265,478.163799,-0.000926,-0.001270,-0.000452,1.675509,1.675509,1.675509
24390.000000,33.578158,-117.064482,460.282002,33.578263,-117.064266,478.144331,-0.000928,-0.001268,-0.000454,1.675415,1.675415,1.675415
24405.000000,33.578157,-117.064484,460.112663,33.578262,-117.064266,478.124781,-0.000930,-0.001266,-0.000457,1.675332,1.675332,1.675332
24420.000000,33.578158,-117.064483,458.627809,33.578262,-117.064267,478.102072,-0.000931,-0.001264,-0.000459,1.675235,1.675235,1.675235
24435.000000,33.578157,-117.064483,457.883272,33.578262,-117.064267,478.077804,-0.000933,-0.001262,-0.000462,1.675134,1.675134,1.675134
24450.000000,33.578155,-117.064481,457.531442,33.578261,-117.064267,478.052788,-0.000935,-0.001259,-0.000464,1.675028,1.675028,1.675028
24465.000000,33.578153,-117.064481,457.410038,33.578261,-117.064268,478.027513,-0.000936,-0.001257,-0.000467,1.674921,1.674921,1.674921
24480.000000,33.578153,-117.064480,456.065356,33.578260,-117.064268,477.999307,-0.000938,-0.001255,-0.000470,1.674801,1.674801,1.674801
24495.000000,33.578152,-117.064478,455.949133,33.578260,-117.064269,477.970759,-0.000939,-0.001252,-0.000472,1.674675,1.674675,1.674675
24510.000000,33.578151,-117.064476,454.947291,33.578260,-117.064269,477.940270,-0.000940,-0.001250,-0.000475,1.674549,1.674549,1.674549
24525.000000,33.578151,-117.064477,454.786817,33.578259,-117.064270,477.909453,-0.000942,-0.001248,-0.000478,1.674422,1.674422,1.674422
24540.000000,33.578259,-117.064421,480.934285,33.578259,-117.064270,477.930547,-0.000943,-0.001247,-0.000478,1.674342,1.674342,1.674342
24555.000000,33.578255,-117.064417,479.689948,33.578259,-117.064270,477.949209,-0.000945,-0.001247,-0.000478,1.674256,1.674256,1.674256
24570.000000,33.578260,-117.064418,479.493511,33.578259,-117.064271,477.967457,-0.000946,-0.001246,-0.000477,1.674169,1.674169,1.674169
24585.000000,33.578258,-117.064414,480.324901,33.578259,-117.064271,477.987199,-0.000948,-0.001245,-0.000477,1.674112,1.674112,1.674112
24600.000000,33.578260,-117.064411,479.222398,33.578258,-117.064271,478.004818,-0.000949,-0.001245,-0.000477,1.674048,1.674048,1.674048
24615.000000,33.578259,-117.064412,478.222602,33.578258,-117.064272,478.020501,-0.000951,-0.001244,-0.000477,1.673966,1.673966,1.673966
24630.000000,33.578259,-117.064410,477.227596,33.578258,-117.064272,478.034220,-0.000952,-0.001243,-0.000477,1.673868,1.673868,1.673868
24645.000000,33.578255,-117.064411,475.257428,33.578258,-117.064272,478.043985,-0.000953,-0.001242,-0.000477,1.673743,1.673743,1.673743
24660.000000,33.578256,-117.064406,476.643279,33.578258,-117.064273,478.056550,-0.000955,-0.001242,-0.000478,1.673664,1.673664,1.673664
24675.000000,33.578259,-117.064407,476.342939,33.578258,-117.064273,478.068528,-0.000956,-0.001241,-0.000478,1.673593,1.673593,1.673593
24690.000000,33.578257,-117.064405,474.831693,33.578257,-117.064273,478.077438,-0.000957,-0.001240,-0.000478,1.673481,1.673481,1.673481
24705.000000,33.578258,-117.064406,474.889612,33.578257,-117.064274,478.086530,-0.000958,-0.001239,-0.000478,1.673392,1.673392,1.673392
24720.000000,33.578255,-117.064404,473.878754,33.578257,-117.064274,478.093572,-0.000959,-0.001238,-0.000478,1.673287,1.673287,1.673287
24735.000000,33.578253,-117.064402,472.120063,33.578257,-117.064274,478.096968,-0.000960,-0.001237,-0.000479,1.673153,1.673153,1.673153
24750.000000,33.578255,-117.064399,472.741391,33.578257,-117.064274,478.101799,-0.000961,-0.001236,-0.000479,1.673053,1.673053,1.673053
24765.000000,33.578257,-117.064401,471.953533,33.578257,-117.064275,478.104940,-0.000962,-0.001235,-0.000480,1.672933,1.672933,1.672933
24780.000000,33.578255,-117.064400,471.311305,33.578256,-117.064275,478.106803,-0.000963,-0.001233,-0.000480,1.672811,1.672811,1.672811
24795.000000,33.578255,-117.064395,470.812143,33.578256,-117.064275,478.107862,-0.000964,-0.001232,-0.000481,1.672710,1.672710,1.672710
24810.000000,33.578254,-117.064397,469.583782,33.578256,-117.064276,478.106153,-0.000965,-0.001231,-0.000481,1.672572,1.672572,1.672572
24825.000000,33.578252,-117.064396,469.137849,33.578256,-117.064276,478.103473,-0.000966,-0.001229,-0.000482,1.672425,1.672425,1.672425
24840.000000,33.578256,-117.064391,469.767654,33.578256,-117.064276,478.102332,-0.000966,-0.001228,-0.000482,1.672308,1.672308,1.672308
24855.000000,33.578253,-117.064391,467.786213,33.578256,-117.064276,478.097031,-0.000967,-0.001227,-0.000483,1.672167,1.672167,1.672167
24870.000000,33.578252,-117.064390,467.825740,33.578255,-117.064277,478.091655,-0.000968,-0.001225,-0.000484,1.672013,1.672013,1.672013
24885.000000,33.578252,-117.064389,467.972697,33.578255,-117.064277,478.087122,-0.000968,-0.001224,-0.000484,1.671904,1.671904,1.671904
24900.000000,33.578255,-117.064388,466.844740,33.578255,-117.064277,478.079913,-0.000969,-0.001222,-0.000485,1.671758,1.671758,1.671758
24915.000000,33.578254,-117.064388,465.496769,33.578255,-117.064278,478.069970,-0.000969,-0.001220,-0.000486,1.671608,1.671608,1.671608
24930.000000,33.578250,-117.064387,464.993191,33.578255,-117.064278,478.058809,-0.000970,-0.001219,-0.000487,1.671443,1.671443,1.671443
24945.000000,33.578253,-117.064385,464.881205,33.578254,-117.064278,478.047691,-0.000970,-0.001217,-0.000488,1.671294,1.671294,1.671294
24960.000000,33.578251,-117.064384,463.996466,33.578254,-117.064278,478.034446,-0.000971,-0.001215,-0.000489,1.671122,1.671122,1.671122
24975.000000,33.578248,-117.064385,462.763852,33.578254,-117.064279,478.018220,-0.000971,-0.001213,-0.000490,1.670921,1.670921,1.670921
24990.000000,33.578254,-117.064383,463.067594,33.578254,-117.064279,478.003236,-0.000972,-0.001211,-0.000491,1.670753,1.670753,1.670753
25005.000000,33.578250,-117.064379,462.611600,33.578254,-117.064279,477.986994,-0.000972,-0.001210,-0.000492,1.670566,1.670566,1.670566
25020.000000,33.578248,-117.064379,460.911359,33.578254,-117.064279,477.966806,-0.000972,-0.001208,-0.000493,1.670353,1.670353,1.670353
25035.000000,33.578254,-117.064378,461.245646,33.578253,-117.064280,477.948107,-0.000972,-0.001206,-0.000494,1.670178,1.670178,1.670178
25050.000000,33.578250,-117.064375,460.655235,33.578253,-117.064280,477.927858,-0.000972,-0.001204,-0.000496,1.669985,1.669985,1.669985
25065.000000,33.578247,-117.064376,459.805528,33.578253,-117.064280,477.905647,-0.000973,-0.001201,-0.000497,1.669779,1.669779,1.669779
25080.000000,33.578251,-117.064372,460.153663,33.578253,-117.064280,477.884956,-0.000973,-0.001199,-0.000498,1.669609,1.669609,1.669609
25095.000000,33.578247,-117.064377,457.968017,33.578253,-117.064281,477.858267,-0.000973,-0.001197,-0.000499,1.669369,1.669369,1.669369
25110.000000,33.578249,-117.064374,458.489358,33.578253,-117.064281,477.833375,-0.000973,-0.001195,-0.000501,1.669159,1.669159,1.669159
25125.000000,33.578251,-117.064370,457.948176,33.578252,-117.064281,477.807536,-0.000973,-0.001193,-0.000502,1.668954,1.668954,1.668954
25140.000000,33.578245,-117.064372,456.512182,33.578252,-117.064281,477.777557,-0.000973,-0.001190,-0.000504,1.668699,1.668699,1.668699
25155.000000,33.578252,-117.064370,456.789551,33.578252,-117.064282,477.748783,-0.000973,-0.001188,-0.000505,1.668467,1.668467,1.668467
25170.000000,33.578249,-117.064370,455.765913,33.578252,-117.064282,477.717806,-0.000973,-0.001185,-0.000507,1.668230,1.668230,1.668230
25185.000000,33.578246,-117.064368,454.896536,33.578252,-117.064282,477.685095,-0.000972,-0.001183,-0.000508,1.667994,1.667994,1.667994
25200.000000,33.578251,-117.064366,454.964684,33.578251,-117.064282,477.651833,-0.000972,-0.001180,-0.000510,1.667730,1.667730,1.667730
25215.000000,33.578247,-117.064369,453.341192,33.578251,-117.064282,477.614460,-0.000972,-0.001178,-0.000512,1.667440,1.667440,1.667440
25230.000000,33.578247,-117.064366,453.367302,33.578251,-117.064283,477.578176,-0.000972,-0.001175,-0.000513,1.667184,1.667184,1.667184
25245.000000,33.578247,-117.064364,452.421379,33.578251,-117.064283,477.539724,-0.000971,-0.001172,-0.000515,1.666919,1.666919,1.666919
25260.000000,33.578243,-117.064367,451.128624,33.578251,-117.064283,477.497442,-0.000971,-0.001169,-0.000517,1.666617,1.666617,1.666617
25275.000000,33.578246,-117.064361,452.041569,33.578251,-117.064283,477.458374,-0.000971,-0.001167,-0.000519,1.666354,1.666354,1.666354
25290.000000,33.578242,-117.064361,451.328426,33.578250,-117.064284,477.417589,-0.000970,-0.001164,-0.000521,1.666082,1.666082,1.666082
25305.000000,33.578243,-117.064362,449.740376,33.578250,-117.064284,477.372210,-0.000970,-0.001161,-0.000523,1.665770,1.665770,1.665770
25320.000000,33.578243,-117.064362,449.764802,33.578250,-117.064284,477.327911,-0.000969,-0.001158,-0.000525,1.665487,1.665487,1.665487
25335.000000,33.578240,-117.064361,449.392791,33.578250,-117.064284,477.281530,-0.000969,-0.001155,-0.000527,1.665163,1.665163,1.665163
25350.000000,33.578243,-117.064358,449.031163,33.578250,-117.064284,477.234400,-0.000968,-0.001152,-0.000529,1.664837,1.664837,1.664837
25365.000000,33.578241,-117.064356,447.838601,33.578249,-117.064285,477.184806,-0.000968,-0.001149,-0.000531,1.664513,1.664513,1.664513
25380.000000,33.578244,-117.064358,447.701453,33.578249,-117.064285,477.133640,-0.000967,-0.001146,-0.000533,1.664150,1.664150,1.664150
25395.000000,33.578246,-117.064359,447.379754,33.578249,-117.064285,477.082200,-0.000966,-0.001142,-0.000535,1.663797,1.663797,1.663797
25410.000000,33.578243,-117.064357,446.699085,33.578249,-117.064285,477.029504,-0.000966,-0.001139,-0.000538,1.663448,1.663448,1.663448
25425.000000,33.578239,-117.064356,446.596708,33.578249,-117.064286,476.976564,-0.000965,-0.001136,-0.000540,1.663096,1.663096,1.663096
25440.000000,33.578241,-117.064356,445.538910,33.578249,-117.064286,476.920034,-0.000964,-0.001132,-0.000542,1.662708,1.662708,1.662708
25455.000000,33.578241,-117.064353,445.376645,33.578248,-117.064286,476.863641,-0.000963,-0.001129,-0.000545,1.662330,1.662330,1.662330
25470.000000,33.578239,-117.064351,444.569481,33.578248,-117.064286,476.806104,-0.000962,-0.001126,-0.000547,1.661967,1.661967,1.661967
25485.000000,33.578240,-117.064350,444.622512,33.578248,-117.064286,476.748155,-0.000962,-0.001122,-0.000550,1.661587,1.661587,1.661587
25500.000000,33.578241,-117.064353,443.979802,33.578248,-117.064287,476.687530,-0.000961,-0.001119,-0.000552,1.661173,1.661173,1.661173
25515.000000,33.578239,-117.064349,443.323013,33.578248,-117.064287,476.626426,-0.000960,-0.001115,-0.000555,1.660781,1.660781,1.660781
25530.000000,33.578239,-117.064349,442.817308,33.578247,-117.064287,476.563788,-0.000959,-0.001112,-0.000557,1.660377,1.660377,1.660377
25545.000000,33.578240,-117.064348,442.844712,33.578247,-117.064287,476.501692,-0.000958,-0.001108,-0.000560,1.659982,1.659982,1.659982
25560.000000,33.578240,-117.064350,441.757638,33.578247,-117.064287,476.436305,-0.000957,-0.001104,-0.000562,1.659564,1.659564,1.659564
25575.000000,33.578238,-117.064347,441.348779,33.578247,-117.064288,476.370034,-0.000956,-0.001101,-0.000565,1.659144,1.659144,1.659144
25590.000000,33.578236,-117.064346,441.440787,33.578247,-117.064288,476.303552,-0.000955,-0.001097,-0.000568,1.658711,1.658711,1.658711
25605.000000,33.578236,-117.064347,440.854052,33.578246,-117.064288,476.234753,-0.000953,-0.001093,-0.000570,1.658252,1.658252,1.658252
25620.000000,33.578233,-117.064344,439.845533,33.578246,-117.064288,476.164742,-0.000952,-0.001089,-0.000573,1.657816,1.657816,1.657816
25635.000000,33.578238,-117.064345,439.911309,33.578246,-117.064288,476.094108,-0.000951,-0.001085,-0.000576,1.657360,1.657360,1.657360
25650.000000,33.578238,-117.064345,439.735011,33.578246,-117.064288,476.021063,-0.000950,-0.001081,-0.000579,1.656854,1.656854,1.656854
25665.000000,33.578239,-117.064343,439.012098,33.578246,-117.064289,475.947007,-0.000949,-0.001077,-0.000582,1.656362,1.656362,1.656362
25680.000000,33.578235,-117.064341,438.233763,33.578246,-117.064289,475.871804,-0.000947,-0.001073,-0.000585,1.655881,1.655881,1.655881
25695.000000,33.578234,-117.064340,437.768687,33.578245,-117.064289,475.796086,-0.000946,-0.001069,-0.000588,1.655410,1.655410,1.655410
25710.000000,33.578233,-117.064339,437.196228,33.578245,-117.064289,475.718870,-0.000945,-0.001065,-0.000591,1.654932,1.654932,1.654932
25725.000000,33.578229,-117.064335,435.815171,33.578245,-117.064289,475.639035,-0.000943,-0.001061,-0.000594,1.654463,1.654463,1.654463
25740.000000,33.578232,-117.064339,436.586342,33.578245,-117.064290,475.559527,-0.000942,-0.001057,-0.000597,1.653960,1.653960,1.653960
25755.000000,33.578233,-117.064337,435.845118,33.578245,-117.064290,475.477139,-0.000940,-0.001053,-0.000600,1.653431,1.653431,1.653431
25770.000000,33.578234,-117.064336,436.402701,33.578244,-117.064290,475.394713,-0.000939,-0.001049,-0.000603,1.652869,1.652869,1.652869
25785.000000,33.578236,-117.064337,436.003024,33.578244,-117.064290,475.311387,-0.000937,-0.001044,-0.000607,1.652306,1.652306,1.652306
25800.000000,33.578232,-117.064337,435.042430,33.578244,-117.064290,475.226038,-0.000936,-0.001040,-0.000610,1.651746,1.651746,1.651746
25815.000000,33.578232,-117.064335,434.884242,33.578244,-117.064290,475.140757,-0.000934,-0.001036,-0.000613,1.651191,1.651191,1.651191
25830.000000,33.578234,-117.064337,434.855828,33.578244,-117.064291,475.053096,-0.000932,-0.001031,-0.000616,1.650586,1.650586,1.650586
25845.000000,33.578235,-117.064334,434.216964,33.578243,-117.064291,474.964915,-0.000931,-0.001027,-0.000620,1.649999,1.649999,1.649999
25860.000000,33.578231,-117.064334,433.154371,33.578243,-117.064291,474.874446,-0.000929,-0.001022,-0.000623,1.649415,1.649415,1.649415
25875.000000,33.578230,-117.064333,433.155773,33.578243,-117.064291,474.783937,-0.000927,-0.001018,-0.000627,1.648827,1.648827,1.648827
25890.000000,33.578234,-117.064335,432.936913,33.578243,-117.064291,474.690234,-0.000926,-0.001013,-0.000630,1.648183,1.648183,1.648183
25905.000000,33.578230,-117.064333,432.446628,33.578243,-117.064291,474.595976,-0.000924,-0.001008,-0.000634,1.647548,1.647548,1.647548
25920.000000,33.578229,-117.064332,431.783980,33.578242,-117.064292,474.501288,-0.000922,-0.001004,-0.000637,1.646934,1.646934,1.646934
25935.000000,33.578232,-117.064332,431.792697,33.578242,-117.064292,474.404772,-0.000920,-0.000999,-0.000641,1.646281,1.646281,1.646281
25950.000000,33.578229,-117.064329,431.430302,33.578242,-117.064292,474.306906,-0.000918,-0.000994,-0.000644,1.645615,1.645615,1.645615
25965.000000,33.578228,-117.064330,430.817794,33.578242,-117.064292,474.207569,-0.000917,-0.000989,-0.000648,1.644948,1.644948,1.644948
25980.000000,33.578231,-117.064331,430.191050,33.578242,-117.064292,474.105597,-0.000915,-0.000984,-0.000652,1.644257,1.644257,1.644257
25995.000000,33.578226,-117.064330,430.094452,33.578241,-117.064292,474.003512,-0.000913,-0.000979,-0.000656,1.643566,1.643566,1.643566
26010.000000,33.578225,-117.064331,430.008154,33.578241,-117.064292,473.900877,-0.000911,-0.000974,-0.000659,1.642864,1.642864,1.642864
26025.000000,33.578228,-117.064331,429.770114,33.578241,-117.064293,473.797383,-0.000909,-0.000969,-0.000663,1.642154,1.642154,1.642154
26040.000000,33.578224,-117.064330,429.052857,33.578241,-117.064293,473.692099,-0.000907,-0.000964,-0.000667,1.641442,1.641442,1.641442
26055.000000,33.578225,-117.064330,428.569443,33.578241,-117.064293,473.583951,-0.000905,-0.000959,-0.000671,1.640696,1.640696,1.640696
26070.000000,33.578223,-117.064328,427.967003,33.578240,-117.064293,473.475239,-0.000903,-0.000954,-0.000675,1.639965,1.639965,1.639965
26085.000000,33.578227,-117.064329,428.644401,33.578240,-117.064293,473.364353,-0.000901,-0.000949,-0.000679,1.639157,1.639157,1.639157
26100.000000,33.578225,-117.064327,427.935425,33.578240,-117.064293,473.254776,-0.000898,-0.000944,-0.000683,1.638404,1.638404,1.638404
26115.000000,33.578227,-117.064328,428.244591,33.578240,-117.064294,473.142716,-0.000896,-0.000938,-0.000687,1.637587,1.637587,1.637587
26130.000000,33.578222,-117.064329,427.276763,33.578239,-117.064294,473.030912,-0.000894,-0.000933,-0.000691,1.636818,1.636818,1.636818
26145.000000,33.578227,-117.064330,427.449114,33.578239,-117.064294,472.916163,-0.000892,-0.000928,-0.000695,1.635983,1.635983,1.635983
26160.000000,33.578224,-117.064326,426.536196,33.578239,-117.064294,472.801293,-0.000890,-0.000922,-0.000700,1.635186,1.635186,1.635186
26175.000000,33.578223,-117.064327,426.545778,33.578239,-117.064294,472.684285,-0.000888,-0.000917,-0.000704,1.634346,1.634346,1.634346
26190.000000,33.578221,-117.064326,425.710484,33.578239,-117.064294,472.567072,-0.000885,-0.000911,-0.000708,1.633539,1.633539,1.633539
26205.000000,33.578222,-117.064327,426.029788,33.578238,-117.064294,472.448188,-0.000883,-0.000906,-0.000712,1.632683,1.632683,1.632683
26220.000000,33.578220,-117.064325,425.454618,33.578238,-117.064295,472.328544,-0.000881,-0.000900,-0.000717,1.631837,1.631837,1.631837
26235.000000,33.578224,-117.064327,425.539948,33.578238,-117.064295,472.207905,-0.000878,-0.000895,-0.000721,1.630965,1.630965,1.630965
26250.000000,33.578224,-117.064325,425.595657,33.578238,-117.064295,472.086463,-0.000876,-0.000889,-0.000725,1.630072,1.630072,1.630072
26265.000000,33.578222,-117.064326,425.262127,33.578238,-117.064295,471.962563,-0.000874,-0.000884,-0.000730,1.629148,1.629148,1.629148
26280.000000,33.578223,-117.064326,425.678221,33.578237,-117.064295,471.839716,-0.000871,-0.000878,-0.000734,1.628218,1.628218,1.628218
26295.000000,33.578513,-117.064405,477.689063,33.578239,-117.064296,471.877941,-0.000872,-0.000874,-0.000726,1.625472,1.625472,1.625472
26310.000000,33.578508,-117.064402,476.691271,33.578240,-117.064296,471.911056,-0.000873,-0.000869,-0.000718,1.622710,1.622710,1.622710
26325.000000,33.578510,-117.064403,476.808970,33.578241,-117.064297,471.944260,-0.000874,-0.000865,-0.000710,1.620013,1.620013,1.620013
26340.000000,33.578509,-117.064402,476.551291,33.578242,-117.064298,471.975855,-0.000875,-0.000860,-0.000702,1.617349,1.617349,1.617349
26355.000000,33.578505,-117.064401,476.031224,33.578243,-117.064298,472.004864,-0.000876,-0.000856,-0.000695,1.614660,1.614660,1.614660
26370.000000,33.578504,-117.064402,475.352430,33.578244,-117.064299,472.030179,-0.000876,-0.000851,-0.000687,1.612015,1.612015,1.612015
26385.000000,33.578503,-117.064402,475.156772,33.578246,-117.064299,472.054260,-0.000877,-0.000847,-0.000680,1.609412,1.609412,1.609412
26400.000000,33.578501,-117.064400,474.312685,33.578247,-117.064300,472.074051,-0.000878,-0.000842,-0.000673,1.606825,1.606825,1.606825
26415.000000,33.578502,-117.064401,473.857185,33.578248,-117.064300,472.091457,-0.000878,-0.000837,-0.000667,1.604272,1.604272,1.604272
26430.000000,33.578500,-117.064403,474.223098,33.578249,-117.064301,472.110545,-0.000879,-0.000833,-0.000660,1.601729,1.601729,1.601729
26445.000000,33.578497,-117.064401,473.254229,33.578250,-117.064302,472.124802,-0.000879,-0.000828,-0.000653,1.599220,1.599220,1.599220
26460.000000,33.578495,-117.064398,472.771364,33.578251,-117.064302,472.136670,-0.000880,-0.000824,-0.000647,1.596714,1.596714,1.596714
26475.000000,33.578491,-117.064400,472.596967,33.578252,-117.064303,472.147637,-0.000880,-0.000819,-0.000641,1.594223,1.594223,1.594223
26490.000000,33.578491,-117.064400,471.973789,33.578253,-117.064303,472.155570,-0.000880,-0.000814,-0.000635,1.591772,1.591772,1.591772
26505.000000,33.578491,-117.064401,471.665202,33.578254,-117.064304,472.162015,-0.000881,-0.000810,-0.000629,1.589353,1.589353,1.589353
26520.000000,33.578488,-117.064399,470.679858,33.578255,-117.064304,472.163812,-0.000881,-0.000805,-0.000624,1.586955,1.586955,1.586955
26535.000000,33.578488,-117.064400,470.914916,33.578256,-117.064305,472.166716,-0.000881,-0.000800,-0.000618,1.584571,1.584571,1.584571
26550.000000,33.578485,-117.064398,470.531704,33.578257,-117.064305,472.167729,-0.000881,-0.000796,-0.000613,1.582152,1.582152,1.582152
26565.000000,33.578485,-117.064396,469.751706,33.578257,-117.064306,472.165168,-0.000881,-0.000791,-0.000608,1.579776,1.579776,1.579776
26580.000000,33.578484,-117.064397,469.020209,33.578258,-117.064306,472.159245,-0.000881,-0.000786,-0.000603,1.577419,1.577419,1.577419
26595.000000,33.578484,-117.064397,468.967870,33.578259,-117.064307,472.153316,-0.000881,-0.000781,-0.000598,1.575118,1.575118,1.575118
26610.000000,33.578479,-117.064398,468.750355,33.578260,-117.064307,472.146465,-0.000881,-0.000777,-0.000593,1.572835,1.572835,1.572835
26625.000000,33.578478,-117.064397,468.455386,33.578261,-117.064308,472.138364,-0.000881,-0.000772,-0.000589,1.570571,1.570571,1.570571
26640.000000,33.578478,-117.064394,468.098386,33.578262,-117.064308,472.128743,-0.000881,-0.000767,-0.000584,1.568325,1.568325,1.568325
26655.000000,33.578477,-117.064396,467.542246,33.578263,-117.064309,472.116607,-0.000881,-0.000762,-0.000580,1.566078,1.566078,1.566078
26670.000000,33.578476,-117.064394,467.063847,33.578263,-117.064309,472.102676,-0.000881,-0.000758,-0.000575,1.563886,1.563886,1.563886
26685.000000,33.578473,-117.064394,466.579023,33.578264,-117.064309,472.086691,-0.000881,-0.000753,-0.000571,1.561705,1.561705,1.561705
26700.000000,33.578471,-117.064394,465.569539,33.578265,-117.064310,472.065947,-0.000880,-0.000748,-0.000567,1.559490,1.559490,1.559490
26715.000000,33.578469,-117.064395,465.562617,33.578266,-117.064310,472.045682,-0.000880,-0.000743,-0.000564,1.557329,1.557329,1.557329
26730.000000,33.578465,-117.064393,465.185693,33.578267,-117.064311,472.023946,-0.000880,-0.000738,-0.000560,1.555187,1.555187,1.555187
26745.000000,33.578466,-117.064393,464.549600,33.578267,-117.064311,471.999698,-0.000879,-0.000734,-0.000557,1.553070,1.553070,1.553070
26760.000000,33.578463,-117.064393,464.203978,33.578268,-117.064312,471.973802,-0.000879,-0.000729,-0.000553,1.550934,1.550934,1.550934
26775.000000,33.578463,-117.064390,463.631094,33.578269,-117.064312,471.945921,-0.000879,-0.000724,-0.000550,1.548843,1.548843,1.548843
26790.000000,33.578461,-117.064392,463.280852,33.578269,-117.064313,471.916553,-0.000878,-0.000719,-0.000547,1.546749,1.546749,1.546749
26805.000000,33.578461,-117.064391,463.458056,33.578270,-117.064313,471.888704,-0.000878,-0.000714,-0.000544,1.544717,1.544717,1.544717
26820.000000,33.578455,-117.064390,462.391608,33.578271,-117.064313,471.855985,-0.000877,-0.000709,-0.000541,1.542655,1.542655,1.542655
26835.000000,33.578455,-117.064391,462.098567,33.578271,-117.064314,471.821988,-0.000876,-0.000704,-0.000538,1.540586,1.540586,1.540586
26850.000000,33.578452,-117.064390,461.118365,33.578272,-117.064314,471.784215,-0.000876,-0.000699,-0.000535,1.538546,1.538546,1.538546
26865.000000,33.578448,-117.064390,460.867737,33.578273,-117.064315,471.745875,-0.000875,-0.000694,-0.000533,1.536534,1.536534,1.536534
26880.000000,33.578445,-117.064390,460.302400,33.578273,-117.064315,471.705530,-0.000874,-0.000689,-0.000531,1.534544,1.534544,1.534544
26895.000000,33.578442,-117.064391,459.719272,33.578274,-117.064315,471.662353,-0.000874,-0.000684,-0.000529,1.532524,1.532524,1.532524
26910.000000,33.578443,-117.064389,459.561748,33.578274,-117.064316,471.619264,-0.000873,-0.000679,-0.000527,1.530546,1.530546,1.530546
26925.000000,33.578437,-117.064389,458.985125,33.578275,-117.064316,471.573793,-0.000872,-0.000674,-0.000525,1.528564,1.528564,1.528564
26940.000000,33.578436,-117.064385,458.097045,33.578276,-117.064316,471.525014,-0.000871,-0.000669,-0.000523,1.526602,1.526602,1.526602
26955.000000,33.578435,-117.064386,457.536537,33.578276,-117.064317,471.473972,-0.000870,-0.000664,-0.000521,1.524639,1.524639,1.524639
26970.000000,33.578431,-117.064386,457.083340,33.578277,-117.064317,471.421026,-0.000869,-0.000659,-0.000520,1.522669,1.522669,1.522669
26985.000000,33.578430,-117.064386,456.656871,33.578277,-117.064318,471.367791,-0.000868,-0.000654,-0.000518,1.520770,1.520770,1.520770
27000.000000,33.578429,-117.064386,456.187681,33.578278,-117.064318,471.312180,-0.000867,-0.000648,-0.000517,1.518843,1.518843,1.518843
27015.000000,33.578428,-117.064386,455.718976,33.578278,-117.064318,471.255918,-0.000866,-0.000643,-0.000516,1.516972,1.516972,1.516972
27030.000000,33.578423,-117.064385,455.234501,33.578279,-117.064319,471.196635,-0.000865,-0.000638,-0.000515,1.515046,1.515046,1.515046
27045.000000,33.578421,-117.064385,454.992410,33.578279,-117.064319,471.137293,-0.000864,-0.000633,-0.000514,1.513157,1.513157,1.513157
27060.000000,33.578417,-117.064384,454.853263,33.578279,-117.064319,471.077068,-0.000863,-0.000628,-0.000513,1.511246,1.511246,1.511246
27075.000000,33.578416,-117.064382,453.904168,33.578280,-117.064320,471.014115,-0.000862,-0.000623,-0.000512,1.509383,1.509383,1.509383
27090.000000,33.578412,-117.064383,453.786814,33.578280,-117.064320,470.950768,-0.000861,-0.000618,-0.000512,1.507516,1.507516,1.507516
27105.000000,33.578411,-117.064383,453.256438,33.578281,-117.064320,470.886528,-0.000860,-0.000612,-0.000511,1.505698,1.505698,1.505698
27120.000000,33.578406,-117.064383,452.677658,33.578281,-117.064321,470.819264,-0.000858,-0.000607,-0.000511,1.503844,1.503844,1.503844
27135.000000,33.578404,-117.064381,451.818631,33.578281,-117.064321,470.749274,-0.000857,-0.000602,-0.000511,1.502015,1.502015,1.502015
27150.000000,33.578401,-117.064382,451.745783,33.578282,-117.064321,470.679992,-0.000856,-0.000597,-0.000511,1.500219,1.500219,1.500219
27165.000000,33.578402,-117.064380,451.007657,33.578282,-117.064322,470.608099,-0.000855,-0.000592,-0.000511,1.498429,1.498429,1.498429
27180.000000,33.578399,-117.064379,450.589595,33.578283,-117.064322,470.534006,-0.000853,-0.000586,-0.000511,1.496614,1.496614,1.496614
27195.000000,33.578399,-117.064378,450.175911,33.578283,-117.064322,470.459796,-0.000852,-0.000581,-0.000511,1.494848,1.494848,1.494848
27210.000000,33.578393,-117.064379,449.728012,33.578283,-117.064323,470.383265,-0.000851,-0.000576,-0.000511,1.493057,1.493057,1.493057
27225.000000,33.578391,-117.064376,448.665555,33.578283,-117.064323,470.303518,-0.000849,-0.000571,-0.000511,1.491295,1.491295,1.491295
27240.000000,33.578388,-117.064378,447.963449,33.578284,-117.064323,470.221821,-0.000848,-0.000565,-0.000512,1.489555,1.489555,1.489555
27255.000000,33.578387,-117.064376,447.714310,33.578284,-117.064323,470.140242,-0.000846,-0.000560,-0.000513,1.487845,1.487845,1.487845
27270.000000,33.578383,-117.064378,447.679021,33.578284,-117.064324,470.058140,-0.000845,-0.000555,-0.000513,1.486115,1.486115,1.486115
27285.000000,33.578381,-117.064375,446.734939,33.578285,-117.064324,469.972725,-0.000843,-0.000549,-0.000514,1.484392,1.484392,1.484392
27300.000000,33.578377,-117.064376,446.540484,33.578285,-117.064324,469.885725,-0.000841,-0.000544,-0.000515,1.482636,1.482636,1.482636
27315.000000,33.578375,-117.064373,445.421232,33.578285,-117.064325,469.795347,-0.000840,-0.000539,-0.000516,1.480906,1.480906,1.480906
27330.000000,33.578374,-117.064376,445.486614,33.578285,-117.064325,469.705869,-0.000838,-0.000533,-0.000517,1.479189,1.479189,1.479189
27345.000000,33.578372,-117.064376,444.691922,33.578286,-117.064325,469.614081,-0.000837,-0.000528,-0.000519,1.477489,1.477489,1.477489
27360.000000,33.578369,-117.064376,444.901916,33.578286,-117.064325,469.523108,-0.000835,-0.000523,-0.000520,1.475782,1.475782,1.475782
27375.000000,33.578368,-117.064375,443.917195,33.578286,-117.064326,469.429254,-0.000833,-0.000517,-0.000521,1.474096,1.474096,1.474096
27390.000000,33.578361,-117.064373,443.452208,33.578286,-117.064326,469.332531,-0.000832,-0.000512,-0.000523,1.472374,1.472374,1.472374
27405.000000,33.578360,-117.064373,443.207266,33.578286,-117.064326,469.236415,-0.000830,-0.000506,-0.000525,1.470690,1.470690,1.470690
27420.000000,33.578356,-117.064374,442.632429,33.578286,-117.064327,469.137054,-0.000828,-0.000501,-0.000526,1.468971,1.468971,1.468971
27435.000000,33.578355,-117.064371,441.664176,33.578287,-117.064327,469.035173,-0.000826,-0.000495,-0.000528,1.467280,1.467280,1.467280
27450.000000,33.578353,-117.064373,441.901420,33.578287,-117.064327,468.934680,-0.000824,-0.000490,-0.000530,1.465594,1.465594,1.465594
27465.000000,33.578349,-117.064370,440.627889,33.578287,-117.064327,468.830410,-0.000823,-0.000484,-0.000532,1.463933,1.463933,1.463933
27480.000000,33.578346,-117.064373,440.572140,33.578287,-117.064328,468.725862,-0.000821,-0.000479,-0.000534,1.462264,1.462264,1.462264
27495.000000,33.578342,-117.064371,440.012220,33.578287,-117.064328,468.619689,-0.000819,-0.000473,-0.000537,1.460602,1.460602,1.460602
27510.000000,33.578339,-117.064373,439.428123,33.578287,-117.064328,468.510540,-0.000817,-0.000468,-0.000539,1.458915,1.458915,1.458915
27525.000000,33.578339,-117.064370,439.005382,33.578287,-117.064328,468.400582,-0.000815,-0.000462,-0.000541,1.457243,1.457243,1.457243
27540.000000,33.578335,-117.064370,438.905378,33.578287,-117.064329,468.289899,-0.000813,-0.000456,-0.000544,1.455555,1.455555,1.455555
27555.000000,33.578333,-117.064370,437.931542,33.578287,-117.064329,468.176020,-0.000811,-0.000451,-0.000547,1.453875,1.453875,1.453875
27570.000000,33.578330,-117.064369,437.724787,33.578287,-117.064329,468.061501,-0.000809,-0.000445,-0.000549,1.452192,1.452192,1.452192
27585.000000,33.578329,-117.064370,437.204852,33.578287,-117.064329,467.945091,-0.000807,-0.000439,-0.000552,1.450506,1.450506,1.450506
27600.000000,33.578325,-117.064369,436.633573,33.578287,-117.064330,467.827265,-0.000805,-0.000434,-0.000555,1.448832,1.448832,1.448832
27615.000000,33.578321,-117.064368,436.460101,33.578287,-117.064330,467.708701,-0.000803,-0.000428,-0.000558,1.447150,1.447150,1.447150
27630.000000,33.578320,-117.064366,435.671187,33.578287,-117.064330,467.588739,-0.000801,-0.000422,-0.000561,1.445499,1.445499,1.445499
27645.000000,33.578317,-117.064366,435.498187,33.578287,-117.064330,467.467081,-0.000799,-0.000417,-0.000564,1.443818,1.443818,1.443818
27660.000000,33.578313,-117.064363,434.297024,33.578287,-117.064330,467.342054,-0.000797,-0.000411,-0.000568,1.442160,1.442160,1.442160
27675.000000,33.578309,-117.064366,434.744682,33.578287,-117.064331,467.217707,-0.000795,-0.000405,-0.000571,1.440471,1.440471,1.440471
27690.000000,33.578308,-117.064364,433.914323,33.578287,-117.064331,467.091948,-0.000792,-0.000400,-0.000575,1.438815,1.438815,1.438815
27705.000000,33.578302,-117.064363,433.347672,33.578287,-117.064331,466.962652,-0.000790,-0.000394,-0.000578,1.437124,1.437124,1.437124
27720.000000,33.578301,-117.064365,433.247242,33.578287,-117.064331,466.832856,-0.000788,-0.000388,-0.000582,1.435423,1.435423,1.435423
27735.000000,33.578298,-117.064365,432.767268,33.578287,-117.064332,466.701963,-0.000786,-0.000382,-0.000586,1.433733,1.433733,1.433733
27750.000000,33.578295,-117.064364,432.242234,33.578287,-117.064332,466.569690,-0.000783,-0.000376,-0.000590,1.432049,1.432049,1.432049
27765.000000,33.578292,-117.064363,431.705262,33.578287,-117.064332,466.435221,-0.000781,-0.000371,-0.000594,1.430357,1.430357,1.430357
27780.000000,33.578290,-117.064364,431.215888,33.578287,-117.064332,466.298871,-0.000779,-0.000365,-0.000598,1.428659,1.428659,1.428659
27795.000000,33.578287,-117.064361,430.604116,33.578287,-117.064332,466.161773,-0.000776,-0.000359,-0.000602,1.426987,1.426987,1.426987
27810.000000,33.578284,-117.064360,429.813122,33.578287,-117.064333,466.020130,-0.000774,-0.000353,-0.000606,1.425281,1.425281,1.425281
27825.000000,33.578281,-117.064363,430.152951,33.578287,-117.064333,465.881083,-0.000772,-0.000347,-0.000610,1.423591,1.423591,1.423591
27840.000000,33.578280,-117.064361,429.273814,33.578286,-117.064333,465.737892,-0.000769,-0.000341,-0.000615,1.421881,1.421881,1.421881
27855.000000,33.578276,-117.064362,429.084040,33.578286,-117.064333,465.593298,-0.000767,-0.000335,-0.000619,1.420152,1.420152,1.420152
27870.000000,33.578275,-117.064361,428.888254,33.578286,-117.064333,465.449094,-0.000764,-0.000329,-0.000624,1.418438,1.418438,1.418438
27885.000000,33.578271,-117.064362,428.997080,33.578286,-117.064334,465.304972,-0.000762,-0.000323,-0.000629,1.416709,1.416709,1.416709
27900.000000,33.578270,-117.064358,428.529966,33.578286,-117.064334,465.157782,-0.000760,-0.000317,-0.000633,1.414950,1.414950,1.414950
27915.000000,33.578267,-117.064361,428.359136,33.578286,-117.064334,465.012087,-0.000757,-0.000311,-0.000638,1.413226,1.413226,1.413226
27930.000000,33.578263,-117.064357,427.462172,33.578285,-117.064334,464.865561,-0.000755,-0.000305,-0.000643,1.411546,1.411546,1.411546
27945.000000,33.578260,-117.064358,426.946826,33.578285,-117.064334,464.715894,-0.000752,-0.000300,-0.000648,1.409839,1.409839,1.409839
27960.000000,33.578258,-117.064360,426.619592,33.578285,-117.064334,464.565442,-0.000750,-0.000294,-0.000653,1.408135,1.408135,1.408135
27975.000000,33.578255,-117.064358,426.029389,33.578285,-117.064335,464.412010,-0.000747,-0.000288,-0.000658,1.406411,1.406411,1.406411
27990.000000,33.578253,-117.064358,425.828677,33.578284,-117.064335,464.257507,-0.000745,-0.000282,-0.000663,1.404676,1.404676,1.404676
28005.000000,33.578251,-117.064358,425.348048,33.578284,-117.064335,464.100194,-0.000742,-0.000276,-0.000669,1.402917,1.402917,1.402917
28020.000000,33.578247,-117.064357,424.787518,33.578284,-117.064335,463.941732,-0.000739,-0.000269,-0.000674,1.401171,1.401171,1.401171
28035.000000,33.578247,-117.064357,424.432059,33.578284,-117.064335,463.782327,-0.000737,-0.000263,-0.000680,1.399427,1.399427,1.399427
28050.000000,33.578244,-117.064357,424.451832,33.578283,-117.064336,463.624200,-0.000734,-0.000257,-0.000685,1.397696,1.397696,1.397696
28065.000000,33.578241,-117.064355,424.087882,33.578283,-117.064336,463.463530,-0.000732,-0.000251,-0.000691,1.395938,1.395938,1.395938
28080.000000,33.578238,-117.064354,424.216504,33.578283,-117.064336,463.303242,-0.000729,-0.000245,-0.000696,1.394170,1.394170,1.394170
28095.000000,33.578237,-117.064354,423.545846,33.578282,-117.064336,463.141379,-0.000726,-0.000239,-0.000702,1.392416,1.392416,1.392416
28110.000000,33.578234,-117.064354,422.967543,33.578282,-117.064336,462.978721,-0.000724,-0.000233,-0.000708,1.390681,1.390681,1.390681
28125.000000,33.578232,-117.064355,422.731464,33.578282,-117.064336,462.812698,-0.000721,-0.000227,-0.000714,1.388896,1.388896,1.388896
28140.000000,33.578228,-117.064356,422.737285,33.578281,-117.064337,462.646646,-0.000718,-0.000221,-0.000720,1.387103,1.387103,1.387103
28155.000000,33.578226,-117.064355,422.523562,33.578281,-117.064337,462.480150,-0.000716,-0.000215,-0.000726,1.385310,1.385310,1.385310
28170.000000,33.578227,-117.064352,421.793341,33.578281,-117.064337,462.310596,-0.000713,-0.000209,-0.000732,1.383508,1.383508,1.383508
28185.000000,33.578223,-117.064353,421.528182,33.578280,-117.064337,462.140368,-0.000710,-0.000203,-0.000738,1.381706,1.381706,1.381706
28200.000000,33.578220,-117.064352,421.098531,33.578280,-117.064337,461.967594,-0.000707,-0.000197,-0.000744,1.379883,1.379883,1.379883
28215.000000,33.578219,-117.064352,420.094971,33.578280,-117.064337,461.791678,-0.000704,-0.000190,-0.000750,1.378070,1.378070,1.378070
28230.000000,33.578216,-117.064354,420.088708,33.578279,-117.064337,461.618729,-0.000702,-0.000184,-0.000757,1.376299,1.376299,1.376299
28245.000000,33.578214,-117.064354,420.017123,33.578279,-117.064338,461.444599,-0.000699,-0.000178,-0.000763,1.374505,1.374505,1.374505
28260.000000,33.578211,-117.064352,419.827169,33.578278,-117.064338,461.269248,-0.000696,-0.000172,-0.000770,1.372696,1.372696,1.372696
28275.000000,33.578208,-117.064351,419.394106,33.578278,-117.064338,461.091776,-0.000693,-0.000166,-0.000776,1.370874,1.370874,1.370874
28290.000000,33.578205,-117.064351,419.922322,33.578278,-117.064338,460.915682,-0.000690,-0.000160,-0.000783,1.369029,1.369029,1.369029
28305.000000,33.578205,-117.064349,419.129849,33.578277,-117.064338,460.735100,-0.000687,-0.000153,-0.000790,1.367158,1.367158,1.367158
28320.000000,33.578201,-117.064352,418.864149,33.578277,-117.064338,460.555741,-0.000685,-0.000147,-0.000796,1.365317,1.365317,1.365317
28335.000000,33.578200,-117.064349,418.317378,33.578276,-117.064338,460.372005,-0.000682,-0.000141,-0.000803,1.363435,1.363435,1.363435
28350.000000,33.578199,-117.064351,418.246071,33.578276,-117.064339,460.188893,-0.000679,-0.000135,-0.000810,1.361560,1.361560,1.361560
28365.000000,33.578197,-117.064350,418.758134,33.578275,-117.064339,460.004837,-0.000676,-0.000128,-0.000817,1.359624,1.359624,1.359624
28380.000000,33.578195,-117.064349,417.878859,33.578275,-117.064339,459.818852,-0.000673,-0.000122,-0.000824,1.357710,1.357710,1.357710
28395.000000,33.578192,-117.064348,417.775090,33.578274,-117.064339,459.632910,-0.000670,-0.000116,-0.000831,1.355797,1.355797,1.355797
28410.000000,33.578189,-117.064351,417.642312,33.578274,-117.064339,459.444616,-0.000667,-0.000110,-0.000838,1.353845,1.353845,1.353845
28425.000000,33.578186,-117.064349,417.665118,33.578273,-117.064339,459.256003,-0.000664,-0.000103,-0.000846,1.351878,1.351878,1.351878
28440.000000,33.578185,-117.064347,417.315231,33.578273,-117.064339,459.065788,-0.000661,-0.000097,-0.000853,1.349902,1.349902,1.349902
28455.000000,33.578181,-117.064350,417.569731,33.578272,-117.064340,458.877016,-0.000658,-0.000091,-0.000861,1.347921,1.347921,1.347921
28470.000000,33.578182,-117.064348,416.941667,33.578272,-117.064340,458.686648,-0.000655,-0.000085,-0.000868,1.345951,1.345951,1.345951
28485.000000,33.578181,-117.064347,416.046198,33.578271,-117.064340,458.494826,-0.000652,-0.000079,-0.000875,1.344012,1.344012,1.344012
28500.000000,33.578178,-117.064350,416.425029,33.578271,-117.064340,458.305209,-0.000649,-0.000072,-0.000883,1.342073,1.342073,1.342073
28515.000000,33.578175,-117.064349,415.986802,33.578270,-117.064340,458.112888,-0.000646,-0.000066,-0.000890,1.340113,1.340113,1.340113
28530.000000,33.578174,-117.064348,415.573181,33.578270,-117.064340,457.919561,-0.000643,-0.000060,-0.000898,1.338158,1.338158,1.338158
28545.000000,33.578172,-117.064346,415.108567,33.578269,-117.064340,457.722064,-0.000640,-0.000054,-0.000906,1.336161,1.336161,1.336161
28560.000000,33.578168,-117.064348,415.364339,33.578268,-117.064340,457.525871,-0.000637,-0.000047,-0.000913,1.334157,1.334157,1.334157
28575.000000,33.578168,-117.064350,415.874881,33.578268,-117.064341,457.330250,-0.000634,-0.000041,-0.000921,1.332115,1.332115,1.332115
28590.000000,33.578167,-117.064348,414.806760,33.578267,-117.064341,457.132108,-0.000631,-0.000035,-0.000929,1.330101,1.330101,1.330101
28605.000000,33.578163,-117.064349,414.916383,33.578267,-117.064341,456.934662,-0.000628,-0.000029,-0.000937,1.328082,1.328082,1.328082
28620.000000,33.578163,-117.064349,414.623955,33.578266,-117.064341,456.736998,-0.000625,-0.000023,-0.000945,1.326071,1.326071,1.326071
28635.000000,33.578162,-117.064348,414.116105,33.578265,-117.064341,456.536418,-0.000622,-0.000016,-0.000953,1.324041,1.324041,1.324041
28650.000000,33.578152,-117.064370,421.664250,33.578265,-117.064341,456.398149,-0.000621,-0.000012,-0.000958,1.322523,1.322523,1.322523
28665.000000,33.578153,-117.064368,420.972487,33.578264,-117.064341,456.256461,-0.000619,-0.000008,-0.000965,1.320983,1.320983,1.320983
28680.000000,33.578151,-117.064369,420.883271,33.578264,-117.064342,456.114010,-0.000618,-0.000004,-0.000971,1.319429,1.319429,1.319429
28695.000000,33.578147,-117.064370,420.629654,33.578263,-117.064342,455.971121,-0.000616,0.000001,-0.000977,1.317879,1.317879,1.317879
28710.000000,33.578145,-117.064367,419.896611,33.578263,-117.064342,455.826280,-0.000614,0.000005,-0.000983,1.316338,1.316338,1.316338
28725.000000,33.578144,-117.064367,419.715194,33.578262,-117.064342,455.681177,-0.000613,0.000009,-0.000989,1.314797,1.314797,1.314797
28740.000000,33.578142,-117.064367,419.429838,33.578261,-117.064342,455.534983,-0.000611,0.000014,-0.000995,1.313251,1.313251,1.313251
28755.000000,33.578141,-117.064366,419.836980,33.578261,-117.064343,455.389855,-0.000609,0.000018,-0.001002,1.311687,1.311687,1.311687
28770.000000,33.578143,-117.064364,418.570077,33.578260,-117.064343,455.238287,-0.000607,0.000022,-0.001008,1.310091,1.310091,1.310091
28785.000000,33.578139,-117.064364,418.920008,33.578260,-117.064343,455.088637,-0.000606,0.000027,-0.001015,1.308496,1.308496,1.308496
28800.000000,33.578138,-117.064366,418.850294,33.578259,-117.064343,454.940361,-0.000604,0.000031,-0.001021,1.306925,1.306925,1.306925
28815.000000,33.578137,-117.064365,418.281400,33.578258,-117.064343,454.790138,-0.000602,0.000035,-0.001027,1.305351,1.305351,1.305351
28830.000000,33.578136,-117.064365,417.565417,33.578258,-117.064343,454.637415,-0.000600,0.000040,-0.001034,1.303776,1.303776,1.303776
28845.000000,33.578136,-117.064361,417.308657,33.578257,-117.064344,454.480198,-0.000598,0.000045,-0.001041,1.302133,1.302133,1.302133
28860.000000,33.578133,-117.064364,417.585005,33.578256,-117.064344,454.324700,-0.000597,0.000049,-0.001047,1.300493,1.300493,1.300493
28875.000000,33.578131,-117.064361,417.348849,33.578256,-117.064344,454.168803,-0.000595,0.000053,-0.001054,1.298855,1.298855,1.298855
28890.000000,33.578133,-117.064360,416.656918,33.578255,-117.064344,454.010165,-0.000593,0.000058,-0.001061,1.297211,1.297211,1.297211
28905.000000,33.578130,-117.064362,416.955929,33.578254,-117.064344,453.851576,-0.000591,0.000063,-0.001067,1.295539,1.295539,1.295539
28920.000000,33.578129,-117.064360,415.966112,33.578254,-117.064344,453.689000,-0.000589,0.000067,-0.001074,1.293861,1.293861,1.293861
28935.000000,33.578130,-117.064360,415.589402,33.578253,-117.064345,453.524507,-0.000587,0.000072,-0.001081,1.292169,1.292169,1.292169
28950.000000,33.578127,-117.064361,415.830850,33.578253,-117.064345,453.362425,-0.000585,0.000077,-0.001088,1.290493,1.290493,1.290493
28965.000000,33.578127,-117.064358,415.556394,33.578252,-117.064345,453.198732,-0.000583,0.000081,-0.001095,1.288801,1.288801,1.288801
28980.000000,33.578126,-117.064360,415.108415,33.578251,-117.064345,453.034015,-0.000580,0.000086,-0.001102,1.287116,1.287116,1.287116
28995.000000,33.578124,-117.064361,415.480480,33.578251,-117.064345,452.870893,-0.000578,0.000091,-0.001109,1.285424,1.285424,1.285424
29010.000000,33.578123,-117.064358,415.135083,33.578250,-117.064345,452.706190,-0.000576,0.000095,-0.001116,1.283721,1.283721,1.283721
29025.000000,33.578121,-117.064360,414.922998,33.578249,-117.064345,452.541270,-0.000574,0.000100,-0.001123,1.282022,1.282022,1.282022
29040.000000,33.578120,-117.064359,413.915485,33.578249,-117.064346,452.373273,-0.000572,0.000105,-0.001130,1.280335,1.280335,1.280335
29055.000000,33.578121,-117.064358,414.120897,33.578248,-117.064346,452.204959,-0.000570,0.000109,-0.001137,1.278619,1.278619,1.278619
29070.000000,33.578118,-117.064358,414.536241,33.578247,-117.064346,452.036328,-0.000568,0.000114,-0.001145,1.276860,1.276860,1.276860
29085.000000,33.578120,-117.064354,413.529113,33.578246,-117.064346,451.863673,-0.000566,0.000119,-0.001152,1.275098,1.275098,1.275098
29100.000000,33.578119,-117.064357,413.600869,33.578246,-117.064346,451.690935,-0.000563,0.000124,-0.001159,1.273322,1.273322,1.273322
29115.000000,33.578117,-117.064357,413.098812,33.578245,-117.064346,451.520071,-0.000561,0.000128,-0.001166,1.271604,1.271604,1.271604
29130.000000,33.578116,-117.064356,413.358008,33.578244,-117.064346,451.349196,-0.000559,0.000133,-0.001173,1.269859,1.269859,1.269859
29145.000000,33.578115,-117.064355,412.708698,33.578244,-117.064347,451.176807,-0.000557,0.000138,-0.001181,1.268127,1.268127,1.268127
29160.000000,33.578116,-117.064353,412.656205,33.578243,-117.064347,451.001198,-0.000555,0.000143,-0.001188,1.266337,1.266337,1.266337
29175.000000,33.578112,-117.064354,413.012299,33.578242,-117.064347,450.826550,-0.000552,0.000148,-0.001195,1.264529,1.264529,1.264529
29190.000000,33.578114,-117.064352,412.305121,33.578242,-117.064347,450.647431,-0.000550,0.000152,-0.001203,1.262690,1.262690,1.262690
29205.000000,33.578114,-117.064352,412.273701,33.578241,-117.064347,450.467564,-0.000547,0.000157,-0.001210,1.260832,1.260832,1.260832
29220.000000,33.578114,-117.064352,411.812501,33.578240,-117.064347,450.288357,-0.000545,0.000162,-0.001218,1.259010,1.259010,1.259010
29235.000000,33.578112,-117.064351,411.437526,33.578239,-117.064347,450.107683,-0.000543,0.000167,-0.001225,1.257183,1.257183,1.257183
29250.000000,33.578112,-117.064351,411.409107,33.578239,-117.064347,449.925977,-0.000540,0.000172,-0.001233,1.255332,1.255332,1.255332
29265.000000,33.578112,-117.064351,411.162111,33.578238,-117.064347,449.743637,-0.000538,0.000177,-0.001241,1.253479,1.253479,1.253479
29280.000000,33.578109,-117.064349,411.194934,33.578237,-117.064348,449.559979,-0.000535,0.000182,-0.001248,1.251594,1.251594,1.251594
29295.000000,33.578110,-117.064350,411.303123,33.578237,-117.064348,449.375574,-0.000533,0.000187,-0.001256,1.249680,1.249680,1.249680
29310.000000,33.578109,-117.064350,411.103345,33.578236,-117.064348,449.191400,-0.000530,0.000192,-0.001263,1.247775,1.247775,1.247775
29325.000000,33.578108,-117.064351,411.136426,33.578235,-117.064348,449.006689,-0.000528,0.000197,-0.001271,1.245850,1.245850,1.245850
29340.000000,33.578108,-117.064352,410.985392,33.578234,-117.064348,448.822585,-0.000525,0.000202,-0.001279,1.243937,1.243937,1.243937
29355.000000,33.578107,-117.064351,410.395508,33.578234,-117.064348,448.636608,-0.000523,0.000207,-0.001286,1.242029,1.242029,1.242029
29370.000000,33.578107,-117.064347,409.714150,33.578233,-117.064348,448.446857,-0.000520,0.000212,-0.001294,1.240101,1.240101,1.240101
29385.000000,33.578107,-117.064348,409.960493,33.578232,-117.064348,448.257537,-0.000517,0.000218,-0.001302,1.238152,1.238152,1.238152
29400.000000,33.578106,-117.064351,409.972649,33.578231,-117.064348,448.068748,-0.000515,0.000223,-0.001310,1.236201,1.236201,1.236201
29415.000000,33.578105,-117.064349,410.171928,33.578231,-117.064348,447.878579,-0.000512,0.000228,-0.001318,1.234203,1.234203,1.234203
29430.000000,33.578107,-117.064346,409.544279,33.578230,-117.064348,447.684359,-0.000510,0.000233,-0.001326,1.232178,1.232178,1.232178
29445.000000,33.578105,-117.064345,409.254943,33.578229,-117.064349,447.491904,-0.000507,0.000238,-0.001333,1.230194,1.230194,1.230194
29460.000000,33.578104,-117.064348,409.007476,33.578228,-117.064349,447.300093,-0.000504,0.000243,-0.001341,1.228230,1.228230,1.228230
29475.000000,33.578104,-117.064348,408.914954,33.578228,-117.064349,447.106765,-0.000502,0.000249,-0.001349,1.226238,1.226238,1.226238
29490.000000,33.578103,-117.064348,409.520372,33.578227,-117.064349,446.916415,-0.000499,0.000254,-0.001357,1.224238,1.224238,1.224238
29505.000000,33.578103,-117.064348,409.077511,33.578226,-117.064349,446.724808,-0.000496,0.000259,-0.001365,1.222243,1.222243,1.222243
29520.000000,33.578106,-117.064346,409.134278,33.578225,-117.064349,446.529652,-0.000494,0.000264,-0.001373,1.220175,1.220175,1.220175
29535.000000,33.578104,-117.064349,408.911865,33.578225,-117.064349,446.337280,-0.000491,0.000269,-0.001380,1.218160,1.218160,1.218160
29550.000000,33.578103,-117.064350,409.041968,33.578224,-117.064349,446.144768,-0.000488,0.000274,-0.001388,1.216122,1.216122,1.216122
29565.000000,33.578104,-117.064347,407.472244,33.578223,-117.064349,445.944773,-0.000485,0.000280,-0.001396,1.214077,1.214077,1.214077
29580.000000,33.578101,-117.064350,408.598641,33.578223,-117.064349,445.749851,-0.000483,0.000285,-0.001404,1.212015,1.212015,1.212015
29595.000000,33.578100,-117.064348,408.862034,33.578222,-117.064349,445.557201,-0.000480,0.000290,-0.001412,1.209958,1.209958,1.209958
29610.000000,33.578104,-117.064346,407.900784,33.578221,-117.064350,445.358409,-0.000477,0.000295,-0.001420,1.207869,1.207869,1.207869
29625.000000,33.578102,-117.064345,407.855418,33.578220,-117.064350,445.161349,-0.000475,0.000301,-0.001428,1.205801,1.205801,1.205801
29640.000000,33.578102,-117.064346,407.298387,33.578220,-117.064350,444.962786,-0.000472,0.000306,-0.001435,1.203742,1.203742,1.203742
29655.000000,33.578100,-117.064348,406.816168,33.578219,-117.064350,444.764999,-0.000469,0.000311,-0.001443,1.201723,1.201723,1.201723
29670.000000,33.578101,-117.064347,407.075510,33.578218,-117.064350,444.566722,-0.000466,0.000317,-0.001451,1.199666,1.199666,1.199666
29685.000000,33.578099,-117.064346,407.828252,33.578217,-117.064350,444.371325,-0.000463,0.000322,-0.001459,1.197584,1.197584,1.197584
29700.000000,33.578101,-117.064343,407.566774,33.578217,-117.064350,444.171081,-0.000461,0.000327,-0.001467,1.195435,1.195435,1.195435
29715.000000,33.578100,-117.064346,407.133328,33.578216,-117.064350,443.971194,-0.000458,0.000332,-0.001475,1.193316,1.193316,1.193316
29730.000000,33.578101,-117.064345,406.967372,33.578215,-117.064350,443.770529,-0.000455,0.000338,-0.001483,1.191187,1.191187,1.191187
29745.000000,33.578099,-117.064345,407.028340,33.578214,-117.064350,443.571204,-0.000452,0.000343,-0.001491,1.189065,1.189065,1.189065
29760.000000,33.578099,-117.064345,407.268012,33.578214,-117.064350,443.372077,-0.000449,0.000348,-0.001498,1.186914,1.186914,1.186914
29775.000000,33.578099,-117.064346,407.189795,33.578213,-117.064350,443.173445,-0.000446,0.000353,-0.001506,1.184768,1.184768,1.184768
29790.000000,33.578099,-117.064344,407.149805,33.578212,-117.064350,442.972918,-0.000444,0.000359,-0.001514,1.182583,1.182583,1.182583
29805.000000,33.578099,-117.064345,407.534070,33.578211,-117.064350,442.775153,-0.000441,0.000364,-0.001522,1.180399,1.180399,1.180399
29820.000000,33.578102,-117.064344,405.939336,33.578211,-117.064350,442.569882,-0.000438,0.000369,-0.001530,1.178217,1.178217,1.178217
29835.000000,33.578099,-117.064347,406.326599,33.578210,-117.064351,442.367955,-0.000435,0.000375,-0.001538,1.176045,1.176045,1.176045
29850.000000,33.578098,-117.064348,406.430799,33.578209,-117.064351,442.169071,-0.000432,0.000380,-0.001546,1.173903,1.173903,1.173903
29865.000000,33.578100,-117.064344,406.113460,33.578208,-117.064351,441.965022,-0.000429,0.000385,-0.001553,1.171692,1.171692,1.171692
29880.000000,33.578100,-117.064342,406.403492,33.578208,-117.064351,441.760862,-0.000426,0.000391,-0.001561,1.169443,1.169443,1.169443
29895.000000,33.578100,-117.064342,406.276273,33.578207,-117.064351,441.556298,-0.000423,0.000396,-0.001569,1.167186,1.167186,1.167186
29910.000000,33.578098,-117.064344,406.154033,33.578206,-117.064351,441.354346,-0.000420,0.000401,-0.001577,1.164972,1.164972,1.164972
29925.000000,33.578099,-117.064345,405.836587,33.578205,-117.064351,441.150667,-0.000418,0.000407,-0.001585,1.162746,1.162746,1.162746
29940.000000,33.578101,-117.064344,405.468233,33.578205,-117.064351,440.943567,-0.000415,0.000412,-0.001593,1.160484,1.160484,1.160484
29955.000000,33.578102,-117.064344,406.707572,33.578204,-117.064351,440.739838,-0.000412,0.000417,-0.001601,1.158153,1.158153,1.158153
29970.000000,33.578100,-117.064344,406.721945,33.578203,-117.064351,440.538329,-0.000409,0.000423,-0.001608,1.155847,1.155847,1.155847
29985.000000,33.578101,-117.064344,406.027146,33.578203,-117.064351,440.333314,-0.000406,0.000428,-0.001616,1.153534,1.153534,1.153534
30000.000000,33.578101,-117.064344,405.358478,33.578202,-117.064351,440.128505,-0.000403,0.000433,-0.001624,1.151272,1.151272,1.151272
30015.000000,33.578097,-117.064346,406.004862,33.578201,-117.064351,439.928858,-0.000400,0.000439,-0.001631,1.149027,1.149027,1.149027
30030.000000,33.578099,-117.064345,405.868279,33.578200,-117.064351,439.724441,-0.000397,0.000444,-0.001639,1.146702,1.146702,1.146702
30045.000000,33.578101,-117.064342,405.514800,33.578200,-117.064351,439.516941,-0.000394,0.000449,-0.001647,1.144345,1.144345,1.144345
30060.000000,33.578102,-117.064345,405.714306,33.578199,-117.064351,439.311697,-0.000391,0.000455,-0.001655,1.141995,1.141995,1.141995
30075.000000,33.578100,-117.064345,405.716140,33.578198,-117.064351,439.108994,-0.000388,0.000460,-0.001662,1.139675,1.139675,1.139675
30090.000000,33.578100,-117.064346,405.395116,33.578197,-117.064351,438.905688,-0.000385,0.000466,-0.001670,1.137363,1.137363,1.137363
30105.000000,33.578100,-117.064347,405.512721,33.578197,-117.064351,438.703313,-0.000383,0.000471,-0.001678,1.135043,1.135043,1.135043
30120.000000,33.578105,-117.064344,404.936157,33.578196,-117.064352,438.494030,-0.000379,0.000476,-0.001685,1.132649,1.132649,1.132649
30135.000000,33.578463,-117.064466,449.936590,33.578196,-117.064352,438.488730,-0.000380,0.000477,-0.001684,1.132908,1.132908,1.132908
30150.000000,33.578460,-117.064468,449.723040,33.578196,-117.064352,438.483240,-0.000380,0.000478,-0.001682,1.133166,1.133166,1.133166
30165.000000,33.578463,-117.064467,448.342284,33.578196,-117.064352,438.476283,-0.000380,0.000478,-0.001681,1.133426,1.133426,1.133426
30180.000000,33.578462,-117.064466,448.046598,33.578196,-117.064352,438.469046,-0.000381,0.000479,-0.001679,1.133686,1.133686,1.133686
30195.000000,33.578464,-117.064467,447.978119,33.578197,-117.064353,438.461690,-0.000381,0.000479,-0.001678,1.133949,1.133949,1.133949
30210.000000,33.578463,-117.064466,447.876600,33.578197,-117.064353,438.454324,-0.000381,0.000480,-0.001676,1.134208,1.134208,1.134208
30225.000000,33.578460,-117.064466,446.706661,33.578197,-117.064353,438.445887,-0.000382,0.000481,-0.001675,1.134458,1.134458,1.134458
30240.000000,33.578464,-117.064469,447.060409,33.578197,-117.064353,438.437608,-0.000382,0.000481,-0.001673,1.134722,1.134722,1.134722
30255.000000,33.578463,-117.064470,446.863474,33.578197,-117.064353,438.429077,-0.000382,0.000482,-0.001672,1.134991,1.134991,1.134991
30270.000000,33.578462,-117.064467,446.018471,33.578197,-117.064354,438.419839,-0.000382,0.000483,-0.001670,1.135249,1.135249,1.135249
30285.000000,33.578460,-117.064463,444.892112,33.578197,-117.064354,438.409579,-0.000383,0.000483,-0.001669,1.135497,1.135497,1.135497
30300.000000,33.578463,-117.064466,445.585470,33.578197,-117.064354,438.399894,-0.000383,0.000484,-0.001667,1.135757,1.135757,1.135757
30315.000000,33.578461,-117.064467,445.777752,33.578197,-117.064354,438.390351,-0.000383,0.000485,-0.001666,1.136023,1.136023,1.136023
30330.000000,33.578459,-117.064465,444.614724,33.578198,-117.064354,438.379724,-0.000383,0.000486,-0.001664,1.136281,1.136281,1.136281
30345.000000,33.578458,-117.064463,443.622495,33.578198,-117.064355,438.368161,-0.000383,0.000486,-0.001663,1.136532,1.136532,1.136532
30360.000000,33.578464,-117.064463,443.580578,33.578198,-117.064355,438.356446,-0.000384,0.000487,-0.001662,1.136795,1.136795,1.136795
30375.000000,33.578458,-117.064467,444.031700,33.578198,-117.064355,438.345250,-0.000384,0.000488,-0.001660,1.137054,1.137054,1.137054
30390.000000,33.578458,-117.064467,442.777649,33.578198,-117.064355,438.332838,-0.000384,0.000489,-0.001659,1.137306,1.137306,1.137306
30405.000000,33.578463,-117.064466,442.296022,33.578198,-117.064355,438.319877,-0.000384,0.000489,-0.001658,1.137567,1.137567,1.137567
30420.000000,33.578462,-117.064464,442.615819,33.578198,-117.064356,438.307254,-0.000384,0.000490,-0.001656,1.137829,1.137829,1.137829
30435.000000,33.578460,-117.064464,442.320076,33.578198,-117.064356,438.294396,-0.000384,0.000491,-0.001655,1.138083,1.138083,1.138083
30450.000000,33.578457,-117.064464,440.641027,33.578198,-117.064356,438.279850,-0.000385,0.000492,-0.001654,1.138331,1.138331,1.138331
30465.000000,33.578463,-117.064464,440.491310,33.578198,-117.064356,438.265122,-0.000385,0.000493,-0.001652,1.138589,1.138589,1.138589
30480.000000,33.578462,-117.064464,440.639978,33.578199,-117.064356,438.250554,-0.000385,0.000494,-0.001651,1.138849,1.138849,1.138849
30495.000000,33.578459,-117.064466,440.012302,33.578199,-117.064357,438.235372,-0.000385,0.000495,-0.001650,1.139106,1.139106,1.139106
30510.000000,33.578460,-117.064464,439.754379,33.578199,-117.064357,438.219954,-0.000385,0.000495,-0.001648,1.139358,1.139358,1.139358
30525.000000,33.578466,-117.064467,439.153731,33.578199,-117.064357,438.203900,-0.000385,0.000496,-0.001647,1.139631,1.139631,1.139631
30540.000000,33.578465,-117.064466,438.244835,33.578199,-117.064357,438.186959,-0.000385,0.000497,-0.001646,1.139897,1.139897,1.139897
30555.000000,33.578459,-117.064468,438.107147,33.578199,-117.064357,438.169895,-0.000385,0.000498,-0.001645,1.140154,1.140154,1.140154
30570.000000,33.578464,-117.064465,438.015063,33.578199,-117.064358,438.152757,-0.000385,0.000499,-0.001644,1.140421,1.140421,1.140421
30585.000000,33.578463,-117.064466,437.167832,33.578199,-117.064358,438.134773,-0.000385,0.000500,-0.001642,1.140680,1.140680,1.140680
30600.000000,33.578458,-117.064464,437.142594,33.578199,-117.064358,438.116768,-0.000386,0.000501,-0.001641,1.140930,1.140930,1.140930
30615.000000,33.578460,-117.064465,437.246613,33.578199,-117.064358,438.098902,-0.000386,0.000502,-0.001640,1.141191,1.141191,1.141191
30630.000000,33.578459,-117.064465,437.254325,33.578200,-117.064358,438.081064,-0.000386,0.000503,-0.001639,1.141452,1.141452,1.141452
30645.000000,33.578459,-117.064462,436.251079,33.578200,-117.064359,438.062196,-0.000386,0.000504,-0.001638,1.141703,1.141703,1.141703
30660.000000,33.578460,-117.064462,435.440361,33.578200,-117.064359,438.042519,-0.000386,0.000505,-0.001637,1.141956,1.141956,1.141956
30675.000000,33.578458,-117.064462,435.734115,33.578200,-117.064359,438.023176,-0.000386,0.000506,-0.001635,1.142211,1.142211,1.142211
30690.000000,33.578460,-117.064463,435.060582,33.578200,-117.064359,438.003176,-0.000386,0.000507,-0.001634,1.142469,1.142469,1.142469
30705.000000,33.578455,-117.064464,434.917439,33.578200,-117.064359,437.983016,-0.000386,0.000508,-0.001633,1.142720,1.142720,1.142720
30720.000000,33.578458,-117.064459,434.116742,33.578200,-117.064360,437.962015,-0.000386,0.000509,-0.001632,1.142965,1.142965,1.142965
30735.000000,33.578458,-117.064462,434.013360,33.578200,-117.064360,437.940935,-0.000386,0.000510,-0.001631,1.143212,1.143212,1.143212
30750.000000,33.578456,-117.064461,433.516798,33.578200,-117.064360,437.919396,-0.000386,0.000511,-0.001630,1.143463,1.143463,1.143463
30765.000000,33.578522,-117.064423,417.036378,33.578200,-117.064360,437.884915,-0.000385,0.000513,-0.001629,1.143821,1.143821,1.143821
30780.000000,33.578525,-117.064423,415.985664,33.578201,-117.064360,437.849627,-0.000385,0.000514,-0.001629,1.144181,1.144181,1.144181
30795.000000,33.578525,-117.064418,415.492802,33.578201,-117.064360,437.813699,-0.000384,0.000516,-0.001628,1.144535,1.144535,1.144535
30810.000000,33.578528,-117.064419,414.428024,33.578201,-117.064361,437.776876,-0.000384,0.000517,-0.001627,1.144888,1.144888,1.144888
30825.000000,33.578530,-117.064419,413.673614,33.578201,-117.064361,437.739753,-0.000383,0.000519,-0.001626,1.145248,1.145248,1.145248
30840.000000,33.578529,-117.064418,413.581917,33.578201,-117.064361,437.702285,-0.000383,0.000521,-0.001626,1.145601,1.145601,1.145601
30855.000000,33.578530,-117.064415,412.753767,33.578201,-117.064361,437.663994,-0.000382,0.000522,-0.001625,1.145951,1.145951,1.145951
30870.000000,33.578532,-117.064416,411.950032,33.578201,-117.064361,437.625015,-0.000381,0.000524,-0.001624,1.146300,1.146300,1.146300
30885.000000,33.578535,-117.064415,411.002649,33.578201,-117.064361,437.585308,-0.000381,0.000525,-0.001624,1.146651,1.146651,1.146651
30900.000000,33.578535,-117.064415,410.025085,33.578202,-117.064361,437.544743,-0.000380,0.000527,-0.001623,1.147000,1.147000,1.147000
30915.000000,33.578537,-117.064414,408.690225,33.578202,-117.064362,437.502841,-0.000379,0.000529,-0.001622,1.147344,1.147344,1.147344
30930.000000,33.578534,-117.064410,409.316289,33.578202,-117.064362,437.461285,-0.000379,0.000531,-0.001622,1.147684,1.147684,1.147684
30945.000000,33.578536,-117.064411,408.746018,33.578202,-117.064362,437.419242,-0.000378,0.000532,-0.001621,1.148024,1.148024,1.148024
30960.000000,33.578538,-117.064412,407.867199,33.578202,-117.064362,437.376441,-0.000377,0.000534,-0.001621,1.148362,1.148362,1.148362
30975.000000,33.578541,-117.064413,405.930629,33.578202,-117.064362,437.331938,-0.000377,0.000536,-0.001620,1.148700,1.148700,1.148700
30990.000000,33.578542,-117.064411,404.784119,33.578202,-117.064362,437.286435,-0.000376,0.000538,-0.001619,1.149037,1.149037,1.149037
31005.000000,33.578543,-117.064410,404.242413,33.578202,-117.064362,437.240444,-0.000375,0.000540,-0.001619,1.149374,1.149374,1.149374
31020.000000,33.578542,-117.064407,404.609141,33.578203,-117.064363,437.194380,-0.000374,0.000542,-0.001618,1.149703,1.149703,1.149703
31035.000000,33.578543,-117.064405,403.906070,33.578203,-117.064363,437.147526,-0.000374,0.000544,-0.001618,1.150028,1.150028,1.150028
31050.000000,33.578545,-117.064406,403.665724,33.578203,-117.064363,437.100577,-0.000373,0.000546,-0.001617,1.150355,1.150355,1.150355
31065.000000,33.578547,-117.064406,402.094549,33.578203,-117.064363,437.052280,-0.000372,0.000548,-0.001617,1.150681,1.150681,1.150681
31080.000000,33.578549,-117.064404,401.506850,33.578203,-117.064363,437.003440,-0.000371,0.000550,-0.001616,1.151007,1.151007,1.151007
31095.000000,33.578548,-117.064403,401.226521,33.578203,-117.064363,436.954366,-0.000370,0.000552,-0.001616,1.151333,1.151333,1.151333
31110.000000,33.578551,-117.064406,399.841070,33.578203,-117.064363,436.904246,-0.000369,0.000554,-0.001615,1.151660,1.151660,1.151660
31125.000000,33.578551,-117.064404,398.949161,33.578204,-117.064363,436.852817,-0.000368,0.000556,-0.001615,1.151980,1.151980,1.151980
31140.000000,33.578415,-117.064666,464.384656,33.578204,-117.064364,436.856099,-0.000370,0.000556,-0.001613,1.152380,1.152380,1.152380
31155.000000,33.578415,-117.064667,463.223055,33.578204,-117.064364,436.858679,-0.000371,0.000556,-0.001612,1.152777,1.152777,1.152777
31170.000000,33.578415,-117.064663,463.995713,33.578204,-117.064364,436.861885,-0.000372,0.000556,-0.001611,1.153173,1.153173,1.153173
31185.000000,33.578417,-117.064664,462.593776,33.578204,-117.064365,436.864082,-0.000373,0.000556,-0.001610,1.153568,1.153568,1.153568
31200.000000,33.578419,-117.064664,462.500631,33.578204,-117.064365,436.866325,-0.000374,0.000557,-0.001608,1.153960,1.153960,1.153960
31215.000000,33.578420,-117.064669,462.142818,33.578204,-117.064365,436.867964,-0.000375,0.000557,-0.001607,1.154360,1.154360,1.154360
31230.000000,33.578420,-117.064669,461.328145,33.578204,-117.064366,436.869073,-0.000376,0.000557,-0.001606,1.154758,1.154758,1.154758
31245.000000,33.578421,-117.064666,460.830288,33.578204,-117.064366,436.869934,-0.000377,0.000557,-0.001605,1.155153,1.155153,1.155153
31260.000000,33.578421,-117.064665,460.492072,33.578204,-117.064366,436.870448,-0.000378,0.000558,-0.001603,1.155551,1.155551,1.155551
31275.000000,33.578423,-117.064670,459.900197,33.578204,-117.064367,436.870451,-0.000379,0.000558,-0.001602,1.155950,1.155950,1.155950
31290.000000,33.578425,-117.064669,459.140703,33.578204,-117.064367,436.869888,-0.000380,0.000558,-0.001601,1.156349,1.156349,1.156349
31305.000000,33.578425,-117.064667,458.891351,33.578204,-117.064367,436.869227,-0.000381,0.000558,-0.001600,1.156745,1.156745,1.156745
31320.000000,33.578426,-117.064670,457.713648,33.578204,-117.064368,436.867562,-0.000382,0.000559,-0.001599,1.157145,1.157145,1.157145
31335.000000,33.578428,-117.064667,456.720711,33.578204,-117.064368,436.865256,-0.000383,0.000559,-0.001597,1.157543,1.157543,1.157543
31350.000000,33.578428,-117.064665,456.760893,33.578204,-117.064368,436.863062,-0.000384,0.000560,-0.001596,1.157937,1.157937,1.157937
31365.000000,33.578427,-117.064665,456.901707,33.578204,-117.064369,436.861012,-0.000385,0.000560,-0.001595,1.158331,1.158331,1.158331
31380.000000,33.578428,-117.064666,456.035296,33.578204,-117.064369,436.858280,-0.000386,0.000560,-0.001594,1.158726,1.158726,1.158726
31395.000000,33.578429,-117.064667,455.396153,33.578204,-117.064369,436.855111,-0.000387,0.000561,-0.001593,1.159120,1.159120,1.159120
31410.000000,33.578430,-117.064665,455.281637,33.578204,-117.064370,436.851949,-0.000387,0.000561,-0.001592,1.159511,1.159511,1.159511
31425.000000,33.578429,-117.064660,455.391465,33.578204,-117.064370,436.849085,-0.000388,0.000561,-0.001591,1.159895,1.159895,1.159895
31440.000000,33.578431,-117.064664,454.877609,33.578204,-117.064370,436.845572,-0.000389,0.000562,-0.001589,1.160287,1.160287,1.160287
31455.000000,33.578433,-117.064668,453.568483,33.578204,-117.064371,436.841120,-0.000390,0.000562,-0.001588,1.160678,1.160678,1.160678
31470.000000,33.578436,-117.064666,452.200568,33.578204,-117.064371,436.835661,-0.000391,0.000563,-0.001587,1.161068,1.161068,1.161068
31485.000000,33.578435,-117.064666,452.476363,33.578204,-117.064371,436.830450,-0.000392,0.000563,-0.001586,1.161456,1.161456,1.161456
31500.000000,33.578435,-117.064664,451.673878,33.578204,-117.064372,436.824622,-0.000393,0.000564,-0.001585,1.161845,1.161845,1.161845
31515.000000,33.578439,-117.064664,449.942905,33.578204,-117.064372,436.817423,-0.000394,0.000564,-0.001584,1.162236,1.162236,1.162236
31530.000000,33.578436,-117.064667,450.098044,33.578204,-117.064372,436.810394,-0.000394,0.000565,-0.001583,1.162625,1.162625,1.162625
31545.000000,33.578438,-117.064668,449.474587,33.578204,-117.064373,436.802800,-0.000395,0.000566,-0.001582,1.163019,1.163019,1.163019
31560.000000,33.578438,-117.064668,448.946460,33.578204,-117.064373,436.794922,-0.000396,0.000566,-0.001581,1.163408,1.163408,1.163408
31575.000000,33.578440,-117.064668,448.098008,33.578204,-117.064373,436.786360,-0.000397,0.000567,-0.001580,1.163799,1.163799,1.163799
31590.000000,33.578439,-117.064670,448.411081,33.578204,-117.064373,436.778007,-0.000398,0.000567,-0.001579,1.164191,1.164191,1.164191
31605.000000,33.578439,-117.064669,448.076613,33.578204,-117.064374,436.769432,-0.000398,0.000568,-0.001578,1.164583,1.164583,1.164583
31620.000000,33.578437,-117.064668,447.796943,33.578204,-117.064374,436.760666,-0.000399,0.000569,-0.001577,1.164974,1.164974,1.164974
31635.000000,33.578444,-117.064663,446.065645,33.578204,-117.064374,436.750678,-0.000400,0.000569,-0.001576,1.165360,1.165360,1.165360
31650.000000,33.578442,-117.064662,446.298594,33.578204,-117.064375,436.740939,-0.000401,0.000570,-0.001575,1.165742,1.165742,1.165742
31665.000000,33.578444,-117.064663,445.372975,33.578204,-117.064375,436.730501,-0.000402,0.000571,-0.001574,1.166123,1.166123,1.166123
31680.000000,33.578444,-117.064668,444.961824,33.578204,-117.064375,436.719679,-0.000402,0.000571,-0.001573,1.166510,1.166510,1.166510
31695.000000,33.578446,-117.064671,443.837574,33.578204,-117.064376,436.707996,-0.000403,0.000572,-0.001572,1.166898,1.166898,1.166898
31710.000000,33.578448,-117.064668,442.947293,33.578204,-117.064376,436.695687,-0.000404,0.000573,-0.001571,1.167282,1.167282,1.167282
31725.000000,33.578449,-117.064670,442.366837,33.578204,-117.064376,436.682927,-0.000404,0.000574,-0.001570,1.167667,1.167667,1.167667
31740.000000,33.578450,-117.064667,442.014528,33.578204,-117.064377,436.669949,-0.000405,0.000574,-0.001569,1.168048,1.168048,1.168048
31755.000000,33.578448,-117.064664,442.050598,33.578204,-117.064377,436.657030,-0.000406,0.000575,-0.001568,1.168427,1.168427,1.168427
31770.000000,33.578450,-117.064667,441.102201,33.578204,-117.064377,436.643372,-0.000407,0.000576,-0.001567,1.168808,1.168808,1.168808
31785.000000,33.578451,-117.064664,441.100589,33.578204,-117.064378,436.629748,-0.000407,0.000577,-0.001566,1.169186,1.169186,1.169186
31800.000000,33.578451,-117.064664,440.556048,33.578205,-117.064378,436.615689,-0.000408,0.000578,-0.001565,1.169567,1.169567,1.169567
31815.000000,33.578450,-117.064668,439.854973,33.578205,-117.064378,436.601108,-0.000409,0.000579,-0.001565,1.169947,1.169947,1.169947
31830.000000,33.578452,-117.064667,438.824533,33.578205,-117.064379,436.585745,-0.000409,0.000579,-0.001564,1.170326,1.170326,1.170326
31845.000000,33.578425,-117.064587,458.057433,33.578205,-117.064379,436.583144,-0.000410,0.000580,-0.001563,1.170763,1.170763,1.170763
31860.000000,33.578426,-117.064587,457.085035,33.578205,-117.064379,436.579907,-0.000410,0.000580,-0.001562,1.171200,1.171200,1.171200
31875.000000,33.578426,-117.064589,456.502726,33.578205,-117.064379,436.576314,-0.000411,0.000580,-0.001561,1.171635,1.171635,1.171635
31890.000000,33.578429,-117.064592,455.916315,33.578205,-117.064380,436.572242,-0.000412,0.000580,-0.001560,1.172074,1.172074,1.172074
31905.000000,33.578426,-117.064594,456.327867,33.578205,-117.064380,436.568353,-0.000412,0.000580,-0.001559,1.172515,1.172515,1.172515
31920.000000,33.578426,-117.064593,455.519551,33.578205,-117.064380,436.564078,-0.000413,0.000581,-0.001558,1.172951,1.172951,1.172951
31935.000000,33.578427,-117.064588,454.780939,33.578205,-117.064380,436.559483,-0.000413,0.000581,-0.001557,1.173382,1.173382,1.173382
31950.000000,33.578431,-117.064592,453.649603,33.578205,-117.064381,436.554057,-0.000414,0.000581,-0.001556,1.173816,1.173816,1.173816
31965.000000,33.578429,-117.064591,453.293601,33.578205,-117.064381,436.548405,-0.000415,0.000581,-0.001555,1.174249,1.174249,1.174249
31980.000000,33.578433,-117.064595,452.584494,33.578205,-117.064381,436.542149,-0.000415,0.000582,-0.001554,1.174687,1.174687,1.174687
31995.000000,33.578435,-117.064593,451.137766,33.578205,-117.064381,436.535044,-0.000416,0.000582,-0.001553,1.175120,1.175120,1.175120
32010.000000,33.578432,-117.064594,451.218485,33.578205,-117.064382,436.527976,-0.000416,0.000582,-0.001552,1.175554,1.175554,1.175554
32025.000000,33.578436,-117.064595,450.094121,33.578205,-117.064382,436.520241,-0.000417,0.000583,-0.001551,1.175985,1.175985,1.175985
32040.000000,33.578435,-117.064596,449.789740,33.578205,-117.064382,436.512284,-0.000417,0.000583,-0.001550,1.176416,1.176416,1.176416
32055.000000,33.578440,-117.064595,448.506702,33.578205,-117.064382,436.503520,-0.000418,0.000584,-0.001549,1.176845,1.176845,1.176845
32070.000000,33.578437,-117.064590,448.283746,33.578205,-117.064383,436.494710,-0.000418,0.000584,-0.001548,1.177269,1.177269,1.177269
32085.000000,33.578437,-117.064600,447.880590,33.578205,-117.064383,436.485464,-0.000419,0.000584,-0.001547,1.177701,1.177701,1.177701
32100.000000,33.578438,-117.064601,446.789547,33.578205,-117.064383,436.475480,-0.000419,0.000585,-0.001546,1.178134,1.178134,1.178134
32115.000000,33.578443,-117.064602,445.572897,33.578205,-117.064383,436.464706,-0.000420,0.000585,-0.001546,1.178565,1.178565,1.178565
32130.000000,33.578442,-117.064600,445.090621,33.578205,-117.064384,436.453660,-0.000420,0.000586,-0.001545,1.178993,1.178993,1.178993
32145.000000,33.578441,-117.064601,444.514414,33.578205,-117.064384,436.442206,-0.000421,0.000586,-0.001544,1.179423,1.179423,1.179423
32160.000000,33.578438,-117.064602,444.991074,33.578205,-117.064384,436.431057,-0.000421,0.000587,-0.001543,1.179855,1.179855,1.179855
32175.000000,33.578443,-117.064600,443.282636,33.578205,-117.064384,436.418812,-0.000421,0.000587,-0.001542,1.180282,1.180282,1.180282
32190.000000,33.578442,-117.064598,443.137328,33.578205,-117.064385,436.406517,-0.000422,0.000588,-0.001541,1.180706,1.180706,1.180706
32205.000000,33.578442,-117.064601,442.682055,33.578205,-117.064385,436.393893,-0.000422,0.000589,-0.001541,1.181132,1.181132,1.181132
32220.000000,33.578447,-117.064606,441.413487,33.578205,-117.064385,436.380390,-0.000423,0.000589,-0.001540,1.181561,1.181561,1.181561
32235.000000,33.578449,-117.064605,440.008383,33.578205,-117.064385,436.365954,-0.000423,0.000590,-0.001539,1.181987,1.181987,1.181987
32250.000000,33.578447,-117.064604,440.121044,33.578205,-117.064386,436.351625,-0.000424,0.000590,-0.001538,1.182411,1.182411,1.182411
32265.000000,33.578449,-117.064605,439.999749,33.578205,-117.064386,436.337220,-0.000424,0.000591,-0.001537,1.182835,1.182835,1.182835
32280.000000,33.578447,-117.064603,439.144574,33.578205,-117.064386,436.322264,-0.000424,0.000592,-0.001537,1.183254,1.183254,1.183254
32295.000000,33.578450,-117.064609,438.612894,33.578205,-117.064386,436.306928,-0.000425,0.000592,-0.001536,1.183678,1.183678,1.183678
32310.000000,33.578450,-117.064605,437.984123,33.578205,-117.064387,436.291192,-0.000425,0.000593,-0.001535,1.184095,1.184095,1.184095
32325.000000,33.578448,-117.064610,437.950068,33.578205,-117.064387,436.275425,-0.000426,0.000594,-0.001534,1.184518,1.184518,1.184518
32340.000000,33.578450,-117.064607,436.427758,33.578205,-117.064387,436.258627,-0.000426,0.000594,-0.001534,1.184933,1.184933,1.184933
32355.000000,33.578452,-117.064613,435.721277,33.578205,-117.064387,436.241350,-0.000426,0.000595,-0.001533,1.185353,1.185353,1.185353
32370.000000,33.578452,-117.064608,434.636307,33.578205,-117.064388,436.223315,-0.000427,0.000596,-0.001532,1.185766,1.185766,1.185766
32385.000000,33.578453,-117.064614,433.996882,33.578205,-117.064388,436.204850,-0.000427,0.000597,-0.001531,1.186180,1.186180,1.186180
32400.000000,33.578452,-117.064609,434.535353,33.578205,-117.064388,436.186777,-0.000427,0.000598,-0.001531,1.186595,1.186595,1.186595
32415.000000,33.578451,-117.064611,433.822883,33.578205,-117.064388,436.168211,-0.000428,0.000598,-0.001530,1.187008,1.187008,1.187008
32430.000000,33.578454,-117.064614,432.592308,33.578205,-117.064389,436.148799,-0.000428,0.000599,-0.001529,1.187422,1.187422,1.187422
32445.000000,33.578453,-117.064614,431.772615,33.578205,-117.064389,436.128813,-0.000428,0.000600,-0.001529,1.187835,1.187835,1.187835
32460.000000,33.578455,-117.064614,431.000040,33.578205,-117.064389,436.108307,-0.000429,0.000601,-0.001528,1.188248,1.188248,1.188248
32475.000000,33.578454,-117.064615,430.042488,33.578205,-117.064390,436.087125,-0.000429,0.000602,-0.001527,1.188659,1.188659,1.188659
32490.000000,33.578455,-117.064609,430.268538,33.578205,-117.064390,436.066069,-0.000429,0.000603,-0.001527,1.189065,1.189065,1.189065
32505.000000,33.578455,-117.064612,430.293284,33.578205,-117.064390,436.045058,-0.000430,0.000604,-0.001526,1.189473,1.189473,1.189473
32520.000000,33.578455,-117.064616,429.466615,33.578205,-117.064390,436.023493,-0.000430,0.000605,-0.001525,1.189882,1.189882,1.189882
32535.000000,33.578455,-117.064612,429.144065,33.578205,-117.064391,436.001644,-0.000430,0.000606,-0.001525,1.190286,1.190286,1.190286
32550.000000,33.578456,-117.064618,427.977953,33.578205,-117.064391,435.978988,-0.000431,0.000607,-0.001524,1.190690,1.190690,1.190690
32565.000000,33.578457,-117.064613,427.135054,33.578205,-117.064391,435.955661,-0.000431,0.000608,-0.001524,1.191088,1.191088,1.191088
32580.000000,33.578457,-117.064618,426.742741,33.578205,-117.064391,435.932109,-0.000431,0.000609,-0.001523,1.191489,1.191489,1.191489
32595.000000,33.578457,-117.064619,425.879719,33.578205,-117.064392,435.907979,-0.000431,0.000610,-0.001522,1.191892,1.191892,1.191892
32610.000000,33.578458,-117.064620,425.188594,33.578205,-117.064392,435.883310,-0.000432,0.000611,-0.001522,1.192291,1.192291,1.192291
32625.000000,33.578459,-117.064622,424.188389,33.578205,-117.064392,435.857997,-0.000432,0.000612,-0.001521,1.192694,1.192694,1.192694
32640.000000,33.578455,-117.064618,424.605296,33.578206,-117.064392,435.832873,-0.000432,0.000613,-0.001521,1.193089,1.193089,1.193089
32655.000000,33.578458,-117.064621,423.505917,33.578206,-117.064393,435.806984,-0.000432,0.000614,-0.001520,1.193486,1.193486,1.193486
32670.000000,33.578459,-117.064622,422.646507,33.578206,-117.064393,435.780505,-0.000433,0.000615,-0.001520,1.193883,1.193883,1.193883
32685.000000,33.578462,-117.064625,421.662423,33.578206,-117.064393,435.753335,-0.000433,0.000616,-0.001519,1.194280,1.194280,1.194280
32700.000000,33.578462,-117.064616,421.444913,33.578206,-117.064394,435.725790,-0.000433,0.000617,-0.001518,1.194667,1.194667,1.194667
32715.000000,33.578460,-117.064622,421.761606,33.578206,-117.064394,435.698522,-0.000433,0.000618,-0.001518,1.195055,1.195055,1.195055
32730.000000,33.578458,-117.064619,422.280010,33.578206,-117.064394,435.671676,-0.000433,0.000620,-0.001517,1.195445,1.195445,1.195445
32745.000000,33.578461,-117.064623,420.714281,33.578206,-117.064394,435.643711,-0.000434,0.000621,-0.001517,1.195834,1.195834,1.195834
32760.000000,33.578464,-117.064625,419.573146,33.578206,-117.064395,435.614908,-0.000434,0.000622,-0.001516,1.196223,1.196223,1.196223
32775.000000,33.578462,-117.064626,419.564329,33.578206,-117.064395,435.585992,-0.000434,0.000623,-0.001516,1.196608,1.196608,1.196608
32790.000000,33.578459,-117.064622,419.981253,33.578206,-117.064395,435.557352,-0.000434,0.000624,-0.001515,1.196990,1.196990,1.196990
32805.000000,33.578460,-117.064621,418.730468,33.578206,-117.064395,435.527648,-0.000434,0.000626,-0.001515,1.197367,1.197367,1.197367
32820.000000,33.578459,-117.064622,419.359756,33.578206,-117.064396,435.498454,-0.000435,0.000627,-0.001514,1.197744,1.197744,1.197744
32835.000000,33.578459,-117.064621,418.404710,33.578206,-117.064396,435.468438,-0.000435,0.000628,-0.001514,1.198117,1.198117,1.198117
32850.000000,33.578459,-117.064626,417.593493,33.578206,-117.064396,435.437834,-0.000435,0.000629,-0.001513,1.198490,1.198490,1.198490
32865.000000,33.578463,-117.064626,416.574736,33.578206,-117.064397,435.406361,-0.000435,0.000631,-0.001513,1.198860,1.198860,1.198860
32880.000000,33.578462,-117.064626,415.922332,33.578206,-117.064397,435.374400,-0.000435,0.000632,-0.001512,1.199229,1.199229,1.199229
32895.000000,33.578457,-117.064624,417.228700,33.578206,-117.064397,435.343578,-0.000435,0.000633,-0.001512,1.199602,1.199602,1.199602
32910.000000,33.578459,-117.064623,416.235626,33.578206,-117.064397,435.311843,-0.000436,0.000635,-0.001512,1.199969,1.199969,1.199969
32925.000000,33.578456,-117.064621,415.989939,33.578206,-117.064398,435.279994,-0.000436,0.000636,-0.001511,1.200338,1.200338,1.200338
32940.000000,33.578459,-117.064624,414.528781,33.578206,-117.064398,435.246873,-0.000436,0.000637,-0.001511,1.200702,1.200702,1.200702
32955.000000,33.578456,-117.064625,414.899991,33.578206,-117.064398,435.214156,-0.000436,0.000639,-0.001510,1.201068,1.201068,1.201068
32970.000000,33.578460,-117.064632,413.539058,33.578207,-117.064399,435.180354,-0.000436,0.000640,-0.001510,1.201433,1.201433,1.201433
32985.000000,33.578457,-117.064628,413.149418,33.578207,-117.064399,435.146198,-0.000436,0.000641,-0.001509,1.201796,1.201796,1.201796
33000.000000,33.578458,-117.064627,411.910322,33.578207,-117.064399,435.110763,-0.000436,0.000643,-0.001509,1.202149,1.202149,1.202149
33015.000000,33.578454,-117.064621,413.148381,33.578207,-117.064399,435.076329,-0.000436,0.000644,-0.001509,1.202503,1.202503,1.202503
33030.000000,33.578456,-117.064619,412.691414,33.578207,-117.064400,435.041453,-0.000437,0.000646,-0.001508,1.202853,1.202853,1.202853
33045.000000,33.578456,-117.064624,412.601294,33.578207,-117.064400,435.006657,-0.000437,0.000647,-0.001508,1.203207,1.203207,1.203207
33060.000000,33.578457,-117.064626,411.844315,33.578207,-117.064400,434.971286,-0.000437,0.000649,-0.001508,1.203561,1.203561,1.203561
33075.000000,33.578456,-117.064624,411.035763,33.578207,-117.064401,434.934972,-0.000437,0.000650,-0.001507,1.203907,1.203907,1.203907
33090.000000,33.578460,-117.064626,409.953385,33.578207,-117.064401,434.897647,-0.000437,0.000652,-0.001507,1.204248,1.204248,1.204248
33105.000000,33.578460,-117.064627,409.509324,33.578207,-117.064401,434.859854,-0.000437,0.000653,-0.001507,1.204586,1.204586,1.204586
33120.000000,33.578455,-117.064623,410.320407,33.578207,-117.064401,434.822567,-0.000437,0.000655,-0.001506,1.204920,1.204920,1.204920
33135.000000,33.578455,-117.064622,410.121281,33.578207,-117.064402,434.785103,-0.000437,0.000656,-0.001506,1.205252,1.205252,1.205252
33150.000000,33.578456,-117.064625,408.990825,33.578207,-117.064402,434.746733,-0.000437,0.000658,-0.001506,1.205585,1.205585,1.205585
33165.000000,33.578456,-117.064625,408.175648,33.578207,-117.064402,434.707486,-0.000437,0.000659,-0.001505,1.205912,1.205912,1.205912
33180.000000,33.578456,-117.064630,407.540402,33.578207,-117.064403,434.667757,-0.000437,0.000661,-0.001505,1.206239,1.206239,1.206239
33195.000000,33.578459,-117.064629,406.350072,33.578207,-117.064403,434.626694,-0.000437,0.000663,-0.001505,1.206558,1.206558,1.206558
33210.000000,33.578455,-117.064622,408.054987,33.578208,-117.064403,434.587283,-0.000437,0.000664,-0.001504,1.206881,1.206881,1.206881
33225.000000,33.578454,-117.064622,407.653888,33.578208,-117.064404,434.547422,-0.000437,0.000666,-0.001504,1.207201,1.207201,1.207201
33240.000000,33.578457,-117.064629,406.182870,33.578208,-117.064404,434.506220,-0.000438,0.000668,-0.001504,1.207518,1.207518,1.207518
33255.000000,33.578454,-117.064629,406.675095,33.578208,-117.064404,434.465754,-0.000438,0.000669,-0.001503,1.207842,1.207842,1.207842
33270.000000,33.578453,-117.064627,406.514533,33.578208,-117.064404,434.425065,-0.000438,0.000671,-0.001503,1.208163,1.208163,1.208163
33285.000000,33.578455,-117.064629,405.562107,33.578208,-117.064405,434.383417,-0.000438,0.000673,-0.001503,1.208479,1.208479,1.208479
33300.000000,33.578453,-117.064630,405.419880,33.578208,-117.064405,434.341333,-0.000438,0.000674,-0.001503,1.208789,1.208789,1.208789
33315.000000,33.578452,-117.064624,405.612926,33.578208,-117.064405,434.299375,-0.000438,0.000676,-0.001502,1.209097,1.209097,1.209097
33330.000000,33.578452,-117.064626,405.009894,33.578208,-117.064406,434.256814,-0.000438,0.000678,-0.001502,1.209402,1.209402,1.209402
33345.000000,33.578454,-117.064630,404.642707,33.578208,-117.064406,434.213740,-0.000438,0.000680,-0.001502,1.209703,1.209703,1.209703
33360.000000,33.578452,-117.064622,405.099876,33.578208,-117.064406,434.171002,-0.000438,0.000681,-0.001502,1.210001,1.210001,1.210001
33375.000000,33.578453,-117.064634,403.571417,33.578208,-117.064407,434.127030,-0.000438,0.000683,-0.001501,1.210301,1.210301,1.210301
33390.000000,33.578454,-117.064633,402.533402,33.578208,-117.064407,434.081965,-0.000438,0.000685,-0.001501,1.210596,1.210596,1.210596
33405.000000,33.578451,-117.064623,403.845935,33.578208,-117.064407,434.037873,-0.000438,0.000687,-0.001501,1.210888,1.210888,1.210888
33420.000000,33.578449,-117.064623,403.821683,33.578208,-117.064407,433.993818,-0.000438,0.000688,-0.001501,1.211179,1.211179,1.211179
33435.000000,33.578450,-117.064624,402.643583,33.578209,-117.064408,433.948521,-0.000438,0.000690,-0.001501,1.211466,1.211466,1.211466
33450.000000,33.578445,-117.064622,403.051245,33.578209,-117.064408,433.903421,-0.000438,0.000692,-0.001500,1.211750,1.211750,1.211750
33465.000000,33.578452,-117.064637,400.623385,33.578209,-117.064408,433.856093,-0.000438,0.000694,-0.001500,1.212031,1.212031,1.212031
33480.000000,33.578450,-117.064633,400.829468,33.578209,-117.064409,433.808924,-0.000438,0.000696,-0.001500,1.212311,1.212311,1.212311
33495.000000,33.578446,-117.064626,402.169043,33.578209,-117.064409,433.762677,-0.000438,0.000698,-0.001500,1.212585,1.212585,1.212585
33510.000000,33.578446,-117.064625,401.380014,33.578209,-117.064409,433.715625,-0.000438,0.000700,-0.001500,1.212856,1.212856,1.212856
33525.000000,33.578443,-117.064622,402.469727,33.578209,-117.064410,433.669307,-0.000437,0.000701,-0.001500,1.213122,1.213122,1.213122
33540.000000,33.578442,-117.064619,402.015057,33.578209,-117.064410,433.622979,-0.000437,0.000703,-0.001499,1.213395,1.213395,1.213395
33555.000000,33.578445,-117.064635,400.838805,33.578209,-117.064410,433.575468,-0.000437,0.000705,-0.001499,1.213665,1.213665,1.213665
33570.000000,33.578448,-117.064633,399.856700,33.578209,-117.064411,433.526490,-0.000437,0.000707,-0.001499,1.213924,1.213924,1.213924
33585.000000,33.578443,-117.064630,400.215575,33.578209,-117.064411,433.478195,-0.000437,0.000709,-0.001499,1.214188,1.214188,1.214188
33600.000000,33.578444,-117.064626,399.366959,33.578209,-117.064411,433.428404,-0.000437,0.000711,-0.001499,1.214439,1.214439,1.214439
33615.000000,33.578439,-117.064621,401.017553,33.578209,-117.064412,433.380214,-0.000437,0.000713,-0.001499,1.214690,1.214690,1.214690
33630.000000,33.578439,-117.064620,400.734687,33.578210,-117.064412,433.331814,-0.000437,0.000715,-0.001499,1.214942,1.214942,1.214942
33645.000000,33.578443,-117.064632,398.945098,33.578210,-117.064412,433.281693,-0.000437,0.000717,-0.001498,1.215192,1.215192,1.215192
33660.000000,33.578441,-117.064627,399.147915,33.578210,-117.064412,433.231532,-0.000437,0.000719,-0.001498,1.215437,1.215437,1.215437
33675.000000,33.578441,-117.064627,398.220661,33.578210,-117.064413,433.180001,-0.000437,0.000721,-0.001498,1.215672,1.215672,1.215672
33690.000000,33.578439,-117.064628,398.788033,33.578210,-117.064413,433.129187,-0.000437,0.000723,-0.001498,1.215910,1.215910,1.215910
33705.000000,33.578769,-117.064782,425.180119,33.578211,-117.064414,433.094272,-0.000438,0.000728,-0.001494,1.215430,1.215430,1.215430
33720.000000,33.578767,-117.064787,422.857774,33.578212,-117.064415,433.054744,-0.000439,0.000733,-0.001489,1.214967,1.214967,1.214967
33735.000000,33.578768,-117.064789,422.764166,33.578213,-117.064416,433.015523,-0.000440,0.000738,-0.001485,1.214530,1.214530,1.214530
33750.000000,33.578762,-117.064781,424.544113,33.578214,-117.064417,432.979645,-0.000441,0.000743,-0.001481,1.214063,1.214063,1.214063
33765.000000,33.578764,-117.064789,422.430652,33.578215,-117.064418,432.940133,-0.000442,0.000748,-0.001477,1.213641,1.213641,1.213641
33780.000000,33.578758,-117.064778,423.938569,33.578216,-117.064418,432.903046,-0.000443,0.000753,-0.001472,1.213169,1.213169,1.213169
33795.000000,33.578759,-117.064782,422.757118,33.578217,-117.064419,432.864051,-0.000444,0.000758,-0.001468,1.212730,1.212730,1.212730
33810.000000,33.578754,-117.064783,422.117392,33.578218,-117.064420,432.823794,-0.000445,0.000762,-0.001464,1.212290,1.212290,1.212290
33825.000000,33.578755,-117.064784,422.570785,33.578219,-117.064421,432.785018,-0.000446,0.000767,-0.001460,1.211877,1.211877,1.211877
33840.000000,33.578751,-117.064787,422.845995,33.578220,-117.064422,432.747220,-0.000447,0.000772,-0.001456,1.211487,1.211487,1.211487
33855.000000,33.578358,-117.064504,470.247241,33.578220,-117.064422,432.757861,-0.000448,0.000771,-0.001455,1.211835,1.211835,1.211835
33870.000000,33.578361,-117.064505,469.019018,33.578220,-117.064422,432.767740,-0.000449,0.000771,-0.001454,1.212179,1.212179,1.212179
33885.000000,33.578355,-117.064507,468.450986,33.578220,-117.064422,432.776938,-0.000449,0.000770,-0.001453,1.212528,1.212528,1.212528
33900.000000,33.578355,-117.064504,467.716402,33.578220,-117.064423,432.785266,-0.000450,0.000770,-0.001452,1.212882,1.212882,1.212882
33915.000000,33.578352,-117.064506,467.550023,33.578220,-117.064423,432.793709,-0.000450,0.000769,-0.001451,1.213232,1.213232,1.213232
33930.000000,33.578357,-117.064501,466.511657,33.578220,-117.064423,432.801663,-0.000451,0.000769,-0.001450,1.213576,1.213576,1.213576
33945.000000,33.578352,-117.064499,466.740752,33.578220,-117.064423,432.809956,-0.000451,0.000768,-0.001449,1.213917,1.213917,1.213917
33960.000000,33.578348,-117.064495,465.999872,33.578220,-117.064423,432.816762,-0.000452,0.000768,-0.001448,1.214275,1.214275,1.214275
33975.000000,33.578349,-117.064500,465.096507,33.578220,-117.064424,432.823805,-0.000452,0.000767,-0.001447,1.214616,1.214616,1.214616
33990.000000,33.578347,-117.064501,463.686762,33.578220,-117.064424,432.829190,-0.000453,0.000767,-0.001446,1.214967,1.214967,1.214967
34005.000000,33.578347,-117.064493,464.407180,33.578220,-117.064424,432.835867,-0.000453,0.000766,-0.001445,1.215305,1.215305,1.215305
34020.000000,33.578346,-117.064494,463.614709,33.578220,-117.064424,432.841667,-0.000454,0.000766,-0.001444,1.215647,1.215647,1.215647
34035.000000,33.578345,-117.064497,462.910017,33.578220,-117.064424,432.846880,-0.000454,0.000765,-0.001443,1.215991,1.215991,1.215991
34050.000000,33.578342,-117.064494,461.448587,33.578220,-117.064424,432.850887,-0.000455,0.000765,-0.001442,1.216336,1.216336,1.216336
34065.000000,33.578339,-117.064491,460.954998,33.578219,-117.064425,432.854657,-0.000455,0.000765,-0.001441,1.216678,1.216678,1.216678
34080.000000,33.578339,-117.064486,461.074193,33.578219,-117.064425,432.859011,-0.000456,0.000764,-0.001440,1.217009,1.217009,1.217009
34095.000000,33.578343,-117.064488,461.370325,33.578219,-117.064425,432.863762,-0.000456,0.000764,-0.001439,1.217337,1.217337,1.217337
34110.000000,33.578342,-117.064490,461.380313,33.578219,-117.064425,432.868502,-0.000456,0.000763,-0.001438,1.217665,1.217665,1.217665
34125.000000,33.578334,-117.064485,459.059385,33.578219,-117.064425,432.871043,-0.000457,0.000763,-0.001437,1.218002,1.218002,1.218002
34140.000000,33.578338,-117.064484,459.548629,33.578219,-117.064425,432.874526,-0.000457,0.000763,-0.001436,1.218326,1.218326,1.218326
34155.000000,33.578336,-117.064485,459.042766,33.578219,-117.064426,432.877300,-0.000458,0.000762,-0.001435,1.218657,1.218657,1.218657
34170.000000,33.578337,-117.064479,459.859054,33.578219,-117.064426,432.881415,-0.000458,0.000762,-0.001434,1.218972,1.218972,1.218972
34185.000000,33.578331,-117.064479,458.332373,33.578219,-117.064426,432.883978,-0.000459,0.000761,-0.001433,1.219295,1.219295,1.219295
34200.000000,33.578600,-117.064187,523.034015,33.578220,-117.064425,433.085699,-0.000459,0.000755,-0.001424,1.218619,1.218619,1.218619
34215.000000,33.578599,-117.064182,523.104609,33.578221,-117.064425,433.282557,-0.000459,0.000749,-0.001415,1.217974,1.217974,1.217974
34230.000000,33.578600,-117.064182,522.552554,33.578222,-117.064425,433.480919,-0.000460,0.000744,-0.001406,1.217308,1.217308,1.217308
34245.000000,33.578604,-117.064185,522.433018,33.578222,-117.064424,433.665375,-0.000460,0.000738,-0.001398,1.216733,1.216733,1.216733
34260.000000,33.578604,-117.064188,522.292747,33.578223,-117.064424,433.851531,-0.000460,0.000732,-0.001389,1.216142,1.216142,1.216142
34275.000000,33.578602,-117.064181,521.902460,33.578224,-117.064423,434.043402,-0.000461,0.000727,-0.001381,1.215504,1.215504,1.215504
34290.000000,33.578603,-117.064185,522.251998,33.578225,-117.064423,434.232202,-0.000461,0.000721,-0.001372,1.214890,1.214890,1.214890
34305.000000,33.578603,-117.064183,521.103131,33.578225,-117.064422,434.420324,-0.000461,0.000715,-0.001363,1.214260,1.214260,1.214260
34320.000000,33.578602,-117.064182,520.596236,33.578226,-117.064422,434.606944,-0.000461,0.000710,-0.001355,1.213630,1.213630,1.213630
34335.000000,33.578601,-117.064180,521.332702,33.578227,-117.064421,434.795391,-0.000462,0.000704,-0.001346,1.212997,1.212997,1.212997
34350.000000,33.578602,-117.064177,521.473637,33.578228,-117.064421,434.974986,-0.000462,0.000699,-0.001338,1.212426,1.212426,1.212426
34365.000000,33.578601,-117.064177,520.647746,33.578228,-117.064421,435.154487,-0.000462,0.000693,-0.001330,1.211841,1.211841,1.211841
34380.000000,33.578603,-117.064178,520.357966,33.578229,-117.064420,435.327203,-0.000462,0.000688,-0.001322,1.211297,1.211297,1.211297
34395.000000,33.578599,-117.064171,519.364843,33.578230,-117.064420,435.508563,-0.000462,0.000683,-0.001313,1.210673,1.210673,1.210673
34410.000000,33.578601,-117.064177,519.930993,33.578231,-117.064419,435.682402,-0.000462,0.000678,-0.001305,1.210110,1.210110,1.210110
34425.000000,33.578604,-117.064179,520.120391,33.578231,-117.064419,435.851841,-0.000463,0.000673,-0.001298,1.209580,1.209580,1.209580
34440.000000,33.578600,-117.064174,518.906237,33.578232,-117.064418,436.031094,-0.000463,0.000667,-0.001289,1.208957,1.208957,1.208957
34455.000000,33.578601,-117.064173,518.366321,33.578233,-117.064418,436.204401,-0.000463,0.000662,-0.001281,1.208366,1.208366,1.208366
34470.000000,33.578600,-117.064172,518.370425,33.578233,-117.064418,436.374695,-0.000463,0.000657,-0.001273,1.207796,1.207796,1.207796
34485.000000,33.578599,-117.064171,517.828395,33.578234,-117.064417,436.543231,-0.000463,0.000652,-0.001266,1.207227,1.207227,1.207227
34500.000000,33.578599,-117.064172,517.213644,33.578235,-117.064417,436.712382,-0.000463,0.000647,-0.001258,1.206642,1.206642,1.206642
34515.000000,33.578600,-117.064173,517.011918,33.578236,-117.064416,436.880838,-0.000463,0.000642,-0.001250,1.206056,1.206056,1.206056
34530.000000,33.578600,-117.064171,516.739101,33.578236,-117.064416,437.046113,-0.000463,0.000637,-0.001242,1.205487,1.205487,1.205487
34545.000000,33.578599,-117.064175,516.932497,33.578237,-117.064415,437.210408,-0.000463,0.000632,-0.001235,1.204927,1.204927,1.204927
34560.000000,33.578599,-117.064170,516.444695,33.578238,-117.064415,437.370729,-0.000463,0.000627,-0.001227,1.204388,1.204388,1.204388
34575.000000,33.578597,-117.064168,516.075260,33.578238,-117.064414,437.534724,-0.000463,0.000623,-0.001219,1.203811,1.203811,1.203811
34590.000000,33.578598,-117.064170,516.041358,33.578239,-117.064414,437.694451,-0.000463,0.000618,-0.001212,1.203265,1.203265,1.203265
34605.000000,33.578596,-117.064169,515.880540,33.578240,-117.064414,437.857160,-0.000463,0.000613,-0.001205,1.202691,1.202691,1.202691
34620.000000,33.578597,-117.064166,515.768580,33.578240,-117.064413,438.014093,-0.000463,0.000608,-0.001197,1.202158,1.202158,1.202158
34635.000000,33.578598,-117.064167,514.913667,33.578241,-117.064413,438.167299,-0.000462,0.000604,-0.001190,1.201638,1.201638,1.201638
34650.000000,33.578598,-117.064164,514.984612,33.578242,-117.064412,438.316089,-0.000462,0.000599,-0.001183,1.201151,1.201151,1.201151
34665.000000,33.578598,-117.064164,514.203980,33.578242,-117.064412,438.464388,-0.000462,0.000595,-0.001176,1.200654,1.200654,1.200654
34680.000000,33.578599,-117.064166,513.858836,33.578243,-117.064411,438.607566,-0.000462,0.000591,-0.001169,1.200189,1.200189,1.200189
34695.000000,33.578597,-117.064163,513.766735,33.578244,-117.064411,438.756308,-0.000462,0.000586,-0.001162,1.199677,1.199677,1.199677
34710.000000,33.578594,-117.064160,513.764310,33.578244,-117.064411,438.906441,-0.000462,0.000582,-0.001155,1.199152,1.199152,1.199152
34725.000000,33.578594,-117.064162,513.631918,33.578245,-117.064410,439.052498,-0.000461,0.000577,-0.001148,1.198655,1.198655,1.198655
34740.000000,33.578593,-117.064160,514.164551,33.578246,-117.064410,439.201503,-0.000461,0.000573,-0.001141,1.198142,1.198142,1.198142
34755.000000,33.578594,-117.064158,512.719845,33.578246,-117.064409,439.345042,-0.000461,0.000569,-0.001135,1.197646,1.197646,1.197646
34770.000000,33.578592,-117.064160,512.943707,33.578247,-117.064409,439.490456,-0.000461,0.000564,-0.001128,1.197137,1.197137,1.197137
34785.000000,33.578592,-117.064157,512.545541,33.578248,-117.064408,439.630444,-0.000461,0.000560,-0.001121,1.196664,1.196664,1.196664
34800.000000,33.578592,-117.064158,511.864680,33.578248,-117.064408,439.769312,-0.000460,0.000556,-0.001115,1.196187,1.196187,1.196187
34815.000000,33.578591,-117.064159,510.840847,33.578249,-117.064408,439.906131,-0.000460,0.000552,-0.001108,1.195707,1.195707,1.195707
34830.000000,33.578593,-117.064160,510.184082,33.578249,-117.064407,440.036259,-0.000460,0.000548,-0.001102,1.195270,1.195270,1.195270
34845.000000,33.578591,-117.064158,510.950751,33.578250,-117.064407,440.171309,-0.000459,0.000544,-0.001096,1.194803,1.194803,1.194803
34860.000000,33.578592,-117.064157,510.121489,33.578251,-117.064406,440.304988,-0.000459,0.000540,-0.001089,1.194332,1.194332,1.194332
34875.000000,33.578590,-117.064156,509.133475,33.578251,-117.064406,440.436820,-0.000459,0.000536,-0.001083,1.193857,1.193857,1.193857
34890.000000,33.578588,-117.064156,509.316286,33.578252,-117.064406,440.572631,-0.000458,0.000532,-0.001076,1.193349,1.193349,1.193349
34905.000000,33.578587,-117.064154,509.447084,33.578252,-117.064405,440.705498,-0.000458,0.000528,-0.001070,1.192867,1.192867,1.192867
34920.000000,33.578586,-117.064151,509.473076,33.578253,-117.064405,440.837616,-0.000458,0.000524,-0.001064,1.192390,1.192390,1.192390
34935.000000,33.578584,-117.064153,508.951154,33.578254,-117.064404,440.971701,-0.000457,0.000520,-0.001058,1.191885,1.191885,1.191885
34950.000000,33.578586,-117.064149,507.980486,33.578254,-117.064404,441.095567,-0.000457,0.000516,-0.001052,1.191450,1.191450,1.191450
34965.000000,33.578582,-117.064151,508.171250,33.578255,-117.064403,441.222900,-0.000456,0.000513,-0.001046,1.190987,1.190987,1.190987
34980.000000,33.578581,-117.064152,507.780094,33.578255,-117.064403,441.351796,-0.000456,0.000509,-0.001039,1.190500,1.190500,1.190500
34995.000000,33.578580,-117.064149,506.851190,33.578256,-117.064403,441.479384,-0.000455,0.000505,-0.001033,1.190006,1.190006,1.190006
35010.000000,33.578579,-117.064150,507.594168,33.578257,-117.064402,441.606571,-0.000455,0.000501,-0.001027,1.189528,1.189528,1.189528
35025.000000,33.578581,-117.064149,506.410712,33.578257,-117.064402,441.723542,-0.000455,0.000498,-0.001022,1.189119,1.189119,1.189119
35040.000000,33.578578,-117.064152,505.973611,33.578258,-117.064401,441.846438,-0.000454,0.000494,-0.001016,1.188646,1.188646,1.188646
35055.000000,33.578578,-117.064150,505.402510,33.578258,-117.064401,441.966098,-0.000454,0.000490,-0.001010,1.188190,1.188190,1.188190
35070.000000,33.578579,-117.064152,505.662150,33.578259,-117.064401,442.082678,-0.000453,0.000487,-0.001004,1.187766,1.187766,1.187766
35085.000000,33.578576,-117.064149,504.448707,33.578259,-117.064400,442.200959,-0.000453,0.000483,-0.000999,1.187301,1.187301,1.187301
35100.000000,33.578577,-117.064149,504.804088,33.578260,-117.064400,442.316100,-0.000452,0.000480,-0.000993,1.186871,1.186871,1.186871
35115.000000,33.578575,-117.064152,503.982449,33.578260,-117.064399,442.427599,-0.000452,0.000476,-0.000988,1.186459,1.186459,1.186459
35130.000000,33.578572,-117.064148,503.671675,33.578261,-117.064399,442.543489,-0.000451,0.000473,-0.000982,1.185996,1.185996,1.185996
35145.000000,33.578570,-117.064149,503.216461,33.578262,-117.064398,442.659176,-0.000450,0.000469,-0.000977,1.185525,1.185525,1.185525
35160.000000,33.578569,-117.064146,502.843480,33.578262,-117.064398,442.769843,-0.000450,0.000466,-0.000971,1.185094,1.185094,1.185094
35175.000000,33.578569,-117.064150,502.533578,33.578263,-117.064398,442.880005,-0.000449,0.000463,-0.000966,1.184660,1.184660,1.184660
35190.000000,33.578568,-117.064149,501.451189,33.578263,-117.064397,442.987189,-0.000449,0.000460,-0.000961,1.184232,1.184232,1.184232
35205.000000,33.578566,-117.064149,500.666996,33.578264,-117.064397,443.094401,-0.000448,0.000456,-0.000955,1.183786,1.183786,1.183786
35220.000000,33.578565,-117.064148,501.389630,33.578264,-117.064396,443.203137,-0.000447,0.000453,-0.000950,1.183339,1.183339,1.183339
35235.000000,33.578567,-117.064147,500.717030,33.578265,-117.064396,443.305532,-0.000447,0.000450,-0.000945,1.182940,1.182940,1.182940
35250.000000,33.578565,-117.064148,500.474249,33.578265,-117.064396,443.409010,-0.000446,0.000447,-0.000940,1.182524,1.182524,1.182524
35265.000000,33.578563,-117.064149,499.769127,33.578266,-117.064395,443.511909,-0.000446,0.000444,-0.000935,1.182098,1.182098,1.182098
35280.000000,33.578563,-117.064153,498.603238,33.578266,-117.064395,443.607082,-0.000445,0.000441,-0.000930,1.181728,1.181728,1.181728
35295.000000,33.578560,-117.064152,498.357705,33.578267,-117.064394,443.706969,-0.000444,0.000438,-0.000925,1.181301,1.181301,1.181301
35310.000000,33.578559,-117.064151,497.386999,33.578267,-117.064394,443.804155,-0.000444,0.000435,-0.000920,1.180880,1.180880,1.180880
35325.000000,33.578558,-117.064150,497.099569,33.578268,-117.064394,443.899715,-0.000443,0.000432,-0.000916,1.180469,1.180469,1.180469
35340.000000,33.578554,-117.064151,497.514448,33.578268,-117.064393,443.997613,-0.000442,0.000429,-0.000911,1.180041,1.180041,1.180041
35355.000000,33.578555,-117.064149,496.304082,33.578269,-117.064393,444.091083,-0.000442,0.000426,-0.000906,1.179633,1.179633,1.179633
35370.000000,33.578474,-117.064242,532.662172,33.578270,-117.064392,444.899237,-0.000448,0.000402,-0.000879,1.174928,1.174928,1.174928
35385.000000,33.578473,-117.064242,532.775248,33.578272,-117.064390,445.673227,-0.000453,0.000379,-0.000853,1.170432,1.170432,1.170432
35400.000000,33.578473,-117.064241,532.540718,33.578274,-117.064389,446.421146,-0.000459,0.000357,-0.000829,1.166072,1.166072,1.166072
35415.000000,33.578471,-117.064242,532.182169,33.578275,-117.064388,447.137139,-0.000464,0.000336,-0.000805,1.161883,1.161883,1.161883
35430.000000,33.578471,-117.064244,531.615633,33.578277,-117.064387,447.825777,-0.000470,0.000315,-0.000782,1.157827,1.157827,1.157827
35445.000000,33.578470,-117.064243,531.500791,33.578278,-117.064386,448.481849,-0.000474,0.000296,-0.000760,1.153968,1.153968,1.153968
35460.000000,33.578470,-117.064241,531.245691,33.578280,-117.064385,449.130934,-0.000479,0.000276,-0.000739,1.150122,1.150122,1.150122
35475.000000,33.578470,-117.064236,529.859938,33.578281,-117.064384,449.790424,-0.000484,0.000257,-0.000717,1.146102,1.146102,1.146102
35490.000000,33.578469,-117.064238,530.259271,33.578283,-117.064383,450.413383,-0.000488,0.000238,-0.000696,1.142345,1.142345,1.142345
35505.000000,33.578467,-117.064236,530.360499,33.578284,-117.064382,451.021676,-0.000492,0.000220,-0.000676,1.138679,1.138679,1.138679
35520.000000,33.578466,-117.064235,529.530590,33.578285,-117.064381,451.608438,-0.000496,0.000203,-0.000657,1.135104,1.135104,1.135104
35535.000000,33.578465,-117.064233,528.824235,33.578287,-117.064380,452.171584,-0.000500,0.000186,-0.000638,1.131644,1.131644,1.131644
35550.000000,33.578464,-117.064236,529.171422,33.578288,-117.064379,452.714061,-0.000504,0.000170,-0.000621,1.128339,1.128339,1.128339
35565.000000,33.578464,-117.064234,528.679591,33.578289,-117.064378,453.250110,-0.000508,0.000154,-0.000603,1.125038,1.125038,1.125038
35580.000000,33.578462,-117.064230,528.593858,33.578290,-117.064377,453.785246,-0.000511,0.000137,-0.000585,1.121723,1.121723,1.121723
35595.000000,33.578462,-117.064235,528.195161,33.578291,-117.064376,454.286857,-0.000514,0.000123,-0.000569,1.118624,1.118624,1.118624
35610.000000,33.578461,-117.064232,527.076533,33.578292,-117.064375,454.777420,-0.000518,0.000108,-0.000553,1.115535,1.115535,1.115535
35625.000000,33.578459,-117.064230,527.327897,33.578293,-117.064374,455.268515,-0.000521,0.000093,-0.000537,1.112441,1.112441,1.112441
35640.000000,33.578458,-117.064229,527.143509,33.578294,-117.064373,455.743704,-0.000524,0.000079,-0.000521,1.109445,1.109445,1.109445
35655.000000,33.578458,-117.064234,527.379486,33.578295,-117.064372,456.183630,-0.000527,0.000066,-0.000507,1.106721,1.106721,1.106721
35670.000000,33.578456,-117.064232,526.809389,33.578296,-117.064372,456.620452,-0.000529,0.000053,-0.000492,1.103981,1.103981,1.103981
35685.000000,33.578455,-117.064231,526.313337,33.578297,-117.064371,457.046573,-0.000532,0.000040,-0.000479,1.101288,1.101288,1.101288
35700.000000,33.578453,-117.064233,525.946118,33.578298,-117.064370,457.452408,-0.000535,0.000028,-0.000465,1.098728,1.098728,1.098728
35715.000000,33.578452,-117.064229,525.635745,33.578299,-117.064369,457.857870,-0.000537,0.000016,-0.000452,1.096145,1.096145,1.096145
35730.000000,33.578451,-117.064229,524.726999,33.578300,-117.064369,458.256072,-0.000540,0.000004,-0.000439,1.093564,1.093564,1.093564
35745.000000,33.578449,-117.064230,524.963086,33.578300,-117.064368,458.637847,-0.000542,-0.000008,-0.000427,1.091119,1.091119,1.091119
35760.000000,33.578448,-117.064230,524.086010,33.578301,-117.064367,459.009865,-0.000544,-0.000019,-0.000415,1.088702,1.088702,1.088702
35775.000000,33.578447,-117.064231,524.004690,33.578302,-117.064366,459.364005,-0.000546,-0.000030,-0.000404,1.086421,1.086421,1.086421
35790.000000,33.578446,-117.064228,522.942852,33.578303,-117.064366,459.722937,-0.000548,-0.000040,-0.000392,1.084039,1.084039,1.084039
35805.000000,33.578444,-117.064227,523.352377,33.578303,-117.064365,460.071973,-0.000550,-0.000051,-0.000381,1.081751,1.081751,1.081751
35820.000000,33.578442,-117.064229,522.653904,33.578304,-117.064364,460.405843,-0.000552,-0.000061,-0.000370,1.079551,1.079551,1.079551
35835.000000,33.578442,-117.064227,521.920131,33.578305,-117.064364,460.733414,-0.000554,-0.000071,-0.000360,1.077363,1.077363,1.077363
35850.000000,33.578442,-117.064225,521.767589,33.578305,-117.064363,461.054010,-0.000556,-0.000080,-0.000349,1.075219,1.075219,1.075219
35865.000000,33.578441,-117.064223,521.382798,33.578306,-117.064362,461.373159,-0.000558,-0.000090,-0.000339,1.073062,1.073062,1.073062
35880.000000,33.578441,-117.064224,520.907624,33.578307,-117.064362,461.678748,-0.000559,-0.000099,-0.000329,1.070995,1.070995,1.070995
35895.000000,33.578438,-117.064221,519.511054,33.578307,-117.064361,461.985886,-0.000561,-0.000109,-0.000320,1.068838,1.068838,1.068838
35910.000000,33.578436,-117.064226,519.176141,33.578308,-117.064361,462.274320,-0.000562,-0.000117,-0.000310,1.066831,1.066831,1.066831
35925.000000,33.578435,-117.064224,518.534844,33.578308,-117.064360,462.556342,-0.000563,-0.000126,-0.000301,1.064846,1.064846,1.064846
35940.000000,33.578433,-117.064226,518.628449,33.578309,-117.064359,462.831290,-0.000565,-0.000134,-0.000293,1.062924,1.062924,1.062924
35955.000000,33.578430,-117.064221,518.232118,33.578310,-117.064359,463.106683,-0.000566,-0.000142,-0.000284,1.060972,1.060972,1.060972
35970.000000,33.578429,-117.064225,518.479729,33.578310,-117.064358,463.371308,-0.000567,-0.000151,-0.000276,1.059127,1.059127,1.059127
35985.000000,33.578429,-117.064221,517.663501,33.578311,-117.064358,463.633942,-0.000569,-0.000159,-0.000267,1.057255,1.057255,1.057255
36000.000000,33.578427,-117.064221,516.469777,33.578311,-117.064357,463.887865,-0.000570,-0.000166,-0.000259,1.055406,1.055406,1.055406
36015.000000,33.578424,-117.064223,516.717116,33.578311,-117.064356,464.130748,-0.000571,-0.000174,-0.000252,1.053672,1.053672,1.053672
36030.000000,33.578422,-117.064221,515.662749,33.578312,-117.064356,464.373897,-0.000572,-0.000181,-0.000244,1.051878,1.051878,1.051878
36045.000000,33.578422,-117.064220,515.364076,33.578312,-117.064355,464.614147,-0.000573,-0.000188,-0.000237,1.050093,1.050093,1.050093
36060.000000,33.578419,-117.064224,514.820283,33.578313,-117.064355,464.840311,-0.000574,-0.000195,-0.000230,1.048422,1.048422,1.048422
36075.000000,33.578420,-117.064221,514.011867,33.578313,-117.064354,465.069632,-0.000575,-0.000202,-0.000222,1.046672,1.046672,1.046672
36090.000000,33.578418,-117.064221,513.501795,33.578314,-117.064354,465.292389,-0.000576,-0.000209,-0.000216,1.044961,1.044961,1.044961
36105.000000,33.578416,-117.064222,513.757695,33.578314,-117.064353,465.508553,-0.000576,-0.000216,-0.000209,1.043326,1.043326,1.043326
36120.000000,33.578413,-117.064222,513.291524,33.578314,-117.064353,465.721305,-0.000577,-0.000222,-0.000202,1.041700,1.041700,1.041700
36135.000000,33.578412,-117.064220,512.262203,33.578315,-117.064352,465.928809,-0.000578,-0.000229,-0.000196,1.040075,1.040075,1.040075
36150.000000,33.578410,-117.064221,511.953684,33.578315,-117.064352,466.128284,-0.000579,-0.000235,-0.000190,1.038520,1.038520,1.038520
36165.000000,33.578408,-117.064221,511.614265,33.578315,-117.064351,466.322282,-0.000579,-0.000241,-0.000184,1.037005,1.037005,1.037005
36180.000000,33.578407,-117.064221,510.321570,33.578316,-117.064351,466.513559,-0.000580,-0.000247,-0.000178,1.035452,1.035452,1.035452
36195.000000,33.578404,-117.064221,510.093582,33.578316,-117.064350,466.701282,-0.000581,-0.000252,-0.000172,1.033924,1.033924,1.033924
36210.000000,33.578403,-117.064221,509.465320,33.578316,-117.064350,466.882981,-0.000581,-0.000258,-0.000167,1.032430,1.032430,1.032430
36225.000000,33.578401,-117.064223,509.147784,33.578317,-117.064349,467.056526,-0.000582,-0.000263,-0.000162,1.031014,1.031014,1.031014
36240.000000,33.578400,-117.064220,508.640747,33.578317,-117.064349,467.229604,-0.000582,-0.000269,-0.000156,1.029574,1.029574,1.029574
36255.000000,33.578397,-117.064224,507.315102,33.578317,-117.064348,467.394447,-0.000582,-0.000274,-0.000152,1.028164,1.028164,1.028164
36270.000000,33.578397,-117.064223,507.775891,33.578318,-117.064348,467.559463,-0.000583,-0.000279,-0.000147,1.026771,1.026771,1.026771
36285.000000,33.578395,-117.064224,507.282536,33.578318,-117.064348,467.721338,-0.000583,-0.000284,-0.000142,1.025387,1.025387,1.025387
36300.000000,33.578393,-117.064222,506.082777,33.578318,-117.064347,467.879660,-0.000584,-0.000289,-0.000137,1.023982,1.023982,1.023982
36315.000000,33.578391,-117.064224,505.590913,33.578318,-117.064347,468.029697,-0.000584,-0.000294,-0.000133,1.022657,1.022657,1.022657
36330.000000,33.578388,-117.064224,505.109088,33.578318,-117.064346,468.178291,-0.000584,-0.000298,-0.000128,1.021322,1.021322,1.021322
36345.000000,33.578387,-117.064225,504.544755,33.578319,-117.064346,468.325328,-0.000585,-0.000303,-0.000124,1.019972,1.019972,1.019972
36360.000000,33.578384,-117.064223,503.821577,33.578319,-117.064346,468.467778,-0.000585,-0.000308,-0.000120,1.018643,1.018643,1.018643
36375.000000,33.578383,-117.064225,503.170663,33.578319,-117.064345,468.606903,-0.000585,-0.000312,-0.000116,1.017320,1.017320,1.017320
36390.000000,33.578381,-117.064225,502.762485,33.578319,-117.064345,468.741869,-0.000585,-0.000316,-0.000112,1.016031,1.016031,1.016031
36405.000000,33.578380,-117.064224,502.397605,33.578319,-117.064344,468.875767,-0.000585,-0.000320,-0.000108,1.014732,1.014732,1.014732
36420.000000,33.578377,-117.064225,501.957291,33.578320,-117.064344,469.007053,-0.000586,-0.000325,-0.000104,1.013442,1.013442,1.013442
36435.000000,33.578375,-117.064222,501.821300,33.578320,-117.064344,469.133505,-0.000586,-0.000329,-0.000101,1.012214,1.012214,1.012214
36450.000000,33.578372,-117.064224,501.007343,33.578320,-117.064343,469.255549,-0.000586,-0.000333,-0.000097,1.011004,1.011004,1.011004
36465.000000,33.578371,-117.064222,500.619084,33.578320,-117.064343,469.378267,-0.000586,-0.000337,-0.000094,1.009755,1.009755,1.009755
36480.000000,33.578368,-117.064224,498.899532,33.578320,-117.064342,469.493616,-0.000586,-0.000340,-0.000091,1.008518,1.008518,1.008518
36495.000000,33.578367,-117.064226,499.012896,33.578320,-117.064342,469.607599,-0.000586,-0.000344,-0.000088,1.007307,1.007307,1.007307
36510.000000,33.578364,-117.064226,497.718032,33.578320,-117.064342,469.716034,-0.000586,-0.000347,-0.000085,1.006105,1.006105,1.006105
36525.000000,33.578362,-117.064228,497.150835,33.578320,-117.064341,469.819848,-0.000586,-0.000351,-0.000082,1.004946,1.004946,1.004946
36540.000000,33.578361,-117.064229,497.034298,33.578321,-117.064341,469.922869,-0.000586,-0.000354,-0.000079,1.003789,1.003789,1.003789
36555.000000,33.578358,-117.064229,495.784945,33.578321,-117.064341,470.021366,-0.000586,-0.000357,-0.000077,1.002629,1.002629,1.002629
36570.000000,33.578356,-117.064229,496.114463,33.578321,-117.064340,470.119734,-0.000586,-0.000361,-0.000074,1.001490,1.001490,1.001490
36585.000000,33.578355,-117.064227,495.695520,33.578321,-117.064340,470.217949,-0.000586,-0.000364,-0.000071,1.000320,1.000320,1.000320
36600.000000,33.578353,-117.064229,494.957895,33.578321,-117.064340,470.312622,-0.000586,-0.000367,-0.000069,0.999163,0.999163,0.999163
36615.000000,33.578349,-117.064228,494.646183,33.578321,-117.064339,470.404336,-0.000585,-0.000370,-0.000067,0.998041,0.998041,0.998041
36630.000000,33.578348,-117.064225,493.893013,33.578321,-117.064339,470.494615,-0.000585,-0.000373,-0.000064,0.996888,0.996888,0.996888
36645.000000,33.578346,-117.064229,493.314635,33.578321,-117.064339,470.580481,-0.000585,-0.000376,-0.000062,0.995782,0.995782,0.995782
36660.000000,33.578345,-117.064229,492.730346,33.578321,-117.064338,470.665039,-0.000585,-0.000379,-0.000060,0.994655,0.994655,0.994655
36675.000000,33.578344,-117.064230,491.788082,33.578321,-117.064338,470.746252,-0.000585,-0.000382,-0.000058,0.993525,0.993525,0.993525
36690.000000,33.578341,-117.064229,491.211348,33.578321,-117.064338,470.825592,-0.000584,-0.000384,-0.000056,0.992386,0.992386,0.992386
36705.000000,33.578338,-117.064229,490.157486,33.578321,-117.064337,470.901665,-0.000584,-0.000387,-0.000054,0.991230,0.991230,0.991230
36720.000000,33.578336,-117.064232,489.742611,33.578321,-117.064337,470.974780,-0.000584,-0.000390,-0.000053,0.990109,0.990109,0.990109
36735.000000,33.578335,-117.064231,489.307810,33.578321,-117.064337,471.046442,-0.000583,-0.000392,-0.000051,0.988981,0.988981,0.988981
36750.000000,33.578332,-117.064230,488.618904,33.578321,-117.064336,471.115332,-0.000583,-0.000395,-0.000049,0.987858,0.987858,0.987858
36765.000000,33.578330,-117.064234,488.117080,33.578321,-117.064336,471.181512,-0.000583,-0.000397,-0.000048,0.986757,0.986757,0.986757
36780.000000,33.578327,-117.064233,486.859253,33.578321,-117.064336,471.243777,-0.000582,-0.000399,-0.000047,0.985638,0.985638,0.985638
36795.000000,33.578326,-117.064236,486.873623,33.578321,-117.064335,471.304774,-0.000582,-0.000402,-0.000045,0.984556,0.984556,0.984556
36810.000000,33.578325,-117.064233,486.361679,33.578321,-117.064335,471.364606,-0.000582,-0.000404,-0.000044,0.983449,0.983449,0.983449
36825.000000,33.578322,-117.064235,485.361317,33.578321,-117.064335,471.421047,-0.000581,-0.000406,-0.000043,0.982334,0.982334,0.982334
36840.000000,33.578319,-117.064235,485.658722,33.578321,-117.064335,471.476954,-0.000581,-0.000408,-0.000042,0.981269,0.981269,0.981269
36855.000000,33.578317,-117.064238,485.096496,33.578321,-117.064334,471.530175,-0.000580,-0.000410,-0.000041,0.980227,0.980227,0.980227
36870.000000,33.578316,-117.064236,484.351217,33.578321,-117.064334,471.582350,-0.000580,-0.000412,-0.000040,0.979124,0.979124,0.979124
36885.000000,33.578314,-117.064235,483.876961,33.578321,-117.064334,471.632590,-0.000579,-0.000414,-0.000039,0.978027,0.978027,0.978027
36900.000000,33.578311,-117.064237,483.177731,33.578321,-117.064333,471.680018,-0.000579,-0.000416,-0.000038,0.976941,0.976941,0.976941
36915.000000,33.578309,-117.064238,481.967089,33.578320,-117.064333,471.723820,-0.000578,-0.000418,-0.000038,0.975823,0.975823,0.975823
36930.000000,33.578307,-117.064240,481.351146,33.578320,-117.064333,471.765360,-0.000578,-0.000419,-0.000037,0.974704,0.974704,0.974704
36945.000000,33.578305,-117.064240,481.456367,33.578320,-117.064333,471.806459,-0.000577,-0.000421,-0.000036,0.973621,0.973621,0.973621
36960.000000,33.578304,-117.064242,481.005204,33.578320,-117.064332,471.845817,-0.000577,-0.000423,-0.000036,0.972543,0.972543,0.972543
36975.000000,33.578300,-117.064243,479.918597,33.578320,-117.064332,471.881187,-0.000576,-0.000424,-0.000035,0.971472,0.971472,0.971472
36990.000000,33.578298,-117.064242,479.316322,33.578320,-117.064332,471.914796,-0.000576,-0.000426,-0.000035,0.970376,0.970376,0.970376
37005.000000,33.578297,-117.064241,478.465460,33.578320,-117.064332,471.945878,-0.000575,-0.000427,-0.000035,0.969241,0.969241,0.969241
37020.000000,33.578295,-117.064244,477.861937,33.578320,-117.064331,471.974702,-0.000575,-0.000428,-0.000035,0.968107,0.968107,0.968107
37035.000000,33.578292,-117.064245,477.769735,33.578319,-117.064331,472.003022,-0.000574,-0.000430,-0.000035,0.966982,0.966982,0.966982
37050.000000,33.578289,-117.064246,476.282401,33.578319,-117.064331,472.026088,-0.000573,-0.000431,-0.000035,0.965843,0.965843,0.965843
37065.000000,33.578287,-117.064247,475.931188,33.578319,-117.064331,472.047613,-0.000573,-0.000432,-0.000035,0.964732,0.964732,0.964732
37080.000000,33.578283,-117.064248,475.753479,33.578319,-117.064330,472.068067,-0.000572,-0.000433,-0.000035,0.963672,0.963672,0.963672
37095.000000,33.578283,-117.064248,475.101764,33.578319,-117.064330,472.086426,-0.000571,-0.000435,-0.000035,0.962580,0.962580,0.962580
37110.000000,33.578283,-117.064248,474.131715,33.578319,-117.064330,472.101485,-0.000571,-0.000436,-0.000036,0.961454,0.961454,0.961454
37125.000000,33.578278,-117.064248,473.916277,33.578318,-117.064330,472.115643,-0.000570,-0.000437,-0.000036,0.960352,0.960352,0.960352
37140.000000,33.578277,-117.064251,473.574829,33.578318,-117.064329,472.128528,-0.000569,-0.000438,-0.000036,0.959259,0.959259,0.959259
37155.000000,33.578274,-117.064251,472.354464,33.578318,-117.064329,472.137106,-0.000568,-0.000438,-0.000037,0.958143,0.958143,0.958143
37170.000000,33.578272,-117.064253,472.054515,33.578318,-117.064329,472.144587,-0.000568,-0.000439,-0.000038,0.957025,0.957025,0.957025
37185.000000,33.578270,-117.064251,471.400754,33.578318,-117.064329,472.149653,-0.000567,-0.000440,-0.000038,0.955869,0.955869,0.955869
37200.000000,33.578270,-117.064251,470.760299,33.578317,-117.064328,472.152311,-0.000566,-0.000441,-0.000039,0.954695,0.954695,0.954695
37215.000000,33.578266,-117.064256,470.673383,33.578317,-117.064328,472.154827,-0.000565,-0.000441,-0.000040,0.953584,0.953584,0.953584
37230.000000,33.578264,-117.064255,470.018364,33.578317,-117.064328,472.154911,-0.000564,-0.000442,-0.000041,0.952453,0.952453,0.952453
37245.000000,33.578265,-117.064255,469.213524,33.578317,-117.064328,472.151791,-0.000564,-0.000443,-0.000042,0.951275,0.951275,0.951275
37260.000000,33.578262,-117.064255,469.020746,33.578316,-117.064328,472.148020,-0.000563,-0.000443,-0.000043,0.950106,0.950106,0.950106
37275.000000,33.578259,-117.064258,468.503890,33.578316,-117.064327,472.142509,-0.000562,-0.000444,-0.000044,0.948959,0.948959,0.948959
37290.000000,33.578257,-117.064257,467.454309,33.578316,-117.064327,472.132779,-0.000561,-0.000444,-0.000045,0.947771,0.947771,0.947771
37305.000000,33.578254,-117.064258,467.260796,33.578316,-117.064327,472.122629,-0.000560,-0.000445,-0.000046,0.946611,0.946611,0.946611
37320.000000,33.578253,-117.064261,467.044423,33.578315,-117.064327,472.112047,-0.000559,-0.000445,-0.000048,0.945484,0.945484,0.945484
37335.000000,33.578257,-117.064198,484.039234,33.578315,-117.064326,472.167707,-0.000559,-0.000448,-0.000048,0.944161,0.944161,0.944161
37350.000000,33.578254,-117.064198,483.367228,33.578315,-117.064326,472.220154,-0.000558,-0.000451,-0.000047,0.942852,0.942852,0.942852
37365.000000,33.578251,-117.064197,482.711842,33.578314,-117.064325,472.270258,-0.000557,-0.000453,-0.000047,0.941525,0.941525,0.941525
37380.000000,33.578250,-117.064199,482.903855,33.578314,-117.064325,472.320000,-0.000556,-0.000456,-0.000047,0.940242,0.940242,0.940242
37395.000000,33.578248,-117.064198,482.170106,33.578314,-117.064324,472.367529,-0.000555,-0.000459,-0.000048,0.938920,0.938920,0.938920
37410.000000,33.578245,-117.064198,481.895725,33.578313,-117.064324,472.412666,-0.000555,-0.000461,-0.000048,0.937655,0.937655,0.937655
37425.000000,33.578242,-117.064199,482.301150,33.578313,-117.064324,472.457900,-0.000554,-0.000464,-0.000048,0.936455,0.936455,0.936455
37440.000000,33.578243,-117.064198,481.049369,33.578313,-117.064323,472.499618,-0.000553,-0.000466,-0.000048,0.935181,0.935181,0.935181
37455.000000,33.578242,-117.064198,480.815811,33.578312,-117.064323,472.539916,-0.000552,-0.000469,-0.000048,0.933930,0.933930,0.933930
37470.000000,33.578238,-117.064198,480.225777,33.578312,-117.064322,472.577725,-0.000551,-0.000471,-0.000049,0.932683,0.932683,0.932683
37485.000000,33.578237,-117.064196,479.510990,33.578312,-117.064322,472.612979,-0.000550,-0.000473,-0.000049,0.931413,0.931413,0.931413
37500.000000,33.578233,-117.064197,479.521150,33.578311,-117.064321,472.647858,-0.000550,-0.000476,-0.000050,0.930166,0.930166,0.930166
37515.000000,33.578231,-117.064200,479.371791,33.578311,-117.064321,472.681742,-0.000549,-0.000478,-0.000051,0.928940,0.928940,0.928940
37530.000000,33.578231,-117.064197,479.416516,33.578311,-117.064320,472.715912,-0.000548,-0.000480,-0.000051,0.927699,0.927699,0.927699
37545.000000,33.578228,-117.064197,478.453374,33.578310,-117.064320,472.746190,-0.000547,-0.000483,-0.000052,0.926463,0.926463,0.926463
37560.000000,33.578226,-117.064197,478.463757,33.578310,-117.064320,472.776105,-0.000546,-0.000485,-0.000053,0.925253,0.925253,0.925253
37575.000000,33.578223,-117.064198,478.203044,33.578309,-117.064319,472.804767,-0.000545,-0.000487,-0.000053,0.924057,0.924057,0.924057
37590.000000,33.578223,-117.064195,477.952835,33.578309,-117.064319,472.832215,-0.000544,-0.000489,-0.000054,0.922877,0.922877,0.922877
37605.000000,33.578220,-117.064198,478.095531,33.578309,-117.064318,472.860102,-0.000544,-0.000491,-0.000055,0.921699,0.921699,0.921699
37620.000000,33.578218,-117.064198,478.046389,33.578308,-117.064318,472.887224,-0.000543,-0.000493,-0.000056,0.920567,0.920567,0.920567
37635.000000,33.578216,-117.064195,477.232208,33.578308,-117.064318,472.911355,-0.000542,-0.000495,-0.000057,0.919426,0.919426,0.919426
37650.000000,33.578214,-117.064196,477.458198,33.578308,-117.064317,472.935666,-0.000541,-0.000497,-0.000058,0.918344,0.918344,0.918344
37665.000000,33.578212,-117.064199,477.131671,33.578307,-117.064317,472.958785,-0.000540,-0.000499,-0.000058,0.917259,0.917259,0.917259
37680.000000,33.578212,-117.064196,477.087692,33.578307,-117.064316,472.981699,-0.000539,-0.000501,-0.000059,0.916172,0.916172,0.916172
37695.000000,33.578209,-117.064196,476.886434,33.578306,-117.064316,473.003600,-0.000539,-0.000503,-0.000060,0.915111,0.915111,0.915111
37710.000000,33.578208,-117.064196,476.296991,33.578306,-117.064316,473.023562,-0.000538,-0.000505,-0.000061,0.914022,0.914022,0.914022
37725.000000,33.578207,-117.064195,475.310947,33.578305,-117.064315,473.039957,-0.000537,-0.000507,-0.000063,0.912927,0.912927,0.912927
37740.000000,33.578203,-117.064201,475.533550,33.578305,-117.064315,473.057046,-0.000536,-0.000508,-0.000064,0.911842,0.911842,0.911842
37755.000000,33.578199,-117.064199,475.184783,33.578305,-117.064314,473.072817,-0.000535,-0.000510,-0.000065,0.910761,0.910761,0.910761
37770.000000,33.578199,-117.064198,474.584964,33.578304,-117.064314,473.086362,-0.000534,-0.000512,-0.000066,0.909689,0.909689,0.909689
37785.000000,33.578197,-117.064198,474.083458,33.578304,-117.064314,473.098102,-0.000533,-0.000514,-0.000068,0.908605,0.908605,0.908605
37800.000000,33.578195,-117.064198,474.204402,33.578303,-117.064313,473.110126,-0.000532,-0.000515,-0.000069,0.907567,0.907567,0.907567
37815.000000,33.578192,-117.064201,473.483010,33.578303,-117.064313,473.119604,-0.000532,-0.000517,-0.000071,0.906513,0.906513,0.906513
37830.000000,33.578191,-117.064203,473.084527,33.578302,-117.064313,473.127641,-0.000531,-0.000518,-0.000072,0.905466,0.905466,0.905466
37845.000000,33.578190,-117.064201,473.171428,33.578302,-117.064312,473.135954,-0.000530,-0.000520,-0.000073,0.904448,0.904448,0.904448
37860.000000,33.578190,-117.064199,472.316903,33.578301,-117.064312,473.141203,-0.000529,-0.000521,-0.000075,0.903388,0.903388,0.903388
37875.000000,33.578186,-117.064199,472.622906,33.578301,-117.064312,473.147551,-0.000528,-0.000523,-0.000077,0.902356,0.902356,0.902356
37890.000000,33.578183,-117.064200,472.727751,33.578301,-117.064311,473.154277,-0.000527,-0.000524,-0.000078,0.901362,0.901362,0.901362
37905.000000,33.578182,-117.064199,471.586491,33.578300,-117.064311,473.156951,-0.000526,-0.000526,-0.000080,0.900331,0.900331,0.900331
37920.000000,33.578179,-117.064200,471.115718,33.578300,-117.064311,473.158063,-0.000525,-0.000527,-0.000081,0.899322,0.899322,0.899322
37935.000000,33.578178,-117.064201,470.462740,33.578299,-117.064310,473.156936,-0.000524,-0.000529,-0.000083,0.898317,0.898317,0.898317
37950.000000,33.578177,-117.064200,470.650289,33.578299,-117.064310,473.156565,-0.000523,-0.000530,-0.000085,0.897334,0.897334,0.897334
37965.000000,33.578175,-117.064203,469.561711,33.578298,-117.064310,473.152193,-0.000522,-0.000531,-0.000087,0.896315,0.896315,0.896315
37980.000000,33.578175,-117.064202,469.337174,33.578298,-117.064309,473.146952,-0.000521,-0.000532,-0.000089,0.895285,0.895285,0.895285
37995.000000,33.578171,-117.064201,469.611782,33.578297,-117.064309,473.143186,-0.000521,-0.000533,-0.000091,0.894320,0.894320,0.894320
38010.000000,33.578167,-117.064202,469.288188,33.578297,-117.064309,473.138593,-0.000520,-0.000535,-0.000093,0.893386,0.893386,0.893386
38025.000000,33.578169,-117.064203,469.121874,33.578296,-117.064308,473.133274,-0.000519,-0.000536,-0.000094,0.892431,0.892431,0.892431
38040.000000,33.578165,-117.064204,468.610730,33.578296,-117.064308,473.126135,-0.000518,-0.000537,-0.000096,0.891466,0.891466,0.891466
38055.000000,33.578163,-117.064203,468.599373,33.578295,-117.064308,473.119162,-0.000517,-0.000538,-0.000098,0.890520,0.890520,0.890520
38070.000000,33.578164,-117.064203,467.996305,33.578295,-117.064307,473.110096,-0.000516,-0.000539,-0.000100,0.889567,0.889567,0.889567
38085.000000,33.578164,-117.064202,467.794991,33.578294,-117.064307,473.100517,-0.000515,-0.000540,-0.000102,0.888626,0.888626,0.888626
38100.000000,33.578161,-117.064204,467.668048,33.578294,-117.064307,473.090700,-0.000514,-0.000541,-0.000104,0.887699,0.887699,0.887699
38115.000000,33.578158,-117.064207,467.167091,33.578293,-117.064306,473.079312,-0.000513,-0.000542,-0.000107,0.886778,0.886778,0.886778
38130.000000,33.578158,-117.064204,466.620312,33.578293,-117.064306,473.066146,-0.000512,-0.000543,-0.000109,0.885856,0.885856,0.885856
38145.000000,33.578413,-117.064145,502.270755,33.578293,-117.064306,473.122362,-0.000512,-0.000544,-0.000107,0.885660,0.885660,0.885660
38160.000000,33.578413,-117.064147,501.699001,33.578293,-117.064306,473.177128,-0.000512,-0.000546,-0.000105,0.885471,0.885471,0.885471
38175.000000,33.578414,-117.064148,502.547834,33.578293,-117.064305,473.231998,-0.000511,-0.000547,-0.000103,0.885300,0.885300,0.885300
38190.000000,33.578415,-117.064145,502.163822,33.578293,-117.064305,473.285171,-0.000511,-0.000549,-0.000102,0.885145,0.885145,0.885145
38205.000000,33.578416,-117.064145,502.019966,33.578293,-117.064305,473.337505,-0.000511,-0.000550,-0.000100,0.884999,0.884999,0.884999
38220.000000,33.578413,-117.064147,502.096143,33.578293,-117.064305,473.389715,-0.000510,-0.000551,-0.000098,0.884855,0.884855,0.884855
38235.000000,33.578413,-117.064149,502.314484,33.578294,-117.064305,473.441459,-0.000510,-0.000552,-0.000097,0.884723,0.884723,0.884723
38250.000000,33.578415,-117.064149,501.558857,33.578294,-117.064304,473.491859,-0.000510,-0.000554,-0.000095,0.884592,0.884592,0.884592
38265.000000,33.578414,-117.064147,501.240049,33.578294,-117.064304,473.541579,-0.000509,-0.000555,-0.000093,0.884464,0.884464,0.884464
38280.000000,33.578415,-117.064147,501.130055,33.578294,-117.064304,473.590920,-0.000509,-0.000556,-0.000092,0.884339,0.884339,0.884339
38295.000000,33.578415,-117.064147,501.335376,33.578294,-117.064304,473.639872,-0.000509,-0.000557,-0.000090,0.884224,0.884224,0.884224
38310.000000,33.578416,-117.064146,501.341025,33.578294,-117.064304,473.687898,-0.000508,-0.000559,-0.000089,0.884123,0.884123,0.884123
38325.000000,33.578416,-117.064145,501.309542,33.578294,-117.064303,473.735006,-0.000508,-0.000560,-0.000087,0.884035,0.884035,0.884035
38340.000000,33.578418,-117.064145,501.460178,33.578294,-117.064303,473.781353,-0.000507,-0.000561,-0.000086,0.883962,0.883962,0.883962
38355.000000,33.578415,-117.064145,500.961413,33.578294,-117.064303,473.827081,-0.000507,-0.000562,-0.000084,0.883887,0.883887,0.883887
38370.000000,33.578416,-117.064145,500.825554,33.578295,-117.064303,473.872219,-0.000507,-0.000563,-0.000083,0.883817,0.883817,0.883817
38385.000000,33.578418,-117.064145,500.351999,33.578295,-117.064303,473.916427,-0.000506,-0.000564,-0.000081,0.883752,0.883752,0.883752
38400.000000,33.578415,-117.064141,499.955847,33.578295,-117.064302,473.960109,-0.000506,-0.000565,-0.000080,0.883686,0.883686,0.883686
38415.000000,33.578413,-117.064145,500.231292,33.578295,-117.064302,474.003473,-0.000506,-0.000566,-0.000079,0.883631,0.883631,0.883631
38430.000000,33.578413,-117.064146,500.149405,33.578295,-117.064302,474.046443,-0.000505,-0.000567,-0.000077,0.883579,0.883579,0.883579
38445.000000,33.578417,-117.064141,499.393630,33.578295,-117.064302,474.087821,-0.000505,-0.000568,-0.000076,0.883538,0.883538,0.883538
38460.000000,33.578412,-117.064145,499.571345,33.578295,-117.064302,474.129105,-0.000505,-0.000569,-0.000075,0.883501,0.883501,0.883501
38475.000000,33.578412,-117.064147,499.928730,33.578295,-117.064302,474.170670,-0.000504,-0.000570,-0.000074,0.883467,0.883467,0.883467
38490.000000,33.578417,-117.064144,498.647691,33.578295,-117.064301,474.210222,-0.000504,-0.000571,-0.000072,0.883438,0.883438,0.883438
38505.000000,33.578415,-117.064146,498.960606,33.578295,-117.064301,474.249652,-0.000504,-0.000572,-0.000071,0.883418,0.883418,0.883418
38520.000000,33.578417,-117.064146,498.881602,33.578295,-117.064301,474.288741,-0.000503,-0.000573,-0.000070,0.883402,0.883402,0.883402
38535.000000,33.578414,-117.064145,498.706101,33.578296,-117.064301,474.327500,-0.000503,-0.000574,-0.000069,0.883387,0.883387,0.883387
38550.000000,33.578418,-117.064142,497.936976,33.578296,-117.064301,474.364729,-0.000503,-0.000575,-0.000067,0.883383,0.883383,0.883383
38565.000000,33.578416,-117.064144,498.489992,33.578296,-117.064301,474.402327,-0.000502,-0.000576,-0.000066,0.883383,0.883383,0.883383
38580.000000,33.578417,-117.064144,498.109542,33.578296,-117.064300,474.438907,-0.000502,-0.000576,-0.000065,0.883393,0.883393,0.883393
38595.000000,33.578415,-117.064142,497.380286,33.578296,-117.064300,474.474752,-0.000502,-0.000577,-0.000064,0.883400,0.883400,0.883400
38610.000000,33.578414,-117.064145,497.815325,33.578296,-117.064300,474.510490,-0.000501,-0.000578,-0.000063,0.883419,0.883419,0.883419
38625.000000,33.578416,-117.064144,497.372049,33.578296,-117.064300,474.545327,-0.000501,-0.000579,-0.000062,0.883444,0.883444,0.883444
38640.000000,33.578417,-117.064145,496.525309,33.578296,-117.064300,474.579330,-0.000501,-0.000580,-0.000061,0.883465,0.883465,0.883465
38655.000000,33.578415,-117.064145,496.495218,33.578296,-117.064300,474.613173,-0.000500,-0.000580,-0.000060,0.883489,0.883489,0.883489
38670.000000,33.578416,-117.064148,496.924627,33.578296,-117.064300,474.647144,-0.000500,-0.000581,-0.000059,0.883519,0.883519,0.883519
38685.000000,33.578416,-117.064147,496.253571,33.578296,-117.064299,474.680127,-0.000499,-0.000582,-0.000058,0.883554,0.883554,0.883554
38700.000000,33.578419,-117.064145,495.551458,33.578296,-117.064299,474.712130,-0.000499,-0.000582,-0.000057,0.883592,0.883592,0.883592
38715.000000,33.578417,-117.064147,496.063939,33.578296,-117.064299,474.744259,-0.000499,-0.000583,-0.000056,0.883638,0.883638,0.883638
38730.000000,33.578412,-117.064150,495.950343,33.578296,-117.064299,474.776163,-0.000498,-0.000584,-0.000055,0.883686,0.883686,0.883686
38745.000000,33.578415,-117.064145,495.444672,33.578297,-117.064299,474.807228,-0.000498,-0.000584,-0.000054,0.883740,0.883740,0.883740
38760.000000,33.578416,-117.064147,494.485519,33.578297,-117.064299,474.837170,-0.000498,-0.000585,-0.000053,0.883795,0.883795,0.883795
38775.000000,33.578415,-117.064149,494.389785,33.578297,-117.064299,474.866683,-0.000497,-0.000586,-0.000052,0.883857,0.883857,0.883857
38790.000000,33.578417,-117.064146,494.218491,33.578297,-117.064298,474.895667,-0.000497,-0.000586,-0.000051,0.883926,0.883926,0.883926
38805.000000,33.578415,-117.064148,493.895189,33.578297,-117.064298,474.924471,-0.000497,-0.000587,-0.000050,0.883992,0.883992,0.883992
38820.000000,33.578416,-117.064148,493.781597,33.578297,-117.064298,474.952832,-0.000496,-0.000587,-0.000049,0.884064,0.884064,0.884064
38835.000000,33.578416,-117.064149,493.502730,33.578297,-117.064298,474.980594,-0.000496,-0.000588,-0.000048,0.884143,0.884143,0.884143
38850.000000,33.578417,-117.064150,492.962370,33.578297,-117.064298,475.007873,-0.000496,-0.000588,-0.000047,0.884220,0.884220,0.884220
38865.000000,33.578415,-117.064150,493.194831,33.578297,-117.064298,475.035039,-0.000495,-0.000589,-0.000047,0.884305,0.884305,0.884305
38880.000000,33.578412,-117.064150,492.380355,33.578297,-117.064298,475.061195,-0.000495,-0.000589,-0.000046,0.884394,0.884394,0.884394
38895.000000,33.578414,-117.064152,492.375735,33.578297,-117.064298,475.087184,-0.000495,-0.000590,-0.000045,0.884487,0.884487,0.884487
38910.000000,33.578412,-117.064153,491.908953,33.578297,-117.064297,475.112639,-0.000494,-0.000590,-0.000044,0.884582,0.884582,0.884582
38925.000000,33.578413,-117.064151,491.980408,33.578297,-117.064297,475.137862,-0.000494,-0.000591,-0.000043,0.884683,0.884683,0.884683
38940.000000,33.578412,-117.064150,491.867720,33.578297,-117.064297,475.162875,-0.000494,-0.000591,-0.000043,0.884787,0.884787,0.884787
38955.000000,33.578416,-117.064151,491.523761,33.578297,-117.064297,475.187361,-0.000493,-0.000592,-0.000042,0.884896,0.884896,0.884896
38970.000000,33.578414,-117.064152,491.200099,33.578297,-117.064297,475.211677,-0.000493,-0.000592,-0.000041,0.885001,0.885001,0.885001
38985.000000,33.578415,-117.064155,490.846040,33.578297,-117.064297,475.235512,-0.000493,-0.000593,-0.000040,0.885109,0.885109,0.885109
39000.000000,33.578415,-117.064152,489.875620,33.578297,-117.064297,475.258252,-0.000492,-0.000593,-0.000040,0.885222,0.885222,0.885222
39015.000000,33.578414,-117.064155,489.244304,33.578298,-117.064297,475.280213,-0.000492,-0.000593,-0.000039,0.885340,0.885340,0.885340
39030.000000,33.578413,-117.064155,489.568408,33.578298,-117.064297,475.302400,-0.000491,-0.000594,-0.000038,0.885460,0.885460,0.885460
39045.000000,33.578414,-117.064155,488.953426,33.578298,-117.064297,475.324030,-0.000491,-0.000594,-0.000038,0.885579,0.885579,0.885579
39060.000000,33.578412,-117.064157,488.479120,33.578298,-117.064296,475.345175,-0.000491,-0.000595,-0.000037,0.885700,0.885700,0.885700
39075.000000,33.578415,-117.064156,488.327695,33.578298,-117.064296,475.365917,-0.000490,-0.000595,-0.000036,0.885829,0.885829,0.885829
39090.000000,33.578413,-117.064157,488.322117,33.578298,-117.064296,475.386549,-0.000490,-0.000595,-0.000036,0.885961,0.885961,0.885961
39105.000000,33.578413,-117.064159,488.047808,33.578298,-117.064296,475.406806,-0.000490,-0.000595,-0.000035,0.886097,0.886097,0.886097
39120.000000,33.578417,-117.064155,487.273021,33.578298,-117.064296,475.426205,-0.000489,-0.000596,-0.000035,0.886239,0.886239,0.886239
39135.000000,33.578414,-117.064159,487.296297,33.578298,-117.064296,475.445569,-0.000489,-0.000596,-0.000034,0.886382,0.886382,0.886382
39150.000000,33.578416,-117.064158,486.597033,33.578298,-117.064296,475.464276,-0.000489,-0.000596,-0.000033,0.886527,0.886527,0.886527
39165.000000,33.578413,-117.064160,486.411767,33.578298,-117.064296,475.482805,-0.000488,-0.000597,-0.000033,0.886673,0.886673,0.886673
39180.000000,33.578413,-117.064161,486.408463,33.578298,-117.064296,475.501296,-0.000488,-0.000597,-0.000032,0.886819,0.886819,0.886819
39195.000000,33.578413,-117.064158,485.486898,33.578298,-117.064296,475.518898,-0.000488,-0.000597,-0.000032,0.886969,0.886969,0.886969
39210.000000,33.578412,-117.064159,485.384747,33.578298,-117.064295,475.536399,-0.000487,-0.000597,-0.000031,0.887119,0.887119,0.887119
39225.000000,33.578411,-117.064162,485.443067,33.578298,-117.064295,475.553866,-0.000487,-0.000598,-0.000031,0.887272,0.887272,0.887272
39240.000000,33.578413,-117.064162,484.672119,33.578298,-117.064295,475.570652,-0.000487,-0.000598,-0.000030,0.887427,0.887427,0.887427
39255.000000,33.578414,-117.064164,484.461174,33.578298,-117.064295,475.587173,-0.000486,-0.000598,-0.000030,0.887585,0.887585,0.887585
39270.000000,33.578415,-117.064163,483.561178,33.578298,-117.064295,475.602817,-0.000486,-0.000598,-0.000029,0.887750,0.887750,0.887750
39285.000000,33.578410,-117.064167,483.438804,33.578298,-117.064295,475.618457,-0.000485,-0.000598,-0.000029,0.887909,0.887909,0.887909
39300.000000,33.578413,-117.064166,482.333802,33.578298,-117.064295,475.633151,-0.000485,-0.000598,-0.000028,0.888069,0.888069,0.888069
39315.000000,33.578411,-117.064167,482.387160,33.578298,-117.064295,475.647824,-0.000485,-0.000599,-0.000028,0.888233,0.888233,0.888233
39330.000000,33.578405,-117.064172,482.785445,33.578298,-117.064295,475.662757,-0.000484,-0.000599,-0.000027,0.888401,0.888401,0.888401
39345.000000,33.578409,-117.064170,482.035244,33.578298,-117.064295,475.677044,-0.000484,-0.000599,-0.000027,0.888570,0.888570,0.888570
39360.000000,33.578413,-117.064168,481.464449,33.578298,-117.064295,475.690789,-0.000484,-0.000599,-0.000026,0.888746,0.888746,0.888746
39375.000000,33.578413,-117.064167,480.360867,33.578298,-117.064295,475.703640,-0.000483,-0.000599,-0.000026,0.888922,0.888922,0.888922
39390.000000,33.578409,-117.064172,481.072727,33.578298,-117.064295,475.717047,-0.000483,-0.000599,-0.000026,0.889098,0.889098,0.889098
39405.000000,33.578412,-117.064170,479.900993,33.578298,-117.064294,475.729483,-0.000483,-0.000599,-0.000025,0.889279,0.889279,0.889279
39420.000000,33.578409,-117.064175,479.861940,33.578299,-117.064294,475.741888,-0.000482,-0.000599,-0.000025,0.889459,0.889459,0.889459
39435.000000,33.578410,-117.064173,479.631678,33.578299,-117.064294,475.754072,-0.000482,-0.000599,-0.000025,0.889642,0.889642,0.889642
39450.000000,33.578410,-117.064176,478.980982,33.578299,-117.064294,475.765720,-0.000482,-0.000599,-0.000024,0.889830,0.889830,0.889830
39465.000000,33.578413,-117.064172,478.061445,33.578299,-117.064294,475.776661,-0.000481,-0.000599,-0.000024,0.890017,0.890017,0.890017
39480.000000,33.578379,-117.064121,492.175024,33.578299,-117.064294,475.799823,-0.000481,-0.000600,-0.000023,0.890163,0.890163,0.890163
39495.000000,33.578380,-117.064119,491.517633,33.578299,-117.064294,475.822344,-0.000480,-0.000600,-0.000023,0.890311,0.890311,0.890311
39510.000000,33.578378,-117.064120,491.455037,33.578299,-117.064294,475.844710,-0.000480,-0.000601,-0.000022,0.890462,0.890462,0.890462
39525.000000,33.578381,-117.064114,490.481026,33.578299,-117.064294,475.866008,-0.000480,-0.000601,-0.000022,0.890619,0.890619,0.890619
39540.000000,33.578378,-117.064120,490.620120,33.578299,-117.064294,475.887480,-0.000479,-0.000602,-0.000021,0.890774,0.890774,0.890774
39555.000000,33.578380,-117.064118,489.687241,33.578299,-117.064293,475.908025,-0.000479,-0.000602,-0.000021,0.890934,0.890934,0.890934
39570.000000,33.578376,-117.064120,489.420659,33.578299,-117.064293,475.928392,-0.000479,-0.000603,-0.000020,0.891092,0.891092,0.891092
39585.000000,33.578377,-117.064121,488.985821,33.578299,-117.064293,475.948241,-0.000478,-0.000603,-0.000020,0.891255,0.891255,0.891255
39600.000000,33.578375,-117.064121,488.955556,33.578299,-117.064293,475.968113,-0.000478,-0.000603,-0.000019,0.891416,0.891416,0.891416
39615.000000,33.578375,-117.064120,488.867474,33.578299,-117.064293,475.987863,-0.000478,-0.000604,-0.000019,0.891578,0.891578,0.891578
39630.000000,33.578377,-117.064119,488.142012,33.578299,-117.064293,476.006989,-0.000477,-0.000604,-0.000018,0.891741,0.891741,0.891741
39645.000000,33.578376,-117.064121,487.653638,33.578299,-117.064293,476.025539,-0.000477,-0.000605,-0.000018,0.891910,0.891910,0.891910
39660.000000,33.578373,-117.064122,487.959704,33.578299,-117.064293,476.044321,-0.000476,-0.000605,-0.000018,0.892080,0.892080,0.892080
39675.000000,33.578375,-117.064121,487.116580,33.578299,-117.064293,476.062338,-0.000476,-0.000605,-0.000017,0.892252,0.892252,0.892252
39690.000000,33.578373,-117.064124,486.688332,33.578299,-117.064292,476.079985,-0.000476,-0.000606,-0.000017,0.892426,0.892426,0.892426
39705.000000,33.578372,-117.064123,486.443777,33.578299,-117.064292,476.097459,-0.000475,-0.000606,-0.000016,0.892598,0.892598,0.892598
39720.000000,33.578371,-117.064124,486.360566,33.578299,-117.064292,476.114808,-0.000475,-0.000606,-0.000016,0.892772,0.892772,0.892772
39735.000000,33.578373,-117.064123,485.302468,33.578299,-117.064292,476.131264,-0.000475,-0.000607,-0.000016,0.892949,0.892949,0.892949
39750.000000,33.578313,-117.064195,495.582161,33.578299,-117.064292,476.153205,-0.000475,-0.000607,-0.000015,0.893183,0.893183,0.893183
39765.000000,33.578312,-117.064195,495.606550,33.578299,-117.064292,476.175112,-0.000475,-0.000607,-0.000015,0.893418,0.893418,0.893418
39780.000000,33.578311,-117.064195,495.606541,33.578299,-117.064292,476.196899,-0.000475,-0.000608,-0.000015,0.893656,0.893656,0.893656
39795.000000,33.578309,-117.064195,495.099551,33.578298,-117.064292,476.218292,-0.000474,-0.000608,-0.000014,0.893895,0.893895,0.893895
39810.000000,33.578307,-117.064196,494.783083,33.578298,-117.064292,476.239382,-0.000474,-0.000609,-0.000014,0.894136,0.894136,0.894136
39825.000000,33.578306,-117.064196,494.525599,33.578298,-117.064292,476.260172,-0.000474,-0.000609,-0.000014,0.894380,0.894380,0.894380
39840.000000,33.578304,-117.064196,494.462166,33.578298,-117.064292,476.280971,-0.000474,-0.000610,-0.000014,0.894623,0.894623,0.894623
39855.000000,33.578303,-117.064195,494.034459,33.578298,-117.064292,476.301358,-0.000474,-0.000610,-0.000013,0.894870,0.894870,0.894870
39870.000000,33.578303,-117.064197,493.853848,33.578298,-117.064292,476.321613,-0.000474,-0.000610,-0.000013,0.895116,0.895116,0.895116
39885.000000,33.578302,-117.064198,493.700561,33.578298,-117.064292,476.341726,-0.000474,-0.000611,-0.000013,0.895364,0.895364,0.895364
39900.000000,33.578302,-117.064199,493.240465,33.578298,-117.064292,476.361552,-0.000474,-0.000611,-0.000013,0.895611,0.895611,0.895611
39915.000000,33.578301,-117.064199,492.948355,33.578298,-117.064292,476.381073,-0.000474,-0.000612,-0.000012,0.895861,0.895861,0.895861
39930.000000,33.578300,-117.064199,492.859451,33.578298,-117.064292,476.400531,-0.000474,-0.000612,-0.000012,0.896112,0.896112,0.896112
39945.000000,33.578298,-117.064201,492.412750,33.578298,-117.064292,476.419602,-0.000474,-0.000612,-0.000012,0.896365,0.896365,0.896365
39960.000000,33.578295,-117.064203,491.945970,33.578298,-117.064292,476.438347,-0.000474,-0.000613,-0.000012,0.896620,0.896620,0.896620
39975.000000,33.578296,-117.064203,491.747577,33.578298,-117.064292,476.456916,-0.000474,-0.000613,-0.000012,0.896875,0.896875,0.896875
39990.000000,33.578295,-117.064205,491.371812,33.578298,-117.064292,476.475351,-0.000474,-0.000613,-0.000011,0.897128,0.897128,0.897128
40005.000000,33.578293,-117.064206,491.347780,33.578298,-117.064292,476.493605,-0.000474,-0.000614,-0.000011,0.897386,0.897386,0.897386
40020.000000,33.578292,-117.064206,491.366364,33.578298,-117.064291,476.511760,-0.000474,-0.000614,-0.000011,0.897646,0.897646,0.897646
40035.000000,33.578291,-117.064208,490.753199,33.578298,-117.064291,476.529565,-0.000474,-0.000614,-0.000011,0.897907,0.897907,0.897907
40050.000000,33.578289,-117.064209,490.182069,33.578297,-117.064291,476.546978,-0.000474,-0.000615,-0.000011,0.898168,0.898168,0.898168
40065.000000,33.578289,-117.064208,490.070197,33.578297,-117.064291,476.564309,-0.000474,-0.000615,-0.000011,0.898430,0.898430,0.898430
40080.000000,33.578288,-117.064210,489.558347,33.578297,-117.064291,476.581281,-0.000474,-0.000615,-0.000010,0.898694,0.898694,0.898694
40095.000000,33.578287,-117.064210,489.374292,33.578297,-117.064291,476.598140,-0.000474,-0.000616,-0.000010,0.898958,0.898958,0.898958
40110.000000,33.578287,-117.064214,488.789582,33.578297,-117.064291,476.614675,-0.000474,-0.000616,-0.000010,0.899221,0.899221,0.899221
40125.000000,33.578284,-117.064215,488.848213,33.578297,-117.064291,476.631178,-0.000474,-0.000616,-0.000010,0.899486,0.899486,0.899486
40140.000000,33.578284,-117.064214,488.349700,33.578297,-117.064291,476.647349,-0.000474,-0.000617,-0.000010,0.899753,0.899753,0.899753
40155.000000,33.578284,-117.064214,487.672888,33.578297,-117.064291,476.663130,-0.000474,-0.000617,-0.000010,0.900019,0.900019,0.900019
40170.000000,33.578285,-117.064215,487.110214,33.578297,-117.064291,476.678593,-0.000474,-0.000617,-0.000010,0.900285,0.900285,0.900285
40185.000000,33.578283,-117.064217,486.699126,33.578297,-117.064291,476.693767,-0.000474,-0.000617,-0.000010,0.900553,0.900553,0.900553
40200.000000,33.578279,-117.064218,486.804616,33.578297,-117.064291,476.709018,-0.000474,-0.000618,-0.000010,0.900820,0.900820,0.900820
40215.000000,33.578279,-117.064219,486.523379,33.578297,-117.064291,476.724046,-0.000474,-0.000618,-0.000009,0.901089,0.901089,0.901089
40230.000000,33.578278,-117.064221,486.219887,33.578297,-117.064291,476.738867,-0.000473,-0.000618,-0.000009,0.901360,0.901360,0.901360
40245.000000,33.578277,-117.064220,485.647227,33.578297,-117.064291,476.753332,-0.000473,-0.000618,-0.000009,0.901632,0.901632,0.901632
40260.000000,33.578276,-117.064223,485.378263,33.578297,-117.064291,476.767613,-0.000473,-0.000619,-0.000009,0.901906,0.901906,0.901906
40275.000000,33.578275,-117.064223,485.025204,33.578296,-117.064291,476.781703,-0.000473,-0.000619,-0.000009,0.902179,0.902179,0.902179
40290.000000,33.578276,-117.064223,484.477561,33.578296,-117.064291,476.795496,-0.000473,-0.000619,-0.000009,0.902451,0.902451,0.902451
40305.000000,33.578274,-117.064224,484.291932,33.578296,-117.064291,476.809182,-0.000473,-0.000619,-0.000009,0.902723,0.902723,0.902723
40320.000000,33.578272,-117.064224,484.134726,33.578296,-117.064291,476.822745,-0.000473,-0.000619,-0.000009,0.902997,0.902997,0.902997
40335.000000,33.578269,-117.064226,483.533715,33.578296,-117.064291,476.835950,-0.000473,-0.000620,-0.000009,0.903272,0.903272,0.903272
40350.000000,33.578270,-117.064226,482.864981,33.578296,-117.064291,476.848756,-0.000473,-0.000620,-0.000009,0.903548,0.903548,0.903548
40365.000000,33.578267,-117.064228,482.222091,33.578296,-117.064291,476.861181,-0.000473,-0.000620,-0.000009,0.903827,0.903827,0.903827
40380.000000,33.578264,-117.064228,482.043057,33.578296,-117.064291,476.873453,-0.000473,-0.000620,-0.000009,0.904110,0.904110,0.904110
40395.000000,33.578265,-117.064226,481.388627,33.578296,-117.064291,476.885365,-0.000473,-0.000620,-0.000009,0.904394,0.904394,0.904394
40410.000000,33.578265,-117.064226,480.774678,33.578296,-117.064291,476.896939,-0.000473,-0.000620,-0.000009,0.904678,0.904678,0.904678
40425.000000,33.578266,-117.064229,480.623438,33.578296,-117.064291,476.908449,-0.000473,-0.000621,-0.000009,0.904960,0.904960,0.904960
40440.000000,33.578264,-117.064234,480.259611,33.578296,-117.064291,476.919762,-0.000473,-0.000621,-0.000009,0.905241,0.905241,0.905241
40455.000000,33.578263,-117.064236,480.086530,33.578296,-117.064291,476.930985,-0.000473,-0.000621,-0.000009,0.905521,0.905521,0.905521
40470.000000,33.578263,-117.064236,479.487649,33.578296,-117.064291,476.941871,-0.000473,-0.000621,-0.000009,0.905803,0.905803,0.905803
40485.000000,33.578263,-117.064238,479.335166,33.578295,-117.064291,476.952669,-0.000473,-0.000621,-0.000009,0.906084,0.906084,0.906084
40500.000000,33.578262,-117.064240,479.025798,33.578295,-117.064291,476.963291,-0.000473,-0.000621,-0.000009,0.906367,0.906367,0.906367
40515.000000,33.578261,-117.064239,478.285738,33.578295,-117.064291,476.973514,-0.000473,-0.000621,-0.000009,0.906650,0.906650,0.906650
40530.000000,33.578258,-117.064241,478.052015,33.578295,-117.064291,476.983601,-0.000472,-0.000621,-0.000009,0.906935,0.906935,0.906935
40545.000000,33.578259,-117.064241,477.583797,33.578295,-117.064291,476.993436,-0.000472,-0.000621,-0.000009,0.907220,0.907220,0.907220
40560.000000,33.578258,-117.064240,476.914299,33.578295,-117.064291,477.002913,-0.000472,-0.000622,-0.000009,0.907503,0.907503,0.907503
40575.000000,33.578257,-117.064242,476.609624,33.578295,-117.064291,477.012225,-0.000472,-0.000622,-0.000010,0.907788,0.907788,0.907788
40590.000000,33.578255,-117.064244,476.356790,33.578295,-117.064291,477.021400,-0.000472,-0.000622,-0.000010,0.908074,0.908074,0.908074
40605.000000,33.578253,-117.064246,475.791983,33.578295,-117.064291,477.030273,-0.000472,-0.000622,-0.000010,0.908360,0.908360,0.908360
40620.000000,33.578256,-117.064245,475.039456,33.578295,-117.064291,477.038747,-0.000472,-0.000622,-0.000010,0.908646,0.908646,0.908646
40635.000000,33.578256,-117.064245,474.264125,33.578295,-117.064291,477.046796,-0.000472,-0.000622,-0.000010,0.908930,0.908930,0.908930
40650.000000,33.578255,-117.064245,473.984400,33.578295,-117.064291,477.054704,-0.000472,-0.000622,-0.000010,0.909215,0.909215,0.909215
40665.000000,33.578252,-117.064249,473.802738,33.578295,-117.064291,477.062516,-0.000472,-0.000622,-0.000010,0.909501,0.909501,0.909501
40680.000000,33.578251,-117.064252,473.576714,33.578294,-117.064291,477.070208,-0.000472,-0.000622,-0.000010,0.909788,0.909788,0.909788
40695.000000,33.578251,-117.064251,473.015076,33.578294,-117.064291,477.077621,-0.000472,-0.000622,-0.000010,0.910076,0.910076,0.910076
40710.000000,33.578251,-117.064252,472.313808,33.578294,-117.064291,477.084663,-0.000472,-0.000622,-0.000011,0.910365,0.910365,0.910365
40725.000000,33.578251,-117.064253,471.616273,33.578294,-117.064291,477.091333,-0.000472,-0.000622,-0.000011,0.910653,0.910653,0.910653
40740.000000,33.578249,-117.064254,471.115152,33.578294,-117.064291,477.097739,-0.000471,-0.000622,-0.000011,0.910940,0.910940,0.910940
40755.000000,33.578247,-117.064254,471.060316,33.578294,-117.064291,477.104111,-0.000471,-0.000622,-0.000011,0.911228,0.911228,0.911228
40770.000000,33.578245,-117.064257,470.689128,33.578294,-117.064291,477.110292,-0.000471,-0.000622,-0.000011,0.911516,0.911516,0.911516
40785.000000,33.578244,-117.064255,470.181611,33.578294,-117.064291,477.116209,-0.000471,-0.000622,-0.000011,0.911805,0.911805,0.911805
40800.000000,33.578243,-117.064258,469.586304,33.578294,-117.064291,477.121810,-0.000471,-0.000622,-0.000011,0.912093,0.912093,0.912093
40815.000000,33.578242,-117.064256,469.330344,33.578294,-117.064291,477.127308,-0.000471,-0.000622,-0.000012,0.912383,0.912383,0.912383
40830.000000,33.578240,-117.064261,468.620682,33.578294,-117.064291,477.132451,-0.000471,-0.000622,-0.000012,0.912674,0.912674,0.912674
40845.000000,33.578239,-117.064260,468.222317,33.578294,-117.064291,477.137392,-0.000471,-0.000622,-0.000012,0.912965,0.912965,0.912965
40860.000000,33.578240,-117.064260,467.720722,33.578293,-117.064291,477.142079,-0.000471,-0.000622,-0.000012,0.913256,0.913256,0.913256
40875.000000,33.578239,-117.064263,467.042253,33.578293,-117.064291,477.146423,-0.000471,-0.000622,-0.000012,0.913548,0.913548,0.913548
40890.000000,33.578241,-117.064261,466.426196,33.578293,-117.064291,477.150428,-0.000471,-0.000622,-0.000013,0.913839,0.913839,0.913839
40905.000000,33.578239,-117.064263,466.111869,33.578293,-117.064291,477.154274,-0.000471,-0.000622,-0.000013,0.914130,0.914130,0.914130
40920.000000,33.578240,-117.064266,465.828482,33.578293,-117.064291,477.157927,-0.000470,-0.000621,-0.000013,0.914419,0.914419,0.914419
40935.000000,33.578238,-117.064264,465.383769,33.578293,-117.064291,477.161363,-0.000470,-0.000621,-0.000013,0.914709,0.914709,0.914709
40950.000000,33.578238,-117.064266,464.686935,33.578293,-117.064291,477.164438,-0.000470,-0.000621,-0.000014,0.914999,0.914999,0.914999
40965.000000,33.578238,-117.064266,464.063067,33.578293,-117.064291,477.167212,-0.000470,-0.000621,-0.000014,0.915289,0.915289,0.915289
40980.000000,33.578237,-117.064268,463.695912,33.578293,-117.064291,477.169776,-0.000470,-0.000621,-0.000014,0.915579,0.915579,0.915579
40995.000000,33.578238,-117.064270,463.123452,33.578293,-117.064291,477.172045,-0.000470,-0.000621,-0.000014,0.915869,0.915869,0.915869
41010.000000,33.578237,-117.064272,462.345310,33.578293,-117.064291,477.173932,-0.000470,-0.000621,-0.000015,0.916160,0.916160,0.916160
41025.000000,33.578237,-117.064270,462.019538,33.578292,-117.064291,477.175649,-0.000470,-0.000621,-0.000015,0.916451,0.916451,0.916451
41040.000000,33.578235,-117.064273,461.812581,33.578292,-117.064291,477.177272,-0.000470,-0.000620,-0.000015,0.916742,0.916742,0.916742
41055.000000,33.578234,-117.064272,461.208337,33.578292,-117.064291,477.178590,-0.000469,-0.000620,-0.000015,0.917033,0.917033,0.917033
41070.000000,33.578387,-117.064189,476.110839,33.578292,-117.064291,477.187507,-0.000469,-0.000620,-0.000015,0.917333,0.917333,0.917333
41085.000000,33.578384,-117.064194,475.842858,33.578292,-117.064291,477.196287,-0.000469,-0.000620,-0.000015,0.917632,0.917632,0.917632
41100.000000,33.578379,-117.064198,474.228767,33.578292,-117.064291,477.204261,-0.000469,-0.000620,-0.000015,0.917930,0.917930,0.917930
41115.000000,33.578386,-117.064194,473.780398,33.578292,-117.064291,477.212019,-0.000469,-0.000620,-0.000015,0.918229,0.918229,0.918229
41130.000000,33.578391,-117.064192,474.048279,33.578292,-117.064291,477.219941,-0.000468,-0.000620,-0.000015,0.918533,0.918533,0.918533
41145.000000,33.578377,-117.064202,472.740910,33.578292,-117.064291,477.227156,-0.000468,-0.000620,-0.000015,0.918830,0.918830,0.918830
41160.000000,33.578388,-117.064196,472.787005,33.578292,-117.064291,477.234479,-0.000468,-0.000620,-0.000014,0.919136,0.919136,0.919136
41175.000000,33.578379,-117.064203,471.843575,33.578292,-117.064291,477.241276,-0.000468,-0.000620,-0.000014,0.919436,0.919436,0.919436
41190.000000,33.578387,-117.064198,471.515827,33.578292,-117.064291,477.247958,-0.000467,-0.000620,-0.000014,0.919740,0.919740,0.919740
41205.000000,33.578383,-117.064201,470.378995,33.578292,-117.064291,477.254025,-0.000467,-0.000620,-0.000014,0.920039,0.920039,0.920039
41220.000000,33.578390,-117.064197,470.003639,33.578292,-117.064291,477.259976,-0.000467,-0.000619,-0.000014,0.920343,0.920343,0.920343
41235.000000,33.578390,-117.064198,469.227740,33.578292,-117.064291,477.265512,-0.000467,-0.000619,-0.000014,0.920644,0.920644,0.920644
41250.000000,33.578393,-117.064200,468.996732,33.578292,-117.064291,477.270965,-0.000467,-0.000619,-0.000014,0.920948,0.920948,0.920948
41265.000000,33.578390,-117.064201,467.720557,33.578292,-117.064291,477.275824,-0.000466,-0.000619,-0.000014,0.921252,0.921252,0.921252
41280.000000,33.578393,-117.064201,467.589804,33.578292,-117.064291,477.280644,-0.000466,-0.000619,-0.000014,0.921558,0.921558,0.921558
41295.000000,33.578387,-117.064207,466.590212,33.578292,-117.064291,477.284860,-0.000466,-0.000619,-0.000014,0.921859,0.921859,0.921859
41310.000000,33.578428,-117.064368,508.612837,33.578292,-117.064291,477.316820,-0.000466,-0.000619,-0.000013,0.922052,0.922052,0.922052
41325.000000,33.578428,-117.064367,508.545912,33.578292,-117.064291,477.348634,-0.000467,-0.000619,-0.000012,0.922246,0.922246,0.922246
41340.000000,33.578430,-117.064366,507.904627,33.578292,-117.064291,477.379930,-0.000467,-0.000620,-0.000011,0.922440,0.922440,0.922440
41355.000000,33.578430,-117.064366,508.036242,33.578292,-117.064291,477.411051,-0.000467,-0.000620,-0.000010,0.922639,0.922639,0.922639
41370.000000,33.578427,-117.064367,507.269804,33.578292,-117.064291,477.441556,-0.000468,-0.000620,-0.000010,0.922838,0.922838,0.922838
41385.000000,33.578432,-117.064368,507.347587,33.578292,-117.064291,477.472058,-0.000468,-0.000621,-0.000009,0.923038,0.923038,0.923038
41400.000000,33.578429,-117.064366,506.453981,33.578292,-117.064291,477.501822,-0.000468,-0.000621,-0.000008,0.923239,0.923239,0.923239
41415.000000,33.578431,-117.064366,506.145763,33.578292,-117.064291,477.531295,-0.000469,-0.000621,-0.000007,0.923441,0.923441,0.923441
41430.000000,33.578432,-117.064366,505.931337,33.578292,-117.064291,477.560401,-0.000469,-0.000621,-0.000007,0.923647,0.923647,0.923647
41445.000000,33.578431,-117.064366,505.083429,33.578292,-117.064291,477.588759,-0.000469,-0.000622,-0.000006,0.923855,0.923855,0.923855
41460.000000,33.578430,-117.064367,504.475922,33.578293,-117.064292,477.616853,-0.000470,-0.000622,-0.000005,0.924060,0.924060,0.924060
41475.000000,33.578431,-117.064368,504.790510,33.578293,-117.064292,477.645088,-0.000470,-0.000622,-0.000004,0.924266,0.924266,0.924266
41490.000000,33.578437,-117.064364,504.567180,33.578293,-117.064292,477.672771,-0.000470,-0.000622,-0.000004,0.924479,0.924479,0.924479
41505.000000,33.578435,-117.064365,503.821437,33.578293,-117.064292,477.700013,-0.000471,-0.000623,-0.000003,0.924691,0.924691,0.924691
41520.000000,33.578435,-117.064367,503.641996,33.578293,-117.064292,477.727177,-0.000471,-0.000623,-0.000002,0.924901,0.924901,0.924901
41535.000000,33.578435,-117.064366,503.363927,33.578293,-117.064292,477.754057,-0.000471,-0.000623,-0.000002,0.925113,0.925113,0.925113
41550.000000,33.578440,-117.064367,503.324728,33.578293,-117.064292,477.780702,-0.000472,-0.000623,-0.000001,0.925328,0.925328,0.925328
41565.000000,33.578438,-117.064367,502.800563,33.578293,-117.064292,477.807034,-0.000472,-0.000623,-0.000000,0.925543,0.925543,0.925543
41580.000000,33.578437,-117.064366,501.543877,33.578293,-117.064292,477.832480,-0.000472,-0.000624,0.000000,0.925758,0.925758,0.925758
41595.000000,33.578437,-117.064368,500.938566,33.578293,-117.064292,477.857510,-0.000472,-0.000624,0.000001,0.925973,0.925973,0.925973
41610.000000,33.578439,-117.064368,500.804269,33.578293,-117.064292,477.882284,-0.000473,-0.000624,0.000002,0.926191,0.926191,0.926191
41625.000000,33.578441,-117.064368,500.989146,33.578293,-117.064292,477.906972,-0.000473,-0.000624,0.000002,0.926413,0.926413,0.926413
41640.000000,33.578440,-117.064368,500.557756,33.578293,-117.064292,477.931477,-0.000473,-0.000624,0.000003,0.926632,0.926632,0.926632
41655.000000,33.578443,-117.064367,499.413450,33.578293,-117.064292,477.955283,-0.000474,-0.000624,0.000004,0.926851,0.926851,0.926851
41670.000000,33.578443,-117.064366,499.102554,33.578293,-117.064293,477.978721,-0.000474,-0.000624,0.000004,0.927072,0.927072,0.927072
41685.000000,33.578444,-117.064366,498.503046,33.578293,-117.064293,478.001675,-0.000474,-0.000624,0.000005,0.927296,0.927296,0.927296
41700.000000,33.578444,-117.064368,497.907159,33.578293,-117.064293,478.024225,-0.000474,-0.000625,0.000005,0.927520,0.927520,0.927520
41715.000000,33.578444,-117.064368,497.510173,33.578293,-117.064293,478.046486,-0.000474,-0.000625,0.000006,0.927744,0.927744,0.927744
41730.000000,33.578447,-117.064367,496.530456,33.578293,-117.064293,478.068000,-0.000475,-0.000625,0.000007,0.927970,0.927970,0.927970
41745.000000,33.578448,-117.064366,495.684671,33.578293,-117.064293,478.089007,-0.000475,-0.000625,0.000007,0.928196,0.928196,0.928196
41760.000000,33.578448,-117.064366,495.775741,33.578293,-117.064293,478.109947,-0.000475,-0.000625,0.000008,0.928424,0.928424,0.928424
41775.000000,33.578451,-117.064367,495.020258,33.578293,-117.064293,478.130323,-0.000475,-0.000625,0.000008,0.928655,0.928655,0.928655
41790.000000,33.578451,-117.064367,494.418271,33.578293,-117.064293,478.150309,-0.000475,-0.000625,0.000009,0.928885,0.928885,0.928885
41805.000000,33.578451,-117.064368,494.163802,33.578293,-117.064293,478.170067,-0.000476,-0.000625,0.000009,0.929118,0.929118,0.929118
41820.000000,33.578452,-117.064367,493.098468,33.578293,-117.064293,478.189204,-0.000476,-0.000625,0.000010,0.929348,0.929348,0.929348
41835.000000,33.578455,-117.064366,492.187172,33.578294,-117.064293,478.207727,-0.000476,-0.000625,0.000011,0.929579,0.929579,0.929579
41850.000000,33.578453,-117.064367,491.658767,33.578294,-117.064293,478.225870,-0.000476,-0.000625,0.000011,0.929812,0.929812,0.929812
41865.000000,33.578454,-117.064368,491.563053,33.578294,-117.064293,478.243956,-0.000476,-0.000625,0.000012,0.930044,0.930044,0.930044
41880.000000,33.578453,-117.064367,491.352048,33.578294,-117.064294,478.261857,-0.000476,-0.000625,0.000012,0.930278,0.930278,0.930278
41895.000000,33.578453,-117.064371,491.091011,33.578294,-117.064294,478.279594,-0.000477,-0.000625,0.000013,0.930512,0.930512,0.930512
41910.000000,33.578457,-117.064367,490.290095,33.578294,-117.064294,478.296791,-0.000477,-0.000624,0.000013,0.930746,0.930746,0.930746
41925.000000,33.578458,-117.064369,489.098815,33.578294,-117.064294,478.313222,-0.000477,-0.000624,0.000014,0.930982,0.930982,0.930982
41940.000000,33.578459,-117.064366,488.721881,33.578294,-117.064294,478.329341,-0.000477,-0.000624,0.000014,0.931221,0.931221,0.931221
41955.000000,33.578458,-117.064368,488.186474,33.578294,-117.064294,478.345190,-0.000477,-0.000624,0.000015,0.931457,0.931457,0.931457
41970.000000,33.578459,-117.064369,487.946822,33.578294,-117.064294,478.360827,-0.000477,-0.000624,0.000015,0.931695,0.931695,0.931695
41985.000000,33.578460,-117.064370,487.010422,33.578294,-117.064294,478.375869,-0.000477,-0.000624,0.000016,0.931934,0.931934,0.931934
42000.000000,33.578463,-117.064366,485.894921,33.578294,-117.064294,478.390179,-0.000477,-0.000624,0.000016,0.932176,0.932176,0.932176
42015.000000,33.578462,-117.064367,485.377664,33.578294,-117.064294,478.404171,-0.000478,-0.000624,0.000016,0.932418,0.932418,0.932418
42030.000000,33.578463,-117.064366,484.559273,33.578294,-117.064294,478.417642,-0.000478,-0.000623,0.000017,0.932662,0.932662,0.932662
42045.000000,33.578464,-117.064367,484.054930,33.578294,-117.064294,478.430812,-0.000478,-0.000623,0.000017,0.932905,0.932905,0.932905
42060.000000,33.578464,-117.064370,483.712047,33.578294,-117.064294,478.443736,-0.000478,-0.000623,0.000018,0.933150,0.933150,0.933150
42075.000000,33.578465,-117.064369,483.362711,33.578294,-117.064294,478.456447,-0.000478,-0.000623,0.000018,0.933396,0.933396,0.933396
42090.000000,33.578466,-117.064369,482.199611,33.578294,-117.064294,478.468463,-0.000478,-0.000623,0.000018,0.933641,0.933641,0.933641
42105.000000,33.578467,-117.064367,481.092998,33.578294,-117.064295,478.479811,-0.000478,-0.000622,0.000019,0.933887,0.933887,0.933887
42120.000000,33.578468,-117.064367,480.226111,33.578294,-117.064295,478.490643,-0.000478,-0.000622,0.000019,0.934133,0.934133,0.934133
42135.000000,33.578467,-117.064369,479.498800,33.578294,-117.064295,478.501030,-0.000478,-0.000622,0.000020,0.934381,0.934381,0.934381
42150.000000,33.578467,-117.064371,479.155967,33.578294,-117.064295,478.511209,-0.000478,-0.000622,0.000020,0.934629,0.934629,0.934629
42165.000000,33.578470,-117.064370,478.413343,33.578295,-117.064295,478.520948,-0.000478,-0.000621,0.000020,0.934880,0.934880,0.934880
42180.000000,33.578471,-117.064372,477.788860,33.578295,-117.064295,478.530319,-0.000478,-0.000621,0.000021,0.935132,0.935132,0.935132
42195.000000,33.578473,-117.064369,476.682479,33.578295,-117.064295,478.539046,-0.000478,-0.000621,0.000021,0.935383,0.935383,0.935383
42210.000000,33.578474,-117.064369,475.991764,33.578295,-117.064295,478.547361,-0.000478,-0.000620,0.000021,0.935634,0.935634,0.935634
42225.000000,33.578473,-117.064370,475.728422,33.578295,-117.064295,478.555512,-0.000478,-0.000620,0.000022,0.935884,0.935884,0.935884
42240.000000,33.578472,-117.064371,475.243098,33.578295,-117.064295,478.563365,-0.000478,-0.000620,0.000022,0.936132,0.936132,0.936132
42255.000000,33.578474,-117.064370,474.185979,33.578295,-117.064295,478.570601,-0.000478,-0.000619,0.000022,0.936381,0.936381,0.936381
42270.000000,33.578477,-117.064371,472.929549,33.578295,-117.064295,478.577132,-0.000478,-0.000619,0.000023,0.936633,0.936633,0.936633
42285.000000,33.578479,-117.064369,471.624779,33.578295,-117.064295,478.582901,-0.000478,-0.000619,0.000023,0.936884,0.936884,0.936884
42300.000000,33.578478,-117.064370,471.562444,33.578295,-117.064295,478.588636,-0.000478,-0.000618,0.000023,0.937136,0.937136,0.937136
42315.000000,33.578480,-117.064368,470.776673,33.578295,-117.064295,478.593910,-0.000478,-0.000618,0.000023,0.937388,0.937388,0.937388
42330.000000,33.578481,-117.064370,470.462611,33.578295,-117.064296,478.598992,-0.000478,-0.000617,0.000024,0.937639,0.937639,0.937639
42345.000000,33.578483,-117.064369,469.348891,33.578295,-117.064296,478.603422,-0.000478,-0.000617,0.000024,0.937890,0.937890,0.937890
42360.000000,33.578484,-117.064370,468.828881,33.578295,-117.064296,478.607566,-0.000478,-0.000617,0.000024,0.938142,0.938142,0.938142
42375.000000,33.578484,-117.064372,468.305650,33.578295,-117.064296,478.611407,-0.000478,-0.000616,0.000024,0.938394,0.938394,0.938394
42390.000000,33.578485,-117.064371,466.902587,33.578295,-117.064296,478.614459,-0.000478,-0.000616,0.000025,0.938647,0.938647,0.938647
42405.000000,33.578485,-117.064372,466.313165,33.578295,-117.064296,478.617160,-0.000478,-0.000615,0.000025,0.938899,0.938899,0.938899
42420.000000,33.578487,-117.064372,465.271006,33.578295,-117.064296,478.619268,-0.000477,-0.000615,0.000025,0.939152,0.939152,0.939152
42435.000000,33.578486,-117.064372,464.891974,33.578295,-117.064296,478.621111,-0.000477,-0.000614,0.000025,0.939403,0.939403,0.939403
42450.000000,33.578488,-117.064371,464.228444,33.578296,-117.064296,478.622526,-0.000477,-0.000614,0.000026,0.939653,0.939653,0.939653
42465.000000,33.578491,-117.064370,462.467024,33.578296,-117.064296,478.623010,-0.000477,-0.000613,0.000026,0.939906,0.939906,0.939906
42480.000000,33.578492,-117.064372,462.355389,33.578296,-117.064296,478.623389,-0.000477,-0.000613,0.000026,0.940157,0.940157,0.940157
42495.000000,33.578494,-117.064370,461.161224,33.578296,-117.064296,478.623092,-0.000477,-0.000612,0.000026,0.940409,0.940409,0.940409
42510.000000,33.578492,-117.064372,460.800772,33.578296,-117.064296,478.622581,-0.000477,-0.000611,0.000026,0.940660,0.940660,0.940660
42525.000000,33.578494,-117.064374,459.883901,33.578296,-117.064296,478.621566,-0.000477,-0.000611,0.000026,0.940913,0.940913,0.940913
42540.000000,33.578492,-117.064377,459.754095,33.578296,-117.064296,478.620400,-0.000477,-0.000610,0.000027,0.941163,0.941163,0.941163
42555.000000,33.578494,-117.064376,458.261605,33.578296,-117.064297,478.618471,-0.000476,-0.000610,0.000027,0.941416,0.941416,0.941416
42570.000000,33.578496,-117.064376,457.658217,33.578296,-117.064297,478.616086,-0.000476,-0.000609,0.000027,0.941666,0.941666,0.941666
42585.000000,33.578498,-117.064374,456.186067,33.578296,-117.064297,478.612885,-0.000476,-0.000608,0.000027,0.941917,0.941917,0.941917
42600.000000,33.578501,-117.064375,455.412367,33.578296,-117.064297,478.609259,-0.000476,-0.000608,0.000027,0.942168,0.942168,0.942168
42615.000000,33.578500,-117.064377,454.832677,33.578296,-117.064297,478.605322,-0.000476,-0.000607,0.000027,0.942420,0.942420,0.942420
42630.000000,33.578501,-117.064377,453.788173,33.578296,-117.064297,478.600719,-0.000476,-0.000606,0.000027,0.942670,0.942670,0.942670
42645.000000,33.578502,-117.064380,453.466673,33.578296,-117.064297,478.595880,-0.000475,-0.000605,0.000028,0.942919,0.942919,0.942919
42660.000000,33.578501,-117.064378,452.334988,33.578296,-117.064297,478.590380,-0.000475,-0.000605,0.000028,0.943169,0.943169,0.943169
42675.000000,33.578505,-117.064376,451.350276,33.578296,-117.064297,478.584225,-0.000475,-0.000604,0.000028,0.943417,0.943417,0.943417
42690.000000,33.578506,-117.064377,450.289725,33.578297,-117.064297,478.577474,-0.000475,-0.000603,0.000028,0.943665,0.943665,0.943665
42705.000000,33.578507,-117.064378,449.260264,33.578297,-117.064297,478.570179,-0.000475,-0.000602,0.000028,0.943914,0.943914,0.943914
42720.000000,33.578507,-117.064379,448.206071,33.578297,-117.064297,478.562292,-0.000474,-0.000602,0.000028,0.944163,0.944163,0.944163
42735.000000,33.578510,-117.064378,447.780797,33.578297,-117.064297,478.554154,-0.000474,-0.000601,0.000028,0.944412,0.944412,0.944412
42750.000000,33.578509,-117.064380,447.432595,33.578297,-117.064297,478.545725,-0.000474,-0.000600,0.000028,0.944659,0.944659,0.944659
42765.000000,33.578510,-117.064379,446.437668,33.578297,-117.064298,478.536563,-0.000474,-0.000599,0.000028,0.944905,0.944905,0.944905
42780.000000,33.578511,-117.064380,445.638567,33.578297,-117.064298,478.526937,-0.000473,-0.000598,0.000028,0.945150,0.945150,0.945150
42795.000000,33.578514,-117.064378,444.038360,33.578297,-117.064298,478.516440,-0.000473,-0.000597,0.000028,0.945396,0.945396,0.945396
42810.000000,33.578511,-117.064381,443.704602,33.578297,-117.064298,478.505650,-0.000473,-0.000597,0.000028,0.945641,0.945641,0.945641
42825.000000,33.578514,-117.064379,442.356000,33.578297,-117.064298,478.494033,-0.000473,-0.000596,0.000028,0.945885,0.945885,0.945885
42840.000000,33.578514,-117.064382,441.855018,33.578297,-117.064298,478.482084,-0.000472,-0.000595,0.000028,0.946129,0.946129,0.946129
42855.000000,33.578516,-117.064382,441.404454,33.578297,-117.064298,478.469806,-0.000472,-0.000594,0.000028,0.946372,0.946372,0.946372
42870.000000,33.578518,-117.064380,440.237639,33.578297,-117.064298,478.456887,-0.000472,-0.000593,0.000028,0.946615,0.946615,0.946615
42885.000000,33.578518,-117.064380,439.072651,33.578297,-117.064298,478.443281,-0.000471,-0.000592,0.000028,0.946859,0.946859,0.946859
42900.000000,33.578520,-117.064382,438.177926,33.578298,-117.064298,478.428971,-0.000471,-0.000591,0.000028,0.947100,0.947100,0.947100
42915.000000,33.578520,-117.064384,437.327261,33.578298,-117.064298,478.414140,-0.000471,-0.000590,0.000028,0.947341,0.947341,0.947341
42930.000000,33.578521,-117.064384,436.260500,33.578298,-117.064298,478.398820,-0.000470,-0.000589,0.000028,0.947583,0.947583,0.947583
42945.000000,33.578521,-117.064386,436.113594,33.578298,-117.064298,478.383299,-0.000470,-0.000588,0.000028,0.947824,0.947824,0.947824
42960.000000,33.578522,-117.064387,435.023786,33.578298,-117.064298,478.366946,-0.000470,-0.000587,0.000028,0.948063,0.948063,0.948063
42975.000000,33.578523,-117.064386,434.138515,33.578298,-117.064299,478.350078,-0.000469,-0.000586,0.000028,0.948302,0.948302,0.948302
42990.000000,33.578523,-117.064388,433.386179,33.578298,-117.064299,478.332855,-0.000469,-0.000585,0.000028,0.948542,0.948542,0.948542
43005.000000,33.578526,-117.064386,432.144496,33.578298,-117.064299,478.314882,-0.000469,-0.000584,0.000028,0.948782,0.948782,0.948782
43020.000000,33.578527,-117.064388,431.299452,33.578298,-117.064299,478.296229,-0.000468,-0.000583,0.000027,0.949020,0.949020,0.949020
43035.000000,33.578527,-117.064386,430.429805,33.578298,-117.064299,478.276985,-0.000468,-0.000581,0.000027,0.949257,0.949257,0.949257
43050.000000,33.578526,-117.064390,429.718426,33.578298,-117.064299,478.257318,-0.000468,-0.000580,0.000027,0.949494,0.949494,0.949494
43065.000000,33.578528,-117.064390,429.058650,33.578298,-117.064299,478.237213,-0.000467,-0.000579,0.000027,0.949730,0.949730,0.949730
43080.000000,33.578527,-117.064390,428.526013,33.578299,-117.064299,478.216562,-0.000467,-0.000578,0.000027,0.949964,0.949964,0.949964
43095.000000,33.578530,-117.064389,427.087167,33.578299,-117.064299,478.195063,-0.000466,-0.000577,0.000027,0.950199,0.950199,0.950199
43110.000000,33.578531,-117.064390,426.722075,33.578299,-117.064299,478.173082,-0.000466,-0.000576,0.000027,0.950431,0.950431,0.950431
43125.000000,33.578532,-117.064391,425.914320,33.578299,-117.064299,478.150699,-0.000466,-0.000574,0.000026,0.950663,0.950663,0.950663
43140.000000,33.578532,-117.064393,424.782001,33.578299,-117.064299,478.127835,-0.000465,-0.000573,0.000026,0.950898,0.950898,0.950898
43155.000000,33.578533,-117.064394,424.144303,33.578299,-117.064300,478.104224,-0.000465,-0.000572,0.000026,0.951129,0.951129,0.951129
43170.000000,33.578535,-117.064391,423.446608,33.578299,-117.064300,478.080007,-0.000464,-0.000571,0.000026,0.951358,0.951358,0.951358
43185.000000,33.578535,-117.064394,422.554911,33.578299,-117.064300,478.055308,-0.000464,-0.000569,0.000026,0.951588,0.951588,0.951588
43200.000000,33.578537,-117.064394,422.095499,33.578299,-117.064300,478.029786,-0.000463,-0.000568,0.000025,0.951813,0.951813,0.951813
43215.000000,33.578537,-117.064395,421.250254,33.578299,-117.064300,478.003843,-0.000463,-0.000567,0.000025,0.952039,0.952039,0.952039
43230.000000,33.578538,-117.064396,420.093515,33.578299,-117.064300,477.977217,-0.000463,-0.000565,0.000025,0.952265,0.952265,0.952265
43245.000000,33.578540,-117.064397,419.835622,33.578300,-117.064300,477.950196,-0.000462,-0.000564,0.000025,0.952489,0.952489,0.952489
43260.000000,33.578540,-117.064399,419.139333,33.578300,-117.064300,477.922662,-0.000462,-0.000562,0.000025,0.952713,0.952713,0.952713
43275.000000,33.578541,-117.064399,418.297025,33.578300,-117.064300,477.894456,-0.000461,-0.000561,0.000024,0.952935,0.952935,0.952935
43290.000000,33.578543,-117.064398,417.168996,33.578300,-117.064300,477.865309,-0.000461,-0.000560,0.000024,0.953155,0.953155,0.953155
43305.000000,33.578542,-117.064399,416.404018,33.578300,-117.064300,477.835436,-0.000460,-0.000558,0.000024,0.953373,0.953373,0.953373
43320.000000,33.578544,-117.064400,415.601487,33.578300,-117.064300,477.804909,-0.000460,-0.000557,0.000024,0.953590,0.953590,0.953590
43335.000000,33.578546,-117.064400,413.998642,33.578300,-117.064301,477.773543,-0.000459,-0.000555,0.000023,0.953808,0.953808,0.953808
43350.000000,33.578545,-117.064403,414.147334,33.578300,-117.064301,477.742297,-0.000459,-0.000554,0.000023,0.954026,0.954026,0.954026
43365.000000,33.578545,-117.064404,413.558596,33.578300,-117.064301,477.710432,-0.000458,-0.000552,0.000023,0.954243,0.954243,0.954243
43380.000000,33.578546,-117.064405,413.295264,33.578300,-117.064301,477.678144,-0.000457,-0.000551,0.000022,0.954457,0.954457,0.954457
43395.000000,33.578546,-117.064407,412.534210,33.578301,-117.064301,477.645289,-0.000457,-0.000549,0.000022,0.954671,0.954671,0.954671
43410.000000,33.578549,-117.064403,410.934616,33.578301,-117.064301,477.611112,-0.000456,-0.000548,0.000022,0.954882,0.954882,0.954882
43425.000000,33.578551,-117.064403,409.760235,33.578301,-117.064301,477.576161,-0.000456,-0.000546,0.000021,0.955093,0.955093,0.955093
43440.000000,33.578551,-117.064406,409.187825,33.578301,-117.064301,477.540854,-0.000455,-0.000544,0.000021,0.955304,0.955304,0.955304
43455.000000,33.578550,-117.064407,408.938263,33.578301,-117.064301,477.504972,-0.000455,-0.000543,0.000021,0.955512,0.955512,0.955512
43470.000000,33.578551,-117.064405,407.724322,33.578301,-117.064301,477.467957,-0.000454,-0.000541,0.000020,0.955718,0.955718,0.955718
43485.000000,33.578550,-117.064410,407.934476,33.578301,-117.064301,477.430756,-0.000454,-0.000539,0.000020,0.955921,0.955921,0.955921
43500.000000,33.578549,-117.064411,407.797158,33.578301,-117.064302,477.393032,-0.000453,-0.000538,0.000020,0.956122,0.956122,0.956122
43515.000000,33.578552,-117.064408,406.106350,33.578301,-117.064302,477.354089,-0.000452,-0.000536,0.000019,0.956321,0.956321,0.956321
43530.000000,33.578555,-117.064408,405.244023,33.578302,-117.064302,477.314446,-0.000452,-0.000534,0.000019,0.956520,0.956520,0.956520
43545.000000,33.578556,-117.064409,404.772302,33.578302,-117.064302,477.273711,-0.000451,-0.000532,0.000018,0.956713,0.956713,0.956713
43560.000000,33.578557,-117.064411,404.276490,33.578302,-117.064302,477.232635,-0.000450,-0.000531,0.000018,0.956906,0.956906,0.956906
43575.000000,33.578556,-117.064413,403.100351,33.578302,-117.064302,477.191064,-0.000450,-0.000529,0.000018,0.957101,0.957101,0.957101
43590.000000,33.578557,-117.064412,401.820980,33.578302,-117.064302,477.148554,-0.000449,-0.000527,0.000017,0.957295,0.957295,0.957295
43605.000000,33.578556,-117.064412,402.497680,33.578302,-117.064302,477.105427,-0.000448,-0.000525,0.000017,0.957483,0.957483,0.957483
43620.000000,33.578556,-117.064413,401.943405,33.578302,-117.064302,477.061278,-0.000448,-0.000523,0.000016,0.957666,0.957666,0.957666
43635.000000,33.578558,-117.064414,400.961232,33.578303,-117.064302,477.016619,-0.000447,-0.000521,0.000016,0.957850,0.957850,0.957850
43650.000000,33.578558,-117.064416,400.385044,33.578303,-117.064303,476.971431,-0.000446,-0.000520,0.000015,0.958033,0.958033,0.958033
43665.000000,33.578559,-117.064418,399.389823,33.578303,-117.064303,476.925577,-0.000446,-0.000518,0.000015,0.958216,0.958216,0.958216
43680.000000,33.578562,-117.064415,398.258034,33.578303,-117.064303,476.878331,-0.000445,-0.000516,0.000014,0.958396,0.958396,0.958396
43695.000000,33.578561,-117.064417,398.543138,33.578303,-117.064303,476.830666,-0.000444,-0.000514,0.000014,0.958571,0.958571,0.958571
43710.000000,33.578562,-117.064419,397.892368,33.578303,-117.064303,476.782586,-0.000444,-0.000512,0.000013,0.958747,0.958747,0.958747
43725.000000,33.578561,-117.064418,397.272470,33.578303,-117.064303,476.733518,-0.000443,-0.000510,0.000013,0.958919,0.958919,0.958919
43740.000000,33.578563,-117.064419,396.434912,33.578303,-117.064303,476.683391,-0.000442,-0.000508,0.000012,0.959088,0.959088,0.959088
43755.000000,33.578563,-117.064421,396.131222,33.578304,-117.064303,476.632585,-0.000441,-0.000505,0.000012,0.959254,0.959254,0.959254
43770.000000,33.578563,-117.064422,395.586220,33.578304,-117.064303,476.581367,-0.000441,-0.000503,0.000011,0.959420,0.959420,0.959420
43785.000000,33.578564,-117.064423,395.249515,33.578304,-117.064304,476.529389,-0.000440,-0.000501,0.000011,0.959583,0.959583,0.959583
43800.000000,33.578563,-117.064425,394.707728,33.578304,-117.064304,476.476824,-0.000439,-0.000499,0.000010,0.959745,0.959745,0.959745
43815.000000,33.578566,-117.064427,393.675315,33.578304,-117.064304,476.423762,-0.000438,-0.000497,0.000009,0.959908,0.959908,0.959908
43830.000000,33.578567,-117.064426,393.069557,33.578304,-117.064304,476.369715,-0.000438,-0.000495,0.000009,0.960068,0.960068,0.960068
43845.000000,33.578568,-117.064426,392.272888,33.578304,-117.064304,476.314540,-0.000437,-0.000493,0.000008,0.960224,0.960224,0.960224
43860.000000,33.578567,-117.064431,393.162822,33.578305,-117.064304,476.259728,-0.000436,-0.000490,0.000008,0.960379,0.960379,0.960379
43875.000000,33.578568,-117.064428,391.585615,33.578305,-117.064304,476.203240,-0.000435,-0.000488,0.000007,0.960530,0.960530,0.960530
43890.000000,33.578568,-117.064431,390.778009,33.578305,-117.064304,476.146183,-0.000435,-0.000486,0.000006,0.960682,0.960682,0.960682
43905.000000,33.578566,-117.064434,390.935995,33.578305,-117.064305,476.088783,-0.000434,-0.000484,0.000006,0.960831,0.960831,0.960831
43920.000000,33.578567,-117.064434,390.447471,33.578305,-117.064305,476.030711,-0.000433,-0.000481,0.000005,0.960978,0.960978,0.960978
43935.000000,33.578570,-117.064431,388.341886,33.578305,-117.064305,475.970342,-0.000432,-0.000479,0.000004,0.961121,0.961121,0.961121
43950.000000,33.578569,-117.064435,388.880275,33.578306,-117.064305,475.910131,-0.000431,-0.000477,0.000004,0.961262,0.961262,0.961262
43965.000000,33.578571,-117.064435,388.161129,33.578306,-117.064305,475.848823,-0.000430,-0.000474,0.000003,0.961400,0.961400,0.961400
43980.000000,33.578570,-117.064436,388.181094,33.578306,-117.064305,475.786591,-0.000430,-0.000472,0.000002,0.961533,0.961533,0.961533
43995.000000,33.578570,-117.064435,388.501528,33.578306,-117.064305,475.723751,-0.000429,-0.000469,0.000002,0.961661,0.961661,0.961661
44010.000000,33.578572,-117.064435,386.654518,33.578306,-117.064305,475.659028,-0.000428,-0.000467,0.000001,0.961787,0.961787,0.961787
44025.000000,33.578572,-117.064437,386.480184,33.578306,-117.064306,475.593539,-0.000427,-0.000464,0.000000,0.961909,0.961909,0.961909
44040.000000,33.578573,-117.064439,385.766985,33.578307,-117.064306,475.527377,-0.000426,-0.000462,-0.000000,0.962030,0.962030,0.962030
44055.000000,33.578572,-117.064441,386.583972,33.578307,-117.064306,475.460747,-0.000425,-0.000459,-0.000001,0.962145,0.962145,0.962145
44070.000000,33.578572,-117.064441,386.434166,33.578307,-117.064306,475.393505,-0.000424,-0.000456,-0.000002,0.962257,0.962257,0.962257
44085.000000,33.578573,-117.064443,385.919938,33.578307,-117.064306,475.326046,-0.000423,-0.000454,-0.000003,0.962370,0.962370,0.962370
44100.000000,33.578575,-117.064441,384.166554,33.578307,-117.064306,475.256826,-0.000422,-0.000451,-0.000003,0.962481,0.962481,0.962481
44115.000000,33.578574,-117.064443,384.269037,33.578307,-117.064306,475.186803,-0.000421,-0.000449,-0.000004,0.962587,0.962587,0.962587
44130.000000,33.578572,-117.064447,384.904815,33.578308,-117.064307,475.117013,-0.000421,-0.000446,-0.000005,0.962692,0.962692,0.962692
44145.000000,33.578574,-117.064443,383.603861,33.578308,-117.064307,475.045080,-0.000420,-0.000443,-0.000006,0.962790,0.962790,0.962790
44160.000000,33.578574,-117.064445,383.725455,33.578308,-117.064307,474.972965,-0.000419,-0.000440,-0.000007,0.962887,0.962887,0.962887
44175.000000,33.578573,-117.064450,383.543152,33.578308,-117.064307,474.901045,-0.000418,-0.000438,-0.000007,0.962986,0.962986,0.962986
44190.000000,33.578573,-117.064450,383.256239,33.578308,-117.064307,474.828085,-0.000417,-0.000435,-0.000008,0.963080,0.963080,0.963080
44205.000000,33.578574,-117.064450,382.585497,33.578309,-117.064307,474.754113,-0.000416,-0.000432,-0.000009,0.963171,0.963171,0.963171
44220.000000,33.578575,-117.064450,382.169685,33.578309,-117.064307,474.678947,-0.000415,-0.000429,-0.000010,0.963258,0.963258,0.963258
44235.000000,33.578577,-117.064450,380.947139,33.578309,-117.064308,474.602204,-0.000414,-0.000426,-0.000011,0.963342,0.963342,0.963342
44250.000000,33.578576,-117.064452,380.443242,33.578309,-117.064308,474.525068,-0.000413,-0.000424,-0.000012,0.963426,0.963426,0.963426
44265.000000,33.578574,-117.064453,381.571090,33.578309,-117.064308,474.446996,-0.000412,-0.000421,-0.000013,0.963500,0.963500,0.963500
44280.000000,33.578573,-117.064455,381.032782,33.578310,-117.064308,474.368403,-0.000411,-0.000418,-0.000013,0.963573,0.963573,0.963573
44295.000000,33.578575,-117.064454,380.216049,33.578310,-117.064308,474.287980,-0.000410,-0.000415,-0.000014,0.963641,0.963641,0.963641
44310.000000,33.578575,-117.064455,379.711616,33.578310,-117.064308,474.206151,-0.000409,-0.000412,-0.000015,0.963703,0.963703,0.963703
44325.000000,33.578576,-117.064454,379.352150,33.578310,-117.064309,474.123201,-0.000408,-0.000409,-0.000016,0.963761,0.963761,0.963761
44340.000000,33.578575,-117.064460,379.853557,33.578310,-117.064309,474.041164,-0.000407,-0.000406,-0.000017,0.963821,0.963821,0.963821
44355.000000,33.578574,-117.064462,380.077143,33.578311,-117.064309,473.957928,-0.000406,-0.000403,-0.000018,0.963874,0.963874,0.963874
44370.000000,33.578577,-117.064458,378.101544,33.578311,-117.064309,473.872738,-0.000405,-0.000399,-0.000019,0.963925,0.963925,0.963925
44385.000000,33.578578,-117.064458,378.752516,33.578311,-117.064309,473.786500,-0.000404,-0.000396,-0.000020,0.963968,0.963968,0.963968
44400.000000,33.578578,-117.064459,378.662306,33.578311,-117.064309,473.699648,-0.000402,-0.000393,-0.000021,0.964008,0.964008,0.964008
44415.000000,33.578575,-117.064464,379.065884,33.578311,-117.064310,473.612936,-0.000401,-0.000390,-0.000022,0.964047,0.964047,0.964047
44430.000000,33.578576,-117.064463,377.602450,33.578312,-117.064310,473.523849,-0.000400,-0.000387,-0.000023,0.964080,0.964080,0.964080
44445.000000,33.578575,-117.064465,378.254503,33.578312,-117.064310,473.434797,-0.000399,-0.000383,-0.000024,0.964110,0.964110,0.964110
44460.000000,33.578576,-117.064465,378.071293,33.578312,-117.064310,473.344842,-0.000398,-0.000380,-0.000025,0.964136,0.964136,0.964136
44475.000000,33.578577,-117.064462,378.203772,33.578312,-117.064310,473.253469,-0.000397,-0.000377,-0.000026,0.964153,0.964153,0.964153
44490.000000,33.578576,-117.064466,377.751508,33.578313,-117.064311,473.161382,-0.000396,-0.000373,-0.000027,0.964169,0.964169,0.964169
44505.000000,33.578648,-117.064344,330.349432,33.578313,-117.064311,473.047415,-0.000394,-0.000370,-0.000028,0.964276,0.964276,0.964276
44520.000000,33.578649,-117.064342,330.092677,33.578313,-117.064311,472.931398,-0.000392,-0.000366,-0.000030,0.964376,0.964376,0.964376
44535.000000,33.578649,-117.064342,330.186465,33.578313,-117.064311,472.813384,-0.000390,-0.000362,-0.000031,0.964468,0.964468,0.964468
44550.000000,33.578650,-117.064342,328.982214,33.578314,-117.064311,472.693560,-0.000388,-0.000358,-0.000033,0.964558,0.964558,0.964558
44565.000000,33.578649,-117.064344,328.667598,33.578314,-117.064311,472.572344,-0.000387,-0.000354,-0.000034,0.964644,0.964644,0.964644
44580.000000,33.578650,-117.064343,327.671036,33.578314,-117.064311,472.449096,-0.000385,-0.000350,-0.000036,0.964726,0.964726,0.964726
44595.000000,33.578650,-117.064344,327.519250,33.578314,-117.064311,472.323608,-0.000383,-0.000346,-0.000038,0.964801,0.964801,0.964801
44610.000000,33.578650,-117.064343,327.483545,33.578315,-117.064311,472.196412,-0.000381,-0.000342,-0.000039,0.964869,0.964869,0.964869
44625.000000,33.578649,-117.064346,326.765306,33.578315,-117.064311,472.067651,-0.000379,-0.000338,-0.000041,0.964934,0.964934,0.964934
44640.000000,33.578649,-117.064346,327.186854,33.578315,-117.064311,471.937118,-0.000377,-0.000334,-0.000042,0.964992,0.964992,0.964992
44655.000000,33.578650,-117.064345,326.697822,33.578315,-117.064311,471.804780,-0.000374,-0.000329,-0.000044,0.965045,0.965045,0.965045
44670.000000,33.578649,-117.064347,326.084560,33.578316,-117.064311,471.670663,-0.000372,-0.000325,-0.000046,0.965094,0.965094,0.965094
44685.000000,33.578648,-117.064348,327.103176,33.578316,-117.064311,471.534524,-0.000370,-0.000321,-0.000047,0.965132,0.965132,0.965132
44700.000000,33.578647,-117.064349,325.991629,33.578316,-117.064311,471.397835,-0.000368,-0.000316,-0.000049,0.965172,0.965172,0.965172
44715.000000,33.578649,-117.064350,325.716747,33.578317,-117.064311,471.259769,-0.000366,-0.000312,-0.000051,0.965207,0.965207,0.965207
44730.000000,33.578647,-117.064351,326.247600,33.578317,-117.064312,471.119754,-0.000364,-0.000307,-0.000053,0.965234,0.965234,0.965234
44745.000000,33.578647,-117.064351,325.198780,33.578317,-117.064312,470.977151,-0.000362,-0.000303,-0.000054,0.965256,0.965256,0.965256
44760.000000,33.578647,-117.064352,325.059714,33.578317,-117.064312,470.832454,-0.000360,-0.000298,-0.000056,0.965271,0.965271,0.965271
44775.000000,33.578646,-117.064355,325.357393,33.578318,-117.064312,470.686718,-0.000357,-0.000293,-0.000058,0.965280,0.965280,0.965280
44790.000000,33.578645,-117.064355,325.262773,33.578318,-117.064312,470.539453,-0.000355,-0.000289,-0.000060,0.965285,0.965285,0.965285
44805.000000,33.578645,-117.064356,325.185911,33.578318,-117.064312,470.391001,-0.000353,-0.000284,-0.000062,0.965286,0.965286,0.965286
44820.000000,33.578644,-117.064355,325.315757,33.578319,-117.064312,470.239974,-0.000351,-0.000279,-0.000064,0.965277,0.965277,0.965277
44835.000000,33.578645,-117.064356,325.543512,33.578319,-117.064312,470.086663,-0.000348,-0.000274,-0.000066,0.965259,0.965259,0.965259
44850.000000,33.578643,-117.064360,326.212755,33.578319,-117.064312,469.931713,-0.000346,-0.000269,-0.000067,0.965233,0.965233,0.965233
44865.000000,33.578643,-117.064360,324.904931,33.578320,-117.064312,469.775622,-0.000344,-0.000264,-0.000069,0.965208,0.965208,0.965208
44880.000000,33.578342,-117.064424,449.048448,33.578320,-117.064312,469.768007,-0.000344,-0.000264,-0.000070,0.965438,0.965438,0.965438
44895.000000,33.578342,-117.064421,448.061949,33.578320,-117.064312,469.759720,-0.000344,-0.000264,-0.000070,0.965667,0.965667,0.965667
44910.000000,33.578340,-117.064420,448.127731,33.578320,-117.064313,469.751443,-0.000344,-0.000263,-0.000070,0.965894,0.965894,0.965894
44925.000000,33.578337,-117.064420,447.305680,33.578320,-117.064313,469.742834,-0.000344,-0.000263,-0.000070,0.966125,0.966125,0.966125
44940.000000,33.578334,-117.064420,447.159414,33.578320,-117.064313,469.734267,-0.000344,-0.000262,-0.000070,0.966358,0.966358,0.966358
44955.000000,33.578334,-117.064418,446.514027,33.578320,-117.064313,469.725199,-0.000344,-0.000262,-0.000071,0.966589,0.966589,0.966589
44970.000000,33.578334,-117.064417,445.994496,33.578319,-117.064313,469.715670,-0.000344,-0.000261,-0.000071,0.966816,0.966816,0.966816
44985.000000,33.578332,-117.064417,445.527001,33.578319,-117.064313,469.705932,-0.000344,-0.000261,-0.000071,0.967044,0.967044,0.967044
45000.000000,33.578334,-117.064412,444.468076,33.578319,-117.064313,469.695413,-0.000344,-0.000260,-0.000071,0.967269,0.967269,0.967269
45015.000000,33.578331,-117.064411,443.941596,33.578319,-117.064313,469.684655,-0.000343,-0.000260,-0.000072,0.967495,0.967495,0.967495
45030.000000,33.578332,-117.064409,443.022051,33.578319,-117.064313,469.673102,-0.000343,-0.000259,-0.000072,0.967717,0.967717,0.967717
45045.000000,33.578330,-117.064408,443.317146,33.578319,-117.064313,469.661873,-0.000343,-0.000259,-0.000072,0.967941,0.967941,0.967941
45060.000000,33.578329,-117.064407,443.155840,33.578319,-117.064313,469.650467,-0.000343,-0.000258,-0.000073,0.968163,0.968163,0.968163
45075.000000,33.578325,-117.064407,441.830818,33.578319,-117.064314,469.638643,-0.000343,-0.000258,-0.000073,0.968392,0.968392,0.968392
45090.000000,33.578327,-117.064406,441.302948,33.578319,-117.064314,469.626243,-0.000343,-0.000257,-0.000073,0.968616,0.968616,0.968616
45105.000000,33.578328,-117.064404,440.625486,33.578319,-117.064314,469.613280,-0.000343,-0.000257,-0.000073,0.968837,0.968837,0.968837
45120.000000,33.578325,-117.064404,440.224808,33.578319,-117.064314,469.600160,-0.000343,-0.000256,-0.000074,0.969060,0.969060,0.969060
45135.000000,33.578325,-117.064402,439.886061,33.578319,-117.064314,469.586613,-0.000343,-0.000256,-0.000074,0.969278,0.969278,0.969278
45150.000000,33.578323,-117.064401,439.490059,33.578319,-117.064314,469.572852,-0.000343,-0.000255,-0.000074,0.969497,0.969497,0.969497
45165.000000,33.578322,-117.064400,438.925198,33.578319,-117.064314,469.558674,-0.000343,-0.000255,-0.000075,0.969714,0.969714,0.969714
45180.000000,33.578317,-117.064400,438.773924,33.578319,-117.064314,469.544685,-0.000343,-0.000254,-0.000075,0.969936,0.969936,0.969936
45195.000000,33.578319,-117.064397,437.843007,33.578319,-117.064314,469.529821,-0.000343,-0.000254,-0.000076,0.970153,0.970153,0.970153
45210.000000,33.578318,-117.064396,437.674432,33.578319,-117.064314,469.514816,-0.000342,-0.000253,-0.000076,0.970369,0.970369,0.970369
45225.000000,33.578316,-117.064395,436.914862,33.578319,-117.064314,469.499400,-0.000342,-0.000252,-0.000076,0.970585,0.970585,0.970585
45240.000000,33.578314,-117.064395,436.650457,33.578319,-117.064314,469.483639,-0.000342,-0.000252,-0.000077,0.970799,0.970799,0.970799
45255.000000,33.578312,-117.064394,436.406227,33.578319,-117.064314,469.467838,-0.000342,-0.000251,-0.000077,0.971014,0.971014,0.971014
45270.000000,33.578313,-117.064392,435.609638,33.578319,-117.064315,469.451240,-0.000342,-0.000251,-0.000077,0.971224,0.971224,0.971224
45285.000000,33.578310,-117.064392,435.149770,33.578319,-117.064315,469.434570,-0.000342,-0.000250,-0.000078,0.971438,0.971438,0.971438
45300.000000,33.578310,-117.064391,434.532014,33.578319,-117.064315,469.417284,-0.000342,-0.000249,-0.000078,0.971648,0.971648,0.971648
45315.000000,33.578308,-117.064391,433.740037,33.578319,-117.064315,469.399558,-0.000342,-0.000249,-0.000079,0.971858,0.971858,0.971858
45330.000000,33.578308,-117.064388,433.637600,33.578319,-117.064315,469.381590,-0.000341,-0.000248,-0.000079,0.972066,0.972066,0.972066
45345.000000,33.578307,-117.064388,434.194412,33.578319,-117.064315,469.363858,-0.000341,-0.000248,-0.000080,0.972272,0.972272,0.972272
45360.000000,33.578306,-117.064389,432.929467,33.578319,-117.064315,469.345329,-0.000341,-0.000247,-0.000080,0.972478,0.972478,0.972478
45375.000000,33.578306,-117.064385,432.628018,33.578318,-117.064315,469.326307,-0.000341,-0.000246,-0.000081,0.972679,0.972679,0.972679
45390.000000,33.578305,-117.064385,432.241093,33.578318,-117.064315,469.306945,-0.000341,-0.000246,-0.000081,0.972880,0.972880,0.972880
45405.000000,33.578300,-117.064384,431.134868,33.578318,-117.064315,469.287131,-0.000341,-0.000245,-0.000082,0.973083,0.973083,0.973083
45420.000000,33.578298,-117.064384,430.881162,33.578318,-117.064315,469.267289,-0.000340,-0.000244,-0.000082,0.973288,0.973288,0.973288
45435.000000,33.578300,-117.064383,430.075282,33.578318,-117.064315,469.246396,-0.000340,-0.000244,-0.000083,0.973486,0.973486,0.973486
45450.000000,33.578297,-117.064382,430.039987,33.578318,-117.064315,469.225672,-0.000340,-0.000243,-0.000083,0.973686,0.973686,0.973686
45465.000000,33.578297,-117.064381,430.333265,33.578318,-117.064316,469.204789,-0.000340,-0.000242,-0.000084,0.973881,0.973881,0.973881
45480.000000,33.578293,-117.064382,429.010307,33.578318,-117.064316,469.183367,-0.000340,-0.000242,-0.000084,0.974080,0.974080,0.974080
45495.000000,33.578293,-117.064382,429.173652,33.578318,-117.064316,469.161728,-0.000339,-0.000241,-0.000085,0.974276,0.974276,0.974276
45510.000000,33.578291,-117.064382,428.382605,33.578318,-117.064316,469.139565,-0.000339,-0.000240,-0.000085,0.974470,0.974470,0.974470
45525.000000,33.578292,-117.064380,428.916943,33.578318,-117.064316,469.117485,-0.000339,-0.000240,-0.000086,0.974662,0.974662,0.974662
45540.000000,33.578291,-117.064379,428.146468,33.578318,-117.064316,469.094731,-0.000339,-0.000239,-0.000086,0.974851,0.974851,0.974851
45555.000000,33.578287,-117.064379,427.898178,33.578318,-117.064316,469.072127,-0.000339,-0.000238,-0.000087,0.975044,0.975044,0.975044
45570.000000,33.578286,-117.064377,427.358071,33.578318,-117.064316,469.049026,-0.000338,-0.000237,-0.000088,0.975235,0.975235,0.975235
45585.000000,33.578281,-117.064378,426.291352,33.578318,-117.064316,469.025422,-0.000338,-0.000237,-0.000088,0.975428,0.975428,0.975428
45600.000000,33.578284,-117.064376,427.297544,33.578318,-117.064316,469.001897,-0.000338,-0.000236,-0.000089,0.975614,0.975614,0.975614
45615.000000,33.578280,-117.064377,426.648309,33.578318,-117.064316,468.978128,-0.000338,-0.000235,-0.000089,0.975802,0.975802,0.975802
45630.000000,33.578279,-117.064376,425.874960,33.578318,-117.064316,468.953681,-0.000337,-0.000235,-0.000090,0.975988,0.975988,0.975988
45645.000000,33.578276,-117.064375,425.595631,33.578317,-117.064316,468.929001,-0.000337,-0.000234,-0.000091,0.976174,0.976174,0.976174
45660.000000,33.578275,-117.064375,425.921662,33.578317,-117.064316,468.904470,-0.000337,-0.000233,-0.000091,0.976358,0.976358,0.976358
45675.000000,33.578271,-117.064375,425.584427,33.578317,-117.064317,468.879982,-0.000337,-0.000232,-0.000092,0.976545,0.976545,0.976545
45690.000000,33.578271,-117.064373,425.383186,33.578317,-117.064317,468.854922,-0.000336,-0.000232,-0.000092,0.976727,0.976727,0.976727
45705.000000,33.578268,-117.064373,424.883072,33.578317,-117.064317,468.829937,-0.000336,-0.000231,-0.000093,0.976914,0.976914,0.976914
45720.000000,33.578268,-117.064373,424.248720,33.578317,-117.064317,468.804258,-0.000336,-0.000230,-0.000094,0.977097,0.977097,0.977097
45735.000000,33.578264,-117.064371,424.032460,33.578317,-117.064317,468.778565,-0.000336,-0.000229,-0.000094,0.977282,0.977282,0.977282
45750.000000,33.578265,-117.064370,424.514194,33.578317,-117.064317,468.752667,-0.000335,-0.000229,-0.000095,0.977460,0.977460,0.977460
45765.000000,33.578266,-117.064369,424.620331,33.578317,-117.064317,468.726394,-0.000335,-0.000228,-0.000096,0.977634,0.977634,0.977634
45780.000000,33.578262,-117.064370,423.559597,33.578317,-117.064317,468.699540,-0.000335,-0.000227,-0.000097,0.977809,0.977809,0.977809
45795.000000,33.578263,-117.064370,423.118997,33.578317,-117.064317,468.671974,-0.000335,-0.000226,-0.000097,0.977979,0.977979,0.977979
45810.000000,33.578259,-117.064371,422.857750,33.578317,-117.064317,468.644565,-0.000334,-0.000226,-0.000098,0.978153,0.978153,0.978153
45825.000000,33.578257,-117.064371,422.455292,33.578317,-117.064317,468.616635,-0.000334,-0.000225,-0.000099,0.978324,0.978324,0.978324
45840.000000,33.578256,-117.064370,422.370511,33.578317,-117.064317,468.588401,-0.000334,-0.000224,-0.000099,0.978492,0.978492,0.978492
45855.000000,33.578254,-117.064369,421.225999,33.578316,-117.064317,468.559290,-0.000334,-0.000223,-0.000100,0.978659,0.978659,0.978659
45870.000000,33.578254,-117.064368,421.508004,33.578316,-117.064317,468.529982,-0.000333,-0.000222,-0.000101,0.978821,0.978821,0.978821
45885.000000,33.578253,-117.064367,421.666903,33.578316,-117.064317,468.500883,-0.000333,-0.000222,-0.000102,0.978985,0.978985,0.978985
45900.000000,33.578250,-117.064368,420.899344,33.578316,-117.064318,468.471122,-0.000333,-0.000221,-0.000102,0.979147,0.979147,0.979147
45915.000000,33.578248,-117.064366,420.875907,33.578316,-117.064318,468.441332,-0.000332,-0.000220,-0.000103,0.979309,0.979309,0.979309
45930.000000,33.578249,-117.064366,420.731389,33.578316,-117.064318,468.410848,-0.000332,-0.000219,-0.000104,0.979465,0.979465,0.979465
45945.000000,33.578249,-117.064365,420.222206,33.578316,-117.064318,468.379539,-0.000332,-0.000218,-0.000105,0.979615,0.979615,0.979615
45960.000000,33.578244,-117.064367,419.833472,33.578316,-117.064318,468.348466,-0.000332,-0.000217,-0.000106,0.979771,0.979771,0.979771
45975.000000,33.578244,-117.064367,418.926899,33.578316,-117.064318,468.316442,-0.000331,-0.000217,-0.000107,0.979923,0.979923,0.979923
45990.000000,33.578242,-117.064365,419.665313,33.578316,-117.064318,468.284794,-0.000331,-0.000216,-0.000107,0.980074,0.980074,0.980074
46005.000000,33.578241,-117.064365,419.719019,33.578316,-117.064318,468.252979,-0.000331,-0.000215,-0.000108,0.980222,0.980222,0.980222
46020.000000,33.578237,-117.064366,419.101450,33.578316,-117.064318,468.221140,-0.000330,-0.000214,-0.000109,0.980375,0.980375,0.980375
46035.000000,33.578236,-117.064365,418.834663,33.578315,-117.064318,468.188786,-0.000330,-0.000213,-0.000110,0.980524,0.980524,0.980524
46050.000000,33.578232,-117.064366,418.466614,33.578315,-117.064318,468.156383,-0.000330,-0.000212,-0.000111,0.980675,0.980675,0.980675
46065.000000,33.578230,-117.064366,418.020365,33.578315,-117.064318,468.123616,-0.000329,-0.000212,-0.000112,0.980825,0.980825,0.980825
46080.000000,33.578229,-117.064364,418.551131,33.578315,-117.064318,468.090934,-0.000329,-0.000211,-0.000113,0.980973,0.980973,0.980973
46095.000000,33.578230,-117.064366,418.829685,33.578315,-117.064318,468.057842,-0.000329,-0.000210,-0.000113,0.981114,0.981114,0.981114
46110.000000,33.578225,-117.064364,418.193078,33.578315,-117.064318,468.024581,-0.000328,-0.000209,-0.000114,0.981257,0.981257,0.981257
46125.000000,33.578226,-117.064364,418.782880,33.578315,-117.064319,467.991204,-0.000328,-0.000208,-0.000115,0.981395,0.981395,0.981395
46140.000000,33.578226,-117.064363,419.110566,33.578315,-117.064319,467.957667,-0.000328,-0.000207,-0.000116,0.981529,0.981529,0.981529
46155.000000,33.578222,-117.064365,417.860139,33.578315,-117.064319,467.923511,-0.000327,-0.000206,-0.000117,0.981666,0.981666,0.981666
46170.000000,33.578220,-117.064366,417.932518,33.578314,-117.064319,467.889450,-0.000327,-0.000206,-0.000118,0.981803,0.981803,0.981803
46185.000000,33.578219,-117.064364,417.344326,33.578314,-117.064319,467.854696,-0.000327,-0.000205,-0.000119,0.981937,0.981937,0.981937
46200.000000,33.578214,-117.064366,416.570605,33.578314,-117.064319,467.819336,-0.000327,-0.000204,-0.000120,0.982071,0.982071,0.982071
46215.000000,33.578215,-117.064364,416.869791,33.578314,-117.064319,467.783818,-0.000326,-0.000203,-0.000121,0.982201,0.982201,0.982201
46230.000000,33.578214,-117.064362,417.153306,33.578314,-117.064319,467.748042,-0.000326,-0.000202,-0.000122,0.982326,0.982326,0.982326
46245.000000,33.578213,-117.064363,416.896089,33.578314,-117.064319,467.712119,-0.000326,-0.000201,-0.000123,0.982451,0.982451,0.982451
46260.000000,33.578209,-117.064364,415.992742,33.578314,-117.064319,467.675737,-0.000325,-0.000200,-0.000124,0.982578,0.982578,0.982578
46275.000000,33.578211,-117.064362,416.739185,33.578314,-117.064319,467.639171,-0.000325,-0.000199,-0.000125,0.982698,0.982698,0.982698
46290.000000,33.578209,-117.064364,415.886239,33.578314,-117.064319,467.601670,-0.000325,-0.000198,-0.000126,0.982815,0.982815,0.982815
46305.000000,33.578206,-117.064364,415.589519,33.578313,-117.064319,467.563741,-0.000324,-0.000197,-0.000127,0.982930,0.982930,0.982930
46320.000000,33.578206,-117.064363,415.587010,33.578313,-117.064319,467.525469,-0.000324,-0.000197,-0.000128,0.983042,0.983042,0.983042
46335.000000,33.578203,-117.064364,415.527254,33.578313,-117.064319,467.487268,-0.000323,-0.000196,-0.000129,0.983154,0.983154,0.983154
46350.000000,33.578200,-117.064363,415.375759,33.578313,-117.064320,467.449095,-0.000323,-0.000195,-0.000130,0.983267,0.983267,0.983267
46365.000000,33.578203,-117.064361,416.334270,33.578313,-117.064320,467.410797,-0.000323,-0.000194,-0.000131,0.983372,0.983372,0.983372
46380.000000,33.578202,-117.064361,415.784207,33.578313,-117.064320,467.371927,-0.000322,-0.000193,-0.000132,0.983475,0.983475,0.983475
46395.000000,33.578198,-117.064362,415.394699,33.578313,-117.064320,467.333003,-0.000322,-0.000192,-0.000133,0.983581,0.983581,0.983581
46410.000000,33.578195,-117.064362,414.929781,33.578313,-117.064320,467.293782,-0.000322,-0.000191,-0.000134,0.983687,0.983687,0.983687
46425.000000,33.578196,-117.064362,415.361456,33.578312,-117.064320,467.254450,-0.000321,-0.000190,-0.000135,0.983788,0.983788,0.983788
46440.000000,33.578191,-117.064362,414.953305,33.578312,-117.064320,467.214849,-0.000321,-0.000189,-0.000136,0.983890,0.983890,0.983890
46455.000000,33.578187,-117.064362,414.600279,33.578312,-117.064320,467.174832,-0.000321,-0.000188,-0.000138,0.983990,0.983990,0.983990
46470.000000,33.578190,-117.064362,415.012721,33.578312,-117.064320,467.134096,-0.000320,-0.000187,-0.000139,0.984080,0.984080,0.984080
46485.000000,33.578187,-117.064362,415.241290,33.578312,-117.064320,467.093841,-0.000320,-0.000186,-0.000140,0.984173,0.984173,0.984173
46500.000000,33.578648,-117.064183,520.054080,33.578313,-117.064320,467.273439,-0.000320,-0.000189,-0.000133,0.983028,0.983028,0.983028
46515.000000,33.578648,-117.064184,520.118796,33.578314,-117.064319,467.448870,-0.000320,-0.000192,-0.000126,0.981920,0.981920,0.981920
46530.000000,33.578646,-117.064184,520.381853,33.578315,-117.064319,467.622593,-0.000320,-0.000195,-0.000120,0.980832,0.980832,0.980832
46545.000000,33.578644,-117.064184,519.881963,33.578316,-117.064318,467.790468,-0.000320,-0.000198,-0.000113,0.979781,0.979781,0.979781
46560.000000,33.578643,-117.064185,520.233206,33.578317,-117.064318,467.957629,-0.000320,-0.000201,-0.000107,0.978744,0.978744,0.978744
46575.000000,33.578639,-117.064185,519.865491,33.578318,-117.064318,468.119935,-0.000320,-0.000204,-0.000101,0.977739,0.977739,0.977739
46590.000000,33.578640,-117.064186,519.528279,33.578319,-117.064317,468.278007,-0.000320,-0.000206,-0.000095,0.976760,0.976760,0.976760
46605.000000,33.578639,-117.064185,519.743780,33.578320,-117.064317,468.432094,-0.000320,-0.000209,-0.000089,0.975823,0.975823,0.975823
46620.000000,33.578637,-117.064186,519.332823,33.578321,-117.064317,468.583341,-0.000319,-0.000211,-0.000084,0.974899,0.974899,0.974899
46635.000000,33.578634,-117.064186,518.799973,33.578322,-117.064316,468.729788,-0.000319,-0.000214,-0.000078,0.974004,0.974004,0.974004
46650.000000,33.578633,-117.064185,518.873842,33.578322,-117.064316,468.873044,-0.000319,-0.000216,-0.000073,0.973139,0.973139,0.973139
46665.000000,33.578631,-117.064186,518.994238,33.578323,-117.064316,469.014578,-0.000319,-0.000219,-0.000068,0.972292,0.972292,0.972292
46680.000000,33.578629,-117.064186,518.892699,33.578324,-117.064315,469.152885,-0.000319,-0.000221,-0.000063,0.971470,0.971470,0.971470
46695.000000,33.578628,-117.064185,518.718043,33.578325,-117.064315,469.288277,-0.000319,-0.000223,-0.000058,0.970671,0.970671,0.970671
46710.000000,33.578625,-117.064188,517.576995,33.578326,-117.064315,469.420226,-0.000319,-0.000226,-0.000053,0.969873,0.969873,0.969873
46725.000000,33.578623,-117.064187,518.301661,33.578326,-117.064314,469.550108,-0.000319,-0.000228,-0.000048,0.969112,0.969112,0.969112
46740.000000,33.578620,-117.064189,517.904593,33.578327,-117.064314,469.677959,-0.000319,-0.000230,-0.000043,0.968359,0.968359,0.968359
46755.000000,33.578619,-117.064188,517.780197,33.578328,-117.064314,469.801917,-0.000319,-0.000232,-0.000039,0.967640,0.967640,0.967640
46770.000000,33.578618,-117.064188,517.819797,33.578328,-117.064314,469.923169,-0.000319,-0.000234,-0.000035,0.966947,0.966947,0.966947
46785.000000,33.578613,-117.064189,517.269810,33.578329,-117.064313,470.041534,-0.000319,-0.000236,-0.000030,0.966268,0.966268,0.966268
46800.000000,33.578610,-117.064195,515.501018,33.578330,-117.064313,470.157503,-0.000319,-0.000238,-0.000026,0.965567,0.965567,0.965567
46815.000000,33.578608,-117.064197,515.111780,33.578330,-117.064313,470.271302,-0.000319,-0.000240,-0.000022,0.964876,0.964876,0.964876
46830.000000,33.578605,-117.064195,514.939310,33.578331,-117.064313,470.381495,-0.000319,-0.000242,-0.000018,0.964218,0.964218,0.964218
46845.000000,33.578603,-117.064195,514.735500,33.578332,-117.064312,470.489505,-0.000319,-0.000244,-0.000014,0.963577,0.963577,0.963577
46860.000000,33.578599,-117.064196,513.670281,33.578332,-117.064312,470.593470,-0.000319,-0.000245,-0.000010,0.962951,0.962951,0.962951
46875.000000,33.578596,-117.064197,513.686411,33.578333,-117.064312,470.695128,-0.000319,-0.000247,-0.000007,0.962349,0.962349,0.962349
46890.000000,33.578594,-117.064198,513.946249,33.578333,-117.064312,470.796203,-0.000319,-0.000249,-0.000003,0.961759,0.961759,0.961759
46905.000000,33.578591,-117.064197,513.650386,33.578334,-117.064311,470.895015,-0.000319,-0.000250,0.000001,0.961185,0.961185,0.961185
46920.000000,33.578589,-117.064198,512.984347,33.578334,-117.064311,470.991000,-0.000319,-0.000252,0.000004,0.960625,0.960625,0.960625
46935.000000,33.578586,-117.064196,512.745278,33.578335,-117.064311,471.084286,-0.000319,-0.000254,0.000007,0.960088,0.960088,0.960088
46950.000000,33.578581,-117.064197,512.574478,33.578335,-117.064311,471.175161,-0.000319,-0.000255,0.000010,0.959573,0.959573,0.959573
46965.000000,33.578580,-117.064199,511.836268,33.578336,-117.064310,471.264340,-0.000319,-0.000257,0.000014,0.959058,0.959058,0.959058
46980.000000,33.578576,-117.064199,511.449406,33.578336,-117.064310,471.350922,-0.000319,-0.000258,0.000017,0.958564,0.958564,0.958564
46995.000000,33.578573,-117.064200,510.988577,33.578337,-117.064310,471.435667,-0.000319,-0.000260,0.000020,0.958079,0.958079,0.958079
47010.000000,33.578570,-117.064200,510.789272,33.578337,-117.064310,471.519106,-0.000318,-0.000261,0.000022,0.957603,0.957603,0.957603
47025.000000,33.578567,-117.064202,510.100305,33.578338,-117.064310,471.600214,-0.000318,-0.000262,0.000025,0.957137,0.957137,0.957137
47040.000000,33.578563,-117.064203,509.735900,33.578338,-117.064310,471.679159,-0.000318,-0.000264,0.000028,0.956689,0.956689,0.956689
47055.000000,33.578559,-117.064202,509.562553,33.578338,-117.064309,471.756494,-0.000318,-0.000265,0.000031,0.956255,0.956255,0.956255
47070.000000,33.578556,-117.064203,508.665835,33.578339,-117.064309,471.831229,-0.000318,-0.000266,0.000033,0.955831,0.955831,0.955831
47085.000000,33.578551,-117.064206,508.658531,33.578339,-117.064309,471.905109,-0.000318,-0.000267,0.000036,0.955417,0.955417,0.955417
47100.000000,33.578547,-117.064205,508.115934,33.578340,-117.064309,471.976672,-0.000318,-0.000269,0.000038,0.955018,0.955018,0.955018
47115.000000,33.578544,-117.064206,507.576553,33.578340,-117.064309,472.046460,-0.000318,-0.000270,0.000040,0.954629,0.954629,0.954629
47130.000000,33.578541,-117.064206,507.424231,33.578340,-117.064309,472.114928,-0.000318,-0.000271,0.000043,0.954253,0.954253,0.954253
47145.000000,33.578537,-117.064207,507.041122,33.578341,-117.064308,472.181961,-0.000318,-0.000272,0.000045,0.953885,0.953885,0.953885
47160.000000,33.578534,-117.064207,506.885371,33.578341,-117.064308,472.248113,-0.000318,-0.000273,0.000047,0.953525,0.953525,0.953525
47175.000000,33.578529,-117.064209,505.952634,33.578341,-117.064308,472.312183,-0.000318,-0.000274,0.000049,0.953170,0.953170,0.953170
47190.000000,33.578526,-117.064209,505.849392,33.578341,-117.064308,472.374956,-0.000318,-0.000276,0.000051,0.952829,0.952829,0.952829
47205.000000,33.578519,-117.064212,504.243618,33.578342,-117.064308,472.434474,-0.000318,-0.000277,0.000053,0.952495,0.952495,0.952495
47220.000000,33.578517,-117.064212,504.485920,33.578342,-117.064308,472.493170,-0.000318,-0.000278,0.000055,0.952178,0.952178,0.952178
47235.000000,33.578513,-117.064213,503.408137,33.578342,-117.064308,472.549823,-0.000318,-0.000279,0.000057,0.951864,0.951864,0.951864
47250.000000,33.578509,-117.064214,502.766819,33.578342,-117.064307,472.604857,-0.000318,-0.000279,0.000059,0.951557,0.951557,0.951557
47265.000000,33.578409,-117.064262,479.371225,33.578343,-117.064307,472.623843,-0.000318,-0.000280,0.000059,0.951076,0.951076,0.951076
47280.000000,33.578408,-117.064262,479.505654,33.578343,-117.064307,472.643033,-0.000317,-0.000280,0.000060,0.950598,0.950598,0.950598
47295.000000,33.578409,-117.064259,480.385619,33.578343,-117.064307,472.663838,-0.000317,-0.000280,0.000061,0.950127,0.950127,0.950127
47310.000000,33.578410,-117.064258,480.935253,33.578343,-117.064307,472.685674,-0.000317,-0.000281,0.000061,0.949658,0.949658,0.949658
47325.000000,33.578403,-117.064260,479.959779,33.578343,-117.064307,472.705373,-0.000317,-0.000281,0.000062,0.949199,0.949199,0.949199
47340.000000,33.578402,-117.064261,480.305616,33.578343,-117.064307,472.725811,-0.000317,-0.000281,0.000063,0.948735,0.948735,0.948735
47355.000000,33.578399,-117.064259,480.055573,33.578343,-117.064307,472.745569,-0.000316,-0.000281,0.000063,0.948281,0.948281,0.948281
47370.000000,33.578398,-117.064261,480.225014,33.578343,-117.064307,472.765658,-0.000316,-0.000282,0.000064,0.947825,0.947825,0.947825
47385.000000,33.578395,-117.064260,479.901996,33.578343,-117.064307,472.784890,-0.000316,-0.000282,0.000064,0.947382,0.947382,0.947382
47400.000000,33.578397,-117.064258,481.229447,33.578343,-117.064307,472.806581,-0.000316,-0.000282,0.000065,0.946943,0.946943,0.946943
47415.000000,33.578395,-117.064258,480.352800,33.578344,-117.064307,472.826485,-0.000316,-0.000283,0.000066,0.946508,0.946508,0.946508
47430.000000,33.578393,-117.064259,480.571779,33.578344,-117.064307,472.846784,-0.000316,-0.000283,0.000066,0.946074,0.946074,0.946074
47445.000000,33.578388,-117.064260,480.281131,33.578344,-117.064307,472.866387,-0.000316,-0.000283,0.000067,0.945646,0.945646,0.945646
47460.000000,33.578384,-117.064261,479.582753,33.578344,-117.064306,472.884553,-0.000315,-0.000284,0.000067,0.945223,0.945223,0.945223
47475.000000,33.578382,-117.064262,479.483098,33.578344,-117.064306,472.902436,-0.000315,-0.000284,0.000068,0.944806,0.944806,0.944806
47490.000000,33.578381,-117.064259,479.972916,33.578344,-117.064306,472.921132,-0.000315,-0.000284,0.000068,0.944394,0.944394,0.944394
47505.000000,33.578381,-117.064258,480.133075,33.578344,-117.064306,472.940091,-0.000315,-0.000284,0.000069,0.943982,0.943982,0.943982
47520.000000,33.578379,-117.064257,480.613853,33.578344,-117.064306,472.959744,-0.000315,-0.000285,0.000069,0.943581,0.943581,0.943581
47535.000000,33.578373,-117.064259,479.979671,33.578344,-117.064306,472.978061,-0.000315,-0.000285,0.000069,0.943190,0.943190,0.943190
47550.000000,33.578369,-117.064263,479.055417,33.578344,-117.064306,472.994730,-0.000315,-0.000285,0.000070,0.942794,0.942794,0.942794
47565.000000,33.578370,-117.064260,479.467779,33.578344,-117.064306,473.012050,-0.000314,-0.000286,0.000070,0.942403,0.942403,0.942403
47580.000000,33.578369,-117.064258,480.068907,33.578344,-117.064306,473.030375,-0.000314,-0.000286,0.000070,0.942017,0.942017,0.942017
47595.000000,33.578367,-117.064257,480.174220,33.578344,-117.064306,473.048757,-0.000314,-0.000286,0.000071,0.941638,0.941638,0.941638
47610.000000,33.578365,-117.064257,480.000399,33.578344,-117.064306,473.066750,-0.000314,-0.000287,0.000071,0.941262,0.941262,0.941262
47625.000000,33.578361,-117.064259,479.852115,33.578344,-117.064306,473.084382,-0.000314,-0.000287,0.000071,0.940891,0.940891,0.940891
47640.000000,33.578355,-117.064262,478.412466,33.578344,-117.064306,473.099398,-0.000314,-0.000288,0.000072,0.940522,0.940522,0.940522
47655.000000,33.578355,-117.064259,479.009237,33.578344,-117.064306,473.115435,-0.000314,-0.000288,0.000072,0.940155,0.940155,0.940155
47670.000000,33.578355,-117.064258,479.416803,33.578344,-117.064306,473.132129,-0.000314,-0.000288,0.000072,0.939791,0.939791,0.939791
47685.000000,33.578351,-117.064259,479.331711,33.578344,-117.064306,473.148589,-0.000314,-0.000289,0.000072,0.939432,0.939432,0.939432
47700.000000,33.578350,-117.064260,479.589904,33.578344,-117.064305,473.165425,-0.000313,-0.000289,0.000073,0.939076,0.939076,0.939076
47715.000000,33.578345,-117.064260,479.083048,33.578344,-117.064305,473.181270,-0.000313,-0.000289,0.000073,0.938727,0.938727,0.938727
47730.000000,33.578344,-117.064259,479.529458,33.578344,-117.064305,473.197884,-0.000313,-0.000290,0.000073,0.938377,0.938377,0.938377
47745.000000,33.578339,-117.064259,478.674193,33.578344,-117.064305,473.212920,-0.000313,-0.000290,0.000073,0.938032,0.938032,0.938032
47760.000000,33.578337,-117.064258,478.725399,33.578344,-117.064305,473.227975,-0.000313,-0.000290,0.000073,0.937692,0.937692,0.937692
47775.000000,33.578340,-117.064258,479.267087,33.578344,-117.064305,473.243976,-0.000313,-0.000291,0.000074,0.937349,0.937349,0.937349
47790.000000,33.578334,-117.064258,478.953308,33.578344,-117.064305,473.259354,-0.000313,-0.000291,0.000074,0.937010,0.937010,0.937010
47805.000000,33.578329,-117.064259,478.279904,33.578344,-117.064305,473.273531,-0.000313,-0.000292,0.000074,0.936675,0.936675,0.936675
47820.000000,33.578328,-117.064257,478.301327,33.578344,-117.064305,473.287701,-0.000313,-0.000292,0.000074,0.936341,0.936341,0.936341
47835.000000,33.578325,-117.064257,477.868496,33.578344,-117.064305,473.301027,-0.000313,-0.000292,0.000074,0.936016,0.936016,0.936016
47850.000000,33.578326,-117.064256,478.711095,33.578344,-117.064305,473.315777,-0.000313,-0.000293,0.000074,0.935690,0.935690,0.935690
47865.000000,33.578322,-117.064258,478.335871,33.578344,-117.064305,473.329878,-0.000313,-0.000293,0.000074,0.935362,0.935362,0.935362
47880.000000,33.578317,-117.064257,478.014161,33.578344,-117.064305,473.343379,-0.000312,-0.000293,0.000074,0.935039,0.935039,0.935039
47895.000000,33.578314,-117.064258,477.633660,33.578343,-117.064305,473.356234,-0.000312,-0.000294,0.000074,0.934714,0.934714,0.934714
47910.000000,33.578313,-117.064256,477.969687,33.578343,-117.064305,473.369562,-0.000312,-0.000294,0.000074,0.934397,0.934397,0.934397
47925.000000,33.578309,-117.064257,477.519688,33.578343,-117.064305,473.382131,-0.000312,-0.000295,0.000074,0.934078,0.934078,0.934078
47940.000000,33.578307,-117.064256,477.799447,33.578343,-117.064305,473.395128,-0.000312,-0.000295,0.000074,0.933762,0.933762,0.933762
47955.000000,33.578302,-117.064256,477.777854,33.578343,-117.064305,473.408014,-0.000312,-0.000295,0.000074,0.933452,0.933452,0.933452
47970.000000,33.578302,-117.064255,478.296328,33.578343,-117.064304,473.421742,-0.000312,-0.000296,0.000074,0.933142,0.933142,0.933142
47985.000000,33.578300,-117.064257,477.980710,33.578343,-117.064304,473.434900,-0.000312,-0.000296,0.000074,0.932834,0.932834,0.932834
48000.000000,33.578292,-117.064257,477.231322,33.578343,-117.064304,473.446763,-0.000312,-0.000297,0.000073,0.932532,0.932532,0.932532
48015.000000,33.578290,-117.064258,476.323436,33.578343,-117.064304,473.457163,-0.000312,-0.000297,0.000073,0.932225,0.932225,0.932225
48030.000000,33.578291,-117.064258,477.072771,33.578343,-117.064304,473.468735,-0.000312,-0.000297,0.000073,0.931923,0.931923,0.931923
48045.000000,33.578289,-117.064256,477.149681,33.578343,-117.064304,473.480384,-0.000312,-0.000298,0.000073,0.931625,0.931625,0.931625
48060.000000,33.578284,-117.064257,476.867856,33.578342,-117.064304,473.491550,-0.000312,-0.000298,0.000073,0.931329,0.931329,0.931329
48075.000000,33.578282,-117.064258,476.524812,33.578342,-117.064304,473.502153,-0.000312,-0.000299,0.000073,0.931032,0.931032,0.931032
48090.000000,33.578281,-117.064253,477.121485,33.578342,-117.064304,473.513636,-0.000312,-0.000299,0.000072,0.930743,0.930743,0.930743
48105.000000,33.578280,-117.064254,477.056483,33.578342,-117.064304,473.524996,-0.000311,-0.000299,0.000072,0.930455,0.930455,0.930455
48120.000000,33.578273,-117.064257,476.162048,33.578342,-117.064304,473.534940,-0.000311,-0.000300,0.000072,0.930162,0.930162,0.930162
48135.000000,33.578270,-117.064256,475.850582,33.578342,-117.064304,473.544340,-0.000311,-0.000300,0.000072,0.929874,0.929874,0.929874
48150.000000,33.578266,-117.064257,475.534733,33.578342,-117.064304,473.553223,-0.000311,-0.000301,0.000071,0.929586,0.929586,0.929586
48165.000000,33.578261,-117.064258,475.168953,33.578341,-117.064304,473.561512,-0.000311,-0.000301,0.000071,0.929297,0.929297,0.929297
48180.000000,33.578264,-117.064255,476.564459,33.578341,-117.064304,473.571992,-0.000311,-0.000302,0.000071,0.929013,0.929013,0.929013
48195.000000,33.578261,-117.064255,476.143555,33.578341,-117.064304,473.581763,-0.000311,-0.000302,0.000070,0.928733,0.928733,0.928733
48210.000000,33.578257,-117.064255,476.071581,33.578341,-117.064304,473.591400,-0.000311,-0.000302,0.000070,0.928454,0.928454,0.928454
48225.000000,33.578445,-117.064306,503.783531,33.578341,-117.064304,473.636873,-0.000312,-0.000303,0.000071,0.928298,0.928298,0.928298
48240.000000,33.578444,-117.064309,503.471744,33.578341,-117.064304,473.681348,-0.000312,-0.000304,0.000072,0.928149,0.928149,0.928149
48255.000000,33.578441,-117.064308,503.965035,33.578341,-117.064304,473.725988,-0.000312,-0.000304,0.000073,0.928008,0.928008,0.928008
48270.000000,33.578441,-117.064306,504.465668,33.578341,-117.064304,473.770693,-0.000313,-0.000305,0.000074,0.927874,0.927874,0.927874
48285.000000,33.578440,-117.064306,504.151772,33.578342,-117.064304,473.814907,-0.000313,-0.000306,0.000076,0.927741,0.927741,0.927741
48300.000000,33.578439,-117.064306,504.367154,33.578342,-117.064304,473.859052,-0.000313,-0.000307,0.000077,0.927613,0.927613,0.927613
48315.000000,33.578438,-117.064306,504.487443,33.578342,-117.064304,473.903273,-0.000314,-0.000307,0.000078,0.927485,0.927485,0.927485
48330.000000,33.578436,-117.064307,504.259352,33.578342,-117.064304,473.946921,-0.000314,-0.000308,0.000079,0.927360,0.927360,0.927360
48345.000000,33.578435,-117.064308,504.490790,33.578342,-117.064304,473.990661,-0.000315,-0.000309,0.000080,0.927238,0.927238,0.927238
48360.000000,33.578433,-117.064309,504.307372,33.578342,-117.064304,474.033566,-0.000315,-0.000309,0.000081,0.927125,0.927125,0.927125
48375.000000,33.578435,-117.064309,504.484891,33.578342,-117.064304,474.076406,-0.000315,-0.000310,0.000082,0.927015,0.927015,0.927015
48390.000000,33.578433,-117.064311,504.729766,33.578342,-117.064304,474.119532,-0.000316,-0.000311,0.000083,0.926905,0.926905,0.926905
48405.000000,33.578430,-117.064310,504.815893,33.578342,-117.064304,474.162293,-0.000316,-0.000311,0.000084,0.926802,0.926802,0.926802
48420.000000,33.578429,-117.064311,504.832324,33.578342,-117.064304,474.204895,-0.000316,-0.000312,0.000085,0.926700,0.926700,0.926700
48435.000000,33.578430,-117.064309,504.942717,33.578342,-117.064304,474.247321,-0.000317,-0.000313,0.000086,0.926602,0.926602,0.926602
48450.000000,33.578428,-117.064310,504.885538,33.578343,-117.064304,474.289345,-0.000317,-0.000314,0.000087,0.926509,0.926509,0.926509
48465.000000,33.578427,-117.064310,505.241182,33.578343,-117.064304,474.331835,-0.000318,-0.000314,0.000088,0.926415,0.926415,0.926415
48480.000000,33.578424,-117.064308,504.846577,33.578343,-117.064304,474.373259,-0.000318,-0.000315,0.000089,0.926329,0.926329,0.926329
48495.000000,33.578423,-117.064312,504.726640,33.578343,-117.064304,474.414084,-0.000318,-0.000316,0.000089,0.926249,0.926249,0.926249
48510.000000,33.578422,-117.064312,504.717037,33.578343,-117.064304,474.454677,-0.000319,-0.000316,0.000090,0.926173,0.926173,0.926173
48525.000000,33.578422,-117.064311,505.215363,33.578343,-117.064304,474.495519,-0.000319,-0.000317,0.000091,0.926100,0.926100,0.926100
48540.000000,33.578421,-117.064308,505.587971,33.578343,-117.064304,474.536662,-0.000319,-0.000318,0.000092,0.926029,0.926029,0.926029
48555.000000,33.578419,-117.064310,505.422335,33.578343,-117.064304,474.577366,-0.000320,-0.000318,0.000093,0.925961,0.925961,0.925961
48570.000000,33.578417,-117.064311,505.700204,33.578343,-117.064304,474.618192,-0.000320,-0.000319,0.000094,0.925895,0.925895,0.925895
48585.000000,33.578416,-117.064312,505.344904,33.578343,-117.064304,474.658492,-0.000320,-0.000320,0.000095,0.925830,0.925830,0.925830
48600.000000,33.578417,-117.064314,505.325127,33.578343,-117.064304,474.698242,-0.000321,-0.000320,0.000096,0.925773,0.925773,0.925773
48615.000000,33.578415,-117.064312,505.646183,33.578343,-117.064304,474.738136,-0.000321,-0.000321,0.000096,0.925719,0.925719,0.925719
48630.000000,33.578413,-117.064314,505.283108,33.578343,-117.064304,474.777676,-0.000322,-0.000322,0.000097,0.925663,0.925663,0.925663
48645.000000,33.578410,-117.064312,505.156154,33.578343,-117.064304,474.817090,-0.000322,-0.000322,0.000098,0.925607,0.925607,0.925607
48660.000000,33.578407,-117.064311,504.922685,33.578343,-117.064304,474.855946,-0.000322,-0.000323,0.000099,0.925555,0.925555,0.925555
48675.000000,33.578407,-117.064314,505.204570,33.578343,-117.064305,474.894577,-0.000323,-0.000324,0.000100,0.925510,0.925510,0.925510
48690.000000,33.578404,-117.064314,505.078261,33.578344,-117.064305,474.933131,-0.000323,-0.000324,0.000100,0.925464,0.925464,0.925464
48705.000000,33.578402,-117.064315,504.970017,33.578344,-117.064305,474.971499,-0.000323,-0.000325,0.000101,0.925418,0.925418,0.925418
48720.000000,33.578405,-117.064314,505.588420,33.578344,-117.064305,475.009875,-0.000324,-0.000325,0.000102,0.925382,0.925382,0.925382
48735.000000,33.578404,-117.064314,505.563994,33.578344,-117.064305,475.048070,-0.000324,-0.000326,0.000103,0.925348,0.925348,0.925348
48750.000000,33.578403,-117.064315,505.357723,33.578344,-117.064305,475.086016,-0.000324,-0.000327,0.000103,0.925314,0.925314,0.925314
48765.000000,33.578404,-117.064314,505.602018,33.578344,-117.064305,475.123402,-0.000325,-0.000327,0.000104,0.925291,0.925291,0.925291
48780.000000,33.578400,-117.064316,505.475626,33.578344,-117.064305,475.160438,-0.000325,-0.000328,0.000105,0.925271,0.925271,0.925271
48795.000000,33.578398,-117.064315,505.592572,33.578344,-117.064305,475.197537,-0.000326,-0.000329,0.000106,0.925252,0.925252,0.925252
48810.000000,33.578397,-117.064316,505.811356,33.578344,-117.064305,475.234706,-0.000326,-0.000329,0.000106,0.925235,0.925235,0.925235
48825.000000,33.578397,-117.064317,506.061701,33.578344,-117.064305,475.271837,-0.000326,-0.000330,0.000107,0.925221,0.925221,0.925221
48840.000000,33.578395,-117.064316,505.823539,33.578344,-117.064305,475.308445,-0.000327,-0.000330,0.000108,0.925212,0.925212,0.925212
48855.000000,33.578395,-117.064317,505.614101,33.578344,-117.064305,475.344563,-0.000327,-0.000331,0.000108,0.925206,0.925206,0.925206
48870.000000,33.578393,-117.064315,505.871137,33.578344,-117.064305,475.380896,-0.000327,-0.000332,0.000109,0.925200,0.925200,0.925200
48885.000000,33.578390,-117.064316,505.860644,33.578344,-117.064305,475.417079,-0.000328,-0.000332,0.000110,0.925196,0.925196,0.925196
48900.000000,33.578389,-117.064316,505.636079,33.578344,-117.064305,475.452880,-0.000328,-0.000333,0.000110,0.925194,0.925194,0.925194
48915.000000,33.578387,-117.064316,505.659497,33.578344,-117.064305,475.488588,-0.000328,-0.000334,0.000111,0.925193,0.925193,0.925193
48930.000000,33.578387,-117.064317,505.744444,33.578344,-117.064305,475.524269,-0.000329,-0.000334,0.000112,0.925194,0.925194,0.925194
48945.000000,33.578386,-117.064318,505.601840,33.578344,-117.064305,475.559597,-0.000329,-0.000335,0.000112,0.925197,0.925197,0.925197
48960.000000,33.578384,-117.064318,505.799200,33.578344,-117.064305,475.595073,-0.000329,-0.000335,0.000113,0.925201,0.925201,0.925201
48975.000000,33.578384,-117.064317,505.599003,33.578344,-117.064305,475.629897,-0.000330,-0.000336,0.000114,0.925211,0.925211,0.925211
48990.000000,33.578383,-117.064318,505.413969,33.578344,-117.064305,475.664463,-0.000330,-0.000337,0.000114,0.925222,0.925222,0.925222
49005.000000,33.578381,-117.064316,505.443849,33.578344,-117.064305,475.698781,-0.000330,-0.000337,0.000115,0.925237,0.925237,0.925237
49020.000000,33.578378,-117.064318,505.578790,33.578344,-117.064305,475.733025,-0.000331,-0.000338,0.000115,0.925255,0.925255,0.925255
49035.000000,33.578378,-117.064320,505.376986,33.578344,-117.064305,475.766854,-0.000331,-0.000338,0.000116,0.925276,0.925276,0.925276
49050.000000,33.578375,-117.064320,505.469332,33.578344,-117.064305,475.800673,-0.000331,-0.000339,0.000116,0.925298,0.925298,0.925298
49065.000000,33.578374,-117.064320,505.067610,33.578344,-117.064305,475.833907,-0.000332,-0.000339,0.000117,0.925322,0.925322,0.925322
49080.000000,33.578372,-117.064320,505.242075,33.578344,-117.064305,475.867179,-0.000332,-0.000340,0.000118,0.925349,0.925349,0.925349
49095.000000,33.578370,-117.064319,505.248622,33.578344,-117.064305,475.900378,-0.000332,-0.000341,0.000118,0.925376,0.925376,0.925376
49110.000000,33.578370,-117.064320,505.236086,33.578344,-117.064306,475.933254,-0.000333,-0.000341,0.000119,0.925408,0.925408,0.925408
49125.000000,33.578367,-117.064320,504.881738,33.578344,-117.064306,475.965680,-0.000333,-0.000342,0.000119,0.925441,0.925441,0.925441
49140.000000,33.578367,-117.064321,504.863962,33.578344,-117.064306,475.997956,-0.000333,-0.000342,0.000120,0.925476,0.925476,0.925476
49155.000000,33.578366,-117.064321,504.802236,33.578344,-117.064306,476.030131,-0.000334,-0.000343,0.000120,0.925512,0.925512,0.925512
49170.000000,33.578361,-117.064321,504.693057,33.578344,-117.064306,476.062375,-0.000334,-0.000343,0.000121,0.925544,0.925544,0.925544
49185.000000,33.578363,-117.064319,505.049839,33.578344,-117.064306,476.094298,-0.000334,-0.000344,0.000121,0.925587,0.925587,0.925587
49200.000000,33.578360,-117.064323,504.713167,33.578344,-117.064306,476.125907,-0.000335,-0.000344,0.000122,0.925629,0.925629,0.925629
49215.000000,33.578358,-117.064322,504.251437,33.578344,-117.064306,476.157124,-0.000335,-0.000345,0.000122,0.925671,0.925671,0.925671
49230.000000,33.578358,-117.064324,504.541764,33.578344,-117.064306,476.188478,-0.000335,-0.000346,0.000123,0.925714,0.925714,0.925714
49245.000000,33.578357,-117.064324,504.712094,33.578344,-117.064306,476.219615,-0.000336,-0.000346,0.000123,0.925763,0.925763,0.925763
49260.000000,33.578355,-117.064323,504.412488,33.578344,-117.064306,476.250605,-0.000336,-0.000347,0.000123,0.925809,0.925809,0.925809
49275.000000,33.578353,-117.064322,504.158613,33.578344,-117.064306,476.281033,-0.000336,-0.000347,0.000124,0.925861,0.925861,0.925861
49290.000000,33.578353,-117.064324,504.239921,33.578344,-117.064306,476.311348,-0.000337,-0.000348,0.000124,0.925916,0.925916,0.925916
49305.000000,33.578351,-117.064325,504.251972,33.578344,-117.064306,476.341550,-0.000337,-0.000348,0.000125,0.925972,0.925972,0.925972
49320.000000,33.578346,-117.064326,504.117883,33.578344,-117.064306,476.371642,-0.000337,-0.000349,0.000125,0.926028,0.926028,0.926028
49335.000000,33.578346,-117.064326,504.210850,33.578344,-117.064306,476.401573,-0.000338,-0.000349,0.000126,0.926087,0.926087,0.926087
49350.000000,33.578345,-117.064325,503.862272,33.578344,-117.064306,476.431159,-0.000338,-0.000350,0.000126,0.926147,0.926147,0.926147
49365.000000,33.578346,-117.064327,503.554112,33.578344,-117.064306,476.460459,-0.000338,-0.000350,0.000126,0.926207,0.926207,0.926207
49380.000000,33.578344,-117.064325,503.935896,33.578344,-117.064306,476.489738,-0.000339,-0.000351,0.000127,0.926273,0.926273,0.926273
49395.000000,33.578341,-117.064326,503.519155,33.578344,-117.064306,476.518881,-0.000339,-0.000351,0.000127,0.926334,0.926334,0.926334
49410.000000,33.578342,-117.064327,503.458815,33.578344,-117.064306,476.547583,-0.000339,-0.000352,0.000128,0.926402,0.926402,0.926402
49425.000000,33.578341,-117.064328,503.234176,33.578344,-117.064306,476.575940,-0.000340,-0.000352,0.000128,0.926473,0.926473,0.926473
49440.000000,33.578337,-117.064328,503.045565,33.578344,-117.064306,476.604287,-0.000340,-0.000353,0.000128,0.926541,0.926541,0.926541
49455.000000,33.578336,-117.064328,503.299116,33.578344,-117.064306,476.632711,-0.000340,-0.000353,0.000129,0.926610,0.926610,0.926610
49470.000000,33.578334,-117.064327,502.908413,33.578344,-117.064306,476.660504,-0.000340,-0.000354,0.000129,0.926685,0.926685,0.926685
49485.000000,33.578333,-117.064327,502.689039,33.578344,-117.064306,476.687981,-0.000341,-0.000354,0.000129,0.926762,0.926762,0.926762
49500.000000,33.578331,-117.064327,502.427215,33.578344,-117.064306,476.715080,-0.000341,-0.000355,0.000130,0.926842,0.926842,0.926842
49515.000000,33.578327,-117.064328,502.599553,33.578344,-117.064307,476.742357,-0.000341,-0.000355,0.000130,0.926920,0.926920,0.926920
49530.000000,33.578326,-117.064329,502.741387,33.578344,-117.064307,476.769790,-0.000342,-0.000356,0.000130,0.926998,0.926998,0.926998
49545.000000,33.578325,-117.064329,502.371435,33.578344,-117.064307,476.796702,-0.000342,-0.000356,0.000131,0.927079,0.927079,0.927079
49560.000000,33.578324,-117.064330,502.533242,33.578344,-117.064307,476.823699,-0.000342,-0.000357,0.000131,0.927161,0.927161,0.927161
49575.000000,33.578323,-117.064331,502.125162,33.578344,-117.064307,476.850190,-0.000343,-0.000357,0.000131,0.927245,0.927245,0.927245
49590.000000,33.578322,-117.064332,501.920417,33.578344,-117.064307,476.876473,-0.000343,-0.000358,0.000132,0.927331,0.927331,0.927331
49605.000000,33.578321,-117.064333,501.750709,33.578343,-117.064307,476.902526,-0.000343,-0.000358,0.000132,0.927418,0.927418,0.927418
49620.000000,33.578319,-117.064333,501.753639,33.578343,-117.064307,476.928531,-0.000343,-0.000358,0.000132,0.927505,0.927505,0.927505
49635.000000,33.578318,-117.064334,501.252233,33.578343,-117.064307,476.954088,-0.000344,-0.000359,0.000132,0.927594,0.927594,0.927594
49650.000000,33.578316,-117.064332,501.252623,33.578343,-117.064307,476.979482,-0.000344,-0.000359,0.000133,0.927685,0.927685,0.927685
49665.000000,33.578314,-117.064334,500.856348,33.578343,-117.064307,477.004470,-0.000344,-0.000360,0.000133,0.927778,0.927778,0.927778
49680.000000,33.578313,-117.064334,500.729350,33.578343,-117.064307,477.029433,-0.000345,-0.000360,0.000133,0.927869,0.927869,0.927869
49695.000000,33.578310,-117.064332,500.710561,33.578343,-117.064307,477.054291,-0.000345,-0.000361,0.000133,0.927962,0.927962,0.927962
49710.000000,33.578311,-117.064334,500.227851,33.578343,-117.064307,477.078585,-0.000345,-0.000361,0.000134,0.928058,0.928058,0.928058
49725.000000,33.578309,-117.064336,499.724422,33.578343,-117.064307,477.102473,-0.000345,-0.000361,0.000134,0.928155,0.928155,0.928155
49740.000000,33.578306,-117.064337,499.206678,33.578343,-117.064307,477.125952,-0.000346,-0.000362,0.000134,0.928252,0.928252,0.928252
49755.000000,33.578304,-117.064338,499.475194,33.578343,-117.064307,477.149556,-0.000346,-0.000362,0.000134,0.928350,0.928350,0.928350
49770.000000,33.578305,-117.064338,499.675604,33.578343,-117.064307,477.173174,-0.000346,-0.000363,0.000134,0.928451,0.928451,0.928451
49785.000000,33.578301,-117.064336,498.966178,33.578343,-117.064307,477.196048,-0.000347,-0.000363,0.000135,0.928556,0.928556,0.928556
49800.000000,33.578299,-117.064337,498.780657,33.578343,-117.064307,477.218856,-0.000347,-0.000363,0.000135,0.928659,0.928659,0.928659
49815.000000,33.578297,-117.064338,498.564379,33.578343,-117.064307,477.241523,-0.000347,-0.000364,0.000135,0.928762,0.928762,0.928762
49830.000000,33.578296,-117.064340,498.609331,33.578343,-117.064307,477.264191,-0.000347,-0.000364,0.000135,0.928865,0.928865,0.928865
49845.000000,33.578294,-117.064338,497.952135,33.578343,-117.064307,477.286328,-0.000348,-0.000365,0.000135,0.928969,0.928969,0.928969
49860.000000,33.578293,-117.064340,498.001165,33.578343,-117.064308,477.308288,-0.000348,-0.000365,0.000135,0.929077,0.929077,0.929077
49875.000000,33.578292,-117.064341,498.457411,33.578343,-117.064308,477.330683,-0.000348,-0.000365,0.000136,0.929183,0.929183,0.929183
49890.000000,33.578292,-117.064342,498.454942,33.578343,-117.064308,477.353049,-0.000348,-0.000366,0.000136,0.929289,0.929289,0.929289
49905.000000,33.578289,-117.064342,497.705264,33.578343,-117.064308,477.374771,-0.000349,-0.000366,0.000136,0.929396,0.929396,0.929396
49920.000000,33.578288,-117.064341,497.169985,33.578342,-117.064308,477.396063,-0.000349,-0.000367,0.000136,0.929505,0.929505,0.929505
49935.000000,33.578288,-117.064342,497.212843,33.578342,-117.064308,477.417250,-0.000349,-0.000367,0.000136,0.929617,0.929617,0.929617
49950.000000,33.578286,-117.064345,497.032611,33.578342,-117.064308,477.438348,-0.000350,-0.000367,0.000136,0.929727,0.929727,0.929727
49965.000000,33.578283,-117.064345,496.442782,33.578342,-117.064308,477.458899,-0.000350,-0.000368,0.000136,0.929840,0.929840,0.929840
49980.000000,33.578283,-117.064344,496.683809,33.578342,-117.064308,477.479575,-0.000350,-0.000368,0.000137,0.929954,0.929954,0.929954
49995.000000,33.578283,-117.064345,496.362610,33.578342,-117.064308,477.499943,-0.000350,-0.000368,0.000137,0.930070,0.930070,0.930070
50010.000000,33.578280,-117.064346,496.100149,33.578342,-117.064308,477.520154,-0.000351,-0.000369,0.000137,0.930185,0.930185,0.930185
50025.000000,33.578279,-117.064346,495.714580,33.578342,-117.064308,477.540043,-0.000351,-0.000369,0.000137,0.930300,0.930300,0.930300
50040.000000,33.578278,-117.064348,495.508365,33.578342,-117.064308,477.559713,-0.000351,-0.000369,0.000137,0.930418,0.930418,0.930418
50055.000000,33.578277,-117.064350,495.372771,33.578342,-117.064308,477.579317,-0.000351,-0.000370,0.000137,0.930534,0.930534,0.930534
50070.000000,33.578276,-117.064350,495.204156,33.578342,-117.064308,477.598700,-0.000352,-0.000370,0.000137,0.930653,0.930653,0.930653
50085.000000,33.578274,-117.064351,495.001737,33.578342,-117.064308,477.617942,-0.000352,-0.000370,0.000137,0.930771,0.930771,0.930771
50100.000000,33.578272,-117.064350,494.468215,33.578342,-117.064308,477.636684,-0.000352,-0.000371,0.000137,0.930893,0.930893,0.930893
50115.000000,33.578272,-117.064348,494.029947,33.578342,-117.064308,477.655116,-0.000352,-0.000371,0.000137,0.931015,0.931015,0.931015
50130.000000,33.578270,-117.064349,493.868336,33.578342,-117.064308,477.673328,-0.000353,-0.000371,0.000137,0.931139,0.931139,0.931139
50145.000000,33.578269,-117.064351,493.513101,33.578341,-117.064308,477.691236,-0.000353,-0.000371,0.000137,0.931266,0.931266,0.931266
50160.000000,33.578268,-117.064350,493.406856,33.578341,-117.064309,477.709055,-0.000353,-0.000372,0.000137,0.931392,0.931392,0.931392
50175.000000,33.578267,-117.064353,493.236770,33.578341,-117.064309,477.726750,-0.000353,-0.000372,0.000137,0.931518,0.931518,0.931518
50190.000000,33.578263,-117.064352,492.782007,33.578341,-117.064309,477.744114,-0.000354,-0.000372,0.000137,0.931645,0.931645,0.931645
50205.000000,33.578263,-117.064353,492.386825,33.578341,-117.064309,477.761142,-0.000354,-0.000373,0.000137,0.931774,0.931774,0.931774
50220.000000,33.578263,-117.064355,491.954957,33.578341,-117.064309,477.777879,-0.000354,-0.000373,0.000138,0.931902,0.931902,0.931902
50235.000000,33.578260,-117.064355,491.875237,33.578341,-117.064309,477.794529,-0.000354,-0.000373,0.000138,0.932032,0.932032,0.932032
50250.000000,33.578258,-117.064356,491.513872,33.578341,-117.064309,477.810952,-0.000355,-0.000373,0.000138,0.932160,0.932160,0.932160
50265.000000,33.578257,-117.064357,491.241893,33.578341,-117.064309,477.827185,-0.000355,-0.000374,0.000137,0.932289,0.932289,0.932289
50280.000000,33.578257,-117.064357,490.830376,33.578341,-117.064309,477.843043,-0.000355,-0.000374,0.000137,0.932421,0.932421,0.932421
50295.000000,33.578256,-117.064358,490.790626,33.578341,-117.064309,477.858927,-0.000355,-0.000374,0.000137,0.932550,0.932550,0.932550
50310.000000,33.578255,-117.064356,490.214546,33.578341,-117.064309,477.874341,-0.000355,-0.000374,0.000137,0.932683,0.932683,0.932683
50325.000000,33.578251,-117.064358,490.301517,33.578341,-117.064309,477.889849,-0.000356,-0.000375,0.000137,0.932814,0.932814,0.932814
50340.000000,33.578249,-117.064359,489.928658,33.578340,-117.064309,477.905129,-0.000356,-0.000375,0.000137,0.932944,0.932944,0.932944
50355.000000,33.578248,-117.064359,489.836242,33.578340,-117.064309,477.920312,-0.000356,-0.000375,0.000137,0.933074,0.933074,0.933074
50370.000000,33.578247,-117.064359,489.361163,33.578340,-117.064309,477.935101,-0.000356,-0.000375,0.000137,0.933208,0.933208,0.933208
50385.000000,33.578249,-117.064360,489.055771,33.578340,-117.064309,477.949676,-0.000357,-0.000376,0.000137,0.933342,0.933342,0.933342
50400.000000,33.578241,-117.064358,488.780816,33.578340,-117.064309,477.963950,-0.000357,-0.000376,0.000137,0.933481,0.933481,0.933481
50415.000000,33.578239,-117.064359,488.394310,33.578340,-117.064309,477.977996,-0.000357,-0.000376,0.000137,0.933619,0.933619,0.933619
50430.000000,33.578237,-117.064361,488.317486,33.578340,-117.064310,477.991958,-0.000357,-0.000376,0.000137,0.933758,0.933758,0.933758
50445.000000,33.578237,-117.064362,488.056646,33.578340,-117.064310,478.005734,-0.000358,-0.000377,0.000137,0.933897,0.933897,0.933897
50460.000000,33.578236,-117.064363,487.451307,33.578340,-117.064310,478.019097,-0.000358,-0.000377,0.000137,0.934037,0.934037,0.934037
50475.000000,33.578234,-117.064363,487.054577,33.578340,-117.064310,478.032210,-0.000358,-0.000377,0.000137,0.934177,0.934177,0.934177
50490.000000,33.578234,-117.064364,486.862707,33.578340,-117.064310,478.045215,-0.000358,-0.000377,0.000137,0.934316,0.934316,0.934316
50505.000000,33.578234,-117.064365,486.404914,33.578340,-117.064310,478.057883,-0.000358,-0.000377,0.000137,0.934457,0.934457,0.934457
50520.000000,33.578232,-117.064367,485.396368,33.578339,-117.064310,478.069893,-0.000359,-0.000377,0.000136,0.934598,0.934598,0.934598
50535.000000,33.578230,-117.064366,485.487679,33.578339,-117.064310,478.081954,-0.000359,-0.000378,0.000136,0.934739,0.934739,0.934739
50550.000000,33.578226,-117.064367,484.916530,33.578339,-117.064310,478.093634,-0.000359,-0.000378,0.000136,0.934881,0.934881,0.934881
50565.000000,33.578229,-117.064367,484.583966,33.578339,-117.064310,478.105097,-0.000359,-0.000378,0.000136,0.935024,0.935024,0.935024
50580.000000,33.578228,-117.064369,484.103632,33.578339,-117.064310,478.116224,-0.000359,-0.000378,0.000136,0.935168,0.935168,0.935168
50595.000000,33.578227,-117.064369,483.645821,33.578339,-117.064310,478.127058,-0.000360,-0.000378,0.000136,0.935312,0.935312,0.935312
50610.000000,33.578228,-117.064370,482.790045,33.578339,-117.064310,478.137333,-0.000360,-0.000378,0.000136,0.935458,0.935458,0.935458
50625.000000,33.578223,-117.064371,483.058621,33.578339,-117.064310,478.147789,-0.000360,-0.000379,0.000136,0.935602,0.935602,0.935602
50640.000000,33.578221,-117.064372,482.994667,33.578339,-117.064310,478.158195,-0.000360,-0.000379,0.000135,0.935747,0.935747,0.935747
50655.000000,33.578220,-117.064374,482.506497,33.578339,-117.064310,478.168279,-0.000360,-0.000379,0.000135,0.935892,0.935892,0.935892
50670.000000,33.578221,-117.064374,481.400328,33.578339,-117.064310,478.177662,-0.000361,-0.000379,0.000135,0.936039,0.936039,0.936039
50685.000000,33.578221,-117.064374,481.047461,33.578338,-117.064311,478.186817,-0.000361,-0.000379,0.000135,0.936186,0.936186,0.936186
50700.000000,33.578218,-117.064376,481.263193,33.578338,-117.064311,478.196100,-0.000361,-0.000379,0.000135,0.936334,0.936334,0.936334
50715.000000,33.578216,-117.064379,480.721021,33.578338,-117.064311,478.205047,-0.000361,-0.000379,0.000134,0.936480,0.936480,0.936480
50730.000000,33.578216,-117.064378,480.285197,33.578338,-117.064311,478.213720,-0.000361,-0.000379,0.000134,0.936627,0.936627,0.936627
50745.000000,33.578217,-117.064378,479.331793,33.578338,-117.064311,478.221790,-0.000361,-0.000380,0.000134,0.936777,0.936777,0.936777
50760.000000,33.578217,-117.064380,479.303544,33.578338,-117.064311,478.229842,-0.000362,-0.000380,0.000134,0.936924,0.936924,0.936924
50775.000000,33.578215,-117.064380,478.283138,33.578338,-117.064311,478.237262,-0.000362,-0.000380,0.000134,0.937073,0.937073,0.937073
50790.000000,33.578212,-117.064381,478.432403,33.578338,-117.064311,478.244768,-0.000362,-0.000380,0.000133,0.937222,0.937222,0.937222
50805.000000,33.578213,-117.064382,478.249524,33.578338,-117.064311,478.252158,-0.000362,-0.000380,0.000133,0.937369,0.937369,0.937369
50820.000000,33.578213,-117.064385,478.018410,33.578338,-117.064311,478.259401,-0.000362,-0.000380,0.000133,0.937515,0.937515,0.937515
50835.000000,33.578210,-117.064385,477.667923,33.578337,-117.064311,478.266422,-0.000363,-0.000380,0.000133,0.937661,0.937661,0.937661
50850.000000,33.578286,-117.064456,507.409490,33.578337,-117.064311,478.291416,-0.000363,-0.000380,0.000133,0.937814,0.937814,0.937814
50865.000000,33.578285,-117.064456,507.092377,33.578337,-117.064311,478.316174,-0.000363,-0.000381,0.000133,0.937966,0.937966,0.937966
50880.000000,33.578283,-117.064458,506.752662,33.578337,-117.064312,478.340756,-0.000364,-0.000381,0.000133,0.938119,0.938119,0.938119
50895.000000,33.578281,-117.064458,506.784942,33.578337,-117.064312,478.365303,-0.000364,-0.000381,0.000134,0.938272,0.938272,0.938272
50910.000000,33.578281,-117.064458,506.067180,33.578337,-117.064312,478.389341,-0.000365,-0.000382,0.000134,0.938426,0.938426,0.938426
50925.000000,33.578280,-117.064458,505.908167,33.578337,-117.064312,478.413186,-0.000365,-0.000382,0.000134,0.938581,0.938581,0.938581
50940.000000,33.578280,-117.064458,504.452853,33.578337,-117.064312,478.435998,-0.000366,-0.000382,0.000134,0.938739,0.938739,0.938739
50955.000000,33.578276,-117.064460,504.977204,33.578337,-117.064312,478.459225,-0.000366,-0.000383,0.000134,0.938895,0.938895,0.938895
50970.000000,33.578275,-117.064461,504.384373,33.578337,-117.064312,478.482096,-0.000367,-0.000383,0.000134,0.939051,0.939051,0.939051
50985.000000,33.578276,-117.064459,503.707428,33.578337,-117.064312,478.504388,-0.000367,-0.000383,0.000135,0.939210,0.939210,0.939210
51000.000000,33.578274,-117.064461,503.529807,33.578337,-117.064312,478.526520,-0.000367,-0.000383,0.000135,0.939370,0.939370,0.939370
51015.000000,33.578273,-117.064461,502.542650,33.578337,-117.064313,478.548053,-0.000368,-0.000384,0.000135,0.939530,0.939530,0.939530
51030.000000,33.578272,-117.064460,501.785925,33.578337,-117.064313,478.569021,-0.000368,-0.000384,0.000135,0.939692,0.939692,0.939692
51045.000000,33.578270,-117.064461,501.714307,33.578337,-117.064313,478.589932,-0.000369,-0.000384,0.000135,0.939854,0.939854,0.939854
51060.000000,33.578268,-117.064462,501.569536,33.578337,-117.064313,478.610855,-0.000369,-0.000384,0.000135,0.940014,0.940014,0.940014
51075.000000,33.578268,-117.064461,500.484869,33.578336,-117.064313,478.631085,-0.000369,-0.000385,0.000135,0.940175,0.940175,0.940175
51090.000000,33.578267,-117.064462,499.916498,33.578336,-117.064313,478.650915,-0.000370,-0.000385,0.000135,0.940338,0.940338,0.940338
51105.000000,33.578264,-117.064464,499.546193,33.578336,-117.064313,478.670507,-0.000370,-0.000385,0.000135,0.940501,0.940501,0.940501
51120.000000,33.578263,-117.064464,499.384459,33.578336,-117.064313,478.689962,-0.000371,-0.000385,0.000136,0.940664,0.940664,0.940664
51135.000000,33.578264,-117.064463,498.573291,33.578336,-117.064313,478.708916,-0.000371,-0.000386,0.000136,0.940828,0.940828,0.940828
51150.000000,33.578263,-117.064464,498.191754,33.578336,-117.064314,478.727630,-0.000371,-0.000386,0.000136,0.940992,0.940992,0.940992
51165.000000,33.578262,-117.064465,498.127550,33.578336,-117.064314,478.746269,-0.000372,-0.000386,0.000136,0.941157,0.941157,0.941157
51180.000000,33.578262,-117.064463,496.705410,33.578336,-117.064314,478.763972,-0.000372,-0.000386,0.000136,0.941325,0.941325,0.941325
51195.000000,33.578260,-117.064465,496.863563,33.578336,-117.064314,478.781739,-0.000373,-0.000386,0.000136,0.941493,0.941493,0.941493
51210.000000,33.578258,-117.064465,496.364480,33.578336,-117.064314,478.799211,-0.000373,-0.000387,0.000136,0.941662,0.941662,0.941662
51225.000000,33.578259,-117.064466,495.477411,33.578336,-117.064314,478.816179,-0.000373,-0.000387,0.000136,0.941830,0.941830,0.941830
51240.000000,33.578256,-117.064468,495.650052,33.578336,-117.064314,478.833290,-0.000374,-0.000387,0.000136,0.941997,0.941997,0.941997
51255.000000,33.578252,-117.064469,495.803559,33.578336,-117.064314,478.850556,-0.000374,-0.000387,0.000136,0.942161,0.942161,0.942161
51270.000000,33.578256,-117.064467,493.875187,33.578336,-117.064314,478.866550,-0.000374,-0.000387,0.000136,0.942331,0.942331,0.942331
51285.000000,33.578254,-117.064467,493.242340,33.578336,-117.064315,478.882167,-0.000375,-0.000388,0.000136,0.942501,0.942501,0.942501
51300.000000,33.578253,-117.064466,492.937624,33.578335,-117.064315,478.897594,-0.000375,-0.000388,0.000136,0.942672,0.942672,0.942672
51315.000000,33.578252,-117.064468,492.199187,33.578335,-117.064315,478.912579,-0.000375,-0.000388,0.000136,0.942843,0.942843,0.942843
51330.000000,33.578249,-117.064470,491.893453,33.578335,-117.064315,478.927442,-0.000376,-0.000388,0.000136,0.943012,0.943012,0.943012
51345.000000,33.578248,-117.064471,491.460782,33.578335,-117.064315,478.942031,-0.000376,-0.000388,0.000136,0.943182,0.943182,0.943182
51360.000000,33.578251,-117.064469,489.357251,33.578335,-117.064315,478.955352,-0.000376,-0.000388,0.000136,0.943356,0.943356,0.943356
51375.000000,33.578250,-117.064468,488.992012,33.578335,-117.064315,478.968485,-0.000377,-0.000388,0.000136,0.943529,0.943529,0.943529
51390.000000,33.578248,-117.064471,489.186759,33.578335,-117.064315,478.981732,-0.000377,-0.000388,0.000136,0.943701,0.943701,0.943701
51405.000000,33.578248,-117.064471,488.003501,33.578335,-117.064315,478.994280,-0.000377,-0.000388,0.000136,0.943875,0.943875,0.943875
51420.000000,33.578246,-117.064474,487.973064,33.578335,-117.064316,479.006857,-0.000378,-0.000389,0.000136,0.944047,0.944047,0.944047
51435.000000,33.578245,-117.064474,487.539020,33.578335,-117.064316,479.019164,-0.000378,-0.000389,0.000136,0.944219,0.944219,0.944219
51450.000000,33.578244,-117.064473,486.727642,33.578335,-117.064316,479.031004,-0.000378,-0.000389,0.000136,0.944393,0.944393,0.944393
51465.000000,33.578243,-117.064474,486.112101,33.578335,-117.064316,479.042507,-0.000379,-0.000389,0.000136,0.944566,0.944566,0.944566
51480.000000,33.578244,-117.064475,484.949625,33.578335,-117.064316,479.053343,-0.000379,-0.000389,0.000136,0.944740,0.944740,0.944740
51495.000000,33.578241,-117.064478,485.117678,33.578335,-117.064316,479.064292,-0.000379,-0.000389,0.000135,0.944913,0.944913,0.944913
51510.000000,33.578241,-117.064476,484.171565,33.578334,-117.064316,479.074704,-0.000380,-0.000389,0.000135,0.945086,0.945086,0.945086
51525.000000,33.578240,-117.064476,483.445421,33.578334,-117.064316,479.084700,-0.000380,-0.000389,0.000135,0.945261,0.945261,0.945261
51540.000000,33.578241,-117.064476,482.488470,33.578334,-117.064316,479.094166,-0.000380,-0.000389,0.000135,0.945436,0.945436,0.945436
51555.000000,33.578355,-117.064508,513.489819,33.578334,-117.064317,479.121255,-0.000381,-0.000389,0.000135,0.945601,0.945601,0.945601
51570.000000,33.578353,-117.064507,513.873257,33.578334,-117.064317,479.148523,-0.000381,-0.000389,0.000136,0.945766,0.945766,0.945766
51585.000000,33.578356,-117.064508,512.743486,33.578334,-117.064317,479.174953,-0.000382,-0.000390,0.000136,0.945935,0.945935,0.945935
51600.000000,33.578355,-117.064510,512.254116,33.578334,-117.064317,479.201084,-0.000382,-0.000390,0.000137,0.946103,0.946103,0.946103
51615.000000,33.578357,-117.064511,511.476817,33.578334,-117.064317,479.226747,-0.000383,-0.000390,0.000137,0.946272,0.946272,0.946272
51630.000000,33.578358,-117.064513,510.858319,33.578334,-117.064317,479.251916,-0.000383,-0.000390,0.000137,0.946442,0.946442,0.946442
51645.000000,33.578359,-117.064512,510.181628,33.578334,-117.064317,479.276485,-0.000384,-0.000391,0.000138,0.946616,0.946616,0.946616
51660.000000,33.578357,-117.064516,510.082968,33.578334,-117.064318,479.301146,-0.000384,-0.000391,0.000138,0.946788,0.946788,0.946788
51675.000000,33.578359,-117.064516,509.399875,33.578334,-117.064318,479.325352,-0.000384,-0.000391,0.000138,0.946960,0.946960,0.946960
51690.000000,33.578359,-117.064518,508.941294,33.578334,-117.064318,479.349270,-0.000385,-0.000391,0.000138,0.947133,0.947133,0.947133
51705.000000,33.578361,-117.064519,507.721355,33.578334,-117.064318,479.372419,-0.000385,-0.000392,0.000139,0.947308,0.947308,0.947308
51720.000000,33.578360,-117.064520,507.738374,33.578334,-117.064318,479.395551,-0.000386,-0.000392,0.000139,0.947482,0.947482,0.947482
51735.000000,33.578361,-117.064523,507.147798,33.578334,-117.064318,479.418274,-0.000386,-0.000392,0.000139,0.947658,0.947658,0.947658
51750.000000,33.578362,-117.064523,506.131223,33.578334,-117.064318,479.440384,-0.000387,-0.000392,0.000140,0.947835,0.947835,0.947835
51765.000000,33.578362,-117.064525,505.823602,33.578334,-117.064319,479.462300,-0.000387,-0.000392,0.000140,0.948012,0.948012,0.948012
51780.000000,33.578365,-117.064526,505.284503,33.578334,-117.064319,479.483838,-0.000387,-0.000392,0.000140,0.948191,0.948191,0.948191
51795.000000,33.578366,-117.064527,504.352329,33.578334,-117.064319,479.504791,-0.000388,-0.000392,0.000140,0.948371,0.948371,0.948371
51810.000000,33.578364,-117.064528,503.879993,33.578334,-117.064319,479.525465,-0.000388,-0.000393,0.000141,0.948552,0.948552,0.948552
51825.000000,33.578365,-117.064531,503.855894,33.578334,-117.064319,479.546133,-0.000389,-0.000393,0.000141,0.948732,0.948732,0.948732
51840.000000,33.578362,-117.064531,502.678943,33.578334,-117.064319,479.566191,-0.000389,-0.000393,0.000141,0.948911,0.948911,0.948911
51855.000000,33.578364,-117.064532,501.754775,33.578334,-117.064319,479.585678,-0.000390,-0.000393,0.000141,0.949092,0.949092,0.949092
51870.000000,33.578367,-117.064533,500.898099,33.578334,-117.064319,479.604608,-0.000390,-0.000393,0.000142,0.949275,0.949275,0.949275
51885.000000,33.578366,-117.064535,500.633978,33.578334,-117.064320,479.623370,-0.000390,-0.000393,0.000142,0.949459,0.949459,0.949459
51900.000000,33.578366,-117.064537,500.283184,33.578334,-117.064320,479.641947,-0.000391,-0.000393,0.000142,0.949642,0.949642,0.949642
51915.000000,33.578368,-117.064538,500.057663,33.578334,-117.064320,479.660347,-0.000391,-0.000393,0.000142,0.949827,0.949827,0.949827
51930.000000,33.578368,-117.064540,499.650383,33.578334,-117.064320,479.678521,-0.000392,-0.000393,0.000143,0.950012,0.950012,0.950012
51945.000000,33.578373,-117.064540,497.569696,33.578334,-117.064320,479.695524,-0.000392,-0.000393,0.000143,0.950199,0.950199,0.950199
51960.000000,33.578371,-117.064543,497.523352,33.578334,-117.064320,479.712553,-0.000392,-0.000393,0.000143,0.950384,0.950384,0.950384
51975.000000,33.578373,-117.064543,496.646418,33.578334,-117.064320,479.729056,-0.000393,-0.000393,0.000143,0.950571,0.950571,0.950571
51990.000000,33.578371,-117.064545,496.675387,33.578334,-117.064321,479.745624,-0.000393,-0.000393,0.000143,0.950757,0.950757,0.950757
52005.000000,33.578373,-117.064547,495.051576,33.578334,-117.064321,479.761282,-0.000393,-0.000393,0.000144,0.950944,0.950944,0.950944
52020.000000,33.578373,-117.064549,494.886057,33.578334,-117.064321,479.776792,-0.000394,-0.000393,0.000144,0.951133,0.951133,0.951133
52035.000000,33.578376,-117.064548,493.217796,33.578334,-117.064321,479.791458,-0.000394,-0.000393,0.000144,0.951322,0.951322,0.951322
52050.000000,33.578376,-117.064550,492.665610,33.578334,-117.064321,479.805798,-0.000394,-0.000393,0.000144,0.951512,0.951512,0.951512
52065.000000,33.578376,-117.064553,491.893445,33.578334,-117.064321,479.819747,-0.000395,-0.000393,0.000144,0.951702,0.951702,0.951702
52080.000000,33.578379,-117.064552,491.112141,33.578334,-117.064321,479.833253,-0.000395,-0.000393,0.000144,0.951893,0.951893,0.951893
52095.000000,33.578379,-117.064556,490.681482,33.578334,-117.064322,479.846523,-0.000395,-0.000393,0.000145,0.952085,0.952085,0.952085
52110.000000,33.578381,-117.064557,489.527529,33.578334,-117.064322,479.859197,-0.000396,-0.000393,0.000145,0.952277,0.952277,0.952277
52125.000000,33.578382,-117.064560,488.711922,33.578334,-117.064322,479.871463,-0.000396,-0.000393,0.000145,0.952469,0.952469,0.952469
52140.000000,33.578381,-117.064562,488.149142,33.578334,-117.064322,479.883421,-0.000396,-0.000393,0.000145,0.952663,0.952663,0.952663
52155.000000,33.578382,-117.064564,487.927998,33.578334,-117.064322,479.895276,-0.000397,-0.000393,0.000145,0.952855,0.952855,0.952855
52170.000000,33.578384,-117.064564,486.343753,33.578334,-117.064322,479.906311,-0.000397,-0.000393,0.000145,0.953049,0.953049,0.953049
52185.000000,33.578384,-117.064566,485.662395,33.578334,-117.064323,479.917010,-0.000397,-0.000392,0.000145,0.953242,0.953242,0.953242
52200.000000,33.578387,-117.064566,484.009712,33.578334,-117.064323,479.926873,-0.000398,-0.000392,0.000146,0.953437,0.953437,0.953437
52215.000000,33.578387,-117.064570,483.748001,33.578334,-117.064323,479.936596,-0.000398,-0.000392,0.000146,0.953631,0.953631,0.953631
52230.000000,33.578387,-117.064569,482.587877,33.578334,-117.064323,479.945735,-0.000398,-0.000392,0.000146,0.953827,0.953827,0.953827
52245.000000,33.578389,-117.064572,481.814473,33.578334,-117.064323,479.954486,-0.000399,-0.000392,0.000146,0.954023,0.954023,0.954023
52260.000000,33.578394,-117.064574,479.561504,33.578334,-117.064323,479.962127,-0.000399,-0.000392,0.000146,0.954221,0.954221,0.954221
52275.000000,33.578391,-117.064576,479.573381,33.578334,-117.064323,479.969769,-0.000399,-0.000391,0.000146,0.954418,0.954418,0.954418
52290.000000,33.578393,-117.064578,478.698126,33.578334,-117.064324,479.976978,-0.000399,-0.000391,0.000146,0.954615,0.954615,0.954615
52305.000000,33.578390,-117.064579,478.612652,33.578334,-117.064324,479.984139,-0.000400,-0.000391,0.000146,0.954811,0.954811,0.954811
52320.000000,33.578396,-117.064582,476.536388,33.578334,-117.064324,479.990279,-0.000400,-0.000391,0.000146,0.955007,0.955007,0.955007
52335.000000,33.578395,-117.064584,476.570221,33.578334,-117.064324,479.996435,-0.000400,-0.000390,0.000146,0.955204,0.955204,0.955204
52350.000000,33.578397,-117.064584,475.164827,33.578334,-117.064324,480.001906,-0.000401,-0.000390,0.000146,0.955401,0.955401,0.955401
52365.000000,33.578397,-117.064587,474.262592,33.578334,-117.064324,480.006928,-0.000401,-0.000390,0.000146,0.955598,0.955598,0.955598
52380.000000,33.578397,-117.064589,473.757997,33.578334,-117.064325,480.011707,-0.000401,-0.000390,0.000146,0.955795,0.955795,0.955795
52395.000000,33.578398,-117.064589,472.905652,33.578334,-117.064325,480.016051,-0.000401,-0.000389,0.000146,0.955991,0.955991,0.955991
52410.000000,33.578403,-117.064590,470.814532,33.578334,-117.064325,480.019434,-0.000402,-0.000389,0.000146,0.956191,0.956191,0.956191
52425.000000,33.578401,-117.064593,470.033279,33.578334,-117.064325,480.022395,-0.000402,-0.000389,0.000146,0.956388,0.956388,0.956388
52440.000000,33.578401,-117.064595,469.673996,33.578334,-117.064325,480.025179,-0.000402,-0.000388,0.000146,0.956586,0.956586,0.956586
52455.000000,33.578401,-117.064598,468.897886,33.578334,-117.064325,480.027611,-0.000402,-0.000388,0.000146,0.956784,0.956784,0.956784
52470.000000,33.578402,-117.064600,468.541780,33.578334,-117.064325,480.029816,-0.000403,-0.000388,0.000146,0.956981,0.956981,0.956981
52485.000000,33.578404,-117.064603,467.585737,33.578334,-117.064326,480.031572,-0.000403,-0.000387,0.000146,0.957178,0.957178,0.957178
52500.000000,33.578403,-117.064605,466.883987,33.578334,-117.064326,480.032963,-0.000403,-0.000387,0.000146,0.957374,0.957374,0.957374
52515.000000,33.578406,-117.064606,465.137271,33.578334,-117.064326,480.033544,-0.000403,-0.000387,0.000146,0.957572,0.957572,0.957572
52530.000000,33.578407,-117.064607,464.558257,33.578334,-117.064326,480.033856,-0.000403,-0.000386,0.000146,0.957770,0.957770,0.957770
52545.000000,33.578409,-117.064608,463.030643,33.578334,-117.064326,480.033401,-0.000404,-0.000386,0.000146,0.957968,0.957968,0.957968
52560.000000,33.578409,-117.064610,462.705783,33.578334,-117.064326,480.032783,-0.000404,-0.000385,0.000146,0.958165,0.958165,0.958165
52575.000000,33.578409,-117.064613,462.363862,33.578334,-117.064327,480.031987,-0.000404,-0.000385,0.000146,0.958362,0.958362,0.958362
52590.000000,33.578411,-117.064612,460.901695,33.578334,-117.064327,480.030472,-0.000404,-0.000384,0.000146,0.958559,0.958559,0.958559
52605.000000,33.578415,-117.064615,458.967723,33.578334,-117.064327,480.028111,-0.000404,-0.000384,0.000146,0.958758,0.958758,0.958758
52620.000000,33.578418,-117.064618,457.362098,33.578334,-117.064327,480.024966,-0.000405,-0.000383,0.000146,0.958956,0.958956,0.958956
52635.000000,33.578414,-117.064621,457.877123,33.578334,-117.064327,480.022026,-0.000405,-0.000383,0.000146,0.959154,0.959154,0.959154
52650.000000,33.578417,-117.064622,456.612829,33.578334,-117.064327,480.018468,-0.000405,-0.000383,0.000146,0.959351,0.959351,0.959351
52665.000000,33.578416,-117.064624,456.650884,33.578334,-117.064328,480.014884,-0.000405,-0.000382,0.000146,0.959548,0.959548,0.959548
52680.000000,33.578419,-117.064626,454.329817,33.578334,-117.064328,480.010251,-0.000405,-0.000381,0.000146,0.959746,0.959746,0.959746
52695.000000,33.578423,-117.064626,452.422842,33.578334,-117.064328,480.004682,-0.000406,-0.000381,0.000146,0.959944,0.959944,0.959944
52710.000000,33.578425,-117.064629,450.909453,33.578334,-117.064328,479.998386,-0.000406,-0.000380,0.000146,0.960142,0.960142,0.960142
52725.000000,33.578423,-117.064632,451.193894,33.578334,-117.064328,479.992178,-0.000406,-0.000380,0.000145,0.960339,0.960339,0.960339
52740.000000,33.578419,-117.064636,452.151674,33.578334,-117.064329,479.986318,-0.000406,-0.000379,0.000145,0.960533,0.960533,0.960533
52755.000000,33.578424,-117.064638,449.954251,33.578335,-117.064329,479.979533,-0.000406,-0.000379,0.000145,0.960731,0.960731,0.960731
52770.000000,33.578426,-117.064639,448.900092,33.578335,-117.064329,479.972122,-0.000406,-0.000378,0.000145,0.960926,0.960926,0.960926
52785.000000,33.578428,-117.064639,447.065604,33.578335,-117.064329,479.963801,-0.000407,-0.000377,0.000145,0.961121,0.961121,0.961121
52800.000000,33.578428,-117.064643,446.225955,33.578335,-117.064329,479.955146,-0.000407,-0.000377,0.000145,0.961317,0.961317,0.961317
52815.000000,33.578430,-117.064644,445.095552,33.578335,-117.064329,479.945910,-0.000407,-0.000376,0.000145,0.961513,0.961513,0.961513
52830.000000,33.578431,-117.064645,443.808812,33.578335,-117.064330,479.936104,-0.000407,-0.000376,0.000144,0.961709,0.961709,0.961709
52845.000000,33.578430,-117.064647,443.966357,33.578335,-117.064330,479.926205,-0.000407,-0.000375,0.000144,0.961903,0.961903,0.961903
52860.000000,33.578429,-117.064650,443.714078,33.578335,-117.064330,479.916183,-0.000407,-0.000374,0.000144,0.962097,0.962097,0.962097
52875.000000,33.578433,-117.064652,442.191238,33.578335,-117.064330,479.905382,-0.000407,-0.000374,0.000144,0.962290,0.962290,0.962290
52890.000000,33.578437,-117.064652,439.728818,33.578335,-117.064330,479.893371,-0.000408,-0.000373,0.000144,0.962484,0.962484,0.962484
52905.000000,33.578437,-117.064655,438.626789,33.578335,-117.064331,479.880704,-0.000408,-0.000372,0.000144,0.962675,0.962675,0.962675
52920.000000,33.578438,-117.064655,438.172337,33.578335,-117.064331,479.867700,-0.000408,-0.000371,0.000143,0.962866,0.962866,0.962866
52935.000000,33.578436,-117.064659,437.979632,33.578335,-117.064331,479.854547,-0.000408,-0.000371,0.000143,0.963056,0.963056,0.963056
52950.000000,33.578439,-117.064658,436.384343,33.578335,-117.064331,479.840558,-0.000408,-0.000370,0.000143,0.963245,0.963245,0.963245
52965.000000,33.578438,-117.064662,436.124575,33.578335,-117.064331,479.826424,-0.000408,-0.000369,0.000143,0.963434,0.963434,0.963434
52980.000000,33.578438,-117.064664,436.140025,33.578335,-117.064332,479.812088,-0.000408,-0.000368,0.000143,0.963621,0.963621,0.963621
52995.000000,33.578443,-117.064666,433.269021,33.578335,-117.064332,479.796478,-0.000408,-0.000367,0.000142,0.963809,0.963809,0.963809
53010.000000,33.578449,-117.064667,430.875769,33.578335,-117.064332,479.779730,-0.000409,-0.000367,0.000142,0.963998,0.963998,0.963998
53025.000000,33.578446,-117.064669,431.263167,33.578335,-117.064332,479.763185,-0.000409,-0.000366,0.000142,0.964187,0.964187,0.964187
53040.000000,33.578442,-117.064673,431.921231,33.578335,-117.064332,479.746742,-0.000409,-0.000365,0.000142,0.964373,0.964373,0.964373
53055.000000,33.578446,-117.064675,430.162974,33.578335,-117.064333,479.729402,-0.000409,-0.000364,0.000141,0.964560,0.964560,0.964560
53070.000000,33.578292,-117.064726,490.723536,33.578335,-117.064333,479.741742,-0.000409,-0.000364,0.000141,0.964778,0.964778,0.964778
53085.000000,33.578296,-117.064729,488.716857,33.578335,-117.064333,479.753229,-0.000410,-0.000364,0.000141,0.964994,0.964994,0.964994
53100.000000,33.578304,-117.064727,485.164361,33.578335,-117.064333,479.763150,-0.000410,-0.000364,0.000141,0.965211,0.965211,0.965211
53115.000000,33.578308,-117.064728,483.710814,33.578335,-117.064333,479.772440,-0.000411,-0.000364,0.000141,0.965427,0.965427,0.965427
53130.000000,33.578311,-117.064730,481.729414,33.578335,-117.064334,479.780847,-0.000411,-0.000363,0.000141,0.965644,0.965644,0.965644
53145.000000,33.578317,-117.064730,479.675909,33.578335,-117.064334,479.788353,-0.000412,-0.000363,0.000141,0.965859,0.965859,0.965859
53160.000000,33.578321,-117.064732,477.675759,33.578335,-117.064334,479.794980,-0.000412,-0.000363,0.000141,0.966075,0.966075,0.966075
53175.000000,33.578327,-117.064731,475.050267,33.578335,-117.064334,479.800447,-0.000412,-0.000363,0.000141,0.966291,0.966291,0.966291
53190.000000,33.578330,-117.064731,472.891651,33.578335,-117.064334,479.804978,-0.000413,-0.000363,0.000141,0.966508,0.966508,0.966508
53205.000000,33.578336,-117.064731,470.500016,33.578335,-117.064335,479.808448,-0.000413,-0.000362,0.000141,0.966725,0.966725,0.966725
53220.000000,33.578339,-117.064734,468.611148,33.578335,-117.064335,479.811099,-0.000414,-0.000362,0.000141,0.966941,0.966941,0.966941
53235.000000,33.578343,-117.064735,466.492466,33.578335,-117.064335,479.812824,-0.000414,-0.000362,0.000141,0.967158,0.967158,0.967158
53250.000000,33.578347,-117.064735,464.112686,33.578335,-117.064335,479.813466,-0.000414,-0.000361,0.000141,0.967373,0.967373,0.967373
53265.000000,33.578353,-117.064736,461.864187,33.578335,-117.064335,479.813116,-0.000415,-0.000361,0.000141,0.967589,0.967589,0.967589
53280.000000,33.578356,-117.064737,460.085553,33.578335,-117.064336,479.811990,-0.000415,-0.000360,0.000141,0.967804,0.967804,0.967804
53295.000000,33.578359,-117.064738,458.291043,33.578335,-117.064336,479.810085,-0.000415,-0.000360,0.000141,0.968020,0.968020,0.968020
53310.000000,33.578365,-117.064737,456.242128,33.578335,-117.064336,479.807259,-0.000416,-0.000359,0.000140,0.968235,0.968235,0.968235
53325.000000,33.578368,-117.064739,453.785816,33.578335,-117.064336,479.803387,-0.000416,-0.000359,0.000140,0.968451,0.968451,0.968451
53340.000000,33.578373,-117.064738,451.465645,33.578335,-117.064337,479.798446,-0.000416,-0.000358,0.000140,0.968666,0.968666,0.968666
53355.000000,33.578377,-117.064740,449.135384,33.578335,-117.064337,479.792526,-0.000416,-0.000358,0.000140,0.968881,0.968881,0.968881
53370.000000,33.578381,-117.064740,447.361571,33.578335,-117.064337,479.785673,-0.000417,-0.000357,0.000140,0.969094,0.969094,0.969094
53385.000000,33.578384,-117.064741,445.379027,33.578335,-117.064337,479.777924,-0.000417,-0.000357,0.000140,0.969307,0.969307,0.969307
53400.000000,33.578389,-117.064741,443.289652,33.578335,-117.064337,479.769231,-0.000417,-0.000356,0.000139,0.969520,0.969520,0.969520
53415.000000,33.578393,-117.064743,440.726899,33.578335,-117.064338,479.759355,-0.000417,-0.000355,0.000139,0.969732,0.969732,0.969732
53430.000000,33.578398,-117.064742,438.888975,33.578335,-117.064338,479.748614,-0.000418,-0.000355,0.000139,0.969943,0.969943,0.969943
53445.000000,33.578402,-117.064743,436.580878,33.578335,-117.064338,479.736901,-0.000418,-0.000354,0.000139,0.970155,0.970155,0.970155
53460.000000,33.578404,-117.064744,434.945899,33.578335,-117.064338,479.724241,-0.000418,-0.000353,0.000138,0.970365,0.970365,0.970365
53475.000000,33.578408,-117.064744,432.793146,33.578335,-117.064338,479.710579,-0.000418,-0.000353,0.000138,0.970574,0.970574,0.970574
53490.000000,33.578413,-117.064744,430.863210,33.578335,-117.064339,479.695983,-0.000418,-0.000352,0.000138,0.970782,0.970782,0.970782
53505.000000,33.578418,-117.064745,428.620064,33.578335,-117.064339,479.680272,-0.000418,-0.000351,0.000138,0.970990,0.970990,0.970990
53520.000000,33.578419,-117.064746,427.378016,33.578335,-117.064339,479.663863,-0.000419,-0.000350,0.000137,0.971196,0.971196,0.971196
53535.000000,33.578424,-117.064746,424.867903,33.578335,-117.064339,479.646218,-0.000419,-0.000349,0.000137,0.971401,0.971401,0.971401
53550.000000,33.578428,-117.064746,423.050803,33.578335,-117.064340,479.627706,-0.000419,-0.000349,0.000137,0.971606,0.971606,0.971606
53565.000000,33.578432,-117.064746,421.172130,33.578335,-117.064340,479.608301,-0.000419,-0.000348,0.000136,0.971810,0.971810,0.971810
53580.000000,33.578436,-117.064747,419.373441,33.578335,-117.064340,479.587864,-0.000419,-0.000347,0.000136,0.972013,0.972013,0.972013
53595.000000,33.578439,-117.064748,417.556658,33.578335,-117.064340,479.566737,-0.000419,-0.000346,0.000136,0.972217,0.972217,0.972217
53610.000000,33.578441,-117.064748,416.192485,33.578335,-117.064340,479.544958,-0.000419,-0.000345,0.000135,0.972420,0.972420,0.972420
53625.000000,33.578443,-117.064747,414.498592,33.578335,-117.064341,479.522268,-0.000419,-0.000344,0.000135,0.972623,0.972623,0.972623
53640.000000,33.578446,-117.064748,412.593629,33.578335,-117.064341,479.498654,-0.000419,-0.000343,0.000135,0.972825,0.972825,0.972825
53655.000000,33.578450,-117.064748,410.908575,33.578335,-117.064341,479.474115,-0.000419,-0.000342,0.000134,0.973026,0.973026,0.973026
53670.000000,33.578452,-117.064750,409.711656,33.578335,-117.064341,479.449025,-0.000420,-0.000341,0.000134,0.973227,0.973227,0.973227
53685.000000,33.578456,-117.064749,408.206358,33.578335,-117.064342,479.422814,-0.000420,-0.000340,0.000134,0.973425,0.973425,0.973425
53700.000000,33.578458,-117.064750,406.076271,33.578335,-117.064342,479.395770,-0.000420,-0.000339,0.000133,0.973624,0.973624,0.973624
53715.000000,33.578461,-117.064750,404.996233,33.578335,-117.064342,479.367885,-0.000420,-0.000338,0.000133,0.973821,0.973821,0.973821
53730.000000,33.578466,-117.064750,402.744420,33.578335,-117.064342,479.338934,-0.000420,-0.000337,0.000132,0.974018,0.974018,0.974018
53745.000000,33.578467,-117.064750,401.554090,33.578335,-117.064342,479.308952,-0.000420,-0.000335,0.000132,0.974211,0.974211,0.974211
53760.000000,33.578468,-117.064750,400.282783,33.578335,-117.064343,479.278282,-0.000420,-0.000334,0.000132,0.974405,0.974405,0.974405
53775.000000,33.578471,-117.064750,398.911427,33.578335,-117.064343,479.246678,-0.000420,-0.000333,0.000131,0.974596,0.974596,0.974596
53790.000000,33.578475,-117.064750,396.708091,33.578335,-117.064343,479.213866,-0.000420,-0.000332,0.000131,0.974786,0.974786,0.974786
53805.000000,33.578476,-117.064751,395.952057,33.578335,-117.064343,479.180458,-0.000420,-0.000331,0.000130,0.974975,0.974975,0.974975
53820.000000,33.578479,-117.064753,394.055533,33.578335,-117.064344,479.146142,-0.000420,-0.000329,0.000130,0.975164,0.975164,0.975164
53835.000000,33.578480,-117.064752,393.078822,33.578335,-117.064344,479.110959,-0.000420,-0.000328,0.000129,0.975351,0.975351,0.975351
53850.000000,33.578484,-117.064754,391.801549,33.578335,-117.064344,479.075110,-0.000419,-0.000327,0.000129,0.975537,0.975537,0.975537
53865.000000,33.578485,-117.064756,390.637793,33.578336,-117.064344,479.038499,-0.000419,-0.000325,0.000128,0.975723,0.975723,0.975723
53880.000000,33.578486,-117.064753,390.035505,33.578336,-117.064345,479.001103,-0.000419,-0.000324,0.000128,0.975905,0.975905,0.975905
53895.000000,33.578488,-117.064755,388.676250,33.578336,-117.064345,478.963139,-0.000419,-0.000323,0.000127,0.976088,0.976088,0.976088
53910.000000,33.578490,-117.064753,387.554937,33.578336,-117.064345,478.924023,-0.000419,-0.000321,0.000127,0.976268,0.976268,0.976268
53925.000000,33.578491,-117.064755,386.373346,33.578336,-117.064345,478.884401,-0.000419,-0.000320,0.000126,0.976448,0.976448,0.976448
53940.000000,33.578495,-117.064752,385.138970,33.578336,-117.064346,478.843612,-0.000419,-0.000319,0.000126,0.976625,0.976625,0.976625
53955.000000,33.578495,-117.064755,383.903718,33.578336,-117.064346,478.802078,-0.000419,-0.000317,0.000125,0.976802,0.976802,0.976802
53970.000000,33.578497,-117.064754,383.163475,33.578336,-117.064346,478.759722,-0.000419,-0.000316,0.000124,0.976976,0.976976,0.976976
53985.000000,33.578499,-117.064754,381.533825,33.578336,-117.064346,478.716384,-0.000419,-0.000314,0.000124,0.977149,0.977149,0.977149
54000.000000,33.578498,-117.064758,383.394361,33.578336,-117.064347,478.673684,-0.000419,-0.000313,0.000123,0.977321,0.977321,0.977321
54015.000000,33.578501,-117.064755,382.331302,33.578336,-117.064347,478.629844,-0.000419,-0.000311,0.000123,0.977489,0.977489,0.977489
54030.000000,33.578501,-117.064756,381.045091,33.578336,-117.064347,478.585399,-0.000418,-0.000310,0.000122,0.977658,0.977658,0.977658
54045.000000,33.578504,-117.064756,380.134287,33.578336,-117.064347,478.540035,-0.000418,-0.000308,0.000121,0.977825,0.977825,0.977825
54060.000000,33.578505,-117.064756,378.990551,33.578336,-117.064348,478.493583,-0.000418,-0.000307,0.000121,0.977988,0.977988,0.977988
54075.000000,33.578509,-117.064756,377.655570,33.578336,-117.064348,478.446642,-0.000418,-0.000305,0.000120,0.978153,0.978153,0.978153
54090.000000,33.578509,-117.064756,376.978900,33.578336,-117.064348,478.398673,-0.000418,-0.000304,0.000120,0.978315,0.978315,0.978315
54105.000000,33.578509,-117.064755,376.485067,33.578337,-117.064348,478.350408,-0.000418,-0.000302,0.000119,0.978476,0.978476,0.978476
54120.000000,33.578510,-117.064755,376.027736,33.578337,-117.064349,478.301158,-0.000418,-0.000300,0.000118,0.978634,0.978634,0.978634
54135.000000,33.578511,-117.064755,375.056572,33.578337,-117.064349,478.251088,-0.000417,-0.000299,0.000118,0.978790,0.978790,0.978790
54150.000000,33.578513,-117.064754,374.406510,33.578337,-117.064349,478.200309,-0.000417,-0.000297,0.000117,0.978945,0.978945,0.978945
54165.000000,33.578512,-117.064756,373.289013,33.578337,-117.064349,478.148956,-0.000417,-0.000295,0.000116,0.979099,0.979099,0.979099
54180.000000,33.578515,-117.064754,372.703856,33.578337,-117.064350,478.096159,-0.000417,-0.000294,0.000116,0.979249,0.979249,0.979249
54195.000000,33.578517,-117.064757,371.458466,33.578337,-117.064350,478.042760,-0.000417,-0.000292,0.000115,0.979398,0.979398,0.979398
54210.000000,33.578517,-117.064757,370.691785,33.578337,-117.064350,477.988680,-0.000416,-0.000290,0.000114,0.979546,0.979546,0.979546
54225.000000,33.578519,-117.064756,370.556619,33.578337,-117.064350,477.933589,-0.000416,-0.000288,0.000114,0.979690,0.979690,0.979690
54240.000000,33.578517,-117.064757,369.410121,33.578337,-117.064351,477.877960,-0.000416,-0.000287,0.000113,0.979835,0.979835,0.979835
54255.000000,33.578521,-117.064754,369.196653,33.578337,-117.064351,477.821236,-0.000416,-0.000285,0.000112,0.979974,0.979974,0.979974
54270.000000,33.578520,-117.064757,367.997028,33.578337,-117.064351,477.764075,-0.000416,-0.000283,0.000111,0.980115,0.980115,0.980115
54285.000000,33.578520,-117.064756,368.153745,33.578338,-117.064352,477.706292,-0.000415,-0.000281,0.000111,0.980253,0.980253,0.980253
54300.000000,33.578521,-117.064756,367.031930,33.578338,-117.064352,477.647780,-0.000415,-0.000279,0.000110,0.980390,0.980390,0.980390
54315.000000,33.578520,-117.064756,366.692569,33.578338,-117.064352,477.588488,-0.000415,-0.000277,0.000109,0.980524,0.980524,0.980524
54330.000000,33.578523,-117.064754,366.817372,33.578338,-117.064352,477.528561,-0.000415,-0.000276,0.000108,0.980655,0.980655,0.980655
54345.000000,33.578521,-117.064755,365.665648,33.578338,-117.064353,477.467923,-0.000414,-0.000274,0.000108,0.980786,0.980786,0.980786
54360.000000,33.578524,-117.064754,365.395743,33.578338,-117.064353,477.406557,-0.000414,-0.000272,0.000107,0.980914,0.980914,0.980914
54375.000000,33.578522,-117.064756,364.742437,33.578338,-117.064353,477.345012,-0.000414,-0.000270,0.000106,0.981043,0.981043,0.981043
54390.000000,33.578525,-117.064755,363.795904,33.578338,-117.064354,477.282370,-0.000414,-0.000268,0.000105,0.981170,0.981170,0.981170
54405.000000,33.578523,-117.064755,364.451033,33.578338,-117.064354,477.219540,-0.000413,-0.000266,0.000104,0.981293,0.981293,0.981293
54420.000000,33.578523,-117.064754,363.364646,33.578338,-117.064354,477.155900,-0.000413,-0.000264,0.000104,0.981417,0.981417,0.981417
54435.000000,33.578524,-117.064752,363.574391,33.578338,-117.064354,477.091437,-0.000413,-0.000262,0.000103,0.981535,0.981535,0.981535
54450.000000,33.578523,-117.064752,363.413555,33.578339,-117.064355,477.026044,-0.000413,-0.000260,0.000102,0.981650,0.981650,0.981650
54465.000000,33.578524,-117.064754,362.567707,33.578339,-117.064355,476.959948,-0.000412,-0.000258,0.000101,0.981765,0.981765,0.981765
54480.000000,33.578526,-117.064752,362.315082,33.578339,-117.064355,476.892796,-0.000412,-0.000256,0.000100,0.981875,0.981875,0.981875
54495.000000,33.578524,-117.064754,361.934925,33.578339,-117.064356,476.825396,-0.000412,-0.000254,0.000099,0.981985,0.981985,0.981985
54510.000000,33.578525,-117.064752,361.909186,33.578339,-117.064356,476.757112,-0.000411,-0.000252,0.000099,0.982091,0.982091,0.982091
54525.000000,33.578525,-117.064751,361.126672,33.578339,-117.064356,476.688121,-0.000411,-0.000250,0.000098,0.982196,0.982196,0.982196
54540.000000,33.578526,-117.064753,360.211887,33.578339,-117.064356,476.618373,-0.000411,-0.000247,0.000097,0.982300,0.982300,0.982300
54555.000000,33.578525,-117.064753,360.817887,33.578339,-117.064357,476.548375,-0.000410,-0.000245,0.000096,0.982402,0.982402,0.982402
54570.000000,33.578525,-117.064752,359.917029,33.578339,-117.064357,476.477500,-0.000410,-0.000243,0.000095,0.982501,0.982501,0.982501
54585.000000,33.578524,-117.064753,359.794976,33.578339,-117.064357,476.406324,-0.000410,-0.000241,0.000094,0.982600,0.982600,0.982600
54600.000000,33.578523,-117.064753,359.903656,33.578340,-117.064358,476.334538,-0.000410,-0.000239,0.000093,0.982696,0.982696,0.982696
54615.000000,33.578521,-117.064753,360.437881,33.578340,-117.064358,476.262650,-0.000409,-0.000237,0.000092,0.982790,0.982790,0.982790
54630.000000,33.578259,-117.064493,450.557607,33.578340,-117.064358,476.256281,-0.000409,-0.000236,0.000092,0.982981,0.982981,0.982981
54645.000000,33.578261,-117.064490,449.788166,33.578340,-117.064358,476.249504,-0.000409,-0.000236,0.000092,0.983172,0.983172,0.983172
54660.000000,33.578260,-117.064488,448.926435,33.578339,-117.064358,476.242383,-0.000409,-0.000236,0.000091,0.983364,0.983364,0.983364
54675.000000,33.578260,-117.064487,448.304043,33.578339,-117.064358,476.234856,-0.000409,-0.000236,0.000091,0.983554,0.983554,0.983554
54690.000000,33.578264,-117.064483,447.196121,33.578339,-117.064358,476.226690,-0.000409,-0.000235,0.000091,0.983741,0.983741,0.983741
54705.000000,33.578261,-117.064484,446.332393,33.578339,-117.064359,476.218194,-0.000409,-0.000235,0.000090,0.983930,0.983930,0.983930
54720.000000,33.578264,-117.064482,445.558290,33.578339,-117.064359,476.209215,-0.000409,-0.000235,0.000090,0.984117,0.984117,0.984117
54735.000000,33.578263,-117.064479,445.045959,33.578339,-117.064359,476.200106,-0.000409,-0.000234,0.000090,0.984306,0.984306,0.984306
54750.000000,33.578263,-117.064479,444.004317,33.578339,-117.064359,476.190287,-0.000409,-0.000234,0.000089,0.984492,0.984492,0.984492
54765.000000,33.578263,-117.064475,443.843484,33.578339,-117.064359,476.180371,-0.000409,-0.000234,0.000089,0.984677,0.984677,0.984677
54780.000000,33.578265,-117.064473,442.685338,33.578339,-117.064359,476.169764,-0.000409,-0.000233,0.000089,0.984860,0.984860,0.984860
54795.000000,33.578263,-117.064474,442.216809,33.578339,-117.064359,476.158864,-0.000409,-0.000233,0.000088,0.985042,0.985042,0.985042
54810.000000,33.578266,-117.064470,441.308363,33.578339,-117.064359,476.147368,-0.000409,-0.000233,0.000088,0.985222,0.985222,0.985222
54825.000000,33.578261,-117.064468,440.850850,33.578339,-117.064359,476.135914,-0.000409,-0.000232,0.000088,0.985406,0.985406,0.985406
54840.000000,33.578264,-117.064467,440.770141,33.578339,-117.064359,476.124092,-0.000409,-0.000232,0.000087,0.985585,0.985585,0.985585
54855.000000,33.578264,-117.064465,439.562185,33.578339,-117.064360,476.111747,-0.000409,-0.000231,0.000087,0.985765,0.985765,0.985765
54870.000000,33.578262,-117.064464,438.791282,33.578339,-117.064360,476.099222,-0.000409,-0.000231,0.000087,0.985947,0.985947,0.985947
54885.000000,33.578264,-117.064464,438.911004,33.578339,-117.064360,476.086418,-0.000409,-0.000231,0.000086,0.986125,0.986125,0.986125
54900.000000,33.578260,-117.064461,437.672090,33.578339,-117.064360,476.073261,-0.000409,-0.000230,0.000086,0.986306,0.986306,0.986306
54915.000000,33.578263,-117.064460,436.517962,33.578339,-117.064360,476.059299,-0.000409,-0.000230,0.000085,0.986484,0.986484,0.986484
54930.000000,33.578265,-117.064459,436.168274,33.578338,-117.064360,476.044946,-0.000409,-0.000229,0.000085,0.986659,0.986659,0.986659
54945.000000,33.578266,-117.064456,435.309808,33.578338,-117.064360,476.030161,-0.000409,-0.000229,0.000085,0.986834,0.986834,0.986834
54960.000000,33.578262,-117.064458,434.146036,33.578338,-117.064360,476.014884,-0.000409,-0.000229,0.000084,0.987010,0.987010,0.987010
54975.000000,33.578267,-117.064455,434.269661,33.578338,-117.064360,475.999260,-0.000409,-0.000228,0.000084,0.987182,0.987182,0.987182
54990.000000,33.578263,-117.064453,433.253075,33.578338,-117.064360,475.983314,-0.000409,-0.000228,0.000083,0.987355,0.987355,0.987355
55005.000000,33.578263,-117.064452,432.621558,33.578338,-117.064360,475.966966,-0.000409,-0.000227,0.000083,0.987527,0.987527,0.987527
55020.000000,33.578267,-117.064447,432.729477,33.578338,-117.064361,475.950408,-0.000408,-0.000227,0.000082,0.987696,0.987696,0.987696
55035.000000,33.578262,-117.064449,431.902672,33.578338,-117.064361,475.933607,-0.000408,-0.000226,0.000082,0.987867,0.987867,0.987867
55050.000000,33.578262,-117.064445,431.443905,33.578338,-117.064361,475.916494,-0.000408,-0.000226,0.000081,0.988038,0.988038,0.988038
55065.000000,33.578265,-117.064446,430.634543,33.578338,-117.064361,475.898843,-0.000408,-0.000225,0.000081,0.988206,0.988206,0.988206
55080.000000,33.578262,-117.064444,430.634997,33.578338,-117.064361,475.880985,-0.000408,-0.000225,0.000081,0.988373,0.988373,0.988373
55095.000000,33.578259,-117.064444,429.306152,33.578338,-117.064361,475.862714,-0.000408,-0.000224,0.000080,0.988542,0.988542,0.988542
55110.000000,33.578267,-117.064439,429.197820,33.578338,-117.064361,475.843772,-0.000408,-0.000224,0.000080,0.988704,0.988704,0.988704
55125.000000,33.578260,-117.064438,428.448049,33.578338,-117.064361,475.824707,-0.000408,-0.000223,0.000079,0.988869,0.988869,0.988869
55140.000000,33.578260,-117.064436,427.337507,33.578338,-117.064361,475.805296,-0.000407,-0.000223,0.000079,0.989037,0.989037,0.989037
55155.000000,33.578262,-117.064436,427.968160,33.578338,-117.064361,475.785661,-0.000407,-0.000222,0.000078,0.989199,0.989199,0.989199
55170.000000,33.578262,-117.064435,426.984138,33.578338,-117.064361,475.765478,-0.000407,-0.000222,0.000078,0.989360,0.989360,0.989360
55185.000000,33.578260,-117.064436,426.026523,33.578337,-117.064361,475.744550,-0.000407,-0.000221,0.000077,0.989519,0.989519,0.989519
55200.000000,33.578262,-117.064433,426.359252,33.578337,-117.064362,475.723765,-0.000407,-0.000221,0.000077,0.989677,0.989677,0.989677
55215.000000,33.578263,-117.064429,425.597013,33.578337,-117.064362,475.702437,-0.000407,-0.000220,0.000076,0.989834,0.989834,0.989834
55230.000000,33.578260,-117.064431,424.677279,33.578337,-117.064362,475.680834,-0.000406,-0.000220,0.000075,0.989993,0.989993,0.989993
55245.000000,33.578264,-117.064428,424.449886,33.578337,-117.064362,475.658519,-0.000406,-0.000219,0.000075,0.990146,0.990146,0.990146
55260.000000,33.578261,-117.064424,424.140319,33.578337,-117.064362,475.636282,-0.000406,-0.000218,0.000074,0.990301,0.990301,0.990301
55275.000000,33.578258,-117.064424,423.045228,33.578337,-117.064362,475.613637,-0.000406,-0.000218,0.000074,0.990458,0.990458,0.990458
55290.000000,33.578261,-117.064422,422.486264,33.578337,-117.064362,475.590473,-0.000406,-0.000217,0.000073,0.990613,0.990613,0.990613
55305.000000,33.578263,-117.064422,422.899046,33.578337,-117.064362,475.566990,-0.000405,-0.000217,0.000073,0.990762,0.990762,0.990762
55320.000000,33.578258,-117.064424,421.915536,33.578337,-117.064362,475.543133,-0.000405,-0.000216,0.000072,0.990913,0.990913,0.990913
55335.000000,33.578260,-117.064421,422.070345,33.578337,-117.064362,475.519004,-0.000405,-0.000216,0.000072,0.991060,0.991060,0.991060
55350.000000,33.578261,-117.064416,422.122462,33.578337,-117.064362,475.494929,-0.000405,-0.000215,0.000071,0.991208,0.991208,0.991208
55365.000000,33.578260,-117.064415,421.364217,33.578337,-117.064362,475.470353,-0.000405,-0.000214,0.000070,0.991355,0.991355,0.991355
55380.000000,33.578256,-117.064415,420.294578,33.578337,-117.064362,475.445445,-0.000404,-0.000214,0.000070,0.991504,0.991504,0.991504
55395.000000,33.578259,-117.064415,420.255171,33.578337,-117.064362,475.420121,-0.000404,-0.000213,0.000069,0.991649,0.991649,0.991649
55410.000000,33.578258,-117.064409,420.091498,33.578337,-117.064363,475.394774,-0.000404,-0.000213,0.000069,0.991795,0.991795,0.991795
55425.000000,33.578252,-117.064413,418.849279,33.578336,-117.064363,475.368967,-0.000404,-0.000212,0.000068,0.991942,0.991942,0.991942
55440.000000,33.578258,-117.064408,418.920958,33.578336,-117.064363,475.342421,-0.000404,-0.000211,0.000067,0.992083,0.992083,0.992083
55455.000000,33.578256,-117.064406,419.384119,33.578336,-117.064363,475.316305,-0.000403,-0.000211,0.000067,0.992225,0.992225,0.992225
55470.000000,33.578258,-117.064404,418.646303,33.578336,-117.064363,475.289508,-0.000403,-0.000210,0.000066,0.992365,0.992365,0.992365
55485.000000,33.578251,-117.064405,417.716303,33.578336,-117.064363,475.262402,-0.000403,-0.000209,0.000066,0.992506,0.992506,0.992506
55500.000000,33.578256,-117.064403,417.628858,33.578336,-117.064363,475.234829,-0.000402,-0.000209,0.000065,0.992644,0.992644,0.992644
55515.000000,33.578257,-117.064403,417.460413,33.578336,-117.064363,475.206663,-0.000402,-0.000208,0.000064,0.992777,0.992777,0.992777
55530.000000,33.578251,-117.064400,417.176203,33.578336,-117.064363,475.178662,-0.000402,-0.000208,0.000064,0.992913,0.992913,0.992913
55545.000000,33.578253,-117.064400,417.088409,33.578336,-117.064363,475.150166,-0.000402,-0.000207,0.000063,0.993045,0.993045,0.993045
55560.000000,33.578255,-117.064399,417.476387,33.578336,-117.064363,475.121391,-0.000401,-0.000206,0.000062,0.993172,0.993172,0.993172
55575.000000,33.578255,-117.064396,416.599190,33.578336,-117.064363,475.092242,-0.000401,-0.000206,0.000062,0.993301,0.993301,0.993301
55590.000000,33.578252,-117.064398,415.756475,33.578336,-117.064363,475.062357,-0.000401,-0.000205,0.000061,0.993427,0.993427,0.993427
55605.000000,33.578253,-117.064396,415.802996,33.578336,-117.064363,475.032277,-0.000401,-0.000204,0.000060,0.993552,0.993552,0.993552
55620.000000,33.578254,-117.064395,415.384693,33.578336,-117.064363,475.001839,-0.000400,-0.000203,0.000060,0.993675,0.993675,0.993675
55635.000000,33.578251,-117.064395,414.746188,33.578336,-117.064364,474.971032,-0.000400,-0.000203,0.000059,0.993798,0.993798,0.993798
55650.000000,33.578253,-117.064391,414.156727,33.578335,-117.064364,474.939770,-0.000400,-0.000202,0.000058,0.993921,0.993921,0.993921
55665.000000,33.578253,-117.064393,414.504503,33.578335,-117.064364,474.908262,-0.000399,-0.000201,0.000058,0.994039,0.994039,0.994039
55680.000000,33.578254,-117.064392,413.710166,33.578335,-117.064364,474.875935,-0.000399,-0.000201,0.000057,0.994155,0.994155,0.994155
55695.000000,33.578253,-117.064393,413.330637,33.578335,-117.064364,474.843328,-0.000399,-0.000200,0.000056,0.994270,0.994270,0.994270
55710.000000,33.578249,-117.064390,412.771051,33.578335,-117.064364,474.810538,-0.000398,-0.000199,0.000056,0.994386,0.994386,0.994386
55725.000000,33.578251,-117.064388,412.952970,33.578335,-117.064364,474.777336,-0.000398,-0.000198,0.000055,0.994498,0.994498,0.994498
55740.000000,33.578251,-117.064387,413.294639,33.578335,-117.064364,474.744182,-0.000398,-0.000198,0.000054,0.994608,0.994608,0.994608
55755.000000,33.578251,-117.064384,412.112045,33.578335,-117.064364,474.710241,-0.000397,-0.000197,0.000053,0.994718,0.994718,0.994718
55770.000000,33.578250,-117.064383,412.953680,33.578335,-117.064364,474.676450,-0.000397,-0.000196,0.000053,0.994824,0.994824,0.994824
55785.000000,33.578250,-117.064384,411.675254,33.578335,-117.064364,474.641979,-0.000397,-0.000196,0.000052,0.994932,0.994932,0.994932
55800.000000,33.578251,-117.064383,411.921297,33.578335,-117.064364,474.606910,-0.000396,-0.000195,0.000051,0.995033,0.995033,0.995033
55815.000000,33.578247,-117.064382,410.865308,33.578335,-117.064364,474.571557,-0.000396,-0.000194,0.000050,0.995137,0.995137,0.995137
55830.000000,33.578246,-117.064382,411.408866,33.578335,-117.064364,474.536528,-0.000396,-0.000193,0.000050,0.995241,0.995241,0.995241
55845.000000,33.578249,-117.064379,411.564413,33.578335,-117.064364,474.500919,-0.000395,-0.000192,0.000049,0.995339,0.995339,0.995339
55860.000000,33.578243,-117.064379,411.066784,33.578334,-117.064364,474.465476,-0.000395,-0.000192,0.000048,0.995441,0.995441,0.995441
55875.000000,33.578246,-117.064377,410.589419,33.578334,-117.064364,474.429375,-0.000395,-0.000191,0.000047,0.995540,0.995540,0.995540
55890.000000,33.578247,-117.064376,411.110027,33.578334,-117.064364,474.392961,-0.000394,-0.000190,0.000046,0.995634,0.995634,0.995634
55905.000000,33.578245,-117.064375,410.388538,33.578334,-117.064365,474.356291,-0.000394,-0.000189,0.000046,0.995729,0.995729,0.995729
55920.000000,33.578243,-117.064376,410.669452,33.578334,-117.064365,474.319503,-0.000393,-0.000189,0.000045,0.995822,0.995822,0.995822
55935.000000,33.578245,-117.064372,410.366428,33.578334,-117.064365,474.281979,-0.000393,-0.000188,0.000044,0.995910,0.995910,0.995910
55950.000000,33.578239,-117.064375,410.211833,33.578334,-117.064365,474.245067,-0.000393,-0.000187,0.000043,0.996004,0.996004,0.996004
55965.000000,33.578241,-117.064370,410.238841,33.578334,-117.064365,474.207521,-0.000392,-0.000186,0.000042,0.996093,0.996093,0.996093
55980.000000,33.578241,-117.064369,410.267600,33.578334,-117.064365,474.169645,-0.000392,-0.000185,0.000042,0.996178,0.996178,0.996178
55995.000000,33.578237,-117.064370,409.287249,33.578334,-117.064365,474.131450,-0.000391,-0.000185,0.000041,0.996266,0.996266,0.996266
56010.000000,33.578241,-117.064369,409.883298,33.578334,-117.064365,474.092632,-0.000391,-0.000184,0.000040,0.996346,0.996346,0.996346
56025.000000,33.578240,-117.064367,409.432978,33.578334,-117.064365,474.053564,-0.000391,-0.000183,0.000039,0.996426,0.996426,0.996426
56040.000000,33.578237,-117.064367,409.240599,33.578333,-117.064365,474.014304,-0.000390,-0.000182,0.000038,0.996506,0.996506,0.996506
56055.000000,33.578239,-117.064366,408.812079,33.578333,-117.064365,473.974056,-0.000390,-0.000181,0.000037,0.996580,0.996580,0.996580
56070.000000,33.578239,-117.064364,408.037194,33.578333,-117.064365,473.933253,-0.000389,-0.000181,0.000037,0.996654,0.996654,0.996654
56085.000000,33.578236,-117.064365,408.241667,33.578333,-117.064365,473.892684,-0.000389,-0.000180,0.000036,0.996728,0.996728,0.996728
56100.000000,33.578238,-117.064363,408.079588,33.578333,-117.064365,473.851388,-0.000389,-0.000179,0.000035,0.996797,0.996797,0.996797
56115.000000,33.578239,-117.064363,408.748510,33.578333,-117.064365,473.809981,-0.000388,-0.000178,0.000034,0.996862,0.996862,0.996862
56130.000000,33.578240,-117.064358,408.474534,33.578333,-117.064365,473.768453,-0.000388,-0.000177,0.000033,0.996927,0.996927,0.996927
56145.000000,33.578303,-117.064351,419.698893,33.578333,-117.064365,473.740209,-0.000387,-0.000177,0.000033,0.997041,0.997041,0.997041
56160.000000,33.578303,-117.064351,419.340732,33.578333,-117.064365,473.711585,-0.000387,-0.000176,0.000032,0.997154,0.997154,0.997154
56175.000000,33.578300,-117.064353,419.236970,33.578333,-117.064365,473.682563,-0.000387,-0.000175,0.000031,0.997264,0.997264,0.997264
56190.000000,33.578300,-117.064350,419.080475,33.578333,-117.064365,473.653304,-0.000386,-0.000175,0.000031,0.997372,0.997372,0.997372
56205.000000,33.578299,-117.064348,418.454463,33.578333,-117.064365,473.623795,-0.000386,-0.000174,0.000030,0.997481,0.997481,0.997481
56220.000000,33.578296,-117.064348,418.287007,33.578333,-117.064365,473.593899,-0.000385,-0.000173,0.000030,0.997588,0.997588,0.997588
56235.000000,33.578297,-117.064346,418.172238,33.578333,-117.064365,473.563737,-0.000385,-0.000173,0.000029,0.997693,0.997693,0.997693
56250.000000,33.578297,-117.064346,417.403060,33.578333,-117.064365,473.532946,-0.000385,-0.000172,0.000029,0.997796,0.997796,0.997796
56265.000000,33.578295,-117.064347,417.558623,33.578333,-117.064365,473.501897,-0.000384,-0.000171,0.000028,0.997896,0.997896,0.997896
56280.000000,33.578295,-117.064343,417.093150,33.578333,-117.064366,473.470712,-0.000384,-0.000171,0.000027,0.997997,0.997997,0.997997
56295.000000,33.578292,-117.064345,417.442552,33.578332,-117.064366,473.439362,-0.000384,-0.000170,0.000027,0.998094,0.998094,0.998094
56310.000000,33.578290,-117.064345,417.301385,33.578332,-117.064366,473.407802,-0.000383,-0.000169,0.000026,0.998191,0.998191,0.998191
56325.000000,33.578289,-117.064344,417.433358,33.578332,-117.064366,473.376204,-0.000383,-0.000169,0.000025,0.998286,0.998286,0.998286
56340.000000,33.578286,-117.064344,417.016458,33.578332,-117.064366,473.344290,-0.000382,-0.000168,0.000025,0.998380,0.998380,0.998380
56355.000000,33.578285,-117.064344,416.908163,33.578332,-117.064366,473.312156,-0.000382,-0.000167,0.000024,0.998473,0.998473,0.998473
56370.000000,33.578286,-117.064342,416.531240,33.578332,-117.064366,473.279411,-0.000382,-0.000167,0.000024,0.998562,0.998562,0.998562
56385.000000,33.578281,-117.064340,416.412550,33.578332,-117.064366,473.246930,-0.000381,-0.000166,0.000023,0.998655,0.998655,0.998655
56400.000000,33.578279,-117.064340,416.252998,33.578332,-117.064366,473.214037,-0.000381,-0.000165,0.000022,0.998744,0.998744,0.998744
56415.000000,33.578281,-117.064338,416.384014,33.578332,-117.064366,473.180867,-0.000380,-0.000164,0.000022,0.998830,0.998830,0.998830
56430.000000,33.578277,-117.064336,416.177746,33.578332,-117.064366,473.147777,-0.000380,-0.000164,0.000021,0.998918,0.998918,0.998918
56445.000000,33.578276,-117.064337,415.508713,33.578332,-117.064366,473.114215,-0.000380,-0.000163,0.000020,0.999006,0.999006,0.999006
56460.000000,33.578278,-117.064336,415.974199,33.578332,-117.064366,473.080157,-0.000379,-0.000162,0.000020,0.999086,0.999086,0.999086
56475.000000,33.578277,-117.064335,416.130921,33.578332,-117.064366,473.045900,-0.000379,-0.000162,0.000019,0.999163,0.999163,0.999163
56490.000000,33.578267,-117.064337,415.001239,33.578332,-117.064366,473.011750,-0.000378,-0.000161,0.000018,0.999248,0.999248,0.999248
56505.000000,33.578274,-117.064335,415.537796,33.578332,-117.064366,472.976932,-0.000378,-0.000160,0.000018,0.999323,0.999323,0.999323
56520.000000,33.578274,-117.064334,415.200496,33.578332,-117.064366,472.941616,-0.000377,-0.000160,0.000017,0.999397,0.999397,0.999397
56535.000000,33.578267,-117.064335,414.725669,33.578332,-117.064366,472.906157,-0.000377,-0.000159,0.000016,0.999471,0.999471,0.999471
56550.000000,33.578271,-117.064333,414.706101,33.578331,-117.064366,472.870114,-0.000377,-0.000158,0.000015,0.999540,0.999540,0.999540
56565.000000,33.578272,-117.064333,415.375399,33.578331,-117.064366,472.833932,-0.000376,-0.000157,0.000015,0.999604,0.999604,0.999604
56580.000000,33.578267,-117.064335,414.785279,33.578331,-117.064366,472.797411,-0.000376,-0.000157,0.000014,0.999669,0.999669,0.999669
56595.000000,33.578262,-117.064333,413.464879,33.578331,-117.064366,472.760679,-0.000375,-0.000156,0.000013,0.999739,0.999739,0.999739
56610.000000,33.578270,-117.064329,414.490688,33.578331,-117.064366,472.723545,-0.000375,-0.000155,0.000012,0.999799,0.999799,0.999799
56625.000000,33.578266,-117.064330,414.788120,33.578331,-117.064366,472.686540,-0.000374,-0.000154,0.000012,0.999859,0.999859,0.999859
56640.000000,33.578255,-117.064333,413.072293,33.578331,-117.064366,472.649123,-0.000374,-0.000154,0.000011,0.999925,0.999925,0.999925
56655.000000,33.578260,-117.064331,413.696782,33.578331,-117.064366,472.611139,-0.000373,-0.000153,0.000010,0.999982,0.999982,0.999982
56670.000000,33.578262,-117.064330,414.145310,33.578331,-117.064366,472.572869,-0.000373,-0.000152,0.000009,1.000035,1.000035,1.000035
56685.000000,33.578257,-117.064332,413.810943,33.578331,-117.064366,472.534526,-0.000373,-0.000151,0.000009,1.000088,1.000088,1.000088
56700.000000,33.578253,-117.064331,412.558862,33.578331,-117.064366,472.495407,-0.000372,-0.000151,0.000008,1.000142,1.000142,1.000142
56715.000000,33.578259,-117.064331,413.961987,33.578331,-117.064366,472.456140,-0.000372,-0.000150,0.000007,1.000186,1.000186,1.000186
56730.000000,33.578257,-117.064329,414.269059,33.578331,-117.064366,472.417143,-0.000371,-0.000149,0.000006,1.000230,1.000230,1.000230
56745.000000,33.578248,-117.064330,412.755027,33.578331,-117.064366,472.377989,-0.000371,-0.000148,0.000005,1.000282,1.000282,1.000282
56760.000000,33.578251,-117.064325,412.571192,33.578330,-117.064366,472.338197,-0.000370,-0.000148,0.000005,1.000330,1.000330,1.000330
56775.000000,33.578255,-117.064324,413.406786,33.578330,-117.064366,472.297774,-0.000370,-0.000147,0.000004,1.000367,1.000367,1.000367
56790.000000,33.578249,-117.064325,413.605451,33.578330,-117.064366,472.257645,-0.000369,-0.000146,0.000003,1.000404,1.000404,1.000404
56805.000000,33.578244,-117.064324,412.643017,33.578330,-117.064366,472.217063,-0.000369,-0.000145,0.000002,1.000444,1.000444,1.000444
56820.000000,33.578248,-117.064320,412.457429,33.578330,-117.064366,472.176065,-0.000368,-0.000144,0.000001,1.000482,1.000482,1.000482
56835.000000,33.578249,-117.064319,413.054971,33.578330,-117.064366,472.135132,-0.000368,-0.000144,0.000000,1.000515,1.000515,1.000515
56850.000000,33.578242,-117.064322,413.281425,33.578330,-117.064366,472.094435,-0.000367,-0.000143,-0.000000,1.000550,1.000550,1.000550
56865.000000,33.578238,-117.064323,412.792027,33.578330,-117.064366,472.053254,-0.000367,-0.000142,-0.000001,1.000582,1.000582,1.000582
56880.000000,33.578243,-117.064315,412.087994,33.578330,-117.064366,472.011335,-0.000366,-0.000141,-0.000002,1.000613,1.000613,1.000613
56895.000000,33.578244,-117.064318,412.841563,33.578330,-117.064366,471.969022,-0.000366,-0.000141,-0.000003,1.000636,1.000636,1.000636
56910.000000,33.578234,-117.064321,412.582173,33.578330,-117.064366,471.927097,-0.000365,-0.000140,-0.000004,1.000663,1.000663,1.000663
56925.000000,33.578232,-117.064321,411.849484,33.578330,-117.064366,471.884784,-0.000365,-0.000139,-0.000005,1.000692,1.000692,1.000692
56940.000000,33.578238,-117.064318,411.682367,33.578329,-117.064366,471.841250,-0.000364,-0.000138,-0.000006,1.000711,1.000711,1.000711
56955.000000,33.578236,-117.064317,412.658284,33.578329,-117.064366,471.798181,-0.000364,-0.000137,-0.000006,1.000728,1.000728,1.000728
56970.000000,33.578231,-117.064318,411.640262,33.578329,-117.064366,471.754456,-0.000363,-0.000137,-0.000007,1.000745,1.000745,1.000745
56985.000000,33.578229,-117.064317,411.210702,33.578329,-117.064366,471.710462,-0.000363,-0.000136,-0.000008,1.000763,1.000763,1.000763
57000.000000,33.578232,-117.064314,411.650119,33.578329,-117.064366,471.666185,-0.000362,-0.000135,-0.000009,1.000775,1.000775,1.000775
57015.000000,33.578230,-117.064315,412.629638,33.578329,-117.064366,471.621919,-0.000362,-0.000134,-0.000010,1.000781,1.000781,1.000781
57030.000000,33.578229,-117.064317,412.639904,33.578329,-117.064366,471.577354,-0.000361,-0.000133,-0.000011,1.000783,1.000783,1.000783
57045.000000,33.578227,-117.064316,411.626854,33.578329,-117.064366,471.532207,-0.000361,-0.000133,-0.000012,1.000788,1.000788,1.000788
57060.000000,33.578795,-117.064148,496.727115,33.578330,-117.064366,471.587854,-0.000359,-0.000133,-0.000009,1.000159,1.000159,1.000159
57075.000000,33.578792,-117.064148,496.026747,33.578331,-117.064366,471.640835,-0.000358,-0.000133,-0.000006,0.999554,0.999554,0.999554
57090.000000,33.578789,-117.064147,495.036768,33.578331,-117.064365,471.690582,-0.000357,-0.000133,-0.000003,0.998974,0.998974,0.998974
57105.000000,33.578789,-117.064147,495.437084,33.578332,-117.064365,471.740888,-0.000356,-0.000133,0.000000,0.998397,0.998397,0.998397
57120.000000,33.578787,-117.064146,495.402332,33.578333,-117.064364,471.790535,-0.000355,-0.000133,0.000003,0.997831,0.997831,0.997831
57135.000000,33.578785,-117.064144,495.140107,33.578334,-117.064364,471.838640,-0.000354,-0.000133,0.000006,0.997286,0.997286,0.997286
57150.000000,33.578784,-117.064144,495.079933,33.578335,-117.064364,471.885770,-0.000352,-0.000133,0.000009,0.996758,0.996758,0.996758
57165.000000,33.578779,-117.064148,495.071212,33.578336,-117.064363,471.932920,-0.000351,-0.000133,0.000012,0.996228,0.996228,0.996228
57180.000000,33.578776,-117.064145,494.957190,33.578336,-117.064363,471.979239,-0.000350,-0.000134,0.000014,0.995709,0.995709,0.995709
57195.000000,33.578775,-117.064144,495.254045,33.578337,-117.064362,472.025482,-0.000349,-0.000134,0.000017,0.995203,0.995203,0.995203
57210.000000,33.578772,-117.064146,494.740637,33.578338,-117.064362,472.070063,-0.000348,-0.000134,0.000020,0.994711,0.994711,0.994711
57225.000000,33.578770,-117.064143,494.490114,33.578339,-117.064362,472.113436,-0.000347,-0.000134,0.000022,0.994235,0.994235,0.994235
57240.000000,33.578738,-117.064221,524.815285,33.578339,-117.064362,472.200580,-0.000347,-0.000135,0.000025,0.993853,0.993853,0.993853
57255.000000,33.578736,-117.064221,524.718579,33.578340,-117.064361,472.286936,-0.000347,-0.000136,0.000028,0.993475,0.993475,0.993475
57270.000000,33.578733,-117.064221,524.984013,33.578341,-117.064361,472.372752,-0.000347,-0.000137,0.000031,0.993106,0.993106,0.993106
57285.000000,33.578731,-117.064220,524.735568,33.578341,-117.064361,472.456485,-0.000347,-0.000138,0.000033,0.992752,0.992752,0.992752
57300.000000,33.578732,-117.064220,525.088642,33.578342,-117.064361,472.540521,-0.000346,-0.000139,0.000036,0.992399,0.992399,0.992399
57315.000000,33.578728,-117.064220,524.960992,33.578342,-117.064361,472.623465,-0.000346,-0.000140,0.000039,0.992054,0.992054,0.992054
57330.000000,33.578726,-117.064220,524.638369,33.578343,-117.064361,472.704369,-0.000346,-0.000141,0.000041,0.991723,0.991723,0.991723
57345.000000,33.578726,-117.064217,525.141375,33.578343,-117.064360,472.785941,-0.000346,-0.000142,0.000044,0.991392,0.991392,0.991392
57360.000000,33.578723,-117.064217,525.119741,33.578344,-117.064360,472.866277,-0.000346,-0.000143,0.000046,0.991071,0.991071,0.991071
57375.000000,33.578722,-117.064218,525.022034,33.578344,-117.064360,472.945356,-0.000346,-0.000144,0.000049,0.990760,0.990760,0.990760
57390.000000,33.578717,-117.064218,524.733955,33.578345,-117.064360,473.023148,-0.000346,-0.000145,0.000051,0.990457,0.990457,0.990457
57405.000000,33.578718,-117.064217,524.564559,33.578346,-117.064360,473.099598,-0.000346,-0.000146,0.000054,0.990163,0.990163,0.990163
57420.000000,33.578486,-117.064299,478.152532,33.578346,-117.064360,473.110941,-0.000345,-0.000145,0.000054,0.989849,0.989849,0.989849
57435.000000,33.578484,-117.064297,478.532382,33.578346,-117.064360,473.122782,-0.000345,-0.000145,0.000055,0.989537,0.989537,0.989537
57450.000000,33.578479,-117.064297,477.249728,33.578346,-117.064360,473.132671,-0.000345,-0.000145,0.000055,0.989237,0.989237,0.989237
57465.000000,33.578481,-117.064296,478.173871,33.578346,-117.064360,473.143952,-0.000345,-0.000145,0.000056,0.988927,0.988927,0.988927
57480.000000,33.578480,-117.064294,478.548228,33.578346,-117.064359,473.155710,-0.000344,-0.000145,0.000057,0.988622,0.988622,0.988622
57495.000000,33.578477,-117.064294,477.794997,33.578347,-117.064359,473.166314,-0.000344,-0.000145,0.000057,0.988324,0.988324,0.988324
57510.000000,33.578476,-117.064294,478.288643,33.578347,-117.064359,473.177622,-0.000344,-0.000145,0.000058,0.988024,0.988024,0.988024
57525.000000,33.578475,-117.064293,478.363682,33.578347,-117.064359,473.189036,-0.000344,-0.000145,0.000058,0.987722,0.987722,0.987722
57540.000000,33.578473,-117.064291,478.406208,33.578347,-117.064359,473.200491,-0.000343,-0.000145,0.000059,0.987421,0.987421,0.987421
57555.000000,33.578470,-117.064290,477.955341,33.578347,-117.064359,473.211250,-0.000343,-0.000145,0.000059,0.987125,0.987125,0.987125
57570.000000,33.578470,-117.064289,478.024994,33.578347,-117.064359,473.222068,-0.000343,-0.000145,0.000060,0.986831,0.986831,0.986831
57585.000000,33.578467,-117.064288,477.693769,33.578348,-117.064359,473.232329,-0.000342,-0.000145,0.000060,0.986546,0.986546,0.986546
57600.000000,33.578465,-117.064288,477.203573,33.578348,-117.064359,473.241874,-0.000342,-0.000145,0.000061,0.986264,0.986264,0.986264
57615.000000,33.578462,-117.064287,476.925423,33.578348,-117.064359,473.251009,-0.000342,-0.000145,0.000061,0.985984,0.985984,0.985984
57630.000000,33.578460,-117.064285,476.339315,33.578348,-117.064359,473.259254,-0.000342,-0.000145,0.000062,0.985716,0.985716,0.985716
57645.000000,33.578459,-117.064286,477.153414,33.578348,-117.064359,473.268629,-0.000341,-0.000145,0.000062,0.985442,0.985442,0.985442
57660.000000,33.578461,-117.064282,477.036203,33.578348,-117.064359,473.277797,-0.000341,-0.000145,0.000063,0.985174,0.985174,0.985174
57675.000000,33.578457,-117.064283,477.041751,33.578348,-117.064359,473.287001,-0.000341,-0.000145,0.000063,0.984900,0.984900,0.984900
57690.000000,33.578460,-117.064282,477.955989,33.578349,-117.064359,473.297491,-0.000340,-0.000145,0.000064,0.984621,0.984621,0.984621
57705.000000,33.578457,-117.064282,477.225136,33.578349,-117.064359,473.306895,-0.000340,-0.000145,0.000064,0.984351,0.984351,0.984351
57720.000000,33.578453,-117.064282,476.383740,33.578349,-117.064358,473.315092,-0.000340,-0.000145,0.000065,0.984089,0.984089,0.984089
57735.000000,33.578452,-117.064280,477.036822,33.578349,-117.064358,473.324177,-0.000340,-0.000145,0.000065,0.983825,0.983825,0.983825
57750.000000,33.578446,-117.064280,475.791942,33.578349,-117.064358,473.331529,-0.000339,-0.000145,0.000065,0.983570,0.983570,0.983570
57765.000000,33.578451,-117.064278,477.174906,33.578349,-117.064358,473.340770,-0.000339,-0.000145,0.000066,0.983306,0.983306,0.983306
57780.000000,33.578446,-117.064277,476.715201,33.578349,-117.064358,473.349338,-0.000339,-0.000145,0.000066,0.983050,0.983050,0.983050
57795.000000,33.578444,-117.064276,476.360605,33.578349,-117.064358,473.357419,-0.000338,-0.000145,0.000067,0.982794,0.982794,0.982794
57810.000000,33.578441,-117.064275,475.693633,33.578349,-117.064358,473.364598,-0.000338,-0.000145,0.000067,0.982540,0.982540,0.982540
57825.000000,33.578439,-117.064274,475.813404,33.578350,-117.064358,473.371903,-0.000338,-0.000145,0.000067,0.982291,0.982291,0.982291
57840.000000,33.578440,-117.064272,476.132820,33.578350,-117.064358,473.379630,-0.000337,-0.000145,0.000068,0.982039,0.982039,0.982039
57855.000000,33.578437,-117.064270,476.317390,33.578350,-117.064358,473.387607,-0.000337,-0.000145,0.000068,0.981785,0.981785,0.981785
57870.000000,33.578433,-117.064270,475.106909,33.578350,-117.064358,473.393941,-0.000337,-0.000145,0.000068,0.981541,0.981541,0.981541
57885.000000,33.578434,-117.064269,475.529583,33.578350,-117.064358,473.400828,-0.000337,-0.000145,0.000069,0.981294,0.981294,0.981294
57900.000000,33.578431,-117.064270,474.934631,33.578350,-117.064358,473.406917,-0.000336,-0.000145,0.000069,0.981051,0.981051,0.981051
57915.000000,33.578428,-117.064268,474.748951,33.578350,-117.064358,473.412739,-0.000336,-0.000145,0.000069,0.980815,0.980815,0.980815
57930.000000,33.578426,-117.064266,475.022299,33.578350,-117.064357,473.418913,-0.000336,-0.000145,0.000069,0.980576,0.980576,0.980576
57945.000000,33.578425,-117.064263,475.451371,33.578350,-117.064357,473.425632,-0.000335,-0.000145,0.000070,0.980338,0.980338,0.980338
57960.000000,33.578425,-117.064261,475.372982,33.578350,-117.064357,473.432234,-0.000335,-0.000146,0.000070,0.980102,0.980102,0.980102
57975.000000,33.578418,-117.064262,474.058270,33.578350,-117.064357,473.437133,-0.000335,-0.000146,0.000070,0.979869,0.979869,0.979869
57990.000000,33.578417,-117.064260,474.208066,33.578351,-117.064357,473.442215,-0.000334,-0.000146,0.000070,0.979638,0.979638,0.979638
58005.000000,33.578415,-117.064260,473.853728,33.578351,-117.064357,473.446836,-0.000334,-0.000146,0.000071,0.979411,0.979411,0.979411
58020.000000,33.578408,-117.064261,472.895363,33.578351,-117.064357,473.450238,-0.000334,-0.000146,0.000071,0.979185,0.979185,0.979185
58035.000000,33.578413,-117.064258,474.086426,33.578351,-117.064357,473.455151,-0.000333,-0.000146,0.000071,0.978952,0.978952,0.978952
58050.000000,33.578412,-117.064258,473.875895,33.578351,-117.064357,473.459785,-0.000333,-0.000146,0.000071,0.978724,0.978724,0.978724
58065.000000,33.578409,-117.064256,473.567404,33.578351,-117.064357,473.464021,-0.000333,-0.000146,0.000071,0.978495,0.978495,0.978495
58080.000000,33.578408,-117.064255,473.109687,33.578351,-117.064357,473.467676,-0.000332,-0.000146,0.000071,0.978273,0.978273,0.978273
58095.000000,33.578408,-117.064253,473.580158,33.578351,-117.064357,473.471917,-0.000332,-0.000146,0.000072,0.978047,0.978047,0.978047
58110.000000,33.578401,-117.064254,472.082643,33.578351,-117.064356,473.474287,-0.000332,-0.000146,0.000072,0.977831,0.977831,0.977831
58125.000000,33.578400,-117.064252,472.825156,33.578351,-117.064356,473.477571,-0.000331,-0.000146,0.000072,0.977609,0.977609,0.977609
58140.000000,33.578397,-117.064250,472.348711,33.578351,-117.064356,473.480262,-0.000331,-0.000146,0.000072,0.977391,0.977391,0.977391
58155.000000,33.578399,-117.064248,472.938040,33.578351,-117.064356,473.483685,-0.000331,-0.000146,0.000072,0.977173,0.977173,0.977173
58170.000000,33.578395,-117.064248,472.234601,33.578351,-117.064356,473.486222,-0.000330,-0.000146,0.000072,0.976955,0.976955,0.976955
58185.000000,33.578392,-117.064246,472.015946,33.578351,-117.064356,473.488498,-0.000330,-0.000146,0.000072,0.976740,0.976740,0.976740
58200.000000,33.578389,-117.064246,471.544177,33.578351,-117.064356,473.490179,-0.000329,-0.000146,0.000072,0.976525,0.976525,0.976525
58215.000000,33.578387,-117.064245,471.189963,33.578351,-117.064356,473.491438,-0.000329,-0.000146,0.000073,0.976313,0.976313,0.976313
58230.000000,33.578384,-117.064244,471.444517,33.578351,-117.064356,473.493001,-0.000329,-0.000146,0.000073,0.976100,0.976100,0.976100
58245.000000,33.578384,-117.064242,471.646649,33.578351,-117.064356,473.494817,-0.000328,-0.000146,0.000073,0.975888,0.975888,0.975888
58260.000000,33.578379,-117.064242,471.252385,33.578351,-117.064355,473.496144,-0.000328,-0.000146,0.000073,0.975677,0.975677,0.975677
58275.000000,33.578377,-117.064241,470.736304,33.578351,-117.064355,473.496801,-0.000328,-0.000146,0.000073,0.975460,0.975460,0.975460
58290.000000,33.578378,-117.064238,471.054569,33.578351,-117.064355,473.497868,-0.000327,-0.000146,0.000073,0.975246,0.975246,0.975246
58305.000000,33.578373,-117.064237,470.136086,33.578351,-117.064355,473.497829,-0.000327,-0.000146,0.000073,0.975037,0.975037,0.975037
58320.000000,33.578372,-117.064234,470.005849,33.578351,-117.064355,473.497655,-0.000327,-0.000146,0.000073,0.974831,0.974831,0.974831
58335.000000,33.578368,-117.064234,469.910691,33.578351,-117.064355,473.497324,-0.000326,-0.000147,0.000073,0.974620,0.974620,0.974620
58350.000000,33.578365,-117.064232,469.231600,33.578351,-117.064355,473.496218,-0.000326,-0.000147,0.000073,0.974416,0.974416,0.974416
58365.000000,33.578363,-117.064231,468.904113,33.578351,-117.064355,473.494701,-0.000325,-0.000147,0.000073,0.974211,0.974211,0.974211
58380.000000,33.578361,-117.064230,468.654813,33.578351,-117.064355,473.492890,-0.000325,-0.000147,0.000073,0.974007,0.974007,0.974007
58395.000000,33.578357,-117.064230,468.390950,33.578351,-117.064354,473.490725,-0.000325,-0.000147,0.000073,0.973799,0.973799,0.973799
58410.000000,33.578355,-117.064230,468.618672,33.578351,-117.064354,473.488850,-0.000324,-0.000147,0.000072,0.973593,0.973593,0.973593
58425.000000,33.578353,-117.064228,468.651604,33.578351,-117.064354,473.486986,-0.000324,-0.000147,0.000072,0.973384,0.973384,0.973384
58440.000000,33.578351,-117.064225,467.597538,33.578351,-117.064354,473.483946,-0.000323,-0.000147,0.000072,0.973184,0.973184,0.973184
58455.000000,33.578378,-117.064242,461.076969,33.578351,-117.064354,473.468667,-0.000323,-0.000147,0.000072,0.972813,0.972813,0.972813
58470.000000,33.578376,-117.064240,460.115372,33.578352,-117.064354,473.452002,-0.000322,-0.000146,0.000072,0.972445,0.972445,0.972445
58485.000000,33.578376,-117.064240,460.371672,33.578352,-117.064354,473.435929,-0.000321,-0.000146,0.000072,0.972084,0.972084,0.972084
58500.000000,33.578371,-117.064240,459.817356,33.578352,-117.064353,473.418931,-0.000321,-0.000146,0.000071,0.971720,0.971720,0.971720
58515.000000,33.578373,-117.064240,459.542792,33.578352,-117.064353,473.401656,-0.000320,-0.000146,0.000071,0.971360,0.971360,0.971360
58530.000000,33.578369,-117.064237,459.259600,33.578352,-117.064353,473.384161,-0.000320,-0.000145,0.000071,0.971007,0.971007,0.971007
58545.000000,33.578363,-117.064234,457.947582,33.578352,-117.064353,473.364637,-0.000319,-0.000145,0.000071,0.970653,0.970653,0.970653
58560.000000,33.578363,-117.064233,458.349321,33.578352,-117.064353,473.345768,-0.000318,-0.000145,0.000070,0.970299,0.970299,0.970299
58575.000000,33.578359,-117.064234,457.346154,33.578352,-117.064353,473.325477,-0.000318,-0.000144,0.000070,0.969948,0.969948,0.969948
58590.000000,33.578362,-117.064236,457.465143,33.578352,-117.064353,473.305353,-0.000317,-0.000144,0.000070,0.969596,0.969596,0.969596
58605.000000,33.578351,-117.064233,456.604826,33.578352,-117.064352,473.283836,-0.000316,-0.000144,0.000069,0.969241,0.969241,0.969241
58620.000000,33.578353,-117.064233,456.408103,33.578352,-117.064352,473.262078,-0.000316,-0.000144,0.000069,0.968887,0.968887,0.968887
58635.000000,33.578348,-117.064231,455.928314,33.578352,-117.064352,473.239685,-0.000315,-0.000143,0.000069,0.968535,0.968535,0.968535
58650.000000,33.578350,-117.064231,456.309195,33.578352,-117.064352,473.217995,-0.000314,-0.000143,0.000068,0.968186,0.968186,0.968186
58665.000000,33.578345,-117.064229,455.766514,33.578352,-117.064352,473.195426,-0.000314,-0.000143,0.000068,0.967834,0.967834,0.967834
58680.000000,33.578345,-117.064227,454.367702,33.578351,-117.064352,473.171293,-0.000313,-0.000142,0.000067,0.967497,0.967497,0.967497
58695.000000,33.578341,-117.064228,454.712534,33.578351,-117.064352,473.147220,-0.000312,-0.000142,0.000067,0.967147,0.967147,0.967147
58710.000000,33.578339,-117.064228,453.526163,33.578351,-117.064351,473.121668,-0.000312,-0.000142,0.000066,0.966804,0.966804,0.966804
58725.000000,33.578335,-117.064225,453.768641,33.578351,-117.064351,473.096238,-0.000311,-0.000141,0.000066,0.966455,0.966455,0.966455
58740.000000,33.578336,-117.064224,453.226617,33.578351,-117.064351,473.070479,-0.000310,-0.000141,0.000065,0.966117,0.966117,0.966117
58755.000000,33.578335,-117.064224,452.969320,33.578351,-117.064351,473.044402,-0.000310,-0.000141,0.000065,0.965779,0.965779,0.965779
58770.000000,33.578328,-117.064223,452.665121,33.578351,-117.064351,473.017508,-0.000309,-0.000140,0.000064,0.965433,0.965433,0.965433
58785.000000,33.578327,-117.064222,452.383269,33.578351,-117.064351,472.990333,-0.000308,-0.000140,0.000064,0.965089,0.965089,0.965089
58800.000000,33.578325,-117.064223,452.146415,33.578351,-117.064350,472.963003,-0.000307,-0.000140,0.000063,0.964750,0.964750,0.964750
58815.000000,33.578320,-117.064222,451.174211,33.578351,-117.064350,472.934390,-0.000307,-0.000139,0.000063,0.964413,0.964413,0.964413
58830.000000,33.578322,-117.064222,451.134280,33.578351,-117.064350,472.905692,-0.000306,-0.000139,0.000062,0.964075,0.964075,0.964075
58845.000000,33.578318,-117.064219,450.590349,33.578351,-117.064350,472.876240,-0.000305,-0.000139,0.000062,0.963738,0.963738,0.963738
58860.000000,33.578314,-117.064218,450.048442,33.578351,-117.064350,472.846068,-0.000305,-0.000138,0.000061,0.963402,0.963402,0.963402
58875.000000,33.578310,-117.064217,449.374191,33.578351,-117.064350,472.814723,-0.000304,-0.000138,0.000060,0.963062,0.963062,0.963062
58890.000000,33.578307,-117.064217,448.500671,33.578351,-117.064350,472.782234,-0.000303,-0.000137,0.000060,0.962725,0.962725,0.962725
58905.000000,33.578305,-117.064215,447.901250,33.578351,-117.064349,472.749174,-0.000302,-0.000137,0.000059,0.962393,0.962393,0.962393
58920.000000,33.578303,-117.064214,447.666051,33.578351,-117.064349,472.715636,-0.000302,-0.000137,0.000058,0.962058,0.962058,0.962058
58935.000000,33.578299,-117.064213,446.944785,33.578351,-117.064349,472.680967,-0.000301,-0.000136,0.000057,0.961721,0.961721,0.961721
58950.000000,33.578296,-117.064213,446.426326,33.578350,-117.064349,472.645634,-0.000300,-0.000136,0.000057,0.961386,0.961386,0.961386
58965.000000,33.578299,-117.064212,447.469754,33.578350,-117.064349,472.611790,-0.000299,-0.000135,0.000056,0.961048,0.961048,0.961048
58980.000000,33.578291,-117.064210,446.928547,33.578350,-117.064348,472.576658,-0.000299,-0.000135,0.000055,0.960701,0.960701,0.960701
58995.000000,33.578289,-117.064212,446.773262,33.578350,-117.064348,472.541287,-0.000298,-0.000135,0.000054,0.960353,0.960353,0.960353
59010.000000,33.578287,-117.064209,445.517965,33.578350,-117.064348,472.504358,-0.000297,-0.000134,0.000054,0.960011,0.960011,0.960011
59025.000000,33.578284,-117.064210,445.131077,33.578350,-117.064348,472.466856,-0.000296,-0.000134,0.000053,0.959668,0.959668,0.959668
59040.000000,33.578283,-117.064210,444.267692,33.578350,-117.064348,472.428487,-0.000295,-0.000133,0.000052,0.959332,0.959332,0.959332
59055.000000,33.578279,-117.064210,443.807067,33.578350,-117.064348,472.389297,-0.000295,-0.000133,0.000051,0.958993,0.958993,0.958993
59070.000000,33.578278,-117.064208,443.453411,33.578350,-117.064347,472.349825,-0.000294,-0.000132,0.000050,0.958657,0.958657,0.958657
59085.000000,33.578275,-117.064207,443.506224,33.578349,-117.064347,472.310293,-0.000293,-0.000132,0.000049,0.958318,0.958318,0.958318
59100.000000,33.578274,-117.064205,442.937331,33.578349,-117.064347,472.270103,-0.000292,-0.000131,0.000048,0.957982,0.957982,0.957982
59115.000000,33.578270,-117.064206,442.451317,33.578349,-117.064347,472.229390,-0.000291,-0.000131,0.000047,0.957648,0.957648,0.957648
59130.000000,33.578271,-117.064206,442.318235,33.578349,-117.064347,472.188720,-0.000291,-0.000131,0.000046,0.957317,0.957317,0.957317
59145.000000,33.578266,-117.064202,441.557424,33.578349,-117.064347,472.146700,-0.000290,-0.000130,0.000045,0.956982,0.956982,0.956982
59160.000000,33.578262,-117.064201,440.430839,33.578349,-117.064346,472.103075,-0.000289,-0.000130,0.000044,0.956648,0.956648,0.956648
59175.000000,33.578261,-117.064203,440.684397,33.578349,-117.064346,472.059831,-0.000288,-0.000129,0.000043,0.956313,0.956313,0.956313
59190.000000,33.578258,-117.064200,439.718224,33.578348,-117.064346,472.015496,-0.000287,-0.000129,0.000042,0.955982,0.955982,0.955982
59205.000000,33.578255,-117.064200,439.486863,33.578348,-117.064346,471.970479,-0.000286,-0.000128,0.000041,0.955646,0.955646,0.955646
59220.000000,33.578250,-117.064199,438.514898,33.578348,-117.064346,471.924110,-0.000285,-0.000128,0.000040,0.955310,0.955310,0.955310
59235.000000,33.578246,-117.064200,438.462289,33.578348,-117.064345,471.876982,-0.000285,-0.000127,0.000039,0.954964,0.954964,0.954964
59250.000000,33.578246,-117.064198,437.933856,33.578348,-117.064345,471.829580,-0.000284,-0.000127,0.000038,0.954625,0.954625,0.954625
59265.000000,33.578243,-117.064198,437.329048,33.578348,-117.064345,471.781363,-0.000283,-0.000126,0.000037,0.954286,0.954286,0.954286
59280.000000,33.578239,-117.064197,437.024498,33.578347,-117.064345,471.732320,-0.000282,-0.000125,0.000036,0.953941,0.953941,0.953941
59295.000000,33.578237,-117.064197,436.765687,33.578347,-117.064345,471.682988,-0.000281,-0.000125,0.000035,0.953597,0.953597,0.953597
59310.000000,33.578234,-117.064195,436.212826,33.578347,-117.064344,471.632915,-0.000280,-0.000124,0.000034,0.953254,0.953254,0.953254
59325.000000,33.578229,-117.064197,435.700277,33.578347,-117.064344,471.581815,-0.000279,-0.000124,0.000032,0.952906,0.952906,0.952906
59340.000000,33.578227,-117.064194,435.404709,33.578347,-117.064344,471.530477,-0.000278,-0.000123,0.000031,0.952561,0.952561,0.952561
59355.000000,33.578224,-117.064196,435.382834,33.578347,-117.064344,471.478600,-0.000278,-0.000123,0.000030,0.952208,0.952208,0.952208
59370.000000,33.578220,-117.064193,434.457141,33.578346,-117.064344,471.425461,-0.000277,-0.000122,0.000029,0.951856,0.951856,0.951856
59385.000000,33.578218,-117.064194,434.370391,33.578346,-117.064344,471.372001,-0.000276,-0.000122,0.000027,0.951501,0.951501,0.951501
59400.000000,33.578215,-117.064193,433.447668,33.578346,-117.064343,471.316868,-0.000275,-0.000121,0.000026,0.951143,0.951143,0.951143
59415.000000,33.578214,-117.064193,433.563872,33.578346,-117.064343,471.261721,-0.000274,-0.000120,0.000025,0.950781,0.950781,0.950781
59430.000000,33.578212,-117.064191,432.642161,33.578345,-117.064343,471.205636,-0.000273,-0.000120,0.000023,0.950424,0.950424,0.950424
59445.000000,33.578209,-117.064187,431.857120,33.578345,-117.064343,471.148736,-0.000272,-0.000119,0.000022,0.950071,0.950071,0.950071
59460.000000,33.578209,-117.064188,431.997476,33.578345,-117.064342,471.092257,-0.000271,-0.000119,0.000021,0.949720,0.949720,0.949720
59475.000000,33.578204,-117.064188,431.268053,33.578345,-117.064342,471.034031,-0.000270,-0.000118,0.000019,0.949360,0.949360,0.949360
59490.000000,33.578201,-117.064187,430.724802,33.578345,-117.064342,470.975100,-0.000269,-0.000117,0.000018,0.949002,0.949002,0.949002
59505.000000,33.578199,-117.064189,430.021568,33.578344,-117.064342,470.915622,-0.000268,-0.000117,0.000016,0.948649,0.948649,0.948649
59520.000000,33.578194,-117.064186,429.377937,33.578344,-117.064342,470.854725,-0.000267,-0.000116,0.000015,0.948290,0.948290,0.948290
59535.000000,33.578194,-117.064187,429.340392,33.578344,-117.064341,470.793816,-0.000266,-0.000115,0.000013,0.947931,0.947931,0.947931
59550.000000,33.578193,-117.064185,428.884183,33.578344,-117.064341,470.732197,-0.000265,-0.000115,0.000012,0.947571,0.947571,0.947571
59565.000000,33.578186,-117.064183,428.916667,33.578343,-117.064341,470.669716,-0.000264,-0.000114,0.000010,0.947199,0.947199,0.947199
59580.000000,33.578184,-117.064185,428.578593,33.578343,-117.064341,470.607283,-0.000263,-0.000114,0.000009,0.946834,0.946834,0.946834
59595.000000,33.578181,-117.064185,428.016124,33.578343,-117.064341,470.544087,-0.000262,-0.000113,0.000007,0.946469,0.946469,0.946469
59610.000000,33.578180,-117.064186,427.513047,33.578343,-117.064340,470.479804,-0.000261,-0.000112,0.000006,0.946100,0.946100,0.946100
59625.000000,33.578177,-117.064183,427.578419,33.578342,-117.064340,470.415182,-0.000260,-0.000112,0.000004,0.945726,0.945726,0.945726
59640.000000,33.578175,-117.064184,427.028712,33.578342,-117.064340,470.349715,-0.000259,-0.000111,0.000002,0.945350,0.945350,0.945350
59655.000000,33.578170,-117.064180,426.442949,33.578342,-117.064340,470.282950,-0.000258,-0.000110,0.000001,0.944970,0.944970,0.944970
59670.000000,33.578168,-117.064182,425.560365,33.578341,-117.064340,470.215585,-0.000257,-0.000110,-0.000001,0.944598,0.944598,0.944598
59685.000000,33.578164,-117.064179,425.511553,33.578341,-117.064339,470.147070,-0.000256,-0.000109,-0.000003,0.944213,0.944213,0.944213
59700.000000,33.578164,-117.064182,424.696907,33.578341,-117.064339,470.077962,-0.000255,-0.000108,-0.000004,0.943835,0.943835,0.943835
59715.000000,33.578161,-117.064179,424.442243,33.578340,-117.064339,470.008220,-0.000254,-0.000107,-0.000006,0.943454,0.943454,0.943454
59730.000000,33.578158,-117.064179,424.187851,33.578340,-117.064339,469.937508,-0.000253,-0.000107,-0.000008,0.943066,0.943066,0.943066
59745.000000,33.578156,-117.064179,423.975372,33.578340,-117.064338,469.866647,-0.000252,-0.000106,-0.000010,0.942679,0.942679,0.942679
59760.000000,33.578149,-117.064176,422.645898,33.578340,-117.064338,469.792191,-0.000251,-0.000105,-0.000011,0.942277,0.942277,0.942277
59775.000000,33.578148,-117.064178,422.597386,33.578339,-117.064338,469.718605,-0.000250,-0.000104,-0.000013,0.941884,0.941884,0.941884
59790.000000,33.578145,-117.064179,422.592296,33.578339,-117.064338,469.644893,-0.000249,-0.000104,-0.000015,0.941488,0.941488,0.941488
59805.000000,33.578142,-117.064180,423.250060,33.578339,-117.064337,469.571361,-0.000248,-0.000103,-0.000017,0.941083,0.941083,0.941083
59820.000000,33.578140,-117.064178,422.313694,33.578338,-117.064337,469.496408,-0.000247,-0.000102,-0.000019,0.940678,0.940678,0.940678
59835.000000,33.578137,-117.064178,421.620806,33.578338,-117.064337,469.419710,-0.000245,-0.000102,-0.000021,0.940266,0.940266,0.940266
59850.000000,33.578135,-117.064181,420.342073,33.578338,-117.064337,469.341904,-0.000244,-0.000101,-0.000023,0.939862,0.939862,0.939862
59865.000000,33.578132,-117.064179,420.489564,33.578337,-117.064337,469.263575,-0.000243,-0.000100,-0.000025,0.939451,0.939451,0.939451
59880.000000,33.578129,-117.064176,420.425192,33.578337,-117.064336,469.184105,-0.000242,-0.000099,-0.000027,0.939029,0.939029,0.939029
59895.000000,33.578126,-117.064176,419.865716,33.578336,-117.064336,469.103950,-0.000241,-0.000098,-0.000029,0.938608,0.938608,0.938608
59910.000000,33.578124,-117.064177,418.947088,33.578336,-117.064336,469.022289,-0.000240,-0.000098,-0.000031,0.938187,0.938187,0.938187
59925.000000,33.578122,-117.064177,419.403296,33.578336,-117.064336,468.940177,-0.000239,-0.000097,-0.000033,0.937753,0.937753,0.937753
59940.000000,33.578118,-117.064178,419.674303,33.578335,-117.064335,468.857356,-0.000238,-0.000096,-0.000035,0.937308,0.937308,0.937308
59955.000000,33.578117,-117.064180,419.664425,33.578335,-117.064335,468.775200,-0.000236,-0.000095,-0.000037,0.936867,0.936867,0.936867
59970.000000,33.578117,-117.064179,418.677702,33.578334,-117.064335,468.692412,-0.000235,-0.000094,-0.000039,0.936436,0.936436,0.936436
59985.000000,33.578113,-117.064175,417.947764,33.578334,-117.064335,468.607430,-0.000234,-0.000093,-0.000041,0.935995,0.935995,0.935995
60000.000000,33.578111,-117.064173,416.876275,33.578334,-117.064334,468.520760,-0.000233,-0.000093,-0.000043,0.935555,0.935555,0.935555
60015.000000,33.578109,-117.064169,416.745188,33.578333,-117.064334,468.433155,-0.000232,-0.000092,-0.000046,0.935107,0.935107,0.935107
60030.000000,33.578106,-117.064172,416.350266,33.578333,-117.064334,468.345403,-0.000231,-0.000091,-0.000048,0.934663,0.934663,0.934663
60045.000000,33.578104,-117.064177,416.976447,33.578332,-117.064334,468.257885,-0.000229,-0.000090,-0.000050,0.934211,0.934211,0.934211
60060.000000,33.578102,-117.064176,416.589435,33.578332,-117.064333,468.169204,-0.000228,-0.000089,-0.000052,0.933753,0.933753,0.933753
60075.000000,33.578098,-117.064172,415.950360,33.578332,-117.064333,468.078953,-0.000227,-0.000088,-0.000055,0.933290,0.933290,0.933290
60090.000000,33.578096,-117.064174,415.340920,33.578331,-117.064333,467.987405,-0.000226,-0.000087,-0.000057,0.932824,0.932824,0.932824
60105.000000,33.578093,-117.064173,415.330413,33.578331,-117.064333,467.895065,-0.000225,-0.000087,-0.000059,0.932351,0.932351,0.932351
60120.000000,33.578090,-117.064173,414.465579,33.578330,-117.064332,467.801643,-0.000223,-0.000086,-0.000062,0.931880,0.931880,0.931880
60135.000000,33.578087,-117.064174,415.267907,33.578330,-117.064332,467.708065,-0.000222,-0.000085,-0.000064,0.931394,0.931394,0.931394
60150.000000,33.578087,-117.064174,414.796691,33.578329,-117.064332,467.613560,-0.000221,-0.000084,-0.000067,0.930907,0.930907,0.930907
60165.000000,33.578086,-117.064173,414.278603,33.578329,-117.064332,467.518154,-0.000220,-0.000083,-0.000069,0.930419,0.930419,0.930419
60180.000000,33.578082,-117.064172,413.323753,33.578328,-117.064331,467.421282,-0.000218,-0.000082,-0.000071,0.929932,0.929932,0.929932
60195.000000,33.578080,-117.064175,412.910661,33.578328,-117.064331,467.323537,-0.000217,-0.000081,-0.000074,0.929444,0.929444,0.929444
60210.000000,33.578078,-117.064178,413.984267,33.578327,-117.064331,467.227108,-0.000216,-0.000080,-0.000076,0.928948,0.928948,0.928948
60225.000000,33.578076,-117.064177,413.757922,33.578327,-117.064330,467.128914,-0.000215,-0.000079,-0.000079,0.928440,0.928440,0.928440
60240.000000,33.578075,-117.064175,412.405826,33.578326,-117.064330,467.029641,-0.000213,-0.000078,-0.000081,0.927943,0.927943,0.927943
60255.000000,33.578071,-117.064173,412.135545,33.578326,-117.064330,466.928305,-0.000212,-0.000077,-0.000084,0.927432,0.927432,0.927432
60270.000000,33.578069,-117.064173,412.277354,33.578325,-117.064330,466.827588,-0.000211,-0.000076,-0.000087,0.926922,0.926922,0.926922
60285.000000,33.578066,-117.064172,412.094915,33.578325,-117.064329,466.725630,-0.000210,-0.000075,-0.000089,0.926404,0.926404,0.926404
60300.000000,33.578064,-117.064173,411.736168,33.578324,-117.064329,466.622660,-0.000208,-0.000074,-0.000092,0.925882,0.925882,0.925882
60315.000000,33.578064,-117.064170,411.057366,33.578324,-117.064329,466.518515,-0.000207,-0.000073,-0.000095,0.925360,0.925360,0.925360
60330.000000,33.578061,-117.064170,410.655573,33.578323,-117.064329,466.413691,-0.000206,-0.000072,-0.000097,0.924838,0.924838,0.924838
60345.000000,33.578061,-117.064176,411.503764,33.578323,-117.064328,466.310985,-0.000204,-0.000071,-0.000100,0.924318,0.924318,0.924318
60360.000000,33.578056,-117.064174,411.487839,33.578322,-117.064328,466.205965,-0.000203,-0.000070,-0.000103,0.923779,0.923779,0.923779
60375.000000,33.578056,-117.064173,410.525415,33.578322,-117.064328,466.099251,-0.000202,-0.000069,-0.000105,0.923239,0.923239,0.923239
60390.000000,33.578054,-117.064174,410.630301,33.578321,-117.064328,465.992535,-0.000200,-0.000068,-0.000108,0.922697,0.922697,0.922697
60405.000000,33.578053,-117.064173,410.140116,33.578321,-117.064327,465.883772,-0.000199,-0.000067,-0.000111,0.922144,0.922144,0.922144
60420.000000,33.578050,-117.064174,409.992946,33.578320,-117.064327,465.774961,-0.000198,-0.000066,-0.000114,0.921592,0.921592,0.921592
60435.000000,33.578049,-117.064175,409.873891,33.578320,-117.064327,465.665903,-0.000196,-0.000065,-0.000117,0.921039,0.921039,0.921039
60450.000000,33.578048,-117.064173,409.317328,33.578319,-117.064326,465.555066,-0.000195,-0.000064,-0.000119,0.920479,0.920479,0.920479
60465.000000,33.578046,-117.064176,409.853190,33.578318,-117.064326,465.444122,-0.000194,-0.000063,-0.000122,0.919909,0.919909,0.919909
60480.000000,33.578042,-117.064177,409.175213,33.578318,-117.064326,465.331860,-0.000192,-0.000062,-0.000125,0.919337,0.919337,0.919337
60495.000000,33.578041,-117.064173,408.815473,33.578317,-117.064326,465.217338,-0.000191,-0.000061,-0.000128,0.918752,0.918752,0.918752
60510.000000,33.578039,-117.064176,408.736993,33.578317,-117.064325,465.103457,-0.000190,-0.000060,-0.000131,0.918172,0.918172,0.918172
60525.000000,33.578039,-117.064175,408.983717,33.578316,-117.064325,464.991051,-0.000188,-0.000059,-0.000134,0.917598,0.917598,0.917598
60540.000000,33.578035,-117.064173,407.881900,33.578316,-117.064325,464.873705,-0.000187,-0.000058,-0.000137,0.917002,0.917002,0.917002
60555.000000,33.578034,-117.064175,408.090322,33.578315,-117.064324,464.756272,-0.000186,-0.000057,-0.000140,0.916400,0.916400,0.916400
60570.000000,33.578033,-117.064176,408.200640,33.578314,-117.064324,464.639811,-0.000184,-0.000056,-0.000143,0.915803,0.915803,0.915803
60585.000000,33.578032,-117.064177,407.518196,33.578314,-117.064324,464.522955,-0.000183,-0.000055,-0.000146,0.915212,0.915212,0.915212
60600.000000,33.578031,-117.064173,407.511070,33.578313,-117.064324,464.403600,-0.000181,-0.000054,-0.000149,0.914601,0.914601,0.914601
60615.000000,33.578029,-117.064176,407.817641,33.578312,-117.064323,464.285456,-0.000180,-0.000053,-0.000152,0.913993,0.913993,0.913993
60630.000000,33.578028,-117.064174,406.928532,33.578312,-117.064323,464.164105,-0.000179,-0.000052,-0.000156,0.913372,0.913372,0.913372
60645.000000,33.578027,-117.064175,407.164602,33.578311,-117.064323,464.043367,-0.000177,-0.000050,-0.000159,0.912751,0.912751,0.912751
60660.000000,33.578026,-117.064176,407.477847,33.578311,-117.064322,463.922217,-0.000176,-0.000049,-0.000162,0.912120,0.912120,0.912120
60675.000000,33.578024,-117.064177,407.045229,33.578310,-117.064322,463.801395,-0.000174,-0.000048,-0.000165,0.911498,0.911498,0.911498
60690.000000,33.578023,-117.064178,406.541975,33.578309,-117.064322,463.680184,-0.000173,-0.000047,-0.000168,0.910880,0.910880,0.910880
60705.000000,33.578024,-117.064182,406.967860,33.578309,-117.064322,463.561245,-0.000172,-0.000046,-0.000171,0.910272,0.910272,0.910272
60720.000000,33.578021,-117.064178,406.672009,33.578308,-117.064321,463.438492,-0.000170,-0.000045,-0.000174,0.909636,0.909636,0.909636
60735.000000,33.578019,-117.064177,406.179881,33.578307,-117.064321,463.313665,-0.000169,-0.000044,-0.000178,0.908992,0.908992,0.908992
60750.000000,33.578017,-117.064178,406.931290,33.578307,-117.064321,463.188975,-0.000168,-0.000043,-0.000181,0.908333,0.908333,0.908333
60765.000000,33.578014,-117.064176,406.379893,33.578306,-117.064320,463.060406,-0.000166,-0.000041,-0.000184,0.907652,0.907652,0.907652
60780.000000,33.578014,-117.064176,405.662484,33.578305,-117.064320,462.930024,-0.000165,-0.000040,-0.000188,0.906968,0.906968,0.906968
60795.000000,33.578013,-117.064181,406.535485,33.578305,-117.064320,462.803779,-0.000163,-0.000039,-0.000191,0.906300,0.906300,0.906300
60810.000000,33.578012,-117.064180,406.245497,33.578304,-117.064319,462.675305,-0.000162,-0.000038,-0.000194,0.905617,0.905617,0.905617
60825.000000,33.578011,-117.064184,406.184337,33.578303,-117.064319,462.548216,-0.000160,-0.000037,-0.000198,0.904945,0.904945,0.904945
60840.000000,33.578009,-117.064184,406.139923,33.578303,-117.064319,462.421463,-0.000159,-0.000036,-0.000201,0.904276,0.904276,0.904276
60855.000000,33.577968,-117.064077,427.052922,33.578302,-117.064318,462.314820,-0.000157,-0.000036,-0.000205,0.903261,0.903261,0.903261
60870.000000,33.577967,-117.064077,427.215695,33.578300,-117.064317,462.207911,-0.000155,-0.000036,-0.000209,0.902233,0.902233,0.902233
60885.000000,33.577965,-117.064077,426.762116,33.578299,-117.064317,462.098754,-0.000153,-0.000036,-0.000213,0.901192,0.901192,0.901192
60900.000000,33.577963,-117.064077,426.003788,33.578298,-117.064316,461.986442,-0.000152,-0.000036,-0.000217,0.900138,0.900138,0.900138
60915.000000,33.577964,-117.064079,427.792374,33.578297,-117.064315,461.879566,-0.000150,-0.000037,-0.000221,0.899080,0.899080,0.899080
60930.000000,33.577961,-117.064079,427.555793,33.578296,-117.064315,461.769717,-0.000148,-0.000037,-0.000225,0.897990,0.897990,0.897990
60945.000000,33.577961,-117.064079,427.449407,33.578295,-117.064314,461.659587,-0.000146,-0.000037,-0.000229,0.896897,0.896897,0.896897
60960.000000,33.577960,-117.064078,427.161971,33.578294,-117.064313,461.546452,-0.000144,-0.000037,-0.000233,0.895775,0.895775,0.895775
60975.000000,33.577958,-117.064077,426.545473,33.578293,-117.064312,461.430492,-0.000142,-0.000037,-0.000237,0.894639,0.894639,0.894639
60990.000000,33.577958,-117.064078,427.236689,33.578292,-117.064312,461.316654,-0.000140,-0.000038,-0.000241,0.893499,0.893499,0.893499
61005.000000,33.577958,-117.064077,426.172186,33.578290,-117.064311,461.198241,-0.000138,-0.000038,-0.000246,0.892342,0.892342,0.892342
61020.000000,33.577955,-117.064078,426.517362,33.578289,-117.064310,461.079499,-0.000136,-0.000038,-0.000250,0.891162,0.891162,0.891162
61035.000000,33.577956,-117.064079,426.602432,33.578288,-117.064309,460.962134,-0.000134,-0.000038,-0.000254,0.889994,0.889994,0.889994
61050.000000,33.577957,-117.064065,419.364960,33.578287,-117.064309,460.864880,-0.000133,-0.000038,-0.000257,0.889301,0.889301,0.889301
61065.000000,33.577956,-117.064063,418.942603,33.578287,-117.064308,460.764902,-0.000131,-0.000038,-0.000261,0.888588,0.888588,0.888588
61080.000000,33.577956,-117.064062,418.596846,33.578286,-117.064308,460.664097,-0.000129,-0.000038,-0.000264,0.887873,0.887873,0.887873
61095.000000,33.577955,-117.064061,418.315737,33.578285,-117.064307,460.560658,-0.000128,-0.000038,-0.000267,0.887135,0.887135,0.887135
61110.000000,33.577955,-117.064060,417.947936,33.578284,-117.064306,460.455083,-0.000126,-0.000037,-0.000270,0.886384,0.886384,0.886384
61125.000000,33.577955,-117.064060,417.570288,33.578283,-117.064306,460.346393,-0.000124,-0.000037,-0.000274,0.885607,0.885607,0.885607
61140.000000,33.577954,-117.064059,416.534911,33.578282,-117.064305,460.233662,-0.000122,-0.000037,-0.000277,0.884815,0.884815,0.884815
61155.000000,33.577952,-117.064059,416.041828,33.578281,-117.064305,460.118639,-0.000121,-0.000037,-0.000281,0.884010,0.884010,0.884010
61170.000000,33.577953,-117.064060,416.122979,33.578281,-117.064304,460.002368,-0.000119,-0.000036,-0.000285,0.883188,0.883188,0.883188
61185.000000,33.577952,-117.064058,414.739083,33.578280,-117.064303,459.879826,-0.000117,-0.000036,-0.000288,0.882339,0.882339,0.882339
61200.000000,33.577950,-117.064057,414.492984,33.578279,-117.064303,459.755881,-0.000115,-0.000036,-0.000292,0.881481,0.881481,0.881481
61215.000000,33.577948,-117.064053,413.325654,33.578278,-117.064302,459.629268,-0.000113,-0.000035,-0.000296,0.880625,0.880625,0.880625
61230.000000,33.577949,-117.064055,413.275219,33.578277,-117.064301,459.501895,-0.000111,-0.000035,-0.000300,0.879761,0.879761,0.879761
61245.000000,33.577948,-117.064055,413.593761,33.578276,-117.064301,459.371518,-0.000109,-0.000034,-0.000304,0.878858,0.878858,0.878858
61260.000000,33.577948,-117.064052,412.631701,33.578275,-117.064300,459.236681,-0.000107,-0.000034,-0.000308,0.877936,0.877936,0.877936
61275.000000,33.577948,-117.064051,412.059896,33.578274,-117.064299,459.102159,-0.000105,-0.000033,-0.000312,0.877030,0.877030,0.877030
61290.000000,33.577946,-117.064053,412.663531,33.578273,-117.064299,458.964983,-0.000103,-0.000033,-0.000316,0.876081,0.876081,0.876081
61305.000000,33.577946,-117.064050,411.543697,33.578272,-117.064298,458.824867,-0.000101,-0.000033,-0.000320,0.875132,0.875132,0.875132
61320.000000,33.577947,-117.064049,411.414086,33.578271,-117.064297,458.681988,-0.000098,-0.000032,-0.000324,0.874159,0.874159,0.874159
61335.000000,33.577947,-117.064047,409.952165,33.578270,-117.064296,458.533959,-0.000096,-0.000031,-0.000329,0.873177,0.873177,0.873177
61350.000000,33.577945,-117.064049,409.490260,33.578269,-117.064296,458.378388,-0.000094,-0.000031,-0.000333,0.872137,0.872137,0.872137
61365.000000,33.577946,-117.064049,409.473918,33.578268,-117.064295,458.220548,-0.000091,-0.000030,-0.000338,0.871074,0.871074,0.871074
61380.000000,33.577945,-117.064049,408.742848,33.578267,-117.064294,458.058819,-0.000089,-0.000029,-0.000342,0.869996,0.869996,0.869996
61395.000000,33.577945,-117.064050,407.836433,33.578266,-117.064293,457.892041,-0.000086,-0.000029,-0.000347,0.868896,0.868896,0.868896
61410.000000,33.577945,-117.064048,408.257400,33.578264,-117.064292,457.725204,-0.000084,-0.000028,-0.000352,0.867780,0.867780,0.867780
61425.000000,33.577945,-117.064048,407.559231,33.578263,-117.064292,457.552506,-0.000081,-0.000027,-0.000357,0.866631,0.866631,0.866631
61440.000000,33.577944,-117.064045,406.967133,33.578262,-117.064291,457.380022,-0.000079,-0.000026,-0.000362,0.865498,0.865498,0.865498
61455.000000,33.577943,-117.064049,407.045730,33.578261,-117.064290,457.206077,-0.000076,-0.000025,-0.000367,0.864347,0.864347,0.864347
61470.000000,33.577943,-117.064048,406.451559,33.578260,-117.064289,457.025182,-0.000073,-0.000025,-0.000372,0.863151,0.863151,0.863151
61485.000000,33.577944,-117.064046,406.196671,33.578259,-117.064288,456.841377,-0.000071,-0.000024,-0.000377,0.861934,0.861934,0.861934
61500.000000,33.577945,-117.064046,405.525165,33.578258,-117.064287,456.650982,-0.000068,-0.000023,-0.000382,0.860679,0.860679,0.860679
61515.000000,33.577945,-117.064047,405.055955,33.578256,-117.064287,456.457706,-0.000065,-0.000022,-0.000387,0.859411,0.859411,0.859411
61530.000000,33.577944,-117.064046,405.088227,33.578255,-117.064286,456.261239,-0.000062,-0.000021,-0.000393,0.858111,0.858111,0.858111
61545.000000,33.577945,-117.064047,404.868333,33.578254,-117.064285,456.062639,-0.000059,-0.000019,-0.000398,0.856797,0.856797,0.856797
61560.000000,33.577944,-117.064046,404.355088,33.578253,-117.064284,455.856834,-0.000056,-0.000018,-0.000404,0.855435,0.855435,0.855435
61575.000000,33.577942,-117.064047,404.778926,33.578251,-117.064283,455.650279,-0.000053,-0.000017,-0.000410,0.854049,0.854049,0.854049
61590.000000,33.577944,-117.064045,403.729210,33.578250,-117.064282,455.438047,-0.000050,-0.000016,-0.000415,0.852647,0.852647,0.852647
61605.000000,33.577944,-117.064046,403.078306,33.578249,-117.064281,455.220305,-0.000047,-0.000015,-0.000421,0.851217,0.851217,0.851217
61620.000000,33.577942,-117.064046,403.389402,33.578247,-117.064280,454.998269,-0.000043,-0.000014,-0.000427,0.849737,0.849737,0.849737
61635.000000,33.577943,-117.064048,404.025359,33.578246,-117.064279,454.774425,-0.000040,-0.000012,-0.000434,0.848214,0.848214,0.848214
61650.000000,33.577945,-117.064047,402.527736,33.578245,-117.064278,454.540828,-0.000037,-0.000011,-0.000440,0.846661,0.846661,0.846661
61665.000000,33.577944,-117.064046,401.771286,33.578243,-117.064277,454.302262,-0.000033,-0.000010,-0.000446,0.845089,0.845089,0.845089
61680.000000,33.577946,-117.064045,401.812162,33.578242,-117.064276,454.061038,-0.000030,-0.000008,-0.000453,0.843490,0.843490,0.843490
61695.000000,33.577945,-117.064046,401.885135,33.578240,-117.064275,453.816195,-0.000026,-0.000007,-0.000459,0.841853,0.841853,0.841853
61710.000000,33.577944,-117.064046,401.624094,33.578239,-117.064274,453.563309,-0.000023,-0.000005,-0.000466,0.840156,0.840156,0.840156
61725.000000,33.577945,-117.064046,400.776144,33.578237,-117.064273,453.304697,-0.000019,-0.000003,-0.000473,0.838440,0.838440,0.838440
61740.000000,33.577944,-117.064048,401.374112,33.578236,-117.064272,453.040007,-0.000015,-0.000002,-0.000480,0.836645,0.836645,0.836645
61755.000000,33.577944,-117.064048,401.320755,33.578234,-117.064270,452.772574,-0.000011,-0.000000,-0.000487,0.834824,0.834824,0.834824
61770.000000,33.577945,-117.064048,400.995680,33.578233,-117.064269,452.496560,-0.000007,0.000002,-0.000494,0.832941,0.832941,0.832941
61785.000000,33.577945,-117.064047,400.014500,33.578231,-117.064268,452.212269,-0.000003,0.000003,-0.000502,0.831026,0.831026,0.831026
61800.000000,33.577946,-117.064047,399.806746,33.578230,-117.064267,451.928238,0.000001,0.000005,-0.000509,0.829115,0.829115,0.829115
61815.000000,33.577946,-117.064046,400.049887,33.578228,-117.064266,451.640092,0.000005,0.000007,-0.000516,0.827154,0.827154,0.827154
61830.000000,33.577946,-117.064050,399.901492,33.578226,-117.064264,451.348896,0.000009,0.000009,-0.000524,0.825168,0.825168,0.825168
61845.000000,33.577948,-117.064048,399.695895,33.578225,-117.064263,451.050817,0.000013,0.000011,-0.000532,0.823128,0.823128,0.823128
61860.000000,33.577945,-117.064048,399.726114,33.578223,-117.064262,450.752043,0.000017,0.000013,-0.000540,0.821073,0.821073,0.821073
61875.000000,33.577945,-117.064049,399.635571,33.578221,-117.064261,450.445727,0.000022,0.000015,-0.000548,0.818955,0.818955,0.818955
61890.000000,33.577947,-117.064049,398.755355,33.578220,-117.064259,450.131024,0.000026,0.000017,-0.000556,0.816802,0.816802,0.816802
61905.000000,33.577948,-117.064050,398.467388,33.578218,-117.064258,449.807067,0.000031,0.000020,-0.000564,0.814582,0.814582,0.814582
61920.000000,33.577949,-117.064047,397.667802,33.578216,-117.064257,449.481785,0.000035,0.000022,-0.000572,0.812380,0.812380,0.812380
61935.000000,33.577948,-117.064050,398.129313,33.578214,-117.064255,449.137622,0.000040,0.000024,-0.000581,0.809998,0.809998,0.809998
61950.000000,33.577949,-117.064050,397.497974,33.578213,-117.064254,448.785975,0.000045,0.000027,-0.000590,0.807579,0.807579,0.807579
61965.000000,33.577949,-117.064051,397.953200,33.578211,-117.064253,448.432953,0.000050,0.000029,-0.000599,0.805115,0.805115,0.805115
61980.000000,33.577950,-117.064052,397.749576,33.578209,-117.064251,448.072601,0.000055,0.000032,-0.000608,0.802592,0.802592,0.802592
61995.000000,33.577948,-117.064054,398.644656,33.578207,-117.064250,447.707957,0.000060,0.000034,-0.000617,0.799972,0.799972,0.799972
62010.000000,33.577949,-117.064054,397.557583,33.578205,-117.064248,447.339979,0.000065,0.000037,-0.000626,0.797376,0.797376,0.797376
62025.000000,33.577950,-117.064054,397.480015,33.578203,-117.064247,446.970827,0.000070,0.000040,-0.000636,0.794764,0.794764,0.794764
62040.000000,33.577950,-117.064055,396.807636,33.578201,-117.064246,446.584206,0.000075,0.000043,-0.000645,0.792040,0.792040,0.792040
62055.000000,33.577949,-117.064055,397.520662,33.578199,-117.064244,446.192425,0.000080,0.000046,-0.000655,0.789217,0.789217,0.789217
62070.000000,33.577951,-117.064055,397.201075,33.578197,-117.064243,445.789805,0.000086,0.000049,-0.000665,0.786312,0.786312,0.786312
62085.000000,33.577953,-117.064055,396.684211,33.578195,-117.064241,445.390327,0.000091,0.000052,-0.000675,0.783453,0.783453,0.783453
62100.000000,33.577951,-117.064057,397.592782,33.578193,-117.064239,444.972479,0.000097,0.000055,-0.000686,0.780367,0.780367,0.780367
62115.000000,33.577953,-117.064058,397.253040,33.578191,-117.064238,444.561586,0.000103,0.000058,-0.000696,0.777346,0.777346,0.777346
62130.000000,33.577954,-117.064059,397.468918,33.578189,-117.064236,444.143121,0.000108,0.000061,-0.000706,0.774231,0.774231,0.774231
62145.000000,33.577952,-117.064059,396.908331,33.578186,-117.064235,443.706254,0.000114,0.000064,-0.000717,0.770989,0.770989,0.770989
62160.000000,33.577953,-117.064058,396.527166,33.578184,-117.064233,443.263248,0.000120,0.000068,-0.000728,0.767707,0.767707,0.767707
62175.000000,33.577954,-117.064058,396.318105,33.578182,-117.064231,442.816358,0.000126,0.000071,-0.000739,0.764390,0.764390,0.764390
62190.000000,33.577955,-117.064059,395.693171,33.578180,-117.064230,442.356413,0.000132,0.000075,-0.000750,0.760996,0.760996,0.760996
62205.000000,33.577954,-117.064061,397.030044,33.578177,-117.064228,441.883773,0.000139,0.000078,-0.000762,0.757366,0.757366,0.757366
62220.000000,33.577956,-117.064060,395.871381,33.578175,-117.064226,441.398779,0.000145,0.000082,-0.000774,0.753711,0.753711,0.753711
62235.000000,33.577955,-117.064062,396.118685,33.578172,-117.064224,440.898676,0.000152,0.000086,-0.000786,0.749884,0.749884,0.749884
62250.000000,33.577958,-117.064063,395.748446,33.578170,-117.064223,440.397187,0.000158,0.000090,-0.000798,0.746055,0.746055,0.746055
62265.000000,33.577958,-117.064062,395.450216,33.578167,-117.064221,439.887716,0.000165,0.000094,-0.000811,0.742162,0.742162,0.742162
62280.000000,33.577959,-117.064065,395.675730,33.578165,-117.064219,439.365248,0.000172,0.000099,-0.000823,0.738111,0.738111,0.738111
62295.000000,33.577959,-117.064066,395.110335,33.578163,-117.064217,438.840737,0.000179,0.000103,-0.000836,0.734072,0.734072,0.734072
62310.000000,33.577958,-117.064067,395.132095,33.578160,-117.064215,438.303817,0.000186,0.000108,-0.000849,0.729897,0.729897,0.729897
62325.000000,33.577959,-117.064065,395.026139,33.578157,-117.064214,437.779617,0.000193,0.000112,-0.000861,0.725811,0.725811,0.725811
62340.000000,33.577960,-117.064067,395.005924,33.578155,-117.064212,437.229506,0.000200,0.000117,-0.000875,0.721478,0.721478,0.721478
62355.000000,33.577961,-117.064066,394.802269,33.578152,-117.064210,436.673187,0.000207,0.000121,-0.000888,0.717081,0.717081,0.717081
62370.000000,33.577962,-117.064067,395.072408,33.578150,-117.064208,436.112471,0.000215,0.000126,-0.000901,0.712582,0.712582,0.712582
62385.000000,33.577963,-117.064068,394.460950,33.578147,-117.064206,435.561247,0.000222,0.000131,-0.000914,0.708200,0.708200,0.708200
62400.000000,33.577963,-117.064068,394.385189,33.578145,-117.064204,434.994806,0.000229,0.000136,-0.000928,0.703662,0.703662,0.703662
62415.000000,33.577962,-117.064069,394.183277,33.578142,-117.064202,434.406401,0.000237,0.000141,-0.000941,0.698921,0.698921,0.698921
62430.000000,33.577964,-117.064070,394.390965,33.578139,-117.064200,433.816531,0.000244,0.000146,-0.000955,0.694102,0.694102,0.694102
62445.000000,33.577967,-117.064072,394.510855,33.578137,-117.064198,433.192455,0.000252,0.000151,-0.000970,0.688922,0.688922,0.688922
62460.000000,33.577966,-117.064073,394.967801,33.578134,-117.064196,432.557088,0.000260,0.000157,-0.000985,0.683526,0.683526,0.683526
62475.000000,33.577966,-117.064074,394.327276,33.578131,-117.064194,431.950745,0.000268,0.000162,-0.000999,0.678437,0.678437,0.678437
62490.000000,33.577965,-117.064073,394.600295,33.578128,-117.064192,431.345261,0.000276,0.000168,-0.001013,0.673271,0.673271,0.673271
62505.000000,33.577968,-117.064075,393.961701,33.578126,-117.064190,430.724378,0.000284,0.000173,-0.001027,0.668010,0.668010,0.668010
62520.000000,33.577968,-117.064077,394.723361,33.578123,-117.064188,430.076105,0.000292,0.000179,-0.001042,0.662326,0.662326,0.662326
62535.000000,33.577967,-117.064076,394.992680,33.578120,-117.064186,429.414957,0.000300,0.000185,-0.001058,0.656414,0.656414,0.656414
62550.000000,33.577970,-117.064078,394.702076,33.578117,-117.064184,428.758841,0.000308,0.000191,-0.001073,0.650540,0.650540,0.650540
62565.000000,33.577971,-117.064078,394.837102,33.578114,-117.064182,428.095705,0.000317,0.000197,-0.001088,0.644511,0.644511,0.644511
62580.000000,33.577971,-117.064078,394.551930,33.578111,-117.064180,427.397303,0.000325,0.000204,-0.001104,0.638127,0.638127,0.638127
62595.000000,33.577971,-117.064080,394.553728,33.578108,-117.064178,426.677452,0.000334,0.000210,-0.001121,0.631457,0.631457,0.631457
62610.000000,33.577971,-117.064079,394.592023,33.578105,-117.064176,426.011060,0.000343,0.000216,-0.001136,0.625229,0.625229,0.625229
62625.000000,33.577973,-117.064081,394.159160,33.578102,-117.064174,425.334310,0.000351,0.000223,-0.001152,0.618915,0.618915,0.618915
62640.000000,33.577976,-117.064082,393.815314,33.578099,-117.064172,424.648475,0.000359,0.000229,-0.001167,0.612508,0.612508,0.612508
62655.000000,33.577975,-117.064081,393.489017,33.578096,-117.064170,423.955078,0.000368,0.000236,-0.001183,0.606019,0.606019,0.606019
62670.000000,33.577975,-117.064085,394.078551,33.578094,-117.064168,423.251672,0.000377,0.000243,-0.001198,0.599210,0.599210,0.599210
62685.000000,33.578303,-117.064292,493.587645,33.578093,-117.064168,423.247787,0.000376,0.000243,-0.001198,0.599386,0.599386,0.599386
62700.000000,33.578307,-117.064295,493.510523,33.578093,-117.064168,423.243676,0.000376,0.000243,-0.001198,0.599563,0.599563,0.599563
62715.000000,33.578307,-117.064297,492.837153,33.578093,-117.064168,423.239501,0.000376,0.000243,-0.001198,0.599740,0.599740,0.599740
62730.000000,33.578309,-117.064296,491.533784,33.578093,-117.064168,423.235116,0.000376,0.000242,-0.001197,0.599917,0.599917,0.599917
62745.000000,33.578309,-117.064298,490.916592,33.578093,-117.064168,423.230586,0.000376,0.000242,-0.001197,0.600094,0.600094,0.600094
62760.000000,33.578313,-117.064299,490.288394,33.578093,-117.064168,423.225948,0.000376,0.000242,-0.001197,0.600271,0.600271,0.600271
62775.000000,33.578312,-117.064302,489.535563,33.578093,-117.064168,423.221188,0.000376,0.000242,-0.001197,0.600449,0.600449,0.600449
62790.000000,33.578313,-117.064303,489.470077,33.578093,-117.064168,423.216389,0.000376,0.000242,-0.001197,0.600626,0.600626,0.600626
62805.000000,33.578315,-117.064304,487.939091,33.578093,-117.064168,423.211367,0.000375,0.000242,-0.001196,0.600804,0.600804,0.600804
62820.000000,33.578314,-117.064306,488.139506,33.578093,-117.064168,423.206368,0.000375,0.000242,-0.001196,0.600981,0.600981,0.600981
62835.000000,33.578317,-117.064307,487.138358,33.578093,-117.064168,423.201155,0.000375,0.000242,-0.001196,0.601159,0.601159,0.601159
62850.000000,33.578318,-117.064310,486.871455,33.578093,-117.064168,423.195887,0.000375,0.000242,-0.001196,0.601337,0.601337,0.601337
62865.000000,33.578322,-117.064311,485.055394,33.578093,-117.064168,423.190328,0.000375,0.000241,-0.001196,0.601516,0.601516,0.601516
62880.000000,33.578320,-117.064313,485.295824,33.578093,-117.064168,423.184787,0.000375,0.000241,-0.001195,0.601694,0.601694,0.601694
62895.000000,33.578327,-117.064313,482.929025,33.578092,-117.064168,423.178869,0.000375,0.000241,-0.001195,0.601873,0.601873,0.601873
62910.000000,33.578322,-117.064317,483.358189,33.578092,-117.064167,423.173048,0.000375,0.000241,-0.001195,0.602051,0.602051,0.602051
62925.000000,33.578327,-117.064317,481.565329,33.578092,-117.064167,423.166876,0.000375,0.000241,-0.001195,0.602230,0.602230,0.602230
62940.000000,33.578327,-117.064317,481.357857,33.578092,-117.064167,423.160738,0.000375,0.000241,-0.001195,0.602409,0.602409,0.602409
62955.000000,33.578328,-117.064318,480.629466,33.578092,-117.064167,423.154428,0.000374,0.000241,-0.001194,0.602588,0.602588,0.602588
62970.000000,33.578326,-117.064322,480.196336,33.578092,-117.064167,423.148141,0.000374,0.000241,-0.001194,0.602766,0.602766,0.602766
62985.000000,33.578330,-117.064324,479.099827,33.578092,-117.064167,423.141616,0.000374,0.000241,-0.001194,0.602945,0.602945,0.602945
63000.000000,33.578332,-117.064326,478.111797,33.578092,-117.064167,423.134986,0.000374,0.000241,-0.001194,0.603124,0.603124,0.603124
63015.000000,33.578336,-117.064328,476.574134,33.578092,-117.064167,423.128102,0.000374,0.000241,-0.001194,0.603303,0.603303,0.603303
63030.000000,33.578336,-117.064329,476.085529,33.578092,-117.064167,423.121163,0.000374,0.000241,-0.001193,0.603482,0.603482,0.603482
63045.000000,33.578335,-117.064331,475.935396,33.578092,-117.064167,423.114165,0.000374,0.000240,-0.001193,0.603662,0.603662,0.603662
63060.000000,33.578335,-117.064332,475.121828,33.578092,-117.064167,423.107062,0.000374,0.000240,-0.001193,0.603841,0.603841,0.603841
63075.000000,33.578338,-117.064334,473.800202,33.578092,-117.064167,423.099764,0.000374,0.000240,-0.001193,0.604020,0.604020,0.604020
63090.000000,33.578338,-117.064334,472.968412,33.578092,-117.064167,423.092314,0.000374,0.000240,-0.001193,0.604200,0.604200,0.604200
63105.000000,33.578341,-117.064336,472.096345,33.578091,-117.064167,423.084753,0.000373,0.000240,-0.001193,0.604380,0.604380,0.604380
63120.000000,33.578342,-117.064338,470.962839,33.578091,-117.064167,423.077047,0.000373,0.000240,-0.001192,0.604559,0.604559,0.604559
63135.000000,33.578345,-117.064340,470.649825,33.578091,-117.064167,423.069215,0.000373,0.000240,-0.001192,0.604739,0.604739,0.604739
63150.000000,33.578341,-117.064342,470.774179,33.578091,-117.064167,423.061478,0.000373,0.000240,-0.001192,0.604919,0.604919,0.604919
63165.000000,33.578346,-117.064344,468.566381,33.578091,-117.064167,423.053423,0.000373,0.000240,-0.001192,0.605098,0.605098,0.605098
63180.000000,33.578349,-117.064348,468.464311,33.578091,-117.064167,423.045281,0.000373,0.000240,-0.001192,0.605279,0.605279,0.605279
63195.000000,33.578352,-117.064348,466.634808,33.578091,-117.064167,423.036920,0.000373,0.000240,-0.001191,0.605458,0.605458,0.605458
63210.000000,33.578351,-117.064351,466.446152,33.578091,-117.064167,423.028519,0.000373,0.000240,-0.001191,0.605638,0.605638,0.605638
63225.000000,33.578356,-117.064352,464.922668,33.578091,-117.064167,423.019862,0.000373,0.000240,-0.001191,0.605819,0.605819,0.605819
63240.000000,33.578339,-117.064286,477.359719,33.578091,-117.064167,423.015499,0.000373,0.000240,-0.001191,0.605985,0.605985,0.605985
63255.000000,33.578340,-117.064292,475.034823,33.578091,-117.064167,423.010745,0.000373,0.000240,-0.001191,0.606151,0.606151,0.606151
63270.000000,33.578336,-117.064283,477.346701,33.578091,-117.064167,423.006358,0.000372,0.000240,-0.001190,0.606318,0.606318,0.606318
63285.000000,33.578338,-117.064280,477.613993,33.578091,-117.064167,423.001906,0.000372,0.000239,-0.001190,0.606485,0.606485,0.606485
63300.000000,33.578341,-117.064289,475.912335,33.578091,-117.064167,422.997164,0.000372,0.000239,-0.001190,0.606652,0.606652,0.606652
63315.000000,33.578343,-117.064282,475.689648,33.578091,-117.064167,422.992302,0.000372,0.000239,-0.001190,0.606820,0.606820,0.606820
63330.000000,33.578345,-117.064292,473.688941,33.578091,-117.064167,422.987137,0.000372,0.000239,-0.001189,0.606987,0.606987,0.606987
63345.000000,33.578345,-117.064291,473.502837,33.578090,-117.064167,422.981923,0.000372,0.000239,-0.001189,0.607155,0.607155,0.607155
63360.000000,33.578343,-117.064287,473.962129,33.578090,-117.064167,422.976732,0.000372,0.000239,-0.001189,0.607323,0.607323,0.607323
63375.000000,33.578346,-117.064294,472.350147,33.578090,-117.064167,422.971190,0.000372,0.000239,-0.001189,0.607491,0.607491,0.607491
63390.000000,33.578344,-117.064294,472.594463,33.578090,-117.064167,422.965787,0.000372,0.000239,-0.001188,0.607659,0.607659,0.607659
63405.000000,33.578344,-117.064284,473.502798,33.578090,-117.064167,422.960482,0.000372,0.000239,-0.001188,0.607827,0.607827,0.607827
63420.000000,33.578344,-117.064284,473.299313,33.578090,-117.064167,422.955151,0.000371,0.000239,-0.001188,0.607995,0.607995,0.607995
63435.000000,33.578347,-117.064285,471.215919,33.578090,-117.064167,422.949413,0.000371,0.000239,-0.001188,0.608163,0.608163,0.608163
63450.000000,33.578349,-117.064283,470.846879,33.578090,-117.064167,422.943605,0.000371,0.000239,-0.001188,0.608332,0.608332,0.608332
63465.000000,33.578347,-117.064279,471.216489,33.578090,-117.064167,422.937915,0.000371,0.000238,-0.001187,0.608500,0.608500,0.608500
63480.000000,33.578350,-117.064296,468.490791,33.578090,-117.064167,422.931728,0.000371,0.000238,-0.001187,0.608668,0.608668,0.608668
63495.000000,33.578349,-117.064299,468.115956,33.578090,-117.064167,422.925502,0.000371,0.000238,-0.001187,0.608836,0.608836,0.608836
63510.000000,33.578348,-117.064285,469.511585,33.578090,-117.064167,422.919509,0.000371,0.000238,-0.001187,0.609004,0.609004,0.609004
63525.000000,33.578349,-117.064285,468.710213,33.578090,-117.064167,422.913293,0.000371,0.000238,-0.001186,0.609173,0.609173,0.609173
63540.000000,33.578351,-117.064294,467.313110,33.578090,-117.064167,422.906901,0.000371,0.000238,-0.001186,0.609341,0.609341,0.609341
63555.000000,33.578352,-117.064280,468.419611,33.578090,-117.064167,422.900637,0.000371,0.000238,-0.001186,0.609510,0.609510,0.609510
63570.000000,33.578352,-117.064281,468.431865,33.578090,-117.064167,422.894363,0.000371,0.000238,-0.001186,0.609678,0.609678,0.609678
63585.000000,33.578356,-117.064290,465.981772,33.578090,-117.064167,422.887704,0.000370,0.000238,-0.001186,0.609847,0.609847,0.609847
63600.000000,33.578358,-117.064292,465.066008,33.578089,-117.064167,422.880814,0.000370,0.000238,-0.001185,0.610016,0.610016,0.610016
63615.000000,33.578354,-117.064286,465.997329,33.578089,-117.064167,422.874172,0.000370,0.000238,-0.001185,0.610184,0.610184,0.610184
63630.000000,33.578352,-117.064283,466.632087,33.578089,-117.064167,422.867637,0.000370,0.000238,-0.001185,0.610353,0.610353,0.610353
63645.000000,33.578358,-117.064293,463.700939,33.578089,-117.064167,422.860592,0.000370,0.000238,-0.001185,0.610521,0.610521,0.610521
63660.000000,33.578359,-117.064288,463.708101,33.578089,-117.064167,422.853493,0.000370,0.000238,-0.001184,0.610690,0.610690,0.610690
63675.000000,33.578357,-117.064283,463.789574,33.578089,-117.064167,422.846408,0.000370,0.000238,-0.001184,0.610859,0.610859,0.610859
63690.000000,33.578357,-117.064286,462.986400,33.578089,-117.064167,422.839259,0.000370,0.000238,-0.001184,0.611028,0.611028,0.611028
63705.000000,33.578357,-117.064285,462.616999,33.578089,-117.064167,422.832045,0.000370,0.000238,-0.001184,0.611196,0.611196,0.611196
63720.000000,33.578359,-117.064287,461.315464,33.578089,-117.064167,422.824603,0.000370,0.000238,-0.001184,0.611364,0.611364,0.611364
63735.000000,33.578358,-117.064282,462.351931,33.578089,-117.064167,422.817324,0.000370,0.000237,-0.001183,0.611533,0.611533,0.611533
63750.000000,33.578361,-117.064286,460.897971,33.578089,-117.064167,422.809802,0.000370,0.000237,-0.001183,0.611701,0.611701,0.611701
63765.000000,33.578357,-117.064287,461.185815,33.578089,-117.064167,422.802362,0.000369,0.000237,-0.001183,0.611870,0.611870,0.611870
63780.000000,33.578357,-117.064292,460.472288,33.578089,-117.064167,422.794845,0.000369,0.000237,-0.001183,0.612038,0.612038,0.612038
63795.000000,33.578360,-117.064285,460.038835,33.578089,-117.064167,422.787125,0.000369,0.000237,-0.001183,0.612207,0.612207,0.612207
63810.000000,33.578362,-117.064284,460.221667,33.578089,-117.064167,422.779391,0.000369,0.000237,-0.001182,0.612376,0.612376,0.612376
63825.000000,33.578360,-117.064284,460.297881,33.578089,-117.064167,422.771719,0.000369,0.000237,-0.001182,0.612545,0.612545,0.612545
63840.000000,33.578361,-117.064293,458.702931,33.578089,-117.064167,422.763755,0.000369,0.000237,-0.001182,0.612714,0.612714,0.612714
63855.000000,33.578365,-117.064293,457.568640,33.578089,-117.064167,422.755596,0.000369,0.000237,-0.001182,0.612883,0.612883,0.612883
63870.000000,33.578366,-117.064289,457.501488,33.578088,-117.064167,422.747403,0.000369,0.000237,-0.001182,0.613052,0.613052,0.613052
63885.000000,33.578367,-117.064288,456.669815,33.578088,-117.064167,422.739045,0.000369,0.000237,-0.001181,0.613222,0.613222,0.613222
63900.000000,33.578367,-117.064288,456.564776,33.578088,-117.064167,422.730654,0.000369,0.000237,-0.001181,0.613391,0.613391,0.613391
63915.000000,33.578365,-117.064292,455.774211,33.578088,-117.064167,422.722129,0.000369,0.000237,-0.001181,0.613561,0.613561,0.613561
63930.000000,33.578369,-117.064293,454.656283,33.578088,-117.064167,422.713398,0.000369,0.000237,-0.001181,0.613730,0.613730,0.613730
63945.000000,33.578366,-117.064287,456.187180,33.578088,-117.064167,422.704950,0.000369,0.000237,-0.001181,0.613900,0.613900,0.613900
63960.000000,33.578370,-117.064281,455.303603,33.578088,-117.064167,422.696282,0.000369,0.000237,-0.001180,0.614070,0.614070,0.614070
63975.000000,33.578370,-117.064284,454.044310,33.578088,-117.064167,422.687403,0.000368,0.000237,-0.001180,0.614241,0.614241,0.614241
63990.000000,33.578366,-117.064291,454.323203,33.578088,-117.064167,422.678640,0.000368,0.000237,-0.001180,0.614410,0.614410,0.614410
64005.000000,33.578370,-117.064295,452.547414,33.578088,-117.064167,422.669590,0.000368,0.000237,-0.001180,0.614579,0.614579,0.614579
64020.000000,33.578366,-117.064295,452.979989,33.578088,-117.064167,422.660650,0.000368,0.000237,-0.001180,0.614748,0.614748,0.614748
64035.000000,33.578370,-117.064292,452.350028,33.578088,-117.064167,422.651572,0.000368,0.000237,-0.001179,0.614918,0.614918,0.614918
64050.000000,33.578368,-117.064293,451.988825,33.578088,-117.064166,422.642415,0.000368,0.000237,-0.001179,0.615087,0.615087,0.615087
64065.000000,33.578366,-117.064286,453.136377,33.578088,-117.064166,422.633440,0.000368,0.000237,-0.001179,0.615257,0.615257,0.615257
64080.000000,33.578371,-117.064289,451.232664,33.578088,-117.064166,422.624107,0.000368,0.000237,-0.001179,0.615427,0.615427,0.615427
64095.000000,33.578368,-117.064286,451.574688,33.578088,-117.064166,422.614858,0.000368,0.000237,-0.001179,0.615597,0.615597,0.615597
64110.000000,33.578373,-117.064289,450.388931,33.578088,-117.064166,422.605395,0.000368,0.000237,-0.001178,0.615766,0.615766,0.615766
64125.000000,33.578374,-117.064288,449.914295,33.578088,-117.064166,422.595843,0.000368,0.000237,-0.001178,0.615936,0.615936,0.615936
64140.000000,33.578370,-117.064286,450.089925,33.578088,-117.064166,422.586370,0.000368,0.000237,-0.001178,0.616106,0.616106,0.616106
64155.000000,33.578373,-117.064288,448.712760,33.578087,-117.064166,422.576653,0.000368,0.000237,-0.001178,0.616275,0.616275,0.616275
64170.000000,33.578374,-117.064293,448.101238,33.578087,-117.064166,422.566826,0.000368,0.000237,-0.001178,0.616445,0.616445,0.616445
64185.000000,33.578374,-117.064292,447.938394,33.578087,-117.064166,422.556997,0.000368,0.000237,-0.001178,0.616614,0.616614,0.616614
64200.000000,33.578375,-117.064294,446.921052,33.578087,-117.064166,422.546962,0.000368,0.000237,-0.001177,0.616783,0.616783,0.616783
64215.000000,33.578375,-117.064292,446.262951,33.578087,-117.064166,422.536835,0.000368,0.000237,-0.001177,0.616952,0.616952,0.616952
64230.000000,33.578376,-117.064292,445.969726,33.578087,-117.064166,422.526638,0.000368,0.000237,-0.001177,0.617122,0.617122,0.617122
64245.000000,33.578374,-117.064290,446.317406,33.578087,-117.064166,422.516528,0.000367,0.000237,-0.001177,0.617291,0.617291,0.617291
64260.000000,33.578376,-117.064295,445.348226,33.578087,-117.064166,422.506214,0.000367,0.000237,-0.001177,0.617461,0.617461,0.617461
64275.000000,33.578375,-117.064292,445.331052,33.578087,-117.064166,422.495946,0.000367,0.000237,-0.001177,0.617630,0.617630,0.617630
64290.000000,33.578374,-117.064293,444.722295,33.578087,-117.064166,422.485596,0.000367,0.000237,-0.001176,0.617798,0.617798,0.617798
64305.000000,33.578376,-117.064291,444.485899,33.578087,-117.064166,422.475185,0.000367,0.000237,-0.001176,0.617967,0.617967,0.617967
64320.000000,33.578375,-117.064289,444.866378,33.578087,-117.064166,422.464823,0.000367,0.000237,-0.001176,0.618137,0.618137,0.618137
64335.000000,33.578378,-117.064292,443.629036,33.578087,-117.064166,422.454261,0.000367,0.000237,-0.001176,0.618305,0.618305,0.618305
64350.000000,33.578376,-117.064295,443.066374,33.578087,-117.064166,422.443643,0.000367,0.000237,-0.001176,0.618474,0.618474,0.618474
64365.000000,33.578376,-117.064291,443.338392,33.578087,-117.064166,422.433054,0.000367,0.000237,-0.001175,0.618642,0.618642,0.618642
64380.000000,33.578375,-117.064293,442.351095,33.578087,-117.064166,422.422282,0.000367,0.000237,-0.001175,0.618811,0.618811,0.618811
64395.000000,33.578187,-117.064386,484.600442,33.578087,-117.064166,422.417448,0.000367,0.000237,-0.001175,0.618989,0.618989,0.618989
64410.000000,33.578189,-117.064382,483.540069,33.578087,-117.064166,422.412426,0.000367,0.000237,-0.001175,0.619168,0.619168,0.619168
64425.000000,33.578190,-117.064381,483.106879,33.578086,-117.064166,422.407307,0.000367,0.000237,-0.001175,0.619347,0.619347,0.619347
64440.000000,33.578191,-117.064381,482.065214,33.578086,-117.064166,422.402036,0.000366,0.000237,-0.001175,0.619525,0.619525,0.619525
64455.000000,33.578195,-117.064380,481.125364,33.578086,-117.064166,422.396567,0.000366,0.000237,-0.001174,0.619704,0.619704,0.619704
64470.000000,33.578198,-117.064378,480.335057,33.578086,-117.064166,422.391021,0.000366,0.000237,-0.001174,0.619883,0.619883,0.619883
64485.000000,33.578200,-117.064378,479.152842,33.578086,-117.064166,422.385256,0.000366,0.000237,-0.001174,0.620062,0.620062,0.620062
64500.000000,33.578203,-117.064375,477.984216,33.578086,-117.064166,422.379281,0.000366,0.000236,-0.001174,0.620241,0.620241,0.620241
64515.000000,33.578205,-117.064375,476.995052,33.578086,-117.064166,422.373142,0.000366,0.000236,-0.001174,0.620421,0.620421,0.620421
64530.000000,33.578209,-117.064377,475.537672,33.578086,-117.064166,422.366786,0.000366,0.000236,-0.001174,0.620600,0.620600,0.620600
64545.000000,33.578215,-117.064376,474.693466,33.578086,-117.064166,422.360345,0.000366,0.000236,-0.001174,0.620779,0.620779,0.620779
64560.000000,33.578216,-117.064375,473.694463,33.578086,-117.064166,422.353713,0.000365,0.000236,-0.001173,0.620959,0.620959,0.620959
64575.000000,33.578220,-117.064371,472.908466,33.578086,-117.064166,422.347002,0.000365,0.000236,-0.001173,0.621138,0.621138,0.621138
64590.000000,33.578222,-117.064372,471.582580,33.578085,-117.064166,422.340060,0.000365,0.000236,-0.001173,0.621318,0.621318,0.621318
64605.000000,33.578224,-117.064371,470.629408,33.578085,-117.064166,422.332983,0.000365,0.000236,-0.001173,0.621497,0.621497,0.621497
64620.000000,33.578228,-117.064370,469.940569,33.578085,-117.064166,422.325857,0.000365,0.000236,-0.001173,0.621676,0.621676,0.621676
64635.000000,33.578230,-117.064369,468.932610,33.578085,-117.064166,422.318526,0.000365,0.000236,-0.001173,0.621856,0.621856,0.621856
64650.000000,33.578232,-117.064368,468.504764,33.578085,-117.064166,422.311123,0.000365,0.000236,-0.001173,0.622035,0.622035,0.622035
64665.000000,33.578236,-117.064367,467.215020,33.578085,-117.064166,422.303552,0.000365,0.000236,-0.001172,0.622215,0.622215,0.622215
64680.000000,33.578234,-117.064366,467.049158,33.578085,-117.064166,422.295945,0.000365,0.000236,-0.001172,0.622394,0.622394,0.622394
64695.000000,33.578238,-117.064368,465.689557,33.578085,-117.064166,422.288142,0.000364,0.000235,-0.001172,0.622574,0.622574,0.622574
64710.000000,33.578240,-117.064367,464.865395,33.578085,-117.064166,422.280249,0.000364,0.000235,-0.001172,0.622753,0.622753,0.622753
64725.000000,33.578242,-117.064362,464.476840,33.578085,-117.064166,422.272240,0.000364,0.000235,-0.001172,0.622933,0.622933,0.622933
64740.000000,33.578244,-117.064366,462.905955,33.578085,-117.064166,422.264055,0.000364,0.000235,-0.001172,0.623112,0.623112,0.623112
64755.000000,33.578244,-117.064365,462.519188,33.578085,-117.064166,422.255816,0.000364,0.000235,-0.001172,0.623291,0.623291,0.623291
64770.000000,33.578248,-117.064363,461.592678,33.578085,-117.064166,422.247465,0.000364,0.000235,-0.001171,0.623471,0.623471,0.623471
64785.000000,33.578251,-117.064364,460.374528,33.578084,-117.064166,422.238888,0.000364,0.000235,-0.001171,0.623650,0.623650,0.623650
64800.000000,33.578252,-117.064363,459.820340,33.578084,-117.064166,422.230243,0.000364,0.000235,-0.001171,0.623830,0.623830,0.623830
64815.000000,33.578251,-117.064363,459.421169,33.578084,-117.064166,422.221534,0.000364,0.000235,-0.001171,0.624009,0.624009,0.624009
64830.000000,33.578256,-117.064362,458.302752,33.578084,-117.064166,422.212684,0.000364,0.000235,-0.001171,0.624188,0.624188,0.624188
64845.000000,33.578258,-117.064362,457.120413,33.578084,-117.064166,422.203648,0.000363,0.000235,-0.001171,0.624368,0.624368,0.624368
64860.000000,33.578259,-117.064358,456.989308,33.578084,-117.064166,422.194622,0.000363,0.000235,-0.001171,0.624547,0.624547,0.624547
64875.000000,33.578261,-117.064357,456.221809,33.578084,-117.064166,422.185496,0.000363,0.000235,-0.001170,0.624726,0.624726,0.624726
64890.000000,33.578266,-117.064357,454.940046,33.578084,-117.064166,422.176135,0.000363,0.000235,-0.001170,0.624905,0.624905,0.624905
64905.000000,33.578266,-117.064355,454.256511,33.578084,-117.064166,422.166715,0.000363,0.000235,-0.001170,0.625084,0.625084,0.625084
64920.000000,33.578269,-117.064356,453.322435,33.578084,-117.064166,422.157177,0.000363,0.000235,-0.001170,0.625263,0.625263,0.625263
64935.000000,33.578271,-117.064355,452.720395,33.578084,-117.064166,422.147556,0.000363,0.000235,-0.001170,0.625442,0.625442,0.625442
64950.000000,33.578271,-117.064354,452.214145,33.578084,-117.064166,422.137828,0.000363,0.000235,-0.001170,0.625621,0.625621,0.625621
64965.000000,33.578272,-117.064353,451.457113,33.578084,-117.064166,422.127980,0.000363,0.000235,-0.001170,0.625800,0.625800,0.625800
64980.000000,33.578271,-117.064354,450.782882,33.578083,-117.064166,422.118039,0.000363,0.000235,-0.001170,0.625979,0.625979,0.625979
64995.000000,33.578278,-117.064354,449.845309,33.578083,-117.064166,422.107935,0.000363,0.000235,-0.001169,0.626159,0.626159,0.626159
65010.000000,33.578276,-117.064351,449.340844,33.578083,-117.064166,422.097790,0.000363,0.000235,-0.001169,0.626338,0.626338,0.626338
65025.000000,33.578278,-117.064352,448.549420,33.578083,-117.064166,422.087530,0.000362,0.000235,-0.001169,0.626516,0.626516,0.626516
65040.000000,33.578280,-117.064351,447.516702,33.578083,-117.064166,422.077110,0.000362,0.000235,-0.001169,0.626695,0.626695,0.626695
65055.000000,33.578281,-117.064350,446.794415,33.578083,-117.064166,422.066564,0.000362,0.000235,-0.001169,0.626875,0.626875,0.626875
65070.000000,33.578283,-117.064351,445.915819,33.578083,-117.064166,422.055917,0.000362,0.000235,-0.001169,0.627053,0.627053,0.627053
65085.000000,33.578286,-117.064350,445.598720,33.578083,-117.064166,422.045267,0.000362,0.000235,-0.001169,0.627232,0.627232,0.627232
65100.000000,33.578286,-117.064349,444.718487,33.578083,-117.064166,422.034455,0.000362,0.000235,-0.001169,0.627410,0.627410,0.627410
65115.000000,33.578286,-117.064351,443.805890,33.578083,-117.064166,422.023532,0.000362,0.000235,-0.001168,0.627589,0.627589,0.627589
65130.000000,33.578293,-117.064348,442.740989,33.578083,-117.064166,422.012457,0.000362,0.000235,-0.001168,0.627767,0.627767,0.627767
65145.000000,33.578292,-117.064348,442.673170,33.578083,-117.064166,422.001377,0.000362,0.000235,-0.001168,0.627945,0.627945,0.627945
65160.000000,33.578292,-117.064347,441.898420,33.578083,-117.064166,421.990158,0.000362,0.000235,-0.001168,0.628123,0.628123,0.628123
65175.000000,33.578294,-117.064347,441.323332,33.578083,-117.064166,421.978890,0.000362,0.000235,-0.001168,0.628301,0.628301,0.628301
65190.000000,33.578295,-117.064348,440.569382,33.578082,-117.064166,421.967478,0.000362,0.000235,-0.001168,0.628479,0.628479,0.628479
65205.000000,33.578297,-117.064346,440.055366,33.578082,-117.064166,421.956017,0.000362,0.000235,-0.001168,0.628657,0.628657,0.628657
65220.000000,33.578296,-117.064347,439.844611,33.578082,-117.064166,421.944499,0.000362,0.000235,-0.001168,0.628835,0.628835,0.628835
65235.000000,33.578299,-117.064346,439.184594,33.578082,-117.064166,421.932898,0.000362,0.000235,-0.001168,0.629013,0.629013,0.629013
65250.000000,33.578298,-117.064345,438.666343,33.578082,-117.064166,421.921204,0.000361,0.000235,-0.001167,0.629191,0.629191,0.629191
65265.000000,33.578303,-117.064343,437.788108,33.578082,-117.064166,421.909380,0.000361,0.000235,-0.001167,0.629369,0.629369,0.629369
65280.000000,33.578300,-117.064343,437.242554,33.578082,-117.064166,421.897479,0.000361,0.000235,-0.001167,0.629546,0.629546,0.629546
65295.000000,33.578303,-117.064342,436.547812,33.578082,-117.064166,421.885469,0.000361,0.000235,-0.001167,0.629724,0.629724,0.629724
65310.000000,33.578301,-117.064342,435.635278,33.578082,-117.064166,421.873313,0.000361,0.000235,-0.001167,0.629902,0.629902,0.629902
65325.000000,33.578305,-117.064340,435.631473,33.578082,-117.064166,421.861190,0.000361,0.000235,-0.001167,0.630079,0.630079,0.630079
65340.000000,33.578302,-117.064342,434.613153,33.578082,-117.064166,421.848892,0.000361,0.000235,-0.001167,0.630257,0.630257,0.630257
65355.000000,33.578305,-117.064342,434.021036,33.578082,-117.064166,421.836506,0.000361,0.000235,-0.001167,0.630435,0.630435,0.630435
65370.000000,33.578304,-117.064342,433.139187,33.578082,-117.064166,421.823983,0.000361,0.000235,-0.001167,0.630612,0.630612,0.630612
65385.000000,33.578303,-117.064343,432.835943,33.578082,-117.064166,421.811399,0.000361,0.000235,-0.001166,0.630790,0.630790,0.630790
65400.000000,33.578306,-117.064341,432.029329,33.578081,-117.064166,421.798697,0.000361,0.000235,-0.001166,0.630967,0.630967,0.630967
65415.000000,33.578307,-117.064342,431.499879,33.578081,-117.064166,421.785925,0.000361,0.000235,-0.001166,0.631145,0.631145,0.631145
65430.000000,33.578312,-117.064340,430.267402,33.578081,-117.064166,421.772957,0.000361,0.000236,-0.001166,0.631322,0.631322,0.631322
65445.000000,33.578315,-117.064340,430.399810,33.578081,-117.064166,421.760029,0.000361,0.000236,-0.001166,0.631498,0.631498,0.631498
65460.000000,33.578312,-117.064341,430.113955,33.578081,-117.064166,421.747061,0.000361,0.000236,-0.001166,0.631675,0.631675,0.631675
65475.000000,33.578313,-117.064339,429.832728,33.578081,-117.064166,421.734055,0.000361,0.000236,-0.001166,0.631851,0.631851,0.631851
65490.000000,33.578311,-117.064338,429.720101,33.578081,-117.064166,421.721034,0.000361,0.000236,-0.001166,0.632027,0.632027,0.632027
65505.000000,33.578313,-117.064340,428.701813,33.578081,-117.064166,421.707852,0.000361,0.000236,-0.001166,0.632204,0.632204,0.632204
65520.000000,33.578314,-117.064339,428.360433,33.578081,-117.064166,421.694617,0.000361,0.000236,-0.001166,0.632379,0.632379,0.632379
65535.000000,33.578315,-117.064339,428.025613,33.578081,-117.064166,421.681343,0.000361,0.000236,-0.001165,0.632555,0.632555,0.632555
65550.000000,33.578316,-117.064338,427.320187,33.578081,-117.064166,421.667945,0.000360,0.000236,-0.001165,0.632730,0.632730,0.632730
65565.000000,33.578313,-117.064338,427.208030,33.578081,-117.064166,421.654534,0.000360,0.000236,-0.001165,0.632906,0.632906,0.632906
65580.000000,33.578312,-117.064340,427.057128,33.578081,-117.064166,421.641099,0.000360,0.000236,-0.001165,0.633082,0.633082,0.633082
65595.000000,33.578316,-117.064339,425.858138,33.578081,-117.064166,421.627473,0.000360,0.000236,-0.001165,0.633257,0.633257,0.633257
65610.000000,33.578192,-117.064310,453.996629,33.578081,-117.064166,421.619820,0.000360,0.000236,-0.001165,0.633420,0.633420,0.633420
65625.000000,33.578191,-117.064306,453.733970,33.578080,-117.064166,421.612042,0.000360,0.000236,-0.001165,0.633584,0.633584,0.633584
65640.000000,33.578193,-117.064307,452.837496,33.578080,-117.064166,421.604137,0.000360,0.000236,-0.001165,0.633748,0.633748,0.633748
65655.000000,33.578191,-117.064305,452.872562,33.578080,-117.064166,421.596259,0.000360,0.000236,-0.001164,0.633911,0.633911,0.633911
65670.000000,33.578194,-117.064306,451.665791,33.578080,-117.064166,421.588163,0.000360,0.000236,-0.001164,0.634074,0.634074,0.634074
65685.000000,33.578194,-117.064305,452.324047,33.578080,-117.064166,421.580271,0.000360,0.000236,-0.001164,0.634237,0.634237,0.634237
65700.000000,33.578195,-117.064303,451.044546,33.578080,-117.064166,421.572083,0.000360,0.000236,-0.001164,0.634400,0.634400,0.634400
65715.000000,33.578197,-117.064303,450.391388,33.578080,-117.064166,421.563787,0.000360,0.000236,-0.001164,0.634562,0.634562,0.634562
65730.000000,33.578199,-117.064302,450.385987,33.578080,-117.064166,421.555561,0.000359,0.000236,-0.001164,0.634724,0.634724,0.634724
65745.000000,33.578194,-117.064306,449.497680,33.578080,-117.064166,421.547088,0.000359,0.000236,-0.001164,0.634887,0.634887,0.634887
65760.000000,33.578202,-117.064299,449.597263,33.578080,-117.064166,421.538727,0.000359,0.000236,-0.001164,0.635048,0.635048,0.635048
65775.000000,33.578200,-117.064299,448.279027,33.578080,-117.064166,421.530074,0.000359,0.000236,-0.001163,0.635210,0.635210,0.635210
65790.000000,33.578199,-117.064300,448.300029,33.578080,-117.064166,421.521418,0.000359,0.000236,-0.001163,0.635372,0.635372,0.635372
65805.000000,33.578201,-117.064300,448.523252,33.578080,-117.064166,421.512856,0.000359,0.000236,-0.001163,0.635533,0.635533,0.635533
65820.000000,33.578199,-117.064299,446.626859,33.578079,-117.064166,421.503854,0.000359,0.000235,-0.001163,0.635695,0.635695,0.635695
65835.000000,33.578204,-117.064297,447.632548,33.578079,-117.064166,421.495165,0.000359,0.000235,-0.001163,0.635856,0.635856,0.635856
65850.000000,33.578200,-117.064298,446.341310,33.578079,-117.064166,421.486138,0.000359,0.000235,-0.001163,0.636018,0.636018,0.636018
65865.000000,33.578209,-117.064295,445.906002,33.578079,-117.064166,421.477126,0.000359,0.000235,-0.001163,0.636178,0.636178,0.636178
65880.000000,33.578204,-117.064296,445.973670,33.578079,-117.064166,421.468097,0.000359,0.000235,-0.001163,0.636339,0.636339,0.636339
65895.000000,33.578202,-117.064296,445.316610,33.578079,-117.064166,421.458941,0.000359,0.000235,-0.001162,0.636499,0.636499,0.636499
65910.000000,33.578208,-117.064293,444.608084,33.578079,-117.064166,421.449669,0.000358,0.000235,-0.001162,0.636659,0.636659,0.636659
65925.000000,33.578203,-117.064293,444.543587,33.578079,-117.064166,421.440311,0.000358,0.000235,-0.001162,0.636821,0.636821,0.636821
65940.000000,33.578208,-117.064295,444.276021,33.578079,-117.064166,421.431048,0.000358,0.000235,-0.001162,0.636980,0.636980,0.636980
65955.000000,33.578207,-117.064292,443.998315,33.578079,-117.064166,421.421681,0.000358,0.000235,-0.001162,0.637139,0.637139,0.637139
65970.000000,33.578205,-117.064293,443.160897,33.578079,-117.064166,421.412111,0.000358,0.000235,-0.001162,0.637300,0.637300,0.637300
65985.000000,33.578717,-117.064214,502.152316,33.578079,-117.064166,421.455401,0.000358,0.000235,-0.001160,0.637302,0.637302,0.637302
66000.000000,33.578721,-117.064213,501.195958,33.578079,-117.064166,421.499482,0.000358,0.000234,-0.001158,0.637298,0.637298,0.637298
66015.000000,33.578720,-117.064210,501.947313,33.578080,-117.064166,421.542478,0.000357,0.000234,-0.001156,0.637300,0.637300,0.637300
66030.000000,33.578720,-117.064209,502.006848,33.578080,-117.064166,421.585857,0.000357,0.000234,-0.001155,0.637301,0.637301,0.637301
66045.000000,33.578724,-117.064210,501.259059,33.578080,-117.064166,421.629281,0.000357,0.000233,-0.001153,0.637300,0.637300,0.637300
66060.000000,33.578725,-117.064207,501.912778,33.578081,-117.064166,421.671634,0.000356,0.000233,-0.001151,0.637304,0.637304,0.637304
66075.000000,33.578724,-117.064207,501.750730,33.578081,-117.064166,421.713862,0.000356,0.000232,-0.001149,0.637309,0.637309,0.637309
66090.000000,33.578727,-117.064205,501.588421,33.578082,-117.064166,421.757156,0.000356,0.000232,-0.001148,0.637309,0.637309,0.637309
66105.000000,33.578727,-117.064205,501.643120,33.578082,-117.064166,421.800210,0.000356,0.000232,-0.001146,0.637310,0.637310,0.637310
66120.000000,33.578575,-117.064262,485.280188,33.578082,-117.064166,421.833089,0.000355,0.000231,-0.001144,0.637303,0.637303,0.637303
66135.000000,33.578579,-117.064260,485.090491,33.578082,-117.064166,421.866248,0.000355,0.000231,-0.001143,0.637294,0.637294,0.637294
66150.000000,33.578584,-117.064258,485.947121,33.578083,-117.064166,421.900965,0.000355,0.000231,-0.001141,0.637280,0.637280,0.637280
66165.000000,33.578582,-117.064256,485.037204,33.578083,-117.064166,421.934150,0.000354,0.000231,-0.001140,0.637270,0.637270,0.637270
66180.000000,33.578574,-117.064259,483.420036,33.578083,-117.064166,421.965016,0.000354,0.000230,-0.001139,0.637266,0.637266,0.637266
66195.000000,33.578580,-117.064258,484.597376,33.578084,-117.064166,421.998257,0.000354,0.000230,-0.001137,0.637255,0.637255,0.637255
66210.000000,33.578585,-117.064255,484.387239,33.578084,-117.064166,422.031303,0.000353,0.000230,-0.001136,0.637243,0.637243,0.637243
66225.000000,33.578579,-117.064257,483.577739,33.578084,-117.064166,422.062814,0.000353,0.000230,-0.001134,0.637236,0.637236,0.637236
66240.000000,33.578586,-117.064256,483.992099,33.578084,-117.064166,422.095355,0.000353,0.000229,-0.001133,0.637225,0.637225,0.637225
66255.000000,33.578585,-117.064253,483.693788,33.578085,-117.064166,422.127473,0.000353,0.000229,-0.001131,0.637216,0.637216,0.637216
66270.000000,33.578580,-117.064257,483.039148,33.578085,-117.064166,422.158845,0.000352,0.000229,-0.001130,0.637207,0.637207,0.637207
66285.000000,33.578596,-117.064247,484.120624,33.578085,-117.064166,422.192566,0.000352,0.000228,-0.001128,0.637191,0.637191,0.637191
66300.000000,33.578589,-117.064250,483.403938,33.578085,-117.064166,422.225014,0.000352,0.000228,-0.001127,0.637178,0.637178,0.637178
66315.000000,33.578580,-117.064252,481.344987,33.578086,-117.064166,422.254183,0.000351,0.000228,-0.001126,0.637174,0.637174,0.637174
66330.000000,33.578591,-117.064247,483.225284,33.578086,-117.064166,422.286357,0.000351,0.000228,-0.001124,0.637162,0.637162,0.637162
66345.000000,33.578595,-117.064247,483.348033,33.578086,-117.064166,422.319441,0.000351,0.000227,-0.001123,0.637145,0.637145,0.637145
66360.000000,33.578580,-117.064252,481.429701,33.578087,-117.064166,422.348864,0.000351,0.000227,-0.001121,0.637141,0.637141,0.637141
66375.000000,33.578592,-117.064247,482.276371,33.578087,-117.064166,422.380125,0.000350,0.000227,-0.001120,0.637129,0.637129,0.637129
66390.000000,33.578597,-117.064242,482.729225,33.578087,-117.064166,422.411165,0.000350,0.000227,-0.001118,0.637121,0.637121,0.637121
66405.000000,33.578580,-117.064252,480.756432,33.578087,-117.064166,422.439659,0.000350,0.000227,-0.001117,0.637118,0.637118,0.637118
66420.000000,33.578597,-117.064242,482.137757,33.578088,-117.064166,422.470746,0.000349,0.000226,-0.001116,0.637107,0.637107,0.637107
66435.000000,33.578600,-117.064242,482.167598,33.578088,-117.064166,422.502542,0.000349,0.000226,-0.001114,0.637092,0.637092,0.637092
66450.000000,33.578581,-117.064249,480.403956,33.578088,-117.064166,422.531056,0.000349,0.000226,-0.001113,0.637087,0.637087,0.637087
66465.000000,33.578600,-117.064240,481.631177,33.578089,-117.064166,422.561811,0.000349,0.000226,-0.001111,0.637075,0.637075,0.637075
66480.000000,33.578600,-117.064241,481.723619,33.578089,-117.064166,422.592826,0.000348,0.000225,-0.001110,0.637062,0.637062,0.637062
66495.000000,33.578586,-117.064244,479.434275,33.578089,-117.064166,422.620270,0.000348,0.000225,-0.001109,0.637060,0.637060,0.637060
66510.000000,33.578600,-117.064238,481.692549,33.578089,-117.064166,422.651082,0.000348,0.000225,-0.001107,0.637048,0.637048,0.637048
66525.000000,33.578602,-117.064237,481.186152,33.578090,-117.064166,422.681624,0.000348,0.000225,-0.001106,0.637035,0.637035,0.637035
66540.000000,33.578589,-117.064242,478.892883,33.578090,-117.064166,422.708503,0.000347,0.000225,-0.001104,0.637033,0.637033,0.637033
66555.000000,33.578600,-117.064238,481.190446,33.578090,-117.064166,422.739074,0.000347,0.000224,-0.001103,0.637020,0.637020,0.637020
66570.000000,33.578601,-117.064234,480.288487,33.578090,-117.064166,422.767910,0.000347,0.000224,-0.001102,0.637013,0.637013,0.637013
66585.000000,33.578589,-117.064238,479.378448,33.578091,-117.064167,422.795155,0.000347,0.000224,-0.001100,0.637011,0.637011,0.637011
66600.000000,33.578599,-117.064235,480.084794,33.578091,-117.064167,422.823956,0.000346,0.000224,-0.001099,0.637003,0.637003,0.637003
66615.000000,33.578600,-117.064236,479.253264,33.578091,-117.064167,422.852636,0.000346,0.000223,-0.001097,0.636992,0.636992,0.636992
66630.000000,33.578587,-117.064238,478.981186,33.578092,-117.064167,422.879593,0.000346,0.000223,-0.001096,0.636989,0.636989,0.636989
66645.000000,33.578601,-117.064231,479.294842,33.578092,-117.064167,422.907778,0.000346,0.000223,-0.001095,0.636981,0.636981,0.636981
66660.000000,33.578597,-117.064235,479.213838,33.578092,-117.064167,422.936326,0.000346,0.000223,-0.001093,0.636971,0.636971,0.636971
66675.000000,33.578589,-117.064234,477.647630,33.578092,-117.064167,422.961883,0.000345,0.000223,-0.001092,0.636971,0.636971,0.636971
66690.000000,33.578600,-117.064230,479.217295,33.578093,-117.064167,422.990012,0.000345,0.000222,-0.001091,0.636963,0.636963,0.636963
66705.000000,33.578592,-117.064233,477.944747,33.578093,-117.064167,423.016602,0.000345,0.000222,-0.001089,0.636958,0.636958,0.636958
66720.000000,33.578598,-117.064230,477.871209,33.578093,-117.064167,423.043248,0.000345,0.000222,-0.001088,0.636952,0.636952,0.636952
66735.000000,33.578595,-117.064232,478.031495,33.578093,-117.064167,423.070301,0.000345,0.000222,-0.001087,0.636945,0.636945,0.636945
66750.000000,33.578599,-117.064225,478.188536,33.578094,-117.064167,423.096640,0.000344,0.000222,-0.001085,0.636942,0.636942,0.636942
66765.000000,33.578593,-117.064231,477.880487,33.578094,-117.064167,423.122920,0.000344,0.000222,-0.001084,0.636938,0.636938,0.636938
66780.000000,33.578596,-117.064228,477.211861,33.578094,-117.064167,423.148078,0.000344,0.000221,-0.001083,0.636938,0.636938,0.636938
66795.000000,33.578597,-117.064228,477.281358,33.578095,-117.064167,423.173831,0.000344,0.000221,-0.001081,0.636935,0.636935,0.636935
66810.000000,33.578597,-117.064226,477.540043,33.578095,-117.064167,423.199993,0.000344,0.000221,-0.001080,0.636931,0.636931,0.636931
66825.000000,33.578594,-117.064228,476.623078,33.578095,-117.064167,423.225402,0.000343,0.000221,-0.001079,0.636927,0.636927,0.636927
66840.000000,33.578597,-117.064224,477.821955,33.578095,-117.064167,423.251944,0.000343,0.000221,-0.001077,0.636921,0.636921,0.636921
66855.000000,33.578594,-117.064226,476.173436,33.578096,-117.064167,423.276706,0.000343,0.000221,-0.001076,0.636918,0.636918,0.636918
66870.000000,33.578599,-117.064226,476.342409,33.578096,-117.064167,423.302456,0.000343,0.000220,-0.001075,0.636911,0.636911,0.636911
66885.000000,33.578602,-117.064222,477.086972,33.578096,-117.064167,423.328150,0.000343,0.000220,-0.001074,0.636907,0.636907,0.636907
66900.000000,33.578587,-117.064227,475.949936,33.578096,-117.064167,423.351744,0.000342,0.000220,-0.001072,0.636910,0.636910,0.636910
66915.000000,33.578605,-117.064218,476.899571,33.578097,-117.064167,423.377453,0.000342,0.000220,-0.001071,0.636905,0.636905,0.636905
66930.000000,33.578593,-117.064224,475.192437,33.578097,-117.064167,423.401061,0.000342,0.000220,-0.001070,0.636905,0.636905,0.636905
66945.000000,33.578594,-117.064223,475.536219,33.578097,-117.064167,423.424855,0.000342,0.000220,-0.001068,0.636906,0.636906,0.636906
66960.000000,33.578595,-117.064222,475.960037,33.578097,-117.064167,423.448969,0.000342,0.000219,-0.001067,0.636906,0.636906,0.636906
66975.000000,33.578586,-117.064224,474.639722,33.578098,-117.064167,423.471225,0.000341,0.000219,-0.001066,0.636912,0.636912,0.636912
66990.000000,33.578597,-117.064221,475.730014,33.578098,-117.064167,423.495586,0.000341,0.000219,-0.001065,0.636909,0.636909,0.636909
67005.000000,33.578590,-117.064222,475.104383,33.578098,-117.064167,423.518763,0.000341,0.000219,-0.001063,0.636911,0.636911,0.636911
67020.000000,33.578590,-117.064221,474.784301,33.578098,-117.064167,423.541307,0.000341,0.000219,-0.001062,0.636916,0.636916,0.636916
67035.000000,33.578600,-117.064217,475.398475,33.578099,-117.064167,423.565261,0.000341,0.000219,-0.001061,0.636914,0.636914,0.636914
67050.000000,33.578588,-117.064217,473.892969,33.578099,-117.064167,423.586778,0.000341,0.000219,-0.001060,0.636921,0.636921,0.636921
67065.000000,33.578600,-117.064214,474.989656,33.578099,-117.064167,423.609963,0.000340,0.000218,-0.001059,0.636923,0.636923,0.636923
67080.000000,33.578593,-117.064215,474.655834,33.578099,-117.064167,423.632496,0.000340,0.000218,-0.001057,0.636927,0.636927,0.636927
67095.000000,33.578588,-117.064218,473.255269,33.578100,-117.064167,423.653406,0.000340,0.000218,-0.001056,0.636934,0.636934,0.636934
67110.000000,33.578594,-117.064214,474.608099,33.578100,-117.064167,423.676055,0.000340,0.000218,-0.001055,0.636937,0.636937,0.636937
67125.000000,33.578587,-117.064217,473.377334,33.578100,-117.064167,423.697285,0.000340,0.000218,-0.001054,0.636943,0.636943,0.636943
67140.000000,33.578593,-117.064214,474.174510,33.578100,-117.064167,423.719321,0.000340,0.000218,-0.001053,0.636948,0.636948,0.636948
67155.000000,33.578591,-117.064212,473.002386,33.578101,-117.064167,423.740107,0.000340,0.000218,-0.001051,0.636955,0.636955,0.636955
67170.000000,33.578590,-117.064214,473.400333,33.578101,-117.064167,423.761219,0.000339,0.000217,-0.001050,0.636962,0.636962,0.636962
67185.000000,33.578593,-117.064210,472.805052,33.578101,-117.064167,423.782023,0.000339,0.000217,-0.001049,0.636969,0.636969,0.636969
67200.000000,33.578589,-117.064210,472.787539,33.578101,-117.064167,423.802435,0.000339,0.000217,-0.001048,0.636977,0.636977,0.636977
67215.000000,33.578589,-117.064209,472.727989,33.578102,-117.064167,423.822560,0.000339,0.000217,-0.001047,0.636988,0.636988,0.636988
67230.000000,33.578585,-117.064214,472.508062,33.578102,-117.064167,423.842706,0.000339,0.000217,-0.001045,0.636997,0.636997,0.636997
67245.000000,33.578585,-117.064210,472.059996,33.578102,-117.064167,423.862342,0.000339,0.000217,-0.001044,0.637007,0.637007,0.637007
67260.000000,33.578587,-117.064209,472.077582,33.578102,-117.064167,423.882106,0.000339,0.000217,-0.001043,0.637017,0.637017,0.637017
67275.000000,33.578584,-117.064208,471.737584,33.578103,-117.064167,423.901599,0.000338,0.000217,-0.001042,0.637026,0.637026,0.637026
67290.000000,33.578590,-117.064207,471.661623,33.578103,-117.064167,423.920904,0.000338,0.000216,-0.001041,0.637037,0.637037,0.637037
67305.000000,33.578587,-117.064206,471.157619,33.578103,-117.064167,423.939474,0.000338,0.000216,-0.001040,0.637050,0.637050,0.637050
67320.000000,33.578587,-117.064205,470.891796,33.578103,-117.064167,423.957599,0.000338,0.000216,-0.001039,0.637065,0.637065,0.637065
67335.000000,33.578588,-117.064205,470.397870,33.578104,-117.064167,423.975429,0.000338,0.000216,-0.001038,0.637080,0.637080,0.637080
67350.000000,33.578587,-117.064205,470.148757,33.578104,-117.064167,423.993070,0.000338,0.000216,-0.001036,0.637095,0.637095,0.637095
67365.000000,33.578587,-117.064203,470.211963,33.578104,-117.064167,424.010740,0.000338,0.000216,-0.001035,0.637110,0.637110,0.637110
67380.000000,33.578587,-117.064201,469.789429,33.578104,-117.064167,424.028139,0.000338,0.000216,-0.001034,0.637125,0.637125,0.637125
67395.000000,33.578585,-117.064202,469.560416,33.578104,-117.064167,424.045130,0.000338,0.000216,-0.001033,0.637141,0.637141,0.637141
67410.000000,33.578586,-117.064202,470.302972,33.578105,-117.064167,424.062884,0.000337,0.000216,-0.001032,0.637156,0.637156,0.637156
67425.000000,33.578582,-117.064206,469.433646,33.578105,-117.064167,424.080002,0.000337,0.000216,-0.001031,0.637171,0.637171,0.637171
67440.000000,33.578582,-117.064203,469.777163,33.578105,-117.064167,424.097592,0.000337,0.000215,-0.001030,0.637184,0.637184,0.637184
67455.000000,33.578582,-117.064202,468.553845,33.578105,-117.064167,424.113878,0.000337,0.000215,-0.001029,0.637201,0.637201,0.637201
67470.000000,33.578584,-117.064202,468.600063,33.578106,-117.064167,424.130192,0.000337,0.000215,-0.001028,0.637218,0.637218,0.637218
67485.000000,33.578584,-117.064201,468.342502,33.578106,-117.064167,424.146157,0.000337,0.000215,-0.001027,0.637236,0.637236,0.637236
67500.000000,33.578579,-117.064203,468.776094,33.578106,-117.064167,424.162596,0.000337,0.000215,-0.001026,0.637252,0.637252,0.637252
67515.000000,33.578584,-117.064200,468.415832,33.578106,-117.064167,424.178723,0.000337,0.000215,-0.001025,0.637269,0.637269,0.637269
67530.000000,33.578573,-117.064207,467.930421,33.578106,-117.064167,424.194588,0.000337,0.000215,-0.001024,0.637286,0.637286,0.637286
67545.000000,33.578584,-117.064197,468.018772,33.578107,-117.064167,424.210022,0.000337,0.000215,-0.001023,0.637306,0.637306,0.637306
67560.000000,33.578577,-117.064201,467.335690,33.578107,-117.064167,424.224897,0.000336,0.000215,-0.001022,0.637327,0.637327,0.637327
67575.000000,33.578577,-117.064199,467.316902,33.578107,-117.064167,424.239905,0.000336,0.000215,-0.001021,0.637347,0.637347,0.637347
67590.000000,33.578574,-117.064202,467.163104,33.578107,-117.064167,424.254771,0.000336,0.000215,-0.001020,0.637367,0.637367,0.637367
67605.000000,33.578576,-117.064200,467.203341,33.578108,-117.064167,424.269714,0.000336,0.000215,-0.001018,0.637387,0.637387,0.637387
67620.000000,33.578574,-117.064200,466.875723,33.578108,-117.064167,424.284440,0.000336,0.000214,-0.001017,0.637406,0.637406,0.637406
67635.000000,33.578572,-117.064202,467.230179,33.578108,-117.064167,424.299432,0.000336,0.000214,-0.001016,0.637426,0.637426,0.637426
67650.000000,33.578574,-117.064197,466.850454,33.578108,-117.064167,424.313872,0.000336,0.000214,-0.001015,0.637448,0.637448,0.637448
67665.000000,33.578572,-117.064198,466.524912,33.578108,-117.064167,424.328092,0.000336,0.000214,-0.001014,0.637469,0.637469,0.637469
67680.000000,33.578569,-117.064200,466.871402,33.578109,-117.064167,424.342816,0.000336,0.000214,-0.001013,0.637489,0.637489,0.637489
67695.000000,33.578567,-117.064200,465.796370,33.578109,-117.064167,424.356660,0.000336,0.000214,-0.001012,0.637510,0.637510,0.637510
67710.000000,33.578569,-117.064200,465.751431,33.578109,-117.064167,424.370339,0.000336,0.000214,-0.001011,0.637532,0.637532,0.637532
67725.000000,33.578566,-117.064198,464.814998,33.578109,-117.064167,424.383348,0.000335,0.000214,-0.001011,0.637554,0.637554,0.637554
67740.000000,33.578566,-117.064196,464.995367,33.578109,-117.064167,424.396195,0.000335,0.000214,-0.001010,0.637579,0.637579,0.637579
67755.000000,33.578565,-117.064196,464.498258,33.578110,-117.064166,424.408470,0.000335,0.000214,-0.001009,0.637606,0.637606,0.637606
67770.000000,33.578565,-117.064194,464.273326,33.578110,-117.064166,424.420473,0.000335,0.000214,-0.001008,0.637634,0.637634,0.637634
67785.000000,33.578563,-117.064195,464.120256,33.578110,-117.064166,424.432474,0.000335,0.000214,-0.001007,0.637661,0.637661,0.637661
67800.000000,33.578559,-117.064195,463.896222,33.578110,-117.064166,424.444181,0.000335,0.000214,-0.001006,0.637689,0.637689,0.637689
67815.000000,33.578564,-117.064193,463.089413,33.578110,-117.064166,424.455404,0.000335,0.000214,-0.001005,0.637717,0.637717,0.637717
67830.000000,33.578558,-117.064193,463.138603,33.578111,-117.064166,424.466567,0.000335,0.000214,-0.001004,0.637746,0.637746,0.637746
67845.000000,33.578559,-117.064193,462.704204,33.578111,-117.064166,424.477359,0.000335,0.000214,-0.001003,0.637775,0.637775,0.637775
67860.000000,33.578559,-117.064191,461.462759,33.578111,-117.064166,424.487158,0.000335,0.000214,-0.001002,0.637807,0.637807,0.637807
67875.000000,33.578553,-117.064196,463.181363,33.578111,-117.064166,424.498446,0.000335,0.000214,-0.001001,0.637835,0.637835,0.637835
67890.000000,33.578553,-117.064194,461.841444,33.578111,-117.064166,424.508744,0.000335,0.000214,-0.001000,0.637864,0.637864,0.637864
67905.000000,33.578554,-117.064193,461.958093,33.578111,-117.064166,424.518886,0.000335,0.000213,-0.001000,0.637896,0.637896,0.637896
67920.000000,33.578548,-117.064197,462.040749,33.578112,-117.064166,424.529399,0.000335,0.000213,-0.000999,0.637924,0.637924,0.637924
67935.000000,33.578556,-117.064189,460.639798,33.578112,-117.064166,424.538581,0.000335,0.000213,-0.000998,0.637957,0.637957,0.637957
67950.000000,33.578548,-117.064195,461.575227,33.578112,-117.064166,424.548641,0.000335,0.000213,-0.000997,0.637986,0.637986,0.637986
67965.000000,33.578549,-117.064193,460.800282,33.578112,-117.064166,424.557885,0.000334,0.000213,-0.000996,0.638019,0.638019,0.638019
67980.000000,33.578549,-117.064191,460.068357,33.578112,-117.064166,424.566695,0.000334,0.000213,-0.000995,0.638052,0.638052,0.638052
67995.000000,33.578544,-117.064194,460.625736,33.578113,-117.064166,424.576033,0.000334,0.000213,-0.000994,0.638083,0.638083,0.638083
68010.000000,33.578547,-117.064189,459.704872,33.578113,-117.064166,424.584519,0.000334,0.000213,-0.000994,0.638117,0.638117,0.638117
68025.000000,33.578542,-117.064194,460.246899,33.578113,-117.064166,424.593482,0.000334,0.000213,-0.000993,0.638149,0.638149,0.638149
68040.000000,33.578539,-117.064195,460.201364,33.578113,-117.064166,424.602357,0.000334,0.000213,-0.000992,0.638182,0.638182,0.638182
68055.000000,33.578542,-117.064189,459.512280,33.578113,-117.064166,424.610782,0.000334,0.000213,-0.000991,0.638215,0.638215,0.638215
68070.000000,33.578535,-117.064195,459.497662,33.578113,-117.064166,424.619290,0.000334,0.000213,-0.000990,0.638248,0.638248,0.638248
68085.000000,33.578538,-117.064191,458.443542,33.578114,-117.064166,424.627019,0.000334,0.000213,-0.000989,0.638281,0.638281,0.638281
68100.000000,33.578536,-117.064192,458.752150,33.578114,-117.064166,424.634815,0.000334,0.000213,-0.000989,0.638316,0.638316,0.638316
68115.000000,33.578536,-117.064190,458.582781,33.578114,-117.064166,424.642497,0.000334,0.000213,-0.000988,0.638351,0.638351,0.638351
68130.000000,33.578535,-117.064190,458.064031,33.578114,-117.064166,424.649796,0.000334,0.000213,-0.000987,0.638386,0.638386,0.638386
68145.000000,33.578532,-117.064191,457.463375,33.578114,-117.064166,424.656833,0.000334,0.000213,-0.000986,0.638421,0.638421,0.638421
68160.000000,33.578531,-117.064191,457.705970,33.578114,-117.064166,424.664025,0.000334,0.000213,-0.000985,0.638456,0.638456,0.638456
68175.000000,33.578527,-117.064191,456.637621,33.578115,-117.064166,424.670413,0.000334,0.000213,-0.000985,0.638492,0.638492,0.638492
68190.000000,33.578528,-117.064192,456.944745,33.578115,-117.064166,424.676949,0.000334,0.000213,-0.000984,0.638528,0.638528,0.638528
68205.000000,33.578522,-117.064193,456.402892,33.578115,-117.064166,424.683091,0.000334,0.000213,-0.000983,0.638566,0.638566,0.638566
68220.000000,33.578527,-117.064188,455.506214,33.578115,-117.064166,424.688578,0.000334,0.000213,-0.000982,0.638604,0.638604,0.638604
68235.000000,33.578522,-117.064189,455.101790,33.578115,-117.064166,424.693867,0.000334,0.000213,-0.000982,0.638643,0.638643,0.638643
68250.000000,33.578520,-117.064191,455.270483,33.578115,-117.064166,424.699288,0.000334,0.000213,-0.000981,0.638680,0.638680,0.638680
68265.000000,33.578378,-117.064337,484.996759,33.578115,-117.064166,424.717840,0.000333,0.000213,-0.000980,0.638741,0.638741,0.638741
68280.000000,33.578378,-117.064336,483.918066,33.578115,-117.064166,424.735594,0.000333,0.000213,-0.000980,0.638802,0.638802,0.638802
68295.000000,33.578377,-117.064335,483.862430,33.578115,-117.064166,424.753213,0.000333,0.000212,-0.000979,0.638864,0.638864,0.638864
68310.000000,33.578373,-117.064335,483.578245,33.578116,-117.064166,424.770783,0.000332,0.000212,-0.000978,0.638925,0.638925,0.638925
68325.000000,33.578375,-117.064333,483.558502,33.578116,-117.064166,424.788306,0.000332,0.000212,-0.000978,0.638987,0.638987,0.638987
68340.000000,33.578371,-117.064333,483.100912,33.578116,-117.064166,424.805645,0.000332,0.000212,-0.000977,0.639048,0.639048,0.639048
68355.000000,33.578371,-117.064332,482.661484,33.578116,-117.064166,424.822555,0.000331,0.000211,-0.000976,0.639111,0.639111,0.639111
68370.000000,33.578367,-117.064334,482.616506,33.578116,-117.064166,424.839364,0.000331,0.000211,-0.000976,0.639174,0.639174,0.639174
68385.000000,33.578367,-117.064332,481.955478,33.578116,-117.064166,424.855495,0.000331,0.000211,-0.000975,0.639238,0.639238,0.639238
68400.000000,33.578371,-117.064329,481.406911,33.578116,-117.064166,424.871318,0.000330,0.000211,-0.000974,0.639303,0.639303,0.639303
68415.000000,33.578371,-117.064328,480.922526,33.578116,-117.064167,424.886665,0.000330,0.000210,-0.000974,0.639369,0.639369,0.639369
68430.000000,33.578372,-117.064326,480.141439,33.578116,-117.064167,424.901449,0.000330,0.000210,-0.000973,0.639437,0.639437,0.639437
68445.000000,33.578367,-117.064328,479.935346,33.578116,-117.064167,424.916017,0.000329,0.000210,-0.000972,0.639505,0.639505,0.639505
68460.000000,33.578369,-117.064326,479.218360,33.578116,-117.064167,424.929913,0.000329,0.000210,-0.000972,0.639574,0.639574,0.639574
68475.000000,33.578366,-117.064325,478.821310,33.578116,-117.064167,424.943788,0.000329,0.000209,-0.000971,0.639643,0.639643,0.639643
68490.000000,33.578367,-117.064323,478.156247,33.578116,-117.064167,424.957100,0.000328,0.000209,-0.000971,0.639713,0.639713,0.639713
68505.000000,33.578366,-117.064324,478.007786,33.578116,-117.064167,424.970210,0.000328,0.000209,-0.000970,0.639784,0.639784,0.639784
68520.000000,33.578361,-117.064324,477.939579,33.578116,-117.064167,424.983438,0.000328,0.000209,-0.000969,0.639854,0.639854,0.639854
68535.000000,33.578364,-117.064322,477.497170,33.578116,-117.064167,424.996151,0.000328,0.000209,-0.000969,0.639926,0.639926,0.639926
68550.000000,33.578361,-117.064321,477.199600,33.578116,-117.064167,425.008824,0.000327,0.000208,-0.000968,0.639997,0.639997,0.639997
68565.000000,33.578358,-117.064321,476.908254,33.578116,-117.064167,425.021359,0.000327,0.000208,-0.000968,0.640069,0.640069,0.640069
68580.000000,33.578358,-117.064320,476.160712,33.578116,-117.064167,425.033410,0.000327,0.000208,-0.000967,0.640141,0.640141,0.640141
68595.000000,33.578355,-117.064319,475.970729,33.578116,-117.064167,425.045378,0.000326,0.000208,-0.000967,0.640213,0.640213,0.640213
68610.000000,33.578358,-117.064317,475.563315,33.578116,-117.064167,425.056915,0.000326,0.000207,-0.000966,0.640286,0.640286,0.640286
68625.000000,33.578352,-117.064320,475.351478,33.578116,-117.064167,425.068486,0.000326,0.000207,-0.000966,0.640359,0.640359,0.640359
68640.000000,33.578352,-117.064317,474.587125,33.578116,-117.064167,425.079666,0.000326,0.000207,-0.000965,0.640431,0.640431,0.640431
68655.000000,33.578352,-117.064317,473.702299,33.578116,-117.064167,425.090359,0.000325,0.000207,-0.000964,0.640505,0.640505,0.640505
68670.000000,33.578350,-117.064316,473.382495,33.578116,-117.064167,425.100832,0.000325,0.000207,-0.000964,0.640578,0.640578,0.640578
68685.000000,33.578354,-117.064311,472.308439,33.578116,-117.064167,425.110441,0.000325,0.000207,-0.000963,0.640654,0.640654,0.640654
68700.000000,33.578350,-117.064313,472.050938,33.578116,-117.064167,425.119989,0.000325,0.000206,-0.000963,0.640730,0.640730,0.640730
68715.000000,33.578345,-117.064313,471.834575,33.578116,-117.064167,425.129442,0.000324,0.000206,-0.000962,0.640806,0.640806,0.640806
68730.000000,33.578345,-117.064313,471.250450,33.578116,-117.064167,425.138554,0.000324,0.000206,-0.000962,0.640882,0.640882,0.640882
68745.000000,33.578342,-117.064313,470.942238,33.578116,-117.064167,425.147598,0.000324,0.000206,-0.000961,0.640957,0.640957,0.640957
68760.000000,33.578339,-117.064313,470.661618,33.578117,-117.064167,425.156450,0.000324,0.000206,-0.000961,0.641033,0.641033,0.641033
68775.000000,33.578339,-117.064313,469.990160,33.578117,-117.064167,425.164934,0.000323,0.000206,-0.000960,0.641110,0.641110,0.641110
68790.000000,33.578335,-117.064313,469.420231,33.578117,-117.064168,425.173182,0.000323,0.000205,-0.000960,0.641186,0.641186,0.641186
68805.000000,33.578338,-117.064309,468.977603,33.578117,-117.064168,425.181178,0.000323,0.000205,-0.000959,0.641263,0.641263,0.641263
68820.000000,33.578333,-117.064312,468.767310,33.578117,-117.064168,425.188990,0.000323,0.000205,-0.000959,0.641340,0.641340,0.641340
68835.000000,33.578332,-117.064311,468.321570,33.578117,-117.064168,425.196565,0.000322,0.000205,-0.000959,0.641418,0.641418,0.641418
68850.000000,33.578328,-117.064312,468.101109,33.578117,-117.064168,425.204127,0.000322,0.000205,-0.000958,0.641494,0.641494,0.641494
68865.000000,33.578327,-117.064312,467.264946,33.578117,-117.064168,425.211264,0.000322,0.000205,-0.000958,0.641572,0.641572,0.641572
68880.000000,33.578328,-117.064309,466.446861,33.578117,-117.064168,425.217943,0.000322,0.000205,-0.000957,0.641649,0.641649,0.641649
68895.000000,33.578329,-117.064306,466.082664,33.578117,-117.064168,425.224417,0.000321,0.000204,-0.000957,0.641728,0.641728,0.641728
68910.000000,33.578325,-117.064308,465.427587,33.578117,-117.064168,425.230621,0.000321,0.000204,-0.000956,0.641805,0.641805,0.641805
68925.000000,33.578325,-117.064305,464.619217,33.578117,-117.064168,425.236251,0.000321,0.000204,-0.000956,0.641885,0.641885,0.641885
68940.000000,33.578321,-117.064307,464.558932,33.578117,-117.064168,425.241905,0.000321,0.000204,-0.000955,0.641964,0.641964,0.641964
68955.000000,33.578321,-117.064307,463.829885,33.578117,-117.064168,425.247209,0.000321,0.000204,-0.000955,0.642044,0.642044,0.642044
68970.000000,33.578321,-117.064304,463.283547,33.578117,-117.064168,425.252249,0.000320,0.000204,-0.000955,0.642123,0.642123,0.642123
68985.000000,33.578315,-117.064306,463.178168,33.578117,-117.064168,425.257329,0.000320,0.000204,-0.000954,0.642202,0.642202,0.642202
69000.000000,33.578314,-117.064307,462.961472,33.578117,-117.064168,425.262356,0.000320,0.000204,-0.000954,0.642280,0.642280,0.642280
69015.000000,33.578315,-117.064304,462.281401,33.578117,-117.064168,425.266981,0.000320,0.000203,-0.000953,0.642360,0.642360,0.642360
69030.000000,33.578312,-117.064303,461.287176,33.578117,-117.064168,425.271095,0.000320,0.000203,-0.000953,0.642440,0.642440,0.642440
69045.000000,33.578309,-117.064303,460.882906,33.578117,-117.064168,425.275114,0.000319,0.000203,-0.000953,0.642519,0.642519,0.642519
69060.000000,33.578308,-117.064302,460.009388,33.578117,-117.064168,425.278636,0.000319,0.000203,-0.000952,0.642599,0.642599,0.642599
69075.000000,33.578395,-117.064263,475.605098,33.578117,-117.064168,425.292849,0.000319,0.000203,-0.000952,0.642655,0.642655,0.642655
69090.000000,33.578393,-117.064262,475.156697,33.578117,-117.064168,425.306769,0.000319,0.000203,-0.000951,0.642711,0.642711,0.642711
69105.000000,33.578395,-117.064261,474.180023,33.578117,-117.064168,425.319940,0.000318,0.000202,-0.000950,0.642770,0.642770,0.642770
69120.000000,33.578390,-117.064261,473.299315,33.578117,-117.064168,425.332934,0.000318,0.000202,-0.000950,0.642826,0.642826,0.642826
69135.000000,33.578387,-117.064261,473.354822,33.578117,-117.064168,425.346059,0.000318,0.000202,-0.000949,0.642881,0.642881,0.642881
69150.000000,33.578390,-117.064257,473.056412,33.578117,-117.064168,425.358550,0.000318,0.000202,-0.000948,0.642940,0.642940,0.642940
69165.000000,33.578383,-117.064260,471.785514,33.578117,-117.064168,425.370789,0.000318,0.000202,-0.000948,0.642996,0.642996,0.642996
69180.000000,33.578382,-117.064258,471.280574,33.578117,-117.064168,425.382824,0.000317,0.000201,-0.000947,0.643052,0.643052,0.643052
69195.000000,33.578386,-117.064256,471.510896,33.578117,-117.064168,425.394581,0.000317,0.000201,-0.000947,0.643110,0.643110,0.643110
69210.000000,33.578390,-117.064252,472.301705,33.578117,-117.064168,425.406252,0.000317,0.000201,-0.000946,0.643172,0.643172,0.643172
69225.000000,33.578382,-117.064255,470.649798,33.578117,-117.064168,425.417705,0.000317,0.000201,-0.000945,0.643229,0.643229,0.643229
69240.000000,33.578380,-117.064254,470.899737,33.578117,-117.064168,425.429210,0.000317,0.000201,-0.000945,0.643287,0.643287,0.643287
69255.000000,33.578389,-117.064249,471.774377,33.578117,-117.064168,425.440332,0.000316,0.000201,-0.000944,0.643350,0.643350,0.643350
69270.000000,33.578384,-117.064249,469.984543,33.578118,-117.064168,425.450717,0.000316,0.000200,-0.000944,0.643413,0.643413,0.643413
69285.000000,33.578382,-117.064248,469.528610,33.578118,-117.064168,425.461029,0.000316,0.000200,-0.000943,0.643474,0.643474,0.643474
69300.000000,33.578388,-117.064245,469.351427,33.578118,-117.064168,425.470663,0.000316,0.000200,-0.000943,0.643540,0.643540,0.643540
69315.000000,33.578384,-117.064246,468.554398,33.578118,-117.064168,425.480212,0.000316,0.000200,-0.000942,0.643603,0.643603,0.643603
69330.000000,33.578377,-117.064247,467.954219,33.578118,-117.064168,425.489835,0.000316,0.000200,-0.000942,0.643664,0.643664,0.643664
69345.000000,33.578382,-117.064243,468.388251,33.578118,-117.064168,425.499215,0.000315,0.000200,-0.000941,0.643728,0.643728,0.643728
69360.000000,33.578380,-117.064243,468.272017,33.578118,-117.064168,425.508431,0.000315,0.000199,-0.000940,0.643792,0.643792,0.643792
69375.000000,33.578376,-117.064244,466.670853,33.578118,-117.064168,425.517040,0.000315,0.000199,-0.000940,0.643856,0.643856,0.643856
69390.000000,33.578375,-117.064244,467.131040,33.578118,-117.064168,425.525792,0.000315,0.000199,-0.000939,0.643920,0.643920,0.643920
69405.000000,33.578377,-117.064239,466.782524,33.578118,-117.064168,425.534084,0.000315,0.000199,-0.000939,0.643986,0.643986,0.643986
69420.000000,33.578370,-117.064242,465.563113,33.578118,-117.064168,425.542320,0.000315,0.000199,-0.000938,0.644048,0.644048,0.644048
69435.000000,33.578374,-117.064240,465.673283,33.578118,-117.064168,425.550166,0.000314,0.000199,-0.000938,0.644113,0.644113,0.644113
69450.000000,33.578374,-117.064237,464.886705,33.578118,-117.064168,425.557452,0.000314,0.000198,-0.000937,0.644180,0.644180,0.644180
69465.000000,33.578369,-117.064240,464.427973,33.578118,-117.064168,425.564821,0.000314,0.000198,-0.000937,0.644244,0.644244,0.644244
69480.000000,33.578370,-117.064239,463.988396,33.578118,-117.064168,425.571867,0.000314,0.000198,-0.000936,0.644310,0.644310,0.644310
69495.000000,33.578372,-117.064235,464.214318,33.578118,-117.064168,425.578742,0.000314,0.000198,-0.000936,0.644377,0.644377,0.644377
69510.000000,33.578367,-117.064235,463.188244,33.578118,-117.064168,425.585443,0.000314,0.000198,-0.000935,0.644442,0.644442,0.644442
69525.000000,33.578371,-117.064232,463.409432,33.578118,-117.064168,425.591863,0.000313,0.000198,-0.000935,0.644510,0.644510,0.644510
69540.000000,33.578368,-117.064232,463.144155,33.578118,-117.064168,425.598213,0.000313,0.000198,-0.000934,0.644578,0.644578,0.644578
69555.000000,33.578366,-117.064230,462.754508,33.578118,-117.064168,425.604407,0.000313,0.000198,-0.000934,0.644645,0.644645,0.644645
69570.000000,33.578367,-117.064229,462.563492,33.578118,-117.064168,425.610278,0.000313,0.000197,-0.000933,0.644714,0.644714,0.644714
69585.000000,33.578359,-117.064231,461.366453,33.578118,-117.064168,425.616144,0.000313,0.000197,-0.000933,0.644779,0.644779,0.644779
69600.000000,33.578367,-117.064226,460.621078,33.578118,-117.064168,425.621107,0.000313,0.000197,-0.000932,0.644848,0.644848,0.644848
69615.000000,33.578363,-117.064228,459.185672,33.578119,-117.064168,425.625524,0.000313,0.000197,-0.000932,0.644916,0.644916,0.644916
69630.000000,33.578362,-117.064227,459.375628,33.578119,-117.064168,425.630010,0.000313,0.000197,-0.000931,0.644984,0.644984,0.644984
69645.000000,33.578365,-117.064225,458.614155,33.578119,-117.064168,425.633926,0.000312,0.000197,-0.000931,0.645054,0.645054,0.645054
69660.000000,33.578361,-117.064226,458.376800,33.578119,-117.064168,425.637970,0.000312,0.000197,-0.000931,0.645122,0.645122,0.645122
69675.000000,33.578363,-117.064224,458.570187,33.578119,-117.064168,425.641952,0.000312,0.000197,-0.000930,0.645191,0.645191,0.645191
69690.000000,33.578361,-117.064224,458.270354,33.578119,-117.064168,425.645771,0.000312,0.000197,-0.000930,0.645260,0.645260,0.645260
69705.000000,33.578357,-117.064224,457.472410,33.578119,-117.064168,425.649401,0.000312,0.000197,-0.000929,0.645328,0.645328,0.645328
69720.000000,33.578356,-117.064222,457.120550,33.578119,-117.064168,425.652768,0.000312,0.000196,-0.000929,0.645397,0.645397,0.645397
69735.000000,33.578357,-117.064219,456.597388,33.578119,-117.064168,425.655785,0.000312,0.000196,-0.000928,0.645466,0.645466,0.645466
69750.000000,33.578353,-117.064222,455.810713,33.578119,-117.064168,425.658512,0.000312,0.000196,-0.000928,0.645535,0.645535,0.645535
69765.000000,33.578356,-117.064218,456.061298,33.578119,-117.064168,425.661151,0.000312,0.000196,-0.000928,0.645606,0.645606,0.645606
69780.000000,33.578346,-117.064222,454.538099,33.578119,-117.064168,425.663481,0.000311,0.000196,-0.000927,0.645672,0.645672,0.645672
69795.000000,33.578356,-117.064216,455.217215,33.578119,-117.064168,425.665531,0.000311,0.000196,-0.000927,0.645745,0.645745,0.645745
69810.000000,33.578352,-117.064218,453.998383,33.578119,-117.064168,425.667166,0.000311,0.000196,-0.000926,0.645816,0.645816,0.645816
69825.000000,33.578350,-117.064217,453.780599,33.578119,-117.064168,425.668722,0.000311,0.000196,-0.000926,0.645887,0.645887,0.645887
69840.000000,33.578352,-117.064215,453.308505,33.578119,-117.064168,425.670042,0.000311,0.000196,-0.000926,0.645959,0.645959,0.645959
69855.000000,33.578348,-117.064214,452.407919,33.578119,-117.064168,425.671037,0.000311,0.000196,-0.000925,0.646029,0.646029,0.646029
69870.000000,33.578350,-117.064212,452.589873,33.578119,-117.064168,425.671905,0.000311,0.000196,-0.000925,0.646101,0.646101,0.646101
69885.000000,33.578348,-117.064214,451.218492,33.578119,-117.064168,425.672204,0.000311,0.000196,-0.000924,0.646173,0.646173,0.646173
69900.000000,33.578344,-117.064213,451.423572,33.578119,-117.064168,425.672685,0.000311,0.000196,-0.000924,0.646244,0.646244,0.646244
69915.000000,33.578342,-117.064212,451.206944,33.578119,-117.064168,425.673109,0.000311,0.000196,-0.000924,0.646314,0.646314,0.646314
69930.000000,33.578341,-117.064211,450.481065,33.578119,-117.064168,425.673190,0.000311,0.000196,-0.000923,0.646384,0.646384,0.646384
69945.000000,33.578342,-117.064209,451.003295,33.578119,-117.064168,425.673337,0.000311,0.000195,-0.000923,0.646457,0.646457,0.646457
69960.000000,33.578338,-117.064211,449.431826,33.578119,-117.064168,425.672986,0.000311,0.000195,-0.000923,0.646526,0.646526,0.646526
69975.000000,33.578339,-117.064210,448.614971,33.578119,-117.064168,425.672152,0.000310,0.000195,-0.000922,0.646597,0.646597,0.646597
69990.000000,33.578335,-117.064210,448.957040,33.578119,-117.064168,425.671539,0.000310,0.000195,-0.000922,0.646667,0.646667,0.646667
70005.000000,33.578335,-117.064212,447.828053,33.578119,-117.064168,425.670234,0.000310,0.000195,-0.000921,0.646740,0.646740,0.646740
70020.000000,33.578335,-117.064209,447.754565,33.578119,-117.064168,425.668927,0.000310,0.000195,-0.000921,0.646812,0.646812,0.646812
70035.000000,33.578336,-117.064208,447.165824,33.578119,-117.064168,425.667285,0.000310,0.000195,-0.000921,0.646884,0.646884,0.646884
70050.000000,33.578333,-117.064209,446.721114,33.578119,-117.064168,425.665565,0.000310,0.000195,-0.000920,0.646955,0.646955,0.646955
70065.000000,33.578330,-117.064208,445.989851,33.578119,-117.064168,425.663469,0.000310,0.000195,-0.000920,0.647027,0.647027,0.647027
70080.000000,33.578332,-117.064207,445.784422,33.578119,-117.064168,425.661199,0.000310,0.000195,-0.000920,0.647100,0.647100,0.647100
70095.000000,33.578329,-117.064205,445.452940,33.578119,-117.064168,425.658941,0.000310,0.000195,-0.000919,0.647170,0.647170,0.647170
70110.000000,33.578328,-117.064203,445.239538,33.578119,-117.064168,425.656437,0.000310,0.000195,-0.000919,0.647243,0.647243,0.647243
70125.000000,33.578324,-117.064205,444.543133,33.578119,-117.064168,425.653750,0.000310,0.000195,-0.000919,0.647313,0.647313,0.647313
70140.000000,33.578327,-117.064202,443.514874,33.578119,-117.064168,425.650480,0.000310,0.000195,-0.000919,0.647385,0.647385,0.647385
70155.000000,33.578327,-117.064203,442.988802,33.578119,-117.064168,425.646974,0.000310,0.000195,-0.000918,0.647457,0.647457,0.647457
70170.000000,33.578326,-117.064201,442.668952,33.578119,-117.064168,425.643315,0.000310,0.000195,-0.000918,0.647529,0.647529,0.647529
70185.000000,33.578323,-117.064200,442.384366,33.578119,-117.064168,425.639601,0.000310,0.000195,-0.000918,0.647600,0.647600,0.647600
70200.000000,33.578321,-117.064202,441.850395,33.578119,-117.064168,425.635648,0.000310,0.000195,-0.000917,0.647671,0.647671,0.647671
70215.000000,33.578321,-117.064200,441.830430,33.578119,-117.064168,425.631659,0.000310,0.000195,-0.000917,0.647742,0.647742,0.647742
70230.000000,33.578320,-117.064200,441.072841,33.578119,-117.064168,425.627303,0.000310,0.000195,-0.000917,0.647813,0.647813,0.647813
70245.000000,33.578320,-117.064198,440.321136,33.578120,-117.064168,425.622621,0.000310,0.000195,-0.000916,0.647884,0.647884,0.647884
70260.000000,33.578319,-117.064199,439.834583,33.578120,-117.064168,425.617709,0.000310,0.000195,-0.000916,0.647956,0.647956,0.647956
70275.000000,33.578314,-117.064200,440.214089,33.578120,-117.064168,425.613081,0.000310,0.000195,-0.000916,0.648025,0.648025,0.648025
70290.000000,33.578315,-117.064198,439.379609,33.578120,-117.064168,425.608047,0.000310,0.000195,-0.000916,0.648094,0.648094,0.648094
70305.000000,33.578315,-117.064199,438.548180,33.578120,-117.064168,425.602615,0.000310,0.000195,-0.000915,0.648163,0.648163,0.648163
70320.000000,33.578313,-117.064198,438.605299,33.578120,-117.064168,425.597218,0.000310,0.000195,-0.000915,0.648233,0.648233,0.648233
70335.000000,33.578313,-117.064198,437.898511,33.578120,-117.064168,425.591428,0.000309,0.000195,-0.000915,0.648304,0.648304,0.648304
70350.000000,33.578313,-117.064196,437.190706,33.578120,-117.064168,425.585325,0.000309,0.000195,-0.000915,0.648374,0.648374,0.648374
70365.000000,33.578311,-117.064196,436.198948,33.578120,-117.064168,425.578801,0.000309,0.000195,-0.000914,0.648444,0.648444,0.648444
70380.000000,33.578310,-117.064195,436.187728,33.578120,-117.064168,425.572252,0.000309,0.000195,-0.000914,0.648514,0.648514,0.648514
70395.000000,33.578309,-117.064195,436.145649,33.578120,-117.064168,425.565693,0.000309,0.000195,-0.000914,0.648584,0.648584,0.648584
70410.000000,33.578305,-117.064195,435.695454,33.578120,-117.064168,425.559034,0.000309,0.000196,-0.000914,0.648651,0.648651,0.648651
70425.000000,33.578306,-117.064194,435.047978,33.578120,-117.064168,425.552010,0.000309,0.000196,-0.000913,0.648719,0.648719,0.648719
70440.000000,33.578304,-117.064194,434.552717,33.578120,-117.064168,425.544785,0.000309,0.000196,-0.000913,0.648787,0.648787,0.648787
70455.000000,33.578304,-117.064193,434.596466,33.578120,-117.064168,425.537543,0.000309,0.000196,-0.000913,0.648856,0.648856,0.648856
70470.000000,33.578303,-117.064195,433.291502,33.578120,-117.064168,425.529707,0.000309,0.000196,-0.000913,0.648924,0.648924,0.648924
70485.000000,33.578300,-117.064193,432.898223,33.578120,-117.064168,425.521704,0.000309,0.000196,-0.000912,0.648992,0.648992,0.648992
70500.000000,33.578298,-117.064194,432.990531,33.578120,-117.064168,425.513782,0.000309,0.000196,-0.000912,0.649058,0.649058,0.649058
70515.000000,33.578300,-117.064193,432.567005,33.578120,-117.064168,425.505638,0.000309,0.000196,-0.000912,0.649126,0.649126,0.649126
70530.000000,33.578297,-117.064193,431.900820,33.578120,-117.064168,425.497215,0.000309,0.000196,-0.000912,0.649192,0.649192,0.649192
70545.000000,33.578295,-117.064192,431.730432,33.578120,-117.064168,425.488711,0.000309,0.000196,-0.000912,0.649257,0.649257,0.649257
70560.000000,33.578294,-117.064194,430.926818,33.578120,-117.064168,425.479841,0.000309,0.000196,-0.000911,0.649322,0.649322,0.649322
70575.000000,33.578294,-117.064192,431.012563,33.578120,-117.064168,425.470996,0.000309,0.000196,-0.000911,0.649388,0.649388,0.649388
70590.000000,33.578293,-117.064193,429.983352,33.578120,-117.064168,425.461671,0.000309,0.000196,-0.000911,0.649454,0.649454,0.649454
70605.000000,33.578293,-117.064191,429.420581,33.578120,-117.064168,425.452071,0.000309,0.000196,-0.000911,0.649520,0.649520,0.649520
70620.000000,33.578291,-117.064193,429.426953,33.578120,-117.064168,425.442486,0.000309,0.000196,-0.000911,0.649586,0.649586,0.649586
70635.000000,33.578290,-117.064193,429.015703,33.578120,-117.064168,425.432709,0.000309,0.000196,-0.000910,0.649652,0.649652,0.649652
70650.000000,33.578287,-117.064192,428.893097,33.578120,-117.064167,425.422905,0.000310,0.000197,-0.000910,0.649715,0.649715,0.649715
70665.000000,33.578285,-117.064191,427.884651,33.578120,-117.064167,425.412625,0.000310,0.000197,-0.000910,0.649776,0.649776,0.649776
70680.000000,33.578284,-117.064190,427.863760,33.578120,-117.064167,425.402332,0.000310,0.000197,-0.000910,0.649839,0.649839,0.649839
70695.000000,33.578283,-117.064191,427.848563,33.578120,-117.064167,425.392046,0.000310,0.000197,-0.000910,0.649901,0.649901,0.649901
70710.000000,33.578283,-117.064190,426.867478,33.578120,-117.064167,425.381277,0.000310,0.000197,-0.000909,0.649963,0.649963,0.649963
70725.000000,33.578280,-117.064189,426.980018,33.578120,-117.064167,425.370578,0.000310,0.000197,-0.000909,0.650024,0.650024,0.650024
70740.000000,33.578279,-117.064191,426.468357,33.578120,-117.064167,425.359630,0.000310,0.000197,-0.000909,0.650085,0.650085,0.650085
70755.000000,33.578278,-117.064192,425.830399,33.578120,-117.064167,425.348372,0.000310,0.000197,-0.000909,0.650146,0.650146,0.650146
70770.000000,33.578277,-117.064192,424.900261,33.578120,-117.064167,425.336659,0.000310,0.000197,-0.000909,0.650206,0.650206,0.650206
70785.000000,33.578276,-117.064191,425.109100,33.578120,-117.064167,425.325057,0.000310,0.000197,-0.000909,0.650267,0.650267,0.650267
70800.000000,33.578276,-117.064191,424.308234,33.578120,-117.064167,425.313061,0.000310,0.000198,-0.000908,0.650326,0.650326,0.650326
70815.000000,33.578275,-117.064190,424.074563,33.578120,-117.064167,425.300948,0.000310,0.000198,-0.000908,0.650384,0.650384,0.650384
70830.000000,33.578272,-117.064191,423.727141,33.578120,-117.064167,425.288664,0.000310,0.000198,-0.000908,0.650442,0.650442,0.650442
70845.000000,33.578271,-117.064191,422.970534,33.578120,-117.064167,425.275993,0.000310,0.000198,-0.000908,0.650498,0.650498,0.650498
70860.000000,33.578270,-117.064189,422.779342,33.578120,-117.064167,425.263236,0.000310,0.000198,-0.000908,0.650554,0.650554,0.650554
70875.000000,33.578268,-117.064191,422.526286,33.578120,-117.064167,425.250352,0.000310,0.000198,-0.000908,0.650610,0.650610,0.650610
70890.000000,33.578269,-117.064190,421.981498,33.578120,-117.064167,425.237221,0.000310,0.000198,-0.000908,0.650668,0.650668,0.650668
70905.000000,33.578266,-117.064191,421.626695,33.578120,-117.064167,425.223895,0.000310,0.000198,-0.000907,0.650724,0.650724,0.650724
70920.000000,33.578265,-117.064190,421.082098,33.578120,-117.064167,425.210287,0.000310,0.000199,-0.000907,0.650780,0.650780,0.650780
70935.000000,33.578264,-117.064190,420.475887,33.578120,-117.064167,425.196368,0.000310,0.000199,-0.000907,0.650834,0.650834,0.650834
70950.000000,33.578263,-117.064190,420.439965,33.578120,-117.064167,425.182433,0.000310,0.000199,-0.000907,0.650889,0.650889,0.650889
70965.000000,33.578261,-117.064189,419.759300,33.578120,-117.064167,425.168123,0.000310,0.000199,-0.000907,0.650941,0.650941,0.650941
70980.000000,33.578260,-117.064189,419.645893,33.578120,-117.064167,425.153772,0.000310,0.000199,-0.000907,0.650994,0.650994,0.650994
70995.000000,33.578260,-117.064190,418.868974,33.578120,-117.064167,425.139020,0.000310,0.000199,-0.000907,0.651046,0.651046,0.651046
71010.000000,33.578255,-117.064191,419.698229,33.578120,-117.064167,425.124649,0.000310,0.000199,-0.000907,0.651096,0.651096,0.651096
71025.000000,33.578254,-117.064192,419.116492,33.578120,-117.064167,425.109951,0.000310,0.000200,-0.000906,0.651144,0.651144,0.651144
71040.000000,33.578256,-117.064191,418.457148,33.578120,-117.064167,425.094930,0.000310,0.000200,-0.000906,0.651192,0.651192,0.651192
71055.000000,33.578253,-117.064191,418.170155,33.578120,-117.064167,425.079761,0.000310,0.000200,-0.000906,0.651241,0.651241,0.651241
71070.000000,33.578253,-117.064191,417.847559,33.578120,-117.064167,425.064383,0.000311,0.000200,-0.000906,0.651288,0.651288,0.651288
71085.000000,33.578252,-117.064192,417.273142,33.578120,-117.064167,425.048614,0.000311,0.000200,-0.000906,0.651330,0.651330,0.651330
71100.000000,33.578250,-117.064193,417.062267,33.578120,-117.064167,425.032727,0.000311,0.000200,-0.000906,0.651373,0.651373,0.651373
71115.000000,33.578248,-117.064195,417.210904,33.578120,-117.064167,425.016922,0.000311,0.000201,-0.000906,0.651415,0.651415,0.651415
71130.000000,33.578248,-117.064196,416.387811,33.578120,-117.064167,425.000682,0.000311,0.000201,-0.000906,0.651457,0.651457,0.651457
71145.000000,33.578245,-117.064194,416.325684,33.578120,-117.064167,424.984352,0.000311,0.000201,-0.000906,0.651497,0.651497,0.651497
71160.000000,33.578245,-117.064192,416.167888,33.578120,-117.064167,424.967964,0.000311,0.000201,-0.000906,0.651538,0.651538,0.651538
71175.000000,33.578243,-117.064194,415.964027,33.578120,-117.064167,424.951440,0.000311,0.000201,-0.000906,0.651578,0.651578,0.651578
71190.000000,33.578242,-117.064196,415.429739,33.578120,-117.064167,424.934626,0.000311,0.000202,-0.000905,0.651617,0.651617,0.651617
71205.000000,33.578241,-117.064196,414.932186,33.578120,-117.064167,424.917454,0.000311,0.000202,-0.000905,0.651654,0.651654,0.651654
71220.000000,33.578241,-117.064195,414.507939,33.578120,-117.064167,424.900022,0.000311,0.000202,-0.000905,0.651689,0.651689,0.651689
71235.000000,33.578241,-117.064194,414.313313,33.578120,-117.064167,424.882530,0.000311,0.000202,-0.000905,0.651726,0.651726,0.651726
71250.000000,33.578239,-117.064195,414.187111,33.578120,-117.064167,424.864903,0.000311,0.000202,-0.000905,0.651761,0.651761,0.651761
71265.000000,33.578237,-117.064196,414.000953,33.578120,-117.064167,424.847149,0.000311,0.000203,-0.000905,0.651795,0.651795,0.651795
71280.000000,33.578234,-117.064196,414.009542,33.578120,-117.064167,424.829345,0.000311,0.000203,-0.000905,0.651827,0.651827,0.651827
71295.000000,33.578233,-117.064195,413.503041,33.578120,-117.064167,424.811238,0.000311,0.000203,-0.000905,0.651858,0.651858,0.651858
71310.000000,33.578233,-117.064196,413.288567,33.578119,-117.064167,424.793004,0.000312,0.000203,-0.000905,0.651889,0.651889,0.651889
71325.000000,33.578231,-117.064197,412.856140,33.578119,-117.064167,424.774428,0.000312,0.000203,-0.000905,0.651918,0.651918,0.651918
71340.000000,33.578232,-117.064198,412.457848,33.578119,-117.064167,424.755641,0.000312,0.000204,-0.000905,0.651946,0.651946,0.651946
71355.000000,33.578230,-117.064198,412.147432,33.578119,-117.064167,424.736648,0.000312,0.000204,-0.000905,0.651974,0.651974,0.651974
71370.000000,33.578229,-117.064198,411.403554,33.578119,-117.064167,424.717244,0.000312,0.000204,-0.000905,0.652002,0.652002,0.652002
71385.000000,33.578227,-117.064197,411.570780,33.578119,-117.064167,424.697837,0.000312,0.000204,-0.000905,0.652028,0.652028,0.652028
71400.000000,33.578226,-117.064197,411.503246,33.578119,-117.064167,424.678367,0.000312,0.000205,-0.000905,0.652052,0.652052,0.652052
71415.000000,33.578224,-117.064199,411.447505,33.578119,-117.064167,424.658823,0.000312,0.000205,-0.000905,0.652076,0.652076,0.652076
71430.000000,33.578224,-117.064199,411.021274,33.578119,-117.064167,424.639044,0.000312,0.000205,-0.000905,0.652099,0.652099,0.652099
71445.000000,33.578224,-117.064200,411.155390,33.578119,-117.064167,424.619265,0.000312,0.000205,-0.000905,0.652121,0.652121,0.652121
71460.000000,33.578223,-117.064199,410.530255,33.578119,-117.064167,424.599120,0.000312,0.000205,-0.000905,0.652142,0.652142,0.652142
71475.000000,33.578222,-117.064201,409.708063,33.578119,-117.064167,424.578454,0.000312,0.000206,-0.000905,0.652163,0.652163,0.652163
71490.000000,33.578222,-117.064202,410.001588,33.578119,-117.064167,424.557988,0.000312,0.000206,-0.000905,0.652184,0.652184,0.652184
71505.000000,33.578218,-117.064203,409.914971,33.578119,-117.064167,424.537311,0.000312,0.000206,-0.000905,0.652202,0.652202,0.652202
71520.000000,33.578219,-117.064202,409.202586,33.578119,-117.064167,424.516168,0.000313,0.000206,-0.000904,0.652218,0.652218,0.652218
71535.000000,33.578217,-117.064203,409.732255,33.578119,-117.064167,424.495305,0.000313,0.000207,-0.000904,0.652233,0.652233,0.652233
71550.000000,33.578215,-117.064202,409.456599,33.578119,-117.064167,424.474184,0.000313,0.000207,-0.000904,0.652246,0.652246,0.652246
71565.000000,33.578216,-117.064200,408.789022,33.578119,-117.064167,424.452659,0.000313,0.000207,-0.000904,0.652260,0.652260,0.652260
71580.000000,33.578216,-117.064202,408.756743,33.578119,-117.064167,424.431041,0.000313,0.000208,-0.000904,0.652271,0.652271,0.652271
71595.000000,33.578214,-117.064203,408.647505,33.578119,-117.064167,424.409239,0.000313,0.000208,-0.000904,0.652280,0.652280,0.652280
71610.000000,33.578211,-117.064204,408.256740,33.578119,-117.064167,424.387141,0.000313,0.000208,-0.000904,0.652288,0.652288,0.652288
71625.000000,33.578210,-117.064204,408.701762,33.578119,-117.064167,424.365238,0.000313,0.000208,-0.000904,0.652293,0.652293,0.652293
71640.000000,33.578207,-117.064203,409.216580,33.578119,-117.064167,424.343500,0.000313,0.000209,-0.000904,0.652295,0.652295,0.652295
71655.000000,33.578210,-117.064208,407.670059,33.578119,-117.064167,424.320912,0.000313,0.000209,-0.000904,0.652300,0.652300,0.652300
71670.000000,33.578208,-117.064205,407.809803,33.578119,-117.064167,424.298308,0.000313,0.000209,-0.000905,0.652302,0.652302,0.652302
71685.000000,33.578207,-117.064208,407.270684,33.578119,-117.064167,424.275447,0.000313,0.000209,-0.000905,0.652306,0.652306,0.652306
71700.000000,33.578203,-117.064208,407.260348,33.578119,-117.064167,424.252329,0.000314,0.000210,-0.000905,0.652305,0.652305,0.652305
71715.000000,33.578207,-117.064211,406.191833,33.578119,-117.064167,424.228710,0.000314,0.000210,-0.000905,0.652308,0.652308,0.652308
71730.000000,33.578204,-117.064209,406.803433,33.578119,-117.064167,424.205294,0.000314,0.000210,-0.000905,0.652307,0.652307,0.652307
71745.000000,33.578205,-117.064212,406.275557,33.578119,-117.064167,424.181530,0.000314,0.000211,-0.000905,0.652306,0.652306,0.652306
71760.000000,33.578203,-117.064210,406.367490,33.578119,-117.064167,424.157686,0.000314,0.000211,-0.000905,0.652302,0.652302,0.652302
71775.000000,33.578201,-117.064210,407.057928,33.578119,-117.064167,424.134226,0.000314,0.000211,-0.000905,0.652295,0.652295,0.652295
71790.000000,33.578202,-117.064212,406.354664,33.578119,-117.064167,424.110189,0.000314,0.000212,-0.000905,0.652287,0.652287,0.652287
71805.000000,33.578199,-117.064211,406.515805,33.578119,-117.064167,424.086090,0.000314,0.000212,-0.000905,0.652276,0.652276,0.652276
71820.000000,33.578200,-117.064214,405.262838,33.578119,-117.064167,424.061231,0.000314,0.000212,-0.000905,0.652266,0.652266,0.652266
71835.000000,33.578198,-117.064212,405.811741,33.578119,-117.064167,424.036454,0.000314,0.000212,-0.000905,0.652251,0.652251,0.652251
71850.000000,33.578201,-117.064215,404.635025,33.578119,-117.064167,424.011185,0.000314,0.000213,-0.000905,0.652241,0.652241,0.652241
71865.000000,33.578196,-117.064214,404.948852,33.578119,-117.064167,423.985989,0.000314,0.000213,-0.000905,0.652229,0.652229,0.652229
71880.000000,33.578198,-117.064213,403.800406,33.578119,-117.064167,423.960005,0.000315,0.000213,-0.000905,0.652217,0.652217,0.652217
71895.000000,33.578195,-117.064212,404.468348,33.578119,-117.064167,423.934128,0.000315,0.000214,-0.000905,0.652198,0.652198,0.652198
71910.000000,33.578194,-117.064215,403.784807,33.578119,-117.064167,423.907765,0.000315,0.000214,-0.000905,0.652179,0.652179,0.652179
71925.000000,33.578190,-117.064214,404.558947,33.578119,-117.064167,423.881689,0.000315,0.000214,-0.000905,0.652156,0.652156,0.652156
71940.000000,33.578189,-117.064214,405.272456,33.578119,-117.064167,423.855990,0.000315,0.000215,-0.000905,0.652129,0.652129,0.652129
71955.000000,33.578192,-117.064216,403.894062,33.578119,-117.064167,423.829443,0.000315,0.000215,-0.000905,0.652105,0.652105,0.652105
71970.000000,33.578192,-117.064218,404.192317,33.578119,-117.064167,423.802925,0.000315,0.000216,-0.000905,0.652078,0.652078,0.652078
71985.000000,33.578193,-117.064222,403.549653,33.578119,-117.064167,423.776048,0.000315,0.000216,-0.000905,0.652052,0.652052,0.652052
72000.000000,33.578190,-117.064219,404.072235,33.578119,-117.064167,423.749284,0.000315,0.000216,-0.000906,0.652022,0.652022,0.652022
72015.000000,33.578194,-117.064222,402.983271,33.578119,-117.064167,423.721982,0.000315,0.000217,-0.000906,0.651995,0.651995,0.651995
72030.000000,33.578185,-117.064217,404.475569,33.578119,-117.064167,423.695208,0.000315,0.000217,-0.000906,0.651959,0.651959,0.651959
72045.000000,33.578189,-117.064222,403.424838,33.578119,-117.064167,423.667770,0.000316,0.000217,-0.000906,0.651925,0.651925,0.651925
72060.000000,33.578187,-117.064223,403.402048,33.578119,-117.064167,423.640146,0.000316,0.000218,-0.000906,0.651888,0.651888,0.651888
72075.000000,33.578187,-117.064224,402.858479,33.578119,-117.064167,423.612175,0.000316,0.000218,-0.000906,0.651851,0.651851,0.651851
72090.000000,33.578184,-117.064225,403.344007,33.578119,-117.064167,423.584376,0.000316,0.000218,-0.000906,0.651811,0.651811,0.651811
72105.000000,33.578362,-117.064242,441.709128,33.578119,-117.064167,423.577676,0.000316,0.000218,-0.000906,0.651939,0.651939,0.651939
72120.000000,33.578363,-117.064243,440.164060,33.578119,-117.064167,423.570569,0.000316,0.000218,-0.000906,0.652067,0.652067,0.652067
72135.000000,33.578360,-117.064241,440.914279,33.578119,-117.064167,423.563710,0.000316,0.000218,-0.000905,0.652194,0.652194,0.652194
72150.000000,33.578364,-117.064243,438.630342,33.578119,-117.064167,423.556224,0.000316,0.000219,-0.000905,0.652320,0.652320,0.652320
72165.000000,33.578364,-117.064243,438.844062,33.578118,-117.064167,423.548795,0.000316,0.000219,-0.000905,0.652447,0.652447,0.652447
72180.000000,33.578369,-117.064243,437.400235,33.578118,-117.064167,423.540902,0.000316,0.000219,-0.000905,0.652575,0.652575,0.652575
72195.000000,33.578367,-117.064244,437.366244,33.578118,-117.064167,423.533082,0.000316,0.000219,-0.000905,0.652701,0.652701,0.652701
72210.000000,33.578369,-117.064242,436.209402,33.578118,-117.064167,423.524870,0.000316,0.000219,-0.000905,0.652829,0.652829,0.652829
72225.000000,33.578368,-117.064241,436.153319,33.578118,-117.064167,423.516675,0.000315,0.000219,-0.000904,0.652957,0.652957,0.652957
72240.000000,33.578365,-117.064240,435.848174,33.578118,-117.064167,423.508439,0.000315,0.000219,-0.000904,0.653083,0.653083,0.653083
72255.000000,33.578369,-117.064239,435.580006,33.578118,-117.064167,423.500066,0.000315,0.000219,-0.000904,0.653211,0.653211,0.653211
72270.000000,33.578367,-117.064239,434.731689,33.578118,-117.064167,423.491485,0.000315,0.000219,-0.000904,0.653338,0.653338,0.653338
72285.000000,33.578369,-117.064239,433.573033,33.578118,-117.064167,423.482574,0.000315,0.000219,-0.000904,0.653465,0.653465,0.653465
72300.000000,33.578369,-117.064241,434.008084,33.578118,-117.064167,423.473778,0.000315,0.000219,-0.000903,0.653593,0.653593,0.653593
72315.000000,33.578371,-117.064241,432.331494,33.578118,-117.064167,423.464503,0.000315,0.000219,-0.000903,0.653721,0.653721,0.653721
72330.000000,33.578372,-117.064244,430.934104,33.578118,-117.064167,423.454892,0.000315,0.000219,-0.000903,0.653847,0.653847,0.653847
72345.000000,33.578372,-117.064243,431.514217,33.578118,-117.064167,423.445444,0.000315,0.000219,-0.000903,0.653974,0.653974,0.653974
72360.000000,33.578374,-117.064242,431.106671,33.578118,-117.064167,423.435855,0.000315,0.000219,-0.000903,0.654102,0.654102,0.654102
72375.000000,33.578369,-117.064241,430.843460,33.578118,-117.064167,423.426257,0.000315,0.000219,-0.000903,0.654227,0.654227,0.654227
72390.000000,33.578372,-117.064243,430.088138,33.578118,-117.064167,423.416438,0.000315,0.000219,-0.000902,0.654352,0.654352,0.654352
72405.000000,33.578373,-117.064241,430.192901,33.578118,-117.064167,423.406629,0.000315,0.000220,-0.000902,0.654478,0.654478,0.654478
72420.000000,33.578374,-117.064242,429.022480,33.578118,-117.064167,423.396506,0.000315,0.000220,-0.000902,0.654604,0.654604,0.654604
72435.000000,33.578373,-117.064244,428.176076,33.578118,-117.064167,423.386179,0.000315,0.000220,-0.000902,0.654727,0.654727,0.654727
72450.000000,33.578378,-117.064247,426.994628,33.578118,-117.064167,423.375480,0.000315,0.000220,-0.000902,0.654854,0.654854,0.654854
72465.000000,33.578377,-117.064247,427.432102,33.578118,-117.064167,423.364914,0.000315,0.000220,-0.000902,0.654980,0.654980,0.654980
72480.000000,33.578380,-117.064249,425.539453,33.578118,-117.064167,423.353817,0.000315,0.000220,-0.000901,0.655105,0.655105,0.655105
72495.000000,33.578378,-117.064248,425.467024,33.578118,-117.064167,423.342711,0.000315,0.000220,-0.000901,0.655229,0.655229,0.655229
72510.000000,33.578381,-117.064248,424.678299,33.578118,-117.064167,423.331375,0.000315,0.000220,-0.000901,0.655355,0.655355,0.655355
72525.000000,33.578377,-117.064247,425.426515,33.578118,-117.064167,423.320265,0.000315,0.000220,-0.000901,0.655479,0.655479,0.655479
72540.000000,33.578378,-117.064247,424.457400,33.578118,-117.064166,423.308880,0.000315,0.000220,-0.000901,0.655603,0.655603,0.655603
72555.000000,33.578380,-117.064249,423.799838,33.578118,-117.064166,423.297306,0.000315,0.000220,-0.000901,0.655728,0.655728,0.655728
72570.000000,33.578378,-117.064247,424.101929,33.578118,-117.064166,423.285822,0.000315,0.000221,-0.000900,0.655853,0.655853,0.655853
72585.000000,33.578382,-117.064250,422.500291,33.578118,-117.064166,423.273882,0.000315,0.000221,-0.000900,0.655977,0.655977,0.655977
72600.000000,33.578381,-117.064248,422.705579,33.578118,-117.064166,423.262004,0.000315,0.000221,-0.000900,0.656101,0.656101,0.656101
72615.000000,33.578384,-117.064251,420.562393,33.578118,-117.064166,423.249504,0.000315,0.000221,-0.000900,0.656224,0.656224,0.656224
72630.000000,33.578385,-117.064253,419.909202,33.578118,-117.064166,423.236828,0.000315,0.000221,-0.000900,0.656348,0.656348,0.656348
72645.000000,33.578388,-117.064254,419.072537,33.578118,-117.064166,423.223922,0.000315,0.000221,-0.000900,0.656473,0.656473,0.656473
72660.000000,33.578383,-117.064252,420.203636,33.578118,-117.064166,423.211331,0.000315,0.000221,-0.000900,0.656597,0.656597,0.656597
72675.000000,33.578381,-117.064248,420.083719,33.578118,-117.064166,423.198699,0.000315,0.000221,-0.000899,0.656719,0.656719,0.656719
72690.000000,33.578401,-117.064414,457.357235,33.578118,-117.064167,423.199947,0.000315,0.000221,-0.000899,0.656813,0.656813,0.656813
72705.000000,33.578404,-117.064416,456.018387,33.578118,-117.064167,423.200479,0.000315,0.000222,-0.000899,0.656909,0.656909,0.656909
72720.000000,33.578401,-117.064414,455.509227,33.578118,-117.064167,423.200672,0.000315,0.000222,-0.000898,0.657007,0.657007,0.657007
72735.000000,33.578401,-117.064413,455.164650,33.578119,-117.064167,423.200748,0.000315,0.000222,-0.000898,0.657104,0.657104,0.657104
72750.000000,33.578403,-117.064414,453.357983,33.578119,-117.064167,423.200034,0.000314,0.000222,-0.000898,0.657203,0.657203,0.657203
72765.000000,33.578402,-117.064408,453.664388,33.578119,-117.064167,423.199745,0.000314,0.000222,-0.000897,0.657299,0.657299,0.657299
72780.000000,33.578399,-117.064410,452.883046,33.578119,-117.064167,423.199047,0.000314,0.000222,-0.000897,0.657396,0.657396,0.657396
72795.000000,33.578400,-117.064409,452.628860,33.578119,-117.064167,423.198270,0.000314,0.000222,-0.000897,0.657492,0.657492,0.657492
72810.000000,33.578402,-117.064411,451.965419,33.578119,-117.064167,423.196994,0.000314,0.000222,-0.000896,0.657592,0.657592,0.657592
72825.000000,33.578271,-117.064423,481.183853,33.578119,-117.064167,423.204868,0.000313,0.000222,-0.000896,0.657700,0.657700,0.657700
72840.000000,33.578270,-117.064426,479.376714,33.578119,-117.064167,423.211688,0.000313,0.000221,-0.000895,0.657810,0.657810,0.657810
72855.000000,33.578268,-117.064427,479.604393,33.578119,-117.064167,423.218440,0.000313,0.000221,-0.000895,0.657921,0.657921,0.657921
72870.000000,33.578266,-117.064431,478.510376,33.578119,-117.064167,423.224218,0.000312,0.000221,-0.000895,0.658036,0.658036,0.658036
72885.000000,33.578266,-117.064426,478.221558,33.578119,-117.064167,423.230175,0.000312,0.000221,-0.000895,0.658149,0.658149,0.658149
72900.000000,33.578265,-117.064423,477.343964,33.578118,-117.064167,423.235920,0.000312,0.000221,-0.000894,0.658262,0.658262,0.658262
72915.000000,33.578266,-117.064421,477.334548,33.578118,-117.064167,423.241715,0.000312,0.000221,-0.000894,0.658374,0.658374,0.658374
72930.000000,33.578267,-117.064418,476.480222,33.578118,-117.064167,423.247452,0.000311,0.000220,-0.000894,0.658485,0.658485,0.658485
72945.000000,33.578262,-117.064420,475.798797,33.578118,-117.064167,423.252463,0.000311,0.000220,-0.000893,0.658599,0.658599,0.658599
72960.000000,33.578263,-117.064416,475.881418,33.578118,-117.064168,423.257855,0.000311,0.000220,-0.000893,0.658711,0.658711,0.658711
72975.000000,33.578262,-117.064411,475.212574,33.578118,-117.064168,423.263304,0.000311,0.000220,-0.000893,0.658822,0.658822,0.658822
72990.000000,33.578265,-117.064413,474.678444,33.578118,-117.064168,423.268196,0.000310,0.000220,-0.000892,0.658934,0.658934,0.658934
73005.000000,33.578263,-117.064417,473.181395,33.578118,-117.064168,423.272259,0.000310,0.000220,-0.000892,0.659049,0.659049,0.659049
73020.000000,33.578259,-117.064417,472.490511,33.578118,-117.064168,423.275885,0.000310,0.000220,-0.000892,0.659166,0.659166,0.659166
73035.000000,33.578262,-117.064413,472.254549,33.578118,-117.064168,423.279548,0.000310,0.000219,-0.000892,0.659282,0.659282,0.659282
73050.000000,33.578259,-117.064406,472.318241,33.578118,-117.064168,423.283713,0.000309,0.000219,-0.000891,0.659394,0.659394,0.659394
73065.000000,33.578257,-117.064404,471.653492,33.578118,-117.064168,423.287747,0.000309,0.000219,-0.000891,0.659506,0.659506,0.659506
73080.000000,33.578258,-117.064405,471.345604,33.578118,-117.064168,423.291533,0.000309,0.000219,-0.000891,0.659619,0.659619,0.659619
73095.000000,33.578258,-117.064398,470.511400,33.578118,-117.064168,423.295541,0.000309,0.000219,-0.000890,0.659729,0.659729,0.659729
73110.000000,33.578258,-117.064404,469.272364,33.578118,-117.064168,423.298523,0.000308,0.000219,-0.000890,0.659843,0.659843,0.659843
73125.000000,33.578257,-117.064402,469.032330,33.578118,-117.064168,423.301360,0.000308,0.000219,-0.000890,0.659957,0.659957,0.659957
73140.000000,33.578256,-117.064403,468.504574,33.578118,-117.064168,423.303800,0.000308,0.000219,-0.000890,0.660074,0.660074,0.660074
73155.000000,33.578255,-117.064401,467.923500,33.578118,-117.064168,423.306063,0.000308,0.000219,-0.000889,0.660190,0.660190,0.660190
73170.000000,33.578257,-117.064391,468.344396,33.578118,-117.064168,423.309064,0.000308,0.000218,-0.000889,0.660302,0.660302,0.660302
73185.000000,33.578253,-117.064393,467.055445,33.578118,-117.064168,423.311403,0.000307,0.000218,-0.000889,0.660415,0.660415,0.660415
73200.000000,33.578255,-117.064392,466.855721,33.578118,-117.064168,423.313742,0.000307,0.000218,-0.000889,0.660528,0.660528,0.660528
73215.000000,33.578251,-117.064391,466.334625,33.578118,-117.064168,423.315779,0.000307,0.000218,-0.000888,0.660643,0.660643,0.660643
73230.000000,33.578253,-117.064393,465.100175,33.578118,-117.064168,423.317351,0.000307,0.000218,-0.000888,0.660757,0.660757,0.660757
73245.000000,33.578251,-117.064393,464.337174,33.578118,-117.064168,423.318514,0.000306,0.000218,-0.000888,0.660874,0.660874,0.660874
73260.000000,33.578252,-117.064393,462.468017,33.578118,-117.064168,423.319157,0.000306,0.000218,-0.000888,0.660989,0.660989,0.660989
73275.000000,33.578250,-117.064391,462.299187,33.578118,-117.064169,423.319666,0.000306,0.000218,-0.000887,0.661106,0.661106,0.661106
73290.000000,33.578251,-117.064378,463.516202,33.578118,-117.064169,423.321297,0.000306,0.000218,-0.000887,0.661216,0.661216,0.661216
73305.000000,33.578250,-117.064387,461.154029,33.578118,-117.064169,423.321524,0.000306,0.000218,-0.000887,0.661332,0.661332,0.661332
73320.000000,33.578250,-117.064384,460.757195,33.578118,-117.064169,423.321698,0.000305,0.000217,-0.000887,0.661447,0.661447,0.661447
73335.000000,33.578253,-117.064376,461.410040,33.578118,-117.064169,423.322567,0.000305,0.000217,-0.000886,0.661558,0.661558,0.661558
73350.000000,33.578251,-117.064382,459.178432,33.578118,-117.064169,423.322279,0.000305,0.000217,-0.000886,0.661673,0.661673,0.661673
73365.000000,33.578247,-117.064381,458.728594,33.578118,-117.064169,423.321829,0.000305,0.000217,-0.000886,0.661788,0.661788,0.661788
73380.000000,33.578246,-117.064379,457.709310,33.578117,-117.064169,423.321025,0.000305,0.000217,-0.000886,0.661904,0.661904,0.661904
73395.000000,33.578246,-117.064376,457.576856,33.578117,-117.064169,423.320228,0.000304,0.000217,-0.000886,0.662019,0.662019,0.662019
73410.000000,33.578247,-117.064374,457.116042,33.578117,-117.064169,423.319323,0.000304,0.000217,-0.000885,0.662133,0.662133,0.662133
73425.000000,33.578246,-117.064371,457.102840,33.578117,-117.064169,423.318608,0.000304,0.000217,-0.000885,0.662246,0.662246,0.662246
73440.000000,33.578246,-117.064369,456.163273,33.578117,-117.064169,423.317407,0.000304,0.000217,-0.000885,0.662361,0.662361,0.662361
73455.000000,33.578246,-117.064368,455.340908,33.578117,-117.064169,423.316023,0.000304,0.000217,-0.000885,0.662475,0.662475,0.662475
73470.000000,33.578244,-117.064371,453.943121,33.578117,-117.064169,423.314038,0.000304,0.000217,-0.000885,0.662591,0.662591,0.662591
73485.000000,33.578244,-117.064371,453.458058,33.578117,-117.064169,423.311993,0.000303,0.000217,-0.000884,0.662706,0.662706,0.662706
73500.000000,33.578241,-117.064371,452.216369,33.578117,-117.064169,423.309393,0.000303,0.000217,-0.000884,0.662822,0.662822,0.662822
73515.000000,33.578243,-117.064363,452.903981,33.578117,-117.064169,423.307334,0.000303,0.000217,-0.000884,0.662935,0.662935,0.662935
73530.000000,33.578241,-117.064368,450.776192,33.578117,-117.064169,423.304319,0.000303,0.000217,-0.000884,0.663052,0.663052,0.663052
73545.000000,33.578241,-117.064359,451.406334,33.578117,-117.064169,423.301846,0.000303,0.000217,-0.000884,0.663164,0.663164,0.663164
73560.000000,33.578240,-117.064360,450.669316,33.578117,-117.064169,423.299067,0.000303,0.000217,-0.000883,0.663277,0.663277,0.663277
73575.000000,33.578238,-117.064360,449.811875,33.578117,-117.064169,423.295889,0.000302,0.000216,-0.000883,0.663392,0.663392,0.663392
73590.000000,33.578237,-117.064361,449.069348,33.578117,-117.064169,423.292513,0.000302,0.000216,-0.000883,0.663507,0.663507,0.663507
73605.000000,33.578238,-117.064357,448.657675,33.578117,-117.064169,423.289027,0.000302,0.000216,-0.000883,0.663621,0.663621,0.663621
73620.000000,33.578238,-117.064358,447.651343,33.578117,-117.064169,423.285209,0.000302,0.000216,-0.000883,0.663735,0.663735,0.663735
73635.000000,33.578239,-117.064354,447.128807,33.578117,-117.064169,423.281276,0.000302,0.000216,-0.000883,0.663849,0.663849,0.663849
73650.000000,33.578275,-117.064243,468.436160,33.578117,-117.064169,423.286780,0.000302,0.000216,-0.000882,0.663943,0.663943,0.663943
73665.000000,33.578275,-117.064243,468.244520,33.578117,-117.064169,423.292113,0.000302,0.000216,-0.000882,0.664037,0.664037,0.664037
73680.000000,33.578273,-117.064241,468.324402,33.578117,-117.064169,423.297550,0.000301,0.000216,-0.000882,0.664131,0.664131,0.664131
73695.000000,33.578272,-117.064242,467.231132,33.578117,-117.064169,423.302441,0.000301,0.000216,-0.000881,0.664226,0.664226,0.664226
73710.000000,33.578271,-117.064242,466.681187,33.578117,-117.064169,423.307081,0.000301,0.000216,-0.000881,0.664322,0.664322,0.664322
73725.000000,33.578271,-117.064238,466.021908,33.578117,-117.064169,423.311651,0.000301,0.000215,-0.000881,0.664416,0.664416,0.664416
73740.000000,33.578273,-117.064239,464.840096,33.578117,-117.064169,423.315716,0.000301,0.000215,-0.000880,0.664510,0.664510,0.664510
73755.000000,33.578273,-117.064239,464.311582,33.578117,-117.064169,423.319538,0.000301,0.000215,-0.000880,0.664605,0.664605,0.664605
73770.000000,33.578195,-117.064105,508.657538,33.578117,-117.064169,423.353371,0.000300,0.000214,-0.000879,0.664647,0.664647,0.664647
73785.000000,33.578194,-117.064104,508.751274,33.578117,-117.064169,423.386870,0.000300,0.000214,-0.000879,0.664691,0.664691,0.664691
73800.000000,33.578195,-117.064102,507.840649,33.578117,-117.064169,423.419626,0.000300,0.000213,-0.000878,0.664735,0.664735,0.664735
73815.000000,33.578193,-117.064101,507.879152,33.578117,-117.064169,423.452248,0.000300,0.000212,-0.000878,0.664780,0.664780,0.664780
73830.000000,33.578194,-117.064099,507.267811,33.578117,-117.064169,423.484269,0.000299,0.000212,-0.000877,0.664827,0.664827,0.664827
73845.000000,33.578194,-117.064095,506.056891,33.578117,-117.064169,423.515595,0.000299,0.000211,-0.000876,0.664873,0.664873,0.664873
73860.000000,33.578194,-117.064097,506.307739,33.578117,-117.064169,423.546570,0.000299,0.000210,-0.000876,0.664921,0.664921,0.664921
73875.000000,33.578193,-117.064097,505.993502,33.578116,-117.064169,423.577301,0.000299,0.000210,-0.000875,0.664970,0.664970,0.664970
73890.000000,33.578194,-117.064097,505.301469,33.578116,-117.064169,423.607425,0.000298,0.000209,-0.000875,0.665019,0.665019,0.665019
73905.000000,33.578195,-117.064094,505.155971,33.578116,-117.064169,423.637207,0.000298,0.000208,-0.000874,0.665070,0.665070,0.665070
73920.000000,33.578194,-117.064094,505.100773,33.578116,-117.064169,423.666679,0.000298,0.000208,-0.000873,0.665122,0.665122,0.665122
73935.000000,33.578195,-117.064091,504.076775,33.578116,-117.064169,423.695451,0.000298,0.000207,-0.000873,0.665174,0.665174,0.665174
73950.000000,33.578195,-117.064090,503.718618,33.578116,-117.064169,423.724031,0.000297,0.000206,-0.000872,0.665227,0.665227,0.665227
73965.000000,33.578194,-117.064088,503.465612,33.578116,-117.064168,423.752053,0.000297,0.000206,-0.000872,0.665281,0.665281,0.665281
73980.000000,33.578194,-117.064088,502.677507,33.578116,-117.064168,423.779767,0.000297,0.000205,-0.000871,0.665335,0.665335,0.665335
73995.000000,33.578192,-117.064086,502.800648,33.578116,-117.064168,423.807676,0.000297,0.000204,-0.000871,0.665388,0.665388,0.665388
74010.000000,33.578190,-117.064085,502.892701,33.578116,-117.064168,423.835282,0.000296,0.000204,-0.000870,0.665443,0.665443,0.665443
74025.000000,33.578192,-117.064083,501.393101,33.578116,-117.064168,423.862105,0.000296,0.000203,-0.000870,0.665498,0.665498,0.665498
74040.000000,33.578195,-117.064086,500.404944,33.578116,-117.064168,423.887908,0.000296,0.000203,-0.000869,0.665555,0.665555,0.665555
74055.000000,33.578195,-117.064083,500.230464,33.578116,-117.064168,423.913020,0.000296,0.000202,-0.000869,0.665614,0.665614,0.665614
74070.000000,33.578193,-117.064082,500.135380,33.578116,-117.064168,423.937803,0.000296,0.000201,-0.000868,0.665675,0.665675,0.665675
74085.000000,33.578192,-117.064080,499.864309,33.578116,-117.064168,423.962539,0.000295,0.000201,-0.000868,0.665736,0.665736,0.665736
74100.000000,33.578195,-117.064081,498.940440,33.578116,-117.064168,423.986692,0.000295,0.000200,-0.000867,0.665797,0.665797,0.665797
74115.000000,33.578195,-117.064080,498.114667,33.578116,-117.064168,424.010347,0.000295,0.000200,-0.000867,0.665859,0.665859,0.665859
74130.000000,33.578197,-117.064081,497.291738,33.578116,-117.064168,424.033631,0.000295,0.000199,-0.000866,0.665920,0.665920,0.665920
74145.000000,33.578195,-117.064080,496.919208,33.578116,-117.064168,424.056692,0.000295,0.000199,-0.000866,0.665982,0.665982,0.665982
74160.000000,33.578197,-117.064079,495.925388,33.578116,-117.064168,424.078822,0.000294,0.000198,-0.000865,0.666046,0.666046,0.666046
74175.000000,33.578196,-117.064080,495.590475,33.578116,-117.064167,424.100903,0.000294,0.000198,-0.000865,0.666109,0.666109,0.666109
74190.000000,33.578197,-117.064077,494.858239,33.578116,-117.064167,424.122307,0.000294,0.000197,-0.000864,0.666174,0.666174,0.666174
74205.000000,33.578197,-117.064078,494.318425,33.578116,-117.064167,424.143433,0.000294,0.000197,-0.000864,0.666239,0.666239,0.666239
74220.000000,33.578198,-117.064078,494.021192,33.578116,-117.064167,424.164161,0.000294,0.000196,-0.000863,0.666305,0.666305,0.666305
74235.000000,33.578197,-117.064076,493.190311,33.578116,-117.064167,424.184458,0.000294,0.000196,-0.000863,0.666372,0.666372,0.666372
74250.000000,33.578198,-117.064076,492.605353,33.578116,-117.064167,424.204285,0.000293,0.000195,-0.000862,0.666439,0.666439,0.666439
74265.000000,33.578199,-117.064074,491.920233,33.578116,-117.064167,424.223855,0.000293,0.000195,-0.000862,0.666506,0.666506,0.666506
74280.000000,33.578200,-117.064075,490.932848,33.578115,-117.064167,424.242667,0.000293,0.000194,-0.000861,0.666575,0.666575,0.666575
74295.000000,33.578197,-117.064073,491.204175,33.578115,-117.064167,424.261582,0.000293,0.000194,-0.000861,0.666644,0.666644,0.666644
74310.000000,33.578195,-117.064236,527.055083,33.578115,-117.064167,424.292210,0.000293,0.000193,-0.000861,0.666726,0.666726,0.666726
74325.000000,33.578195,-117.064238,526.179725,33.578115,-117.064167,424.322154,0.000292,0.000192,-0.000860,0.666810,0.666810,0.666810
74340.000000,33.578194,-117.064237,526.251913,33.578115,-117.064167,424.351950,0.000292,0.000192,-0.000859,0.666894,0.666894,0.666894
74355.000000,33.578193,-117.064236,526.221404,33.578115,-117.064167,424.381508,0.000292,0.000191,-0.000859,0.666979,0.666979,0.666979
74370.000000,33.578195,-117.064240,525.277485,33.578115,-117.064167,424.410290,0.000291,0.000191,-0.000858,0.667065,0.667065,0.667065
74385.000000,33.578196,-117.064241,524.510496,33.578115,-117.064167,424.438626,0.000291,0.000190,-0.000858,0.667152,0.667152,0.667152
74400.000000,33.578194,-117.064238,524.786044,33.578115,-117.064167,424.466897,0.000290,0.000190,-0.000857,0.667239,0.667239,0.667239
74415.000000,33.578185,-117.064268,531.235167,33.578115,-117.064167,424.504203,0.000290,0.000189,-0.000857,0.667306,0.667306,0.667306
74430.000000,33.578186,-117.064269,530.714701,33.578115,-117.064167,424.540768,0.000290,0.000188,-0.000856,0.667374,0.667374,0.667374
74445.000000,33.578185,-117.064267,530.282444,33.578115,-117.064167,424.577124,0.000289,0.000187,-0.000855,0.667443,0.667443,0.667443
74460.000000,33.578186,-117.064269,529.464242,33.578115,-117.064167,424.612957,0.000289,0.000187,-0.000855,0.667512,0.667512,0.667512
74475.000000,33.578186,-117.064271,528.940874,33.578115,-117.064167,424.648396,0.000288,0.000186,-0.000854,0.667581,0.667581,0.667581
74490.000000,33.578184,-117.064272,528.951961,33.578115,-117.064167,424.683464,0.000288,0.000185,-0.000853,0.667651,0.667651,0.667651
74505.000000,33.578185,-117.064273,528.598199,33.578115,-117.064167,424.717825,0.000287,0.000185,-0.000853,0.667724,0.667724,0.667724
74520.000000,33.578185,-117.064273,528.139680,33.578115,-117.064167,424.751755,0.000287,0.000184,-0.000852,0.667797,0.667797,0.667797
74535.000000,33.578185,-117.064272,527.302546,33.578115,-117.064167,424.785467,0.000286,0.000184,-0.000852,0.667869,0.667869,0.667869
74550.000000,33.578185,-117.064276,527.017155,33.578115,-117.064167,424.818484,0.000286,0.000183,-0.000851,0.667943,0.667943,0.667943
74565.000000,33.578186,-117.064275,526.605446,33.578115,-117.064167,424.850998,0.000286,0.000182,-0.000851,0.668019,0.668019,0.668019
74580.000000,33.578184,-117.064275,526.075718,33.578115,-117.064167,424.883382,0.000285,0.000182,-0.000850,0.668094,0.668094,0.668094
74595.000000,33.578186,-117.064280,525.585076,33.578115,-117.064167,424.915056,0.000285,0.000181,-0.000849,0.668170,0.668170,0.668170
74610.000000,33.578188,-117.064279,524.727619,33.578115,-117.064167,424.946252,0.000284,0.000180,-0.000849,0.668247,0.668247,0.668247
74625.000000,33.578186,-117.064279,524.488550,33.578114,-117.064167,424.977130,0.000284,0.000180,-0.000848,0.668325,0.668325,0.668325
74640.000000,33.578187,-117.064282,523.980850,33.578114,-117.064167,425.007478,0.000284,0.000179,-0.000848,0.668404,0.668404,0.668404
74655.000000,33.578186,-117.064277,523.252588,33.578114,-117.064167,425.037545,0.000283,0.000179,-0.000847,0.668482,0.668482,0.668482
74670.000000,33.578187,-117.064282,522.923164,33.578114,-117.064167,425.067280,0.000283,0.000178,-0.000847,0.668561,0.668561,0.668561
74685.000000,33.578187,-117.064283,522.091283,33.578114,-117.064167,425.096633,0.000282,0.000178,-0.000846,0.668641,0.668641,0.668641
74700.000000,33.578184,-117.064281,522.538350,33.578114,-117.064167,425.125863,0.000282,0.000177,-0.000846,0.668721,0.668721,0.668721
74715.000000,33.578187,-117.064284,520.894212,33.578114,-117.064167,425.154349,0.000282,0.000176,-0.000845,0.668802,0.668802,0.668802
74730.000000,33.578185,-117.064281,520.427439,33.578114,-117.064167,425.182819,0.000281,0.000176,-0.000844,0.668882,0.668882,0.668882
74745.000000,33.578186,-117.064284,520.274408,33.578114,-117.064167,425.210722,0.000281,0.000175,-0.000844,0.668963,0.668963,0.668963
74760.000000,33.578187,-117.064288,519.991322,33.578114,-117.064167,425.237969,0.000280,0.000175,-0.000843,0.669047,0.669047,0.669047
74775.000000,33.578184,-117.064284,519.968305,33.578114,-117.064167,425.265040,0.000280,0.000174,-0.000843,0.669131,0.669131,0.669131
74790.000000,33.578186,-117.064288,518.299797,33.578114,-117.064167,425.291576,0.000280,0.000174,-0.000842,0.669215,0.669215,0.669215
74805.000000,33.578184,-117.064289,518.923057,33.578114,-117.064167,425.317704,0.000279,0.000173,-0.000842,0.669301,0.669301,0.669301
74820.000000,33.578184,-117.064289,517.527408,33.578114,-117.064167,425.343433,0.000279,0.000173,-0.000841,0.669386,0.669386,0.669386
74835.000000,33.578185,-117.064293,516.868422,33.578114,-117.064167,425.368942,0.000279,0.000172,-0.000841,0.669471,0.669471,0.669471
74850.000000,33.578184,-117.064290,516.297831,33.578114,-117.064168,425.393777,0.000278,0.000172,-0.000841,0.669558,0.669558,0.669558
74865.000000,33.578185,-117.064293,515.694627,33.578114,-117.064168,425.418273,0.000278,0.000171,-0.000840,0.669646,0.669646,0.669646
74880.000000,33.578185,-117.064293,514.836194,33.578114,-117.064168,425.442499,0.000278,0.000171,-0.000840,0.669733,0.669733,0.669733
74895.000000,33.578186,-117.064295,514.014552,33.578114,-117.064168,425.466152,0.000277,0.000170,-0.000839,0.669821,0.669821,0.669821
74910.000000,33.578185,-117.064298,514.043225,33.578114,-117.064168,425.489546,0.000277,0.000170,-0.000839,0.669910,0.669910,0.669910
74925.000000,33.578186,-117.064296,512.984118,33.578114,-117.064168,425.512794,0.000276,0.000169,-0.000838,0.669997,0.669997,0.669997
74940.000000,33.578184,-117.064300,512.969226,33.578114,-117.064168,425.535527,0.000276,0.000169,-0.000838,0.670087,0.670087,0.670087
74955.000000,33.578186,-117.064301,511.805240,33.578113,-117.064168,425.557885,0.000276,0.000169,-0.000837,0.670177,0.670177,0.670177
74970.000000,33.578187,-117.064298,510.574593,33.578113,-117.064168,425.579962,0.000275,0.000168,-0.000837,0.670266,0.670266,0.670266
74985.000000,33.578188,-117.064300,509.887194,33.578113,-117.064168,425.601571,0.000275,0.000168,-0.000836,0.670355,0.670355,0.670355
75000.000000,33.578188,-117.064302,509.183938,33.578113,-117.064168,425.622860,0.000275,0.000167,-0.000836,0.670445,0.670445,0.670445
75015.000000,33.578188,-117.064308,509.417025,33.578113,-117.064168,425.643563,0.000274,0.000167,-0.000836,0.670538,0.670538,0.670538
75030.000000,33.578188,-117.064310,508.593424,33.578113,-117.064168,425.664062,0.000274,0.000166,-0.000835,0.670630,0.670630,0.670630
75045.000000,33.578186,-117.064311,507.628699,33.578113,-117.064168,425.684178,0.000274,0.000166,-0.000835,0.670722,0.670722,0.670722
75060.000000,33.578187,-117.064311,506.745551,33.578113,-117.064168,425.704025,0.000273,0.000166,-0.000834,0.670814,0.670814,0.670814
75075.000000,33.578187,-117.064308,505.462235,33.578113,-117.064168,425.723490,0.000273,0.000165,-0.000834,0.670905,0.670905,0.670905
75090.000000,33.578188,-117.064313,505.199429,33.578113,-117.064168,425.742629,0.000273,0.000165,-0.000833,0.670998,0.670998,0.670998
75105.000000,33.578186,-117.064315,505.290866,33.578113,-117.064168,425.761749,0.000273,0.000164,-0.000833,0.671090,0.671090,0.671090
75120.000000,33.578185,-117.064318,504.797415,33.578113,-117.064168,425.780306,0.000272,0.000164,-0.000833,0.671184,0.671184,0.671184
75135.000000,33.578186,-117.064319,503.950872,33.578113,-117.064168,425.798464,0.000272,0.000164,-0.000832,0.671279,0.671279,0.671279
75150.000000,33.578188,-117.064318,502.654501,33.578113,-117.064168,425.816296,0.000272,0.000163,-0.000832,0.671373,0.671373,0.671373
75165.000000,33.578188,-117.064316,501.519639,33.578113,-117.064168,425.833752,0.000271,0.000163,-0.000832,0.671467,0.671467,0.671467
75180.000000,33.578186,-117.064320,501.601622,33.578113,-117.064168,425.851086,0.000271,0.000163,-0.000831,0.671561,0.671561,0.671561
75195.000000,33.578187,-117.064324,500.883839,33.578113,-117.064168,425.867995,0.000271,0.000162,-0.000831,0.671656,0.671656,0.671656
75210.000000,33.578186,-117.064325,500.288782,33.578113,-117.064168,425.884510,0.000270,0.000162,-0.000830,0.671752,0.671752,0.671752
75225.000000,33.578187,-117.064330,499.588185,33.578113,-117.064168,425.900589,0.000270,0.000162,-0.000830,0.671849,0.671849,0.671849
75240.000000,33.578186,-117.064325,498.042325,33.578113,-117.064168,425.916470,0.000270,0.000161,-0.000830,0.671944,0.671944,0.671944
75255.000000,33.578187,-117.064326,497.345724,33.578113,-117.064168,425.932172,0.000269,0.000161,-0.000829,0.672039,0.672039,0.672039
75270.000000,33.578186,-117.064329,496.659993,33.578113,-117.064168,425.947501,0.000269,0.000161,-0.000829,0.672134,0.672134,0.672134
75285.000000,33.578187,-117.064335,497.029298,33.578112,-117.064168,425.962619,0.000269,0.000160,-0.000829,0.672231,0.672231,0.672231
75300.000000,33.578241,-117.064252,516.966935,33.578112,-117.064168,425.986582,0.000269,0.000160,-0.000828,0.672321,0.672321,0.672321
75315.000000,33.578242,-117.064249,515.588902,33.578112,-117.064168,426.010205,0.000268,0.000159,-0.000828,0.672411,0.672411,0.672411
75330.000000,33.578242,-117.064253,514.302101,33.578112,-117.064168,426.033587,0.000268,0.000159,-0.000827,0.672500,0.672500,0.672500
75345.000000,33.578244,-117.064250,512.983347,33.578112,-117.064168,426.056526,0.000268,0.000158,-0.000827,0.672588,0.672588,0.672588
75360.000000,33.578246,-117.064253,514.162334,33.578112,-117.064168,426.079284,0.000267,0.000158,-0.000826,0.672679,0.672679,0.672679
75375.000000,33.578246,-117.064250,513.316567,33.578112,-117.064168,426.101909,0.000267,0.000158,-0.000826,0.672769,0.672769,0.672769
75390.000000,33.578247,-117.064257,512.165955,33.578112,-117.064168,426.123743,0.000267,0.000157,-0.000825,0.672861,0.672861,0.672861
75405.000000,33.578246,-117.064261,510.985293,33.578112,-117.064168,426.145258,0.000266,0.000157,-0.000825,0.672952,0.672952,0.672952
75420.000000,33.578250,-117.064253,511.245952,33.578112,-117.064168,426.166728,0.000266,0.000156,-0.000824,0.673043,0.673043,0.673043
75435.000000,33.578253,-117.064254,510.001020,33.578112,-117.064168,426.187853,0.000266,0.000156,-0.000824,0.673135,0.673135,0.673135
75450.000000,33.578251,-117.064261,509.459447,33.578112,-117.064168,426.208503,0.000266,0.000156,-0.000823,0.673227,0.673227,0.673227
75465.000000,33.578250,-117.064263,508.924166,33.578112,-117.064168,426.229031,0.000265,0.000155,-0.000823,0.673319,0.673319,0.673319
75480.000000,33.578250,-117.064263,508.916883,33.578112,-117.064168,426.249345,0.000265,0.000155,-0.000822,0.673411,0.673411,0.673411
75495.000000,33.578253,-117.064263,508.131262,33.578112,-117.064168,426.269146,0.000265,0.000154,-0.000822,0.673505,0.673505,0.673505
75510.000000,33.578254,-117.064262,506.658828,33.578112,-117.064168,426.288570,0.000265,0.000154,-0.000821,0.673598,0.673598,0.673598
75525.000000,33.578256,-117.064260,506.475027,33.578112,-117.064168,426.307820,0.000264,0.000154,-0.000821,0.673691,0.673691,0.673691
75540.000000,33.578256,-117.064260,506.715495,33.578112,-117.064168,426.327017,0.000264,0.000153,-0.000821,0.673785,0.673785,0.673785
75555.000000,33.578255,-117.064266,506.113131,33.578112,-117.064168,426.345976,0.000264,0.000153,-0.000820,0.673879,0.673879,0.673879
75570.000000,33.578254,-117.064269,504.540955,33.578112,-117.064168,426.364340,0.000263,0.000153,-0.000820,0.673973,0.673973,0.673973
75585.000000,33.578259,-117.064261,505.156882,33.578112,-117.064168,426.382783,0.000263,0.000152,-0.000819,0.674068,0.674068,0.674068
75600.000000,33.578259,-117.064264,504.547709,33.578112,-117.064168,426.400790,0.000263,0.000152,-0.000819,0.674164,0.674164,0.674164
75615.000000,33.578260,-117.064267,502.232685,33.578112,-117.064168,426.418448,0.000263,0.000151,-0.000818,0.674257,0.674257,0.674257
75630.000000,33.578261,-117.064265,502.698219,33.578112,-117.064168,426.435809,0.000262,0.000151,-0.000818,0.674353,0.674353,0.674353
75645.000000,33.578262,-117.064267,502.979126,33.578112,-117.064168,426.452956,0.000262,0.000151,-0.000817,0.674450,0.674450,0.674450
75660.000000,33.578262,-117.064271,501.717993,33.578112,-117.064168,426.469712,0.000262,0.000150,-0.000817,0.674546,0.674546,0.674546
75675.000000,33.578261,-117.064277,499.853926,33.578112,-117.064168,426.486127,0.000262,0.000150,-0.000817,0.674641,0.674641,0.674641
75690.000000,33.578267,-117.064268,500.327712,33.578112,-117.064168,426.502396,0.000261,0.000150,-0.000816,0.674738,0.674738,0.674738
75705.000000,33.578267,-117.064270,499.829660,33.578112,-117.064168,426.518296,0.000261,0.000150,-0.000816,0.674835,0.674835,0.674835
75720.000000,33.578264,-117.064274,497.816588,33.578112,-117.064168,426.534004,0.000261,0.000149,-0.000815,0.674930,0.674930,0.674930
75735.000000,33.578268,-117.064277,498.752261,33.578112,-117.064168,426.549310,0.000261,0.000149,-0.000815,0.675029,0.675029,0.675029
75750.000000,33.578269,-117.064274,497.990678,33.578112,-117.064169,426.564430,0.000261,0.000149,-0.000815,0.675127,0.675127,0.675127
75765.000000,33.578269,-117.064278,496.782365,33.578112,-117.064169,426.579223,0.000260,0.000148,-0.000814,0.675224,0.675224,0.675224
75780.000000,33.578270,-117.064276,496.281189,33.578112,-117.064169,426.593658,0.000260,0.000148,-0.000814,0.675322,0.675322,0.675322
75795.000000,33.578272,-117.064277,495.636896,33.578112,-117.064169,426.607941,0.000260,0.000148,-0.000813,0.675420,0.675420,0.675420
75810.000000,33.578270,-117.064280,495.155102,33.578112,-117.064169,426.621900,0.000260,0.000147,-0.000813,0.675519,0.675519,0.675519
75825.000000,33.578271,-117.064280,494.395080,33.578112,-117.064169,426.635711,0.000259,0.000147,-0.000813,0.675617,0.675617,0.675617
75840.000000,33.578273,-117.064283,494.197031,33.578112,-117.064169,426.649093,0.000259,0.000147,-0.000812,0.675717,0.675717,0.675717
75855.000000,33.578275,-117.064281,493.117263,33.578112,-117.064169,426.662350,0.000259,0.000147,-0.000812,0.675816,0.675816,0.675816
75870.000000,33.578277,-117.064282,492.179989,33.578112,-117.064169,426.675270,0.000259,0.000146,-0.000811,0.675915,0.675915,0.675915
75885.000000,33.578275,-117.064285,492.303811,33.578112,-117.064169,426.688185,0.000258,0.000146,-0.000811,0.676014,0.676014,0.676014
75900.000000,33.578278,-117.064287,491.502367,33.578112,-117.064169,426.700611,0.000258,0.000146,-0.000811,0.676114,0.676114,0.676114
75915.000000,33.578277,-117.064289,491.087618,33.578112,-117.064169,426.712856,0.000258,0.000146,-0.000810,0.676214,0.676214,0.676214
75930.000000,33.578279,-117.064288,490.843436,33.578112,-117.064169,426.725024,0.000258,0.000145,-0.000810,0.676314,0.676314,0.676314
75945.000000,33.578281,-117.064287,488.945376,33.578112,-117.064169,426.736991,0.000258,0.000145,-0.000810,0.676412,0.676412,0.676412
75960.000000,33.578281,-117.064289,488.847232,33.578112,-117.064169,426.748745,0.000257,0.000145,-0.000809,0.676511,0.676511,0.676511
75975.000000,33.578281,-117.064287,488.004719,33.578112,-117.064169,426.760232,0.000257,0.000145,-0.000809,0.676609,0.676609,0.676609
75990.000000,33.578283,-117.064293,486.918943,33.578112,-117.064169,426.771371,0.000257,0.000144,-0.000809,0.676708,0.676708,0.676708
76005.000000,33.578284,-117.064295,487.060417,33.578112,-117.064169,426.782411,0.000257,0.000144,-0.000808,0.676807,0.676807,0.676807
76020.000000,33.578287,-117.064295,486.496826,33.578112,-117.064169,426.793107,0.000257,0.000144,-0.000808,0.676907,0.676907,0.676907
76035.000000,33.578286,-117.064294,485.160369,33.578112,-117.064169,426.803545,0.000256,0.000144,-0.000807,0.677006,0.677006,0.677006
76050.000000,33.578288,-117.064294,484.689420,33.578112,-117.064169,426.813559,0.000256,0.000144,-0.000807,0.677106,0.677106,0.677106
76065.000000,33.578288,-117.064297,484.560567,33.578111,-117.064169,426.823547,0.000256,0.000143,-0.000807,0.677206,0.677206,0.677206
76080.000000,33.578289,-117.064298,483.606910,33.578111,-117.064169,426.833236,0.000256,0.000143,-0.000806,0.677306,0.677306,0.677306
76095.000000,33.578289,-117.064299,482.811114,33.578111,-117.064169,426.842847,0.000256,0.000143,-0.000806,0.677405,0.677405,0.677405
76110.000000,33.578291,-117.064298,481.694607,33.578111,-117.064169,426.851878,0.000255,0.000143,-0.000806,0.677505,0.677505,0.677505
76125.000000,33.578289,-117.064303,481.240404,33.578111,-117.064169,426.860985,0.000255,0.000143,-0.000805,0.677604,0.677604,0.677604
76140.000000,33.578293,-117.064304,480.786546,33.578111,-117.064169,426.869564,0.000255,0.000143,-0.000805,0.677705,0.677705,0.677705
76155.000000,33.578291,-117.064304,480.794352,33.578111,-117.064169,426.878277,0.000255,0.000142,-0.000805,0.677805,0.677805,0.677805
76170.000000,33.578292,-117.064306,479.357038,33.578111,-117.064169,426.886508,0.000255,0.000142,-0.000804,0.677905,0.677905,0.677905
76185.000000,33.578292,-117.064306,479.447893,33.578111,-117.064169,426.894767,0.000254,0.000142,-0.000804,0.678005,0.678005,0.678005
76200.000000,33.578297,-117.064305,478.236000,33.578111,-117.064169,426.902574,0.000254,0.000142,-0.000804,0.678106,0.678106,0.678106
76215.000000,33.578294,-117.064312,477.341639,33.578111,-117.064169,426.910030,0.000254,0.000142,-0.000803,0.678206,0.678206,0.678206
76230.000000,33.578297,-117.064313,476.514607,33.578111,-117.064169,426.916986,0.000254,0.000142,-0.000803,0.678308,0.678308,0.678308
76245.000000,33.578295,-117.064313,476.149565,33.578111,-117.064169,426.924154,0.000254,0.000141,-0.000803,0.678408,0.678408,0.678408
76260.000000,33.578294,-117.064318,475.624622,33.578111,-117.064169,426.930976,0.000254,0.000141,-0.000802,0.678509,0.678509,0.678509
76275.000000,33.578295,-117.064314,475.339949,33.578111,-117.064169,426.937865,0.000253,0.000141,-0.000802,0.678609,0.678609,0.678609
76290.000000,33.578300,-117.064315,473.465306,33.578111,-117.064169,426.944026,0.000253,0.000141,-0.000802,0.678709,0.678709,0.678709
76305.000000,33.578295,-117.064320,474.072803,33.578111,-117.064169,426.950574,0.000253,0.000141,-0.000801,0.678809,0.678809,0.678809
76320.000000,33.578302,-117.064317,473.205876,33.578111,-117.064169,426.956506,0.000253,0.000141,-0.000801,0.678910,0.678910,0.678910
76335.000000,33.578297,-117.064322,472.630365,33.578111,-117.064169,426.962545,0.000253,0.000141,-0.000801,0.679009,0.679009,0.679009
76350.000000,33.578302,-117.064322,471.522191,33.578111,-117.064169,426.968112,0.000252,0.000140,-0.000801,0.679109,0.679109,0.679109
76365.000000,33.578300,-117.064321,471.750702,33.578111,-117.064169,426.973927,0.000252,0.000140,-0.000800,0.679208,0.679208,0.679208
76380.000000,33.578302,-117.064323,470.296240,33.578111,-117.064169,426.979182,0.000252,0.000140,-0.000800,0.679307,0.679307,0.679307
76395.000000,33.578300,-117.064323,470.603232,33.578111,-117.064169,426.984594,0.000252,0.000140,-0.000800,0.679406,0.679406,0.679406
76410.000000,33.578304,-117.064327,470.076643,33.578111,-117.064169,426.989663,0.000252,0.000140,-0.000799,0.679505,0.679505,0.679505
76425.000000,33.578303,-117.064328,468.957507,33.578111,-117.064169,426.994655,0.000252,0.000140,-0.000799,0.679603,0.679603,0.679603
76440.000000,33.578308,-117.064328,467.996610,33.578111,-117.064169,426.999036,0.000251,0.000140,-0.000799,0.679703,0.679703,0.679703
76455.000000,33.578307,-117.064327,467.084369,33.578111,-117.064169,427.003348,0.000251,0.000140,-0.000798,0.679800,0.679800,0.679800
76470.000000,33.578304,-117.064331,466.978777,33.578111,-117.064169,427.007603,0.000251,0.000140,-0.000798,0.679898,0.679898,0.679898
76485.000000,33.578304,-117.064333,466.982466,33.578111,-117.064169,427.011722,0.000251,0.000140,-0.000798,0.679997,0.679997,0.679997
76500.000000,33.578308,-117.064332,465.261168,33.578111,-117.064170,427.015485,0.000251,0.000139,-0.000798,0.680094,0.680094,0.680094
76515.000000,33.578309,-117.064332,465.007723,33.578111,-117.064170,427.019122,0.000251,0.000139,-0.000797,0.680191,0.680191,0.680191
76530.000000,33.578308,-117.064336,464.738485,33.578111,-117.064170,427.022678,0.000250,0.000139,-0.000797,0.680289,0.680289,0.680289
76545.000000,33.578309,-117.064335,463.657765,33.578111,-117.064170,427.025884,0.000250,0.000139,-0.000797,0.680386,0.680386,0.680386
76560.000000,33.578308,-117.064339,463.739852,33.578111,-117.064170,427.029045,0.000250,0.000139,-0.000796,0.680483,0.680483,0.680483
76575.000000,33.578310,-117.064340,462.841379,33.578111,-117.064170,427.031948,0.000250,0.000139,-0.000796,0.680580,0.680580,0.680580
76590.000000,33.578310,-117.064341,462.341886,33.578111,-117.064170,427.034735,0.000250,0.000139,-0.000796,0.680677,0.680677,0.680677
76605.000000,33.578311,-117.064345,461.297290,33.578111,-117.064170,427.037084,0.000250,0.000139,-0.000796,0.680774,0.680774,0.680774
76620.000000,33.578310,-117.064346,460.550784,33.578111,-117.064170,427.039192,0.000249,0.000139,-0.000795,0.680871,0.680871,0.680871
76635.000000,33.578311,-117.064348,459.865105,33.578111,-117.064170,427.041077,0.000249,0.000139,-0.000795,0.680968,0.680968,0.680968
76650.000000,33.578311,-117.064350,459.364335,33.578111,-117.064170,427.042914,0.000249,0.000139,-0.000795,0.681063,0.681063,0.681063
76665.000000,33.578314,-117.064351,458.483746,33.578111,-117.064170,427.044358,0.000249,0.000139,-0.000795,0.681160,0.681160,0.681160
76680.000000,33.578311,-117.064351,458.059656,33.578111,-117.064170,427.045727,0.000249,0.000139,-0.000794,0.681256,0.681256,0.681256
76695.000000,33.578312,-117.064352,457.118446,33.578111,-117.064170,427.046714,0.000249,0.000139,-0.000794,0.681352,0.681352,0.681352
76710.000000,33.578312,-117.064353,456.764323,33.578111,-117.064170,427.047677,0.000248,0.000139,-0.000794,0.681447,0.681447,0.681447
76725.000000,33.578316,-117.064355,455.868860,33.578111,-117.064170,427.048290,0.000248,0.000139,-0.000793,0.681542,0.681542,0.681542
76740.000000,33.578311,-117.064356,456.375555,33.578111,-117.064170,427.049109,0.000248,0.000139,-0.000793,0.681638,0.681638,0.681638
76755.000000,33.578315,-117.064357,455.166036,33.578111,-117.064170,427.049549,0.000248,0.000139,-0.000793,0.681732,0.681732,0.681732
76770.000000,33.578313,-117.064359,455.290697,33.578111,-117.064170,427.050103,0.000248,0.000139,-0.000793,0.681826,0.681826,0.681826
76785.000000,33.578316,-117.064356,453.963779,33.578111,-117.064170,427.050196,0.000248,0.000139,-0.000792,0.681920,0.681920,0.681920
76800.000000,33.578316,-117.064357,453.704149,33.578111,-117.064170,427.050306,0.000248,0.000139,-0.000792,0.682012,0.682012,0.682012
76815.000000,33.578318,-117.064363,453.345922,33.578111,-117.064170,427.050194,0.000247,0.000139,-0.000792,0.682105,0.682105,0.682105
76830.000000,33.578318,-117.064365,452.738548,33.578111,-117.064170,427.049933,0.000247,0.000139,-0.000792,0.682198,0.682198,0.682198
76845.000000,33.578317,-117.064362,451.942104,33.578111,-117.064170,427.049432,0.000247,0.000139,-0.000791,0.682290,0.682290,0.682290
76860.000000,33.578322,-117.064364,451.173573,33.578111,-117.064170,427.048693,0.000247,0.000139,-0.000791,0.682381,0.682381,0.682381
76875.000000,33.578322,-117.064365,450.944076,33.578111,-117.064170,427.047844,0.000247,0.000139,-0.000791,0.682473,0.682473,0.682473
76890.000000,33.578323,-117.064365,450.036834,33.578111,-117.064171,427.046713,0.000247,0.000139,-0.000791,0.682564,0.682564,0.682564
76905.000000,33.578322,-117.064370,450.077630,33.578111,-117.064171,427.045703,0.000247,0.000139,-0.000790,0.682653,0.682653,0.682653
76920.000000,33.578319,-117.064369,449.563735,33.578111,-117.064171,427.044433,0.000246,0.000139,-0.000790,0.682744,0.682744,0.682744
76935.000000,33.578319,-117.064371,449.489092,33.578111,-117.064171,427.043209,0.000246,0.000139,-0.000790,0.682833,0.682833,0.682833
76950.000000,33.578321,-117.064373,448.611297,33.578111,-117.064171,427.041643,0.000246,0.000139,-0.000790,0.682923,0.682923,0.682923
76965.000000,33.578324,-117.064371,447.551304,33.578111,-117.064171,427.039784,0.000246,0.000139,-0.000789,0.683011,0.683011,0.683011
76980.000000,33.578324,-117.064373,447.189920,33.578111,-117.064171,427.037719,0.000246,0.000139,-0.000789,0.683101,0.683101,0.683101
76995.000000,33.578321,-117.064375,446.498875,33.578111,-117.064171,427.035482,0.000246,0.000139,-0.000789,0.683189,0.683189,0.683189
77010.000000,33.578327,-117.064378,446.204380,33.578111,-117.064171,427.033092,0.000246,0.000139,-0.000789,0.683278,0.683278,0.683278
77025.000000,33.578323,-117.064379,445.889725,33.578111,-117.064171,427.030656,0.000245,0.000139,-0.000788,0.683365,0.683365,0.683365
77040.000000,33.578326,-117.064380,445.593486,33.578111,-117.064171,427.028138,0.000245,0.000139,-0.000788,0.683452,0.683452,0.683452
77055.000000,33.578324,-117.064379,444.690056,33.578111,-117.064171,427.025279,0.000245,0.000139,-0.000788,0.683539,0.683539,0.683539
77070.000000,33.578324,-117.064376,444.580798,33.578111,-117.064171,427.022565,0.000245,0.000139,-0.000788,0.683623,0.683623,0.683623
77085.000000,33.578325,-117.064382,443.440506,33.578111,-117.064171,427.019237,0.000245,0.000139,-0.000788,0.683710,0.683710,0.683710
77100.000000,33.578325,-117.064386,443.510565,33.578111,-117.064171,427.015974,0.000245,0.000139,-0.000787,0.683797,0.683797,0.683797
77115.000000,33.578327,-117.064383,442.274317,33.578111,-117.064171,427.012227,0.000245,0.000139,-0.000787,0.683884,0.683884,0.683884
77130.000000,33.578327,-117.064386,442.304058,33.578111,-117.064171,427.008539,0.000244,0.000139,-0.000787,0.683970,0.683970,0.683970
77145.000000,33.578326,-117.064386,441.722122,33.578111,-117.064171,427.004665,0.000244,0.000140,-0.000787,0.684055,0.684055,0.684055
77160.000000,33.578325,-117.064387,441.084007,33.578111,-117.064171,427.000530,0.000244,0.000140,-0.000786,0.684140,0.684140,0.684140
77175.000000,33.578326,-117.064390,441.386133,33.578111,-117.064172,426.996573,0.000244,0.000140,-0.000786,0.684224,0.684224,0.684224
77190.000000,33.578326,-117.064387,440.621950,33.578111,-117.064172,426.992380,0.000244,0.000140,-0.000786,0.684307,0.684307,0.684307
77205.000000,33.578322,-117.064391,440.897779,33.578111,-117.064172,426.988324,0.000244,0.000140,-0.000786,0.684389,0.684389,0.684389
77220.000000,33.578324,-117.064390,440.156565,33.578111,-117.064172,426.983947,0.000244,0.000140,-0.000786,0.684472,0.684472,0.684472
77235.000000,33.578321,-117.064390,439.877784,33.578111,-117.064172,426.979517,0.000243,0.000140,-0.000785,0.684554,0.684554,0.684554
77250.000000,33.578325,-117.064391,439.385143,33.578111,-117.064172,426.974947,0.000243,0.000140,-0.000785,0.684634,0.684634,0.684634
77265.000000,33.578324,-117.064394,439.177291,33.578111,-117.064172,426.970312,0.000243,0.000140,-0.000785,0.684714,0.684714,0.684714
77280.000000,33.578328,-117.064395,437.866268,33.578111,-117.064172,426.965090,0.000243,0.000140,-0.000785,0.684796,0.684796,0.684796
77295.000000,33.578327,-117.064398,437.842959,33.578111,-117.064172,426.959910,0.000243,0.000141,-0.000784,0.684877,0.684877,0.684877
77310.000000,33.578324,-117.064395,437.965492,33.578112,-117.064172,426.954837,0.000243,0.000141,-0.000784,0.684955,0.684955,0.684955
77325.000000,33.578324,-117.064397,437.099367,33.578112,-117.064172,426.949464,0.000243,0.000141,-0.000784,0.685033,0.685033,0.685033
77340.000000,33.578322,-117.064399,437.102272,33.578112,-117.064172,426.944082,0.000242,0.000141,-0.000784,0.685111,0.685111,0.685111
77355.000000,33.578327,-117.064401,436.435588,33.578112,-117.064172,426.938489,0.000242,0.000141,-0.000784,0.685186,0.685186,0.685186
77370.000000,33.578585,-117.064339,484.413854,33.578112,-117.064172,427.008409,0.000242,0.000141,-0.000781,0.684928,0.684928,0.684928
77385.000000,33.578581,-117.064340,484.126669,33.578113,-117.064173,427.078529,0.000241,0.000140,-0.000779,0.684666,0.684666,0.684666
77400.000000,33.578583,-117.064338,484.909179,33.578113,-117.064173,427.151527,0.000240,0.000140,-0.000777,0.684392,0.684392,0.684392
77415.000000,33.578584,-117.064342,484.189771,33.578114,-117.064173,427.218717,0.000240,0.000140,-0.000775,0.684147,0.684147,0.684147
77430.000000,33.578583,-117.064339,484.613357,33.578114,-117.064173,427.291336,0.000239,0.000140,-0.000773,0.683873,0.683873,0.683873
77445.000000,33.578583,-117.064344,484.018327,33.578115,-117.064174,427.359331,0.000238,0.000139,-0.000771,0.683621,0.683621,0.683621
77460.000000,33.578585,-117.064340,483.791749,33.578116,-117.064174,427.429093,0.000238,0.000139,-0.000768,0.683356,0.683356,0.683356
77475.000000,33.578582,-117.064340,484.055364,33.578116,-117.064174,427.503115,0.000237,0.000139,-0.000766,0.683067,0.683067,0.683067
77490.000000,33.578587,-117.064340,483.527488,33.578117,-117.064174,427.571660,0.000236,0.000138,-0.000764,0.682807,0.682807,0.682807
77505.000000,33.578584,-117.064342,483.493616,33.578117,-117.064174,427.640717,0.000236,0.000138,-0.000762,0.682542,0.682542,0.682542
77520.000000,33.578586,-117.064339,483.576597,33.578118,-117.064175,427.710677,0.000235,0.000138,-0.000760,0.682273,0.682273,0.682273
77535.000000,33.578587,-117.064341,482.558615,33.578119,-117.064175,427.777409,0.000235,0.000138,-0.000757,0.682014,0.682014,0.682014
77550.000000,33.578585,-117.064340,483.841810,33.578119,-117.064175,427.848214,0.000234,0.000137,-0.000755,0.681741,0.681741,0.681741
77565.000000,33.578586,-117.064343,482.920435,33.578120,-117.064175,427.915768,0.000233,0.000137,-0.000753,0.681479,0.681479,0.681479
77580.000000,33.578586,-117.064340,482.797076,33.578120,-117.064175,427.983838,0.000233,0.000137,-0.000751,0.681213,0.681213,0.681213
77595.000000,33.578586,-117.064342,482.915409,33.578121,-117.064176,428.050721,0.000232,0.000137,-0.000749,0.680955,0.680955,0.680955
77610.000000,33.578589,-117.064342,481.931809,33.578122,-117.064176,428.114475,0.000231,0.000136,-0.000747,0.680708,0.680708,0.680708
77625.000000,33.578587,-117.064341,482.015070,33.578122,-117.064176,428.180625,0.000231,0.000136,-0.000745,0.680446,0.680446,0.680446
77640.000000,33.578587,-117.064341,482.407471,33.578123,-117.064176,428.247070,0.000230,0.000136,-0.000743,0.680185,0.680185,0.680185
77655.000000,33.578588,-117.064341,481.980888,33.578123,-117.064176,428.312719,0.000230,0.000136,-0.000740,0.679925,0.679925,0.679925
77670.000000,33.578589,-117.064340,481.656344,33.578124,-117.064177,428.378147,0.000229,0.000136,-0.000738,0.679663,0.679663,0.679663
77685.000000,33.578589,-117.064340,481.649434,33.578124,-117.064177,428.443470,0.000228,0.000135,-0.000736,0.679401,0.679401,0.679401
77700.000000,33.578586,-117.064339,482.419557,33.578125,-117.064177,428.514231,0.000228,0.000135,-0.000734,0.679112,0.679112,0.679112
77715.000000,33.578589,-117.064338,481.937619,33.578126,-117.064177,428.581129,0.000227,0.000135,-0.000732,0.678842,0.678842,0.678842
77730.000000,33.578551,-117.064239,498.087864,33.578126,-117.064177,428.670771,0.000227,0.000134,-0.000730,0.678572,0.678572,0.678572
77745.000000,33.578551,-117.064240,497.769910,33.578127,-117.064177,428.757316,0.000226,0.000133,-0.000727,0.678316,0.678316,0.678316
77760.000000,33.578552,-117.064241,497.509277,33.578127,-117.064177,428.845484,0.000225,0.000133,-0.000725,0.678049,0.678049,0.678049
77775.000000,33.578552,-117.064243,497.398804,33.578128,-117.064178,428.931558,0.000225,0.000132,-0.000723,0.677791,0.677791,0.677791
77790.000000,33.578554,-117.064239,497.526294,33.578128,-117.064178,429.011630,0.000224,0.000131,-0.000721,0.677563,0.677563,0.677563
77805.000000,33.578552,-117.064241,497.507169,33.578129,-117.064178,429.096665,0.000224,0.000131,-0.000719,0.677311,0.677311,0.677311
77820.000000,33.578552,-117.064238,497.485156,33.578129,-117.064178,429.181889,0.000223,0.000130,-0.000716,0.677057,0.677057,0.677057
77835.000000,33.578553,-117.064239,496.791117,33.578130,-117.064178,429.266071,0.000223,0.000129,-0.000714,0.676803,0.676803,0.676803
77850.000000,33.578552,-117.064241,497.146214,33.578130,-117.064178,429.355034,0.000222,0.000128,-0.000712,0.676527,0.676527,0.676527
77865.000000,33.578553,-117.064237,496.989901,33.578131,-117.064178,429.440982,0.000222,0.000128,-0.000710,0.676265,0.676265,0.676265
77880.000000,33.578554,-117.064241,496.256565,33.578131,-117.064178,429.525034,0.000221,0.000127,-0.000708,0.676006,0.676006,0.676006
77895.000000,33.578553,-117.064238,497.098930,33.578132,-117.064178,429.609643,0.000220,0.000126,-0.000705,0.675751,0.675751,0.675751
77910.000000,33.578555,-117.064237,496.950162,33.578132,-117.064178,429.691546,0.000220,0.000126,-0.000703,0.675507,0.675507,0.675507
77925.000000,33.578556,-117.064239,496.180438,33.578133,-117.064178,429.775335,0.000219,0.000125,-0.000701,0.675249,0.675249,0.675249
77940.000000,33.578554,-117.064239,496.100973,33.578133,-117.064178,429.858965,0.000219,0.000124,-0.000699,0.674990,0.674990,0.674990
77955.000000,33.578555,-117.064237,496.172313,33.578134,-117.064178,429.941080,0.000218,0.000124,-0.000697,0.674739,0.674739,0.674739
77970.000000,33.578476,-117.064301,510.160022,33.578136,-117.064179,430.368519,0.000215,0.000120,-0.000688,0.673113,0.673113,0.673113
77985.000000,33.578476,-117.064295,510.704066,33.578137,-117.064180,430.780595,0.000212,0.000116,-0.000680,0.671559,0.671559,0.671559
78000.000000,33.578475,-117.064297,510.827965,33.578139,-117.064180,431.194656,0.000208,0.000112,-0.000672,0.669994,0.669994,0.669994
78015.000000,33.578477,-117.064295,510.588833,33.578141,-117.064181,431.609686,0.000205,0.000108,-0.000663,0.668415,0.668415,0.668415
78030.000000,33.578476,-117.064299,510.154107,33.578143,-117.064181,432.016046,0.000202,0.000104,-0.000655,0.666858,0.666858,0.666858
78045.000000,33.578477,-117.064296,510.163089,33.578144,-117.064182,432.416396,0.000198,0.000100,-0.000647,0.665321,0.665321,0.665321
78060.000000,33.578477,-117.064295,510.477715,33.578146,-117.064182,432.811580,0.000195,0.000097,-0.000639,0.663809,0.663809,0.663809
78075.000000,33.578477,-117.064295,510.025033,33.578148,-117.064183,433.209470,0.000192,0.000093,-0.000631,0.662270,0.662270,0.662270
78090.000000,33.578478,-117.064295,509.660424,33.578149,-117.064184,433.588903,0.000189,0.000089,-0.000624,0.660798,0.660798,0.660798
78105.000000,33.578479,-117.064292,509.536364,33.578151,-117.064184,433.970311,0.000186,0.000086,-0.000616,0.659310,0.659310,0.659310
78120.000000,33.578478,-117.064292,509.695718,33.578152,-117.064185,434.343785,0.000183,0.000082,-0.000608,0.657856,0.657856,0.657856
78135.000000,33.578479,-117.064292,509.934225,33.578154,-117.064185,434.701297,0.000180,0.000079,-0.000601,0.656472,0.656472,0.656472
78150.000000,33.578480,-117.064293,509.273846,33.578156,-117.064186,435.060335,0.000177,0.000075,-0.000594,0.655062,0.655062,0.655062
78165.000000,33.578478,-117.064291,509.630834,33.578157,-117.064186,435.416938,0.000174,0.000072,-0.000587,0.653667,0.653667,0.653667
78180.000000,33.578479,-117.064289,510.082519,33.578159,-117.064187,435.768875,0.000172,0.000069,-0.000580,0.652298,0.652298,0.652298
78195.000000,33.578479,-117.064291,509.426790,33.578160,-117.064187,436.121901,0.000169,0.000065,-0.000573,0.650906,0.650906,0.650906
78210.000000,33.578482,-117.064293,509.446905,33.578162,-117.064188,436.464721,0.000166,0.000062,-0.000566,0.649556,0.649556,0.649556
78225.000000,33.578481,-117.064289,509.658279,33.578163,-117.064188,436.803557,0.000164,0.000059,-0.000559,0.648224,0.648224,0.648224
78240.000000,33.578482,-117.064289,509.460377,33.578164,-117.064188,437.135102,0.000161,0.000056,-0.000552,0.646916,0.646916,0.646916
78255.000000,33.578483,-117.064286,509.407472,33.578166,-117.064189,437.470351,0.000158,0.000053,-0.000545,0.645587,0.645587,0.645587
78270.000000,33.578483,-117.064287,509.105127,33.578167,-117.064189,437.796529,0.000156,0.000050,-0.000539,0.644288,0.644288,0.644288
78285.000000,33.578483,-117.064286,509.245285,33.578169,-117.064190,438.121623,0.000153,0.000047,-0.000532,0.642993,0.642993,0.642993
78300.000000,33.578484,-117.064286,508.918395,33.578170,-117.064190,438.430845,0.000151,0.000044,-0.000526,0.641760,0.641760,0.641760
78315.000000,33.578484,-117.064286,508.908835,33.578171,-117.064191,438.746346,0.000148,0.000041,-0.000520,0.640494,0.640494,0.640494
78330.000000,33.578486,-117.064287,508.450714,33.578173,-117.064191,439.043240,0.000146,0.000038,-0.000514,0.639301,0.639301,0.639301
78345.000000,33.578483,-117.064288,508.297261,33.578174,-117.064191,439.345533,0.000144,0.000035,-0.000507,0.638077,0.638077,0.638077
78360.000000,33.578484,-117.064286,508.515135,33.578175,-117.064192,439.653590,0.000141,0.000033,-0.000501,0.636826,0.636826,0.636826
78375.000000,33.578482,-117.064287,508.807458,33.578177,-117.064192,439.951363,0.000139,0.000030,-0.000495,0.635626,0.635626,0.635626
78390.000000,33.578484,-117.064289,508.113997,33.578178,-117.064193,440.242080,0.000137,0.000027,-0.000489,0.634441,0.634441,0.634441
78405.000000,33.578485,-117.064285,508.563028,33.578179,-117.064193,440.527522,0.000135,0.000025,-0.000483,0.633287,0.633287,0.633287
78420.000000,33.578485,-117.064285,507.919805,33.578181,-117.064193,440.820808,0.000132,0.000022,-0.000477,0.632079,0.632079,0.632079
78435.000000,33.578486,-117.064286,507.780997,33.578182,-117.064194,441.095879,0.000130,0.000019,-0.000472,0.630951,0.630951,0.630951
78450.000000,33.578487,-117.064284,507.352938,33.578183,-117.064194,441.370138,0.000128,0.000017,-0.000466,0.629816,0.629816,0.629816
78465.000000,33.578485,-117.064284,507.351490,33.578184,-117.064194,441.638227,0.000126,0.000014,-0.000461,0.628707,0.628707,0.628707
78480.000000,33.578486,-117.064283,507.608938,33.578185,-117.064195,441.911430,0.000124,0.000012,-0.000455,0.627575,0.627575,0.627575
78495.000000,33.578488,-117.064284,507.454351,33.578187,-117.064195,442.174730,0.000122,0.000010,-0.000450,0.626485,0.626485,0.626485
78510.000000,33.578486,-117.064280,507.102815,33.578188,-117.064196,442.433801,0.000120,0.000007,-0.000444,0.625406,0.625406,0.625406
78525.000000,33.578487,-117.064283,507.445737,33.578189,-117.064196,442.685367,0.000118,0.000005,-0.000439,0.624366,0.624366,0.624366
78540.000000,33.578486,-117.064283,507.019068,33.578190,-117.064196,442.937687,0.000116,0.000003,-0.000434,0.623312,0.623312,0.623312
78555.000000,33.578486,-117.064286,507.001208,33.578191,-117.064196,443.181753,0.000114,0.000000,-0.000429,0.622295,0.622295,0.622295
78570.000000,33.578487,-117.064283,506.252367,33.578192,-117.064197,443.420208,0.000113,-0.000002,-0.000424,0.621288,0.621288,0.621288
78585.000000,33.578487,-117.064282,506.318515,33.578193,-117.064197,443.658306,0.000111,-0.000004,-0.000419,0.620283,0.620283,0.620283
78600.000000,33.578486,-117.064285,506.620290,33.578194,-117.064197,443.892346,0.000109,-0.000006,-0.000414,0.619300,0.619300,0.619300
78615.000000,33.578486,-117.064285,506.258828,33.578196,-117.064198,444.122434,0.000107,-0.000008,-0.000410,0.618328,0.618328,0.618328
78630.000000,33.578487,-117.064282,505.973962,33.578197,-117.064198,444.349659,0.000106,-0.000010,-0.000405,0.617362,0.617362,0.617362
78645.000000,33.578486,-117.064280,506.324512,33.578198,-117.064198,444.570643,0.000104,-0.000012,-0.000400,0.616431,0.616431,0.616431
78660.000000,33.578485,-117.064281,506.039489,33.578199,-117.064199,444.795463,0.000102,-0.000014,-0.000396,0.615474,0.615474,0.615474
78675.000000,33.578486,-117.064280,505.789884,33.578200,-117.064199,445.010055,0.000101,-0.000016,-0.000391,0.614561,0.614561,0.614561
78690.000000,33.578486,-117.064281,505.387481,33.578201,-117.064199,445.220808,0.000099,-0.000018,-0.000387,0.613659,0.613659,0.613659
78705.000000,33.578487,-117.064282,505.147428,33.578202,-117.064199,445.428695,0.000098,-0.000020,-0.000383,0.612764,0.612764,0.612764
78720.000000,33.578487,-117.064282,505.302522,33.578202,-117.064200,445.633416,0.000096,-0.000022,-0.000378,0.611886,0.611886,0.611886
78735.000000,33.578488,-117.064277,505.116134,33.578203,-117.064200,445.842146,0.000094,-0.000023,-0.000374,0.610982,0.610982,0.610982
78750.000000,33.578488,-117.064279,505.119907,33.578204,-117.064200,446.045689,0.000093,-0.000025,-0.000370,0.610103,0.610103,0.610103
78765.000000,33.578488,-117.064279,504.806748,33.578205,-117.064201,446.242018,0.000091,-0.000027,-0.000366,0.609254,0.609254,0.609254
78780.000000,33.578488,-117.064277,504.537033,33.578206,-117.064201,446.438589,0.000090,-0.000029,-0.000361,0.608396,0.608396,0.608396
78795.000000,33.578487,-117.064277,503.993952,33.578207,-117.064201,446.630313,0.000089,-0.000030,-0.000357,0.607552,0.607552,0.607552
78810.000000,33.578487,-117.064279,504.217796,33.578208,-117.064201,446.820217,0.000087,-0.000032,-0.000354,0.606720,0.606720,0.606720
78825.000000,33.578488,-117.064276,503.968453,33.578209,-117.064201,447.004764,0.000086,-0.000034,-0.000350,0.605910,0.605910,0.605910
78840.000000,33.578485,-117.064279,504.110937,33.578210,-117.064202,447.189248,0.000084,-0.000035,-0.000346,0.605101,0.605101,0.605101
78855.000000,33.578485,-117.064281,503.848131,33.578211,-117.064202,447.371088,0.000083,-0.000037,-0.000342,0.604300,0.604300,0.604300
78870.000000,33.578485,-117.064276,503.326212,33.578212,-117.064202,447.550449,0.000082,-0.000038,-0.000338,0.603501,0.603501,0.603501
78885.000000,33.578486,-117.064276,503.734119,33.578212,-117.064202,447.724958,0.000081,-0.000040,-0.000335,0.602733,0.602733,0.602733
78900.000000,33.578486,-117.064279,503.254817,33.578213,-117.064203,447.898545,0.000079,-0.000041,-0.000331,0.601960,0.601960,0.601960
78915.000000,33.578486,-117.064278,503.107783,33.578214,-117.064203,448.069630,0.000078,-0.000043,-0.000327,0.601197,0.601197,0.601197
78930.000000,33.578486,-117.064277,502.812789,33.578215,-117.064203,448.235089,0.000077,-0.000044,-0.000324,0.600458,0.600458,0.600458
78945.000000,33.578484,-117.064277,502.716233,33.578216,-117.064203,448.401342,0.000076,-0.000046,-0.000320,0.599711,0.599711,0.599711
78960.000000,33.578485,-117.064275,502.516471,33.578216,-117.064203,448.565808,0.000074,-0.000047,-0.000317,0.598969,0.598969,0.598969
78975.000000,33.578485,-117.064277,502.046715,33.578217,-117.064204,448.726480,0.000073,-0.000049,-0.000313,0.598238,0.598238,0.598238
78990.000000,33.578484,-117.064274,502.164996,33.578218,-117.064204,448.885630,0.000072,-0.000050,-0.000310,0.597517,0.597517,0.597517
79005.000000,33.578484,-117.064276,501.809549,33.578219,-117.064204,449.041689,0.000071,-0.000051,-0.000307,0.596805,0.596805,0.596805
79020.000000,33.578485,-117.064277,501.539175,33.578219,-117.064204,449.194660,0.000070,-0.000052,-0.000304,0.596104,0.596104,0.596104
79035.000000,33.578484,-117.064276,501.313917,33.578220,-117.064204,449.341590,0.000069,-0.000054,-0.000300,0.595433,0.595433,0.595433
79050.000000,33.578484,-117.064277,500.933528,33.578221,-117.064205,449.488058,0.000068,-0.000055,-0.000297,0.594757,0.594757,0.594757
79065.000000,33.578484,-117.064276,500.508578,33.578222,-117.064205,449.634440,0.000067,-0.000056,-0.000294,0.594073,0.594073,0.594073
79080.000000,33.578482,-117.064276,500.478214,33.578222,-117.064205,449.774323,0.000065,-0.000057,-0.000291,0.593424,0.593424,0.593424
79095.000000,33.578481,-117.064278,500.638745,33.578223,-117.064205,449.910964,0.000064,-0.000059,-0.000288,0.592796,0.592796,0.592796
79110.000000,33.578484,-117.064274,499.884816,33.578224,-117.064205,450.048048,0.000063,-0.000060,-0.000285,0.592152,0.592152,0.592152
79125.000000,33.578482,-117.064275,500.136193,33.578224,-117.064206,450.180779,0.000063,-0.000061,-0.000282,0.591536,0.591536,0.591536
79140.000000,33.578480,-117.064278,500.015064,33.578225,-117.064206,450.312102,0.000062,-0.000062,-0.000280,0.590926,0.590926,0.590926
79155.000000,33.578480,-117.064275,500.003131,33.578226,-117.064206,450.445204,0.000061,-0.000063,-0.000277,0.590303,0.590303,0.590303
79170.000000,33.578479,-117.064274,499.416995,33.578226,-117.064206,450.574739,0.000060,-0.000064,-0.000274,0.589691,0.589691,0.589691
79185.000000,33.578479,-117.064277,499.483577,33.578227,-117.064206,450.700322,0.000059,-0.000065,-0.000271,0.589103,0.589103,0.589103
79200.000000,33.578479,-117.064275,499.043763,33.578228,-117.064206,450.822539,0.000058,-0.000066,-0.000269,0.588527,0.588527,0.588527
79215.000000,33.578479,-117.064274,498.476372,33.578228,-117.064207,450.941835,0.000057,-0.000067,-0.000266,0.587959,0.587959,0.587959
79230.000000,33.578478,-117.064275,498.313502,33.578229,-117.064207,451.059433,0.000056,-0.000068,-0.000264,0.587398,0.587398,0.587398
79245.000000,33.578477,-117.064277,498.318225,33.578229,-117.064207,451.174106,0.000055,-0.000069,-0.000261,0.586854,0.586854,0.586854
79260.000000,33.578477,-117.064275,497.878900,33.578230,-117.064207,451.287279,0.000054,-0.000070,-0.000259,0.586312,0.586312,0.586312
79275.000000,33.578477,-117.064273,497.496291,33.578230,-117.064207,451.400296,0.000054,-0.000071,-0.000256,0.585763,0.585763,0.585763
79290.000000,33.578477,-117.064276,497.444946,33.578231,-117.064207,451.510274,0.000053,-0.000072,-0.000254,0.585232,0.585232,0.585232
79305.000000,33.578474,-117.064277,497.254489,33.578232,-117.064208,451.617176,0.000052,-0.000073,-0.000252,0.584717,0.584717,0.584717
79320.000000,33.578476,-117.064275,496.659680,33.578232,-117.064208,451.722128,0.000051,-0.000073,-0.000249,0.584204,0.584204,0.584204
79335.000000,33.578475,-117.064279,496.431741,33.578233,-117.064208,451.823788,0.000051,-0.000074,-0.000247,0.583708,0.583708,0.583708
79350.000000,33.578474,-117.064278,496.048266,33.578233,-117.064208,451.925176,0.000050,-0.000075,-0.000245,0.583208,0.583208,0.583208
79365.000000,33.578473,-117.064279,495.880100,33.578234,-117.064208,452.023468,0.000049,-0.000076,-0.000243,0.582724,0.582724,0.582724
79380.000000,33.578472,-117.064279,495.496615,33.578234,-117.064208,452.122879,0.000048,-0.000076,-0.000240,0.582226,0.582226,0.582226
79395.000000,33.578471,-117.064279,495.731413,33.578235,-117.064208,452.218705,0.000048,-0.000077,-0.000238,0.581754,0.581754,0.581754
79410.000000,33.578472,-117.064276,495.222215,33.578235,-117.064209,452.312924,0.000047,-0.000078,-0.000236,0.581285,0.581285,0.581285
79425.000000,33.578470,-117.064277,494.948971,33.578236,-117.064209,452.405648,0.000046,-0.000079,-0.000234,0.580821,0.580821,0.580821
79440.000000,33.578468,-117.064279,494.816323,33.578236,-117.064209,452.496267,0.000045,-0.000079,-0.000232,0.580369,0.580369,0.580369
79455.000000,33.578468,-117.064278,494.433676,33.578237,-117.064209,452.587155,0.000045,-0.000080,-0.000230,0.579908,0.579908,0.579908
79470.000000,33.578469,-117.064277,493.716394,33.578237,-117.064209,452.675738,0.000044,-0.000081,-0.000228,0.579452,0.579452,0.579452
79485.000000,33.578466,-117.064279,494.152236,33.578238,-117.064209,452.762646,0.000044,-0.000081,-0.000226,0.579013,0.579013,0.579013
79500.000000,33.578466,-117.064279,493.363136,33.578238,-117.064209,452.847392,0.000043,-0.000082,-0.000224,0.578576,0.578576,0.578576
79515.000000,33.578467,-117.064277,492.321660,33.578239,-117.064210,452.929745,0.000042,-0.000083,-0.000223,0.578141,0.578141,0.578141
79530.000000,33.578466,-117.064276,492.520655,33.578239,-117.064210,453.011770,0.000042,-0.000083,-0.000221,0.577710,0.577710,0.577710
79545.000000,33.578463,-117.064278,492.587939,33.578239,-117.064210,453.093077,0.000041,-0.000084,-0.000219,0.577284,0.577284,0.577284
79560.000000,33.578463,-117.064280,492.178089,33.578240,-117.064210,453.172163,0.000040,-0.000084,-0.000217,0.576868,0.576868,0.576868
79575.000000,33.578462,-117.064279,491.650823,33.578240,-117.064210,453.249430,0.000040,-0.000085,-0.000215,0.576456,0.576456,0.576456
79590.000000,33.578459,-117.064281,491.919182,33.578241,-117.064210,453.325561,0.000039,-0.000086,-0.000214,0.576057,0.576057,0.576057
79605.000000,33.578460,-117.064282,490.929230,33.578241,-117.064210,453.399488,0.000039,-0.000086,-0.000212,0.575658,0.575658,0.575658
79620.000000,33.578459,-117.064281,490.212930,33.578241,-117.064210,453.471514,0.000038,-0.000087,-0.000210,0.575262,0.575262,0.575262
79635.000000,33.578457,-117.064281,490.281266,33.578242,-117.064211,453.543292,0.000038,-0.000087,-0.000209,0.574869,0.574869,0.574869
79650.000000,33.578455,-117.064283,490.442310,33.578242,-117.064211,453.614155,0.000037,-0.000088,-0.000207,0.574485,0.574485,0.574485
79665.000000,33.578455,-117.064280,489.958755,33.578243,-117.064211,453.684979,0.000036,-0.000088,-0.000206,0.574092,0.574092,0.574092
79680.000000,33.578453,-117.064280,489.579201,33.578243,-117.064211,453.753805,0.000036,-0.000089,-0.000204,0.573709,0.573709,0.573709
79695.000000,33.578453,-117.064281,489.350948,33.578243,-117.064211,453.820601,0.000035,-0.000089,-0.000203,0.573339,0.573339,0.573339
79710.000000,33.578452,-117.064280,488.654175,33.578244,-117.064211,453.885658,0.000035,-0.000089,-0.000201,0.572970,0.572970,0.572970
79725.000000,33.578452,-117.064279,488.088422,33.578244,-117.064211,453.949578,0.000034,-0.000090,-0.000200,0.572602,0.572602,0.572602
79740.000000,33.578449,-117.064282,488.480463,33.578245,-117.064211,454.012789,0.000034,-0.000090,-0.000198,0.572245,0.572245,0.572245
79755.000000,33.578448,-117.064284,488.079976,33.578245,-117.064212,454.074984,0.000033,-0.000091,-0.000197,0.571890,0.571890,0.571890
79770.000000,33.578447,-117.064284,487.324518,33.578245,-117.064212,454.135086,0.000033,-0.000091,-0.000195,0.571541,0.571541,0.571541
79785.000000,33.578446,-117.064285,487.203497,33.578246,-117.064212,454.194587,0.000032,-0.000092,-0.000194,0.571194,0.571194,0.571194
79800.000000,33.578445,-117.064287,486.390703,33.578246,-117.064212,454.252147,0.000032,-0.000092,-0.000193,0.570850,0.570850,0.570850
79815.000000,33.578444,-117.064283,486.008817,33.578246,-117.064212,454.308818,0.000032,-0.000092,-0.000191,0.570508,0.570508,0.570508
79830.000000,33.578443,-117.064285,485.776390,33.578247,-117.064212,454.364276,0.000031,-0.000093,-0.000190,0.570172,0.570172,0.570172
79845.000000,33.578442,-117.064286,485.591342,33.578247,-117.064212,454.418201,0.000031,-0.000093,-0.000189,0.569846,0.569846,0.569846
79860.000000,33.578440,-117.064285,485.254957,33.578247,-117.064212,454.471743,0.000030,-0.000093,-0.000188,0.569518,0.569518,0.569518
79875.000000,33.578438,-117.064289,485.115380,33.578247,-117.064213,454.524197,0.000030,-0.000094,-0.000186,0.569198,0.569198,0.569198
79890.000000,33.578436,-117.064289,484.735333,33.578248,-117.064213,454.575041,0.000029,-0.000094,-0.000185,0.568886,0.568886,0.568886
79905.000000,33.578438,-117.064285,483.984912,33.578248,-117.064213,454.624669,0.000029,-0.000094,-0.000184,0.568572,0.568572,0.568572
79920.000000,33.578436,-117.064286,483.634960,33.578248,-117.064213,454.673690,0.000029,-0.000094,-0.000183,0.568258,0.568258,0.568258
79935.000000,33.578433,-117.064288,483.670480,33.578249,-117.064213,454.721629,0.000028,-0.000095,-0.000182,0.567955,0.567955,0.567955
79950.000000,33.578432,-117.064289,482.871485,33.578249,-117.064213,454.768219,0.000028,-0.000095,-0.000181,0.567652,0.567652,0.567652
79965.000000,33.578430,-117.064288,482.849998,33.578249,-117.064213,454.814738,0.000027,-0.000095,-0.000180,0.567348,0.567348,0.567348
79980.000000,33.578429,-117.064291,482.488742,33.578249,-117.064213,454.859604,0.000027,-0.000096,-0.000178,0.567055,0.567055,0.567055
79995.000000,33.578429,-117.064290,481.600410,33.578250,-117.064213,454.902543,0.000027,-0.000096,-0.000177,0.566766,0.566766,0.566766
80010.000000,33.578430,-117.064287,481.098989,33.578250,-117.064214,454.944765,0.000026,-0.000096,-0.000176,0.566475,0.566475,0.566475
80025.000000,33.578427,-117.064291,480.752383,33.578250,-117.064214,454.985740,0.000026,-0.000096,-0.000175,0.566192,0.566192,0.566192
80040.000000,33.578425,-117.064291,480.797296,33.578251,-117.064214,455.026792,0.000025,-0.000096,-0.000174,0.565908,0.565908,0.565908
80055.000000,33.578423,-117.064291,480.559936,33.578251,-117.064214,455.067084,0.000025,-0.000097,-0.000173,0.565627,0.565627,0.565627
80070.000000,33.578422,-117.064289,479.957102,33.578251,-117.064214,455.106126,0.000025,-0.000097,-0.000172,0.565350,0.565350,0.565350
80085.000000,33.578419,-117.064292,479.900611,33.578251,-117.064214,455.144632,0.000024,-0.000097,-0.000172,0.565077,0.565077,0.565077
80100.000000,33.578417,-117.064295,479.527183,33.578251,-117.064214,455.181976,0.000024,-0.000097,-0.000171,0.564810,0.564810,0.564810
80115.000000,33.578418,-117.064294,478.410632,33.578252,-117.064214,455.217581,0.000024,-0.000097,-0.000170,0.564543,0.564543,0.564543
80130.000000,33.578417,-117.064292,477.857196,33.578252,-117.064214,455.251763,0.000023,-0.000097,-0.000169,0.564282,0.564282,0.564282
80145.000000,33.578414,-117.064294,477.646593,33.578252,-117.064215,455.284740,0.000023,-0.000098,-0.000168,0.564032,0.564032,0.564032
80160.000000,33.578413,-117.064293,477.527276,33.578252,-117.064215,455.318122,0.000023,-0.000098,-0.000167,0.563775,0.563775,0.563775
80175.000000,33.578411,-117.064295,476.925488,33.578253,-117.064215,455.350402,0.000022,-0.000098,-0.000166,0.563519,0.563519,0.563519
80190.000000,33.578408,-117.064295,477.087017,33.578253,-117.064215,455.382301,0.000022,-0.000098,-0.000166,0.563271,0.563271,0.563271
80205.000000,33.578407,-117.064295,476.825627,33.578253,-117.064215,455.414000,0.000022,-0.000098,-0.000165,0.563020,0.563020,0.563020
80220.000000,33.578404,-117.064297,476.744561,33.578253,-117.064215,455.445277,0.000021,-0.000098,-0.000164,0.562773,0.562773,0.562773
80235.000000,33.578404,-117.064299,476.081972,33.578253,-117.064215,455.474905,0.000021,-0.000098,-0.000163,0.562534,0.562534,0.562534
80250.000000,33.578403,-117.064299,475.695618,33.578254,-117.064215,455.504172,0.000021,-0.000098,-0.000163,0.562293,0.562293,0.562293
80265.000000,33.578402,-117.064300,474.680870,33.578254,-117.064215,455.531723,0.000020,-0.000098,-0.000162,0.562054,0.562054,0.562054
80280.000000,33.578400,-117.064300,474.750721,33.578254,-117.064216,455.558956,0.000020,-0.000099,-0.000161,0.561821,0.561821,0.561821
80295.000000,33.578399,-117.064301,474.190712,33.578254,-117.064216,455.585557,0.000020,-0.000099,-0.000160,0.561584,0.561584,0.561584
80310.000000,33.578397,-117.064301,473.697403,33.578254,-117.064216,455.611340,0.000020,-0.000099,-0.000160,0.561350,0.561350,0.561350
80325.000000,33.578394,-117.064302,473.318916,33.578255,-117.064216,455.636438,0.000019,-0.000099,-0.000159,0.561116,0.561116,0.561116
80340.000000,33.578395,-117.064302,472.547410,33.578255,-117.064216,455.660166,0.000019,-0.000099,-0.000158,0.560887,0.560887,0.560887
80355.000000,33.578394,-117.064301,472.086834,33.578255,-117.064216,455.683214,0.000019,-0.000099,-0.000158,0.560658,0.560658,0.560658
80370.000000,33.578391,-117.064302,471.941948,33.578255,-117.064216,455.705822,0.000019,-0.000099,-0.000157,0.560433,0.560433,0.560433
80385.000000,33.578389,-117.064304,471.826007,33.578255,-117.064216,455.728278,0.000018,-0.000099,-0.000157,0.560207,0.560207,0.560207
80400.000000,33.578387,-117.064305,471.116122,33.578255,-117.064216,455.749591,0.000018,-0.000099,-0.000156,0.559983,0.559983,0.559983
80415.000000,33.578384,-117.064306,470.850369,33.578256,-117.064217,455.770412,0.000018,-0.000099,-0.000155,0.559761,0.559761,0.559761
80430.000000,33.578383,-117.064306,470.552114,33.578256,-117.064217,455.790632,0.000017,-0.000099,-0.000155,0.559542,0.559542,0.559542
80445.000000,33.578384,-117.064304,469.813792,33.578256,-117.064217,455.809776,0.000017,-0.000099,-0.000154,0.559324,0.559324,0.559324
80460.000000,33.578383,-117.064304,469.326874,33.578256,-117.064217,455.828204,0.000017,-0.000099,-0.000154,0.559106,0.559106,0.559106
80475.000000,33.578379,-117.064307,469.320248,33.578256,-117.064217,455.846644,0.000017,-0.000099,-0.000153,0.558888,0.558888,0.558888
80490.000000,33.578377,-117.064310,469.032365,33.578256,-117.064217,455.864559,0.000016,-0.000099,-0.000153,0.558671,0.558671,0.558671
80505.000000,33.578378,-117.064308,468.321981,33.578256,-117.064217,455.881497,0.000016,-0.000099,-0.000152,0.558455,0.558455,0.558455
80520.000000,33.578375,-117.064309,467.962077,33.578257,-117.064217,455.897778,0.000016,-0.000099,-0.000152,0.558242,0.558242,0.558242
80535.000000,33.578371,-117.064313,467.893602,33.578257,-117.064217,455.913779,0.000016,-0.000099,-0.000151,0.558032,0.558032,0.558032
80550.000000,33.578369,-117.064311,467.354755,33.578257,-117.064218,455.928944,0.000015,-0.000099,-0.000151,0.557825,0.557825,0.557825
80565.000000,33.578367,-117.064314,467.125166,33.578257,-117.064218,455.943805,0.000015,-0.000099,-0.000150,0.557618,0.557618,0.557618
80580.000000,33.578369,-117.064312,465.939748,33.578257,-117.064218,455.957037,0.000015,-0.000099,-0.000150,0.557411,0.557411,0.557411
80595.000000,33.578364,-117.064315,465.691692,33.578257,-117.064218,455.969653,0.000015,-0.000098,-0.000150,0.557211,0.557211,0.557211
80610.000000,33.578364,-117.064314,464.974860,33.578257,-117.064218,455.981267,0.000014,-0.000098,-0.000149,0.557013,0.557013,0.557013
80625.000000,33.578361,-117.064315,464.903038,33.578257,-117.064218,455.992714,0.000014,-0.000098,-0.000149,0.556817,0.556817,0.556817
80640.000000,33.578359,-117.064318,464.836696,33.578258,-117.064218,456.004136,0.000014,-0.000098,-0.000148,0.556619,0.556619,0.556619
80655.000000,33.578359,-117.064316,464.344813,33.578258,-117.064218,456.014936,0.000014,-0.000098,-0.000148,0.556420,0.556420,0.556420
80670.000000,33.578357,-117.064319,463.911372,33.578258,-117.064219,456.025084,0.000014,-0.000098,-0.000148,0.556223,0.556223,0.556223
80685.000000,33.578354,-117.064318,463.559262,33.578258,-117.064219,456.034660,0.000013,-0.000098,-0.000147,0.556029,0.556029,0.556029
80700.000000,33.578354,-117.064316,462.983975,33.578258,-117.064219,456.043490,0.000013,-0.000098,-0.000147,0.555836,0.555836,0.555836
80715.000000,33.578353,-117.064318,462.521488,33.578258,-117.064219,456.051656,0.000013,-0.000098,-0.000147,0.555644,0.555644,0.555644
80730.000000,33.578351,-117.064320,462.218903,33.578258,-117.064219,456.059518,0.000013,-0.000098,-0.000146,0.555449,0.555449,0.555449
80745.000000,33.578349,-117.064322,462.299723,33.578258,-117.064219,456.067506,0.000013,-0.000097,-0.000146,0.555252,0.555252,0.555252
80760.000000,33.578350,-117.064321,461.292053,33.578258,-117.064219,456.074133,0.000012,-0.000097,-0.000146,0.555057,0.555057,0.555057
80775.000000,33.578344,-117.064322,461.477319,33.578258,-117.064219,456.080889,0.000012,-0.000097,-0.000145,0.554867,0.554867,0.554867
80790.000000,33.578342,-117.064327,461.028488,33.578259,-117.064220,456.087019,0.000012,-0.000097,-0.000145,0.554680,0.554680,0.554680
80805.000000,33.578343,-117.064325,459.872650,33.578259,-117.064220,456.091649,0.000012,-0.000097,-0.000145,0.554494,0.554494,0.554494
80820.000000,33.578340,-117.064327,459.725198,33.578259,-117.064220,456.096072,0.000011,-0.000097,-0.000145,0.554309,0.554309,0.554309
80835.000000,33.578340,-117.064324,458.998221,33.578259,-117.064220,456.099606,0.000011,-0.000097,-0.000144,0.554121,0.554121,0.554121
80850.000000,33.578338,-117.064326,458.695580,33.578259,-117.064220,456.102764,0.000011,-0.000096,-0.000144,0.553931,0.553931,0.553931
80865.000000,33.578335,-117.064327,458.180302,33.578259,-117.064220,456.105238,0.000011,-0.000096,-0.000144,0.553743,0.553743,0.553743
80880.000000,33.578335,-117.064326,457.633322,33.578259,-117.064220,456.106972,0.000011,-0.000096,-0.000144,0.553562,0.553562,0.553562
80895.000000,33.578330,-117.064331,457.976803,33.578259,-117.064220,456.109142,0.000011,-0.000096,-0.000144,0.553380,0.553380,0.553380
80910.000000,33.578329,-117.064332,457.572794,33.578259,-117.064221,456.110801,0.000010,-0.000096,-0.000143,0.553199,0.553199,0.553199
80925.000000,33.578330,-117.064330,456.685987,33.578259,-117.064221,456.111340,0.000010,-0.000095,-0.000143,0.553017,0.553017,0.553017
80940.000000,33.578327,-117.064332,456.231772,33.578259,-117.064221,456.111308,0.000010,-0.000095,-0.000143,0.552834,0.552834,0.552834
80955.000000,33.578326,-117.064332,455.905198,33.578259,-117.064221,456.110864,0.000010,-0.000095,-0.000143,0.552653,0.552653,0.552653
80970.000000,33.578326,-117.064333,455.083238,33.578259,-117.064221,456.109367,0.000010,-0.000095,-0.000143,0.552467,0.552467,0.552467
80985.000000,33.578321,-117.064335,455.385298,33.578259,-117.064221,456.108273,0.000009,-0.000094,-0.000143,0.552286,0.552286,0.552286
81000.000000,33.578317,-117.064338,455.223550,33.578260,-117.064221,456.106980,0.000009,-0.000094,-0.000143,0.552107,0.552107,0.552107
81015.000000,33.578319,-117.064336,454.670943,33.578260,-117.064222,456.104998,0.000009,-0.000094,-0.000142,0.551928,0.551928,0.551928
81030.000000,33.578319,-117.064335,453.792595,33.578260,-117.064222,456.101909,0.000009,-0.000094,-0.000142,0.551748,0.551748,0.551748
81045.000000,33.578317,-117.064338,453.654987,33.578260,-117.064222,456.098637,0.000009,-0.000094,-0.000142,0.551566,0.551566,0.551566
81060.000000,33.578314,-117.064339,453.209816,33.578260,-117.064222,456.094819,0.000008,-0.000093,-0.000142,0.551385,0.551385,0.551385
81075.000000,33.578307,-117.064344,454.426440,33.578260,-117.064222,456.092886,0.000008,-0.000093,-0.000142,0.551263,0.551263,0.551263
81090.000000,33.578304,-117.064346,453.829947,33.578260,-117.064222,456.090328,0.000008,-0.000093,-0.000142,0.551141,0.551141,0.551141
81105.000000,33.578304,-117.064344,453.189982,33.578260,-117.064222,456.087096,0.000008,-0.000093,-0.000142,0.551018,0.551018,0.551018
81120.000000,33.578302,-117.064345,452.877276,33.578260,-117.064222,456.083533,0.000008,-0.000092,-0.000142,0.550894,0.550894,0.550894
81135.000000,33.578300,-117.064347,452.530548,33.578260,-117.064223,456.079621,0.000008,-0.000092,-0.000142,0.550771,0.550771,0.550771
81150.000000,33.578298,-117.064348,452.618697,33.578260,-117.064223,456.075812,0.000007,-0.000092,-0.000142,0.550649,0.550649,0.550649
81165.000000,33.578295,-117.064351,452.275141,33.578260,-117.064223,456.071669,0.000007,-0.000092,-0.000142,0.550529,0.550529,0.550529
81180.000000,33.578295,-117.064349,451.875584,33.578260,-117.064223,456.067085,0.000007,-0.000092,-0.000142,0.550407,0.550407,0.550407
81195.000000,33.578295,-117.064347,451.203380,33.578260,-117.064223,456.061788,0.000007,-0.000091,-0.000142,0.550284,0.550284,0.550284
81210.000000,33.578293,-117.064349,450.816886,33.578260,-117.064223,456.056110,0.000007,-0.000091,-0.000142,0.550162,0.550162,0.550162
81225.000000,33.578290,-117.064354,450.885943,33.578260,-117.064223,456.050579,0.000007,-0.000091,-0.000142,0.550044,0.550044,0.550044
81240.000000,33.578288,-117.064352,450.497018,33.578260,-117.064223,456.044635,0.000007,-0.000091,-0.000142,0.549925,0.549925,0.549925
81255.000000,33.578287,-117.064352,449.880415,33.578260,-117.064224,456.038007,0.000006,-0.000090,-0.000142,0.549803,0.549803,0.549803
81270.000000,33.578286,-117.064355,449.488587,33.578260,-117.064224,456.031003,0.000006,-0.000090,-0.000142,0.549683,0.549683,0.549683
81285.000000,33.578284,-117.064356,449.042603,33.578260,-117.064224,456.023485,0.000006,-0.000090,-0.000142,0.549561,0.549561,0.549561
81300.000000,33.578282,-117.064360,449.157063,33.578260,-117.064224,456.016150,0.000006,-0.000090,-0.000142,0.549441,0.549441,0.549441
81315.000000,33.578279,-117.064358,448.906412,33.578260,-117.064224,456.008564,0.000006,-0.000089,-0.000142,0.549321,0.549321,0.549321
81330.000000,33.578282,-117.064358,448.050184,33.578260,-117.064224,455.999924,0.000006,-0.000089,-0.000142,0.549195,0.549195,0.549195
81345.000000,33.578279,-117.064359,447.840475,33.578260,-117.064224,455.991134,0.000005,-0.000089,-0.000142,0.549072,0.549072,0.549072
81360.000000,33.578276,-117.064361,447.211295,33.578260,-117.064224,455.981723,0.000005,-0.000089,-0.000142,0.548949,0.548949,0.548949
81375.000000,33.578275,-117.064361,446.627760,33.578260,-117.064225,455.971706,0.000005,-0.000088,-0.000142,0.548826,0.548826,0.548826
81390.000000,33.578273,-117.064361,446.722635,33.578260,-117.064225,455.961874,0.000005,-0.000088,-0.000142,0.548706,0.548706,0.548706
81405.000000,33.578273,-117.064361,446.357670,33.578260,-117.064225,455.951544,0.000005,-0.000088,-0.000142,0.548582,0.548582,0.548582
81420.000000,33.578271,-117.064360,445.992930,33.578260,-117.064225,455.940815,0.000005,-0.000088,-0.000142,0.548458,0.548458,0.548458
81435.000000,33.578267,-117.064364,445.655802,33.578260,-117.064225,455.929817,0.000004,-0.000087,-0.000143,0.548335,0.548335,0.548335
81450.000000,33.578267,-117.064362,445.501700,33.578260,-117.064225,455.918625,0.000004,-0.000087,-0.000143,0.548212,0.548212,0.548212
81465.000000,33.578266,-117.064366,444.955357,33.578260,-117.064225,455.906812,0.000004,-0.000087,-0.000143,0.548087,0.548087,0.548087
81480.000000,33.578265,-117.064369,444.438568,33.578260,-117.064226,455.894454,0.000004,-0.000086,-0.000143,0.547962,0.547962,0.547962
81495.000000,33.578265,-117.064367,444.510685,33.578260,-117.064226,455.882077,0.000004,-0.000086,-0.000143,0.547834,0.547834,0.547834
81510.000000,33.578264,-117.064369,444.140582,33.578260,-117.064226,455.869313,0.000004,-0.000086,-0.000143,0.547707,0.547707,0.547707
81525.000000,33.578261,-117.064370,444.238853,33.578260,-117.064226,455.856730,0.000004,-0.000085,-0.000143,0.547581,0.547581,0.547581
81540.000000,33.578260,-117.064368,444.079435,33.578260,-117.064226,455.843946,0.000003,-0.000085,-0.000143,0.547454,0.547454,0.547454
81555.000000,33.578256,-117.064371,443.985971,33.578260,-117.064226,455.831093,0.000003,-0.000085,-0.000144,0.547327,0.547327,0.547327
81570.000000,33.578258,-117.064370,442.936872,33.578260,-117.064226,455.816893,0.000003,-0.000084,-0.000144,0.547195,0.547195,0.547195
81585.000000,33.578256,-117.064372,442.630705,33.578260,-117.064227,455.802471,0.000003,-0.000084,-0.000144,0.547066,0.547066,0.547066
81600.000000,33.578251,-117.064376,442.722549,33.578260,-117.064227,455.788469,0.000003,-0.000084,-0.000144,0.546943,0.546943,0.546943
81615.000000,33.578251,-117.064375,442.258026,33.578260,-117.064227,455.773812,0.000003,-0.000083,-0.000144,0.546816,0.546816,0.546816
81630.000000,33.578251,-117.064375,441.544393,33.578260,-117.064227,455.758207,0.000002,-0.000083,-0.000144,0.546685,0.546685,0.546685
81645.000000,33.578250,-117.064374,441.331925,33.578260,-117.064227,455.742281,0.000002,-0.000083,-0.000145,0.546553,0.546553,0.546553
81660.000000,33.578246,-117.064378,441.330048,33.578260,-117.064227,455.726435,0.000002,-0.000082,-0.000145,0.546421,0.546421,0.546421
81675.000000,33.578247,-117.064379,441.070706,33.578259,-117.064227,455.710246,0.000002,-0.000082,-0.000145,0.546289,0.546289,0.546289
81690.000000,33.578247,-117.064378,440.369561,33.578259,-117.064228,455.693330,0.000002,-0.000082,-0.000145,0.546156,0.546156,0.546156
81705.000000,33.578246,-117.064380,440.429837,33.578259,-117.064228,455.676453,0.000002,-0.000081,-0.000145,0.546023,0.546023,0.546023
81720.000000,33.578244,-117.064382,440.472579,33.578259,-117.064228,455.659559,0.000002,-0.000081,-0.000146,0.545889,0.545889,0.545889
81735.000000,33.578242,-117.064381,440.377998,33.578259,-117.064228,455.642607,0.000001,-0.000081,-0.000146,0.545755,0.545755,0.545755
81750.000000,33.578246,-117.064380,439.091029,33.578259,-117.064228,455.623905,0.000001,-0.000080,-0.000146,0.545616,0.545616,0.545616
81765.000000,33.578240,-117.064383,439.594089,33.578259,-117.064228,455.605980,0.000001,-0.000080,-0.000146,0.545479,0.545479,0.545479
81780.000000,33.578242,-117.064383,438.567838,33.578259,-117.064229,455.586817,0.000001,-0.000079,-0.000147,0.545341,0.545341,0.545341
81795.000000,33.578237,-117.064384,439.108984,33.578259,-117.064229,455.568521,0.000001,-0.000079,-0.000147,0.545207,0.545207,0.545207
81810.000000,33.578235,-117.064387,439.037698,33.578259,-117.064229,455.550235,0.000001,-0.000079,-0.000147,0.545074,0.545074,0.545074
81825.000000,33.578236,-117.064387,438.223748,33.578259,-117.064229,455.530796,0.000000,-0.000078,-0.000147,0.544937,0.544937,0.544937
81840.000000,33.578236,-117.064386,437.563068,33.578259,-117.064229,455.510360,0.000000,-0.000078,-0.000148,0.544795,0.544795,0.544795
81855.000000,33.578236,-117.064387,437.523112,33.578259,-117.064229,455.489805,0.000000,-0.000077,-0.000148,0.544652,0.544652,0.544652
81870.000000,33.578229,-117.064390,437.855713,33.578259,-117.064230,455.469900,-0.000000,-0.000077,-0.000148,0.544513,0.544513,0.544513
81885.000000,33.578231,-117.064389,437.599293,33.578259,-117.064230,455.449616,-0.000000,-0.000077,-0.000148,0.544373,0.544373,0.544373
81900.000000,33.578231,-117.064387,436.931755,33.578259,-117.064230,455.428434,-0.000000,-0.000076,-0.000149,0.544229,0.544229,0.544229
81915.000000,33.578230,-117.064389,436.562713,33.578259,-117.064230,455.406697,-0.000001,-0.000076,-0.000149,0.544084,0.544084,0.544084
81930.000000,33.578227,-117.064394,436.904161,33.578259,-117.064230,455.385400,-0.000001,-0.000075,-0.000149,0.543939,0.543939,0.543939
81945.000000,33.578226,-117.064394,436.154658,33.578259,-117.064231,455.363135,-0.000001,-0.000075,-0.000150,0.543792,0.543792,0.543792
81960.000000,33.578227,-117.064392,436.001486,33.578259,-117.064231,455.340519,-0.000001,-0.000074,-0.000150,0.543643,0.543643,0.543643
81975.000000,33.578228,-117.064394,435.248032,33.578259,-117.064231,455.316999,-0.000001,-0.000074,-0.000150,0.543492,0.543492,0.543492
81990.000000,33.578224,-117.064396,435.674727,33.578258,-117.064231,455.294221,-0.000001,-0.000073,-0.000151,0.543345,0.543345,0.543345
82005.000000,33.578223,-117.064396,435.322489,33.578258,-117.064231,455.270985,-0.000001,-0.000073,-0.000151,0.543197,0.543197,0.543197
82020.000000,33.578222,-117.064396,434.819245,33.578258,-117.064231,455.246915,-0.000002,-0.000073,-0.000151,0.543045,0.543045,0.543045
82035.000000,33.578223,-117.064394,434.289251,33.578258,-117.064232,455.222015,-0.000002,-0.000072,-0.000152,0.542890,0.542890,0.542890
82050.000000,33.578222,-117.064397,434.621849,33.578258,-117.064232,455.197392,-0.000002,-0.000072,-0.000152,0.542734,0.542734,0.542734
82065.000000,33.578219,-117.064400,434.879790,33.578258,-117.064232,455.173393,-0.000002,-0.000071,-0.000152,0.542581,0.542581,0.542581
82080.000000,33.578219,-117.064401,434.111516,33.578258,-117.064232,455.148208,-0.000002,-0.000071,-0.000153,0.542425,0.542425,0.542425
82095.000000,33.578215,-117.064402,434.188588,33.578258,-117.064232,455.123269,-0.000002,-0.000070,-0.000153,0.542270,0.542270,0.542270
82110.000000,33.578216,-117.064402,433.431176,33.578258,-117.064233,455.097223,-0.000003,-0.000070,-0.000153,0.542112,0.542112,0.542112
82125.000000,33.578215,-117.064401,433.545100,33.578258,-117.064233,455.071166,-0.000003,-0.000069,-0.000154,0.541952,0.541952,0.541952
82140.000000,33.578213,-117.064403,433.014843,33.578258,-117.064233,455.044529,-0.000003,-0.000069,-0.000154,0.541792,0.541792,0.541792
82155.000000,33.578210,-117.064402,433.292481,33.578258,-117.064233,455.018266,-0.000003,-0.000068,-0.000155,0.541633,0.541633,0.541633
82170.000000,33.578213,-117.064402,432.295869,33.578258,-117.064233,454.990327,-0.000003,-0.000068,-0.000155,0.541467,0.541467,0.541467
82185.000000,33.578212,-117.064405,432.786043,33.578258,-117.064234,454.963227,-0.000003,-0.000067,-0.000155,0.541304,0.541304,0.541304
82200.000000,33.578209,-117.064410,432.677786,33.578257,-117.064234,454.936024,-0.000004,-0.000067,-0.000156,0.541142,0.541142,0.541142
82215.000000,33.578208,-117.064409,432.311852,33.578257,-117.064234,454.908352,-0.000004,-0.000066,-0.000156,0.540978,0.540978,0.540978
82230.000000,33.578211,-117.064408,431.318948,33.578257,-117.064234,454.878867,-0.000004,-0.000066,-0.000157,0.540807,0.540807,0.540807
82245.000000,33.578211,-117.064408,431.178167,33.578257,-117.064234,454.849125,-0.000004,-0.000065,-0.000157,0.540635,0.540635,0.540635
82260.000000,33.578207,-117.064411,431.614346,33.578257,-117.064235,454.820335,-0.000004,-0.000065,-0.000157,0.540468,0.540468,0.540468
82275.000000,33.578447,-117.064375,472.842565,33.578257,-117.064235,454.826673,-0.000004,-0.000065,-0.000157,0.540525,0.540525,0.540525
82290.000000,33.578450,-117.064376,472.265533,33.578257,-117.064235,454.832647,-0.000004,-0.000065,-0.000157,0.540585,0.540585,0.540585
82305.000000,33.578355,-117.064271,494.279590,33.578257,-117.064235,454.845420,-0.000005,-0.000065,-0.000157,0.540655,0.540655,0.540655
82320.000000,33.578355,-117.064271,494.651134,33.578257,-117.064235,454.858079,-0.000005,-0.000065,-0.000157,0.540726,0.540726,0.540726
82335.000000,33.578353,-117.064267,493.593997,33.578257,-117.064235,454.870381,-0.000005,-0.000065,-0.000156,0.540798,0.540798,0.540798
82350.000000,33.578355,-117.064271,493.802667,33.578257,-117.064235,454.882597,-0.000005,-0.000065,-0.000156,0.540870,0.540870,0.540870
82365.000000,33.578354,-117.064275,493.823057,33.578257,-117.064235,454.894748,-0.000005,-0.000065,-0.000156,0.540943,0.540943,0.540943
82380.000000,33.578351,-117.064278,493.682353,33.578257,-117.064235,454.906884,-0.000005,-0.000065,-0.000156,0.541016,0.541016,0.541016
82395.000000,33.578354,-117.064272,492.905559,33.578257,-117.064235,454.918657,-0.000005,-0.000066,-0.000156,0.541089,0.541089,0.541089
82410.000000,33.578351,-117.064271,492.812554,33.578257,-117.064235,454.930353,-0.000005,-0.000066,-0.000155,0.541163,0.541163,0.541163
82425.000000,33.578350,-117.064277,493.126573,33.578257,-117.064235,454.942013,-0.000005,-0.000066,-0.000155,0.541237,0.541237,0.541237
82440.000000,33.578345,-117.064278,492.658436,33.578257,-117.064235,454.953668,-0.000005,-0.000066,-0.000155,0.541311,0.541311,0.541311
82455.000000,33.578347,-117.064276,492.511795,33.578257,-117.064235,454.965001,-0.000006,-0.000066,-0.000155,0.541387,0.541387,0.541387
82470.000000,33.578349,-117.064276,492.168249,33.578257,-117.064235,454.976082,-0.000006,-0.000066,-0.000155,0.541463,0.541463,0.541463
82485.000000,33.578347,-117.064276,492.336900,33.578257,-117.064235,454.987160,-0.000006,-0.000066,-0.000154,0.541541,0.541541,0.541541
82500.000000,33.578347,-117.064276,491.916191,33.578257,-117.064235,454.997981,-0.000006,-0.000066,-0.000154,0.541619,0.541619,0.541619
82515.000000,33.578345,-117.064276,491.899024,33.578257,-117.064235,455.008742,-0.000006,-0.000067,-0.000154,0.541697,0.541697,0.541697
82530.000000,33.578345,-117.064278,491.874402,33.578257,-117.064235,455.019435,-0.000006,-0.000067,-0.000154,0.541776,0.541776,0.541776
82545.000000,33.578341,-117.064280,491.429313,33.578257,-117.064235,455.029927,-0.000006,-0.000067,-0.000154,0.541855,0.541855,0.541855
82560.000000,33.578343,-117.064279,490.830128,33.578257,-117.064235,455.040162,-0.000006,-0.000067,-0.000154,0.541935,0.541935,0.541935
82575.000000,33.578340,-117.064281,490.892431,33.578257,-117.064235,455.050408,-0.000006,-0.000067,-0.000153,0.542015,0.542015,0.542015
82590.000000,33.578341,-117.064282,490.511299,33.578257,-117.064235,455.060445,-0.000006,-0.000067,-0.000153,0.542095,0.542095,0.542095
82605.000000,33.578339,-117.064281,490.682675,33.578257,-117.064235,455.070414,-0.000006,-0.000067,-0.000153,0.542177,0.542177,0.542177
82620.000000,33.578338,-117.064282,490.349464,33.578257,-117.064235,455.080261,-0.000007,-0.000067,-0.000153,0.542259,0.542259,0.542259
82635.000000,33.578336,-117.064281,490.357298,33.578257,-117.064235,455.090042,-0.000007,-0.000068,-0.000153,0.542341,0.542341,0.542341
82650.000000,33.578338,-117.064281,489.971095,33.578257,-117.064235,455.099634,-0.000007,-0.000068,-0.000153,0.542424,0.542424,0.542424
82665.000000,33.578336,-117.064282,489.278836,33.578257,-117.064235,455.109145,-0.000007,-0.000068,-0.000153,0.542506,0.542506,0.542506
82680.000000,33.578339,-117.064282,488.696791,33.578257,-117.064235,455.118401,-0.000007,-0.000068,-0.000152,0.542588,0.542588,0.542588
82695.000000,33.578333,-117.064283,488.780238,33.578257,-117.064235,455.127675,-0.000007,-0.000068,-0.000152,0.542671,0.542671,0.542671
82710.000000,33.578334,-117.064284,488.333779,33.578257,-117.064235,455.136670,-0.000007,-0.000068,-0.000152,0.542754,0.542754,0.542754
82725.000000,33.578333,-117.064288,488.333514,33.578257,-117.064235,455.145600,-0.000007,-0.000068,-0.000152,0.542839,0.542839,0.542839
82740.000000,33.578337,-117.064283,487.498941,33.578257,-117.064235,455.154305,-0.000007,-0.000068,-0.000152,0.542923,0.542923,0.542923
82755.000000,33.578335,-117.064286,487.917938,33.578257,-117.064235,455.162983,-0.000007,-0.000068,-0.000152,0.543008,0.543008,0.543008
82770.000000,33.578329,-117.064287,487.926790,33.578257,-117.064235,455.171628,-0.000007,-0.000068,-0.000152,0.543094,0.543094,0.543094
82785.000000,33.578329,-117.064285,487.275788,33.578257,-117.064235,455.180069,-0.000007,-0.000069,-0.000151,0.543180,0.543180,0.543180
82800.000000,33.578329,-117.064289,487.472481,33.578257,-117.064235,455.188510,-0.000008,-0.000069,-0.000151,0.543266,0.543266,0.543266
82815.000000,33.578327,-117.064288,486.691457,33.578257,-117.064235,455.196724,-0.000008,-0.000069,-0.000151,0.543353,0.543353,0.543353
82830.000000,33.578329,-117.064293,486.845484,33.578257,-117.064235,455.204943,-0.000008,-0.000069,-0.000151,0.543440,0.543440,0.543440
82845.000000,33.578328,-117.064290,486.120556,33.578257,-117.064235,455.212994,-0.000008,-0.000069,-0.000151,0.543526,0.543526,0.543526
82860.000000,33.578323,-117.064294,486.335783,33.578257,-117.064235,455.221090,-0.000008,-0.000069,-0.000151,0.543613,0.543613,0.543613
82875.000000,33.578326,-117.064295,485.700283,33.578257,-117.064235,455.228975,-0.000008,-0.000069,-0.000151,0.543700,0.543700,0.543700
82890.000000,33.578326,-117.064294,485.506208,33.578257,-117.064235,455.236720,-0.000008,-0.000069,-0.000150,0.543787,0.543787,0.543787
82905.000000,33.578325,-117.064295,485.246183,33.578257,-117.064235,455.244351,-0.000008,-0.000069,-0.000150,0.543875,0.543875,0.543875
82920.000000,33.578328,-117.064291,484.241339,33.578257,-117.064235,455.251645,-0.000008,-0.000069,-0.000150,0.543964,0.543964,0.543964
82935.000000,33.578322,-117.064296,484.378654,33.578257,-117.064235,455.259032,-0.000008,-0.000069,-0.000150,0.544052,0.544052,0.544052
82950.000000,33.578324,-117.064296,483.817775,33.578257,-117.064235,455.266210,-0.000008,-0.000070,-0.000150,0.544141,0.544141,0.544141
82965.000000,33.578317,-117.064300,483.675918,33.578257,-117.064235,455.273396,-0.000008,-0.000070,-0.000150,0.544229,0.544229,0.544229
82980.000000,33.578323,-117.064296,482.976645,33.578257,-117.064235,455.280209,-0.000008,-0.000070,-0.000150,0.544319,0.544319,0.544319
82995.000000,33.578322,-117.064295,482.499061,33.578257,-117.064235,455.286943,-0.000009,-0.000070,-0.000150,0.544409,0.544409,0.544409
83010.000000,33.578319,-117.064299,483.054797,33.578257,-117.064235,455.293730,-0.000009,-0.000070,-0.000150,0.544500,0.544500,0.544500
83025.000000,33.578317,-117.064298,482.602825,33.578257,-117.064235,455.300388,-0.000009,-0.000070,-0.000149,0.544590,0.544590,0.544590
83040.000000,33.578317,-117.064300,482.367224,33.578257,-117.064235,455.307014,-0.000009,-0.000070,-0.000149,0.544681,0.544681,0.544681
83055.000000,33.578316,-117.064300,481.864410,33.578257,-117.064235,455.313403,-0.000009,-0.000070,-0.000149,0.544772,0.544772,0.544772
83070.000000,33.578315,-117.064298,481.268399,33.578257,-117.064235,455.319628,-0.000009,-0.000070,-0.000149,0.544864,0.544864,0.544864
83085.000000,33.578313,-117.064301,481.175556,33.578257,-117.064235,455.325783,-0.000009,-0.000070,-0.000149,0.544956,0.544956,0.544956
83100.000000,33.578310,-117.064304,481.437557,33.578257,-117.064235,455.331986,-0.000009,-0.000070,-0.000149,0.545048,0.545048,0.545048
83115.000000,33.578312,-117.064302,480.895127,33.578257,-117.064235,455.338035,-0.000009,-0.000070,-0.000149,0.545140,0.545140,0.545140
83130.000000,33.578312,-117.064299,480.485552,33.578257,-117.064235,455.343928,-0.000009,-0.000070,-0.000149,0.545233,0.545233,0.545233
83145.000000,33.578313,-117.064301,480.064978,33.578257,-117.064235,455.349702,-0.000009,-0.000070,-0.000149,0.545327,0.545327,0.545327
83160.000000,33.578311,-117.064306,480.349442,33.578257,-117.064235,455.355537,-0.000009,-0.000070,-0.000149,0.545420,0.545420,0.545420
83175.000000,33.578310,-117.064308,479.905303,33.578257,-117.064235,455.361237,-0.000009,-0.000071,-0.000149,0.545513,0.545513,0.545513
83190.000000,33.578311,-117.064305,479.165030,33.578257,-117.064235,455.366710,-0.000009,-0.000071,-0.000148,0.545607,0.545607,0.545607
83205.000000,33.578310,-117.064306,478.680291,33.578257,-117.064235,455.372081,-0.000009,-0.000071,-0.000148,0.545701,0.545701,0.545701
83220.000000,33.578310,-117.064307,478.676613,33.578257,-117.064235,455.377419,-0.000010,-0.000071,-0.000148,0.545795,0.545795,0.545795
83235.000000,33.578308,-117.064310,478.680491,33.578257,-117.064235,455.382771,-0.000010,-0.000071,-0.000148,0.545889,0.545889,0.545889
83250.000000,33.578307,-117.064311,477.876817,33.578257,-117.064235,455.387941,-0.000010,-0.000071,-0.000148,0.545983,0.545983,0.545983
83265.000000,33.578308,-117.064311,477.606486,33.578257,-117.064235,455.393000,-0.000010,-0.000071,-0.000148,0.546078,0.546078,0.546078
83280.000000,33.578309,-117.064310,477.095768,33.578257,-117.064235,455.397885,-0.000010,-0.000071,-0.000148,0.546173,0.546173,0.546173
83295.000000,33.578307,-117.064309,476.710181,33.578257,-117.064235,455.402659,-0.000010,-0.000071,-0.000148,0.546268,0.546268,0.546268
83310.000000,33.578306,-117.064311,476.170455,33.578257,-117.064235,455.407298,-0.000010,-0.000071,-0.000148,0.546363,0.546363,0.546363
83325.000000,33.578302,-117.064314,476.349134,33.578257,-117.064235,455.411985,-0.000010,-0.000071,-0.000148,0.546458,0.546458,0.546458
83340.000000,33.578303,-117.064312,475.507486,33.578257,-117.064235,455.416430,-0.000010,-0.000071,-0.000148,0.546554,0.546554,0.546554
83355.000000,33.578302,-117.064314,475.125448,33.578257,-117.064235,455.420795,-0.000010,-0.000071,-0.000148,0.546649,0.546649,0.546649
83370.000000,33.578305,-117.064313,474.167407,33.578257,-117.064236,455.424930,-0.000010,-0.000071,-0.000147,0.546745,0.546745,0.546745
83385.000000,33.578300,-117.064317,474.899239,33.578257,-117.064236,455.429229,-0.000010,-0.000071,-0.000147,0.546841,0.546841,0.546841
83400.000000,33.578300,-117.064318,474.213744,33.578257,-117.064236,455.433371,-0.000010,-0.000071,-0.000147,0.546936,0.546936,0.546936
83415.000000,33.578299,-117.064317,473.848140,33.578257,-117.064236,455.437395,-0.000010,-0.000071,-0.000147,0.547032,0.547032,0.547032
83430.000000,33.578301,-117.064317,473.108572,33.578257,-117.064236,455.441202,-0.000010,-0.000071,-0.000147,0.547129,0.547129,0.547129
83445.000000,33.578299,-117.064320,473.131216,33.578257,-117.064236,455.444995,-0.000010,-0.000071,-0.000147,0.547226,0.547226,0.547226
83460.000000,33.578296,-117.064319,473.240673,33.578257,-117.064236,455.448805,-0.000011,-0.000071,-0.000147,0.547323,0.547323,0.547323
83475.000000,33.578298,-117.064319,472.059706,33.578257,-117.064236,455.452322,-0.000011,-0.000071,-0.000147,0.547421,0.547421,0.547421
83490.000000,33.578296,-117.064321,472.121742,33.578257,-117.064236,455.455849,-0.000011,-0.000071,-0.000147,0.547518,0.547518,0.547518
83505.000000,33.578296,-117.064322,471.488890,33.578257,-117.064236,455.459234,-0.000011,-0.000071,-0.000147,0.547615,0.547615,0.547615
83520.000000,33.578294,-117.064324,471.362848,33.578257,-117.064236,455.462581,-0.000011,-0.000072,-0.000147,0.547713,0.547713,0.547713
83535.000000,33.578297,-117.064322,470.391904,33.578257,-117.064236,455.465669,-0.000011,-0.000072,-0.000147,0.547811,0.547811,0.547811
83550.000000,33.578294,-117.064324,470.438812,33.578257,-117.064236,455.468766,-0.000011,-0.000072,-0.000147,0.547909,0.547909,0.547909
83565.000000,33.578294,-117.064325,470.059190,33.578257,-117.064236,455.471763,-0.000011,-0.000072,-0.000147,0.548007,0.548007,0.548007
83580.000000,33.578293,-117.064325,469.428350,33.578257,-117.064236,455.474598,-0.000011,-0.000072,-0.000147,0.548106,0.548106,0.548106
83595.000000,33.578292,-117.064329,469.401646,33.578257,-117.064236,455.477422,-0.000011,-0.000072,-0.000147,0.548205,0.548205,0.548205
83610.000000,33.578291,-117.064329,468.912602,33.578257,-117.064236,455.480143,-0.000011,-0.000072,-0.000147,0.548304,0.548304,0.548304
83625.000000,33.578292,-117.064328,468.312137,33.578257,-117.064236,455.482722,-0.000011,-0.000072,-0.000146,0.548402,0.548402,0.548402
83640.000000,33.578193,-117.064415,486.352306,33.578257,-117.064236,455.488809,-0.000011,-0.000072,-0.000146,0.548506,0.548506,0.548506
83655.000000,33.578190,-117.064415,485.971688,33.578257,-117.064236,455.494796,-0.000011,-0.000072,-0.000146,0.548611,0.548611,0.548611
83670.000000,33.578192,-117.064417,485.686331,33.578257,-117.064236,455.500739,-0.000011,-0.000072,-0.000146,0.548715,0.548715,0.548715
83685.000000,33.578194,-117.064417,484.721691,33.578257,-117.064236,455.506458,-0.000012,-0.000072,-0.000146,0.548820,0.548820,0.548820
83700.000000,33.578193,-117.064420,484.711972,33.578257,-117.064236,455.512189,-0.000012,-0.000072,-0.000146,0.548924,0.548924,0.548924
83715.000000,33.578190,-117.064419,484.410536,33.578257,-117.064236,455.517752,-0.000012,-0.000072,-0.000146,0.549029,0.549029,0.549029
83730.000000,33.578188,-117.064419,484.321080,33.578257,-117.064236,455.523330,-0.000012,-0.000072,-0.000146,0.549134,0.549134,0.549134
83745.000000,33.578189,-117.064419,483.725544,33.578257,-117.064236,455.528802,-0.000012,-0.000072,-0.000146,0.549239,0.549239,0.549239
83760.000000,33.578189,-117.064421,483.295835,33.578257,-117.064236,455.534194,-0.000012,-0.000072,-0.000146,0.549344,0.549344,0.549344
83775.000000,33.578187,-117.064421,482.948328,33.578257,-117.064236,455.539515,-0.000012,-0.000072,-0.000146,0.549449,0.549449,0.549449
83790.000000,33.578186,-117.064421,482.654477,33.578257,-117.064236,455.544723,-0.000012,-0.000072,-0.000146,0.549554,0.549554,0.549554
83805.000000,33.578186,-117.064422,481.951444,33.578256,-117.064236,455.549801,-0.000012,-0.000073,-0.000146,0.549659,0.549659,0.549659
83820.000000,33.578186,-117.064423,481.624169,33.578256,-117.064236,455.554780,-0.000013,-0.000073,-0.000146,0.549765,0.549765,0.549765
83835.000000,33.578183,-117.064423,481.770455,33.578256,-117.064236,455.559765,-0.000013,-0.000073,-0.000146,0.549870,0.549870,0.549870
83850.000000,33.578184,-117.064424,480.966258,33.578256,-117.064236,455.564591,-0.000013,-0.000073,-0.000146,0.549976,0.549976,0.549976
83865.000000,33.578185,-117.064425,480.572626,33.578256,-117.064236,455.569345,-0.000013,-0.000073,-0.000146,0.550082,0.550082,0.550082
83880.000000,33.578184,-117.064424,480.184695,33.578256,-117.064236,455.574022,-0.000013,-0.000073,-0.000146,0.550187,0.550187,0.550187
83895.000000,33.578183,-117.064425,480.121542,33.578256,-117.064236,455.578659,-0.000013,-0.000073,-0.000146,0.550293,0.550293,0.550293
83910.000000,33.578183,-117.064424,479.075427,33.578256,-117.064236,455.583082,-0.000013,-0.000073,-0.000146,0.550399,0.550399,0.550399
83925.000000,33.578182,-117.064426,478.967018,33.578256,-117.064236,455.587468,-0.000013,-0.000073,-0.000146,0.550505,0.550505,0.550505
83940.000000,33.578183,-117.064427,478.520525,33.578256,-117.064237,455.591797,-0.000013,-0.000073,-0.000146,0.550611,0.550611,0.550611
83955.000000,33.578182,-117.064427,478.134437,33.578256,-117.064237,455.596001,-0.000014,-0.000073,-0.000146,0.550717,0.550717,0.550717
83970.000000,33.578204,-117.064652,531.745913,33.578256,-117.064237,455.614004,-0.000014,-0.000073,-0.000146,0.550813,0.550813,0.550813
83985.000000,33.578205,-117.064653,531.747982,33.578256,-117.064237,455.631913,-0.000014,-0.000073,-0.000145,0.550908,0.550908,0.550908
84000.000000,33.578203,-117.064651,531.447631,33.578256,-117.064237,455.649739,-0.000014,-0.000074,-0.000145,0.551004,0.551004,0.551004
84015.000000,33.578202,-117.064650,531.057063,33.578256,-117.064237,455.667359,-0.000015,-0.000074,-0.000145,0.551100,0.551100,0.551100
84030.000000,33.578201,-117.064651,530.781686,33.578256,-117.064237,455.684772,-0.000015,-0.000074,-0.000145,0.551197,0.551197,0.551197
84045.000000,33.578200,-117.064652,530.432712,33.578256,-117.064237,455.702060,-0.000015,-0.000074,-0.000145,0.551294,0.551294,0.551294
84060.000000,33.578199,-117.064650,529.669782,33.578256,-117.064237,455.719107,-0.000016,-0.000074,-0.000145,0.551391,0.551391,0.551391
84075.000000,33.578198,-117.064649,529.816536,33.578256,-117.064237,455.736072,-0.000016,-0.000075,-0.000144,0.551488,0.551488,0.551488
84090.000000,33.578197,-117.064649,529.389807,33.578256,-117.064237,455.752968,-0.000016,-0.000075,-0.000144,0.551585,0.551585,0.551585
84105.000000,33.578195,-117.064648,529.487553,33.578256,-117.064237,455.769689,-0.000016,-0.000075,-0.000144,0.551684,0.551684,0.551684
84120.000000,33.578196,-117.064647,528.660430,33.578256,-117.064238,455.786148,-0.000017,-0.000075,-0.000144,0.551782,0.551782,0.551782
84135.000000,33.578194,-117.064647,528.163211,33.578256,-117.064238,455.802413,-0.000017,-0.000075,-0.000144,0.551881,0.551881,0.551881
84150.000000,33.578192,-117.064648,528.029313,33.578256,-117.064238,455.818586,-0.000017,-0.000075,-0.000144,0.551979,0.551979,0.551979
84165.000000,33.578192,-117.064646,527.528713,33.578256,-117.064238,455.834537,-0.000018,-0.000076,-0.000143,0.552079,0.552079,0.552079
84180.000000,33.578193,-117.064645,526.890342,33.578256,-117.064238,455.850375,-0.000018,-0.000076,-0.000143,0.552178,0.552178,0.552178
84195.000000,33.578192,-117.064645,526.633032,33.578256,-117.064238,455.866023,-0.000018,-0.000076,-0.000143,0.552278,0.552278,0.552278
84210.000000,33.578189,-117.064644,526.536999,33.578256,-117.064238,455.881653,-0.000018,-0.000076,-0.000143,0.552377,0.552377,0.552377
84225.000000,33.578190,-117.064644,526.508005,33.578255,-117.064238,455.897163,-0.000019,-0.000076,-0.000143,0.552477,0.552477,0.552477
84240.000000,33.578189,-117.064642,525.851414,33.578255,-117.064238,455.912499,-0.000019,-0.000077,-0.000143,0.552577,0.552577,0.552577
84255.000000,33.578187,-117.064642,525.671181,33.578255,-117.064238,455.927675,-0.000019,-0.000077,-0.000143,0.552678,0.552678,0.552678
84270.000000,33.578187,-117.064642,524.940022,33.578255,-117.064238,455.942709,-0.000020,-0.000077,-0.000142,0.552779,0.552779,0.552779
84285.000000,33.578187,-117.064642,524.203370,33.578255,-117.064239,455.957514,-0.000020,-0.000077,-0.000142,0.552880,0.552880,0.552880
84300.000000,33.578186,-117.064641,523.723003,33.578255,-117.064239,455.972181,-0.000020,-0.000077,-0.000142,0.552981,0.552981,0.552981
84315.000000,33.578186,-117.064639,523.046691,33.578255,-117.064239,455.986744,-0.000020,-0.000077,-0.000142,0.553081,0.553081,0.553081
84330.000000,33.578185,-117.064638,522.596461,33.578255,-117.064239,456.001130,-0.000021,-0.000077,-0.000142,0.553183,0.553183,0.553183
84345.000000,33.578184,-117.064638,522.159754,33.578255,-117.064239,456.015406,-0.000021,-0.000078,-0.000142,0.553284,0.553284,0.553284
84360.000000,33.578183,-117.064639,522.157868,33.578255,-117.064239,456.029545,-0.000021,-0.000078,-0.000142,0.553386,0.553386,0.553386
84375.000000,33.578182,-117.064638,521.556391,33.578255,-117.064239,456.043505,-0.000021,-0.000078,-0.000142,0.553488,0.553488,0.553488
84390.000000,33.578183,-117.064637,520.833702,33.578255,-117.064239,456.057201,-0.000022,-0.000078,-0.000141,0.553590,0.553590,0.553590
84405.000000,33.578181,-117.064636,520.431234,33.578255,-117.064239,456.070852,-0.000022,-0.000078,-0.000141,0.553692,0.553692,0.553692
84420.000000,33.578180,-117.064635,519.860120,33.578255,-117.064239,456.084256,-0.000022,-0.000078,-0.000141,0.553795,0.553795,0.553795
84435.000000,33.578179,-117.064634,519.342290,33.578255,-117.064239,456.097581,-0.000022,-0.000079,-0.000141,0.553898,0.553898,0.553898
84450.000000,33.578179,-117.064633,519.139058,33.578255,-117.064239,456.110719,-0.000023,-0.000079,-0.000141,0.554001,0.554001,0.554001
84465.000000,33.578179,-117.064631,518.496971,33.578255,-117.064240,456.123772,-0.000023,-0.000079,-0.000141,0.554104,0.554104,0.554104
84480.000000,33.578178,-117.064632,517.875081,33.578255,-117.064240,456.136642,-0.000023,-0.000079,-0.000141,0.554207,0.554207,0.554207
84495.000000,33.578177,-117.064631,517.720929,33.578255,-117.064240,456.149379,-0.000023,-0.000079,-0.000141,0.554311,0.554311,0.554311
84510.000000,33.578176,-117.064630,516.654516,33.578255,-117.064240,456.161856,-0.000023,-0.000079,-0.000141,0.554415,0.554415,0.554415
84525.000000,33.578176,-117.064630,516.239333,33.578255,-117.064240,456.174190,-0.000024,-0.000079,-0.000140,0.554519,0.554519,0.554519
84540.000000,33.578175,-117.064627,515.589143,33.578255,-117.064240,456.186288,-0.000024,-0.000079,-0.000140,0.554624,0.554624,0.554624
84555.000000,33.578174,-117.064627,515.186488,33.578255,-117.064240,456.198337,-0.000024,-0.000080,-0.000140,0.554728,0.554728,0.554728
84570.000000,33.578173,-117.064626,514.460909,33.578255,-117.064240,456.210249,-0.000024,-0.000080,-0.000140,0.554833,0.554833,0.554833
84585.000000,33.578174,-117.064625,513.819652,33.578255,-117.064240,456.221994,-0.000025,-0.000080,-0.000140,0.554938,0.554938,0.554938
84600.000000,33.578172,-117.064623,513.247289,33.578255,-117.064240,456.233539,-0.000025,-0.000080,-0.000140,0.555043,0.555043,0.555043
84615.000000,33.578173,-117.064623,512.396522,33.578255,-117.064240,456.244925,-0.000025,-0.000080,-0.000140,0.555147,0.555147,0.555147
84630.000000,33.578173,-117.064621,511.810498,33.578254,-117.064240,456.256111,-0.000025,-0.000080,-0.000140,0.555253,0.555253,0.555253
84645.000000,33.578174,-117.064621,510.456873,33.578254,-117.064240,456.267029,-0.000025,-0.000080,-0.000140,0.555358,0.555358,0.555358
84660.000000,33.578173,-117.064620,510.441496,33.578254,-117.064241,456.277870,-0.000026,-0.000080,-0.000140,0.555464,0.555464,0.555464
84675.000000,33.578173,-117.064619,509.894182,33.578254,-117.064241,456.288572,-0.000026,-0.000081,-0.000139,0.555570,0.555570,0.555570
84690.000000,33.578174,-117.064616,508.873587,33.578254,-117.064241,456.299083,-0.000026,-0.000081,-0.000139,0.555675,0.555675,0.555675
84705.000000,33.578172,-117.064615,508.514215,33.578254,-117.064241,456.309455,-0.000026,-0.000081,-0.000139,0.555781,0.555781,0.555781
84720.000000,33.578172,-117.064615,507.430479,33.578254,-117.064241,456.319654,-0.000027,-0.000081,-0.000139,0.555887,0.555887,0.555887
84735.000000,33.578172,-117.064614,506.406911,33.578254,-117.064241,456.329630,-0.000027,-0.000081,-0.000139,0.555993,0.555993,0.555993
84750.000000,33.578172,-117.064614,505.853664,33.578254,-117.064241,456.339502,-0.000027,-0.000081,-0.000139,0.556099,0.556099,0.556099
84765.000000,33.578170,-117.064614,505.241489,33.578254,-117.064241,456.349188,-0.000027,-0.000081,-0.000139,0.556205,0.556205,0.556205
84780.000000,33.578170,-117.064611,504.644795,33.578254,-117.064241,456.358801,-0.000027,-0.000081,-0.000139,0.556311,0.556311,0.556311
84795.000000,33.578171,-117.064611,503.730396,33.578254,-117.064241,456.368161,-0.000028,-0.000081,-0.000139,0.556418,0.556418,0.556418
84810.000000,33.578171,-117.064608,503.098381,33.578254,-117.064241,456.377334,-0.000028,-0.000081,-0.000139,0.556525,0.556525,0.556525
84825.000000,33.578170,-117.064607,502.240220,33.578254,-117.064241,456.386392,-0.000028,-0.000082,-0.000139,0.556631,0.556631,0.556631
84840.000000,33.578171,-117.064607,501.581689,33.578254,-117.064241,456.395265,-0.000028,-0.000082,-0.000139,0.556738,0.556738,0.556738
84855.000000,33.578169,-117.064606,501.136615,33.578254,-117.064241,456.404020,-0.000028,-0.000082,-0.000139,0.556845,0.556845,0.556845
84870.000000,33.578169,-117.064603,500.176667,33.578254,-117.064242,456.412609,-0.000028,-0.000082,-0.000139,0.556952,0.556952,0.556952
84885.000000,33.578170,-117.064601,499.505318,33.578254,-117.064242,456.421051,-0.000029,-0.000082,-0.000138,0.557059,0.557059,0.557059
84900.000000,33.578169,-117.064599,498.643331,33.578254,-117.064242,456.429338,-0.000029,-0.000082,-0.000138,0.557165,0.557165,0.557165
84915.000000,33.578169,-117.064597,497.788822,33.578254,-117.064242,456.437386,-0.000029,-0.000082,-0.000138,0.557273,0.557273,0.557273
84930.000000,33.578169,-117.064597,496.761159,33.578254,-117.064242,456.445200,-0.000029,-0.000082,-0.000138,0.557380,0.557380,0.557380
84945.000000,33.578170,-117.064594,495.876961,33.578254,-117.064242,456.452836,-0.000029,-0.000082,-0.000138,0.557488,0.557488,0.557488
84960.000000,33.578171,-117.064594,494.825359,33.578254,-117.064242,456.460248,-0.000030,-0.000082,-0.000138,0.557595,0.557595,0.557595
84975.000000,33.578169,-117.064592,494.001575,33.578254,-117.064242,456.467487,-0.000030,-0.000082,-0.000138,0.557703,0.557703,0.557703
84990.000000,33.578170,-117.064592,493.513480,33.578254,-117.064242,456.474643,-0.000030,-0.000082,-0.000138,0.557811,0.557811,0.557811
85005.000000,33.578171,-117.064589,492.268216,33.578254,-117.064242,456.481591,-0.000030,-0.000082,-0.000138,0.557918,0.557918,0.557918
85020.000000,33.578172,-117.064588,491.574465,33.578253,-117.064242,456.488431,-0.000030,-0.000082,-0.000138,0.558025,0.558025,0.558025
85035.000000,33.578171,-117.064587,490.622861,33.578253,-117.064242,456.495059,-0.000030,-0.000083,-0.000138,0.558133,0.558133,0.558133
85050.000000,33.578172,-117.064587,489.168680,33.578253,-117.064242,456.501375,-0.000031,-0.000083,-0.000138,0.558240,0.558240,0.558240
85065.000000,33.578171,-117.064584,488.269439,33.578253,-117.064242,456.507503,-0.000031,-0.000083,-0.000138,0.558348,0.558348,0.558348
85080.000000,33.578174,-117.064583,487.337516,33.578253,-117.064242,456.513426,-0.000031,-0.000083,-0.000138,0.558456,0.558456,0.558456
85095.000000,33.578174,-117.064581,486.427772,33.578253,-117.064243,456.519162,-0.000031,-0.000083,-0.000138,0.558564,0.558564,0.558564
85110.000000,33.578174,-117.064579,485.584404,33.578253,-117.064243,456.524751,-0.000031,-0.000083,-0.000138,0.558672,0.558672,0.558672
85125.000000,33.578175,-117.064578,484.670814,33.578253,-117.064243,456.530166,-0.000031,-0.000083,-0.000138,0.558780,0.558780,0.558780
85140.000000,33.578174,-117.064575,483.627435,33.578253,-117.064243,456.535375,-0.000032,-0.000083,-0.000138,0.558888,0.558888,0.558888
85155.000000,33.578176,-117.064574,482.001344,33.578253,-117.064243,456.540271,-0.000032,-0.000083,-0.000138,0.558996,0.558996,0.558996
85170.000000,33.578177,-117.064572,480.864674,33.578253,-117.064243,456.544950,-0.000032,-0.000083,-0.000138,0.559104,0.559104,0.559104
85185.000000,33.578177,-117.064573,480.183725,33.578253,-117.064243,456.549483,-0.000032,-0.000083,-0.000138,0.559212,0.559212,0.559212
85200.000000,33.578178,-117.064570,478.978449,33.578253,-117.064243,456.553774,-0.000032,-0.000083,-0.000138,0.559320,0.559320,0.559320
85215.000000,33.578179,-117.064570,478.044078,33.578253,-117.064243,456.557878,-0.000032,-0.000083,-0.000138,0.559428,0.559428,0.559428
85230.000000,33.578179,-117.064569,476.835887,33.578253,-117.064243,456.561750,-0.000032,-0.000083,-0.000138,0.559536,0.559536,0.559536
85245.000000,33.578179,-117.064567,476.249813,33.578253,-117.064243,456.565513,-0.000032,-0.000083,-0.000138,0.559645,0.559645,0.559645
85260.000000,33.578180,-117.064563,474.929922,33.578253,-117.064243,456.569020,-0.000033,-0.000083,-0.000138,0.559753,0.559753,0.559753
85275.000000,33.578181,-117.064561,474.088736,33.578253,-117.064243,456.572379,-0.000033,-0.000083,-0.000138,0.559861,0.559861,0.559861
85290.000000,33.578181,-117.064559,472.812503,33.578253,-117.064243,456.575492,-0.000033,-0.000083,-0.000138,0.559969,0.559969,0.559969
85305.000000,33.578181,-117.064560,471.860616,33.578253,-117.064243,456.578414,-0.000033,-0.000083,-0.000138,0.560077,0.560077,0.560077
85320.000000,33.578182,-117.064558,470.498379,33.578253,-117.064243,456.581064,-0.000033,-0.000083,-0.000138,0.560185,0.560185,0.560185
85335.000000,33.578183,-117.064557,469.639301,33.578253,-117.064244,456.583562,-0.000033,-0.000083,-0.000138,0.560293,0.560293,0.560293
85350.000000,33.578184,-117.064554,468.468499,33.578253,-117.064244,456.585828,-0.000033,-0.000083,-0.000138,0.560401,0.560401,0.560401
85365.000000,33.578183,-117.064551,467.571499,33.578253,-117.064244,456.587933,-0.000033,-0.000083,-0.000138,0.560509,0.560509,0.560509
85380.000000,33.578183,-117.064552,466.939751,33.578253,-117.064244,456.589913,-0.000034,-0.000083,-0.000138,0.560617,0.560617,0.560617
85395.000000,33.578185,-117.064550,465.120173,33.578253,-117.064244,456.591537,-0.000034,-0.000083,-0.000138,0.560725,0.560725,0.560725
85410.000000,33.578186,-117.064549,464.489583,33.578253,-117.064244,456.593036,-0.000034,-0.000083,-0.000138,0.560833,0.560833,0.560833
85425.000000,33.578187,-117.064546,463.154188,33.578252,-117.064244,456.594285,-0.000034,-0.000083,-0.000138,0.560941,0.560941,0.560941
85440.000000,33.578188,-117.064546,461.861913,33.578252,-117.064244,456.595287,-0.000034,-0.000083,-0.000138,0.561049,0.561049,0.561049
85455.000000,33.578189,-117.064544,461.008138,33.578252,-117.064244,456.596117,-0.000034,-0.000083,-0.000138,0.561157,0.561157,0.561157
85470.000000,33.578191,-117.064542,459.248771,33.578252,-117.064244,456.596604,-0.000034,-0.000083,-0.000138,0.561265,0.561265,0.561265
85485.000000,33.578192,-117.064541,458.314901,33.578252,-117.064244,456.596914,-0.000034,-0.000083,-0.000138,0.561373,0.561373,0.561373
85500.000000,33.578192,-117.064536,457.441583,33.578252,-117.064244,456.597056,-0.000034,-0.000083,-0.000138,0.561480,0.561480,0.561480
85515.000000,33.578195,-117.064536,456.294708,33.578252,-117.064244,456.596974,-0.000035,-0.000083,-0.000138,0.561588,0.561588,0.561588
85530.000000,33.578195,-117.064535,455.310078,33.578252,-117.064244,456.596698,-0.000035,-0.000083,-0.000138,0.561695,0.561695,0.561695
85545.000000,33.578196,-117.064533,454.060899,33.578252,-117.064244,456.596176,-0.000035,-0.000083,-0.000138,0.561802,0.561802,0.561802
85560.000000,33.578197,-117.064532,452.775094,33.578252,-117.064244,456.595405,-0.000035,-0.000083,-0.000138,0.561909,0.561909,0.561909
85575.000000,33.578200,-117.064531,451.163001,33.578252,-117.064244,456.594315,-0.000035,-0.000083,-0.000138,0.562016,0.562016,0.562016
85590.000000,33.578200,-117.064530,450.042716,33.578252,-117.064245,456.593009,-0.000035,-0.000083,-0.000138,0.562124,0.562124,0.562124
85605.000000,33.578202,-117.064529,448.583707,33.578252,-117.064245,456.591410,-0.000035,-0.000083,-0.000138,0.562231,0.562231,0.562231
85620.000000,33.578203,-117.064525,447.810336,33.578252,-117.064245,456.589656,-0.000035,-0.000083,-0.000138,0.562338,0.562338,0.562338
85635.000000,33.578204,-117.064523,446.914027,33.578252,-117.064245,456.587716,-0.000035,-0.000082,-0.000138,0.562444,0.562444,0.562444
85650.000000,33.578270,-117.064602,501.641679,33.578252,-117.064245,456.595253,-0.000035,-0.000083,-0.000138,0.562559,0.562559,0.562559
85665.000000,33.578272,-117.064600,501.001767,33.578252,-117.064245,456.602590,-0.000036,-0.000083,-0.000138,0.562675,0.562675,0.562675
85680.000000,33.578276,-117.064601,499.730827,33.578252,-117.064245,456.609683,-0.000036,-0.000083,-0.000138,0.562791,0.562791,0.562791
85695.000000,33.578277,-117.064598,497.453954,33.578252,-117.064245,456.616437,-0.000036,-0.000083,-0.000138,0.562907,0.562907,0.562907
85710.000000,33.578280,-117.064597,497.567325,33.578252,-117.064245,456.623143,-0.000036,-0.000083,-0.000137,0.563023,0.563023,0.563023
85725.000000,33.578282,-117.064595,496.093267,33.578252,-117.064245,456.629585,-0.000036,-0.000083,-0.000137,0.563139,0.563139,0.563139
85740.000000,33.578283,-117.064593,494.321986,33.578252,-117.064245,456.635745,-0.000036,-0.000083,-0.000137,0.563255,0.563255,0.563255
85755.000000,33.578285,-117.064589,493.617522,33.578252,-117.064245,456.641802,-0.000036,-0.000083,-0.000137,0.563372,0.563372,0.563372
85770.000000,33.578289,-117.064590,492.620551,33.578252,-117.064245,456.647655,-0.000036,-0.000083,-0.000137,0.563488,0.563488,0.563488
85785.000000,33.578290,-117.064589,491.254158,33.578252,-117.064245,456.653271,-0.000037,-0.000083,-0.000137,0.563605,0.563605,0.563605
85800.000000,33.578294,-117.064587,490.110897,33.578252,-117.064245,456.658697,-0.000037,-0.000083,-0.000137,0.563721,0.563721,0.563721
85815.000000,33.578296,-117.064586,489.059328,33.578252,-117.064245,456.663916,-0.000037,-0.000083,-0.000137,0.563838,0.563838,0.563838
85830.000000,33.578300,-117.064582,487.384873,33.578252,-117.064245,456.668860,-0.000037,-0.000083,-0.000137,0.563955,0.563955,0.563955
85845.000000,33.578301,-117.064579,486.133129,33.578252,-117.064245,456.673616,-0.000037,-0.000083,-0.000137,0.564072,0.564072,0.564072
85860.000000,33.578305,-117.064578,484.909126,33.578252,-117.064246,456.678178,-0.000037,-0.000083,-0.000137,0.564189,0.564189,0.564189
85875.000000,33.578305,-117.064576,483.586048,33.578252,-117.064246,456.682522,-0.000037,-0.000083,-0.000137,0.564306,0.564306,0.564306
85890.000000,33.578309,-117.064573,482.274057,33.578252,-117.064246,456.686639,-0.000037,-0.000083,-0.000137,0.564423,0.564423,0.564423
85905.000000,33.578311,-117.064574,481.192084,33.578252,-117.064246,456.690565,-0.000038,-0.000083,-0.000137,0.564540,0.564540,0.564540
85920.000000,33.578314,-117.064570,478.768389,33.578252,-117.064246,456.694138,-0.000038,-0.000083,-0.000137,0.564657,0.564657,0.564657
85935.000000,33.578315,-117.064570,478.254119,33.578252,-117.064246,456.697612,-0.000038,-0.000083,-0.000136,0.564774,0.564774,0.564774
85950.000000,33.578320,-117.064566,477.107224,33.578252,-117.064246,456.700876,-0.000038,-0.000083,-0.000136,0.564892,0.564892,0.564892
85965.000000,33.578321,-117.064562,474.094234,33.578252,-117.064246,456.703724,-0.000038,-0.000083,-0.000136,0.565008,0.565008,0.565008
85980.000000,33.578326,-117.064562,474.590316,33.578252,-117.064246,456.706588,-0.000038,-0.000083,-0.000136,0.565125,0.565125,0.565125
85995.000000,33.578328,-117.064561,472.648260,33.578252,-117.064246,456.709145,-0.000038,-0.000083,-0.000136,0.565243,0.565243,0.565243
86010.000000,33.578331,-117.064560,470.123686,33.578252,-117.064246,456.711303,-0.000038,-0.000083,-0.000136,0.565360,0.565360,0.565360
86025.000000,33.578336,-117.064556,469.009122,33.578252,-117.064246,456.713270,-0.000038,-0.000083,-0.000136,0.565477,0.565477,0.565477
86040.000000,33.578337,-117.064554,468.270685,33.578252,-117.064246,456.715118,-0.000038,-0.000083,-0.000136,0.565595,0.565595,0.565595
86055.000000,33.578341,-117.064552,465.919443,33.578252,-117.064246,456.716599,-0.000038,-0.000083,-0.000136,0.565712,0.565712,0.565712
86070.000000,33.578343,-117.064548,464.326550,33.578252,-117.064246,456.717833,-0.000039,-0.000083,-0.000136,0.565829,0.565829,0.565829
86085.000000,33.578347,-117.064548,462.530046,33.578252,-117.064246,456.718776,-0.000039,-0.000083,-0.000136,0.565947,0.565947,0.565947
86100.000000,33.578351,-117.064548,461.432372,33.578252,-117.064246,456.719537,-0.000039,-0.000083,-0.000136,0.566064,0.566064,0.566064
86115.000000,33.578353,-117.064543,459.820974,33.578252,-117.064246,456.720047,-0.000039,-0.000083,-0.000136,0.566182,0.566182,0.566182
86130.000000,33.578358,-117.064543,457.948193,33.578252,-117.064246,456.720256,-0.000039,-0.000083,-0.000136,0.566299,0.566299,0.566299
86145.000000,33.578359,-117.064539,457.180879,33.578252,-117.064246,456.720342,-0.000039,-0.000083,-0.000136,0.566416,0.566416,0.566416
86160.000000,33.578364,-117.064537,455.237991,33.578252,-117.064246,456.720116,-0.000039,-0.000083,-0.000136,0.566533,0.566533,0.566533
86175.000000,33.578367,-117.064536,452.828736,33.578252,-117.064247,456.719500,-0.000039,-0.000082,-0.000136,0.566650,0.566650,0.566650
86190.000000,33.578369,-117.064534,451.912379,33.578252,-117.064247,456.718737,-0.000039,-0.000082,-0.000136,0.566767,0.566767,0.566767
86205.000000,33.578373,-117.064533,450.185574,33.578252,-117.064247,456.717697,-0.000039,-0.000082,-0.000136,0.566884,0.566884,0.566884
86220.000000,33.578376,-117.064532,448.518976,33.578252,-117.064247,456.716388,-0.000039,-0.000082,-0.000136,0.567001,0.567001,0.567001
86235.000000,33.578380,-117.064528,446.920387,33.578252,-117.064247,456.714812,-0.000039,-0.000082,-0.000136,0.567117,0.567117,0.567117
86250.000000,33.578383,-117.064527,445.398020,33.578252,-117.064247,456.712993,-0.000039,-0.000082,-0.000136,0.567234,0.567234,0.567234
86265.000000,33.578388,-117.064523,443.200008,33.578252,-117.064247,456.710812,-0.000039,-0.000082,-0.000136,0.567351,0.567351,0.567351
86280.000000,33.578391,-117.064522,441.760367,33.578252,-117.064247,456.708391,-0.000039,-0.000082,-0.000136,0.567467,0.567467,0.567467
86295.000000,33.578395,-117.064521,440.469122,33.578252,-117.064247,456.705783,-0.000039,-0.000082,-0.000136,0.567584,0.567584,0.567584
86310.000000,33.578397,-117.064519,438.497248,33.578252,-117.064247,456.702833,-0.000039,-0.000082,-0.000136,0.567701,0.567701,0.567701
86325.000000,33.578403,-117.064517,436.438883,33.578252,-117.064247,456.699540,-0.000039,-0.000082,-0.000136,0.567817,0.567817,0.567817
86340.000000,33.578408,-117.064514,434.408451,33.578252,-117.064247,456.695916,-0.000039,-0.000081,-0.000136,0.567934,0.567934,0.567934
86355.000000,33.578408,-117.064511,433.633827,33.578252,-117.064247,456.692166,-0.000040,-0.000081,-0.000136,0.568050,0.568050,0.568050
86370.000000,33.578413,-117.064509,431.651299,33.578252,-117.064247,456.688073,-0.000040,-0.000081,-0.000136,0.568167,0.568167,0.568167
86385.000000,33.578416,-117.064509,430.111912,33.578252,-117.064247,456.683729,-0.000040,-0.000081,-0.000136,0.568283,0.568283,0.568283
