t_gps,lat_deg,lon_deg,height_m,sigma0_m,pdop,n_sats,converged,n_iono_free,n_single_freq,err_3d
0.000000,33.578359,-117.064523,459.988973,44.545840,2.351701,10,1,11,0,17.814031
15.000000,33.578351,-117.064514,459.963361,43.801067,2.354707,10,1,11,0,17.541792
30.000000,33.578362,-117.064516,456.829059,44.003693,2.357626,10,1,11,0,20.190636
45.000000,33.578360,-117.064517,456.721236,44.400776,2.360458,10,1,11,0,20.062807
60.000000,33.578367,-117.064513,453.800949,44.211190,2.363201,10,1,11,0,22.767850
75.000000,33.578372,-117.064517,449.975243,43.987421,2.365854,10,1,11,0,25.834625
90.000000,33.578369,-117.064510,451.494208,43.939744,2.368414,10,1,11,0,24.692805
105.000000,33.578378,-117.064507,447.488209,43.898299,2.370882,10,1,11,0,28.379145
120.000000,33.578378,-117.064508,445.243508,43.824445,2.373256,10,1,11,0,30.196326
135.000000,33.578383,-117.064510,445.641787,44.103340,2.375534,10,1,11,0,30.128237
150.000000,33.578383,-117.064505,445.507610,44.362857,2.377716,10,1,11,0,30.330646
165.000000,33.578395,-117.064506,441.165848,44.397197,2.379800,10,1,11,0,34.564402
180.000000,33.578395,-117.064501,439.343095,44.143927,2.381785,10,1,11,0,36.224197
195.000000,33.578401,-117.064504,438.080890,44.317940,2.383670,10,1,11,0,37.541232
210.000000,33.578405,-117.064498,437.090819,44.248850,2.385453,10,1,11,0,38.689962
225.000000,33.578404,-117.064494,436.735407,44.354593,2.387135,10,1,11,0,39.065806
240.000000,33.578409,-117.064492,435.073689,43.921083,2.388715,10,1,11,0,40.752055
255.000000,33.578415,-117.064494,430.364321,43.978421,2.390191,10,1,11,0,45.096326
270.000000,33.578420,-117.064499,428.497934,44.088547,2.391562,10,1,11,0,46.881437
285.000000,33.578420,-117.064489,428.020839,43.616344,2.392828,10,1,11,0,47.489546
300.000000,33.578420,-117.064488,427.836580,43.694187,2.393988,10,1,11,0,47.689155
315.000000,33.578428,-117.064487,424.933989,43.814750,2.395042,10,1,11,0,50.675456
330.000000,33.578430,-117.064484,422.158293,43.487394,2.395989,10,1,11,0,53.287750
345.000000,33.578437,-117.064484,420.406093,43.617082,2.396829,10,1,11,0,55.180911
360.000000,33.578436,-117.064482,419.543994,43.961662,2.397560,10,1,11,0,55.923382
375.000000,33.578440,-117.064476,417.659207,43.579213,2.398182,10,1,11,0,57.902570
390.000000,33.578445,-117.064472,416.145575,43.374644,2.398696,10,1,11,0,59.573166
405.000000,33.578449,-117.064467,415.679418,43.649105,2.399101,10,1,11,0,60.255306
420.000000,33.578452,-117.064471,411.996793,43.127486,2.399397,10,1,11,0,63.629247
435.000000,33.578454,-117.064464,410.251683,42.885793,2.399584,10,1,11,0,65.449056
450.000000,33.578464,-117.064466,408.925696,43.143784,2.399661,10,1,11,0,66.991573
465.000000,33.578460,-117.064458,408.665539,43.238606,2.399628,10,1,11,0,67.228407
480.000000,33.578463,-117.064464,407.546390,42.711255,2.399486,10,1,11,0,68.277024
495.000000,33.578469,-117.064462,405.443584,42.876362,2.399234,10,1,11,0,70.475680
510.000000,33.578468,-117.064456,405.178780,42.459759,2.398873,10,1,11,0,70.795682
525.000000,33.578477,-117.064460,401.350060,42.598547,2.398404,10,1,11,0,74.595551
540.000000,33.578480,-117.064454,400.907605,42.267314,2.397825,10,1,11,0,75.184337
555.000000,33.578484,-117.064451,398.812810,42.087727,2.397138,10,1,11,0,77.314057
570.000000,33.578489,-117.064447,396.253973,41.988019,2.396343,10,1,11,0,79.948165
585.000000,33.578495,-117.064451,394.585038,42.307088,2.395441,10,1,11,0,81.636579
600.000000,33.578496,-117.064451,392.569812,41.579470,2.394431,10,1,11,0,83.533862
615.000000,33.578499,-117.064453,391.665486,42.335515,2.393315,10,1,11,0,84.478930
630.000000,33.578497,-117.064452,391.431762,41.812215,2.392093,10,1,11,0,84.623895
645.000000,33.578504,-117.064452,389.599736,42.140584,2.390766,10,1,11,0,86.583912
660.000000,33.578510,-117.064450,387.203833,41.529965,2.389334,10,1,11,0,89.083579
675.000000,33.578518,-117.064449,385.246848,41.797091,2.387799,10,1,11,0,91.197698
690.000000,33.578517,-117.064456,384.821408,41.516835,2.386161,10,1,11,0,91.463994
705.000000,33.578522,-117.064450,382.182752,41.312163,2.384421,10,1,11,0,94.201174
720.000000,33.578527,-117.064454,379.771486,41.363087,2.382580,10,1,11,0,96.558943
735.000000,33.578526,-117.064449,379.403041,41.084633,2.380639,10,1,11,0,96.947830
750.000000,33.578522,-117.064443,380.119340,40.697076,2.378599,10,1,11,0,96.209287
765.000000,33.578528,-117.064441,378.547255,40.489632,2.376462,10,1,11,0,97.929215
780.000000,33.578534,-117.064444,376.265615,40.600689,2.374228,10,1,11,0,100.221986
795.000000,33.578539,-117.064444,373.832756,40.654897,2.371898,10,1,11,0,102.681136
810.000000,33.578540,-117.064439,372.670334,40.116246,2.369474,10,1,11,0,103.866080
825.000000,33.578549,-117.064441,371.146594,40.266455,2.366957,10,1,11,0,105.608299
840.000000,33.578546,-117.064436,371.491056,40.143814,2.364348,10,1,11,0,105.241586
855.000000,33.578549,-117.064434,368.862830,40.004869,2.361649,10,1,11,0,107.818795
870.000000,33.578549,-117.064436,367.424986,39.324616,2.358861,10,1,11,0,109.139049
885.000000,33.578553,-117.064432,366.937544,39.952105,2.355986,10,1,11,0,109.812354
900.000000,33.578557,-117.064425,366.849802,39.294034,2.353024,10,1,11,0,110.112485
915.000000,33.578555,-117.064429,365.932672,39.345798,2.349977,10,1,11,0,110.872854
930.000000,33.578559,-117.064425,364.049499,38.999076,2.346848,10,1,11,0,112.826743
945.000000,33.578556,-117.064433,363.683704,38.907212,2.343636,10,1,11,0,112.971879
960.000000,33.578564,-117.064428,362.257063,38.800404,2.340345,10,1,11,0,114.658214
975.000000,33.578564,-117.064423,362.135848,38.691512,2.336975,10,1,11,0,114.829870
990.000000,33.578568,-117.064421,360.858521,38.628479,2.333528,10,1,11,0,116.190048
1005.000000,33.578565,-117.064420,360.126632,38.524646,2.330006,10,1,11,0,116.790078
1020.000000,33.578569,-117.064423,359.162241,38.417997,2.326411,10,1,11,0,117.787407
1035.000000,33.578580,-117.064432,355.909198,38.448132,2.322743,10,1,11,0,121.120382
1050.000000,33.578582,-117.064428,354.584474,37.912777,2.319005,10,1,11,0,122.475284
1065.000000,33.578583,-117.064423,354.761047,37.695141,2.315199,10,1,11,0,122.412431
1080.000000,33.578587,-117.064425,353.091144,37.432892,2.311325,10,1,11,0,124.101277
1095.000000,33.578587,-117.064427,352.192298,37.270895,2.307386,10,1,11,0,124.921731
1110.000000,33.578593,-117.064425,350.936456,37.256579,2.303384,10,1,11,0,126.318119
1125.000000,33.578598,-117.064428,348.485151,37.038408,2.299320,10,1,11,0,128.767485
1140.000000,33.578603,-117.064430,347.412516,36.768686,2.295196,10,1,11,0,129.936160
1155.000000,33.578602,-117.064431,345.534451,36.754139,2.291013,10,1,11,0,131.658331
1170.000000,33.578602,-117.064419,347.127422,36.366781,2.286774,10,1,11,0,130.309667
1185.000000,33.578600,-117.064426,346.067679,36.733839,2.282479,10,1,11,0,131.159410
1200.000000,33.578600,-117.064419,346.732590,36.082347,2.278132,10,1,11,0,130.614459
1215.000000,33.578605,-117.064427,344.093045,35.973257,2.273733,10,1,11,0,133.185648
1230.000000,33.578609,-117.064423,343.081304,35.706833,2.269285,10,1,11,0,134.306836
1245.000000,33.578610,-117.064424,343.581407,35.522895,2.264788,10,1,11,0,133.847957
1260.000000,33.578289,-117.064336,425.344520,42.853055,1.857638,11,1,11,0,51.206885
1275.000000,33.578294,-117.064324,424.364246,42.341770,1.855688,11,1,11,0,52.630656
1290.000000,33.578293,-117.064331,423.143894,42.520810,1.853702,11,1,11,0,53.391392
1305.000000,33.578287,-117.064336,423.721249,42.847434,1.851681,11,1,11,0,52.619152
1320.000000,33.578297,-117.064318,422.101129,41.539678,1.849626,11,1,11,0,54.925407
1335.000000,33.578289,-117.064330,421.766476,42.477283,1.847537,11,1,11,0,54.592634
1350.000000,33.578296,-117.064329,420.938576,41.960794,1.845415,11,1,11,0,55.458604
1365.000000,33.578288,-117.064332,421.795025,42.493622,1.843260,11,1,11,0,54.507739
1380.000000,33.578297,-117.064323,419.940075,41.889558,1.841074,11,1,11,0,56.607535
1395.000000,33.578300,-117.064333,419.861139,42.240822,1.838856,11,1,11,0,56.290274
1410.000000,33.578299,-117.064324,418.489679,42.164110,1.836607,11,1,11,0,57.879991
1425.000000,33.578304,-117.064319,418.125857,41.326138,1.834328,11,1,11,0,58.468988
1440.000000,33.578295,-117.064320,418.858072,41.978478,1.832019,11,1,11,0,57.654308
1455.000000,33.578307,-117.064312,415.937496,41.114581,1.829681,11,1,11,0,60.756421
1470.000000,33.578299,-117.064313,416.219890,41.349652,1.827315,11,1,11,0,60.376131
1485.000000,33.578305,-117.064311,414.286048,41.138185,1.824922,11,1,11,0,62.227280
1500.000000,33.578306,-117.064316,412.298685,41.028268,1.822501,11,1,11,0,63.849566
1515.000000,33.578305,-117.064309,413.333691,40.619966,1.820053,11,1,11,0,63.160677
1530.000000,33.578310,-117.064297,411.284342,40.037146,1.817580,11,1,11,0,65.522660
1545.000000,33.578304,-117.064305,412.097555,40.213768,1.815082,11,1,11,0,64.440759
1560.000000,33.578312,-117.064300,410.545832,39.649050,1.812559,11,1,11,0,66.097482
1575.000000,33.578308,-117.064304,410.352089,40.064343,1.810011,11,1,11,0,66.110456
1590.000000,33.578307,-117.064309,408.047653,40.590263,1.807441,11,1,11,0,67.959905
1605.000000,33.578312,-117.064301,407.338583,40.086060,1.804848,11,1,11,0,68.974495
1620.000000,33.578308,-117.064305,407.694117,40.264980,1.802232,11,1,11,0,68.462345
1635.000000,33.578312,-117.064306,406.601357,39.943923,1.799596,11,1,11,0,69.470726
1650.000000,33.578307,-117.064300,406.300928,39.971358,1.796938,11,1,11,0,69.891182
1665.000000,33.578307,-117.064298,405.870747,39.831382,1.794260,11,1,11,0,70.355211
1680.000000,33.578317,-117.064292,405.218826,39.389715,1.791562,11,1,11,0,71.307164
1695.000000,33.578308,-117.064307,404.766317,40.431830,1.788846,11,1,11,0,71.047593
1710.000000,33.578317,-117.064295,402.492242,39.837057,1.786111,11,1,11,0,73.689867
1725.000000,33.578307,-117.064291,403.844343,40.060069,1.783358,11,1,11,0,72.459049
1740.000000,33.578305,-117.064299,404.621811,40.279104,1.780589,11,1,11,0,71.465011
1755.000000,33.578309,-117.064289,404.359052,39.712344,1.777802,11,1,11,0,72.095853
1770.000000,33.578306,-117.064301,402.554738,40.404171,1.775000,11,1,11,0,73.291964
1785.000000,33.578311,-117.064299,402.344487,39.963752,1.772183,11,1,11,0,73.626552
1800.000000,33.578305,-117.064300,402.038754,40.514740,1.769350,11,1,11,0,73.776094
1815.000000,33.578304,-117.064299,402.072135,39.873195,1.766504,11,1,11,0,73.791428
1830.000000,33.578308,-117.064296,401.270660,39.624733,1.763644,11,1,11,0,74.661316
1845.000000,33.578306,-117.064298,401.571444,39.687777,1.760771,11,1,11,0,74.308728
1860.000000,33.578312,-117.064301,400.322409,39.254997,1.757886,11,1,11,0,75.419818
1875.000000,33.578309,-117.064301,400.272210,39.193772,1.754989,11,1,11,0,75.428859
1890.000000,33.578314,-117.064297,400.322301,38.521159,1.752081,11,1,11,0,75.585823
1905.000000,33.578312,-117.064295,400.223690,38.738173,1.749162,11,1,11,0,75.712415
1920.000000,33.578312,-117.064289,400.301606,38.404201,1.746234,11,1,11,0,75.852804
1935.000000,33.578314,-117.064292,399.943291,38.231643,1.743295,11,1,11,0,76.098671
1950.000000,33.578310,-117.064286,398.848490,38.490804,1.740348,11,1,11,0,77.259999
1965.000000,33.578314,-117.064285,398.488195,37.765737,1.737392,11,1,11,0,77.671104
1980.000000,33.578312,-117.064288,398.197918,37.843085,1.734429,11,1,11,0,77.819042
1995.000000,33.578316,-117.064288,396.569697,37.450956,1.731458,11,1,11,0,79.375758
2010.000000,33.578320,-117.064285,396.180309,36.989550,1.728480,11,1,11,0,79.873840
2025.000000,33.578319,-117.064285,395.670638,37.045349,1.725496,11,1,11,0,80.337420
2040.000000,33.578310,-117.064281,395.412710,37.677724,1.722507,11,1,11,0,80.623707
2055.000000,33.578318,-117.064288,394.457340,37.214525,1.719512,11,1,11,0,81.341003
2070.000000,33.578318,-117.064291,393.392295,37.575965,1.716512,11,1,11,0,82.256863
2085.000000,33.578343,-117.064357,409.101153,39.744060,1.905118,10,1,11,0,65.892335
2100.000000,33.578337,-117.064355,410.552869,39.918206,1.901952,10,1,11,0,64.502383
2115.000000,33.578341,-117.064362,409.070943,39.931402,1.898767,10,1,11,0,65.735177
2130.000000,33.578339,-117.064346,409.405888,39.252581,1.895565,10,1,11,0,65.930470
2145.000000,33.578335,-117.064345,409.951371,39.194473,1.892347,10,1,11,0,65.384447
2160.000000,33.578337,-117.064357,405.897902,40.160603,1.889112,10,1,11,0,68.771157
2175.000000,33.578351,-117.064278,429.111524,38.991832,1.967648,9,1,11,0,52.042122
2190.000000,33.578347,-117.064274,427.876087,39.717116,1.965116,9,1,11,0,53.150501
2205.000000,33.578352,-117.064271,428.181714,38.793330,1.962566,9,1,11,0,53.198510
2220.000000,33.578350,-117.064267,427.430230,39.043860,1.959998,9,1,11,0,53.916328
2235.000000,33.578351,-117.064265,427.457318,38.749950,1.957414,9,1,11,0,54.048178
2250.000000,33.578350,-117.064266,427.526819,38.349145,1.954813,9,1,11,0,53.889446
2265.000000,33.578340,-117.064268,426.481660,38.905012,1.952196,9,1,11,0,54.399837
2280.000000,33.578348,-117.064261,427.369492,37.957813,1.949564,9,1,11,0,54.254748
2295.000000,33.578347,-117.064265,426.183593,38.056653,1.946917,9,1,11,0,54.927855
2310.000000,33.578337,-117.064267,423.050589,39.051519,1.944256,9,1,11,0,57.190339
2325.000000,33.578348,-117.064262,424.587729,37.723225,1.941581,9,1,11,0,56.409555
2340.000000,33.578348,-117.064256,425.307967,37.521698,1.938893,9,1,11,0,56.123885
2355.000000,33.578339,-117.064265,423.625660,38.794104,1.936192,9,1,11,0,56.837917
2370.000000,33.578340,-117.064265,424.786149,38.308542,1.933479,9,1,11,0,55.927525
2385.000000,33.578340,-117.064261,425.833413,38.124433,1.930754,9,1,11,0,55.299407
2400.000000,33.578337,-117.064267,422.744006,38.657030,1.928019,9,1,11,0,57.440859
2415.000000,33.578345,-117.064265,421.789457,38.144939,1.925273,9,1,11,0,58.472084
2430.000000,33.578338,-117.064257,420.895567,38.627626,1.922517,9,1,11,0,59.448988
2445.000000,33.578345,-117.064267,420.498780,37.928238,1.919751,9,1,11,0,59.478736
2460.000000,33.578350,-117.064264,421.932951,37.061419,1.916976,9,1,11,0,58.505275
2475.000000,33.578350,-117.064264,421.124571,36.960423,1.914193,9,1,11,0,59.177298
2490.000000,33.578345,-117.064267,418.314536,37.683543,1.911401,9,1,11,0,61.300399
2505.000000,33.578349,-117.064267,419.379773,36.692228,1.908602,9,1,11,0,60.473798
2520.000000,33.578351,-117.064263,419.146043,36.333708,1.905796,9,1,11,0,60.906871
2535.000000,33.578338,-117.064265,417.154776,37.901002,1.902984,9,1,11,0,62.208905
2550.000000,33.578336,-117.064271,417.224588,37.711304,1.900165,9,1,11,0,61.845386
2565.000000,33.578342,-117.064265,418.324869,37.018474,1.897340,9,1,11,0,61.312945
2580.000000,33.578340,-117.064267,416.381474,37.009627,1.894511,9,1,11,0,62.847078
2595.000000,33.578331,-117.064267,414.526935,38.060889,1.891676,9,1,11,0,64.242245
2610.000000,33.578335,-117.064265,414.508584,37.625106,1.888838,9,1,11,0,64.430042
2625.000000,33.578333,-117.064263,414.956912,37.361396,1.885995,9,1,11,0,64.116173
2640.000000,33.578331,-117.064264,414.612109,37.647891,1.883149,9,1,11,0,64.310247
2655.000000,33.578337,-117.064258,415.900839,36.602180,1.880300,9,1,11,0,63.583467
2670.000000,33.578336,-117.064261,416.219600,36.686928,1.877448,9,1,11,0,63.154650
2685.000000,33.578323,-117.064259,414.549741,37.661112,1.874595,9,1,11,0,64.444072
2700.000000,33.578327,-117.064259,413.847000,36.766867,1.871739,9,1,11,0,65.120030
2715.000000,33.578328,-117.064257,415.358945,36.569190,1.868882,9,1,11,0,63.956148
2730.000000,33.578323,-117.064260,412.638922,37.342861,1.866025,9,1,11,0,66.078876
2745.000000,33.578318,-117.064263,414.477764,37.255471,1.863167,9,1,11,0,64.296819
2760.000000,33.578332,-117.064261,414.743133,35.889412,1.860309,9,1,11,0,64.364942
2775.000000,33.578321,-117.064259,414.164930,36.895717,1.857451,9,1,11,0,64.796626
2790.000000,33.578311,-117.064264,410.637493,37.709562,1.854594,9,1,11,0,67.488394
2805.000000,33.578321,-117.064258,413.896905,36.231032,1.851737,9,1,11,0,65.071692
2820.000000,33.578327,-117.064256,415.205960,35.542474,1.848883,9,1,11,0,64.095198
2835.000000,33.578323,-117.064260,412.514635,36.164655,1.846030,9,1,11,0,66.188924
2850.000000,33.578328,-117.064263,413.306071,35.762364,1.843179,9,1,11,0,65.445040
2865.000000,33.578328,-117.064258,412.941628,35.423661,1.840331,9,1,11,0,65.988070
2880.000000,33.578333,-117.064259,413.628428,34.835333,1.837485,9,1,11,0,65.415442
2895.000000,33.578325,-117.064264,411.634982,35.390301,1.834643,9,1,11,0,66.802902
2910.000000,33.578326,-117.064259,413.520558,34.682196,1.831804,9,1,11,0,65.402186
2925.000000,33.578331,-117.064261,413.074551,34.133344,1.828969,9,1,11,0,65.774709
2940.000000,33.578315,-117.064265,408.073507,35.992882,1.826139,9,1,11,0,69.778374
2955.000000,33.578312,-117.064268,406.482499,36.185383,1.823313,9,1,11,0,71.023724
2970.000000,33.578329,-117.064266,409.413211,34.602419,1.820491,9,1,11,0,68.722536
2985.000000,33.578333,-117.064263,410.230462,33.981844,1.817675,9,1,11,0,68.184023
3000.000000,33.578325,-117.064264,410.997978,34.202242,1.814864,9,1,11,0,67.361329
3015.000000,33.578327,-117.064265,409.527625,34.333114,1.812059,9,1,11,0,68.638762
3030.000000,33.578327,-117.064265,411.675582,33.431760,1.809259,9,1,11,0,66.786699
3045.000000,33.578323,-117.064268,409.582527,34.310538,1.806466,9,1,11,0,68.408271
3060.000000,33.578315,-117.064276,407.347366,35.044326,1.803680,9,1,11,0,69.978147
3075.000000,33.578316,-117.064266,408.567924,34.831894,1.800901,9,1,11,0,69.297134
3090.000000,33.578330,-117.064264,411.577223,33.442407,1.798128,9,1,11,0,66.934982
3105.000000,33.578327,-117.064263,411.595960,33.532530,1.795363,9,1,11,0,66.912523
3120.000000,33.578317,-117.064269,408.590108,34.599017,1.792606,9,1,11,0,69.157544
3135.000000,33.578312,-117.064270,408.811423,35.028482,1.789856,9,1,11,0,68.891017
3150.000000,33.578316,-117.064263,410.336978,34.104399,1.787115,9,1,11,0,67.891261
3165.000000,33.578318,-117.064258,410.929973,33.646153,1.784382,9,1,11,0,67.592245
3180.000000,33.578316,-117.064262,409.822475,33.982630,1.781658,9,1,11,0,68.347397
3195.000000,33.578303,-117.064265,408.190387,34.613996,1.778942,9,1,11,0,69.540431
3210.000000,33.578311,-117.064265,409.141812,33.879083,1.776235,9,1,11,0,68.777015
3225.000000,33.578588,-117.064118,483.570212,15.285500,2.128402,8,1,11,0,60.318561
3240.000000,33.578587,-117.064117,484.172143,15.358127,2.129213,8,1,11,0,60.493230
3255.000000,33.578587,-117.064122,482.633272,15.451836,2.130028,8,1,10,0,59.769058
3270.000000,33.578588,-117.064120,482.566928,15.692680,2.130848,8,1,10,0,59.959504
3285.000000,33.578586,-117.064117,483.096415,15.845346,2.131672,8,1,10,0,60.190163
3300.000000,33.578587,-117.064123,482.468934,15.621274,2.132499,8,1,10,0,59.681808
3315.000000,33.578587,-117.064119,483.852837,15.768241,2.133330,8,1,10,0,60.257504
3330.000000,33.578580,-117.064125,483.546022,15.945591,2.134163,8,1,10,0,59.264087
3345.000000,33.578578,-117.064122,482.987195,16.192900,2.134999,8,1,10,0,59.187055
3360.000000,33.578578,-117.064126,483.209878,16.098043,2.135838,8,1,10,0,59.021486
3375.000000,33.578575,-117.064123,483.146029,16.239507,2.136678,8,1,10,0,59.007107
3390.000000,33.578576,-117.064122,482.461143,16.217818,2.137521,8,1,10,0,59.003992
3405.000000,33.578576,-117.064121,481.576077,16.448261,2.138364,8,1,10,0,58.867292
3420.000000,33.578574,-117.064120,482.026469,16.666869,2.139209,8,1,10,0,58.899154
3435.000000,33.578576,-117.064124,482.237863,16.388924,2.140054,8,1,10,0,58.816104
3450.000000,33.578575,-117.064128,481.789017,16.201814,2.140900,8,1,10,0,58.392721
3465.000000,33.578574,-117.064129,480.515917,16.219598,2.141746,8,1,10,0,58.018718
3480.000000,33.578570,-117.064124,480.948242,16.650921,2.142591,8,1,10,0,58.120251
3495.000000,33.578572,-117.064129,481.153864,16.427218,2.143436,8,1,10,0,57.941914
3510.000000,33.578567,-117.064125,481.085019,16.857092,2.144279,8,1,10,0,57.868307
3525.000000,33.578567,-117.064126,480.144561,16.919970,2.145121,8,1,10,0,57.610738
3540.000000,33.578567,-117.064128,481.364314,16.985495,2.145961,8,1,10,0,57.685035
3555.000000,33.578566,-117.064123,480.084430,17.229652,2.146800,8,1,10,0,57.744187
3570.000000,33.578561,-117.064122,479.512546,17.380058,2.147635,8,1,10,0,57.368076
3585.000000,33.578562,-117.064123,479.806059,17.534513,2.148468,8,1,10,0,57.472547
3600.000000,33.578564,-117.064122,479.868583,17.661399,2.149297,8,1,10,0,57.682709
3615.000000,33.578560,-117.064122,480.915578,17.919040,2.150123,8,1,10,0,57.579868
3630.000000,33.578558,-117.064122,480.663073,18.112030,2.150945,8,1,10,0,57.449517
3645.000000,33.578559,-117.064125,481.136960,17.869967,2.151762,8,1,10,0,57.399645
3660.000000,33.578556,-117.064126,480.712172,18.100051,2.152574,8,1,10,0,56.989877
3675.000000,33.578552,-117.064127,480.628822,18.279644,2.153382,8,1,10,0,56.640418
3690.000000,33.578557,-117.064131,480.113125,18.156865,2.154183,8,1,10,0,56.565147
3705.000000,33.578551,-117.064131,479.889026,18.086266,2.154979,8,1,10,0,56.140882
3720.000000,33.578552,-117.064129,480.559150,18.143738,2.155768,8,1,10,0,56.435525
3735.000000,33.578549,-117.064128,480.587775,18.761265,2.156551,8,1,10,0,56.306797
3750.000000,33.578543,-117.064126,481.431229,18.716515,2.157326,8,1,10,0,56.243742
3765.000000,33.578546,-117.064124,480.748385,18.594213,2.158094,8,1,10,0,56.435189
3780.000000,33.578544,-117.064122,479.889609,18.858230,2.158854,8,1,11,0,56.378452
3795.000000,33.578540,-117.064131,480.456397,18.814595,2.159606,8,1,11,0,55.528851
3810.000000,33.578543,-117.064128,479.328773,18.913912,2.160349,8,1,11,0,55.707689
3825.000000,33.578540,-117.064130,478.689887,19.004446,2.161083,8,1,11,0,55.305415
3840.000000,33.578536,-117.064134,478.294547,18.961957,2.161807,8,1,11,0,54.617299
3855.000000,33.578540,-117.064131,477.867470,18.829396,2.162522,8,1,11,0,55.060568
3870.000000,33.578542,-117.064131,479.272297,18.779565,2.163226,8,1,11,0,55.452149
3885.000000,33.578536,-117.064131,478.189328,18.906689,2.163920,8,1,11,0,54.873136
3900.000000,33.578528,-117.064132,478.216373,19.190405,2.164602,8,1,11,0,54.315414
3915.000000,33.578527,-117.064132,477.534395,19.209960,2.165273,8,1,11,0,54.113657
3930.000000,33.578534,-117.064130,477.121508,19.307729,2.165932,8,1,11,0,54.643112
3945.000000,33.578528,-117.064133,477.374512,19.351646,2.166579,8,1,11,0,54.038265
3960.000000,33.578526,-117.064133,478.341174,19.340517,2.167213,8,1,11,0,54.110895
3975.000000,33.578525,-117.064134,477.188055,19.603093,2.167835,8,1,11,0,53.769354
3990.000000,33.578519,-117.064133,476.382954,19.971919,2.168443,8,1,11,0,53.421557
4005.000000,33.578517,-117.064137,478.242165,19.973737,2.169037,8,1,11,0,53.189346
4020.000000,33.578519,-117.064134,478.313829,19.979011,2.169617,8,1,11,0,53.559009
4035.000000,33.578519,-117.064132,478.240080,20.080398,2.170183,8,1,11,0,53.689779
4050.000000,33.578512,-117.064136,478.164783,20.168570,2.170733,8,1,11,0,52.950707
4065.000000,33.578508,-117.064138,477.537380,20.293004,2.171269,8,1,11,0,52.431625
4080.000000,33.578509,-117.064135,477.202578,20.247689,2.171789,8,1,11,0,52.688264
4095.000000,33.578510,-117.064132,477.298123,20.453196,2.172293,8,1,11,0,52.979591
4110.000000,33.578508,-117.064135,477.969450,20.547161,2.172781,8,1,11,0,52.758025
4125.000000,33.578505,-117.064140,476.118280,20.647317,2.173253,8,1,11,0,51.879609
4140.000000,33.578508,-117.064140,475.185059,20.671180,2.173707,8,1,11,0,52.008765
4155.000000,33.578508,-117.064142,474.756267,20.552369,2.174144,8,1,11,0,51.883876
4170.000000,33.578503,-117.064138,473.968835,20.944986,2.174563,8,1,11,0,51.706706
4185.000000,33.578500,-117.064138,473.794000,20.905851,2.174965,8,1,11,0,51.594917
4200.000000,33.578493,-117.064142,472.167542,21.233975,2.175348,8,1,11,0,50.728312
4215.000000,33.578491,-117.064143,471.911736,21.204186,2.175713,8,1,11,0,50.547439
4230.000000,33.578489,-117.064144,474.026907,21.081175,2.176059,8,1,11,0,50.506968
4245.000000,33.578483,-117.064143,472.958014,21.441833,2.176386,8,1,11,0,50.115099
4260.000000,33.578485,-117.064147,474.727234,21.213448,2.176693,8,1,11,0,50.050043
4275.000000,33.578483,-117.064145,473.726822,21.256989,2.176980,8,1,11,0,50.051699
4290.000000,33.578483,-117.064141,474.160717,21.343883,2.177248,8,1,11,0,50.304285
4305.000000,33.578481,-117.064143,473.234790,21.280607,2.177495,8,1,11,0,49.994145
4320.000000,33.578478,-117.064145,473.201117,21.346527,2.177722,8,1,11,0,49.614115
4335.000000,33.578478,-117.064148,474.646272,21.439882,2.177927,8,1,11,0,49.547263
4350.000000,33.578474,-117.064142,472.777202,21.720656,2.178112,8,1,11,0,49.626181
4365.000000,33.578475,-117.064147,473.346006,21.513300,2.178276,8,1,11,0,49.348614
4380.000000,33.578472,-117.064146,470.946290,21.957924,2.178418,8,1,11,0,49.194603
4395.000000,33.578469,-117.064149,471.006773,21.895251,2.178538,8,1,11,0,48.709958
4410.000000,33.578472,-117.064148,471.532449,21.914759,2.178637,8,1,11,0,49.005217
4425.000000,33.578466,-117.064151,471.254502,22.121803,2.178713,8,1,11,0,48.358269
4440.000000,33.578466,-117.064152,471.004111,22.017393,2.178767,8,1,11,0,48.307791
4455.000000,33.578464,-117.064155,471.428518,21.938679,2.178798,8,1,11,0,47.974409
4470.000000,33.578462,-117.064159,470.743876,21.809473,2.178807,8,1,11,0,47.541786
4485.000000,33.578458,-117.064156,469.801081,22.063235,2.178793,8,1,11,0,47.510867
4500.000000,33.578456,-117.064152,468.359750,22.267958,2.178756,8,1,11,0,47.787277
4515.000000,33.578451,-117.064159,467.728878,22.379567,2.178696,8,1,11,0,46.975264
4530.000000,33.578448,-117.064160,467.010914,22.441681,2.178612,8,1,11,0,46.799027
4545.000000,33.578445,-117.064160,465.802778,22.322724,2.178506,8,1,11,0,46.685335
4560.000000,33.578448,-117.064160,467.264341,22.223315,2.178375,8,1,11,0,46.738464
4575.000000,33.578445,-117.064157,465.750675,22.666012,2.178221,8,1,11,0,46.927839
4590.000000,33.578444,-117.064160,467.030337,22.723496,2.178043,8,1,11,0,46.544436
4605.000000,33.578441,-117.064162,467.342704,22.710338,2.177841,8,1,11,0,46.213977
4620.000000,33.578434,-117.064162,465.409987,22.965476,2.177616,8,1,11,0,46.006394
4635.000000,33.578429,-117.064163,465.621980,23.181315,2.177366,8,1,11,0,45.600495
4650.000000,33.578428,-117.064164,464.828872,23.185052,2.177093,8,1,11,0,45.574679
4665.000000,33.578428,-117.064166,464.809608,23.043291,2.176795,8,1,11,0,45.474663
4680.000000,33.578428,-117.064166,465.754364,22.883305,2.176474,8,1,11,0,45.370423
4695.000000,33.578426,-117.064163,466.832555,22.959120,2.176128,8,1,10,0,45.424539
4710.000000,33.578423,-117.064169,466.114984,23.087713,2.175758,8,1,10,0,44.820790
4725.000000,33.578414,-117.064173,464.820303,23.105709,2.175365,8,1,11,0,44.136081
4740.000000,33.578420,-117.064173,464.868976,23.058218,2.174947,8,1,11,0,44.465699
4755.000000,33.578413,-117.064171,464.616916,23.336735,2.174505,8,1,11,0,44.341244
4770.000000,33.578415,-117.064176,464.343240,22.949334,2.174040,8,1,11,0,44.049325
4785.000000,33.578408,-117.064179,464.647095,23.087163,2.173550,8,1,11,0,43.370572
4800.000000,33.578412,-117.064177,464.944186,23.206123,2.173036,8,1,11,0,43.710849
4815.000000,33.578402,-117.064182,464.005604,23.227475,2.172499,8,1,10,0,42.956699
4830.000000,33.578409,-117.064182,465.042803,23.092755,2.171938,8,1,10,0,43.198431
4845.000000,33.578403,-117.064186,463.225732,23.173814,2.171353,8,1,10,0,42.775854
4860.000000,33.578399,-117.064185,462.476054,23.335602,2.170745,8,1,10,0,42.842354
4875.000000,33.578394,-117.064184,461.446182,23.490043,2.170113,8,1,10,0,42.886779
4890.000000,33.578390,-117.064188,461.404576,23.482216,2.169459,8,1,10,0,42.342880
4905.000000,33.578387,-117.064187,460.907235,23.643619,2.168781,8,1,10,0,42.476701
4920.000000,33.578380,-117.064186,460.575658,23.792803,2.168080,8,1,10,0,42.289696
4935.000000,33.578384,-117.064190,460.880345,23.581232,2.167356,8,1,10,0,42.081314
4950.000000,33.578387,-117.064189,461.655724,23.616043,2.166609,8,1,10,0,42.149150
4965.000000,33.578379,-117.064192,460.031462,23.849469,2.165841,8,1,10,0,41.885280
4980.000000,33.578373,-117.064187,459.988665,23.991373,2.165049,8,1,10,0,42.116141
4995.000000,33.578375,-117.064194,460.114865,23.745483,2.164236,8,1,10,0,41.587003
5010.000000,33.578369,-117.064195,458.274860,23.933774,2.163401,8,1,10,0,41.760042
5025.000000,33.578365,-117.064196,458.672922,23.944627,2.162545,8,1,10,0,41.379870
5040.000000,33.578361,-117.064195,458.021652,24.062355,2.161667,8,1,10,0,41.530986
5055.000000,33.578362,-117.064197,458.765463,23.895467,2.160767,8,1,10,0,41.198454
5070.000000,33.578360,-117.064195,458.123361,24.115184,2.159847,8,1,10,0,41.416406
5085.000000,33.578355,-117.064201,458.080999,24.077085,2.158907,8,1,10,0,40.805479
5100.000000,33.578355,-117.064204,459.012468,23.892994,2.157945,8,1,10,0,40.226011
5115.000000,33.578344,-117.064203,456.770359,24.338574,2.156964,8,1,10,0,40.702552
5130.000000,33.578342,-117.064203,454.805382,24.518737,2.155964,8,1,10,0,41.278703
5145.000000,33.578346,-117.064205,456.413923,24.441240,2.154943,8,1,10,0,40.646895
5160.000000,33.578345,-117.064206,455.546625,24.436472,2.153903,8,1,10,0,40.903738
5175.000000,33.578346,-117.064206,456.172613,24.428855,2.152845,8,1,10,0,40.650547
5190.000000,33.578345,-117.064208,454.829204,24.341704,2.151768,8,1,10,0,40.999103
5205.000000,33.578335,-117.064213,454.400885,24.308762,2.150672,8,1,10,0,40.426482
5220.000000,33.578335,-117.064212,454.131052,24.379991,2.149559,8,1,10,0,40.625265
5235.000000,33.578330,-117.064217,452.808540,24.534342,2.148429,8,1,10,0,40.618810
5250.000000,33.578328,-117.064217,453.103678,24.423312,2.147281,8,1,9,0,40.444332
5265.000000,33.578319,-117.064219,452.071651,24.586808,2.146116,8,1,9,0,40.505019
5280.000000,33.578316,-117.064218,451.046189,24.599948,2.144935,8,1,9,0,40.979771
5295.000000,33.578315,-117.064220,449.251015,24.557960,2.143738,8,1,10,0,41.617639
5310.000000,33.578314,-117.064224,449.425009,24.518810,2.142525,8,1,10,0,41.213414
5325.000000,33.578309,-117.064224,449.504625,24.577403,2.141297,8,1,10,0,41.064788
5340.000000,33.578317,-117.064223,450.985279,24.471314,2.140053,8,1,10,0,40.587585
5355.000000,33.578488,-117.064132,489.148826,26.729538,1.748108,9,1,10,0,54.571687
5370.000000,33.578487,-117.064134,488.096357,26.977598,1.749780,9,1,10,0,54.068721
5385.000000,33.578487,-117.064135,488.912204,27.034447,1.751458,9,1,10,0,54.266046
5400.000000,33.578481,-117.064134,488.148251,27.017017,1.753143,9,1,10,0,53.702613
5415.000000,33.578484,-117.064136,488.918391,27.044393,1.754834,9,1,10,0,54.040739
5430.000000,33.578491,-117.064131,490.071248,27.296296,1.756531,9,1,10,0,55.227162
5445.000000,33.578490,-117.064135,488.088749,27.216529,1.758235,9,1,10,0,54.118717
5460.000000,33.578492,-117.064131,490.352285,27.714916,1.759944,9,1,10,0,55.312818
5475.000000,33.578486,-117.064135,488.148339,27.757050,1.761659,9,1,10,0,53.979304
5490.000000,33.578487,-117.064133,487.676642,27.562671,1.763380,9,1,10,0,53.958883
5505.000000,33.578482,-117.064134,487.690375,27.617291,1.765106,9,1,10,0,53.623818
5520.000000,33.578483,-117.064135,489.836795,28.070427,1.766837,9,1,10,0,54.372339
5535.000000,33.578478,-117.064133,489.385761,28.269582,1.768573,9,1,10,0,54.071510
5550.000000,33.578476,-117.064135,489.886606,28.081292,1.770315,9,1,10,0,53.973805
5565.000000,33.578476,-117.064142,488.293546,27.706899,1.772061,9,1,10,0,52.948094
5580.000000,33.578478,-117.064140,488.700648,28.056532,1.773812,9,1,10,0,53.316962
5595.000000,33.578477,-117.064142,489.067234,28.070034,1.775567,9,1,10,0,53.213053
5610.000000,33.578476,-117.064141,487.299362,28.553604,1.777326,9,1,10,0,52.652043
5625.000000,33.578475,-117.064140,487.615209,28.911696,1.779090,9,1,10,0,52.811652
5640.000000,33.578472,-117.064142,486.617733,28.872287,1.780857,9,1,10,0,52.149207
5655.000000,33.578470,-117.064144,486.528048,28.895030,1.782629,9,1,10,0,51.892873
5670.000000,33.578468,-117.064142,487.184040,29.313239,1.784403,9,1,10,0,52.126601
5685.000000,33.578470,-117.064147,487.548263,28.565596,1.786181,9,1,10,0,51.998784
5700.000000,33.578503,-117.064201,505.008923,27.275416,1.892503,8,1,10,0,58.441646
5715.000000,33.578498,-117.064204,505.006777,27.204678,1.894919,8,1,10,0,57.996786
5730.000000,33.578500,-117.064203,506.733585,27.363904,1.897345,8,1,10,0,59.219225
5745.000000,33.578500,-117.064201,507.642104,27.632333,1.899781,8,1,10,0,59.936151
5760.000000,33.578492,-117.064207,507.589403,27.288131,1.902228,8,1,10,0,59.122976
5775.000000,33.578488,-117.064206,506.102363,27.471824,1.904684,8,1,10,0,58.082584
5790.000000,33.578502,-117.064202,508.022300,27.942236,1.907150,8,1,10,0,60.194403
5805.000000,33.578506,-117.064200,508.054551,28.183888,1.909625,8,1,10,0,60.562752
5820.000000,33.578497,-117.064203,506.681975,27.968475,1.912110,8,1,10,0,59.061762
5835.000000,33.578490,-117.064203,506.034048,28.187050,1.914603,8,1,10,0,58.266200
5850.000000,33.578495,-117.064205,507.732865,28.345150,1.917105,8,1,10,0,59.477087
5865.000000,33.578494,-117.064203,507.527265,28.324307,1.919616,8,1,10,0,59.396178
5880.000000,33.578492,-117.064207,507.581641,28.231698,1.922135,8,1,10,0,59.117447
5895.000000,33.578493,-117.064209,506.702148,28.315439,1.924662,8,1,10,0,58.528368
5910.000000,33.578497,-117.064207,506.122329,28.738620,1.927196,8,1,10,0,58.467192
5925.000000,33.578493,-117.064213,506.219836,28.567020,1.929739,8,1,10,0,57.945099
5940.000000,33.578494,-117.064211,506.100243,28.764703,1.932288,8,1,10,0,58.059361
5955.000000,33.578495,-117.064210,505.744138,28.963707,1.934845,8,1,10,0,57.955594
5970.000000,33.578495,-117.064209,505.613960,29.084744,1.937408,8,1,10,0,57.936687
5985.000000,33.578494,-117.064211,505.700673,29.354761,1.939978,8,1,10,0,57.852866
6000.000000,33.578485,-117.064212,506.344952,29.325348,1.942554,8,1,10,0,57.693633
6015.000000,33.578489,-117.064206,506.181502,29.656165,1.945136,8,1,10,0,58.123997
6030.000000,33.578494,-117.064212,505.026785,29.631556,1.947724,8,1,10,0,57.323515
6045.000000,33.578489,-117.064210,505.015008,29.902811,1.950318,8,1,10,0,57.211888
6060.000000,33.578497,-117.064208,505.876542,30.182946,1.952916,8,1,10,0,58.263075
6075.000000,33.578491,-117.064211,506.158335,30.260380,1.955520,8,1,10,0,57.958173
6090.000000,33.578489,-117.064214,505.694805,30.163412,1.958128,8,1,10,0,57.339967
6105.000000,33.578484,-117.064214,504.953600,30.138683,1.960741,8,1,10,0,56.676991
6120.000000,33.578481,-117.064214,504.809638,30.220259,1.963358,8,1,10,0,56.405675
6135.000000,33.578480,-117.064216,505.018720,30.345671,1.965979,8,1,10,0,56.368081
6150.000000,33.578482,-117.064214,506.212951,30.713395,1.968603,8,1,10,0,57.352236
6165.000000,33.578484,-117.064213,505.071874,30.667663,1.971230,8,1,10,0,56.750333
6180.000000,33.578482,-117.064211,503.138597,30.700487,1.973861,8,1,10,0,55.662430
6195.000000,33.578476,-117.064216,501.571297,30.517815,1.976494,8,1,10,0,54.099062
6210.000000,33.578476,-117.064218,504.099367,30.740358,1.979129,8,1,10,0,55.456126
6225.000000,33.578474,-117.064220,502.528277,30.759744,1.981767,8,1,10,0,54.330828
6240.000000,33.578478,-117.064218,502.605597,31.112567,1.984406,8,1,10,0,54.685335
6255.000000,33.578479,-117.064217,502.933935,31.072173,1.987046,8,1,10,0,54.947636
6270.000000,33.578469,-117.064224,504.188383,30.975471,1.989688,8,1,10,0,54.828536
6285.000000,33.578477,-117.064223,502.953849,31.370600,1.992330,8,1,10,0,54.513081
6300.000000,33.578479,-117.064220,501.405856,31.677124,1.994973,8,1,10,0,53.938792
6315.000000,33.578472,-117.064221,502.529424,31.449217,1.997616,8,1,10,0,54.188043
6330.000000,33.578473,-117.064224,501.006690,31.467421,2.000259,8,1,10,0,53.081616
6345.000000,33.578476,-117.064223,499.089875,31.700002,2.002902,8,1,10,0,52.232915
6360.000000,33.578474,-117.064225,499.485756,31.792564,2.005544,8,1,10,0,52.253113
6375.000000,33.578471,-117.064226,501.737990,32.158016,2.008184,8,1,10,0,53.329629
6390.000000,33.578469,-117.064230,501.101732,31.913705,2.010823,8,1,10,0,52.614752
6405.000000,33.578470,-117.064230,499.435006,32.173193,2.013460,8,1,10,0,51.716358
6420.000000,33.578468,-117.064230,499.246119,32.164814,2.016095,8,1,10,0,51.413692
6435.000000,33.578470,-117.064229,499.239877,32.546430,2.018727,8,1,10,0,51.596401
6450.000000,33.578471,-117.064227,499.281824,32.691865,2.021357,8,1,10,0,51.836583
6465.000000,33.578468,-117.064232,498.795356,32.647495,2.023983,8,1,10,0,51.088592
6480.000000,33.578467,-117.064233,497.538024,32.826242,2.026606,8,1,10,0,50.234379
6495.000000,33.578461,-117.064230,498.236443,33.020650,2.029225,8,1,10,0,50.553764
6510.000000,33.578465,-117.064231,498.675471,33.032210,2.031840,8,1,10,0,50.870297
6525.000000,33.578459,-117.064238,498.092138,32.794737,2.034450,8,1,9,0,49.782312
6540.000000,33.578459,-117.064238,497.984815,33.167389,2.037055,8,1,9,0,49.773635
6555.000000,33.578463,-117.064240,497.619192,33.117943,2.039655,8,1,9,0,49.630519
6570.000000,33.578460,-117.064238,496.309572,33.237351,2.042249,8,1,9,0,48.890306
6585.000000,33.578465,-117.064240,494.274866,33.307067,2.044838,8,1,9,0,47.984390
6600.000000,33.578458,-117.064247,496.524959,33.208335,2.047419,8,1,9,0,48.371278
6615.000000,33.578461,-117.064247,496.610635,33.509564,2.049994,8,1,9,0,48.507635
6630.000000,33.578462,-117.064250,496.495520,33.656259,2.052562,8,1,9,0,48.370857
6645.000000,33.578452,-117.064253,495.172241,33.386331,2.055123,8,1,9,0,46.917737
6660.000000,33.578455,-117.064243,493.974780,33.989234,2.057676,8,1,9,0,47.115259
6675.000000,33.578445,-117.064250,493.409705,33.734805,2.060221,8,1,9,0,45.808733
6690.000000,33.578445,-117.064251,493.158923,33.680480,2.062757,8,1,9,0,45.594719
6705.000000,33.578442,-117.064254,493.387055,33.764491,2.065284,8,1,9,0,45.382236
6720.000000,33.578451,-117.064256,492.723597,34.334336,2.067802,8,1,9,0,45.398445
6735.000000,33.578445,-117.064260,494.338317,34.084687,2.070310,8,1,9,0,45.615891
6750.000000,33.578445,-117.064262,493.388565,34.027991,2.072808,8,1,9,0,45.032298
6765.000000,33.578448,-117.064259,491.982316,34.285419,2.075296,8,1,9,0,44.668196
6780.000000,33.578453,-117.064264,491.934755,34.644370,2.077773,8,1,9,0,44.584219
6795.000000,33.578459,-117.064260,490.165038,35.117239,2.080240,8,1,9,0,44.340996
6810.000000,33.578450,-117.064262,491.282685,34.852972,2.082694,8,1,9,0,44.237431
6825.000000,33.578449,-117.064267,491.681427,34.891391,2.085137,8,1,9,0,44.055128
6840.000000,33.578442,-117.064274,491.114540,34.638073,2.087568,8,1,9,0,42.865082
6855.000000,33.578447,-117.064268,490.324857,35.034415,2.089986,8,1,9,0,43.168974
6870.000000,33.578447,-117.064271,488.368709,35.156656,2.092392,8,1,9,0,42.116721
6885.000000,33.578448,-117.064273,486.830297,35.338457,2.094784,8,1,9,0,41.465956
6900.000000,33.578448,-117.064277,486.606715,35.047929,2.097162,8,1,9,0,41.031935
6915.000000,33.578439,-117.064281,489.413514,34.937649,2.099527,8,1,9,0,41.459186
6930.000000,33.578448,-117.064277,487.149262,35.521103,2.101877,8,1,9,0,41.296610
6945.000000,33.578441,-117.064280,487.713542,35.608237,2.104213,8,1,9,0,40.864786
6960.000000,33.578443,-117.064283,486.164271,35.764538,2.106533,8,1,9,0,40.133039
6975.000000,33.578441,-117.064284,486.290421,35.661887,2.108839,8,1,9,0,40.025042
6990.000000,33.578436,-117.064283,486.004817,35.637818,2.111128,8,1,9,0,39.658327
7005.000000,33.578399,-117.064175,507.562319,32.538088,1.569013,9,1,9,0,57.052323
7020.000000,33.578397,-117.064178,505.891618,32.595008,1.570054,9,1,9,0,55.711046
7035.000000,33.578396,-117.064175,505.307590,32.814996,1.571090,9,1,9,0,55.519403
7050.000000,33.578397,-117.064168,507.060474,33.076354,1.572119,9,1,9,0,57.097987
7065.000000,33.578389,-117.064179,506.359344,32.602089,1.573142,9,1,9,0,55.691446
7080.000000,33.578389,-117.064183,505.162022,32.692101,1.574158,9,1,9,0,54.645754
7095.000000,33.578387,-117.064179,503.801548,33.006810,1.575168,9,1,9,0,53.972442
7110.000000,33.578387,-117.064176,505.150102,33.080645,1.576171,9,1,9,0,55.043356
7125.000000,33.578388,-117.064171,504.457586,33.370575,1.577167,9,1,9,0,54.985692
7140.000000,33.578380,-117.064171,505.526244,33.427574,1.578156,9,1,9,0,55.430713
7155.000000,33.578380,-117.064175,504.156701,33.562818,1.579138,9,1,9,0,54.266921
7170.000000,33.578375,-117.064170,504.837288,33.722315,1.580113,9,1,9,0,54.866327
7185.000000,33.578373,-117.064167,505.128592,33.840389,1.581081,9,1,9,0,55.229999
7200.000000,33.578374,-117.064175,503.067856,33.604246,1.582041,9,1,9,0,53.395215
7215.000000,33.578373,-117.064173,504.261009,33.959416,1.582994,9,1,9,0,54.237024
7230.000000,33.578371,-117.064171,503.920715,33.812006,1.583939,9,1,9,0,54.134182
7245.000000,33.578369,-117.064179,502.712081,33.625448,1.584876,9,1,9,0,52.743130
7260.000000,33.578368,-117.064179,501.447757,33.727094,1.585805,9,1,9,0,51.976842
7275.000000,33.578372,-117.064166,502.830980,34.360213,1.586726,9,1,9,0,53.781633
7290.000000,33.578365,-117.064168,501.735153,34.177417,1.587640,9,1,9,0,52.758841
7305.000000,33.578366,-117.064171,502.015170,34.497180,1.588545,9,1,9,0,52.797226
7320.000000,33.578366,-117.064173,501.568310,34.551156,1.589441,9,1,9,0,52.422310
7335.000000,33.578358,-117.064172,500.912582,34.603290,1.590330,9,1,9,0,51.802787
7350.000000,33.578362,-117.064181,500.716821,34.882866,1.591209,9,1,9,0,51.214800
7365.000000,33.578359,-117.064181,501.545114,34.584967,1.592080,9,1,9,0,51.624518
7380.000000,33.578358,-117.064180,500.587347,34.836078,1.592943,9,1,9,0,51.085650
7395.000000,33.578359,-117.064186,499.902421,34.671770,1.593796,9,1,9,0,50.283175
7410.000000,33.578356,-117.064181,499.344086,34.959675,1.594641,9,1,9,0,50.212601
7425.000000,33.578353,-117.064187,499.496384,34.787583,1.595477,9,1,9,0,49.784066
7440.000000,33.578347,-117.064183,499.571130,34.861465,1.596304,9,1,9,0,49.976047
7455.000000,33.578345,-117.064192,499.379417,34.842795,1.597121,9,1,9,0,49.166462
7470.000000,33.578347,-117.064191,497.767246,34.964787,1.597929,9,1,9,0,48.308452
7485.000000,33.578342,-117.064184,499.233225,35.264854,1.598728,9,1,9,0,49.542078
7500.000000,33.578342,-117.064183,499.524216,35.412068,1.599518,9,1,9,0,49.769316
7515.000000,33.578344,-117.064180,500.318519,35.469788,1.600298,9,1,9,0,50.535344
7530.000000,33.578340,-117.064181,499.885624,35.475844,1.601068,9,1,9,0,50.153932
7545.000000,33.578341,-117.064179,499.495542,35.870124,1.601829,9,1,9,0,50.056259
7560.000000,33.578339,-117.064181,497.695849,35.682723,1.602581,9,1,9,0,48.785519
7575.000000,33.578339,-117.064185,497.022962,35.757567,1.603322,9,1,9,0,48.162437
7590.000000,33.578334,-117.064191,497.281760,35.675011,1.604054,9,1,9,0,47.724272
7605.000000,33.578329,-117.064195,496.620551,35.579424,1.604776,9,1,9,0,46.942318
7620.000000,33.578289,-117.064248,507.725416,38.577005,1.749893,8,1,9,0,50.062900
7635.000000,33.578288,-117.064257,507.249051,38.710697,1.750992,8,1,9,0,49.153346
7650.000000,33.578284,-117.064250,506.798635,39.137237,1.752085,8,1,9,0,49.170498
7665.000000,33.578283,-117.064248,506.874280,39.042092,1.753171,8,1,9,0,49.344880
7680.000000,33.578284,-117.064248,506.720035,39.175568,1.754250,8,1,9,0,49.274506
7695.000000,33.578281,-117.064251,506.007622,39.164419,1.755323,8,1,10,0,48.534109
7710.000000,33.578277,-117.064249,505.937588,39.470212,1.756389,8,1,9,0,48.575836
7725.000000,33.578279,-117.064245,506.407882,39.738840,1.757448,8,1,9,0,49.188421
7740.000000,33.578278,-117.064249,505.072994,39.664261,1.758500,8,1,10,0,47.909435
7755.000000,33.578276,-117.064244,505.629889,39.741362,1.759545,8,1,10,0,48.643974
7770.000000,33.578274,-117.064250,505.145090,39.666957,1.760582,8,1,10,0,47.904972
7785.000000,33.578271,-117.064252,505.740614,39.892177,1.761612,8,1,10,0,48.205077
7800.000000,33.578269,-117.064258,504.215526,39.438462,1.762634,8,1,10,0,46.639098
7815.000000,33.578270,-117.064257,503.258885,39.599094,1.763648,8,1,10,0,46.035175
7830.000000,33.578268,-117.064256,503.602578,39.656415,1.764655,8,1,10,0,46.364103
7845.000000,33.578268,-117.064252,502.561265,39.496723,1.765654,8,1,10,0,45.821027
7860.000000,33.578266,-117.064256,502.262354,39.687057,1.766645,8,1,10,0,45.381017
7875.000000,33.578263,-117.064252,501.585003,39.742023,1.767627,8,1,10,0,45.114810
7890.000000,33.578257,-117.064253,503.026196,39.962374,1.768602,8,1,10,0,46.069468
7905.000000,33.578253,-117.064256,502.392963,39.980512,1.769568,8,1,10,0,45.379680
7920.000000,33.578255,-117.064257,502.642981,40.032993,1.770525,8,1,10,0,45.490673
7935.000000,33.578255,-117.064256,501.210152,39.946542,1.771474,8,1,10,0,44.580464
7950.000000,33.578258,-117.064259,500.638383,40.146610,1.772415,8,1,10,0,43.951258
7965.000000,33.578257,-117.064260,500.172811,40.221824,1.773346,8,1,10,0,43.576067
7980.000000,33.578254,-117.064260,499.322761,40.455356,1.774269,8,1,10,0,42.960708
7995.000000,33.578250,-117.064259,499.292093,40.462032,1.775183,8,1,10,0,43.003073
8010.000000,33.578253,-117.064263,498.058253,40.616835,1.776088,8,1,10,0,41.932001
8025.000000,33.578248,-117.064257,498.888977,40.702248,1.776983,8,1,10,0,42.878409
8040.000000,33.578249,-117.064263,498.808199,40.598393,1.777870,8,1,10,0,42.405017
8055.000000,33.578243,-117.064260,498.047434,40.903776,1.778747,8,1,10,0,42.095167
8070.000000,33.578243,-117.064260,498.165962,40.998865,1.779615,8,1,10,0,42.179683
8085.000000,33.578244,-117.064259,496.827995,41.134275,1.780473,8,1,10,0,41.395663
8100.000000,33.578244,-117.064257,496.159943,41.078417,1.781322,8,1,10,0,41.124930
8115.000000,33.578242,-117.064258,496.023361,41.143941,1.782161,8,1,10,0,40.919381
8130.000000,33.578242,-117.064255,495.388983,41.102257,1.782990,8,1,10,0,40.747839
8145.000000,33.578241,-117.064263,495.440803,41.133889,1.783809,8,1,10,0,40.201756
8160.000000,33.578235,-117.064266,495.508830,41.266099,1.784619,8,1,10,0,40.081769
8175.000000,33.578236,-117.064270,494.949050,41.311447,1.785419,8,1,10,0,39.386790
8190.000000,33.578235,-117.064274,493.914610,41.176509,1.786209,8,1,10,0,38.454116
8205.000000,33.578238,-117.064279,492.710190,41.012008,1.786988,8,1,11,0,37.343028
8220.000000,33.578232,-117.064267,493.406918,41.511314,1.787758,8,1,11,0,38.670140
8235.000000,33.578232,-117.064266,492.743235,41.569356,1.788517,8,1,11,0,38.367995
8250.000000,33.578229,-117.064267,492.269396,41.664696,1.789266,8,1,11,0,38.045517
8265.000000,33.578230,-117.064269,491.434314,41.663704,1.790004,8,1,11,0,37.364436
8280.000000,33.578230,-117.064268,490.949595,41.296170,1.790733,8,1,11,0,37.190129
8295.000000,33.578225,-117.064266,490.559710,41.603477,1.791450,8,1,11,0,37.151917
8310.000000,33.578226,-117.064268,490.648865,41.579271,1.792158,8,1,11,0,37.029691
8325.000000,33.578227,-117.064271,489.090328,41.911448,1.792854,8,1,11,0,35.980188
8340.000000,33.578222,-117.064269,487.309305,41.910591,1.793541,8,1,11,0,35.230068
8355.000000,33.578224,-117.064276,487.987193,41.398565,1.794216,8,1,11,0,35.033820
8370.000000,33.578221,-117.064275,487.978842,41.684479,1.794881,8,1,11,0,35.125386
8385.000000,33.578219,-117.064270,485.393651,42.070617,1.795535,8,1,11,0,34.295894
8400.000000,33.578218,-117.064272,485.779766,42.011611,1.796178,8,1,11,0,34.269514
8415.000000,33.578219,-117.064268,485.783414,42.321944,1.796810,8,1,11,0,34.613981
8430.000000,33.578217,-117.064268,486.208498,42.491725,1.797432,8,1,11,0,34.812537
8445.000000,33.578213,-117.064275,486.168231,42.037898,1.798042,8,1,11,0,34.273773
8460.000000,33.578214,-117.064276,485.348315,41.950763,1.798642,8,1,11,0,33.838146
8475.000000,33.578211,-117.064276,485.579240,42.161041,1.799231,8,1,11,0,33.917399
8490.000000,33.578214,-117.064275,485.754622,42.221620,1.799808,8,1,11,0,34.117583
8505.000000,33.578211,-117.064272,484.619304,41.984214,1.800375,8,1,11,0,33.852762
8520.000000,33.578213,-117.064279,485.012806,41.831737,1.800930,8,1,11,0,33.450451
8535.000000,33.578210,-117.064281,484.028227,42.037730,1.801475,8,1,11,0,32.859385
8550.000000,33.578207,-117.064277,482.984955,42.310370,1.802009,8,1,11,0,32.841844
8565.000000,33.578205,-117.064287,482.445268,42.193762,1.802531,8,1,11,0,31.782444
8580.000000,33.578205,-117.064287,483.232511,42.080566,1.803042,8,1,11,0,32.090355
8595.000000,33.578202,-117.064286,482.200905,41.999573,1.803542,8,1,11,0,31.804546
8610.000000,33.578203,-117.064291,482.782070,41.969723,1.804031,8,1,11,0,31.612243
8625.000000,33.578197,-117.064287,481.417014,42.207453,1.804509,8,1,10,0,31.513284
8640.000000,33.578200,-117.064290,480.829023,42.141642,1.804976,8,1,11,0,31.013680
8655.000000,33.578201,-117.064291,479.672484,42.286561,1.805431,8,1,11,0,30.486565
8670.000000,33.578199,-117.064288,480.814941,42.487460,1.805875,8,1,11,0,31.180890
8685.000000,33.578195,-117.064291,479.280180,42.639170,1.806309,8,1,11,0,30.518467
8700.000000,33.578192,-117.064290,478.918113,42.242024,1.806731,8,1,11,0,30.597782
8715.000000,33.578195,-117.064292,477.813568,42.424533,1.807142,8,1,11,0,30.033178
8730.000000,33.578195,-117.064291,477.390513,42.297087,1.807541,8,1,11,0,30.024290
8745.000000,33.578193,-117.064290,477.630321,42.242516,1.807930,8,1,11,0,30.182752
8760.000000,33.578194,-117.064294,477.538929,42.268008,1.808307,8,1,11,0,29.759260
8775.000000,33.578194,-117.064297,476.275708,42.285188,1.808673,8,1,11,0,29.261391
8790.000000,33.578196,-117.064301,474.472758,42.529674,1.809029,8,1,11,0,28.496049
8805.000000,33.578195,-117.064297,476.142486,42.423052,1.809373,8,1,11,0,29.144287
8820.000000,33.578192,-117.064293,474.862610,42.378404,1.809706,8,1,11,0,29.348057
8835.000000,33.578190,-117.064297,474.728137,42.362853,1.810028,8,1,11,0,29.024599
8850.000000,33.578187,-117.064293,473.600057,42.568240,1.810339,8,1,11,0,29.320378
8865.000000,33.578189,-117.064297,474.509399,42.798291,1.810639,8,1,11,0,28.993497
8880.000000,33.578184,-117.064302,473.042000,42.544790,1.810928,8,1,11,0,28.506162
8895.000000,33.578185,-117.064303,472.233138,42.683292,1.811206,8,1,11,0,28.345222
8910.000000,33.578184,-117.064303,472.569087,42.686414,1.811473,8,1,11,0,28.328503
8925.000000,33.578183,-117.064297,471.472957,42.516978,1.811729,8,1,11,0,28.907625
8940.000000,33.578187,-117.064300,472.351701,42.554741,1.811975,8,1,11,0,28.510739
8955.000000,33.578180,-117.064314,470.164928,42.561371,1.812209,8,1,11,0,27.353670
8970.000000,33.578176,-117.064306,470.157583,42.606525,1.812433,8,1,11,0,28.234717
8985.000000,33.578174,-117.064306,470.089844,42.617892,1.812646,8,1,11,0,28.263405
9000.000000,33.578183,-117.064305,468.742873,42.949989,1.812849,8,1,11,0,28.156003
9015.000000,33.578182,-117.064313,468.686017,42.607896,1.813041,8,1,11,0,27.474942
9030.000000,33.578179,-117.064305,468.260448,42.627264,1.813222,8,1,11,0,28.234206
9045.000000,33.578182,-117.064311,467.230101,42.549711,1.813392,8,1,11,0,27.726173
9060.000000,33.578179,-117.064309,467.884061,42.656268,1.813553,8,1,11,0,27.916732
9075.000000,33.578172,-117.064312,467.932720,42.674528,1.813702,8,1,11,0,27.884898
9090.000000,33.578175,-117.064313,466.618399,42.402455,1.813842,8,1,11,0,27.827808
9105.000000,33.578178,-117.064312,465.982778,42.419968,1.813971,8,1,11,0,27.924791
9120.000000,33.578180,-117.064311,465.026992,42.419573,1.814090,8,1,11,0,28.118436
9135.000000,33.578182,-117.064315,463.998278,42.339343,1.814198,8,1,11,0,27.866155
9150.000000,33.578177,-117.064317,465.006241,42.417979,1.814296,8,1,11,0,27.598725
9165.000000,33.578171,-117.064321,465.435817,42.481968,1.814385,8,1,11,0,27.382664
9180.000000,33.578176,-117.064327,464.181776,41.981666,1.814463,8,1,11,0,27.017834
9195.000000,33.578174,-117.064324,464.133049,42.190878,1.814531,8,1,11,0,27.321489
9210.000000,33.578172,-117.064320,462.748373,42.253750,1.814590,8,1,11,0,28.033684
9225.000000,33.578169,-117.064323,462.537661,42.314087,1.814638,8,1,11,0,27.969657
9240.000000,33.578171,-117.064316,462.044269,42.301106,1.814677,8,1,11,0,28.649913
9255.000000,33.578175,-117.064311,460.165603,42.409196,1.814706,8,1,11,0,29.480650
9270.000000,33.578172,-117.064320,461.194107,42.290188,1.814726,8,1,11,0,28.506328
9285.000000,33.578170,-117.064325,460.267386,42.062094,1.814736,8,1,11,0,28.457566
9300.000000,33.578166,-117.064323,459.554676,42.200166,1.814736,8,1,11,0,29.003386
9315.000000,33.578167,-117.064326,460.176967,42.446799,1.814727,8,1,11,0,28.462297
9330.000000,33.578165,-117.064327,459.999875,42.262554,1.814709,8,1,11,0,28.492559
9345.000000,33.578166,-117.064326,459.315971,42.248240,1.814682,8,1,11,0,28.810961
9360.000000,33.578167,-117.064322,456.907176,42.556203,1.814645,8,1,11,0,30.098582
9375.000000,33.578166,-117.064328,456.296787,42.490899,1.814599,8,1,11,0,29.920537
9390.000000,33.578169,-117.064331,457.175244,42.112984,1.814545,8,1,11,0,29.236807
9405.000000,33.578161,-117.064336,456.811985,42.131610,1.814481,8,1,11,0,29.235101
9420.000000,33.578164,-117.064335,456.914477,42.377571,1.814409,8,1,10,0,29.171654
9435.000000,33.578165,-117.064336,455.202052,42.362659,1.814328,8,1,10,0,29.853110
9450.000000,33.578161,-117.064339,454.752998,42.280705,1.814238,8,1,10,0,29.974925
9465.000000,33.578198,-117.064372,467.966168,48.141837,2.083519,7,1,10,0,21.781139
9480.000000,33.578198,-117.064376,467.630589,48.000922,2.083468,7,1,10,0,21.414972
9495.000000,33.578195,-117.064382,467.880314,48.053243,2.083391,7,1,10,0,20.952121
9510.000000,33.578196,-117.064385,467.610366,47.770644,2.083289,7,1,10,0,20.685640
9525.000000,33.578195,-117.064379,466.143431,48.100562,2.083161,7,1,10,0,21.438303
9540.000000,33.578194,-117.064377,464.983867,47.756835,2.083008,7,1,10,0,21.897674
9555.000000,33.578193,-117.064379,464.228760,47.794788,2.082830,7,1,10,0,21.971911
9570.000000,33.578192,-117.064384,464.336424,47.828325,2.082627,7,1,10,0,21.517102
9585.000000,33.578191,-117.064377,462.492766,48.008476,2.082398,7,1,10,0,22.683611
9600.000000,33.578337,-117.064371,504.373981,46.867790,1.804102,8,1,10,0,41.661490
9615.000000,33.578335,-117.064368,502.301488,46.453410,1.805923,8,1,10,0,40.070951
9630.000000,33.578334,-117.064368,499.736539,46.450240,1.807733,8,1,10,0,37.947206
9645.000000,33.578327,-117.064372,500.991150,46.025407,1.809532,8,1,10,0,38.589814
9660.000000,33.578339,-117.064370,504.018975,46.347115,1.811319,8,1,10,0,41.473625
9675.000000,33.578338,-117.064369,501.330323,46.749177,1.813095,8,1,10,0,39.324494
9690.000000,33.578337,-117.064365,499.917889,46.837803,1.814859,8,1,10,0,38.361662
9705.000000,33.578346,-117.064367,499.907526,46.844032,1.816610,8,1,10,0,38.559395
9720.000000,33.578336,-117.064375,498.530686,46.228586,1.818349,8,1,10,0,36.706659
9735.000000,33.578336,-117.064373,498.757885,46.844839,1.820075,8,1,10,0,36.999140
9750.000000,33.578344,-117.064376,497.305812,46.778653,1.821788,8,1,10,0,36.011251
9765.000000,33.578339,-117.064379,496.157436,46.632778,1.823487,8,1,10,0,34.807609
9780.000000,33.578340,-117.064381,497.288346,46.695738,1.825172,8,1,10,0,35.556617
9795.000000,33.578349,-117.064374,496.603993,46.998136,1.826843,8,1,10,0,35.798046
9810.000000,33.578353,-117.064376,495.558967,47.429580,1.828500,8,1,10,0,35.029804
9825.000000,33.578352,-117.064386,496.158689,47.348985,1.830142,8,1,10,0,34.918907
9840.000000,33.578350,-117.064376,495.923936,47.406754,1.831769,8,1,10,0,35.177776
9855.000000,33.578353,-117.064378,495.616107,47.632597,1.833380,8,1,10,0,34.952470
9870.000000,33.578346,-117.064379,494.344679,47.104390,1.834976,8,1,10,0,33.731454
9885.000000,33.578348,-117.064376,493.377253,47.154523,1.836556,8,1,10,0,33.257670
9900.000000,33.578348,-117.064379,492.858387,47.561059,1.838119,8,1,10,0,32.735473
9915.000000,33.578347,-117.064381,491.907294,47.312634,1.839666,8,1,10,0,31.951896
9930.000000,33.578351,-117.064370,491.943488,42.276263,1.596255,9,1,10,0,32.797625
9945.000000,33.578355,-117.064372,492.086903,42.917423,1.596841,9,1,10,0,32.894558
9960.000000,33.578353,-117.064371,492.232892,42.663689,1.597415,9,1,10,0,32.949347
9975.000000,33.578353,-117.064376,493.921592,43.177578,1.597978,9,1,10,0,33.860893
9990.000000,33.578352,-117.064383,492.358850,42.805583,1.598530,9,1,10,0,32.304192
10005.000000,33.578351,-117.064372,490.387014,43.089727,1.599071,9,1,10,0,31.609658
10020.000000,33.578361,-117.064379,489.840097,43.389076,1.599599,9,1,10,0,31.297721
10035.000000,33.578354,-117.064378,489.001696,42.796741,1.600116,9,1,10,0,30.546801
10050.000000,33.578349,-117.064385,491.047152,42.614574,1.600621,9,1,10,0,31.220811
10065.000000,33.578356,-117.064378,488.729635,42.423357,1.601114,9,1,10,0,30.445560
10080.000000,33.578354,-117.064375,489.940803,43.077638,1.601595,9,1,10,0,31.289614
10095.000000,33.578354,-117.064365,488.997984,42.714463,1.602063,9,1,10,0,31.376785
10110.000000,33.578360,-117.064364,487.713209,42.937917,1.602520,9,1,10,0,30.953018
10125.000000,33.578355,-117.064358,487.406484,43.038059,1.602963,9,1,10,0,30.921853
10140.000000,33.578361,-117.064369,486.311633,43.191496,1.603395,9,1,10,0,29.837097
10155.000000,33.578353,-117.064372,487.042673,43.182214,1.603813,9,1,10,0,29.657102
10170.000000,33.578355,-117.064352,485.585933,43.485410,1.604220,9,1,10,0,30.353241
10185.000000,33.578357,-117.064364,485.126268,43.293854,1.604613,9,1,10,0,29.404343
10200.000000,33.578358,-117.064355,485.418882,43.365668,1.604993,9,1,10,0,30.204724
10215.000000,33.578355,-117.064352,486.293376,43.229707,1.605360,9,1,10,0,30.685758
10230.000000,33.578354,-117.064355,486.914785,43.271670,1.605714,9,1,10,0,30.843974
10245.000000,33.578356,-117.064372,483.237320,43.077241,1.606055,9,1,10,0,27.861347
10260.000000,33.578359,-117.064353,484.931010,43.551554,1.606383,9,1,10,0,30.119215
10275.000000,33.578358,-117.064366,482.314268,42.791542,1.606697,9,1,10,0,27.995095
10290.000000,33.578368,-117.064362,480.631788,43.246370,1.606999,9,1,10,0,28.023200
10305.000000,33.578360,-117.064366,480.314843,43.031557,1.607286,9,1,10,0,27.202330
10320.000000,33.578358,-117.064346,482.452488,43.481710,1.607560,9,1,10,0,29.450908
10335.000000,33.578352,-117.064344,483.151439,43.866328,1.607820,9,1,10,0,29.655177
10350.000000,33.578360,-117.064351,483.748733,43.800816,1.608067,9,1,10,0,29.781467
10365.000000,33.578356,-117.064333,484.891901,43.987866,1.608299,9,1,10,0,31.405647
10380.000000,33.578360,-117.064351,480.270303,43.903067,1.608519,9,1,10,0,28.334609
10395.000000,33.578361,-117.064362,478.615663,43.692525,1.608724,9,1,10,0,27.020932
10410.000000,33.578363,-117.064360,478.474755,44.069970,1.608915,9,1,10,0,27.207091
10425.000000,33.578362,-117.064348,479.097460,43.781256,1.609093,9,1,10,0,28.308286
10440.000000,33.578359,-117.064342,479.742628,44.326737,1.609256,9,1,10,0,28.741512
10455.000000,33.578364,-117.064353,478.699644,43.583022,1.609405,9,1,9,0,27.877332
10470.000000,33.578355,-117.064360,479.796846,43.867741,1.609540,9,1,9,0,27.189601
10485.000000,33.578368,-117.064360,478.312687,43.308872,1.609661,9,1,9,0,27.448278
10500.000000,33.578360,-117.064348,477.938619,44.065538,1.609768,9,1,9,0,27.793255
10515.000000,33.578369,-117.064341,477.068923,43.706586,1.609861,9,1,9,0,28.611382
10530.000000,33.578368,-117.064350,474.829327,44.449920,1.609939,9,1,9,0,27.370731
10545.000000,33.578366,-117.064351,475.079883,43.648202,1.610003,9,1,9,0,27.217606
10560.000000,33.578365,-117.064353,475.700969,43.856039,1.610053,9,1,9,0,27.164469
10575.000000,33.578362,-117.064347,476.910769,43.447746,1.610088,9,1,9,0,27.716301
10590.000000,33.578360,-117.064346,475.612377,43.805786,1.610109,9,1,9,0,27.397965
10605.000000,33.578366,-117.064347,473.344408,43.699167,1.610116,9,1,9,0,27.324731
10620.000000,33.578364,-117.064343,474.756929,43.928899,1.610108,9,1,9,0,27.722094
10635.000000,33.578366,-117.064336,474.628114,43.757804,1.610086,9,1,9,0,28.315805
10650.000000,33.578364,-117.064343,473.149542,43.847114,1.610050,9,1,9,0,27.499809
10665.000000,33.578363,-117.064337,473.242376,43.579476,1.609999,9,1,9,0,27.909519
10680.000000,33.578360,-117.064342,471.783286,43.258520,1.609933,9,1,9,0,27.245701
10695.000000,33.578364,-117.064342,470.145786,43.354982,1.609854,9,1,9,0,27.385669
10710.000000,33.578364,-117.064333,472.328494,43.715539,1.609760,9,1,9,0,28.152280
10725.000000,33.578359,-117.064345,472.937304,43.942002,1.609651,9,1,9,0,27.047516
10740.000000,33.578367,-117.064333,469.478225,44.111353,1.609529,9,1,9,0,28.317124
10755.000000,33.578369,-117.064346,469.119159,43.753469,1.609391,9,1,9,0,27.357289
10770.000000,33.578364,-117.064346,469.516579,44.042450,1.609240,9,1,9,0,27.031961
10785.000000,33.578367,-117.064339,470.414141,44.210864,1.609074,9,1,9,0,27.737794
10800.000000,33.578363,-117.064340,470.182419,43.638521,1.608894,9,1,9,0,27.504648
10815.000000,33.578365,-117.064340,468.512082,44.042639,1.608700,9,1,9,0,27.620424
10830.000000,33.578366,-117.064340,468.978399,43.811377,1.608491,9,1,9,0,27.676526
10845.000000,33.578368,-117.064347,467.828080,44.247436,1.608269,9,1,9,0,27.304174
10860.000000,33.578367,-117.064345,467.875469,43.902794,1.608032,9,1,9,0,27.410920
10875.000000,33.578374,-117.064334,466.006238,43.854538,1.607781,9,1,9,0,28.850647
10890.000000,33.578372,-117.064334,465.975851,44.385716,1.607515,9,1,9,0,28.763297
10905.000000,33.578370,-117.064328,466.578152,44.228490,1.607236,9,1,9,0,29.036999
10920.000000,33.578373,-117.064331,466.155545,44.538423,1.606943,9,1,9,0,28.985351
10935.000000,33.578367,-117.064342,464.718735,44.367642,1.606636,9,1,9,0,28.056535
10950.000000,33.578375,-117.064334,463.188792,43.906830,1.606315,9,1,9,0,29.412458
10965.000000,33.578375,-117.064337,461.116459,43.545616,1.605981,9,1,9,0,29.758395
10980.000000,33.578377,-117.064331,459.774482,44.053603,1.605632,9,1,9,0,30.758375
10995.000000,33.578376,-117.064335,461.530104,43.603735,1.605270,9,1,9,0,29.812672
11010.000000,33.578372,-117.064340,461.619361,43.703408,1.604894,9,1,9,0,29.219850
11025.000000,33.578374,-117.064338,461.807984,43.389067,1.604504,9,1,9,0,29.389172
11040.000000,33.578378,-117.064338,459.980091,43.783135,1.604101,9,1,9,0,30.228042
11055.000000,33.578378,-117.064328,459.221414,43.653163,1.603685,9,1,9,0,31.210746
11070.000000,33.578378,-117.064327,459.599308,43.921252,1.603255,9,1,9,0,31.184878
11085.000000,33.578373,-117.064344,461.570808,43.425495,1.602812,9,1,9,0,28.986188
11100.000000,33.578371,-117.064343,460.436130,43.229807,1.602356,9,1,9,0,29.288835
11115.000000,33.578375,-117.064342,457.606309,43.276143,1.601886,9,1,9,0,30.599883
11130.000000,33.578375,-117.064331,457.179149,43.264263,1.601404,9,1,9,0,31.620795
11145.000000,33.578375,-117.064325,456.612926,43.345957,1.600909,9,1,9,0,32.338013
11160.000000,33.578372,-117.064340,457.873072,43.569225,1.600400,9,1,9,0,30.503609
11175.000000,33.578369,-117.064336,456.981604,43.385862,1.599879,9,1,9,0,31.048390
11190.000000,33.578377,-117.064339,456.496505,43.472194,1.599346,9,1,9,0,31.436958
11205.000000,33.578375,-117.064335,455.022187,43.260827,1.598799,9,1,9,0,32.290091
11220.000000,33.578380,-117.064329,455.122535,43.433428,1.598241,9,1,9,0,32.884851
11235.000000,33.578369,-117.064346,455.914914,43.626614,1.597670,9,1,9,0,30.779779
11250.000000,33.578370,-117.064345,456.434754,43.082009,1.597086,9,1,9,0,30.657285
11265.000000,33.578368,-117.064346,455.080942,43.488999,1.596491,9,1,10,0,31.141918
11280.000000,33.578369,-117.064347,455.084060,43.263989,1.595883,9,1,10,0,31.142002
11295.000000,33.578372,-117.064345,454.260081,43.454998,1.595264,9,1,10,0,31.800435
11310.000000,33.578373,-117.064350,453.442617,43.615483,1.594632,9,1,10,0,31.924203
11325.000000,33.578374,-117.064341,452.707429,43.394194,1.593989,9,1,10,0,32.939723
11340.000000,33.578376,-117.064335,451.165439,43.515487,1.593335,9,1,10,0,34.262613
11355.000000,33.578376,-117.064337,451.699511,43.195387,1.592668,9,1,10,0,33.837473
11370.000000,33.578373,-117.064339,452.349076,43.013872,1.591991,9,1,10,0,33.251232
11385.000000,33.578376,-117.064340,451.212259,43.179098,1.591302,9,1,10,0,33.896468
11400.000000,33.578373,-117.064340,450.969243,43.735538,1.590602,9,1,10,0,33.919270
11415.000000,33.578372,-117.064339,450.021375,43.849268,1.589891,9,1,10,0,34.495652
11430.000000,33.578377,-117.064341,449.617756,43.541327,1.589169,9,1,10,0,34.854423
11445.000000,33.578376,-117.064340,449.199617,43.576419,1.588437,9,1,10,0,35.103385
11460.000000,33.578381,-117.064334,448.020577,43.130501,1.587694,9,1,10,0,36.372775
11475.000000,33.578379,-117.064335,447.533659,42.868768,1.586940,9,1,10,0,36.592648
11490.000000,33.578374,-117.064339,447.657730,43.062789,1.586176,9,1,10,0,35.988081
11505.000000,33.578381,-117.064338,449.109139,42.501264,1.585402,9,1,10,0,35.499623
11520.000000,33.578379,-117.064334,445.475345,43.525061,1.584618,9,1,10,0,37.917702
11535.000000,33.578384,-117.064324,445.278825,42.606685,1.583823,9,1,10,0,38.902617
11550.000000,33.578380,-117.064334,444.989141,42.994850,1.583019,9,1,10,0,38.321383
11565.000000,33.578377,-117.064343,447.433215,42.562456,1.582205,9,1,10,0,36.023834
11580.000000,33.578371,-117.064340,446.728793,43.026269,1.581382,9,1,10,0,36.439136
11595.000000,33.578378,-117.064337,445.704500,42.674434,1.580549,9,1,10,0,37.548036
11610.000000,33.578386,-117.064325,443.208736,42.346185,1.579707,9,1,10,0,40.259980
11625.000000,33.578379,-117.064324,442.203715,42.847489,1.578856,9,1,10,0,40.644413
11640.000000,33.578380,-117.064325,444.062050,42.234887,1.577996,9,1,10,0,39.413554
11655.000000,33.578375,-117.064335,443.783160,42.754424,1.577127,9,1,10,0,38.825300
11670.000000,33.578368,-117.064342,445.433096,42.577737,1.576249,9,1,10,0,36.995183
11685.000000,33.578377,-117.064333,444.719210,42.346338,1.575363,9,1,10,0,38.371616
11700.000000,33.578377,-117.064324,441.345934,42.586027,1.574468,9,1,10,0,41.203879
11715.000000,33.578385,-117.064313,439.137974,42.210974,1.573566,9,1,10,0,43.680771
11730.000000,33.578374,-117.064324,441.830244,42.341491,1.572655,9,1,10,0,40.745031
11745.000000,33.578374,-117.064334,443.332366,41.974054,1.571736,9,1,9,0,39.094993
11760.000000,33.578368,-117.064345,445.542941,41.956416,1.570809,9,1,10,0,36.734469
11775.000000,33.578369,-117.064329,442.314854,42.118307,1.569874,9,1,10,0,39.898282
11790.000000,33.578378,-117.064327,442.348015,41.686767,1.568932,9,1,10,0,40.390002
11805.000000,33.578378,-117.064322,439.511116,42.145115,1.567983,9,1,10,0,42.641029
11820.000000,33.578376,-117.064328,439.840333,41.923755,1.567027,9,1,9,0,42.023978
11835.000000,33.578377,-117.064321,438.733555,41.793556,1.566063,9,1,10,0,43.192391
11850.000000,33.578368,-117.064337,442.583673,41.953461,1.565093,9,1,9,0,39.212080
11865.000000,33.578364,-117.064346,444.144663,41.506880,1.564115,9,1,10,0,37.476884
11880.000000,33.578371,-117.064325,440.030964,41.955258,1.563131,9,1,10,0,41.827090
11895.000000,33.578376,-117.064331,440.750174,41.276674,1.562141,9,1,10,0,41.158482
11910.000000,33.578377,-117.064318,437.386561,41.536472,1.561145,9,1,10,0,44.381861
11925.000000,33.578375,-117.064319,436.291591,42.031438,1.560142,9,1,10,0,45.075997
11940.000000,33.578377,-117.064331,438.638786,46.277398,2.054393,8,1,10,0,42.757554
11955.000000,33.578378,-117.064329,438.267445,46.239634,2.051394,8,1,10,0,43.175961
11970.000000,33.578374,-117.064330,436.452085,47.079375,2.048375,8,1,10,0,44.323854
11985.000000,33.578370,-117.064335,437.163496,46.771601,2.045337,8,1,10,0,43.379403
12000.000000,33.578376,-117.064329,435.977595,46.256728,2.042283,8,1,10,0,44.829720
12015.000000,33.578376,-117.064334,433.692934,46.945646,2.039211,8,1,10,0,46.341755
12030.000000,33.578370,-117.064334,433.077721,47.092366,2.036122,8,1,10,0,46.614356
12045.000000,33.578381,-117.064327,433.619619,45.781489,2.033017,8,1,10,0,46.912973
12060.000000,33.578378,-117.064330,431.806598,46.644988,2.029897,8,1,10,0,48.074175
12075.000000,33.578387,-117.064320,431.053159,45.926895,2.026763,8,1,10,0,49.455320
12090.000000,33.578384,-117.064325,431.192041,46.089795,2.023614,8,1,10,0,49.000212
12105.000000,33.578384,-117.064327,430.575745,46.283275,2.020452,8,1,10,0,49.431269
12120.000000,33.578383,-117.064331,430.171168,45.845053,2.017277,8,1,10,0,49.520927
12135.000000,33.578379,-117.064325,428.894945,46.564195,2.014089,8,1,10,0,50.677231
12150.000000,33.578392,-117.064321,428.705659,45.140371,2.010890,8,1,10,0,51.467087
12165.000000,33.578389,-117.064316,428.686740,45.021670,2.007680,8,1,10,0,51.595638
12180.000000,33.578381,-117.064323,427.060454,45.578425,2.004459,8,1,10,0,52.325935
12195.000000,33.578386,-117.064312,427.471817,44.658237,2.001228,8,1,10,0,52.649451
12210.000000,33.578388,-117.064310,425.753301,44.846760,1.997987,8,1,10,0,54.214967
12225.000000,33.578382,-117.064311,425.377328,45.330663,1.994738,8,1,10,0,54.338066
12240.000000,33.578384,-117.064309,425.974587,45.024916,1.991480,8,1,10,0,53.966912
12255.000000,33.578388,-117.064300,425.016644,44.705215,1.988215,8,1,10,0,55.303197
12270.000000,33.578384,-117.064306,423.700389,45.436514,1.984942,8,1,10,0,55.981751
12285.000000,33.578387,-117.064305,424.653422,44.680550,1.981663,8,1,10,0,55.368454
12300.000000,33.578383,-117.064306,423.954899,44.870855,1.978377,8,1,10,0,55.763006
12315.000000,33.578377,-117.064309,424.073776,45.208464,1.975086,8,1,10,0,55.338946
12330.000000,33.578385,-117.064302,424.237665,44.119456,1.971789,8,1,10,0,55.740376
12345.000000,33.578384,-117.064302,423.936641,44.178272,1.968488,8,1,10,0,55.963576
12360.000000,33.578374,-117.064308,422.509848,45.485987,1.965183,8,1,10,0,56.595436
12375.000000,33.578388,-117.064302,423.096433,44.115113,1.961874,8,1,10,0,56.768619
12390.000000,33.578390,-117.064295,423.407564,43.978839,1.958562,8,1,10,0,56.907777
12405.000000,33.578379,-117.064301,420.052267,45.522509,1.955248,8,1,10,0,59.126573
12420.000000,33.578387,-117.064297,421.716171,44.262138,1.951931,8,1,10,0,58.106752
12435.000000,33.578393,-117.064294,421.189665,43.644899,1.948613,8,1,10,0,58.908234
12450.000000,33.578380,-117.064301,418.885034,44.696979,1.945293,8,1,10,0,60.139433
12465.000000,33.578381,-117.064301,419.776389,44.209196,1.941972,8,1,10,0,59.401385
12480.000000,33.578389,-117.064289,418.721466,43.324623,1.938652,8,1,10,0,61.066240
12495.000000,33.578383,-117.064294,417.951659,43.918232,1.935331,8,1,10,0,61.281537
12510.000000,33.578385,-117.064291,419.489955,43.324372,1.932011,8,1,10,0,60.209019
12525.000000,33.578392,-117.064285,417.798062,43.035396,1.928692,8,1,10,0,62.095550
12540.000000,33.578371,-117.064302,417.294999,44.352373,1.925374,8,1,10,0,61.210698
12555.000000,33.578388,-117.064289,417.760463,43.072857,1.922058,8,1,10,0,61.853443
12570.000000,33.578390,-117.064285,418.049398,42.684252,1.918744,8,1,10,0,61.829858
12585.000000,33.578370,-117.064303,416.685264,44.489857,1.915433,8,1,10,0,61.661513
12600.000000,33.578383,-117.064293,414.411888,43.862114,1.912125,8,1,10,0,64.390536
12615.000000,33.578390,-117.064288,418.874056,41.929415,1.908820,8,1,10,0,60.973383
12630.000000,33.578380,-117.064296,416.933783,42.892853,1.905520,8,1,10,0,62.011793
12645.000000,33.578372,-117.064293,413.938542,44.239485,1.902223,8,1,10,0,64.500025
12660.000000,33.578385,-117.064290,416.211207,42.443180,1.898931,8,1,10,0,63.027160
12675.000000,33.578387,-117.064286,415.123704,42.328593,1.895644,8,1,10,0,64.178647
12690.000000,33.578377,-117.064287,412.630949,43.497921,1.892362,8,1,10,0,66.009480
12705.000000,33.578385,-117.064290,415.214166,41.831187,1.889086,8,1,10,0,63.847588
12720.000000,33.578381,-117.064289,414.494326,42.084151,1.885815,8,1,10,0,64.438980
12735.000000,33.578376,-117.064289,411.157026,43.267516,1.882551,8,1,10,0,67.190662
12750.000000,33.578383,-117.064288,415.438975,41.386002,1.879294,8,1,10,0,63.703403
12765.000000,33.578380,-117.064285,413.936800,41.987772,1.876043,8,1,10,0,65.026080
12780.000000,33.578375,-117.064283,410.448176,43.011801,1.872800,8,1,10,0,68.024972
12795.000000,33.578376,-117.064288,412.144154,42.200183,1.869564,8,1,10,0,66.378340
12810.000000,33.578385,-117.064285,413.382256,41.349912,1.866336,8,1,10,0,65.650322
12825.000000,33.578380,-117.064281,411.376332,41.923453,1.863116,8,1,10,0,67.422537
12840.000000,33.578363,-117.064292,411.196652,42.970947,1.859905,8,1,10,0,66.730964
12855.000000,33.578375,-117.064279,411.317721,41.966879,1.856702,8,1,10,0,67.455903
12870.000000,33.578378,-117.064282,412.348955,41.358045,1.853508,8,1,10,0,66.520843
12885.000000,33.578372,-117.064289,412.466319,41.273845,1.850324,8,1,10,0,65.962570
12900.000000,33.578373,-117.064288,410.413932,41.819935,1.847149,8,1,10,0,67.829789
12915.000000,33.578371,-117.064286,411.496858,41.411458,1.843984,8,1,10,0,66.909760
12930.000000,33.578369,-117.064289,411.654379,41.540300,1.840828,8,1,10,0,66.603739
12945.000000,33.578376,-117.064284,410.710607,41.250112,1.837684,8,1,10,0,67.773147
12960.000000,33.578379,-117.064277,410.619329,40.810763,1.834549,8,1,10,0,68.255120
12975.000000,33.578373,-117.064279,410.283735,40.727073,1.831425,8,1,10,0,68.294477
12990.000000,33.578363,-117.064287,410.156383,41.248657,1.828312,8,1,10,0,67.878020
13005.000000,33.578370,-117.064279,409.979955,40.985086,1.825211,8,1,10,0,68.479790
13020.000000,33.578376,-117.064280,411.506210,40.078397,1.822120,8,1,10,0,67.250236
13035.000000,33.578375,-117.064274,409.047117,40.459261,1.819042,8,1,10,0,69.624791
13050.000000,33.578367,-117.064278,408.353485,41.001021,1.815975,8,1,10,0,69.893047
13065.000000,33.578368,-117.064283,407.534392,40.869425,1.812920,8,1,10,0,70.432857
13080.000000,33.578369,-117.064284,407.908233,40.500107,1.809877,8,1,10,0,70.104237
13095.000000,33.578374,-117.064275,406.871794,40.524245,1.806846,8,1,10,0,71.482320
13110.000000,33.578369,-117.064283,409.280946,39.892669,1.803828,8,1,10,0,68.924837
13125.000000,33.578364,-117.064280,407.195629,40.490785,1.800823,8,1,10,0,70.797742
13140.000000,33.578367,-117.064278,409.039019,39.956866,1.797831,8,1,10,0,69.301592
13155.000000,33.578368,-117.064279,408.907355,39.437597,1.794851,8,1,10,0,69.376625
13170.000000,33.578363,-117.064278,408.907568,39.683786,1.791885,8,1,10,0,69.331218
13185.000000,33.578360,-117.064279,408.351254,39.852741,1.788932,8,1,10,0,69.716922
13200.000000,33.578357,-117.064280,407.204760,40.171014,1.785993,8,1,10,0,70.621361
13215.000000,33.578360,-117.064279,407.763566,39.628460,1.783068,8,1,10,0,70.217991
13230.000000,33.578367,-117.064276,409.069887,38.892597,1.780156,8,1,10,0,69.322178
13245.000000,33.578351,-117.064281,407.748794,40.110114,1.777258,8,1,10,0,69.964008
13260.000000,33.578350,-117.064277,405.556029,40.417497,1.774374,8,1,10,0,72.072453
13275.000000,33.578367,-117.064272,409.157832,38.550422,1.771504,8,1,10,0,69.438503
13290.000000,33.578365,-117.064271,409.223138,38.545341,1.768649,8,1,10,0,69.352158
13305.000000,33.578353,-117.064277,407.342784,39.643677,1.765808,8,1,10,0,70.528358
13320.000000,33.578357,-117.064270,406.700121,39.150961,1.762981,8,1,10,0,71.485892
13335.000000,33.578359,-117.064273,409.183399,38.560285,1.760169,8,1,10,0,69.197421
13350.000000,33.578366,-117.064266,406.743912,38.598345,1.757372,8,1,10,0,71.759179
13365.000000,33.578355,-117.064276,407.708532,38.684571,1.754590,8,1,10,0,70.278873
13380.000000,33.578358,-117.064270,406.223448,38.729084,1.751823,8,1,10,0,71.924857
13395.000000,33.578348,-117.064279,407.836150,38.784433,1.749070,8,1,10,0,69.918234
13410.000000,33.578362,-117.064264,408.216776,38.044083,1.746333,8,1,10,0,70.471287
13425.000000,33.578347,-117.064272,406.868979,38.649508,1.743612,8,1,10,0,71.041576
13440.000000,33.578349,-117.064273,403.907728,39.134432,1.740905,8,1,10,0,73.712073
13455.000000,33.578353,-117.064275,406.125365,38.230583,1.738214,8,1,10,0,71.709523
13470.000000,33.578355,-117.064274,406.738445,37.900159,1.735538,8,1,10,0,71.262085
13485.000000,33.578354,-117.064277,406.940190,37.541926,1.732878,8,1,10,0,70.903815
13500.000000,33.578348,-117.064283,407.216343,37.773600,1.730233,8,1,10,0,70.330631
13515.000000,33.578355,-117.064278,405.412956,37.542997,1.727604,8,1,10,0,72.287853
13530.000000,33.578345,-117.064286,408.431412,37.306194,1.724991,8,1,10,0,69.049951
13545.000000,33.578353,-117.064273,404.941730,37.556574,1.722394,8,1,11,0,72.862443
13560.000000,33.578350,-117.064284,409.433097,36.903812,1.719812,8,1,11,0,68.347493
13575.000000,33.578349,-117.064276,404.119144,37.704047,1.717246,8,1,11,0,73.399683
13590.000000,33.578341,-117.064295,407.481020,37.084333,1.714696,8,1,11,0,69.498193
13605.000000,33.578367,-117.064268,406.790934,36.071649,1.712162,8,1,11,0,71.664508
13620.000000,33.578338,-117.064293,408.481916,37.213759,1.709645,8,1,10,0,68.614600
13635.000000,33.578355,-117.064274,406.414751,36.470139,1.707143,8,1,10,0,71.512304
13650.000000,33.578335,-117.064288,406.596499,37.319377,1.704657,8,1,10,0,70.475720
13665.000000,33.578349,-117.064275,407.522933,36.429400,1.702188,8,1,10,0,70.387335
13680.000000,33.578343,-117.064278,406.557003,36.777819,1.699735,8,1,11,0,71.011788
13695.000000,33.578335,-117.064286,406.477510,37.087738,1.697298,8,1,11,0,70.670704
13710.000000,33.578327,-117.064284,402.708996,37.775120,1.694877,8,1,10,0,74.005716
13725.000000,33.578328,-117.064284,406.067200,36.937873,1.692472,8,1,10,0,71.009328
13740.000000,33.578721,-117.064142,493.754962,14.963310,2.207277,7,1,10,0,71.892708
13755.000000,33.578722,-117.064138,492.982259,15.117627,2.210654,7,1,10,0,71.989063
13770.000000,33.578722,-117.064131,492.611995,15.106843,2.214082,7,1,10,0,72.208317
13785.000000,33.578719,-117.064139,493.773781,15.166771,2.217560,7,1,10,0,71.949543
13800.000000,33.578725,-117.064133,492.964039,15.398884,2.221089,7,1,10,0,72.499629
13815.000000,33.578723,-117.064137,494.360412,15.275483,2.224669,7,1,10,0,72.623326
13830.000000,33.578724,-117.064129,493.483127,15.496649,2.228300,7,1,10,0,72.759331
13845.000000,33.578717,-117.064143,496.310028,15.087656,2.231981,7,1,10,0,72.382715
13860.000000,33.578724,-117.064131,494.261343,15.636612,2.235713,7,1,10,0,72.940551
13875.000000,33.578724,-117.064133,495.568659,15.319010,2.239496,7,1,10,0,73.229238
13890.000000,33.578724,-117.064138,495.613906,15.338459,2.243329,7,1,10,0,73.036849
13905.000000,33.578721,-117.064137,495.880725,15.418775,2.247213,7,1,10,0,72.956710
13920.000000,33.578722,-117.064137,495.549796,15.556566,2.251147,7,1,10,0,72.860857
13935.000000,33.578720,-117.064142,496.693579,15.464116,2.255132,7,1,10,0,72.852773
13950.000000,33.578724,-117.064134,495.880495,15.737734,2.259168,7,1,10,0,73.376399
13965.000000,33.578721,-117.064140,496.693756,15.851339,2.263254,7,1,10,0,73.008908
13980.000000,33.578720,-117.064140,496.008406,15.952192,2.267390,7,1,10,0,72.752941
13995.000000,33.578724,-117.064133,495.568240,16.195424,2.271576,7,1,10,0,73.244082
14010.000000,33.578719,-117.064141,497.668539,15.897916,2.275812,7,1,10,0,73.221848
14025.000000,33.578721,-117.064137,497.325484,16.154989,2.280099,7,1,10,0,73.409462
14040.000000,33.578718,-117.064141,497.521587,16.132318,2.284435,7,1,10,0,73.107837
14055.000000,33.578718,-117.064141,497.697049,16.055116,2.288820,7,1,10,0,73.141628
14070.000000,33.578717,-117.064144,498.451440,16.119213,2.293256,7,1,10,0,73.184445
14085.000000,33.578717,-117.064138,498.464375,16.143694,2.297740,7,1,10,0,73.485978
14100.000000,33.578718,-117.064135,498.788281,16.248196,2.302274,7,1,10,0,73.921383
14115.000000,33.578722,-117.064130,497.538080,16.543952,2.306857,7,1,10,0,73.961688
14130.000000,33.578722,-117.064135,498.366266,16.643752,2.311488,7,1,10,0,73.996095
14145.000000,33.578721,-117.064128,496.929883,16.994499,2.316168,7,1,10,0,73.817092
14160.000000,33.578718,-117.064131,497.606664,16.871653,2.320896,7,1,10,0,73.651586
14175.000000,33.578720,-117.064131,497.562273,17.093267,2.325671,7,1,10,0,73.806890
14190.000000,33.578720,-117.064131,498.523081,17.083612,2.330495,7,1,10,0,74.165766
14205.000000,33.578717,-117.064130,499.425438,16.955999,2.335366,7,1,10,0,74.367393
14220.000000,33.578717,-117.064132,499.933200,17.075424,2.340283,7,1,10,0,74.396213
14235.000000,33.578717,-117.064132,499.410719,17.268068,2.345248,7,1,10,0,74.224133
14250.000000,33.578719,-117.064130,499.446564,17.406171,2.350258,7,1,10,0,74.467254
14265.000000,33.578720,-117.064129,500.554158,17.446021,2.355315,7,1,10,0,75.059405
14280.000000,33.578719,-117.064124,498.468750,17.741001,2.360417,7,1,10,0,74.439528
14295.000000,33.578718,-117.064124,498.729613,17.796702,2.365564,7,1,10,0,74.472482
14310.000000,33.578719,-117.064117,498.150233,17.997683,2.370755,7,1,10,0,74.708306
14325.000000,33.578718,-117.064129,499.055674,17.990242,2.375991,7,1,10,0,74.313990
14340.000000,33.578718,-117.064125,499.579126,18.009147,2.381270,7,1,10,0,74.739895
14355.000000,33.578720,-117.064127,500.687949,17.870762,2.386592,7,1,10,0,75.273638
14370.000000,33.578718,-117.064127,501.907359,17.888755,2.391957,7,1,10,0,75.576276
14385.000000,33.578718,-117.064128,502.269339,17.998953,2.397364,7,1,10,0,75.640728
14400.000000,33.578717,-117.064126,501.167255,18.156920,2.402812,7,1,10,0,75.197859
14415.000000,33.578715,-117.064129,500.825716,18.298416,2.408301,7,1,10,0,74.799783
14430.000000,33.578714,-117.064130,502.359200,18.277729,2.413830,7,1,10,0,75.280207
14445.000000,33.578715,-117.064124,502.151997,18.435659,2.419398,7,1,10,0,75.593139
14460.000000,33.578711,-117.064126,503.534640,18.405080,2.425004,7,1,10,0,75.758057
14475.000000,33.578712,-117.064126,501.756234,18.723488,2.430649,7,1,10,0,75.116709
14490.000000,33.578711,-117.064129,502.113078,18.797893,2.436331,7,1,10,0,75.022092
14505.000000,33.578711,-117.064127,501.170117,19.087158,2.442050,7,1,10,0,74.739737
14520.000000,33.578708,-117.064124,500.136376,19.272256,2.447803,7,1,10,0,74.183960
14535.000000,33.578706,-117.064126,502.529150,19.077624,2.453592,7,1,10,0,75.000096
14550.000000,33.578706,-117.064123,500.183167,19.364462,2.459414,7,1,10,0,74.174529
14565.000000,33.578705,-117.064124,501.400453,19.364243,2.465269,7,1,10,0,74.554867
14580.000000,33.578706,-117.064128,501.747583,19.295360,2.471155,7,1,10,0,74.534886
14595.000000,33.578709,-117.064116,499.208788,20.053039,2.477073,7,1,10,0,74.398443
14610.000000,33.578705,-117.064125,502.555903,19.621816,2.483020,7,1,10,0,74.957712
14625.000000,33.578703,-117.064127,503.107285,19.592663,2.488996,7,1,10,0,74.924863
14640.000000,33.578695,-117.064120,501.446193,19.829710,2.495000,7,1,10,0,74.026553
14655.000000,33.578694,-117.064132,503.389080,19.459163,2.501030,7,1,10,0,74.176871
14670.000000,33.578695,-117.064124,502.656523,19.793565,2.507086,7,1,10,0,74.312138
14685.000000,33.578698,-117.064127,504.318300,20.104570,2.513165,7,1,10,0,75.112424
14700.000000,33.578699,-117.064129,503.571488,20.202583,2.519268,7,1,10,0,74.701183
14715.000000,33.578695,-117.064124,499.740571,20.658640,2.525392,7,1,10,0,73.100800
14730.000000,33.578692,-117.064125,502.235061,20.564018,2.531536,7,1,10,0,73.888271
14745.000000,33.578691,-117.064119,501.030498,20.941864,2.537699,7,1,10,0,73.562023
14760.000000,33.578688,-117.064118,500.469531,21.041880,2.543879,7,1,10,0,73.172201
14775.000000,33.578684,-117.064130,504.169473,20.390230,2.550075,7,1,10,0,73.785860
14790.000000,33.578683,-117.064123,498.815852,21.248242,2.556287,7,1,10,0,71.809150
14805.000000,33.578649,-117.064209,481.937612,19.832877,2.136776,8,1,10,0,58.937112
14820.000000,33.578643,-117.064214,482.248800,19.641157,2.139581,8,1,10,0,58.303060
14835.000000,33.578642,-117.064207,480.688203,19.845881,2.142360,8,1,10,0,58.261560
14850.000000,33.578641,-117.064215,482.451575,19.811869,2.145110,8,1,10,0,58.134083
14865.000000,33.578641,-117.064213,480.583174,20.380616,2.147833,8,1,10,0,57.833113
14880.000000,33.578637,-117.064209,480.931776,20.351894,2.150525,8,1,10,0,57.769434
14895.000000,33.578635,-117.064213,480.544454,20.527050,2.153186,8,1,10,0,57.330319
14910.000000,33.578639,-117.064202,480.904112,20.440141,2.155815,8,1,10,0,58.336502
14925.000000,33.578627,-117.064212,479.542830,20.574082,2.158411,8,1,10,0,56.548526
14940.000000,33.578626,-117.064215,477.819678,20.825699,2.160972,8,1,10,0,55.993572
14955.000000,33.578627,-117.064211,479.235015,20.774530,2.163497,8,1,10,0,56.556598
14970.000000,33.578624,-117.064222,479.360884,20.935307,2.165985,8,1,10,0,55.694582
14985.000000,33.578622,-117.064222,479.255963,21.104825,2.168434,8,1,10,0,55.440868
15000.000000,33.578620,-117.064214,477.692584,20.965057,2.170845,8,1,10,0,55.549419
15015.000000,33.578611,-117.064230,479.421936,20.914518,2.173214,8,1,10,0,54.131212
15030.000000,33.578614,-117.064216,475.688902,21.494852,2.175542,8,1,10,0,54.675322
15045.000000,33.578611,-117.064207,473.885440,21.748793,2.177826,8,1,10,0,54.813774
15060.000000,33.578607,-117.064224,476.717412,21.211183,2.180066,8,1,10,0,53.677228
15075.000000,33.578605,-117.064213,475.080701,21.573130,2.182261,8,1,10,0,54.063845
15090.000000,33.578601,-117.064222,476.524867,21.422418,2.184409,8,1,10,0,53.368954
15105.000000,33.578593,-117.064229,471.242559,22.071210,2.186509,8,1,10,0,51.866393
15120.000000,33.578592,-117.064221,471.791700,21.932849,2.188560,8,1,10,0,52.314566
15135.000000,33.578592,-117.064228,475.016638,21.780847,2.190560,8,1,10,0,52.050516
15150.000000,33.578584,-117.064242,475.164818,21.935777,2.192510,8,1,10,0,50.547568
15165.000000,33.578585,-117.064221,472.344409,22.096278,2.194407,8,1,10,0,51.735455
15180.000000,33.578579,-117.064224,473.480711,21.962686,2.196249,8,1,10,0,51.118008
15195.000000,33.578576,-117.064229,474.723308,22.011772,2.198038,8,1,10,0,50.636198
15210.000000,33.578566,-117.064235,470.200581,22.535149,2.199770,8,1,10,0,49.270438
15225.000000,33.578563,-117.064303,487.007484,25.193363,2.701368,7,1,10,0,47.997869
15240.000000,33.578563,-117.064302,486.498014,25.341872,2.705159,7,1,10,0,47.828262
15255.000000,33.578556,-117.064304,486.054276,25.364505,2.708923,7,1,10,0,47.011928
15270.000000,33.578551,-117.064307,485.127080,25.599930,2.712656,7,1,10,0,46.150098
15285.000000,33.578550,-117.064307,484.501780,25.696240,2.716358,7,1,10,0,45.850411
15300.000000,33.578531,-117.064311,479.300362,22.593091,2.121427,8,1,10,0,42.667479
15315.000000,33.578524,-117.064310,478.088176,22.685686,2.122414,8,1,11,0,41.959503
15330.000000,33.578543,-117.064309,481.818472,22.899851,2.123417,8,1,11,0,44.362153
15345.000000,33.578519,-117.064311,480.201187,22.551183,2.124437,8,1,11,0,41.850549
15360.000000,33.578535,-117.064310,480.790991,22.835997,2.125474,8,1,11,0,43.418678
15375.000000,33.578525,-117.064309,479.481892,23.055351,2.126527,8,1,11,0,42.321576
15390.000000,33.578528,-117.064307,479.044607,23.090553,2.127596,8,1,11,0,42.628491
15405.000000,33.578535,-117.064308,482.057920,23.190770,2.128681,8,1,11,0,43.862619
15420.000000,33.578522,-117.064309,479.368840,23.170809,2.129781,8,1,11,0,42.074511
15435.000000,33.578497,-117.064304,477.362509,22.840164,2.130897,8,1,11,0,39.935846
15450.000000,33.578519,-117.064308,478.997668,23.338139,2.132027,8,1,11,0,41.748145
15465.000000,33.578520,-117.064309,479.560025,23.474503,2.133172,8,1,11,0,41.905680
15480.000000,33.578522,-117.064305,480.356828,23.530631,2.134331,8,1,11,0,42.500834
15495.000000,33.578514,-117.064307,478.505909,23.515090,2.135503,8,1,11,0,41.336103
15510.000000,33.578513,-117.064305,480.602133,23.230200,2.136689,8,1,11,0,41.835787
15525.000000,33.578498,-117.064307,476.972620,23.361705,2.137888,8,1,11,0,39.782874
15540.000000,33.578513,-117.064303,478.844232,23.631039,2.139100,8,1,11,0,41.585795
15555.000000,33.578506,-117.064305,477.635769,23.851339,2.140324,8,1,11,0,40.639892
15570.000000,33.578522,-117.064303,480.862818,23.896471,2.141559,8,1,11,0,42.799038
15585.000000,33.578504,-117.064304,476.270231,24.071802,2.142807,8,1,11,0,40.311545
15600.000000,33.578517,-117.064300,480.512405,23.894136,2.144065,8,1,11,0,42.433597
15615.000000,33.578494,-117.064303,475.266072,24.157950,2.145334,8,1,11,0,39.488583
15630.000000,33.578489,-117.064304,475.514016,23.923328,2.146613,8,1,11,0,39.028974
15645.000000,33.578496,-117.064305,476.567255,24.071893,2.147901,8,1,11,0,39.675370
15660.000000,33.578478,-117.064304,473.893661,24.057417,2.149199,8,1,11,0,37.966207
15675.000000,33.578482,-117.064303,475.401752,24.199654,2.150505,8,1,11,0,38.542924
15690.000000,33.578472,-117.064306,473.899366,24.173074,2.151819,8,1,11,0,37.381767
15705.000000,33.578489,-117.064305,475.411453,24.618940,2.153141,8,1,11,0,38.940341
15720.000000,33.578495,-117.064301,475.716355,24.613463,2.154470,8,1,11,0,39.745414
15735.000000,33.578491,-117.064302,475.769916,24.790554,2.155806,8,1,11,0,39.360939
15750.000000,33.578488,-117.064300,474.817598,24.969469,2.157147,8,1,11,0,39.153825
15765.000000,33.578473,-117.064301,472.854960,24.831770,2.158495,8,1,11,0,37.734427
15780.000000,33.578479,-117.064302,473.664078,24.878440,2.159847,8,1,11,0,38.192370
15795.000000,33.578473,-117.064302,472.847091,24.838821,2.161204,8,1,11,0,37.724595
15810.000000,33.578482,-117.064303,473.326015,25.298332,2.162564,8,1,11,0,38.309884
15825.000000,33.578479,-117.064300,474.543511,25.222202,2.163927,8,1,11,0,38.432775
15840.000000,33.578475,-117.064303,472.795357,25.165108,2.165294,8,1,11,0,37.710335
15855.000000,33.578472,-117.064299,473.570534,25.258347,2.166662,8,1,10,0,37.857333
15870.000000,33.578470,-117.064296,472.461780,25.459902,2.168031,8,1,10,0,37.878873
15885.000000,33.578470,-117.064302,472.401017,25.605842,2.169401,8,1,10,0,37.409606
15900.000000,33.578477,-117.064300,474.015287,25.650531,2.170771,8,1,10,0,38.218121
15915.000000,33.578474,-117.064299,472.867187,25.907106,2.172141,8,1,10,0,38.006002
15930.000000,33.578459,-117.064294,471.370336,25.756334,2.173510,8,1,10,0,37.136675
15945.000000,33.578458,-117.064289,471.324819,25.586888,2.174876,8,1,10,0,37.373378
15960.000000,33.578462,-117.064291,472.819511,25.834726,2.176240,8,1,10,0,37.610812
15975.000000,33.578457,-117.064295,470.549867,25.960132,2.177600,8,1,10,0,36.857245
15990.000000,33.578439,-117.064291,468.115194,25.753960,2.178957,8,1,10,0,35.929852
16005.000000,33.578445,-117.064290,469.288977,26.160699,2.180309,8,1,10,0,36.363973
16020.000000,33.578450,-117.064288,470.502873,26.172647,2.181655,8,1,10,0,36.884449
16035.000000,33.578454,-117.064294,469.469064,26.576757,2.182995,8,1,10,0,36.791447
16050.000000,33.578435,-117.064289,466.974090,26.105567,2.184329,8,1,10,0,35.945059
16065.000000,33.578447,-117.064294,468.834713,26.656907,2.185654,8,1,10,0,36.322073
16080.000000,33.578443,-117.064290,468.423379,26.495303,2.186971,8,1,10,0,36.337485
16095.000000,33.578448,-117.064293,467.745735,26.929285,2.188279,8,1,10,0,36.451050
16110.000000,33.578437,-117.064288,468.708932,26.361986,2.189577,8,1,10,0,36.003637
16125.000000,33.578431,-117.064289,467.044953,26.277894,2.190864,8,1,10,0,35.654170
16140.000000,33.578433,-117.064291,468.001928,26.378289,2.192140,8,1,10,0,35.603132
16155.000000,33.578421,-117.064291,466.638669,26.305271,2.193404,8,1,10,0,34.977323
16170.000000,33.578416,-117.064285,464.122592,26.359610,2.194655,8,1,10,0,35.417365
16185.000000,33.578425,-117.064285,465.627116,26.847648,2.195891,8,1,10,0,35.692348
16200.000000,33.578420,-117.064281,465.888291,26.562695,2.197113,8,1,10,0,35.708297
16215.000000,33.578419,-117.064284,465.184730,26.782494,2.198320,8,1,10,0,35.467062
16230.000000,33.578422,-117.064280,465.747413,26.963252,2.199510,8,1,10,0,35.960696
16245.000000,33.578409,-117.064284,464.692483,26.836674,2.200683,8,1,10,0,34.920512
16260.000000,33.578402,-117.064275,462.019205,26.766893,2.201839,8,1,10,0,35.739568
16275.000000,33.578399,-117.064277,461.276158,26.960903,2.202975,8,1,10,0,35.604381
16290.000000,33.578406,-117.064282,463.522920,27.078579,2.204092,8,1,10,0,35.155632
16305.000000,33.578400,-117.064281,460.714721,27.298465,2.205189,8,1,10,0,35.520950
16320.000000,33.578401,-117.064274,461.950269,27.232859,2.206264,8,1,10,0,35.860024
16335.000000,33.578402,-117.064280,463.750807,27.343964,2.207318,8,1,10,0,35.016012
16350.000000,33.578395,-117.064278,460.228490,27.525903,2.208349,8,1,10,0,35.607194
16365.000000,33.578389,-117.064276,460.263054,27.416354,2.209356,8,1,10,0,35.418134
16380.000000,33.578394,-117.064275,462.090914,27.423381,2.210338,8,1,10,0,35.360331
16395.000000,33.578385,-117.064276,460.156150,27.303584,2.211295,8,1,10,0,35.336265
16410.000000,33.578382,-117.064271,460.571916,27.345819,2.212226,8,1,10,0,35.424359
16425.000000,33.578386,-117.064271,461.989954,27.405208,2.213130,8,1,10,0,35.230984
16440.000000,33.578385,-117.064272,459.582019,27.737094,2.214006,8,1,10,0,35.773281
16455.000000,33.578375,-117.064273,458.864950,27.485721,2.214854,8,1,10,0,35.463671
16470.000000,33.578387,-117.064265,459.727379,27.994625,2.215672,8,1,10,0,36.421494
16485.000000,33.578380,-117.064265,458.219119,28.047010,2.216461,8,1,10,0,36.483260
16500.000000,33.578376,-117.064265,458.154099,28.023604,2.217218,8,1,9,0,36.329623
16515.000000,33.578377,-117.064261,456.817514,28.345974,2.217943,8,1,9,0,37.167967
16530.000000,33.578376,-117.064260,457.499787,28.217272,2.218635,8,1,9,0,36.939158
16545.000000,33.578363,-117.064257,456.967465,27.823640,2.219295,8,1,9,0,36.825032
16560.000000,33.578365,-117.064267,455.037945,28.632800,2.219920,8,1,9,0,36.844687
16575.000000,33.578365,-117.064258,455.675945,28.430540,2.220510,8,1,9,0,37.317827
16590.000000,33.578362,-117.064255,456.530190,28.075832,2.221065,8,1,9,0,37.111372
16605.000000,33.578355,-117.064254,455.624992,27.945708,2.221583,8,1,9,0,37.265912
16620.000000,33.578350,-117.064260,455.543271,27.954320,2.222064,8,1,9,0,36.653982
16635.000000,33.578342,-117.064257,453.120298,28.021787,2.222507,8,1,9,0,37.668699
16650.000000,33.578344,-117.064259,455.156746,28.034121,2.222911,8,1,9,0,36.638533
16665.000000,33.578337,-117.064253,453.367004,27.845437,2.223276,8,1,9,0,37.649094
16680.000000,33.578344,-117.064257,454.942217,28.451130,2.223601,8,1,9,0,36.905953
16695.000000,33.578335,-117.064259,451.712364,28.527758,2.223886,8,1,9,0,37.938480
16710.000000,33.578333,-117.064254,451.840679,28.466259,2.224129,8,1,9,0,38.182776
16725.000000,33.578329,-117.064256,451.264573,28.479447,2.224330,8,1,9,0,38.187272
16740.000000,33.578332,-117.064244,451.039517,28.634549,2.224489,8,1,9,0,39.319421
16755.000000,33.578323,-117.064249,450.317214,28.560068,2.224604,8,1,9,0,39.062053
16770.000000,33.578320,-117.064248,448.420551,28.592686,2.224676,8,1,9,0,40.044585
16785.000000,33.578309,-117.064252,448.978062,28.341303,2.224702,8,1,9,0,39.213221
16800.000000,33.578312,-117.064246,446.147665,28.731517,2.224684,8,1,9,0,41.290194
16815.000000,33.578312,-117.064248,447.353939,28.891953,2.224621,8,1,9,0,40.441178
16830.000000,33.578306,-117.064247,447.319208,28.471203,2.224511,8,1,9,0,40.387957
16845.000000,33.578258,-117.064173,473.241853,28.086342,2.421322,7,1,9,0,39.751871
16860.000000,33.578251,-117.064172,473.094417,27.965832,2.422177,7,1,9,0,39.801061
16875.000000,33.578252,-117.064166,472.179847,28.115276,2.423000,7,1,9,0,40.288537
16890.000000,33.578245,-117.064168,473.076425,27.999664,2.423790,7,1,9,0,40.145344
16905.000000,33.578247,-117.064160,470.953783,28.181587,2.424548,7,1,9,0,40.733307
16920.000000,33.578239,-117.064164,470.379709,28.025439,2.425273,7,1,9,0,40.379687
16935.000000,33.578232,-117.064163,468.757584,28.044714,2.425963,7,1,9,0,40.497633
16950.000000,33.578233,-117.064155,467.074358,28.166238,2.426618,7,1,9,0,41.315672
16965.000000,33.578221,-117.064164,467.411009,27.925511,2.427239,7,1,9,0,40.575473
16980.000000,33.578226,-117.064156,466.851392,28.177923,2.427824,7,1,9,0,41.340930
16995.000000,33.578217,-117.064152,467.193616,27.983303,2.428372,7,1,9,0,41.681235
17010.000000,33.578214,-117.064154,467.690853,27.888083,2.428884,7,1,9,0,41.511760
17025.000000,33.578211,-117.064149,465.947194,27.940635,2.429359,7,1,9,0,42.124145
17040.000000,33.578206,-117.064153,464.396342,27.974882,2.429797,7,1,9,0,42.000996
17055.000000,33.578205,-117.064150,464.496783,27.976204,2.430197,7,1,9,0,42.302780
17070.000000,33.578203,-117.064151,465.245678,27.823666,2.430558,7,1,9,0,42.090733
17085.000000,33.578201,-117.064149,466.037719,27.924370,2.430881,7,1,9,0,42.225252
17100.000000,33.578202,-117.064144,465.956220,27.962352,2.431165,7,1,9,0,42.661487
17115.000000,33.578194,-117.064146,465.031229,27.606634,2.431410,7,1,9,0,42.714417
17130.000000,33.578187,-117.064143,464.780137,27.688092,2.431615,7,1,9,0,43.103321
17145.000000,33.578189,-117.064145,463.021482,27.911227,2.431780,7,1,9,0,43.178685
17160.000000,33.578189,-117.064140,463.827269,27.830671,2.431905,7,1,9,0,43.486710
17175.000000,33.578186,-117.064138,464.000125,27.824834,2.431989,7,1,9,0,43.708859
17190.000000,33.578182,-117.064134,463.147522,27.796918,2.432034,7,1,9,0,44.249393
17205.000000,33.578177,-117.064134,463.561629,27.751946,2.432037,7,1,9,0,44.268087
17220.000000,33.578176,-117.064135,462.274794,27.556469,2.431999,7,1,9,0,44.443848
17235.000000,33.578175,-117.064126,462.413083,27.756429,2.431920,7,1,9,0,45.224572
17250.000000,33.578172,-117.064127,463.071588,27.794080,2.431800,7,1,9,0,45.041852
17265.000000,33.578169,-117.064129,462.797879,27.749645,2.431638,7,1,9,0,45.039570
17280.000000,33.578169,-117.064128,461.178616,27.667629,2.431435,7,1,10,0,45.351038
17295.000000,33.578169,-117.064126,462.444430,27.754542,2.431190,7,1,10,0,45.371131
17310.000000,33.578162,-117.064128,461.494704,27.589741,2.430904,7,1,10,0,45.436459
17325.000000,33.578156,-117.064128,460.589120,27.453082,2.430576,7,1,10,0,45.794170
17340.000000,33.578153,-117.064125,460.585180,27.281417,2.430206,7,1,10,0,46.094241
17355.000000,33.578154,-117.064119,459.915947,27.343261,2.429795,7,1,10,0,46.777281
17370.000000,33.578151,-117.064118,459.707578,27.350238,2.429342,7,1,10,0,46.946837
17385.000000,33.578145,-117.064114,457.816845,27.336644,2.428848,7,1,10,0,47.947333
17400.000000,33.578139,-117.064117,457.505539,27.151950,2.428312,7,1,10,0,47.883715
17415.000000,33.578134,-117.064119,457.410780,27.182826,2.427735,7,1,10,0,47.907344
17430.000000,33.578132,-117.064113,456.854268,27.345607,2.427116,7,1,10,0,48.601798
17445.000000,33.578130,-117.064113,457.202819,27.222534,2.426457,7,1,10,0,48.599418
17460.000000,33.578130,-117.064108,457.246941,27.132934,2.425756,7,1,10,0,48.963803
17475.000000,33.578127,-117.064109,455.642906,27.002158,2.425015,7,1,10,0,49.423102
17490.000000,33.578126,-117.064108,456.137650,27.079685,2.424233,7,1,10,0,49.365498
17505.000000,33.578124,-117.064108,455.431616,26.829510,2.423411,7,1,10,0,49.667206
17520.000000,33.578118,-117.064114,455.414001,26.710711,2.422549,7,1,10,0,49.331572
17535.000000,33.578114,-117.064113,453.487021,26.602769,2.421648,7,1,10,0,50.154417
17550.000000,33.578114,-117.064106,452.950096,26.712872,2.420706,7,1,10,0,50.887714
17565.000000,33.578110,-117.064106,452.886863,26.503281,2.419726,7,1,10,0,51.085373
17580.000000,33.578108,-117.064105,453.030087,26.567509,2.418707,7,1,10,0,51.188111
17595.000000,33.578105,-117.064105,452.850074,26.392956,2.417649,7,1,10,0,51.308992
17610.000000,33.578106,-117.064098,453.328595,26.613715,2.416553,7,1,10,0,51.700132
17625.000000,33.578098,-117.064104,452.796752,26.366757,2.415419,7,1,10,0,51.676465
17640.000000,33.578095,-117.064101,451.242429,26.328912,2.414248,7,1,10,0,52.501474
17655.000000,33.578092,-117.064098,451.035684,26.397699,2.413040,7,1,10,0,52.950218
17670.000000,33.578089,-117.064097,448.754751,26.213340,2.411796,7,1,10,0,54.026328
17685.000000,33.578088,-117.064092,447.913123,26.112625,2.410515,7,1,10,0,54.798829
17700.000000,33.578086,-117.064090,447.645792,26.254927,2.409199,7,1,10,0,55.173730
17715.000000,33.578086,-117.064092,446.895134,26.062529,2.407848,7,1,10,0,55.257740
17730.000000,33.578079,-117.064100,448.123357,25.786176,2.406461,7,1,10,0,54.368543
17745.000000,33.578076,-117.064101,448.985797,25.770934,2.405041,7,1,10,0,54.104760
17760.000000,33.578071,-117.064101,450.087838,25.726529,2.403587,7,1,10,0,53.892259
17775.000000,33.578075,-117.064096,448.981827,25.696977,2.402100,7,1,10,0,54.543578
17790.000000,33.578075,-117.064084,447.492478,25.677150,2.400581,7,1,10,0,56.029235
17805.000000,33.578072,-117.064084,447.843305,25.659477,2.399029,7,1,10,0,56.016342
17820.000000,33.578066,-117.064085,447.763130,25.559680,2.397446,7,1,10,0,56.218699
17835.000000,33.578065,-117.064084,447.348333,25.637582,2.395832,7,1,10,0,56.492400
17850.000000,33.578060,-117.064085,445.508750,25.256136,2.394188,7,1,10,0,57.339513
17865.000000,33.578058,-117.064086,445.373197,25.289617,2.392514,7,1,10,0,57.432273
17880.000000,33.578057,-117.064088,445.807789,25.188374,2.390812,7,1,10,0,57.163869
17895.000000,33.578053,-117.064089,445.318359,25.123794,2.389080,7,1,10,0,57.439891
17910.000000,33.578054,-117.064083,445.520300,25.051475,2.387321,7,1,10,0,57.712270
17925.000000,33.578048,-117.064084,443.608129,24.884646,2.385535,7,1,10,0,58.809922
17940.000000,33.578048,-117.064083,445.011140,24.857400,2.383722,7,1,10,0,58.205963
17955.000000,33.578042,-117.064089,444.727924,24.664511,2.381883,7,1,10,0,58.133019
17970.000000,33.578041,-117.064086,446.378426,24.567834,2.380019,7,1,10,0,57.708031
17985.000000,33.578039,-117.064083,444.892608,24.541020,2.378131,7,1,10,0,58.615083
18000.000000,33.578037,-117.064083,445.347260,24.593302,2.376218,7,1,10,0,58.552401
18015.000000,33.578036,-117.064080,444.303702,24.326650,2.374282,7,1,10,0,59.250830
18030.000000,33.578036,-117.064082,443.226462,24.192884,2.372324,7,1,10,0,59.588828
18045.000000,33.578036,-117.064074,443.257536,24.371709,2.370344,7,1,10,0,60.159417
18060.000000,33.578033,-117.064073,443.509871,24.410129,2.368342,7,1,10,0,60.298769
18075.000000,33.578030,-117.064074,444.077856,24.359437,2.366320,7,1,10,0,60.062623
18090.000000,33.578031,-117.064075,443.130831,24.197852,2.364279,7,1,10,0,60.329254
18105.000000,33.578028,-117.064073,442.697833,24.190461,2.362218,7,1,10,0,60.821254
18120.000000,33.578024,-117.064072,442.478710,24.125485,2.360139,7,1,10,0,61.215155
18135.000000,33.578022,-117.064068,443.011751,24.057046,2.358041,7,1,10,0,61.309311
18150.000000,33.578019,-117.064073,444.275792,23.976151,2.355927,7,1,10,0,60.550628
18165.000000,33.578017,-117.064074,443.357922,23.909006,2.353797,7,1,10,0,60.973267
18180.000000,33.578017,-117.064075,443.275712,23.578015,2.351650,7,1,10,0,60.892119
18195.000000,33.578012,-117.064074,443.023463,23.509647,2.349489,7,1,10,0,61.317954
18210.000000,33.578012,-117.064071,442.782469,23.657228,2.347314,7,1,10,0,61.672552
18225.000000,33.578011,-117.064070,444.201249,23.634332,2.345124,7,1,10,0,61.210332
18240.000000,33.578009,-117.064067,442.379339,23.387455,2.342922,7,1,11,0,62.263928
18255.000000,33.578010,-117.064071,442.582665,23.321715,2.340708,7,1,11,0,61.861927
18270.000000,33.578007,-117.064068,442.299661,23.251230,2.338482,7,1,11,0,62.375478
18285.000000,33.578004,-117.064066,440.971610,23.200471,2.336246,7,1,11,0,63.257459
18300.000000,33.578001,-117.064073,441.843041,23.060108,2.333999,7,1,11,0,62.469252
18315.000000,33.577998,-117.064068,440.269756,22.981672,2.331743,7,1,11,0,63.640592
18330.000000,33.577997,-117.064072,440.672872,22.805668,2.329477,7,1,11,0,63.215276
18345.000000,33.577996,-117.064069,439.115134,22.887534,2.327204,7,1,11,0,64.244711
18360.000000,33.577995,-117.064068,439.018980,22.693443,2.324923,7,1,11,0,64.443587
18375.000000,33.577993,-117.064067,439.855238,22.777177,2.322635,7,1,11,0,64.212246
18390.000000,33.577990,-117.064066,439.273113,22.618345,2.320341,7,1,11,0,64.698674
18405.000000,33.577986,-117.064064,438.739115,22.580136,2.318042,7,1,11,0,65.292440
18420.000000,33.577984,-117.064068,439.061399,22.327576,2.315737,7,1,11,0,64.962660
18435.000000,33.577984,-117.064073,439.296608,22.167105,2.313428,7,1,11,0,64.448349
18450.000000,33.577981,-117.064075,439.337067,22.045646,2.311116,7,1,11,0,64.490280
18465.000000,33.577985,-117.064075,438.547820,21.901837,2.308800,7,1,11,0,64.657363
18480.000000,33.577982,-117.064079,438.451210,21.562901,2.306482,7,1,11,0,64.598179
18495.000000,33.577981,-117.064072,437.094441,21.824127,2.304163,7,1,11,0,65.799775
18510.000000,33.577977,-117.064075,438.771609,21.798821,2.301841,7,1,11,0,64.914725
18525.000000,33.577977,-117.064070,438.302213,21.719341,2.299520,7,1,11,0,65.481986
18540.000000,33.577974,-117.064074,438.298884,21.582723,2.297198,7,1,11,0,65.395804
18555.000000,33.577975,-117.064074,437.501392,21.558487,2.294877,7,1,11,0,65.675508
18570.000000,33.577976,-117.064075,439.134833,21.550370,2.292556,7,1,11,0,64.794743
18585.000000,33.577971,-117.064076,438.130789,21.189625,2.290238,7,1,11,0,65.519446
18600.000000,33.577970,-117.064077,438.096138,21.045163,2.287922,7,1,11,0,65.481524
18615.000000,33.577967,-117.064075,438.564907,20.968327,2.285608,7,1,11,0,65.552368
18630.000000,33.577970,-117.064075,437.465507,20.957635,2.283298,7,1,11,0,65.942623
18645.000000,33.577968,-117.064071,436.248376,20.885877,2.280992,7,1,11,0,66.950214
18660.000000,33.577967,-117.064068,436.841932,20.852365,2.278690,7,1,11,0,66.893498
18675.000000,33.577971,-117.064068,436.251144,20.862905,2.276393,7,1,11,0,67.016782
18690.000000,33.577967,-117.064069,435.841108,20.889779,2.274101,7,1,11,0,67.312841
18705.000000,33.577964,-117.064072,435.925812,20.671239,2.271815,7,1,11,0,67.170014
18720.000000,33.577960,-117.064069,436.028937,20.490935,2.269535,7,1,11,0,67.546843
18735.000000,33.577961,-117.064072,436.194040,20.203035,2.267262,7,1,11,0,67.281928
18750.000000,33.577959,-117.064074,436.799346,20.236645,2.264996,7,1,11,0,66.923458
18765.000000,33.577960,-117.064068,436.973862,20.406211,2.262739,7,1,11,0,67.127140
18780.000000,33.577959,-117.064070,438.756646,20.232056,2.260489,7,1,12,0,66.259420
18795.000000,33.577956,-117.064073,438.486954,20.090335,2.258248,7,1,12,0,66.270794
18810.000000,33.577956,-117.064074,438.600886,19.914602,2.256016,7,1,12,0,66.200307
18825.000000,33.577956,-117.064074,438.862244,19.861229,2.253793,7,1,12,0,66.056838
18840.000000,33.577952,-117.064074,438.518751,19.825149,2.251580,7,1,12,0,66.429598
18855.000000,33.577953,-117.064071,437.601604,19.785925,2.249378,7,1,12,0,66.974432
18870.000000,33.577953,-117.064066,435.679715,19.535859,2.247187,7,1,12,0,68.299197
18885.000000,33.577952,-117.064067,435.741760,19.380793,2.245006,7,1,12,0,68.222358
18900.000000,33.578305,-117.064230,518.036211,39.186860,1.826507,8,1,12,0,59.375829
18915.000000,33.578299,-117.064229,518.292088,38.941129,1.828691,8,1,12,0,59.523974
18930.000000,33.578296,-117.064233,519.273422,39.207285,1.830881,8,1,12,0,60.117947
18945.000000,33.578296,-117.064232,518.800464,39.353649,1.833077,8,1,12,0,59.767958
18960.000000,33.578299,-117.064225,518.660410,39.701474,1.835278,8,1,12,0,60.035299
18975.000000,33.578297,-117.064226,517.845577,39.891020,1.837485,8,1,12,0,59.303101
18990.000000,33.578297,-117.064229,518.696549,39.973210,1.839696,8,1,12,0,59.847902
19005.000000,33.578297,-117.064229,518.347617,39.857708,1.841912,8,1,12,0,59.581627
19020.000000,33.578294,-117.064231,517.719181,39.763391,1.844132,8,1,12,0,58.908805
19035.000000,33.578297,-117.064231,516.830765,39.995198,1.846356,8,1,12,0,58.239406
19050.000000,33.578294,-117.064229,515.931354,39.832778,1.848584,8,1,12,0,57.570272
19065.000000,33.578296,-117.064233,515.606483,40.178718,1.850816,8,1,12,0,57.116813
19080.000000,33.578295,-117.064233,516.413728,40.197978,1.853051,8,1,13,0,57.793412
19095.000000,33.578287,-117.064228,517.444243,40.013913,1.855289,8,1,13,0,58.807600
19110.000000,33.578289,-117.064227,516.356632,40.239598,1.857530,8,1,13,0,57.962260
19125.000000,33.578290,-117.064230,516.763012,40.192496,1.859773,8,1,13,0,58.158811
19140.000000,33.578290,-117.064226,516.016281,40.516462,1.862018,8,1,13,0,57.760750
19155.000000,33.578298,-117.064229,514.946188,41.140571,1.864266,8,1,12,0,56.859395
19170.000000,33.578295,-117.064235,516.671225,41.333145,1.866515,8,1,13,0,57.880304
19185.000000,33.578291,-117.064232,515.257351,41.276014,1.868765,8,1,13,0,56.873851
19200.000000,33.578289,-117.064234,514.152591,40.986536,1.871016,8,1,12,0,55.847376
19215.000000,33.578286,-117.064234,514.276429,40.914197,1.873268,8,1,12,0,55.923255
19230.000000,33.578278,-117.064235,512.649171,40.074341,1.875520,8,1,13,0,54.526088
19245.000000,33.578279,-117.064237,514.426670,40.536213,1.877772,8,1,13,0,55.781096
19260.000000,33.578285,-117.064237,513.852664,40.990053,1.880024,8,1,13,0,55.384560
19275.000000,33.578289,-117.064230,512.585733,41.509450,1.882275,8,1,13,0,54.818151
19290.000000,33.578287,-117.064231,513.024293,41.799453,1.884526,8,1,13,0,55.101771
19305.000000,33.578289,-117.064232,512.016250,41.998328,1.886775,8,1,13,0,54.259784
19320.000000,33.578288,-117.064236,513.189461,42.427886,1.889022,8,1,13,0,54.983211
19335.000000,33.578286,-117.064240,512.405966,42.343798,1.891268,8,1,13,0,54.123198
19350.000000,33.578291,-117.064245,513.974178,42.520553,1.893511,8,1,13,0,55.086756
19365.000000,33.578291,-117.064243,511.179201,42.444552,1.895752,8,1,13,0,53.005048
19380.000000,33.578290,-117.064245,511.242734,42.372732,1.897989,8,1,13,0,52.933900
19395.000000,33.578289,-117.064248,510.841221,42.496479,1.900224,8,1,13,0,52.440392
19410.000000,33.578288,-117.064248,509.945077,42.288282,1.902454,8,1,13,0,51.726201
19425.000000,33.578287,-117.064248,508.509379,42.167424,1.904681,8,1,13,0,50.657108
19440.000000,33.578291,-117.064243,509.230997,42.718981,1.906903,8,1,13,0,51.546815
19455.000000,33.578281,-117.064248,509.129952,42.199624,1.909120,8,1,13,0,51.078632
19470.000000,33.578284,-117.064247,508.409338,42.218316,1.911332,8,1,13,0,50.565466
19485.000000,33.578287,-117.064250,508.067118,42.465939,1.913539,8,1,13,0,50.186752
19500.000000,33.578284,-117.064251,507.846636,42.543057,1.915740,8,1,13,0,49.932323
19515.000000,33.578288,-117.064252,507.824463,42.760335,1.917934,8,1,13,0,49.857686
19530.000000,33.578288,-117.064254,507.838299,42.899104,1.920122,8,1,13,0,49.803552
19545.000000,33.578284,-117.064255,508.251872,42.860422,1.922302,8,1,13,0,49.985644
19560.000000,33.578284,-117.064254,508.376036,43.183872,1.924475,8,1,13,0,50.173603
19575.000000,33.578283,-117.064251,507.388180,43.397573,1.926640,8,1,13,0,49.587839
19590.000000,33.578288,-117.064252,505.804140,43.745912,1.928797,8,1,13,0,48.350055
19605.000000,33.578284,-117.064252,505.509226,43.843379,1.930946,8,1,13,0,48.119175
19620.000000,33.578287,-117.064254,504.173817,43.609009,1.933085,8,1,13,0,47.032690
19635.000000,33.578286,-117.064256,505.530077,43.973846,1.935214,8,1,13,0,47.873749
19650.000000,33.578281,-117.064257,505.333233,43.732623,1.937334,8,1,13,0,47.648063
19665.000000,33.578279,-117.064259,505.097716,43.832330,1.939444,8,1,13,0,47.336657
19680.000000,33.578300,-117.064188,522.371739,40.244251,1.707589,9,1,13,0,65.069749
19695.000000,33.578299,-117.064189,520.128082,40.662960,1.709606,9,1,13,0,63.181806
19710.000000,33.578306,-117.064181,523.321715,41.146596,1.711623,9,1,13,0,66.268837
19725.000000,33.578309,-117.064176,523.272788,41.438443,1.713640,9,1,13,0,66.548004
19740.000000,33.578305,-117.064187,520.360194,41.054228,1.715659,9,1,13,0,63.541609
19755.000000,33.578301,-117.064191,520.095151,40.833954,1.717677,9,1,13,0,63.084033
19770.000000,33.578308,-117.064176,522.450031,41.376298,1.719695,9,1,13,0,65.877589
19785.000000,33.578307,-117.064174,521.977899,41.471204,1.721713,9,1,13,0,65.584439
19800.000000,33.578298,-117.064196,518.136061,40.934800,1.723731,9,1,13,0,61.201666
19815.000000,33.578302,-117.064182,518.969943,41.127272,1.725747,9,1,13,0,62.708893
19830.000000,33.578301,-117.064169,521.168507,41.484993,1.727762,9,1,13,0,65.159134
19845.000000,33.578299,-117.064185,518.793609,41.013398,1.729776,9,1,13,0,62.347827
19860.000000,33.578295,-117.064190,516.299926,40.649031,1.731788,9,1,13,0,60.083690
19875.000000,33.578300,-117.064182,518.920707,41.543093,1.733797,9,1,13,0,62.676087
19890.000000,33.578302,-117.064174,518.526507,41.454261,1.735805,9,1,13,0,62.861313
19905.000000,33.578295,-117.064192,515.668660,40.893880,1.737810,9,1,13,0,59.540686
19920.000000,33.578297,-117.064185,519.412113,41.444537,1.739811,9,1,13,0,62.838001
19935.000000,33.578307,-117.064179,517.889100,42.175040,1.741809,9,1,13,0,62.092446
19950.000000,33.578299,-117.064191,515.444940,41.853217,1.743804,9,1,13,0,59.445273
19965.000000,33.578303,-117.064180,514.482651,42.147289,1.745795,9,1,13,0,59.418022
19980.000000,33.578301,-117.064180,515.624088,42.251734,1.747781,9,1,13,0,60.282814
19995.000000,33.578300,-117.064194,513.346667,42.390117,1.749763,9,1,13,0,57.701153
20010.000000,33.578304,-117.064195,513.790146,42.246252,1.751740,9,1,13,0,58.005267
20025.000000,33.578305,-117.064180,516.123349,42.552935,1.753712,9,1,13,0,60.704656
20040.000000,33.578303,-117.064188,513.655651,42.398971,1.755678,9,1,12,0,58.307164
20055.000000,33.578304,-117.064193,513.226179,42.395879,1.757638,9,1,12,0,57.704226
20070.000000,33.578308,-117.064178,514.204227,43.022506,1.759592,9,1,12,0,59.415505
20085.000000,33.578309,-117.064190,510.328969,42.964337,1.761540,9,1,12,0,55.801499
20100.000000,33.578306,-117.064192,511.241990,42.699708,1.763480,9,1,12,0,56.350924
20115.000000,33.578300,-117.064191,513.266680,42.694700,1.765414,9,1,12,0,57.783897
20130.000000,33.578305,-117.064194,511.432091,42.818525,1.767339,9,1,12,0,56.311417
20145.000000,33.578303,-117.064192,511.564884,42.933412,1.769257,9,1,12,0,56.503818
20160.000000,33.578303,-117.064185,511.926003,43.239480,1.771166,9,1,12,0,57.255008
20175.000000,33.578308,-117.064193,508.992936,43.375361,1.773067,9,1,12,0,54.691084
20190.000000,33.578312,-117.064182,508.997062,43.940506,1.774959,9,1,12,0,55.430949
20205.000000,33.578306,-117.064182,510.598940,43.546367,1.776842,9,1,12,0,56.469536
20220.000000,33.578349,-117.064335,520.795927,44.042280,1.732881,10,1,13,0,57.579735
20235.000000,33.578346,-117.064332,523.340483,44.223468,1.735074,10,1,13,0,59.856194
20250.000000,33.578349,-117.064324,522.253978,44.103488,1.737255,10,1,13,0,59.289366
20265.000000,33.578352,-117.064334,519.769897,44.445664,1.739424,10,1,13,0,56.747644
20280.000000,33.578345,-117.064330,521.993157,44.432484,1.741580,10,1,13,0,58.721616
20295.000000,33.578352,-117.064332,519.442644,44.580698,1.743722,10,1,13,0,56.563782
20310.000000,33.578346,-117.064334,519.754855,44.413701,1.745851,10,1,13,0,56.622396
20325.000000,33.578350,-117.064337,519.064057,44.855043,1.747965,10,1,13,0,55.975708
20340.000000,33.578350,-117.064336,518.060637,44.805983,1.750064,10,1,13,0,55.168588
20355.000000,33.578352,-117.064344,516.512587,44.984638,1.752149,10,1,13,0,53.515856
20370.000000,33.578355,-117.064342,517.655776,45.110034,1.754217,10,1,13,0,54.653616
20385.000000,33.578355,-117.064348,516.033306,45.170280,1.756269,10,1,13,0,53.002847
20400.000000,33.578350,-117.064356,516.888417,45.001783,1.758305,10,1,13,0,53.305126
20415.000000,33.578354,-117.064357,517.019509,45.486087,1.760323,10,1,13,0,53.499871
20430.000000,33.578359,-117.064356,514.402456,45.482295,1.762325,10,1,13,0,51.370218
20445.000000,33.578361,-117.064355,513.470731,45.417988,1.764308,10,1,13,0,50.697211
20460.000000,33.578363,-117.064352,513.264125,46.039093,1.766272,10,1,13,0,50.672009
20475.000000,33.578363,-117.064363,512.994728,46.056671,1.768218,10,1,13,0,49.975234
20490.000000,33.578358,-117.064361,512.400694,45.874662,1.770144,10,1,13,0,49.441878
20505.000000,33.578304,-117.064309,523.192037,42.542199,1.379816,11,1,13,0,59.950039
20520.000000,33.578317,-117.064300,522.459533,42.974560,1.381474,11,1,13,0,59.860143
20535.000000,33.578231,-117.064419,540.858883,42.177709,1.479150,10,1,13,0,72.760904
20550.000000,33.578234,-117.064415,540.098278,42.162894,1.481374,10,1,13,0,72.106048
20565.000000,33.578232,-117.064403,543.051152,42.692595,1.483596,10,1,13,0,75.241957
20580.000000,33.578227,-117.064424,541.420791,42.484055,1.485815,10,1,13,0,73.207514
20595.000000,33.578231,-117.064415,542.250137,42.599663,1.488031,10,1,13,0,74.193270
20610.000000,33.578231,-117.064412,541.278365,42.432753,1.490244,10,1,13,0,73.305317
20625.000000,33.578229,-117.064416,540.056205,42.581970,1.492453,10,1,13,0,72.046235
20640.000000,33.578238,-117.064415,540.339052,43.122950,1.494657,10,1,13,0,72.322827
20655.000000,33.578229,-117.064418,538.629899,42.635493,1.496857,10,1,13,0,70.616705
20670.000000,33.578232,-117.064413,539.069210,43.041401,1.499053,10,1,13,0,71.151274
20685.000000,33.578230,-117.064413,538.976807,42.829117,1.501243,10,1,13,0,71.069226
20700.000000,33.578233,-117.064418,537.367143,42.967661,1.503427,10,1,13,0,69.382313
20715.000000,33.578234,-117.064405,539.461326,43.526629,1.505606,10,1,13,0,71.710499
20730.000000,33.578230,-117.064411,536.383871,43.189844,1.507778,10,1,13,0,68.602368
20745.000000,33.578230,-117.064412,536.500386,43.265824,1.509944,10,1,13,0,68.689080
20760.000000,33.578229,-117.064409,536.118717,43.633342,1.512103,10,1,13,0,68.395645
20775.000000,33.578229,-117.064417,535.368803,43.805437,1.514254,10,1,13,0,67.469979
20790.000000,33.578235,-117.064413,534.674025,44.019162,1.516397,10,1,13,0,66.895406
20805.000000,33.578232,-117.064409,534.310269,44.100292,1.518532,10,1,13,0,66.639288
20820.000000,33.578233,-117.064410,534.657019,44.146306,1.520659,10,1,12,0,66.949656
20835.000000,33.578234,-117.064417,531.966679,44.143749,1.522776,10,1,12,0,64.169433
20850.000000,33.578229,-117.064411,533.395155,44.046048,1.524884,10,1,13,0,65.714792
20865.000000,33.578230,-117.064416,532.576318,43.998017,1.526983,10,1,13,0,64.798742
20880.000000,33.578230,-117.064412,531.978882,44.493252,1.529071,10,1,13,0,64.326854
20895.000000,33.578237,-117.064407,529.640408,44.507631,1.531149,10,1,13,0,62.182037
20910.000000,33.578238,-117.064418,528.975754,44.465640,1.533215,10,1,13,0,61.276621
20925.000000,33.578236,-117.064409,530.750120,44.854068,1.535270,10,1,12,0,63.210169
20940.000000,33.578234,-117.064411,528.446027,44.499401,1.537314,10,1,12,0,60.933762
20955.000000,33.578241,-117.064422,528.399134,44.996466,1.539345,10,1,12,0,60.601764
20970.000000,33.578240,-117.064417,527.601972,44.884620,1.541364,10,1,12,0,59.973829
20985.000000,33.578231,-117.064422,528.234047,44.546783,1.543369,10,1,13,0,60.470118
21000.000000,33.578233,-117.064412,528.540812,44.837488,1.545361,10,1,12,0,61.009550
21015.000000,33.578236,-117.064412,526.385379,44.856830,1.547339,10,1,13,0,58.945873
21030.000000,33.578240,-117.064420,524.451792,45.026659,1.549303,10,1,12,0,56.872087
21045.000000,33.578235,-117.064417,525.812713,45.056799,1.551252,10,1,12,0,58.263132
21060.000000,33.578233,-117.064405,526.328584,45.000577,1.553186,10,1,12,0,59.084008
21075.000000,33.578233,-117.064413,525.332994,45.271473,1.555105,10,1,12,0,57.914115
21090.000000,33.578247,-117.064421,522.564724,45.416678,1.557008,10,1,12,0,55.051879
21105.000000,33.578240,-117.064419,523.028599,45.704938,1.558894,10,1,12,0,55.541757
21120.000000,33.578236,-117.064413,523.580778,45.486514,1.560763,10,1,12,0,56.246904
21135.000000,33.578232,-117.064405,523.283467,45.349568,1.562615,10,1,12,0,56.202874
21150.000000,33.578236,-117.064413,522.148298,45.641205,1.564449,10,1,11,0,54.872987
21165.000000,33.578240,-117.064420,520.260186,45.981992,1.566265,10,1,11,0,52.882393
21180.000000,33.578240,-117.064421,519.983648,46.004532,1.568063,10,1,11,0,52.591863
21195.000000,33.578243,-117.064410,518.118726,46.415330,1.569842,10,1,11,0,51.148053
21210.000000,33.578237,-117.064409,519.823717,46.336384,1.571602,10,1,11,0,52.793091
21225.000000,33.578238,-117.064421,519.247442,46.448018,1.573341,10,1,11,0,51.885741
21240.000000,33.578240,-117.064421,517.419050,46.447677,1.575061,10,1,11,0,50.152446
21255.000000,33.578237,-117.064423,517.238998,46.206402,1.576760,10,1,11,0,49.947798
21270.000000,33.578239,-117.064412,516.138779,46.781044,1.578438,10,1,11,0,49.243541
21285.000000,33.578239,-117.064418,514.878594,46.373962,1.580095,10,1,11,0,47.856038
21300.000000,33.578243,-117.064420,514.197624,47.071500,1.581730,10,1,11,0,47.163344
21315.000000,33.578234,-117.064419,514.017367,46.633279,1.583342,10,1,11,0,47.021889
21330.000000,33.578235,-117.064423,512.642719,46.844229,1.584932,10,1,11,0,45.621559
21345.000000,33.578240,-117.064422,512.069187,47.745718,1.586499,10,1,11,0,45.111680
21360.000000,33.578246,-117.064423,510.223375,47.431619,1.588043,10,1,11,0,43.358202
21375.000000,33.578243,-117.064436,509.728045,47.604243,1.589563,10,1,11,0,42.447176
21390.000000,33.578242,-117.064418,509.174997,47.392732,1.591059,10,1,11,0,42.564523
21405.000000,33.578237,-117.064419,508.798460,47.427838,1.592530,10,1,11,0,42.180462
21420.000000,33.578239,-117.064420,509.710648,47.883299,1.593976,10,1,11,0,43.002894
21435.000000,33.578244,-117.064420,506.365816,47.471946,1.595398,10,1,11,0,39.911134
21450.000000,33.578237,-117.064425,507.293673,47.158896,1.596793,10,1,11,0,40.587972
21465.000000,33.578241,-117.064423,506.024283,47.695290,1.598162,10,1,11,0,39.487405
21480.000000,33.578236,-117.064427,505.657183,46.953465,1.599505,10,1,11,0,39.006284
21495.000000,33.578239,-117.064422,504.673649,47.550810,1.600822,10,1,11,0,38.326608
21510.000000,33.578237,-117.064424,504.927306,47.507409,1.602111,10,1,11,0,38.484216
21525.000000,33.578242,-117.064427,501.970653,47.284915,1.603373,10,1,11,0,35.693215
21540.000000,33.578254,-117.064426,500.178632,47.647499,1.604608,10,1,11,0,34.164862
21555.000000,33.578243,-117.064429,501.084554,47.391653,1.605814,10,1,11,0,34.791451
21570.000000,33.578248,-117.064418,499.568561,47.936194,1.606991,10,1,11,0,33.953414
21585.000000,33.578241,-117.064429,499.985149,47.480410,1.608141,10,1,11,0,33.846181
21600.000000,33.578251,-117.064425,497.699754,48.019308,1.609261,10,1,11,0,32.026680
21615.000000,33.578243,-117.064431,497.906714,47.320364,1.610352,10,1,11,0,31.921085
21630.000000,33.578247,-117.064419,497.703749,47.918031,1.611413,10,1,11,0,32.324220
21645.000000,33.578243,-117.064430,496.252066,47.588592,1.612445,10,1,11,0,30.534474
21660.000000,33.578249,-117.064420,495.090342,47.680865,1.613446,10,1,11,0,30.031030
21675.000000,33.578241,-117.064425,494.850991,47.530273,1.614417,10,1,11,0,29.612980
21690.000000,33.578246,-117.064423,494.382470,47.674776,1.615358,10,1,11,0,29.297325
21705.000000,33.578245,-117.064426,492.033012,47.550523,1.616267,10,1,11,0,27.231659
21720.000000,33.578249,-117.064424,491.736567,48.158888,1.617146,10,1,11,0,27.103380
21735.000000,33.578246,-117.064421,491.939026,48.098546,1.617993,10,1,11,0,27.424161
21750.000000,33.578250,-117.064419,490.152457,48.114556,1.618808,10,1,11,0,26.155961
21765.000000,33.578251,-117.064423,489.548050,48.369110,1.619592,10,1,11,0,25.443866
21780.000000,33.578250,-117.064430,489.620811,48.017996,1.620344,10,1,11,0,25.096034
21795.000000,33.578251,-117.064429,487.402947,48.391283,1.621064,10,1,11,0,23.469150
21810.000000,33.578245,-117.064430,487.298434,48.014410,1.621751,10,1,11,0,23.299943
21825.000000,33.578247,-117.064424,485.463565,48.250172,1.622406,10,1,11,0,22.383048
21840.000000,33.578247,-117.064435,485.517948,48.432770,1.623028,10,1,11,0,21.709247
21855.000000,33.578250,-117.064433,483.592958,48.673416,1.623617,10,1,11,0,20.552633
21870.000000,33.578245,-117.064436,483.992619,48.103246,1.624173,10,1,11,0,20.569655
21885.000000,33.578249,-117.064433,484.036790,48.639291,1.624697,10,1,11,0,20.809257
21900.000000,33.578245,-117.064438,482.841894,48.028017,1.625186,10,1,11,0,19.642489
21915.000000,33.578242,-117.064428,483.509763,48.681630,1.625643,10,1,11,0,20.787099
21930.000000,33.578248,-117.064434,480.076304,48.347325,1.626066,10,1,11,0,18.274275
21945.000000,33.578249,-117.064425,479.999479,48.231785,1.626456,10,1,11,0,18.955379
21960.000000,33.578249,-117.064433,478.467573,48.128694,1.626812,10,1,11,0,17.600300
21975.000000,33.578249,-117.064434,477.982499,48.204234,1.627134,10,1,11,0,17.224415
21990.000000,33.578246,-117.064439,475.823197,48.329945,1.627423,10,1,11,0,15.948818
22005.000000,33.578254,-117.064446,475.023718,48.341239,1.627677,10,1,11,0,15.123117
22020.000000,33.578248,-117.064439,474.526176,48.074483,1.627898,10,1,11,0,15.540403
22035.000000,33.578250,-117.064445,474.207092,48.391343,1.628085,10,1,11,0,14.950969
22050.000000,33.578254,-117.064440,472.537675,48.700776,1.628239,10,1,11,0,15.055234
22065.000000,33.578243,-117.064450,472.467801,47.843333,1.628358,10,1,11,0,14.030618
22080.000000,33.578256,-117.064436,470.120415,48.555133,1.628443,10,1,11,0,15.168710
22095.000000,33.578243,-117.064446,471.995907,47.278827,1.628495,10,1,11,0,14.303458
22110.000000,33.578251,-117.064440,468.589637,48.145262,1.628513,10,1,11,0,14.890214
22125.000000,33.578245,-117.064445,468.539187,47.857574,1.628497,10,1,11,0,14.338599
22140.000000,33.578251,-117.064445,468.074208,48.136235,1.628447,10,1,11,0,14.479482
22155.000000,33.578251,-117.064454,466.780211,48.116533,1.628364,10,1,11,0,13.916397
22170.000000,33.578251,-117.064447,464.536258,48.339844,1.628247,10,1,11,0,15.170892
22185.000000,33.578251,-117.064448,464.610464,48.246050,1.628096,10,1,11,0,15.051336
22200.000000,33.578248,-117.064449,463.107741,48.392963,1.627912,10,1,11,0,15.614085
22215.000000,33.578253,-117.064446,462.320739,48.220451,1.627695,10,1,11,0,16.178769
22230.000000,33.578253,-117.064445,461.711147,47.979641,1.627445,10,1,11,0,16.611563
22245.000000,33.578257,-117.064448,459.816427,47.958376,1.627161,10,1,10,0,17.421574
22260.000000,33.578260,-117.064450,458.019338,48.361520,1.626845,10,1,10,0,18.434104
22275.000000,33.578250,-117.064448,459.962467,47.577128,1.626495,10,1,10,0,17.294157
22290.000000,33.578255,-117.064439,456.825756,48.443330,1.626114,10,1,10,0,19.970519
22305.000000,33.578249,-117.064454,457.319149,47.391546,1.625699,10,1,10,0,18.563295
22320.000000,33.578261,-117.064447,454.749652,48.097481,1.625253,10,1,10,0,20.906609
22335.000000,33.578247,-117.064453,455.863680,47.668528,1.624774,10,1,10,0,19.619280
22350.000000,33.578254,-117.064447,454.147110,47.953572,1.624263,10,1,10,0,21.284538
22365.000000,33.578253,-117.064460,452.881549,47.790574,1.623720,10,1,10,0,21.530558
22380.000000,33.578252,-117.064457,452.774069,47.325499,1.623146,10,1,10,0,21.772937
22395.000000,33.578257,-117.064453,451.581527,47.781692,1.622541,10,1,10,0,22.971333
22410.000000,33.578257,-117.064458,450.724673,47.394213,1.621905,10,1,10,0,23.427817
22425.000000,33.578251,-117.064454,451.389400,47.325592,1.621238,10,1,10,0,23.049740
22440.000000,33.578257,-117.064455,449.580032,47.440146,1.620540,10,1,10,0,24.488301
22455.000000,33.578258,-117.064461,448.658740,47.200951,1.619812,10,1,10,0,24.999923
22470.000000,33.578257,-117.064447,449.173408,46.804861,1.619053,10,1,10,0,25.235939
22485.000000,33.578256,-117.064458,449.776277,46.869433,1.618265,10,1,10,0,24.202971
22500.000000,33.578259,-117.064461,447.513947,46.840235,1.617448,10,1,10,0,25.982664
22515.000000,33.578262,-117.064457,445.782007,47.203844,1.616601,10,1,10,0,27.699665
22530.000000,33.578256,-117.064456,445.962922,47.000907,1.615726,10,1,11,0,27.541524
22545.000000,33.578265,-117.064459,443.157766,47.189896,1.614821,10,1,11,0,29.974982
22560.000000,33.578261,-117.064461,442.773940,46.956180,1.613889,10,1,11,0,30.224277
22575.000000,33.578261,-117.064467,441.528014,46.764524,1.612928,10,1,11,0,31.139145
22590.000000,33.578263,-117.064459,441.300991,46.963476,1.611940,10,1,11,0,31.624435
22605.000000,33.578258,-117.064462,439.703214,47.046198,1.610924,10,1,11,0,32.945015
22620.000000,33.578254,-117.064458,439.690534,46.565730,1.609881,10,1,11,0,33.102523
22635.000000,33.578260,-117.064458,438.493495,46.577235,1.608812,10,1,11,0,34.214035
22650.000000,33.578258,-117.064459,437.882270,46.779664,1.607716,10,1,11,0,34.753978
22665.000000,33.578255,-117.064458,438.513807,46.239335,1.606594,10,1,11,0,34.181558
22680.000000,33.578250,-117.064464,436.981061,46.385993,1.605446,10,1,11,0,35.375139
22695.000000,33.578254,-117.064466,436.144074,45.874520,1.604273,10,1,11,0,36.111102
22710.000000,33.578258,-117.064468,433.876242,46.578224,1.603076,10,1,11,0,38.218182
22725.000000,33.578254,-117.064472,433.957481,46.391706,1.601853,10,1,11,0,38.007942
22740.000000,33.578255,-117.064466,431.500425,46.525306,1.600607,10,1,11,0,40.511135
22755.000000,33.578254,-117.064470,432.756344,46.122110,1.599336,10,1,11,0,39.197354
22770.000000,33.578250,-117.064473,431.453815,46.043042,1.598042,10,1,11,0,40.353638
22785.000000,33.578256,-117.064469,430.569302,46.235272,1.596725,10,1,11,0,41.325311
22800.000000,33.578253,-117.064467,430.330715,46.078502,1.595385,10,1,11,0,41.591554
22815.000000,33.578258,-117.064473,427.726351,46.482835,1.594024,10,1,10,0,43.954103
22830.000000,33.578259,-117.064476,428.457362,46.123643,1.592640,10,1,11,0,43.192393
22845.000000,33.578255,-117.064475,428.050999,45.903507,1.591234,10,1,11,0,43.585328
22860.000000,33.578261,-117.064473,425.433891,45.938515,1.589808,10,1,10,0,46.187261
22875.000000,33.578401,-117.064468,465.357526,43.062495,1.754588,9,1,11,0,21.851780
22890.000000,33.578404,-117.064467,464.228858,43.151667,1.754578,9,1,11,0,22.419700
22905.000000,33.578402,-117.064473,464.564747,43.230932,1.754537,9,1,11,0,21.914023
22920.000000,33.578400,-117.064475,464.121945,43.238357,1.754465,9,1,10,0,21.672832
22935.000000,33.578393,-117.064473,464.544283,42.776105,1.754364,9,1,11,0,21.071301
22950.000000,33.578398,-117.064471,462.554140,43.034522,1.754232,9,1,11,0,22.216026
22965.000000,33.578393,-117.064473,462.373213,43.197768,1.754070,9,1,11,0,21.744082
22980.000000,33.578391,-117.064474,460.422004,43.003533,1.753878,9,1,11,0,22.313265
22995.000000,33.578399,-117.064475,458.137393,43.177747,1.753655,9,1,11,0,23.971571
23010.000000,33.578399,-117.064479,456.461899,43.319316,1.753403,9,1,12,0,24.663940
23025.000000,33.578396,-117.064478,457.370952,43.448292,1.753121,9,1,12,0,23.941384
23040.000000,33.578398,-117.064476,455.144895,43.527284,1.752810,9,1,12,0,25.489551
23055.000000,33.578391,-117.064486,457.529813,43.027035,1.752469,9,1,12,0,23.177735
23070.000000,33.578393,-117.064479,455.216464,43.143677,1.752098,9,1,12,0,24.928719
23085.000000,33.578392,-117.064486,454.899613,43.035782,1.751698,9,1,12,0,24.782345
23100.000000,33.578385,-117.064486,456.608840,42.580490,1.751269,9,1,12,0,23.216176
23115.000000,33.578393,-117.064484,452.218333,43.236153,1.750811,9,1,12,0,26.656924
23130.000000,33.578396,-117.064484,451.767846,43.292945,1.750324,9,1,12,0,27.149335
23145.000000,33.578385,-117.064487,453.097511,42.418768,1.749809,9,1,12,0,25.370929
23160.000000,33.578386,-117.064484,451.417900,42.708823,1.749264,9,1,11,0,26.735704
23175.000000,33.578387,-117.064478,451.294524,42.412497,1.748692,9,1,12,0,27.063687
23190.000000,33.578378,-117.064485,451.698131,41.907552,1.748091,9,1,12,0,25.962718
23205.000000,33.578386,-117.064482,449.068156,42.517062,1.747463,9,1,12,0,28.471953
23220.000000,33.578391,-117.064483,446.140342,42.507284,1.746807,9,1,12,0,30.983685
23235.000000,33.578381,-117.064486,448.207718,42.049277,1.746123,9,1,12,0,28.674118
23250.000000,33.578248,-117.064569,495.342367,41.832352,2.111621,8,1,12,0,25.443923
23265.000000,33.578248,-117.064570,493.368892,41.733298,2.112926,8,1,12,0,23.473765
23280.000000,33.578252,-117.064574,492.493518,41.557488,2.114182,8,1,12,0,22.579218
23295.000000,33.578248,-117.064571,492.272606,41.718467,2.115389,8,1,12,0,22.374459
23310.000000,33.578244,-117.064572,492.192856,41.770157,2.116547,8,1,12,0,22.270893
23325.000000,33.578245,-117.064573,491.621584,41.794026,2.117654,8,1,12,0,21.699365
23340.000000,33.578244,-117.064572,491.210862,41.838150,2.118712,8,1,12,0,21.297164
23355.000000,33.578250,-117.064569,488.312685,41.571578,2.119720,8,1,12,0,18.483719
23370.000000,33.578244,-117.064573,489.428347,41.848537,2.120677,8,1,12,0,19.513330
23385.000000,33.578249,-117.064571,486.907389,41.905782,2.121583,8,1,12,0,17.060415
23400.000000,33.578248,-117.064564,484.928364,41.934108,2.122439,8,1,12,0,15.234044
23415.000000,33.578250,-117.064564,483.887444,41.925465,2.123244,8,1,12,0,14.211924
23430.000000,33.578248,-117.064565,484.029631,42.024052,2.123997,8,1,12,0,14.326905
23445.000000,33.578249,-117.064568,484.461717,41.914607,2.124699,8,1,12,0,14.701094
23460.000000,33.578247,-117.064569,482.632962,41.798817,2.125350,8,1,12,0,12.878514
23475.000000,33.578249,-117.064565,481.481043,42.022837,2.125949,8,1,12,0,11.875341
23490.000000,33.578252,-117.064572,480.950570,42.041904,2.126496,8,1,12,0,11.220678
23505.000000,33.578249,-117.064573,481.156500,42.521390,2.126991,8,1,12,0,11.367846
23520.000000,33.578248,-117.064571,479.831124,42.387628,2.127435,8,1,12,0,10.127823
23535.000000,33.578242,-117.064569,478.582019,42.735283,2.127827,8,1,12,0,8.965629
23550.000000,33.578249,-117.064569,475.646283,42.253373,2.128167,8,1,12,0,6.296816
23565.000000,33.578251,-117.064568,474.164606,42.049206,2.128455,8,1,12,0,5.070532
23580.000000,33.578249,-117.064567,474.384394,42.063519,2.128690,8,1,12,0,5.303073
23595.000000,33.578252,-117.064567,472.166023,41.889667,2.128875,8,1,12,0,3.791183
23610.000000,33.578246,-117.064566,472.880380,42.076075,2.129007,8,1,12,0,4.179352
23625.000000,33.578247,-117.064564,472.001077,42.147922,2.129087,8,1,12,0,3.813128
23640.000000,33.578247,-117.064567,471.206245,42.275028,2.129115,8,1,12,0,3.251189
23655.000000,33.578248,-117.064563,470.101455,42.288000,2.129092,8,1,12,0,3.372287
23670.000000,33.578253,-117.064562,468.024841,41.939230,2.129018,8,1,12,0,4.152422
23685.000000,33.578247,-117.064564,467.624637,42.252259,2.128892,8,1,12,0,4.081754
23700.000000,33.578251,-117.064569,466.796419,42.069684,2.128714,8,1,12,0,4.402381
23715.000000,33.578250,-117.064565,465.872470,42.148662,2.128486,8,1,12,0,5.290610
23730.000000,33.578248,-117.064562,465.291506,42.028354,2.128207,8,1,12,0,5.888718
23745.000000,33.578250,-117.064564,464.190479,41.883751,2.127876,8,1,12,0,6.771098
23760.000000,33.578254,-117.064565,463.827685,41.588540,2.127496,8,1,12,0,7.076141
23775.000000,33.578254,-117.064566,461.987256,41.851170,2.127065,8,1,12,0,8.716068
23790.000000,33.578256,-117.064565,461.417078,41.455769,2.126584,8,1,12,0,9.323558
23805.000000,33.578251,-117.064567,460.483703,41.775510,2.126053,8,1,12,0,10.069127
23820.000000,33.578257,-117.064561,460.221919,41.562781,2.125472,8,1,12,0,10.555473
23835.000000,33.578260,-117.064560,457.051486,41.402287,2.124842,8,1,12,0,13.637964
23850.000000,33.578263,-117.064562,457.296533,41.177031,2.124164,8,1,12,0,13.396331
23865.000000,33.578258,-117.064556,455.810769,41.295942,2.123436,8,1,12,0,14.892469
23880.000000,33.578254,-117.064561,456.796939,41.284337,2.122660,8,1,12,0,13.780778
23895.000000,33.578249,-117.064556,455.945875,41.701409,2.121836,8,1,12,0,14.694212
23910.000000,33.578254,-117.064557,454.183714,41.182667,2.120965,8,1,12,0,16.396611
23925.000000,33.578255,-117.064560,452.747823,41.257495,2.120046,8,1,12,0,17.736986
23940.000000,33.578253,-117.064558,452.493452,41.386789,2.119081,8,1,12,0,18.000688
23955.000000,33.578252,-117.064565,453.590102,41.307613,2.118068,8,1,12,0,16.795798
23970.000000,33.578247,-117.064561,452.769029,41.368178,2.117010,8,1,12,0,17.653100
23985.000000,33.578255,-117.064555,450.186446,40.982516,2.115906,8,1,12,0,20.342068
24000.000000,33.578255,-117.064554,447.611971,40.972855,2.114757,8,1,12,0,22.875515
24015.000000,33.578251,-117.064554,448.352984,40.826470,2.113563,8,1,12,0,22.132149
24030.000000,33.578251,-117.064557,449.009243,41.012985,2.112325,8,1,12,0,21.424684
24045.000000,33.578252,-117.064553,445.303500,40.926907,2.111043,8,1,12,0,25.151059
24060.000000,33.578254,-117.064550,445.356751,40.803945,2.109718,8,1,12,0,25.144583
24075.000000,33.578254,-117.064550,445.020738,41.034463,2.108349,8,1,12,0,25.473240
24090.000000,33.578250,-117.064552,444.550749,41.070381,2.106938,8,1,12,0,25.896090
24105.000000,33.578255,-117.064551,442.798888,40.702638,2.105486,8,1,12,0,27.649807
24120.000000,33.578255,-117.064554,441.783056,40.541477,2.103992,8,1,12,0,28.616876
24135.000000,33.578250,-117.064559,442.101848,41.105455,2.102457,8,1,12,0,28.222664
24150.000000,33.578254,-117.064554,440.918182,40.616218,2.100882,8,1,12,0,29.459599
24165.000000,33.578254,-117.064554,439.574832,40.573576,2.099267,8,1,12,0,30.800052
24180.000000,33.578253,-117.064550,439.435668,40.460070,2.097612,8,1,12,0,30.978254
24195.000000,33.578253,-117.064553,436.209553,40.487604,2.095919,8,1,11,0,34.134014
24210.000000,33.578256,-117.064549,437.221580,40.166561,2.094188,8,1,11,0,33.193494
24225.000000,33.578250,-117.064553,437.278814,40.378326,2.092419,8,1,11,0,33.068189
24240.000000,33.578248,-117.064552,436.378230,40.419830,2.090614,8,1,11,0,33.971996
24255.000000,33.578248,-117.064546,435.835453,39.986884,2.088772,8,1,11,0,34.588440
24270.000000,33.578154,-117.064496,467.654098,38.502837,1.747574,9,1,11,0,13.902201
24285.000000,33.578149,-117.064491,468.024834,38.345667,1.747776,9,1,11,0,14.644140
24300.000000,33.578158,-117.064495,464.434445,38.079000,1.747949,9,1,11,0,14.618380
24315.000000,33.578152,-117.064488,465.662895,38.082986,1.748091,9,1,11,0,15.077481
24330.000000,33.578154,-117.064486,464.821655,37.988615,1.748203,9,1,11,0,15.285436
24345.000000,33.578155,-117.064493,463.946944,37.910841,1.748286,9,1,11,0,15.140970
24360.000000,33.578147,-117.064490,464.924980,38.404028,1.748338,9,1,11,0,15.544095
24375.000000,33.578153,-117.064492,462.293495,37.810739,1.748360,9,1,11,0,16.052208
24390.000000,33.578152,-117.064483,462.158704,37.722110,1.748352,9,1,11,0,16.780401
24405.000000,33.578149,-117.064489,462.635283,38.051957,1.748314,9,1,11,0,16.376323
24420.000000,33.578153,-117.064488,459.706715,37.752646,1.748247,9,1,11,0,17.704015
24435.000000,33.578151,-117.064487,458.755553,37.671540,1.748151,9,1,11,0,18.421876
24450.000000,33.578149,-117.064486,459.305298,37.651739,1.748024,9,1,11,0,18.312936
24465.000000,33.578145,-117.064489,460.369901,37.688502,1.747868,9,1,11,0,17.807322
24480.000000,33.578146,-117.064485,458.040395,37.434037,1.747683,9,1,11,0,19.275223
24495.000000,33.578146,-117.064481,458.205745,37.349169,1.747469,9,1,11,0,19.443067
24510.000000,33.578143,-117.064477,457.161479,37.481678,1.747226,9,1,11,0,20.460388
24525.000000,33.578145,-117.064482,457.722597,37.571204,1.746953,9,1,11,0,19.748032
24540.000000,33.578249,-117.064429,482.682445,37.661235,1.591142,10,1,11,0,20.219062
24555.000000,33.578237,-117.064422,479.444390,37.322316,1.591839,10,1,10,0,18.958459
24570.000000,33.578251,-117.064425,480.442727,37.265895,1.592513,10,1,10,0,19.230600
24585.000000,33.578247,-117.064418,483.789361,38.506393,1.593166,10,1,10,0,21.713064
24600.000000,33.578254,-117.064411,482.291242,38.483086,1.593796,10,1,10,0,21.382318
24615.000000,33.578253,-117.064417,480.654449,37.893880,1.594403,10,1,10,0,19.961364
24630.000000,33.578251,-117.064413,478.274335,37.237156,1.594989,10,1,10,0,19.141280
24645.000000,33.578242,-117.064417,474.311987,36.667407,1.595552,10,1,10,0,17.380168
24660.000000,33.578246,-117.064404,479.290755,38.345866,1.596092,10,1,10,0,20.312243
24675.000000,33.578254,-117.064409,478.904781,38.398709,1.596610,10,1,10,0,19.757003
24690.000000,33.578245,-117.064408,475.919291,37.220191,1.597105,10,1,10,0,18.660226
24705.000000,33.578250,-117.064413,477.777461,38.292172,1.597577,10,1,10,0,18.967964
24720.000000,33.578245,-117.064409,476.179979,37.939730,1.598027,10,1,10,0,18.704349
24735.000000,33.578238,-117.064406,471.718864,36.905322,1.598455,10,1,10,0,18.037798
24750.000000,33.578241,-117.064401,474.368222,37.970375,1.598859,10,1,10,0,18.874801
24765.000000,33.578250,-117.064410,473.866546,37.603423,1.599241,10,1,10,0,17.960253
24780.000000,33.578245,-117.064410,473.957936,37.742360,1.599600,10,1,10,0,18.009006
24795.000000,33.578243,-117.064398,472.646993,38.200473,1.599937,10,1,10,0,18.825832
24810.000000,33.578243,-117.064404,470.369798,37.340572,1.600251,10,1,10,0,18.148321
24825.000000,33.578238,-117.064401,470.734543,37.225151,1.600543,10,1,10,0,18.387915
24840.000000,33.578249,-117.064392,472.856433,37.947386,1.600811,10,1,10,0,19.392164
24855.000000,33.578242,-117.064396,468.618273,37.281524,1.601058,10,1,10,0,18.945046
24870.000000,33.578240,-117.064393,469.320237,36.979772,1.601282,10,1,10,0,19.135317
24885.000000,33.578244,-117.064390,471.516634,38.452242,1.601483,10,1,10,0,19.505796
24900.000000,33.578252,-117.064388,469.736547,37.449069,1.601662,10,1,10,0,19.572859
24915.000000,33.578250,-117.064391,467.061129,37.341664,1.601819,10,1,10,0,19.537756
24930.000000,33.578239,-117.064390,467.009804,37.097211,1.601953,10,1,10,0,19.687595
24945.000000,33.578249,-117.064386,467.505386,37.661721,1.602064,10,1,10,0,19.986273
24960.000000,33.578241,-117.064387,465.498293,36.835392,1.602154,10,1,10,0,20.242304
24975.000000,33.578235,-117.064392,463.484471,36.043200,1.602222,10,1,10,0,20.338795
24990.000000,33.578252,-117.064387,465.501777,37.258733,1.602267,10,1,10,0,20.214785
25005.000000,33.578240,-117.064380,465.453778,36.878776,1.602291,10,1,10,0,20.871023
25020.000000,33.578235,-117.064383,461.291786,36.107605,1.602292,10,1,10,0,21.945595
25035.000000,33.578253,-117.064379,463.210491,37.275390,1.602272,10,1,10,0,21.553948
25050.000000,33.578242,-117.064374,463.004518,37.058252,1.602230,10,1,10,0,22.045450
25065.000000,33.578232,-117.064378,461.673458,37.079498,1.602167,10,1,10,0,22.158631
25080.000000,33.578243,-117.064372,463.612245,38.095746,1.602081,10,1,10,0,22.046779
25095.000000,33.578237,-117.064384,458.828275,36.091538,1.601975,10,1,10,0,22.877719
25110.000000,33.578240,-117.064379,460.879093,36.852860,1.601847,10,1,10,0,22.398202
25125.000000,33.578246,-117.064372,460.977029,37.104732,1.601698,10,1,10,0,22.985453
25140.000000,33.578234,-117.064378,458.655694,35.750860,1.601528,10,1,10,0,23.474411
25155.000000,33.578250,-117.064376,459.743808,36.188907,1.601337,10,1,10,0,23.177195
25170.000000,33.578243,-117.064375,457.721041,36.104884,1.601125,10,1,10,0,24.157707
25185.000000,33.578236,-117.064371,456.764991,36.340088,1.600892,10,1,10,0,24.992131
25200.000000,33.578251,-117.064369,457.893106,35.387413,1.600639,10,1,10,0,24.589304
25215.000000,33.578241,-117.064381,454.820902,34.938178,1.600366,10,1,10,0,25.308525
25230.000000,33.578245,-117.064373,455.623597,36.298405,1.600072,10,1,10,0,25.466874
25245.000000,33.578243,-117.064370,453.504293,36.234037,1.599758,10,1,10,0,26.971438
25260.000000,33.578233,-117.064381,451.089228,35.169029,1.599424,10,1,10,0,27.799687
25275.000000,33.578240,-117.064367,454.466354,36.516745,1.599070,10,1,10,0,26.621883
25290.000000,33.578232,-117.064364,454.141744,36.487736,1.598697,10,1,10,0,27.007879
25305.000000,33.578230,-117.064369,450.336926,35.385095,1.598304,10,1,10,0,29.091307
25320.000000,33.578234,-117.064370,451.710803,36.192193,1.597892,10,1,10,0,28.128228
25335.000000,33.578231,-117.064370,451.864740,35.493789,1.597460,10,1,10,0,28.050277
25350.000000,33.578233,-117.064365,451.194414,35.473585,1.597010,10,1,10,0,28.826796
25365.000000,33.578226,-117.064363,448.811622,35.674953,1.596541,10,1,10,0,30.580149
25380.000000,33.578238,-117.064367,449.620769,34.840106,1.596053,10,1,10,0,29.698628
25395.000000,33.578245,-117.064371,449.043453,35.047025,1.595547,10,1,10,0,29.834576
25410.000000,33.578237,-117.064369,448.531506,35.306205,1.595022,10,1,10,0,30.314628
25425.000000,33.578228,-117.064365,449.286032,35.542001,1.594480,10,1,10,0,30.089990
25440.000000,33.578234,-117.064365,447.295618,34.570283,1.593919,10,1,10,0,31.501311
25455.000000,33.578236,-117.064361,447.204906,34.834182,1.593341,10,1,10,0,31.802650
25470.000000,33.578231,-117.064357,446.388119,35.375032,1.592745,10,1,10,0,32.670420
25485.000000,33.578236,-117.064355,447.193342,35.179194,1.592132,10,1,10,0,32.166705
25500.000000,33.578239,-117.064363,446.099118,34.307022,1.591502,10,1,10,0,32.443946
25515.000000,33.578235,-117.064356,444.889287,34.842109,1.590855,10,1,10,0,33.784900
25530.000000,33.578235,-117.064357,444.792013,34.862138,1.590191,10,1,10,0,33.810468
25545.000000,33.578237,-117.064357,445.520393,35.313657,1.589510,10,1,10,0,33.299764
25560.000000,33.578238,-117.064361,443.242244,34.800845,1.588814,10,1,10,0,34.737015
25575.000000,33.578235,-117.064353,443.158987,34.904549,1.588101,10,1,10,0,35.296451
25590.000000,33.578230,-117.064353,444.099238,34.708225,1.587372,10,1,10,0,34.619042
25605.000000,33.578230,-117.064358,443.208238,34.210921,1.586628,10,1,10,0,35.011804
25620.000000,33.578223,-117.064352,441.404070,35.021574,1.585868,10,1,10,0,36.789336
25635.000000,33.578237,-117.064355,442.067639,34.572033,1.585093,10,1,10,0,35.996679
25650.000000,33.578238,-117.064355,442.433651,33.442896,1.584303,10,1,10,0,35.718683
25665.000000,33.578238,-117.064352,441.352422,33.955287,1.583498,10,1,10,0,36.728891
25680.000000,33.578229,-117.064349,440.134405,34.464436,1.582679,10,1,10,0,37.884755
25695.000000,33.578224,-117.064348,439.583395,34.808331,1.581845,10,1,10,0,38.450976
25710.000000,33.578226,-117.064346,438.630861,34.739245,1.580997,10,1,10,0,39.291321
25725.000000,33.578217,-117.064337,435.993707,34.857655,1.580135,10,1,10,0,41.952376
25740.000000,33.578226,-117.064348,438.818418,34.290544,1.579259,10,1,10,0,39.030227
25755.000000,33.578229,-117.064344,437.860649,33.732916,1.578370,10,1,10,0,39.976463
25770.000000,33.578232,-117.064341,439.996228,33.200923,1.577467,10,1,10,0,38.474169
25785.000000,33.578239,-117.064343,440.178141,33.092725,1.576552,10,1,10,0,38.188173
25800.000000,33.578229,-117.064345,438.230846,33.346200,1.575624,10,1,10,0,39.624548
25815.000000,33.578230,-117.064342,438.680731,33.687536,1.574683,10,1,10,0,39.437409
25830.000000,33.578233,-117.064346,438.784769,32.802884,1.573730,10,1,10,0,39.133912
25845.000000,33.578235,-117.064339,437.348334,33.195904,1.572764,10,1,10,0,40.651079
25860.000000,33.578225,-117.064339,435.069631,33.402532,1.571787,10,1,10,0,42.545825
25875.000000,33.578225,-117.064340,436.143426,33.460297,1.570798,10,1,10,0,41.650757
25890.000000,33.578235,-117.064348,435.994521,32.397274,1.569798,10,1,10,0,41.308579
25905.000000,33.578227,-117.064342,434.788507,32.646805,1.568786,10,1,10,0,42.606178
25920.000000,33.578226,-117.064341,434.015165,33.177286,1.567763,10,1,10,0,43.295644
25935.000000,33.578232,-117.064341,434.551335,32.582316,1.566730,10,1,10,0,42.840337
25950.000000,33.578224,-117.064337,434.302126,32.521575,1.565686,10,1,10,0,43.307188
25965.000000,33.578221,-117.064336,433.281337,32.701378,1.564632,10,1,10,0,44.198584
25980.000000,33.578229,-117.064340,431.725544,32.378134,1.563567,10,1,10,0,45.281177
25995.000000,33.578216,-117.064337,432.010039,32.681524,1.562493,10,1,10,0,45.286277
26010.000000,33.578215,-117.064340,432.367738,32.651375,1.561409,10,1,10,0,44.804008
26025.000000,33.578224,-117.064339,432.348846,32.506834,1.560315,10,1,10,0,44.818568
26040.000000,33.578217,-117.064337,431.099626,32.475166,1.559213,10,1,10,0,46.007719
26055.000000,33.578218,-117.064339,430.438373,31.973817,1.558101,10,1,10,0,46.499521
26070.000000,33.578214,-117.064333,429.114101,32.392563,1.556981,10,1,10,0,47.942521
26085.000000,33.578226,-117.064336,431.242298,31.096800,1.555852,10,1,10,0,45.898382
26100.000000,33.578222,-117.064332,430.089429,31.926590,1.554714,10,1,10,0,47.091542
26115.000000,33.578227,-117.064336,431.354181,30.933452,1.553569,10,1,10,0,45.776527
26130.000000,33.578213,-117.064340,429.377566,31.978384,1.552416,10,1,10,0,47.366185
26145.000000,33.578227,-117.064343,430.462391,30.929876,1.551255,10,1,10,0,46.241430
26160.000000,33.578215,-117.064332,428.410894,31.897754,1.550086,10,1,10,0,48.572140
26175.000000,33.578216,-117.064336,429.094047,31.199325,1.548910,10,1,10,0,47.762404
26190.000000,33.578211,-117.064333,427.706463,31.807842,1.547728,10,1,10,0,49.136383
26205.000000,33.578212,-117.064336,428.598734,31.148196,1.546538,10,1,10,0,48.238672
26220.000000,33.578207,-117.064331,426.727990,31.544135,1.545342,10,1,10,0,50.147634
26235.000000,33.578217,-117.064336,427.628074,31.154876,1.544139,10,1,10,0,49.060565
26250.000000,33.578217,-117.064332,428.128502,30.950593,1.542930,10,1,10,0,48.809348
26265.000000,33.578213,-117.064335,428.119913,30.548837,1.541715,10,1,10,0,48.692984
26280.000000,33.578217,-117.064337,429.620010,30.403531,1.540494,10,1,10,0,47.298529
26295.000000,33.578509,-117.064414,479.824825,22.899900,1.918116,9,1,10,0,35.491833
26310.000000,33.578497,-117.064407,478.088318,22.729183,1.920065,9,1,10,0,34.330306
26325.000000,33.578504,-117.064412,479.018674,22.964222,1.921997,9,1,10,0,34.891529
26340.000000,33.578505,-117.064408,478.937916,23.062618,1.923912,9,1,10,0,35.139821
26355.000000,33.578494,-117.064404,477.975016,22.700808,1.925810,9,1,10,0,34.093538
26370.000000,33.578494,-117.064408,476.875734,22.886798,1.927690,9,1,10,0,33.731545
26385.000000,33.578496,-117.064411,477.286400,23.036893,1.929551,9,1,10,0,33.836782
26400.000000,33.578492,-117.064405,475.599510,23.015421,1.931394,9,1,10,0,33.382936
26415.000000,33.578496,-117.064406,474.864359,23.040893,1.933217,9,1,10,0,33.637759
26430.000000,33.578494,-117.064413,476.423293,23.010439,1.935020,9,1,10,0,33.333111
26445.000000,33.578489,-117.064410,474.564936,23.078255,1.936802,9,1,10,0,32.812162
26460.000000,33.578486,-117.064403,474.122608,22.885891,1.938564,9,1,10,0,32.760259
26475.000000,33.578481,-117.064407,474.264039,22.804073,1.940305,9,1,10,0,32.147487
26490.000000,33.578482,-117.064408,473.364444,22.877641,1.942024,9,1,10,0,32.041739
26505.000000,33.578485,-117.064411,473.162685,23.019255,1.943720,9,1,10,0,32.190488
26520.000000,33.578476,-117.064404,471.238838,22.965041,1.945394,9,1,10,0,31.609132
26535.000000,33.578478,-117.064407,472.409624,22.996663,1.947045,9,1,10,0,31.680885
26550.000000,33.578473,-117.064405,472.519635,22.513386,1.948672,9,1,10,0,31.355498
26565.000000,33.578477,-117.064402,471.425172,22.768755,1.950275,9,1,10,0,31.816207
26580.000000,33.578479,-117.064404,470.502611,22.688421,1.951853,9,1,10,0,31.814068
26595.000000,33.578480,-117.064403,471.006663,23.061842,1.953406,9,1,10,0,31.972856
26610.000000,33.578472,-117.064406,471.383168,23.081392,1.954933,9,1,10,0,31.090905
26625.000000,33.578472,-117.064407,471.509520,23.135012,1.956435,9,1,10,0,31.068798
26640.000000,33.578474,-117.064397,471.188757,23.130543,1.957910,9,1,10,0,31.737859
26655.000000,33.578474,-117.064402,470.541535,22.962019,1.959358,9,1,10,0,31.444936
26670.000000,33.578473,-117.064398,469.631664,23.187655,1.960778,9,1,10,0,31.632699
26685.000000,33.578469,-117.064399,469.179585,23.113053,1.962170,9,1,10,0,31.205109
26700.000000,33.578467,-117.064399,467.373512,22.711548,1.963535,9,1,10,0,31.107644
26715.000000,33.578465,-117.064401,468.407906,23.051962,1.964870,9,1,10,0,30.766102
26730.000000,33.578460,-117.064397,468.161289,23.090794,1.966175,9,1,10,0,30.526369
26745.000000,33.578466,-117.064401,467.573247,23.266021,1.967452,9,1,10,0,30.912181
26760.000000,33.578461,-117.064402,467.708406,22.898801,1.968697,9,1,10,0,30.400981
26775.000000,33.578464,-117.064392,466.725088,23.161278,1.969912,9,1,10,0,31.285177
26790.000000,33.578461,-117.064397,466.563792,22.995595,1.971096,9,1,10,0,30.764611
26805.000000,33.578465,-117.064397,467.972376,23.540422,1.972248,9,1,10,0,31.070905
26820.000000,33.578454,-117.064395,466.158941,23.174397,1.973369,9,1,10,0,30.350202
26835.000000,33.578459,-117.064397,466.019554,23.025364,1.974457,9,1,10,0,30.723221
26850.000000,33.578454,-117.064395,464.211710,23.135293,1.975512,9,1,10,0,30.670818
26865.000000,33.578447,-117.064397,464.095296,23.291820,1.976533,9,1,10,0,30.005256
26880.000000,33.578445,-117.064396,463.461490,23.428041,1.977521,9,1,10,0,29.990053
26895.000000,33.578438,-117.064399,462.479044,23.037709,1.978475,9,1,10,0,29.463861
26910.000000,33.578444,-117.064393,463.080265,23.363636,1.979394,9,1,10,0,30.221096
26925.000000,33.578433,-117.064395,462.379132,23.192509,1.980279,9,1,10,0,29.366406
26940.000000,33.578433,-117.064387,460.892565,23.295983,1.981128,9,1,10,0,30.290137
26955.000000,33.578433,-117.064390,460.249439,23.131950,1.981941,9,1,10,0,30.259789
26970.000000,33.578426,-117.064390,459.601959,22.947493,1.982719,9,1,10,0,29.949703
26985.000000,33.578428,-117.064392,459.198889,23.478492,1.983460,9,1,10,0,30.135240
27000.000000,33.578427,-117.064392,458.893916,23.080201,1.984164,9,1,10,0,30.184017
27015.000000,33.578430,-117.064392,458.192403,23.546811,1.984831,9,1,10,0,30.720415
27030.000000,33.578420,-117.064390,458.083716,22.910786,1.985461,9,1,10,0,30.100577
27045.000000,33.578418,-117.064392,458.160185,23.169067,1.986052,9,1,10,0,29.856642
27060.000000,33.578412,-117.064391,458.543689,22.916114,1.986606,9,1,10,0,29.316431
27075.000000,33.578412,-117.064388,456.775116,23.214045,1.987122,9,1,10,0,30.196539
27090.000000,33.578407,-117.064389,456.776791,23.107450,1.987598,9,1,10,0,29.783288
27105.000000,33.578409,-117.064392,456.265297,23.434994,1.988036,9,1,10,0,29.961164
27120.000000,33.578400,-117.064390,455.586659,23.028137,1.988435,9,1,10,0,29.798883
27135.000000,33.578400,-117.064389,454.128311,23.217146,1.988794,9,1,10,0,30.572681
27150.000000,33.578394,-117.064393,455.041958,23.510281,1.989113,9,1,10,0,29.560883
27165.000000,33.578401,-117.064386,453.552977,23.553244,1.989392,9,1,10,0,31.157856
27180.000000,33.578396,-117.064386,453.640650,23.069883,1.989631,9,1,10,0,30.802997
27195.000000,33.578398,-117.064382,452.936466,23.530157,1.989830,9,1,10,0,31.509597
27210.000000,33.578386,-117.064387,452.753009,23.186622,1.989988,9,1,10,0,30.615069
27225.000000,33.578387,-117.064383,451.046998,23.413186,1.990106,9,1,10,0,31.916312
27240.000000,33.578385,-117.064385,449.463035,23.734428,1.990182,9,1,10,0,32.670258
27255.000000,33.578385,-117.064381,450.141221,23.705711,1.990217,9,1,10,0,32.485651
27270.000000,33.578380,-117.064386,450.657160,23.499821,1.990211,9,1,10,0,31.603787
27285.000000,33.578379,-117.064382,448.970035,23.470475,1.990163,9,1,10,0,32.869239
27300.000000,33.578372,-117.064384,449.635088,22.971202,1.990074,9,1,10,0,31.914898
27315.000000,33.578371,-117.064375,446.841869,23.340590,1.989944,9,1,10,0,34.231873
27330.000000,33.578371,-117.064387,448.535754,23.247053,1.989771,9,1,10,0,32.393064
27345.000000,33.578372,-117.064388,446.909020,23.452072,1.989557,9,1,10,0,33.526348
27360.000000,33.578369,-117.064385,448.013440,23.364456,1.989301,9,1,10,0,32.815140
27375.000000,33.578369,-117.064383,446.806129,23.479590,1.989003,9,1,10,0,33.734547
27390.000000,33.578359,-117.064379,445.626797,23.157866,1.988663,9,1,10,0,34.332402
27405.000000,33.578359,-117.064378,446.035291,23.475769,1.988281,9,1,10,0,34.103106
27420.000000,33.578353,-117.064383,445.497981,23.001609,1.987856,9,1,10,0,33.959196
27435.000000,33.578357,-117.064374,443.477014,23.297669,1.987391,9,1,10,0,36.101938
27450.000000,33.578353,-117.064383,445.515057,23.216216,1.986882,9,1,10,0,33.966967
27465.000000,33.578349,-117.064376,443.014377,23.506012,1.986332,9,1,10,0,36.012388
27480.000000,33.578347,-117.064383,443.252147,23.418175,1.985741,9,1,10,0,35.403737
27495.000000,33.578339,-117.064381,442.875630,23.396497,1.985107,9,1,10,0,35.504484
27510.000000,33.578336,-117.064385,442.014794,23.219510,1.984432,9,1,10,0,35.870396
27525.000000,33.578341,-117.064380,441.902989,23.299748,1.983714,9,1,10,0,36.369136
27540.000000,33.578334,-117.064382,442.116297,23.084392,1.982956,9,1,10,0,35.906162
27555.000000,33.578335,-117.064377,439.844661,23.117508,1.982156,9,1,10,0,37.958771
27570.000000,33.578331,-117.064379,440.505329,22.997650,1.981315,9,1,10,0,37.258801
27585.000000,33.578333,-117.064382,439.686136,23.004237,1.980432,9,1,10,0,37.803218
27600.000000,33.578329,-117.064379,438.785372,23.120851,1.979509,9,1,10,0,38.539722
27615.000000,33.578320,-117.064379,439.420923,22.874225,1.978545,9,1,10,0,37.824524
27630.000000,33.578322,-117.064373,437.829058,23.317888,1.977540,9,1,10,0,39.449696
27645.000000,33.578317,-117.064373,438.034076,23.048607,1.976495,9,1,10,0,39.170204
27660.000000,33.578313,-117.064368,435.991490,23.096345,1.975410,9,1,10,0,40.999604
27675.000000,33.578308,-117.064376,437.702691,22.805636,1.974284,9,1,10,0,39.118315
27690.000000,33.578310,-117.064372,436.301869,23.078660,1.973120,9,1,10,0,40.487975
27705.000000,33.578300,-117.064371,435.569032,22.621509,1.971915,9,1,10,0,40.954205
27720.000000,33.578303,-117.064373,435.425234,22.540365,1.970672,9,1,10,0,41.037717
27735.000000,33.578297,-117.064377,435.323591,22.662947,1.969390,9,1,10,0,40.849074
27750.000000,33.578293,-117.064377,435.233426,22.789635,1.968069,9,1,9,0,40.830047
27765.000000,33.578292,-117.064373,434.015452,22.737565,1.966710,9,1,10,0,42.068143
27780.000000,33.578292,-117.064377,433.278300,22.570241,1.965313,9,1,10,0,42.522874
27795.000000,33.578286,-117.064370,432.695687,22.856112,1.963879,9,1,10,0,43.252431
27810.000000,33.578284,-117.064370,431.208483,22.526642,1.962407,9,1,9,0,44.526081
27825.000000,33.578281,-117.064378,432.871398,22.614072,1.960899,9,1,9,0,42.682373
27840.000000,33.578280,-117.064371,431.119096,22.397003,1.959354,9,1,9,0,44.507163
27855.000000,33.578274,-117.064373,431.003686,22.236149,1.957772,9,1,9,0,44.458443
27870.000000,33.578275,-117.064372,431.600005,22.416243,1.956156,9,1,10,0,43.987409
27885.000000,33.578269,-117.064376,432.371397,22.209677,1.954503,9,1,9,0,43.084537
27900.000000,33.578274,-117.064366,431.078633,21.953360,1.952816,9,1,9,0,44.688555
27915.000000,33.578269,-117.064377,431.599898,22.301821,1.951095,9,1,9,0,43.745330
27930.000000,33.578263,-117.064368,430.634215,22.734479,1.949339,9,1,9,0,44.918862
27945.000000,33.578260,-117.064371,429.438305,22.483090,1.947550,9,1,9,0,45.855682
27960.000000,33.578258,-117.064373,428.724767,22.454924,1.945728,9,1,9,0,46.379414
27975.000000,33.578254,-117.064369,428.123370,22.246276,1.943873,9,1,9,0,47.075739
27990.000000,33.578251,-117.064372,428.369408,22.153159,1.941985,9,1,9,0,46.724420
28005.000000,33.578250,-117.064371,427.549530,22.022654,1.940066,9,1,9,0,47.507195
28020.000000,33.578245,-117.064368,426.825679,21.941695,1.938116,9,1,9,0,48.245631
28035.000000,33.578247,-117.064367,426.208938,21.917729,1.936135,9,1,9,0,48.878579
28050.000000,33.578244,-117.064368,427.176843,22.139259,1.934123,9,1,9,0,47.945017
28065.000000,33.578239,-117.064366,427.166556,21.751907,1.932082,9,1,9,0,48.057932
28080.000000,33.578237,-117.064365,427.325679,21.753280,1.930011,9,1,9,0,47.956680
28095.000000,33.578238,-117.064366,426.406866,21.877141,1.927912,9,1,9,0,48.710346
28110.000000,33.578234,-117.064365,425.517179,22.044236,1.925785,9,1,9,0,49.553614
28125.000000,33.578233,-117.064370,425.353529,21.663674,1.923629,9,1,9,0,49.519168
28140.000000,33.578229,-117.064372,425.845402,21.603176,1.921447,9,1,9,0,49.009551
28155.000000,33.578227,-117.064369,425.745053,21.633284,1.919237,9,1,9,0,49.223097
28170.000000,33.578229,-117.064365,424.568221,21.559551,1.917002,9,1,9,0,50.449234
28185.000000,33.578224,-117.064365,423.721615,21.536546,1.914741,9,1,9,0,51.218370
28200.000000,33.578220,-117.064363,423.004673,21.277250,1.912455,9,1,9,0,51.953362
28215.000000,33.578220,-117.064367,421.473712,21.378095,1.910144,9,1,9,0,53.191653
28230.000000,33.578217,-117.064368,421.139846,21.946036,1.907809,9,1,9,0,53.492958
28245.000000,33.578216,-117.064367,421.311035,21.588465,1.905451,9,1,9,0,53.398268
28260.000000,33.578213,-117.064363,422.051000,21.335604,1.903070,9,1,9,0,52.873467
28275.000000,33.578208,-117.064363,421.175901,21.371957,1.900667,9,1,9,0,53.720445
28290.000000,33.578205,-117.064363,423.055047,21.241807,1.898241,9,1,9,0,52.039164
28305.000000,33.578207,-117.064357,421.483068,20.886032,1.895795,9,1,9,0,53.680092
28320.000000,33.578201,-117.064364,420.868778,21.012237,1.893328,9,1,9,0,54.029210
28335.000000,33.578202,-117.064357,420.002855,20.808536,1.890841,9,1,9,0,55.051048
28350.000000,33.578201,-117.064361,420.404653,20.953753,1.888334,9,1,9,0,54.559537
28365.000000,33.578200,-117.064359,422.343635,20.369431,1.885808,9,1,9,0,52.869890
28380.000000,33.578200,-117.064356,420.578589,20.636824,1.883263,9,1,9,0,54.586790
28395.000000,33.578196,-117.064356,420.391076,20.631570,1.880701,9,1,9,0,54.815263
28410.000000,33.578190,-117.064362,420.731906,20.197221,1.878121,9,1,9,0,54.335085
28425.000000,33.578185,-117.064356,420.834809,19.984693,1.875525,9,1,9,0,54.533038
28440.000000,33.578185,-117.064355,420.672680,19.996061,1.872912,9,1,9,0,54.723318
28455.000000,33.578180,-117.064361,421.353224,19.945128,1.870283,9,1,9,0,53.933627
28470.000000,33.578185,-117.064357,420.483928,19.921030,1.867640,9,1,9,0,54.798941
28485.000000,33.578186,-117.064354,418.710982,20.185321,1.864981,9,1,9,0,56.498828
28500.000000,33.578181,-117.064364,420.071090,20.239317,1.862309,9,1,9,0,54.987122
28515.000000,33.578176,-117.064362,419.057782,20.120114,1.859623,9,1,9,0,56.048666
28530.000000,33.578177,-117.064357,417.795105,20.223116,1.856924,9,1,9,0,57.347587
28545.000000,33.578174,-117.064351,417.313550,19.796103,1.854212,9,1,9,0,58.058562
28560.000000,33.578168,-117.064357,417.730496,19.747276,1.851488,9,1,9,0,57.574905
28575.000000,33.578170,-117.064362,419.620331,19.501915,1.848753,9,1,9,0,55.636900
28590.000000,33.578171,-117.064357,416.729770,19.852968,1.846007,9,1,9,0,58.424718
28605.000000,33.578163,-117.064362,417.547947,19.762554,1.843250,9,1,9,0,57.617833
28620.000000,33.578165,-117.064359,416.760872,19.755371,1.840484,9,1,9,0,58.408272
28635.000000,33.578162,-117.064358,416.409544,19.664519,1.837708,9,1,9,0,58.816059
28650.000000,33.578153,-117.064380,424.241179,21.507141,2.063462,8,1,9,0,51.129377
28665.000000,33.578159,-117.064373,422.338208,21.297046,2.061104,8,1,9,0,52.943655
28680.000000,33.578155,-117.064379,422.723920,21.232624,2.058725,8,1,10,0,52.475918
28695.000000,33.578149,-117.064383,422.702664,21.308588,2.056328,8,1,10,0,52.474941
28710.000000,33.578145,-117.064377,421.029024,21.409847,2.053911,8,1,10,0,54.297345
28725.000000,33.578142,-117.064376,421.056914,21.426981,2.051476,8,1,10,0,54.349739
28740.000000,33.578139,-117.064379,421.525770,21.454382,2.049024,8,1,10,0,53.928806
28755.000000,33.578138,-117.064377,422.578056,21.284253,2.046553,8,1,10,0,53.062419
28770.000000,33.578146,-117.064370,419.473525,20.869628,2.044066,8,1,10,0,55.916044
28785.000000,33.578138,-117.064371,421.061267,20.839230,2.041563,8,1,10,0,54.626387
28800.000000,33.578138,-117.064377,421.408782,21.034185,2.039044,8,1,10,0,54.100545
28815.000000,33.578139,-117.064376,420.565273,21.051575,2.036509,8,1,10,0,54.889132
28830.000000,33.578137,-117.064375,419.118259,20.990297,2.033959,8,1,10,0,56.263753
28845.000000,33.578139,-117.064367,418.667492,20.320668,2.031395,8,1,10,0,56.890168
28860.000000,33.578131,-117.064375,420.027646,20.403644,2.028817,8,1,10,0,55.574230
28875.000000,33.578128,-117.064373,420.551198,20.432507,2.026225,8,1,10,0,55.271482
28890.000000,33.578135,-117.064370,418.996988,20.384058,2.023621,8,1,10,0,56.609362
28905.000000,33.578129,-117.064373,419.483724,20.122627,2.021003,8,1,10,0,56.217951
28920.000000,33.578130,-117.064366,417.090697,20.083445,2.018374,8,1,10,0,58.565446
28935.000000,33.578134,-117.064366,416.423520,19.924841,2.015733,8,1,10,0,59.099752
28950.000000,33.578128,-117.064374,418.371386,20.172862,2.013080,8,1,10,0,57.183550
28965.000000,33.578128,-117.064369,418.260505,20.015222,2.010417,8,1,10,0,57.475114
28980.000000,33.578129,-117.064372,417.323165,20.058096,2.007743,8,1,10,0,58.195846
28995.000000,33.578127,-117.064375,418.003533,19.980211,2.005060,8,1,10,0,57.541780
29010.000000,33.578123,-117.064368,417.980623,19.985885,2.002367,8,1,10,0,57.869599
29025.000000,33.578118,-117.064375,418.861394,20.086532,1.999664,8,1,10,0,56.959842
29040.000000,33.578118,-117.064371,415.972465,20.165382,1.996954,8,1,10,0,59.709057
29055.000000,33.578125,-117.064366,416.165873,19.868311,1.994234,8,1,10,0,59.539449
29070.000000,33.578117,-117.064370,417.829543,19.542842,1.991507,8,1,10,0,58.090302
29085.000000,33.578121,-117.064363,416.331607,19.486506,1.988772,8,1,10,0,59.570128
29100.000000,33.578122,-117.064369,416.577295,19.333748,1.986030,8,1,10,0,59.138967
29115.000000,33.578116,-117.064368,415.213592,19.891795,1.983282,8,1,10,0,60.535222
29130.000000,33.578113,-117.064367,416.280043,19.737746,1.980527,8,1,10,0,59.695979
29145.000000,33.578110,-117.064367,415.470919,19.920299,1.977766,8,1,10,0,60.512847
29160.000000,33.578116,-117.064363,415.612022,19.418589,1.975000,8,1,10,0,60.357263
29175.000000,33.578110,-117.064362,416.128448,19.162814,1.972228,8,1,10,0,60.089971
29190.000000,33.578117,-117.064357,414.151172,18.870980,1.969452,8,1,10,0,61.871262
29205.000000,33.578116,-117.064360,415.133038,18.794482,1.966670,8,1,10,0,60.872310
29220.000000,33.578114,-117.064363,414.494319,19.154535,1.963885,8,1,10,0,61.418314
29235.000000,33.578110,-117.064360,413.802422,19.109301,1.961096,8,1,10,0,62.246107
29250.000000,33.578115,-117.064356,412.732494,18.785434,1.958303,8,1,10,0,63.238052
29265.000000,33.578113,-117.064358,413.305227,18.888164,1.955507,8,1,10,0,62.678195
29280.000000,33.578106,-117.064355,413.696332,18.722494,1.952709,8,1,10,0,62.622663
29295.000000,33.578110,-117.064356,413.417708,18.496762,1.949907,8,1,10,0,62.732332
29310.000000,33.578108,-117.064358,413.197017,18.630409,1.947104,8,1,10,0,62.928571
29325.000000,33.578104,-117.064363,414.386717,18.473810,1.944298,8,1,10,0,61.802886
29340.000000,33.578109,-117.064363,413.321163,18.516959,1.941491,8,1,10,0,62.608558
29355.000000,33.578106,-117.064362,412.219684,18.621506,1.938683,8,1,10,0,63.711570
29370.000000,33.578109,-117.064355,410.781271,18.450376,1.935874,8,1,10,0,65.199029
29385.000000,33.578108,-117.064358,411.857727,18.303741,1.933063,8,1,10,0,64.146774
29400.000000,33.578102,-117.064365,412.951219,18.290536,1.930252,8,1,10,0,63.082581
29415.000000,33.578105,-117.064357,412.756457,17.894551,1.927441,8,1,10,0,63.434218
29430.000000,33.578109,-117.064352,411.533797,17.754358,1.924630,8,1,10,0,64.589177
29445.000000,33.578104,-117.064353,411.391905,18.167045,1.921820,8,1,10,0,64.797487
29460.000000,33.578100,-117.064359,410.949725,18.390860,1.919009,8,1,10,0,65.123698
29475.000000,33.578104,-117.064357,410.471124,18.062785,1.916200,8,1,10,0,65.515566
29490.000000,33.578103,-117.064353,411.373193,17.919288,1.913391,8,1,10,0,64.868392
29505.000000,33.578102,-117.064358,411.121848,17.984836,1.910584,8,1,10,0,64.971455
29520.000000,33.578109,-117.064355,411.729665,17.498677,1.907779,8,1,10,0,64.314093
29535.000000,33.578105,-117.064358,410.752520,17.797747,1.904975,8,1,10,0,65.201282
29550.000000,33.578104,-117.064361,411.222764,17.611528,1.902173,8,1,10,0,64.722910
29565.000000,33.578104,-117.064357,408.141894,17.616500,1.899373,8,1,10,0,67.644227
29580.000000,33.578098,-117.064364,411.516923,17.394664,1.896575,8,1,10,0,64.503365
29595.000000,33.578097,-117.064358,411.938701,17.448033,1.893780,8,1,10,0,64.338543
29610.000000,33.578110,-117.064351,409.167701,17.155094,1.890988,8,1,10,0,66.752457
29625.000000,33.578104,-117.064349,409.256528,17.230741,1.888199,8,1,10,0,66.884593
29640.000000,33.578105,-117.064351,408.152262,17.306361,1.885413,8,1,10,0,67.799845
29655.000000,33.578099,-117.064359,407.943813,17.628678,1.882630,8,1,10,0,67.892480
29670.000000,33.578101,-117.064358,408.972322,17.297118,1.879850,8,1,10,0,66.934062
29685.000000,33.578096,-117.064356,411.135224,17.128387,1.877075,8,1,10,0,65.181893
29700.000000,33.578103,-117.064348,409.967848,16.619743,1.874303,8,1,10,0,66.291215
29715.000000,33.578100,-117.064356,408.939530,16.890852,1.871535,8,1,10,0,67.041827
29730.000000,33.578099,-117.064354,409.069562,16.870748,1.868771,8,1,10,0,67.010126
29745.000000,33.578094,-117.064355,409.256078,16.974189,1.866012,8,1,10,0,66.945310
29760.000000,33.578099,-117.064353,409.143481,16.689627,1.863257,8,1,10,0,66.981697
29775.000000,33.578098,-117.064354,409.342412,16.695513,1.860507,8,1,10,0,66.807891
29790.000000,33.578097,-117.064352,410.046604,16.499186,1.857761,8,1,10,0,66.242909
29805.000000,33.578095,-117.064357,411.423183,16.549493,1.855020,8,1,10,0,64.922003
29820.000000,33.578105,-117.064350,406.607483,16.485979,1.852285,8,1,10,0,69.253111
29835.000000,33.578100,-117.064357,407.406724,16.548788,1.849555,8,1,10,0,68.445039
29850.000000,33.578094,-117.064360,407.915637,16.769944,1.846829,8,1,10,0,68.044476
29865.000000,33.578101,-117.064347,407.119898,16.234964,1.844109,8,1,10,0,68.993109
29880.000000,33.578102,-117.064343,407.962534,16.020434,1.841395,8,1,10,0,68.323794
29895.000000,33.578101,-117.064344,408.046722,16.012634,1.838686,8,1,9,0,68.229288
29910.000000,33.578093,-117.064353,408.323633,16.380340,1.835983,8,1,9,0,67.901212
29925.000000,33.578095,-117.064354,407.809306,16.271100,1.833286,8,1,9,0,68.270532
29940.000000,33.578102,-117.064349,406.241915,15.982337,1.830595,8,1,9,0,69.697198
29955.000000,33.578105,-117.064348,409.394888,15.498108,1.827910,8,1,9,0,66.752244
29970.000000,33.578098,-117.064350,410.145295,15.698529,1.825231,8,1,9,0,66.190927
29985.000000,33.578100,-117.064350,408.162763,15.614585,1.822558,8,1,9,0,67.947608
30000.000000,33.578100,-117.064351,406.983301,15.916346,1.819892,8,1,9,0,68.984002
30015.000000,33.578092,-117.064353,408.617126,15.873216,1.817232,8,1,9,0,67.639400
30030.000000,33.578097,-117.064348,408.793649,15.308286,1.814578,8,1,9,0,67.512313
30045.000000,33.578098,-117.064345,408.511330,15.180316,1.811931,8,1,9,0,67.822979
30060.000000,33.578099,-117.064352,408.919277,15.247550,1.809291,8,1,9,0,67.229432
30075.000000,33.578091,-117.064353,408.894212,15.558328,1.806657,8,1,9,0,67.415750
30090.000000,33.578095,-117.064354,407.519438,15.538167,1.804030,8,1,9,0,68.565977
30105.000000,33.578089,-117.064359,408.259126,15.575108,1.801410,8,1,9,0,67.884650
30120.000000,33.578104,-117.064350,406.465185,15.060920,1.798797,8,1,9,0,69.417764
30135.000000,33.578466,-117.064476,453.107435,35.895567,1.590882,9,1,9,0,32.072569
30150.000000,33.578458,-117.064478,452.258202,35.509221,1.590510,9,1,9,0,31.783258
30165.000000,33.578465,-117.064473,448.841766,35.530718,1.590125,9,1,9,0,34.526377
30180.000000,33.578462,-117.064476,449.578690,35.831261,1.589729,9,1,9,0,33.796645
30195.000000,33.578472,-117.064482,451.305325,36.477988,1.589320,9,1,9,0,33.372072
30210.000000,33.578464,-117.064478,451.557019,35.956349,1.588900,9,1,9,0,32.697957
30225.000000,33.578459,-117.064477,447.124304,34.973292,1.588468,9,1,9,0,35.036975
30240.000000,33.578464,-117.064483,448.819729,35.852277,1.588024,9,1,9,0,34.189076
30255.000000,33.578463,-117.064487,449.252658,36.265816,1.587567,9,1,9,0,33.712199
30270.000000,33.578462,-117.064482,448.590158,35.899288,1.587099,9,1,9,0,34.169225
30285.000000,33.578459,-117.064471,446.184095,35.154023,1.586620,9,1,9,0,35.883888
30300.000000,33.578461,-117.064476,448.049378,35.739303,1.586128,9,1,9,0,34.661053
30315.000000,33.578453,-117.064478,448.749192,35.941272,1.585624,9,1,9,0,33.534744
30330.000000,33.578454,-117.064476,446.837246,35.615602,1.585109,9,1,10,0,34.890840
30345.000000,33.578456,-117.064472,445.506864,35.423307,1.584581,9,1,10,0,36.095721
30360.000000,33.578467,-117.064473,446.238281,36.255502,1.584042,9,1,10,0,36.329224
30375.000000,33.578446,-117.064481,448.001586,35.489889,1.583491,9,1,10,0,33.335549
30390.000000,33.578447,-117.064480,444.984409,35.115416,1.582928,9,1,10,0,35.540375
30405.000000,33.578468,-117.064478,444.412396,36.277438,1.582354,9,1,10,0,37.509894
30420.000000,33.578465,-117.064476,446.312762,36.362571,1.581767,9,1,10,0,36.049669
30435.000000,33.578458,-117.064476,446.119782,35.695620,1.581169,9,1,10,0,35.644518
30450.000000,33.578448,-117.064474,442.061548,34.823240,1.580560,9,1,10,0,37.903110
30465.000000,33.578468,-117.064474,443.135638,36.014008,1.579939,9,1,10,0,38.506558
30480.000000,33.578469,-117.064473,444.214658,36.451026,1.579306,9,1,10,0,37.872733
30495.000000,33.578456,-117.064477,443.110920,35.807457,1.578662,9,1,10,0,37.620629
30510.000000,33.578453,-117.064471,442.426727,35.147176,1.578006,9,1,10,0,38.073028
30525.000000,33.578473,-117.064479,441.331055,36.801428,1.577338,9,1,10,0,40.016885
30540.000000,33.578474,-117.064478,440.177958,36.698202,1.576660,9,1,10,0,40.943205
30555.000000,33.578461,-117.064482,440.531872,35.829736,1.575969,9,1,10,0,39.690040
30570.000000,33.578471,-117.064475,440.272609,36.473816,1.575268,9,1,10,0,40.715026
30585.000000,33.578467,-117.064476,438.726753,35.855109,1.574555,9,1,10,0,41.573037
30600.000000,33.578459,-117.064472,439.369870,35.359758,1.573831,9,1,10,0,40.675075
30615.000000,33.578466,-117.064475,439.879336,36.167947,1.573095,9,1,10,0,40.697617
30630.000000,33.578462,-117.064476,440.425706,36.251474,1.572349,9,1,10,0,39.946117
30645.000000,33.578460,-117.064466,438.209295,35.385198,1.571591,9,1,10,0,41.764144
30660.000000,33.578464,-117.064467,436.580500,35.631046,1.570823,9,1,10,0,43.263129
30675.000000,33.578459,-117.064467,438.125921,35.941026,1.570043,9,1,10,0,41.735755
30690.000000,33.578465,-117.064470,436.522897,36.186555,1.569252,9,1,10,0,43.322500
30705.000000,33.578452,-117.064473,436.895443,35.800070,1.568451,9,1,10,0,42.103993
30720.000000,33.578458,-117.064462,435.448530,35.395599,1.567639,9,1,10,0,43.912878
30735.000000,33.578459,-117.064471,436.109484,35.648788,1.566815,9,1,10,0,43.200803
30750.000000,33.578456,-117.064471,435.643885,36.011401,1.565982,9,1,10,0,43.371577
30765.000000,33.578523,-117.064434,418.692306,39.815551,2.373700,8,1,10,0,61.937585
30780.000000,33.578529,-117.064436,416.867371,40.033427,2.372402,8,1,10,0,63.764728
30795.000000,33.578527,-117.064425,416.944694,39.500095,2.371054,8,1,10,0,63.847988
30810.000000,33.578531,-117.064427,415.679016,39.558914,2.369654,8,1,10,0,65.035569
30825.000000,33.578536,-117.064430,414.107728,40.529150,2.368204,8,1,10,0,66.572359
30840.000000,33.578531,-117.064428,414.811670,39.789782,2.366702,8,1,10,0,65.773774
30855.000000,33.578530,-117.064423,414.007842,39.537162,2.365150,8,1,10,0,66.511336
30870.000000,33.578535,-117.064426,413.711857,39.692080,2.363548,8,1,10,0,66.942991
30885.000000,33.578538,-117.064424,412.477473,39.905493,2.361896,8,1,10,0,68.208563
30900.000000,33.578537,-117.064426,410.808652,39.750316,2.360194,8,1,10,0,69.499087
30915.000000,33.578539,-117.064424,409.046198,39.246840,2.358443,8,1,10,0,71.155707
30930.000000,33.578530,-117.064414,411.775140,38.951826,2.356642,8,1,10,0,68.590730
30945.000000,33.578530,-117.064417,411.755642,38.945468,2.354792,8,1,10,0,68.552353
30960.000000,33.578533,-117.064422,410.264159,38.986586,2.352894,8,1,10,0,69.886534
30975.000000,33.578540,-117.064423,406.812451,38.983471,2.350947,8,1,10,0,73.177620
30990.000000,33.578542,-117.064421,404.711175,38.982186,2.348952,8,1,10,0,75.120167
31005.000000,33.578542,-117.064420,404.895146,39.156594,2.346910,8,1,10,0,74.982601
31020.000000,33.578538,-117.064413,407.033368,38.604648,2.344819,8,1,10,0,73.093502
31035.000000,33.578537,-117.064409,406.531819,38.411974,2.342682,8,1,10,0,73.570658
31050.000000,33.578542,-117.064410,407.069793,38.775145,2.340498,8,1,10,0,73.284925
31065.000000,33.578545,-117.064411,404.602315,38.842801,2.338269,8,1,10,0,75.569283
31080.000000,33.578548,-117.064404,404.239424,38.711116,2.335993,8,1,10,0,76.185511
31095.000000,33.578543,-117.064403,404.745843,38.797667,2.333672,8,1,10,0,75.534078
31110.000000,33.578549,-117.064411,402.066002,39.204185,2.331305,8,1,10,0,77.955111
31125.000000,33.578551,-117.064409,400.521145,38.558391,2.328895,8,1,10,0,79.481970
31140.000000,33.578416,-117.064668,465.678107,42.241113,1.887769,9,1,10,0,20.749603
31155.000000,33.578419,-117.064673,462.741191,41.888471,1.887538,9,1,10,0,21.888891
31170.000000,33.578417,-117.064665,465.959165,41.830146,1.887281,9,1,10,0,20.656069
31185.000000,33.578420,-117.064666,463.166016,41.551773,1.886999,9,1,10,0,21.684748
31200.000000,33.578423,-117.064664,463.646366,41.261415,1.886690,9,1,10,0,21.859939
31215.000000,33.578424,-117.064677,463.682379,42.156186,1.886356,9,1,10,0,22.247268
31230.000000,33.578419,-117.064677,462.535908,41.912188,1.885996,9,1,10,0,22.172171
31245.000000,33.578421,-117.064668,461.861023,41.551488,1.885611,9,1,10,0,22.331441
31260.000000,33.578418,-117.064667,462.491311,41.995951,1.885199,9,1,10,0,21.818960
31275.000000,33.578418,-117.064681,462.261864,42.290473,1.884762,9,1,10,0,22.256690
31290.000000,33.578424,-117.064679,461.346739,42.362842,1.884299,9,1,10,0,23.134277
31305.000000,33.578424,-117.064675,460.523649,42.221264,1.883811,9,1,10,0,23.344504
31320.000000,33.578426,-117.064682,458.164836,42.608644,1.883297,9,1,10,0,24.757597
31335.000000,33.578431,-117.064671,456.312583,42.009089,1.882757,9,1,10,0,25.892051
31350.000000,33.578432,-117.064668,457.031980,42.042462,1.882191,9,1,10,0,25.474716
31365.000000,33.578428,-117.064669,458.469438,41.941902,1.881600,9,1,10,0,24.410944
31380.000000,33.578428,-117.064672,456.793963,41.998480,1.880983,9,1,10,0,25.362464
31395.000000,33.578429,-117.064670,457.246519,41.781647,1.880341,9,1,10,0,25.177699
31410.000000,33.578432,-117.064667,456.861675,41.546563,1.879673,9,1,10,0,25.579078
31425.000000,33.578427,-117.064662,458.257907,41.135816,1.878979,9,1,10,0,24.272679
31440.000000,33.578432,-117.064668,457.495687,42.016520,1.878261,9,1,10,0,25.248844
31455.000000,33.578435,-117.064676,455.532168,41.756916,1.877517,9,1,10,0,26.734118
31470.000000,33.578440,-117.064669,453.295003,41.574352,1.876749,9,1,10,0,28.294046
31485.000000,33.578438,-117.064671,453.816035,41.560959,1.875954,9,1,10,0,27.864910
31500.000000,33.578439,-117.064662,452.463236,41.507188,1.875136,9,1,10,0,28.561015
31515.000000,33.578447,-117.064663,449.155300,41.930463,1.874292,9,1,10,0,31.373900
31530.000000,33.578438,-117.064668,450.415283,41.731621,1.873423,9,1,10,0,29.951625
31545.000000,33.578444,-117.064672,449.610007,42.478990,1.872530,9,1,10,0,30.992732
31560.000000,33.578439,-117.064672,449.278825,41.947587,1.871612,9,1,10,0,30.875941
31575.000000,33.578442,-117.064671,448.288784,42.177203,1.870669,9,1,10,0,31.690841
31590.000000,33.578442,-117.064682,449.034044,42.711112,1.869703,9,1,10,0,31.448501
31605.000000,33.578436,-117.064673,449.587247,42.540553,1.868711,9,1,10,0,30.408747
31620.000000,33.578428,-117.064671,450.409873,42.478424,1.867696,9,1,10,0,29.223770
31635.000000,33.578447,-117.064659,446.685769,41.915509,1.866658,9,1,10,0,32.978401
31650.000000,33.578441,-117.064657,447.703705,41.515323,1.865595,9,1,10,0,31.801897
31665.000000,33.578446,-117.064661,446.330998,41.541694,1.864508,9,1,10,0,33.210523
31680.000000,33.578444,-117.064672,446.487155,42.106695,1.863398,9,1,10,0,33.106507
31695.000000,33.578451,-117.064684,443.120336,42.467798,1.862265,9,1,10,0,36.363057
31710.000000,33.578456,-117.064672,442.398811,41.906560,1.861109,9,1,10,0,36.983454
31725.000000,33.578458,-117.064678,441.602753,42.282356,1.859929,9,1,10,0,37.851408
31740.000000,33.578458,-117.064669,442.000001,41.822497,1.858727,9,1,10,0,37.356771
31755.000000,33.578452,-117.064660,443.276051,41.671254,1.857502,9,1,10,0,35.850987
31770.000000,33.578456,-117.064669,441.285108,42.039151,1.856255,9,1,10,0,37.775278
31785.000000,33.578456,-117.064661,442.074822,41.673050,1.854985,9,1,10,0,37.094088
31800.000000,33.578454,-117.064661,441.415468,42.025449,1.853693,9,1,10,0,37.405626
31815.000000,33.578449,-117.064672,441.064555,41.945491,1.852379,9,1,10,0,37.498562
31830.000000,33.578453,-117.064672,438.953637,42.053227,1.851043,9,1,10,0,39.421149
31845.000000,33.578424,-117.064591,459.056756,44.877057,2.020866,8,1,10,0,22.872767
31860.000000,33.578425,-117.064589,457.951067,44.757278,2.019777,8,1,10,0,23.511815
31875.000000,33.578425,-117.064590,457.329791,44.520750,2.018657,8,1,10,0,23.876055
31890.000000,33.578430,-117.064596,456.903516,44.904517,2.017503,8,1,10,0,24.575363
31905.000000,33.578421,-117.064599,459.125449,45.396007,2.016317,8,1,10,0,22.550382
31920.000000,33.578421,-117.064596,457.936330,44.969467,2.015100,8,1,10,0,23.212624
31935.000000,33.578422,-117.064583,457.004092,44.296450,2.013850,8,1,10,0,23.771887
31950.000000,33.578431,-117.064591,454.984690,44.757795,2.012569,8,1,10,0,25.755935
31965.000000,33.578425,-117.064588,455.221015,44.812909,2.011256,8,1,10,0,25.078320
31980.000000,33.578430,-117.064597,455.115938,45.483680,2.009912,8,1,10,0,25.595803
31995.000000,33.578437,-117.064590,452.577181,44.890394,2.008537,8,1,10,0,27.702511
32010.000000,33.578427,-117.064594,454.163254,45.060614,2.007131,8,1,10,0,25.855784
32025.000000,33.578435,-117.064595,452.201288,44.568732,2.005694,8,1,10,0,27.788537
32040.000000,33.578431,-117.064595,452.390158,44.593746,2.004228,8,1,9,0,27.299150
32055.000000,33.578441,-117.064590,450.011562,44.244595,2.002731,8,1,10,0,29.711780
32070.000000,33.578433,-117.064579,450.294727,43.736574,2.001204,8,1,10,0,28.986748
32085.000000,33.578432,-117.064601,450.265322,44.918342,1.999648,8,1,10,0,28.859339
32100.000000,33.578434,-117.064604,448.544553,45.091444,1.998063,8,1,10,0,30.235135
32115.000000,33.578445,-117.064607,446.732182,45.083961,1.996449,8,1,10,0,32.376591
32130.000000,33.578443,-117.064598,446.115641,44.360216,1.994807,8,1,10,0,32.613603
32145.000000,33.578439,-117.064603,445.941087,44.891382,1.993136,8,1,10,0,32.455492
32160.000000,33.578427,-117.064608,448.760248,45.443154,1.991436,8,1,10,0,29.522530
32175.000000,33.578440,-117.064602,444.996445,45.041624,1.989710,8,1,10,0,33.259115
32190.000000,33.578436,-117.064597,445.164358,44.651733,1.987956,8,1,10,0,32.825709
32205.000000,33.578440,-117.064602,444.047760,44.866219,1.986174,8,1,10,0,34.008139
32220.000000,33.578451,-117.064613,441.771946,45.360962,1.984366,8,1,10,0,36.525124
32235.000000,33.578455,-117.064607,439.608925,45.206889,1.982532,8,1,10,0,38.501620
32250.000000,33.578449,-117.064607,441.227388,44.896040,1.980671,8,1,10,0,36.827820
32265.000000,33.578450,-117.064607,443.238473,45.217227,1.978784,8,1,10,0,35.287693
32280.000000,33.578446,-117.064598,441.576400,44.286770,1.976873,8,1,11,0,36.305077
32295.000000,33.578452,-117.064617,440.685717,45.190290,1.974936,8,1,11,0,37.482716
32310.000000,33.578451,-117.064605,440.502725,44.441142,1.972974,8,1,10,0,37.526908
32325.000000,33.578446,-117.064618,440.691060,45.347270,1.970988,8,1,10,0,37.080472
32340.000000,33.578451,-117.064614,437.476708,44.455588,1.968978,8,1,10,0,39.956970
32355.000000,33.578456,-117.064627,436.094112,45.131537,1.966944,8,1,10,0,41.433151
32370.000000,33.578454,-117.064609,434.666085,43.977902,1.964887,8,1,10,0,42.446060
32385.000000,33.578455,-117.064622,434.257751,44.361056,1.962807,8,1,10,0,42.908984
32400.000000,33.578455,-117.064614,436.216140,44.664275,1.960704,8,1,10,0,41.236075
32415.000000,33.578449,-117.064622,435.748342,44.612259,1.958579,8,1,10,0,41.289597
32430.000000,33.578456,-117.064626,433.455527,44.719680,1.956433,8,1,10,0,43.617345
32445.000000,33.578454,-117.064624,432.463770,44.548746,1.954264,8,1,10,0,44.349712
32460.000000,33.578459,-117.064626,430.907484,44.588934,1.952075,8,1,10,0,45.975151
32475.000000,33.578456,-117.064626,429.621100,44.419535,1.949865,8,1,10,0,46.895391
32490.000000,33.578457,-117.064609,431.691936,43.863064,1.947635,8,1,10,0,45.113035
32505.000000,33.578455,-117.064616,432.331288,44.195756,1.945384,8,1,10,0,44.507814
32520.000000,33.578456,-117.064627,430.960470,44.389856,1.943115,8,1,10,0,45.738202
32535.000000,33.578455,-117.064617,430.939463,43.647715,1.940826,8,1,10,0,45.655845
32550.000000,33.578459,-117.064632,429.021511,43.913462,1.938518,8,1,10,0,47.619180
32565.000000,33.578459,-117.064615,428.327737,43.275501,1.936192,8,1,10,0,48.165268
32580.000000,33.578463,-117.064629,427.501909,43.897689,1.933848,8,1,10,0,49.114195
32595.000000,33.578459,-117.064632,425.663457,44.377643,1.931486,8,1,10,0,50.556445
32610.000000,33.578462,-117.064632,424.565625,43.941676,1.929107,8,1,10,0,51.649087
32625.000000,33.578462,-117.064634,423.584178,44.597966,1.926711,8,1,10,0,52.526464
32640.000000,33.578452,-117.064625,425.263516,43.994020,1.924299,8,1,10,0,50.483025
32655.000000,33.578460,-117.064631,423.512098,44.339638,1.921870,8,1,10,0,52.494038
32670.000000,33.578462,-117.064634,422.201748,44.725878,1.919426,8,1,10,0,53.750787
32685.000000,33.578467,-117.064642,420.420657,44.993102,1.916967,8,1,10,0,55.674938
32700.000000,33.578468,-117.064619,420.464889,43.731825,1.914493,8,1,10,0,55.538624
32715.000000,33.578461,-117.064629,422.817214,44.126432,1.912004,8,1,10,0,53.134172
32730.000000,33.578454,-117.064617,425.342058,44.290680,1.909501,8,1,10,0,50.513869
32745.000000,33.578464,-117.064627,421.577396,44.456735,1.906985,8,1,10,0,54.383877
32760.000000,33.578471,-117.064638,418.781193,44.529046,1.904455,8,1,10,0,57.289596
32775.000000,33.578465,-117.064638,420.018323,43.962449,1.901912,8,1,10,0,55.884899
32790.000000,33.578456,-117.064627,422.238293,43.746440,1.899357,8,1,10,0,53.418759
32805.000000,33.578459,-117.064625,419.455329,43.373607,1.896790,8,1,10,0,56.055628
32820.000000,33.578455,-117.064626,421.829309,43.656562,1.894210,8,1,10,0,53.741034
32835.000000,33.578457,-117.064625,420.085182,43.157638,1.891620,8,1,10,0,55.378672
32850.000000,33.578457,-117.064638,418.778307,43.331465,1.889018,8,1,10,0,56.616671
32865.000000,33.578462,-117.064631,418.022283,42.929451,1.886406,8,1,10,0,57.504712
32880.000000,33.578463,-117.064630,417.153909,43.105606,1.883784,8,1,10,0,58.352477
32895.000000,33.578451,-117.064626,420.818792,43.832299,1.881151,8,1,10,0,54.449631
32910.000000,33.578459,-117.064626,418.319932,43.275855,1.878509,8,1,10,0,57.063722
32925.000000,33.578449,-117.064620,418.545598,43.640485,1.875858,8,1,10,0,56.386206
32940.000000,33.578459,-117.064627,415.673132,42.997047,1.873199,8,1,10,0,59.470272
32955.000000,33.578450,-117.064630,417.264538,43.483187,1.870531,8,1,10,0,57.622007
32970.000000,33.578460,-117.064651,413.914242,43.722430,1.867855,8,1,10,0,61.269491
32985.000000,33.578454,-117.064639,413.881904,43.472321,1.865171,8,1,10,0,60.963152
33000.000000,33.578457,-117.064636,411.652795,42.655157,1.862480,8,1,10,0,63.140146
33015.000000,33.578447,-117.064618,415.728463,42.562993,1.859781,8,1,10,0,58.874606
33030.000000,33.578451,-117.064612,415.358549,42.470353,1.857076,8,1,10,0,59.384039
33045.000000,33.578450,-117.064628,415.502996,43.112184,1.854365,8,1,10,0,59.265519
33060.000000,33.578454,-117.064633,414.585593,43.155076,1.851649,8,1,10,0,60.312754
33075.000000,33.578454,-117.064630,412.862394,42.446068,1.848926,8,1,10,0,61.880641
33090.000000,33.578466,-117.064633,411.020874,42.058136,1.846199,8,1,10,0,64.070558
33105.000000,33.578461,-117.064633,410.614678,42.044656,1.843466,8,1,10,0,64.263040
33120.000000,33.578450,-117.064620,413.385917,41.622733,1.840729,8,1,10,0,61.178769
33135.000000,33.578451,-117.064617,413.486747,41.545916,1.837988,8,1,10,0,61.102529
33150.000000,33.578451,-117.064622,411.400872,41.718343,1.835243,8,1,10,0,63.072669
33165.000000,33.578453,-117.064625,409.462869,41.491005,1.832494,8,1,10,0,64.983009
33180.000000,33.578452,-117.064637,408.621290,41.796804,1.829742,8,1,10,0,65.774900
33195.000000,33.578460,-117.064635,406.134944,41.251481,1.826988,8,1,10,0,68.398284
33210.000000,33.578450,-117.064615,411.343730,41.784067,1.824230,8,1,10,0,63.054147
33225.000000,33.578447,-117.064616,410.429966,41.585166,1.821470,8,1,10,0,63.810710
33240.000000,33.578455,-117.064633,407.555558,41.416486,1.818709,8,1,10,0,66.871314
33255.000000,33.578450,-117.064630,409.288449,42.268330,1.815945,8,1,10,0,65.030286
33270.000000,33.578446,-117.064623,409.561540,42.179374,1.813181,8,1,10,0,64.608134
33285.000000,33.578452,-117.064631,407.398576,41.993408,1.810415,8,1,10,0,66.879285
33300.000000,33.578445,-117.064628,408.334480,41.437092,1.807649,8,1,10,0,65.740155
33315.000000,33.578444,-117.064617,408.970731,41.517007,1.804882,8,1,10,0,65.052569
33330.000000,33.578445,-117.064622,407.974028,41.507840,1.802115,8,1,10,0,66.030948
33345.000000,33.578452,-117.064635,406.403673,41.136950,1.799348,8,1,10,0,67.829775
33360.000000,33.578448,-117.064614,408.270224,41.035230,1.796581,8,1,10,0,65.855442
33375.000000,33.578454,-117.064647,404.450695,41.234198,1.793815,8,1,10,0,69.783863
33390.000000,33.578456,-117.064645,402.349495,41.041998,1.791051,8,1,10,0,71.853429
33405.000000,33.578446,-117.064620,406.529353,40.807801,1.788286,8,1,10,0,67.441948
33420.000000,33.578442,-117.064620,407.197108,41.140658,1.785524,8,1,10,0,66.640558
33435.000000,33.578445,-117.064625,404.413331,40.805961,1.782764,8,1,10,0,69.407490
33450.000000,33.578437,-117.064621,405.224831,40.675442,1.780005,8,1,10,0,68.326924
33465.000000,33.578456,-117.064662,399.230431,40.731397,1.777249,8,1,10,0,74.905994
33480.000000,33.578451,-117.064649,400.516326,40.764607,1.774495,8,1,10,0,73.406009
33495.000000,33.578443,-117.064631,404.301023,40.345689,1.771744,8,1,10,0,69.459987
33510.000000,33.578445,-117.064633,401.960090,40.098315,1.768996,8,1,10,0,71.768099
33525.000000,33.578437,-117.064623,405.475691,39.751844,1.766251,8,1,9,0,68.124087
33540.000000,33.578436,-117.064619,404.761009,40.612801,1.763509,8,1,10,0,68.753256
33555.000000,33.578448,-117.064662,401.861616,40.584512,1.760772,8,1,10,0,72.140829
33570.000000,33.578457,-117.064658,399.679625,39.813881,1.758038,8,1,10,0,74.476477
33585.000000,33.578443,-117.064645,401.561409,40.515219,1.755308,8,1,10,0,72.126312
33600.000000,33.578449,-117.064638,399.498227,39.161176,1.752583,8,1,10,0,74.257188
33615.000000,33.578434,-117.064620,404.753189,39.244200,1.749862,8,1,10,0,68.698174
33630.000000,33.578437,-117.064625,404.033645,39.443901,1.747146,8,1,10,0,69.483286
33645.000000,33.578445,-117.064653,400.116617,39.516411,1.744435,8,1,10,0,73.605514
33660.000000,33.578445,-117.064646,400.410728,39.338908,1.741729,8,1,10,0,73.309598
33675.000000,33.578446,-117.064644,398.948917,38.521821,1.739029,8,1,10,0,74.707240
33690.000000,33.578443,-117.064650,399.775214,39.057212,1.736334,8,1,10,0,73.854042
33705.000000,33.578761,-117.064786,428.707263,26.988002,1.882173,7,1,10,0,72.854186
33720.000000,33.578758,-117.064798,422.592452,27.171023,1.880659,7,1,9,0,76.516496
33735.000000,33.578763,-117.064800,422.928926,27.541854,1.879155,7,1,10,0,76.771572
33750.000000,33.578750,-117.064780,427.998532,26.760439,1.877662,7,1,10,0,72.238711
33765.000000,33.578758,-117.064799,423.318452,27.767193,1.876181,7,1,10,0,76.126528
33780.000000,33.578748,-117.064770,427.094081,26.283296,1.874709,7,1,10,0,72.324753
33795.000000,33.578753,-117.064782,424.171876,27.031503,1.873249,7,1,10,0,74.765683
33810.000000,33.578746,-117.064785,422.304190,26.904551,1.871799,7,1,10,0,75.402967
33825.000000,33.578748,-117.064788,424.071996,27.500039,1.870359,7,1,10,0,74.579736
33840.000000,33.578743,-117.064793,425.621423,27.957770,1.868929,7,1,10,0,73.335196
33855.000000,33.578349,-117.064501,473.387731,43.237365,1.622987,8,1,10,0,15.259978
33870.000000,33.578357,-117.064503,471.587335,43.139717,1.623565,8,1,10,0,15.535708
33885.000000,33.578346,-117.064513,470.495247,43.866681,1.624125,8,1,10,0,13.961026
33900.000000,33.578346,-117.064504,469.765537,44.571556,1.624667,8,1,10,0,14.420224
33915.000000,33.578343,-117.064509,469.825511,44.263282,1.625191,8,1,10,0,13.926537
33930.000000,33.578355,-117.064501,468.774109,43.356367,1.625696,8,1,10,0,15.486224
33945.000000,33.578345,-117.064496,469.696931,43.360236,1.626183,8,1,10,0,14.882531
33960.000000,33.578339,-117.064487,469.294175,45.023282,1.626651,8,1,10,0,14.880959
33975.000000,33.578338,-117.064501,468.298522,43.195058,1.627101,8,1,10,0,14.096725
33990.000000,33.578344,-117.064502,464.875693,44.286876,1.627532,8,1,10,0,15.240330
34005.000000,33.578341,-117.064488,468.041044,42.767381,1.627945,8,1,10,0,15.138446
34020.000000,33.578343,-117.064491,466.089509,43.803210,1.628338,8,1,10,0,15.484158
34035.000000,33.578341,-117.064498,465.421448,43.972668,1.628713,8,1,10,0,15.097226
34050.000000,33.578334,-117.064492,462.351284,44.345359,1.629069,8,1,10,0,16.122724
34065.000000,33.578332,-117.064483,461.419273,44.064675,1.629406,8,1,10,0,17.022050
34080.000000,33.578329,-117.064477,462.664963,43.068303,1.629723,8,1,10,0,16.598507
34095.000000,33.578343,-117.064482,464.627601,42.875523,1.630022,8,1,10,0,16.454085
34110.000000,33.578337,-117.064495,465.149550,43.272298,1.630301,8,1,10,0,15.073404
34125.000000,33.578320,-117.064482,459.714448,44.486609,1.630562,8,1,10,0,17.260851
34140.000000,33.578333,-117.064482,461.932369,43.003024,1.630802,8,1,10,0,16.871375
34155.000000,33.578331,-117.064487,461.554673,43.851932,1.631024,8,1,10,0,16.635730
34170.000000,33.578339,-117.064472,463.934964,42.209371,1.631226,8,1,10,0,16.962166
34185.000000,33.578318,-117.064476,461.028435,43.454393,1.631409,8,1,10,0,16.764756
34200.000000,33.578593,-117.064180,525.314667,24.145867,1.932074,7,1,10,0,77.965857
34215.000000,33.578588,-117.064171,525.878661,24.300986,1.935537,7,1,10,0,78.456596
34230.000000,33.578591,-117.064173,524.813172,23.893764,1.939004,7,1,10,0,77.748386
34245.000000,33.578602,-117.064182,525.206333,26.069063,1.942475,7,1,10,0,78.237095
34260.000000,33.578597,-117.064192,524.884989,25.152263,1.945950,7,1,10,0,77.301290
34275.000000,33.578595,-117.064176,523.950131,24.208027,1.949429,7,1,10,0,77.264791
34290.000000,33.578596,-117.064189,525.539601,24.705223,1.952910,7,1,10,0,77.831065
34305.000000,33.578599,-117.064183,522.633263,24.412443,1.956395,7,1,10,0,76.209624
34320.000000,33.578597,-117.064182,521.864683,24.314417,1.959882,7,1,10,0,75.627488
34335.000000,33.578595,-117.064179,524.543351,24.323843,1.963371,7,1,10,0,77.576417
34350.000000,33.578597,-117.064171,525.269613,26.002536,1.966863,7,1,10,0,78.564002
34365.000000,33.578595,-117.064173,523.598633,25.024975,1.970356,7,1,10,0,77.183793
34380.000000,33.578601,-117.064174,522.585352,26.060242,1.973851,7,1,10,0,76.722496
34395.000000,33.578588,-117.064157,521.185016,24.199479,1.977347,7,1,10,0,75.891365
34410.000000,33.578593,-117.064177,523.441426,25.131938,1.980844,7,1,10,0,76.742889
34425.000000,33.578601,-117.064182,523.989324,26.338736,1.984341,7,1,10,0,77.353183
34440.000000,33.578591,-117.064173,521.303337,23.855839,1.987839,7,1,10,0,75.339642
34455.000000,33.578593,-117.064174,520.506051,24.641450,1.991337,7,1,9,0,74.907871
34470.000000,33.578592,-117.064167,520.718780,25.180821,1.994834,7,1,9,0,75.289967
34485.000000,33.578589,-117.064167,520.043811,25.007112,1.998330,7,1,9,0,74.707926
34500.000000,33.578590,-117.064171,518.709251,24.864812,2.001825,7,1,9,0,73.696722
34515.000000,33.578593,-117.064172,518.882490,24.632690,2.005318,7,1,9,0,73.882966
34530.000000,33.578593,-117.064168,517.894794,24.729489,2.008810,7,1,9,0,73.447055
34545.000000,33.578590,-117.064180,518.911478,24.952481,2.012300,7,1,9,0,73.386888
34560.000000,33.578592,-117.064172,518.206283,25.262253,2.015786,7,1,9,0,73.438414
34575.000000,33.578585,-117.064168,517.912137,24.378480,2.019270,7,1,9,0,73.054213
34590.000000,33.578588,-117.064173,518.339793,24.689964,2.022750,7,1,9,0,73.188051
34605.000000,33.578583,-117.064172,518.935168,23.988446,2.026227,7,1,9,0,73.337439
34620.000000,33.578587,-117.064168,518.786150,25.341175,2.029699,7,1,9,0,73.674388
34635.000000,33.578590,-117.064171,517.167599,25.420335,2.033167,7,1,9,0,72.667748
34650.000000,33.578589,-117.064162,518.030219,26.063146,2.036630,7,1,9,0,73.644032
34665.000000,33.578591,-117.064162,516.165090,25.992421,2.040087,7,1,9,0,72.528351
34680.000000,33.578596,-117.064169,516.220566,26.936427,2.043539,7,1,9,0,72.464269
34695.000000,33.578590,-117.064162,516.975418,25.479982,2.046984,7,1,9,0,73.031064
34710.000000,33.578583,-117.064156,517.096618,25.062818,2.050423,7,1,9,0,73.021236
34725.000000,33.578584,-117.064160,517.325917,25.798423,2.053854,7,1,9,0,72.983725
34740.000000,33.578582,-117.064153,519.413573,25.302214,2.057277,7,1,9,0,74.573488
34755.000000,33.578584,-117.064149,515.940255,25.512238,2.060693,7,1,9,0,72.691587
34770.000000,33.578581,-117.064156,517.041538,25.253800,2.064100,7,1,9,0,72.863745
34785.000000,33.578582,-117.064151,516.725703,26.084376,2.067498,7,1,9,0,72.947807
34800.000000,33.578582,-117.064153,515.721339,25.781164,2.070887,7,1,9,0,72.185467
34815.000000,33.578582,-117.064157,512.682508,25.802007,2.074266,7,1,9,0,70.050391
34830.000000,33.578589,-117.064158,511.517270,26.905106,2.077634,7,1,9,0,69.770110
34845.000000,33.578584,-117.064156,514.456768,25.769677,2.080991,7,1,8,0,71.359006
34860.000000,33.578587,-117.064153,513.187563,25.956719,2.084337,7,1,8,0,70.937858
34875.000000,33.578585,-117.064154,510.804400,25.888081,2.087672,7,1,8,0,69.333359
34890.000000,33.578577,-117.064154,512.505874,24.579645,2.090993,7,1,8,0,69.881495
34905.000000,33.578577,-117.064149,513.084802,25.638270,2.094302,7,1,8,0,70.465773
34920.000000,33.578578,-117.064141,513.158734,26.048634,2.097597,7,1,8,0,71.080947
34935.000000,33.578572,-117.064151,513.252378,24.575635,2.100878,7,1,8,0,70.211975
34950.000000,33.578578,-117.064143,510.819387,26.487813,2.104145,7,1,8,0,69.558665
34965.000000,33.578571,-117.064143,511.848948,26.087092,2.107396,7,1,8,0,69.727375
34980.000000,33.578569,-117.064149,511.960769,25.022707,2.110632,7,1,8,0,69.353044
34995.000000,33.578568,-117.064141,510.226063,24.831038,2.113853,7,1,8,0,68.733678
35010.000000,33.578568,-117.064143,512.538457,25.362683,2.117056,7,1,8,0,69.928573
35025.000000,33.578573,-117.064140,510.502501,27.200048,2.120242,7,1,8,0,69.235367
35040.000000,33.578567,-117.064151,509.730740,25.549921,2.123410,7,1,8,0,67.768308
35055.000000,33.578569,-117.064146,508.942381,25.843209,2.126561,7,1,8,0,67.739195
35070.000000,33.578571,-117.064152,509.947815,26.520579,2.129692,7,1,8,0,68.130767
35085.000000,33.578566,-117.064145,507.278496,25.343327,2.132804,7,1,8,0,66.732826
35100.000000,33.578570,-117.064144,508.534369,26.123969,2.135896,7,1,8,0,67.674475
35115.000000,33.578565,-117.064148,506.787907,26.603045,2.138967,7,1,8,0,66.184647
35130.000000,33.578559,-117.064140,505.905068,25.295437,2.142017,7,1,8,0,65.790538
35145.000000,33.578556,-117.064145,505.593730,24.833466,2.145046,7,1,8,0,65.169956
35160.000000,33.578557,-117.064135,505.320348,25.796806,2.148052,7,1,8,0,65.624291
35175.000000,33.578559,-117.064142,504.912998,25.961366,2.151035,7,1,8,0,65.155757
35190.000000,33.578558,-117.064141,503.179521,26.087865,2.153995,7,1,8,0,64.239879
35205.000000,33.578553,-117.064141,502.210664,25.695329,2.156931,7,1,8,0,63.452888
35220.000000,33.578554,-117.064140,504.700685,25.691799,2.159842,7,1,8,0,64.827294
35235.000000,33.578562,-117.064138,503.483328,27.347505,2.162729,7,1,8,0,64.792364
35250.000000,33.578558,-117.064143,503.820948,26.480670,2.165589,7,1,8,0,64.433764
35265.000000,33.578553,-117.064145,502.655877,25.960227,2.168423,7,1,8,0,63.360969
35280.000000,33.578556,-117.064153,500.150601,27.939291,2.171230,7,1,8,0,61.878863
35295.000000,33.578550,-117.064152,500.479279,26.333063,2.174010,7,1,8,0,61.675170
35310.000000,33.578549,-117.064152,499.429886,26.375535,2.176761,7,1,8,0,61.127355
35325.000000,33.578547,-117.064150,499.067717,26.530211,2.179484,7,1,8,0,61.012401
35340.000000,33.578541,-117.064149,500.417406,25.990615,2.182177,7,1,8,0,61.323500
35355.000000,33.578544,-117.064142,498.775165,26.336679,2.184840,7,1,8,0,61.163475
35370.000000,33.578465,-117.064230,535.245093,12.592860,2.370233,6,1,8,0,77.652892
35385.000000,33.578465,-117.064234,536.351368,12.988811,2.374596,6,1,8,0,78.418573
35400.000000,33.578466,-117.064232,536.252154,13.025929,2.378942,6,1,8,0,78.441183
35415.000000,33.578463,-117.064231,535.602721,13.013926,2.383270,6,1,8,0,77.824900
35430.000000,33.578462,-117.064238,534.529903,13.134071,2.387579,6,1,8,0,76.601793
35445.000000,33.578462,-117.064240,534.809821,13.549533,2.391869,6,1,8,0,76.787014
35460.000000,33.578463,-117.064239,534.616300,13.439906,2.396137,6,1,8,0,76.711056
35475.000000,33.578464,-117.064227,531.671906,12.689241,2.400385,6,1,8,0,74.780140
35490.000000,33.578465,-117.064232,533.401479,13.422231,2.404611,6,1,8,0,75.993400
35505.000000,33.578462,-117.064230,534.026852,13.550164,2.408813,6,1,8,0,76.500947
35520.000000,33.578460,-117.064229,531.790008,13.630882,2.412992,6,1,8,0,74.632569
35535.000000,33.578459,-117.064224,530.069544,13.706018,2.417147,6,1,8,0,73.430240
35550.000000,33.578457,-117.064230,531.379678,14.031472,2.421276,6,1,8,0,74.114703
35565.000000,33.578458,-117.064228,530.504251,13.928600,2.425379,6,1,8,0,73.535719
35580.000000,33.578453,-117.064219,531.282372,13.579126,2.429455,6,1,8,0,74.420790
35595.000000,33.578455,-117.064231,530.344416,14.232490,2.433504,6,1,8,0,73.149225
35610.000000,33.578453,-117.064224,527.907200,14.007026,2.437524,6,1,8,0,71.413475
35625.000000,33.578451,-117.064217,529.482456,13.769591,2.441514,6,1,8,0,72.928289
35640.000000,33.578451,-117.064218,529.545844,14.106458,2.445474,6,1,8,0,72.925572
35655.000000,33.578451,-117.064229,530.817631,15.151170,2.449403,6,1,8,0,73.508099
35670.000000,33.578448,-117.064225,529.309833,14.825341,2.453300,6,1,8,0,72.340463
35685.000000,33.578447,-117.064224,528.143082,14.620508,2.457164,6,1,8,0,71.417496
35700.000000,33.578446,-117.064229,527.806102,15.036742,2.460995,6,1,8,0,70.836889
35715.000000,33.578443,-117.064220,527.453499,14.619718,2.464791,6,1,9,0,70.877200
35730.000000,33.578444,-117.064220,525.668962,14.461160,2.468551,6,1,9,0,69.452651
35745.000000,33.578440,-117.064223,527.037451,14.880857,2.472276,6,1,9,0,70.337751
35760.000000,33.578440,-117.064224,525.176148,14.798687,2.475963,6,1,9,0,68.783713
35775.000000,33.578439,-117.064228,525.683191,15.539678,2.479612,6,1,9,0,68.978149
35790.000000,33.578438,-117.064220,524.223042,14.724094,2.483223,6,1,9,0,68.102481
35805.000000,33.578434,-117.064220,525.827164,14.996393,2.486794,6,1,9,0,69.237764
35820.000000,33.578432,-117.064224,524.393123,15.264280,2.490325,6,1,9,0,67.844778
35835.000000,33.578434,-117.064224,523.364850,15.262238,2.493814,6,1,9,0,67.096200
35850.000000,33.578434,-117.064220,524.138660,15.486801,2.497262,6,1,9,0,67.929363
35865.000000,33.578437,-117.064216,523.998602,15.281608,2.500666,6,1,9,0,68.081586
35880.000000,33.578439,-117.064219,523.590510,15.695838,2.504026,6,1,9,0,67.688768
35895.000000,33.578434,-117.064213,521.052891,15.033440,2.507342,6,1,9,0,65.813463
35910.000000,33.578431,-117.064226,520.891851,16.057594,2.510613,6,1,9,0,64.940391
35925.000000,33.578430,-117.064222,519.712319,15.969654,2.513837,6,1,9,0,64.187006
35940.000000,33.578428,-117.064225,520.246588,16.080692,2.517014,6,1,9,0,64.391066
35955.000000,33.578423,-117.064212,519.787036,15.539511,2.520144,6,1,9,0,64.525976
35970.000000,33.578419,-117.064223,521.171127,16.250967,2.523224,6,1,9,0,64.929477
35985.000000,33.578421,-117.064212,519.657351,15.909859,2.526256,6,1,9,0,64.364950
36000.000000,33.578420,-117.064213,517.003186,15.787517,2.529237,6,1,9,0,62.238431
36015.000000,33.578415,-117.064218,517.935692,16.402289,2.532167,6,1,9,0,62.506073
36030.000000,33.578413,-117.064212,516.013405,15.685247,2.535046,6,1,9,0,61.302478
36045.000000,33.578414,-117.064211,516.168710,15.648459,2.537872,6,1,9,0,61.501107
36060.000000,33.578410,-117.064217,515.391060,16.177962,2.540645,6,1,9,0,60.467207
36075.000000,33.578415,-117.064209,513.913860,15.206645,2.543364,6,1,9,0,60.004113
36090.000000,33.578411,-117.064212,513.759787,15.585607,2.546028,6,1,9,0,59.581257
36105.000000,33.578408,-117.064217,516.030362,16.424462,2.548637,6,1,9,0,60.869127
36120.000000,33.578403,-117.064217,516.161326,16.467911,2.551190,6,1,9,0,60.795058
36135.000000,33.578404,-117.064215,514.425192,16.393598,2.553687,6,1,9,0,59.631557
36150.000000,33.578402,-117.064218,515.047304,16.943989,2.556125,6,1,9,0,59.869516
36165.000000,33.578399,-117.064219,515.447676,17.311301,2.558506,6,1,9,0,60.043939
36180.000000,33.578397,-117.064217,512.724485,16.700770,2.560829,6,1,9,0,58.038049
36195.000000,33.578393,-117.064217,512.585358,16.618707,2.563092,6,1,9,0,57.820971
36210.000000,33.578393,-117.064213,511.468222,16.558553,2.565296,6,1,9,0,57.214421
36225.000000,33.578391,-117.064215,511.777476,17.110022,2.567439,6,1,9,0,57.266965
36240.000000,33.578392,-117.064208,510.668880,16.672924,2.569521,6,1,9,0,56.910366
36255.000000,33.578387,-117.064218,507.407412,16.807169,2.571542,6,1,9,0,53.902318
36270.000000,33.578390,-117.064215,509.472251,16.892724,2.573501,6,1,9,0,55.588776
36285.000000,33.578387,-117.064220,509.178621,17.101140,2.575397,6,1,9,0,54.976624
36300.000000,33.578385,-117.064218,507.434398,16.783859,2.577230,6,1,9,0,53.823216
36315.000000,33.578383,-117.064221,507.019423,17.384242,2.579000,6,1,9,0,53.293486
36330.000000,33.578377,-117.064219,506.472244,16.995792,2.580705,6,1,9,0,52.845616
36345.000000,33.578377,-117.064223,505.932384,16.884719,2.582347,6,1,9,0,52.197604
36360.000000,33.578373,-117.064220,505.114538,17.155322,2.583923,6,1,9,0,51.719831
36375.000000,33.578373,-117.064224,504.487287,17.026944,2.585435,6,1,9,0,51.079791
36390.000000,33.578372,-117.064223,503.375474,17.096920,2.586881,6,1,9,0,50.357038
36405.000000,33.578372,-117.064218,503.253850,16.822884,2.588261,6,1,9,0,50.579411
36420.000000,33.578367,-117.064220,503.334494,16.837906,2.589575,6,1,9,0,50.361374
36435.000000,33.578366,-117.064213,504.259073,17.409065,2.590822,6,1,9,0,51.417746
36450.000000,33.578362,-117.064214,502.964758,17.459390,2.592002,6,1,9,0,50.339318
36465.000000,33.578363,-117.064210,502.721435,16.960272,2.593116,6,1,9,0,50.436130
36480.000000,33.578358,-117.064217,499.534764,17.142995,2.594162,6,1,9,0,47.882219
36495.000000,33.578358,-117.064223,501.387498,17.525663,2.595141,6,1,9,0,48.614466
36510.000000,33.578353,-117.064225,499.402360,17.577430,2.596052,6,1,9,0,47.088385
36525.000000,33.578351,-117.064227,499.002373,17.922660,2.596896,6,1,9,0,46.618102
36540.000000,33.578353,-117.064228,499.356282,17.825498,2.597671,6,1,9,0,46.822268
36555.000000,33.578348,-117.064226,496.828251,17.566116,2.598378,6,1,9,0,45.291093
36570.000000,33.578346,-117.064224,497.943850,17.650934,2.599017,6,1,9,0,46.024575
36585.000000,33.578345,-117.064219,497.480561,17.188920,2.599588,6,1,9,0,46.127958
36600.000000,33.578342,-117.064225,496.441035,17.456176,2.600090,6,1,9,0,44.959233
36615.000000,33.578337,-117.064222,496.860846,17.800393,2.600524,6,1,9,0,45.325487
36630.000000,33.578337,-117.064212,495.479912,17.237942,2.600890,6,1,9,0,45.216884
36645.000000,33.578335,-117.064224,495.009398,17.744096,2.601188,6,1,9,0,44.046827
36660.000000,33.578335,-117.064223,494.788458,17.574394,2.601417,6,1,9,0,43.966489
36675.000000,33.578336,-117.064225,493.538952,17.440417,2.601578,6,1,9,0,43.145701
36690.000000,33.578332,-117.064219,492.503240,17.039065,2.601671,6,1,9,0,42.947069
36705.000000,33.578328,-117.064220,490.244382,16.677510,2.601697,6,1,9,0,41.659449
36720.000000,33.578325,-117.064227,490.801945,17.201601,2.601654,6,1,8,0,41.274328
36735.000000,33.578324,-117.064225,491.601774,17.378999,2.601543,6,1,8,0,41.813064
36750.000000,33.578320,-117.064223,490.548798,17.420463,2.601365,6,1,7,0,41.381182
36765.000000,33.578319,-117.064231,489.899198,17.555891,2.601120,6,1,8,0,40.385456
36780.000000,33.578317,-117.064228,487.683152,17.313998,2.600808,6,1,7,0,39.527677
36795.000000,33.578316,-117.064235,488.898989,17.753436,2.600429,6,1,7,0,39.546661
36810.000000,33.578317,-117.064228,488.087847,17.337794,2.599984,6,1,7,0,39.703786
36825.000000,33.578315,-117.064232,486.012543,16.937434,2.599472,6,1,8,0,38.496044
36840.000000,33.578312,-117.064232,487.748191,17.607634,2.598894,6,1,8,0,39.159962
36855.000000,33.578309,-117.064238,487.624087,17.972663,2.598251,6,1,8,0,38.570328
36870.000000,33.578309,-117.064232,486.693820,17.207249,2.597543,6,1,8,0,38.624872
36885.000000,33.578307,-117.064227,486.344799,17.217168,2.596770,6,1,8,0,38.822817
36900.000000,33.578302,-117.064230,485.428305,17.374390,2.595933,6,1,8,0,38.093015
36915.000000,33.578298,-117.064235,483.538185,17.162436,2.595032,6,1,8,0,36.881077
36930.000000,33.578298,-117.064238,482.729951,17.132264,2.594068,6,1,8,0,36.337465
36945.000000,33.578297,-117.064235,483.466621,17.309487,2.593040,6,1,8,0,36.883435
36960.000000,33.578299,-117.064238,483.107238,17.168137,2.591949,6,1,8,0,36.539840
36975.000000,33.578292,-117.064241,481.636895,17.333331,2.590797,6,1,8,0,35.635860
36990.000000,33.578288,-117.064237,481.324120,17.039369,2.589584,6,1,8,0,35.795219
37005.000000,33.578288,-117.064233,479.488668,16.390242,2.588309,6,1,8,0,35.594690
37020.000000,33.578286,-117.064241,478.667439,16.514678,2.586974,6,1,8,0,34.673791
37035.000000,33.578282,-117.064244,479.880564,16.948071,2.585579,6,1,8,0,34.697551
37050.000000,33.578276,-117.064246,477.243249,16.940634,2.584125,6,1,8,0,33.726411
37065.000000,33.578275,-117.064246,476.801356,17.029594,2.582612,6,1,8,0,33.657285
37080.000000,33.578270,-117.064246,477.193777,17.458445,2.581041,6,1,8,0,33.645686
37095.000000,33.578272,-117.064245,476.828358,17.186732,2.579412,6,1,8,0,33.667829
37110.000000,33.578275,-117.064249,475.261451,17.045508,2.577727,6,1,8,0,33.083680
37125.000000,33.578266,-117.064245,475.080263,17.201899,2.575986,6,1,8,0,33.306035
37140.000000,33.578267,-117.064250,474.850769,17.259717,2.574189,6,1,8,0,32.860800
37155.000000,33.578261,-117.064249,472.634262,17.021593,2.572338,6,1,8,0,32.662020
37170.000000,33.578260,-117.064254,472.667110,16.920741,2.570433,6,1,8,0,32.221239
37185.000000,33.578259,-117.064246,471.810243,16.354677,2.568474,6,1,8,0,32.893388
37200.000000,33.578261,-117.064244,471.041838,16.128453,2.566463,6,1,8,0,33.032234
37215.000000,33.578252,-117.064255,472.120298,17.044559,2.564399,6,1,8,0,32.041583
37230.000000,33.578250,-117.064252,471.510033,16.872255,2.562285,6,1,8,0,32.221748
37245.000000,33.578255,-117.064249,469.645301,16.102168,2.560120,6,1,8,0,32.538743
37260.000000,33.578252,-117.064248,469.696593,16.204812,2.557906,6,1,8,0,32.645600
37275.000000,33.578247,-117.064255,469.749295,16.580230,2.555642,6,1,8,0,31.939734
37290.000000,33.578246,-117.064253,468.189858,16.279197,2.553331,6,1,8,0,32.226469
37305.000000,33.578242,-117.064254,468.649409,16.618190,2.550972,6,1,8,0,32.067763
37320.000000,33.578241,-117.064262,468.788629,17.049425,2.548567,6,1,8,0,31.353405
37335.000000,33.578244,-117.064201,485.218099,15.580134,2.146301,7,1,8,0,39.943348
37350.000000,33.578240,-117.064202,484.125348,15.728153,2.146044,7,1,8,0,39.454359
37365.000000,33.578236,-117.064199,482.775681,15.346619,2.145751,7,1,8,0,39.225896
37380.000000,33.578238,-117.064199,483.596265,15.609531,2.145424,7,1,8,0,39.489322
37395.000000,33.578236,-117.064198,481.756505,14.952502,2.145061,7,1,8,0,39.008810
37410.000000,33.578231,-117.064201,481.514422,15.457148,2.144665,7,1,8,0,38.721811
37425.000000,33.578226,-117.064202,483.149277,16.028374,2.144233,7,1,8,0,39.123583
37440.000000,33.578233,-117.064197,480.502729,15.065024,2.143768,7,1,8,0,38.812387
37455.000000,33.578236,-117.064194,480.579020,15.062597,2.143268,7,1,8,0,39.013242
37470.000000,33.578229,-117.064197,479.690897,15.096343,2.142735,7,1,8,0,38.552137
37485.000000,33.578229,-117.064193,478.374640,14.702028,2.142169,7,1,8,0,38.628909
37500.000000,33.578222,-117.064195,478.632834,14.909392,2.141570,7,1,8,0,38.572479
37515.000000,33.578218,-117.064204,479.176373,15.239795,2.140937,7,1,8,0,37.924038
37530.000000,33.578221,-117.064199,480.108474,15.132469,2.140272,7,1,8,0,38.550221
37545.000000,33.578215,-117.064196,478.411925,15.155531,2.139575,7,1,8,0,38.469695
37560.000000,33.578216,-117.064193,478.255505,15.139227,2.138846,7,1,8,0,38.648168
37575.000000,33.578213,-117.064193,478.251414,15.196115,2.138085,7,1,7,0,38.712137
37590.000000,33.578214,-117.064187,478.279934,15.358991,2.137293,7,1,8,0,39.245954
37605.000000,33.578208,-117.064196,479.124155,15.252177,2.136469,7,1,8,0,38.645987
37620.000000,33.578206,-117.064195,479.719637,15.791007,2.135615,7,1,8,0,38.979008
37635.000000,33.578204,-117.064189,478.122892,15.550576,2.134730,7,1,8,0,39.118250
37650.000000,33.578200,-117.064194,479.217452,16.045238,2.133815,7,1,8,0,39.011618
37665.000000,33.578200,-117.064200,478.700610,15.889315,2.132871,7,1,8,0,38.382953
37680.000000,33.578206,-117.064188,478.360361,15.662026,2.131897,7,1,8,0,39.234859
37695.000000,33.578201,-117.064188,478.675126,16.094234,2.130894,7,1,8,0,39.404424
37710.000000,33.578198,-117.064191,478.208030,15.872568,2.129862,7,1,8,0,39.051483
37725.000000,33.578198,-117.064189,476.320179,15.739167,2.128801,7,1,8,0,38.918858
37740.000000,33.578193,-117.064204,476.555310,15.482310,2.127713,7,1,8,0,37.626554
37755.000000,33.578187,-117.064198,476.331330,15.460725,2.126597,7,1,8,0,38.275246
37770.000000,33.578187,-117.064196,475.216009,15.488820,2.125453,7,1,8,0,38.275406
37785.000000,33.578186,-117.064198,474.160169,15.100004,2.124283,7,1,8,0,37.952354
37800.000000,33.578182,-117.064197,475.256727,15.747759,2.123086,7,1,9,0,38.306734
37815.000000,33.578177,-117.064204,474.103586,15.453053,2.121862,7,1,9,0,37.625498
37830.000000,33.578179,-117.064211,472.927421,15.253568,2.120613,7,1,9,0,36.812688
37845.000000,33.578182,-117.064202,473.819358,15.537130,2.119338,7,1,9,0,37.658176
37860.000000,33.578186,-117.064192,472.098874,14.962579,2.118038,7,1,9,0,38.334971
37875.000000,33.578177,-117.064195,473.269587,15.206985,2.116714,7,1,9,0,38.363129
37890.000000,33.578172,-117.064199,474.368012,15.747264,2.115364,7,1,9,0,38.215928
37905.000000,33.578170,-117.064196,471.769296,15.085702,2.113992,7,1,9,0,38.302044
37920.000000,33.578169,-117.064195,470.728371,15.259667,2.112595,7,1,9,0,38.412057
37935.000000,33.578168,-117.064198,470.140531,15.416132,2.111175,7,1,9,0,38.116999
37950.000000,33.578165,-117.064201,471.097711,15.556534,2.109733,7,1,9,0,37.958874
37965.000000,33.578163,-117.064209,468.804863,15.018755,2.108268,7,1,9,0,37.299358
37980.000000,33.578166,-117.064204,468.096470,14.688074,2.106781,7,1,9,0,37.736944
37995.000000,33.578160,-117.064200,469.231533,15.404046,2.105272,7,1,9,0,38.168942
38010.000000,33.578151,-117.064201,469.318144,15.888724,2.103742,7,1,9,0,38.331972
38025.000000,33.578156,-117.064207,469.561505,15.576606,2.102192,7,1,9,0,37.629168
38040.000000,33.578151,-117.064207,468.358292,15.161524,2.100621,7,1,9,0,37.844646
38055.000000,33.578149,-117.064203,468.798097,15.408605,2.099030,7,1,9,0,38.253124
38070.000000,33.578153,-117.064204,467.925085,15.231539,2.097419,7,1,9,0,38.042449
38085.000000,33.578153,-117.064203,467.885305,15.369311,2.095789,7,1,9,0,38.196886
38100.000000,33.578150,-117.064204,467.658299,15.420611,2.094140,7,1,9,0,38.178319
38115.000000,33.578147,-117.064208,466.692407,15.427194,2.092473,7,1,9,0,37.982773
38130.000000,33.578150,-117.064200,465.729092,15.350408,2.090787,7,1,9,0,38.723441
38145.000000,33.578410,-117.064140,503.405012,22.216935,1.605080,8,1,9,0,57.143982
38160.000000,33.578411,-117.064146,502.197491,22.208543,1.606297,8,1,9,0,56.092693
38175.000000,33.578413,-117.064149,504.238759,22.692235,1.607513,8,1,9,0,57.213567
38190.000000,33.578418,-117.064141,503.714509,23.236814,1.608728,8,1,9,0,57.615708
38205.000000,33.578419,-117.064141,503.647118,23.369076,1.609942,8,1,9,0,57.607071
38220.000000,33.578413,-117.064147,504.484241,23.518990,1.611153,8,1,9,0,57.473140
38235.000000,33.578410,-117.064152,505.074819,23.675398,1.612363,8,1,9,0,57.371893
38250.000000,33.578415,-117.064152,503.323336,23.612748,1.613571,8,1,9,0,56.499693
38265.000000,33.578413,-117.064144,502.650717,23.552949,1.614777,8,1,9,0,56.590450
38280.000000,33.578415,-117.064144,502.247572,23.371394,1.615981,8,1,9,0,56.458252
38295.000000,33.578414,-117.064144,502.723574,23.422919,1.617183,8,1,9,0,56.679615
38310.000000,33.578413,-117.064143,503.323857,23.890892,1.618382,8,1,9,0,57.076646
38325.000000,33.578413,-117.064141,503.569480,24.336348,1.619579,8,1,9,0,57.318836
38340.000000,33.578417,-117.064142,503.924772,24.767163,1.620773,8,1,9,0,57.641686
38355.000000,33.578413,-117.064141,503.124453,24.613374,1.621964,8,1,9,0,57.089768
38370.000000,33.578413,-117.064140,502.952193,24.748003,1.623152,8,1,9,0,57.032391
38385.000000,33.578416,-117.064141,502.341978,24.790646,1.624338,8,1,9,0,56.729178
38400.000000,33.578413,-117.064133,501.448391,24.508189,1.625520,8,1,9,0,56.699946
38415.000000,33.578407,-117.064143,502.286847,24.907079,1.626698,8,1,9,0,56.249322
38430.000000,33.578408,-117.064147,502.172458,24.878925,1.627873,8,1,9,0,55.918406
38445.000000,33.578416,-117.064134,500.403265,25.080506,1.629045,8,1,9,0,56.170051
38460.000000,33.578405,-117.064143,500.708319,25.050473,1.630212,8,1,9,0,55.265065
38475.000000,33.578406,-117.064147,501.662835,25.073535,1.631375,8,1,9,0,55.589024
38490.000000,33.578418,-117.064139,499.080240,25.250116,1.632535,8,1,9,0,55.112317
38505.000000,33.578411,-117.064147,500.407782,25.538675,1.633690,8,1,9,0,55.021471
38520.000000,33.578418,-117.064145,500.319306,25.636952,1.634840,8,1,9,0,55.357388
38535.000000,33.578414,-117.064141,500.119456,25.513195,1.635986,8,1,9,0,55.416400
38550.000000,33.578423,-117.064136,498.553429,25.975188,1.637127,8,1,9,0,55.285140
38565.000000,33.578413,-117.064145,500.496522,26.032978,1.638263,8,1,9,0,55.356221
38580.000000,33.578421,-117.064141,500.100337,26.544605,1.639394,8,1,9,0,55.654632
38595.000000,33.578415,-117.064136,498.502658,26.105411,1.640520,8,1,9,0,54.954874
38610.000000,33.578410,-117.064143,500.272093,26.739683,1.641640,8,1,9,0,55.229864
38625.000000,33.578415,-117.064143,499.698451,26.997595,1.642755,8,1,9,0,55.114600
38640.000000,33.578419,-117.064142,497.389711,26.485606,1.643863,8,1,9,0,54.098994
38655.000000,33.578416,-117.064142,497.163217,26.331372,1.644966,8,1,9,0,53.904913
38670.000000,33.578416,-117.064151,498.907982,26.650644,1.646063,8,1,9,0,54.129947
38685.000000,33.578414,-117.064151,497.942854,26.743924,1.647153,8,1,9,0,53.569404
38700.000000,33.578420,-117.064143,496.849766,27.010342,1.648237,8,1,9,0,53.824221
38715.000000,33.578417,-117.064145,498.083539,27.458424,1.649314,8,1,9,0,54.190638
38730.000000,33.578408,-117.064150,498.005799,27.468926,1.650384,8,1,9,0,53.433025
38745.000000,33.578414,-117.064139,497.320895,27.708649,1.651447,8,1,9,0,54.126529
38760.000000,33.578413,-117.064144,495.630082,27.605743,1.652503,8,1,9,0,52.834643
38775.000000,33.578409,-117.064151,495.309687,27.762870,1.653551,8,1,9,0,52.029998
38790.000000,33.578416,-117.064142,495.150512,28.166169,1.654592,8,1,9,0,52.915635
38805.000000,33.578413,-117.064145,494.540624,27.676973,1.655625,8,1,9,0,52.262945
38820.000000,33.578415,-117.064145,494.978436,28.096327,1.656651,8,1,9,0,52.590286
38835.000000,33.578415,-117.064147,494.820995,28.487673,1.657667,8,1,9,0,52.316369
38850.000000,33.578415,-117.064149,493.947179,28.157430,1.658676,8,1,9,0,51.764605
38865.000000,33.578410,-117.064147,494.659865,28.631357,1.659676,8,1,9,0,52.077639
38880.000000,33.578404,-117.064146,493.044218,28.822739,1.660668,8,1,9,0,51.173856
38895.000000,33.578409,-117.064149,493.619936,28.935746,1.661650,8,1,9,0,51.360021
38910.000000,33.578405,-117.064152,493.006700,28.890007,1.662623,8,1,9,0,50.713463
38925.000000,33.578403,-117.064150,494.261962,29.242343,1.663587,8,1,9,0,51.363920
38940.000000,33.578403,-117.064147,494.491890,29.361550,1.664542,8,1,9,0,51.707234
38955.000000,33.578415,-117.064150,493.449578,29.521751,1.665486,8,1,9,0,51.477883
38970.000000,33.578412,-117.064150,492.430630,29.055039,1.666421,8,1,9,0,50.896798
38985.000000,33.578412,-117.064156,491.843258,29.271651,1.667346,8,1,9,0,50.171614
39000.000000,33.578411,-117.064153,489.870830,29.423074,1.668261,8,1,9,0,49.591719
39015.000000,33.578407,-117.064157,489.112958,29.644419,1.669165,8,1,9,0,48.780862
39030.000000,33.578407,-117.064154,490.116540,29.701075,1.670058,8,1,9,0,49.380272
39045.000000,33.578412,-117.064153,489.008275,29.381246,1.670941,8,1,9,0,49.214149
39060.000000,33.578407,-117.064159,488.839474,29.312786,1.671813,8,1,9,0,48.539955
39075.000000,33.578414,-117.064154,489.244598,30.020707,1.672673,8,1,9,0,49.390622
39090.000000,33.578411,-117.064158,489.786332,30.118737,1.673522,8,1,9,0,49.132160
39105.000000,33.578410,-117.064162,489.576355,30.364557,1.674359,8,1,9,0,48.661747
39120.000000,33.578420,-117.064151,488.034997,30.797042,1.675184,8,1,9,0,49.421091
39135.000000,33.578413,-117.064159,488.583928,30.860046,1.675998,8,1,9,0,48.668056
39150.000000,33.578416,-117.064157,487.386019,30.842538,1.676799,8,1,9,0,48.469942
39165.000000,33.578407,-117.064161,487.472938,30.641930,1.677588,8,1,9,0,47.851340
39180.000000,33.578408,-117.064162,488.139076,30.568877,1.678364,8,1,9,0,48.011785
39195.000000,33.578411,-117.064151,486.021130,30.804075,1.679127,8,1,9,0,48.275191
39210.000000,33.578412,-117.064154,485.988494,30.697410,1.679878,8,1,9,0,48.083909
39225.000000,33.578407,-117.064162,487.073465,30.956300,1.680615,8,1,9,0,47.597265
39240.000000,33.578413,-117.064163,486.195231,30.969050,1.681339,8,1,9,0,47.471810
39255.000000,33.578413,-117.064167,486.196708,31.175945,1.682049,8,1,9,0,47.185214
39270.000000,33.578415,-117.064163,484.311014,31.800539,1.682746,8,1,9,0,46.977073
39285.000000,33.578405,-117.064169,484.357880,31.023749,1.683428,8,1,9,0,46.067673
39300.000000,33.578411,-117.064165,481.905621,30.969293,1.684097,8,1,9,0,45.999678
39315.000000,33.578407,-117.064167,482.641358,31.336679,1.684751,8,1,9,0,45.850329
39330.000000,33.578390,-117.064180,484.476905,31.369939,1.685391,8,1,9,0,44.587245
39345.000000,33.578401,-117.064174,483.211265,31.359812,1.686016,8,1,9,0,45.087199
39360.000000,33.578410,-117.064167,482.814339,31.864088,1.686626,8,1,9,0,45.976477
39375.000000,33.578411,-117.064164,480.547449,31.965189,1.687221,8,1,9,0,45.683256
39390.000000,33.578403,-117.064175,482.649167,31.921133,1.687801,8,1,9,0,44.983675
39405.000000,33.578412,-117.064167,480.041573,32.387130,1.688365,8,1,9,0,45.344502
39420.000000,33.578404,-117.064179,480.792821,32.203052,1.688914,8,1,9,0,44.182924
39435.000000,33.578407,-117.064173,480.807197,32.576641,1.689448,8,1,9,0,44.791065
39450.000000,33.578409,-117.064181,480.138056,33.002779,1.689965,8,1,9,0,44.141206
39465.000000,33.578418,-117.064167,478.407549,32.858393,1.690466,8,1,10,0,45.310599
39480.000000,33.578374,-117.064119,494.990660,31.242041,1.533382,9,1,10,0,53.058634
39495.000000,33.578377,-117.064118,493.803505,31.222346,1.534155,9,1,10,0,52.746452
39510.000000,33.578371,-117.064119,494.080139,31.320089,1.534919,9,1,10,0,52.556556
39525.000000,33.578377,-117.064105,491.818971,31.873079,1.535675,9,1,10,0,52.908467
39540.000000,33.578369,-117.064119,492.393193,31.492964,1.536422,9,1,10,0,51.799218
39555.000000,33.578376,-117.064116,490.226611,31.807852,1.537161,9,1,10,0,51.345901
39570.000000,33.578367,-117.064123,490.555884,31.515604,1.537890,9,1,10,0,50.614971
39585.000000,33.578372,-117.064126,489.743508,31.844805,1.538610,9,1,10,0,50.197399
39600.000000,33.578370,-117.064123,490.315223,31.665455,1.539320,9,1,10,0,50.605153
39615.000000,33.578372,-117.064118,490.473927,31.888445,1.540021,9,1,10,0,51.149814
39630.000000,33.578378,-117.064117,489.350889,31.762546,1.540712,9,1,10,0,50.993870
39645.000000,33.578373,-117.064124,489.264218,32.300649,1.541394,9,1,10,0,50.228627
39660.000000,33.578368,-117.064128,490.198605,32.008549,1.542065,9,1,10,0,50.126927
39675.000000,33.578372,-117.064124,488.258371,32.128977,1.542726,9,1,10,0,49.816159
39690.000000,33.578366,-117.064132,487.723199,32.083568,1.543377,9,1,10,0,48.774454
39705.000000,33.578367,-117.064130,487.354349,31.778459,1.544017,9,1,10,0,48.854222
39720.000000,33.578366,-117.064128,487.953438,32.041666,1.544647,9,1,10,0,49.130227
39735.000000,33.578374,-117.064124,485.646120,32.216556,1.545265,9,1,10,0,49.001411
39750.000000,33.578317,-117.064195,495.217497,35.391937,1.784604,8,1,10,0,45.889270
39765.000000,33.578316,-117.064194,495.828325,35.492155,1.785908,8,1,10,0,46.285620
39780.000000,33.578314,-117.064194,496.512672,35.741250,1.787212,8,1,10,0,46.637750
39795.000000,33.578312,-117.064193,495.519132,35.742094,1.788517,8,1,10,0,46.099340
39810.000000,33.578308,-117.064193,494.791324,35.969493,1.789822,8,1,10,0,45.617651
39825.000000,33.578307,-117.064191,494.252416,36.355639,1.791127,8,1,10,0,45.535212
39840.000000,33.578303,-117.064191,494.321886,36.042390,1.792432,8,1,10,0,45.455435
39855.000000,33.578302,-117.064187,493.865736,36.475603,1.793737,8,1,10,0,45.516101
39870.000000,33.578303,-117.064192,493.707977,36.414684,1.795042,8,1,10,0,45.081934
39885.000000,33.578301,-117.064193,493.850315,36.382676,1.796347,8,1,10,0,45.044070
39900.000000,33.578304,-117.064194,493.141339,36.205753,1.797651,8,1,10,0,44.606410
39915.000000,33.578304,-117.064193,492.834636,36.640041,1.798955,8,1,10,0,44.534862
39930.000000,33.578301,-117.064190,493.124985,36.514293,1.800258,8,1,10,0,44.852655
39945.000000,33.578299,-117.064196,492.628564,36.916001,1.801560,8,1,10,0,44.126024
39960.000000,33.578293,-117.064200,492.101968,37.025358,1.802861,8,1,10,0,43.498626
39975.000000,33.578295,-117.064198,492.132537,37.190161,1.804160,8,1,10,0,43.655457
39990.000000,33.578294,-117.064205,491.529554,36.494463,1.805459,8,1,10,0,42.779463
40005.000000,33.578291,-117.064206,491.883546,37.279619,1.806756,8,1,10,0,42.883632
40020.000000,33.578288,-117.064201,492.501651,37.809256,1.808051,8,1,10,0,43.511403
40035.000000,33.578286,-117.064206,491.463743,37.515687,1.809345,8,1,10,0,42.576664
40050.000000,33.578285,-117.064208,490.568725,37.659609,1.810637,8,1,10,0,41.946418
40065.000000,33.578287,-117.064204,490.697174,37.684087,1.811927,8,1,10,0,42.368959
40080.000000,33.578285,-117.064204,489.741752,38.055522,1.813215,8,1,10,0,41.867008
40095.000000,33.578285,-117.064202,489.872183,37.987714,1.814500,8,1,10,0,42.110197
40110.000000,33.578285,-117.064209,488.845873,37.830624,1.815784,8,1,10,0,41.042013
40125.000000,33.578279,-117.064211,489.637068,38.069413,1.817064,8,1,10,0,41.175682
40140.000000,33.578282,-117.064207,488.690668,38.133230,1.818342,8,1,10,0,41.114328
40155.000000,33.578284,-117.064205,487.614529,38.029446,1.819617,8,1,10,0,40.864608
40170.000000,33.578286,-117.064208,486.891851,37.747801,1.820889,8,1,10,0,40.298423
40185.000000,33.578284,-117.064212,486.231621,37.923859,1.822158,8,1,10,0,39.619909
40200.000000,33.578274,-117.064213,487.207715,37.659333,1.823424,8,1,10,0,39.844001
40215.000000,33.578276,-117.064212,486.855787,38.186014,1.824686,8,1,10,0,39.846550
40230.000000,33.578274,-117.064216,486.697388,38.484716,1.825945,8,1,10,0,39.419811
40245.000000,33.578276,-117.064213,485.683937,38.565162,1.827200,8,1,10,0,39.224892
40260.000000,33.578276,-117.064218,485.437279,38.758247,1.828452,8,1,10,0,38.736044
40275.000000,33.578274,-117.064217,485.189909,38.608040,1.829699,8,1,10,0,38.720607
40290.000000,33.578279,-117.064216,484.450980,38.382484,1.830942,8,1,10,0,38.597585
40305.000000,33.578273,-117.064218,484.410802,38.246672,1.832181,8,1,10,0,38.336507
40320.000000,33.578270,-117.064218,484.780320,38.493913,1.833416,8,1,10,0,38.453660
40335.000000,33.578265,-117.064221,483.972801,38.776322,1.834646,8,1,10,0,37.852680
40350.000000,33.578271,-117.064218,482.736931,39.094329,1.835872,8,1,10,0,37.705501
40365.000000,33.578262,-117.064223,482.112631,39.415822,1.837093,8,1,10,0,37.004991
40380.000000,33.578256,-117.064223,482.074390,40.190367,1.838309,8,1,10,0,36.961479
40395.000000,33.578258,-117.064218,481.006405,40.288467,1.839520,8,1,10,0,37.089956
40410.000000,33.578261,-117.064216,480.206954,40.328757,1.840725,8,1,10,0,37.025974
40425.000000,33.578264,-117.064222,480.318028,39.645451,1.841926,8,1,10,0,36.574226
40440.000000,33.578263,-117.064234,480.320944,39.296411,1.843120,8,1,10,0,35.500437
40455.000000,33.578262,-117.064237,480.512189,39.078097,1.844310,8,1,10,0,35.269071
40470.000000,33.578268,-117.064236,480.098793,39.114108,1.845493,8,1,10,0,35.237112
40485.000000,33.578268,-117.064240,480.199968,39.177254,1.846671,8,1,10,0,34.953100
40500.000000,33.578266,-117.064243,479.883437,39.441825,1.847843,8,1,10,0,34.547026
40515.000000,33.578264,-117.064241,478.373798,39.420893,1.849008,8,1,10,0,34.337800
40530.000000,33.578256,-117.064241,477.813276,39.941072,1.850168,8,1,10,0,34.129323
40545.000000,33.578260,-117.064239,477.265813,39.837847,1.851321,8,1,10,0,34.216344
40560.000000,33.578259,-117.064237,475.898295,39.615427,1.852468,8,1,10,0,34.159039
40575.000000,33.578258,-117.064242,475.916145,39.852675,1.853607,8,1,10,0,33.733663
40590.000000,33.578255,-117.064244,476.048507,40.086527,1.854741,8,1,10,0,33.502074
40605.000000,33.578250,-117.064248,475.488837,40.062185,1.855867,8,1,10,0,33.086900
40620.000000,33.578261,-117.064244,474.100508,40.114333,1.856986,8,1,10,0,33.303381
40635.000000,33.578262,-117.064239,472.791165,39.609384,1.858099,8,1,10,0,33.560828
40650.000000,33.578263,-117.064240,472.751083,40.055189,1.859204,8,1,10,0,33.524390
40665.000000,33.578255,-117.064248,473.094606,40.111703,1.860301,8,1,10,0,32.748379
40680.000000,33.578254,-117.064255,473.181205,40.205224,1.861392,8,1,10,0,32.110237
40695.000000,33.578253,-117.064252,472.725203,40.705156,1.862474,8,1,10,0,32.371745
40710.000000,33.578253,-117.064253,472.043655,40.557086,1.863549,8,1,10,0,32.186478
40725.000000,33.578254,-117.064253,470.789154,40.415373,1.864617,8,1,10,0,32.117814
40740.000000,33.578251,-117.064253,470.310249,40.384236,1.865676,8,1,10,0,32.131898
40755.000000,33.578248,-117.064250,470.921184,40.358641,1.866727,8,1,10,0,32.372572
40770.000000,33.578246,-117.064257,470.589741,40.469252,1.867770,8,1,10,0,31.783858
40785.000000,33.578242,-117.064252,470.163666,40.403932,1.868805,8,1,10,0,32.185872
40800.000000,33.578240,-117.064259,469.388062,40.425121,1.869832,8,1,10,0,31.533774
40815.000000,33.578238,-117.064253,469.563392,40.938541,1.870850,8,1,10,0,32.140326
40830.000000,33.578233,-117.064264,468.606262,41.067119,1.871860,8,1,10,0,31.164594
40845.000000,33.578233,-117.064261,468.294929,41.106336,1.872861,8,1,10,0,31.471944
40860.000000,33.578238,-117.064261,467.757044,41.106756,1.873854,8,1,10,0,31.494604
40875.000000,33.578235,-117.064265,466.770764,41.339238,1.874837,8,1,10,0,31.192212
40890.000000,33.578240,-117.064259,465.927783,41.075202,1.875812,8,1,10,0,31.880703
40905.000000,33.578237,-117.064260,465.735313,41.161380,1.876777,8,1,10,0,31.747389
40920.000000,33.578242,-117.064266,465.662687,40.778787,1.877734,8,1,10,0,31.250621
40935.000000,33.578239,-117.064258,465.293981,40.788911,1.878681,8,1,10,0,31.975949
40950.000000,33.578239,-117.064261,464.368081,40.823181,1.879620,8,1,10,0,31.941423
40965.000000,33.578241,-117.064261,463.511318,40.950406,1.880549,8,1,10,0,32.069069
40980.000000,33.578237,-117.064264,463.423979,40.754268,1.881468,8,1,10,0,31.826044
40995.000000,33.578239,-117.064268,462.996504,40.741054,1.882378,8,1,10,0,31.539336
41010.000000,33.578236,-117.064272,462.146446,40.798129,1.883278,8,1,10,0,31.345638
41025.000000,33.578238,-117.064268,462.051187,40.730227,1.884169,8,1,10,0,31.762726
41040.000000,33.578233,-117.064273,462.420156,40.748669,1.885050,8,1,10,0,31.252559
41055.000000,33.578235,-117.064269,462.148316,40.639841,1.885921,8,1,10,0,31.670796
41070.000000,33.578393,-117.064182,477.268015,41.575878,1.806278,9,1,10,0,42.697663
41085.000000,33.578387,-117.064192,477.643970,41.451756,1.807793,9,1,10,0,41.762099
41100.000000,33.578374,-117.064200,474.319515,41.208590,1.809295,9,1,10,0,40.050312
41115.000000,33.578392,-117.064190,473.949296,41.495822,1.810783,9,1,10,0,41.585142
41130.000000,33.578403,-117.064182,475.356301,42.777138,1.812256,9,1,10,0,42.916117
41145.000000,33.578368,-117.064208,472.961223,40.900715,1.813716,9,1,10,0,39.011481
41160.000000,33.578399,-117.064186,473.470306,43.257125,1.815160,9,1,10,0,42.197259
41175.000000,33.578375,-117.064203,472.138560,41.706283,1.816589,9,1,10,0,39.624052
41190.000000,33.578393,-117.064191,472.354862,42.666802,1.818003,9,1,10,0,41.407929
41205.000000,33.578379,-117.064200,470.469848,41.502283,1.819401,9,1,10,0,40.019455
41220.000000,33.578395,-117.064188,470.542845,42.746063,1.820782,9,1,10,0,41.698610
41235.000000,33.578393,-117.064190,469.599662,41.954914,1.822147,9,1,10,0,41.422475
41250.000000,33.578398,-117.064192,469.664619,42.348031,1.823495,9,1,10,0,41.557281
41265.000000,33.578388,-117.064194,467.499570,42.453195,1.824827,9,1,10,0,40.946275
41280.000000,33.578397,-117.064193,468.233636,42.768218,1.826140,9,1,10,0,41.453091
41295.000000,33.578381,-117.064208,467.474264,41.539512,1.827436,9,1,10,0,39.501576
41310.000000,33.578428,-117.064370,509.909530,34.316399,1.961233,8,1,10,0,49.641305
41325.000000,33.578429,-117.064367,509.933511,34.344488,1.964133,8,1,10,0,49.783090
41340.000000,33.578435,-117.064364,508.964844,34.438995,1.967032,8,1,10,0,49.421356
41355.000000,33.578435,-117.064363,509.832658,34.908744,1.969928,8,1,10,0,50.146567
41370.000000,33.578425,-117.064366,508.127219,34.927457,1.972824,8,1,10,0,48.240369
41385.000000,33.578436,-117.064366,508.835426,34.831051,1.975716,8,1,10,0,49.293073
41400.000000,33.578429,-117.064361,506.824295,34.934261,1.978606,8,1,10,0,47.564046
41415.000000,33.578432,-117.064364,506.666556,34.892821,1.981492,8,1,10,0,47.472587
41430.000000,33.578436,-117.064362,506.642466,35.181835,1.984374,8,1,10,0,47.728561
41445.000000,33.578430,-117.064363,505.209837,35.413892,1.987252,8,1,10,0,46.330627
41460.000000,33.578428,-117.064366,504.361694,34.966344,1.990126,8,1,10,0,45.447889
41475.000000,33.578430,-117.064370,505.438710,35.040226,1.992993,8,1,10,0,46.193708
41490.000000,33.578444,-117.064360,505.853382,35.942435,1.995856,8,1,10,0,47.633503
41505.000000,33.578440,-117.064363,504.873826,35.777033,1.998712,8,1,10,0,46.590762
41520.000000,33.578439,-117.064367,504.847040,35.504539,2.001561,8,1,10,0,46.357228
41535.000000,33.578438,-117.064363,505.116760,35.774212,2.004404,8,1,10,0,46.631004
41550.000000,33.578450,-117.064366,505.891014,36.156588,2.007238,8,1,10,0,47.772658
41565.000000,33.578445,-117.064368,505.261665,35.958459,2.010065,8,1,10,0,46.930331
41580.000000,33.578439,-117.064365,502.466550,35.957900,2.012883,8,1,10,0,44.671719
41595.000000,33.578440,-117.064369,501.483388,35.925432,2.015692,8,1,9,0,43.807073
41610.000000,33.578441,-117.064368,501.463050,36.348857,2.018491,8,1,9,0,43.935223
41625.000000,33.578446,-117.064367,502.153345,36.889784,2.021280,8,1,9,0,44.720318
41640.000000,33.578442,-117.064369,502.268097,36.492405,2.024058,8,1,9,0,44.536984
41655.000000,33.578448,-117.064369,500.403883,36.130544,2.026825,8,1,9,0,43.490605
41670.000000,33.578445,-117.064366,500.444361,36.581926,2.029581,8,1,9,0,43.527131
41685.000000,33.578448,-117.064366,499.491872,36.719038,2.032324,8,1,9,0,42.999938
41700.000000,33.578446,-117.064369,498.464533,36.733919,2.035054,8,1,9,0,42.108421
41715.000000,33.578445,-117.064368,498.186393,36.680196,2.037770,8,1,9,0,41.882021
41730.000000,33.578450,-117.064369,496.498806,36.897008,2.040473,8,1,9,0,41.035633
41745.000000,33.578449,-117.064367,495.281822,36.597232,2.043162,8,1,9,0,40.261603
41760.000000,33.578449,-117.064366,496.428590,37.037391,2.045835,8,1,9,0,41.050822
41775.000000,33.578455,-117.064369,495.176477,37.354381,2.048493,8,1,9,0,40.535069
41790.000000,33.578455,-117.064370,494.475702,37.292335,2.051135,8,1,9,0,40.030410
41805.000000,33.578456,-117.064370,494.701177,37.477165,2.053759,8,1,9,0,40.184501
41820.000000,33.578457,-117.064369,493.259658,37.148715,2.056367,8,1,9,0,39.474510
41835.000000,33.578461,-117.064367,491.918312,37.365730,2.058957,8,1,9,0,39.077733
41850.000000,33.578457,-117.064367,491.814814,37.468464,2.061529,8,1,9,0,38.695554
41865.000000,33.578456,-117.064372,492.461927,37.369531,2.064081,8,1,9,0,38.822749
41880.000000,33.578453,-117.064369,492.722139,37.621467,2.066614,8,1,9,0,38.904691
41895.000000,33.578453,-117.064376,493.054624,37.546012,2.069127,8,1,9,0,38.713398
41910.000000,33.578461,-117.064366,491.792312,37.744362,2.071619,8,1,9,0,39.029363
41925.000000,33.578462,-117.064369,489.604202,37.696584,2.074090,8,1,9,0,37.756834
41940.000000,33.578459,-117.064363,489.357545,38.084757,2.076539,8,1,9,0,37.776318
41955.000000,33.578457,-117.064371,489.003138,37.538250,2.078966,8,1,9,0,37.022690
41970.000000,33.578459,-117.064372,489.141265,37.913811,2.081370,8,1,9,0,37.145807
41985.000000,33.578460,-117.064374,487.817305,37.959280,2.083750,8,1,9,0,36.516098
42000.000000,33.578465,-117.064365,485.994442,38.447737,2.086106,8,1,9,0,36.528819
42015.000000,33.578460,-117.064369,485.952511,38.312451,2.088438,8,1,9,0,35.887484
42030.000000,33.578462,-117.064368,484.791004,38.577078,2.090744,8,1,9,0,35.579282
42045.000000,33.578465,-117.064370,484.491160,38.526712,2.093024,8,1,9,0,35.623981
42060.000000,33.578466,-117.064376,484.555318,39.084483,2.095278,8,1,9,0,35.370544
42075.000000,33.578467,-117.064371,484.895685,39.018448,2.097505,8,1,9,0,35.840046
42090.000000,33.578469,-117.064370,482.669257,38.906152,2.099704,8,1,9,0,35.222873
42105.000000,33.578471,-117.064365,480.599931,39.032460,2.101876,8,1,9,0,34.910010
42120.000000,33.578470,-117.064365,479.417693,38.753924,2.104019,8,1,9,0,34.598690
42135.000000,33.578466,-117.064370,478.865250,39.170344,2.106132,8,1,9,0,33.771542
42150.000000,33.578463,-117.064376,479.272966,39.107927,2.108216,8,1,9,0,33.300504
42165.000000,33.578470,-117.064371,478.264193,39.547726,2.110269,8,1,9,0,33.849174
42180.000000,33.578472,-117.064376,477.757347,39.533347,2.112292,8,1,9,0,33.668059
42195.000000,33.578476,-117.064369,476.105934,39.691973,2.114283,8,1,9,0,34.090630
42210.000000,33.578478,-117.064369,475.676436,39.483395,2.116242,8,1,9,0,34.126921
42225.000000,33.578475,-117.064372,476.060801,39.193185,2.118169,8,1,9,0,33.815315
42240.000000,33.578470,-117.064374,476.059089,38.867433,2.120063,8,1,9,0,33.271947
42255.000000,33.578472,-117.064372,474.708749,38.985663,2.121923,8,1,9,0,33.319108
42270.000000,33.578478,-117.064372,472.385111,39.414376,2.123749,8,1,9,0,33.595999
42285.000000,33.578481,-117.064365,470.091269,39.396520,2.125541,8,1,9,0,34.196933
42300.000000,33.578478,-117.064370,471.098849,39.389946,2.127298,8,1,9,0,33.620917
42315.000000,33.578480,-117.064365,470.488663,39.356226,2.129019,8,1,9,0,34.133952
42330.000000,33.578482,-117.064370,471.042541,39.257630,2.130704,8,1,9,0,34.003651
42345.000000,33.578485,-117.064366,469.294072,39.203671,2.132353,8,1,9,0,34.474883
42360.000000,33.578488,-117.064369,469.582732,39.343958,2.133964,8,1,9,0,34.517252
42375.000000,33.578484,-117.064373,469.567664,39.419590,2.135539,8,1,9,0,34.001424
42390.000000,33.578487,-117.064370,467.198854,39.518069,2.137075,8,1,9,0,34.520597
42405.000000,33.578484,-117.064374,466.950400,39.439436,2.138573,8,1,8,0,34.085598
42420.000000,33.578487,-117.064372,465.636234,39.485692,2.140033,8,1,8,0,34.596424
42435.000000,33.578485,-117.064373,465.865968,39.279440,2.141453,8,1,8,0,34.285057
42450.000000,33.578489,-117.064370,465.574114,39.152937,2.142833,8,1,8,0,34.910715
42465.000000,33.578495,-117.064367,461.931577,39.668309,2.144174,8,1,8,0,36.237114
42480.000000,33.578495,-117.064372,463.091221,39.351584,2.145474,8,1,8,0,35.664011
42495.000000,33.578498,-117.064365,460.875343,39.410433,2.146734,8,1,8,0,36.872949
42510.000000,33.578493,-117.064369,461.615978,39.309439,2.147952,8,1,8,0,36.023761
42525.000000,33.578494,-117.064375,460.850144,39.429787,2.149129,8,1,8,0,35.986965
42540.000000,33.578488,-117.064382,461.708991,39.061941,2.150264,8,1,8,0,34.805156
42555.000000,33.578494,-117.064376,458.791542,39.507496,2.151357,8,1,8,0,36.463556
42570.000000,33.578497,-117.064377,458.451483,39.156564,2.152408,8,1,8,0,36.793104
42585.000000,33.578502,-117.064370,456.002062,39.236347,2.153415,8,1,8,0,38.364863
42600.000000,33.578506,-117.064370,455.578379,39.326559,2.154380,8,1,8,0,38.881319
42615.000000,33.578504,-117.064375,455.605188,39.377885,2.155301,8,1,8,0,38.446913
42630.000000,33.578503,-117.064375,454.450410,39.124560,2.156178,8,1,8,0,38.883971
42645.000000,33.578504,-117.064382,455.166986,38.947038,2.157011,8,1,8,0,38.231033
42660.000000,33.578501,-117.064375,453.576609,38.890692,2.157801,8,1,8,0,39.023621
42675.000000,33.578509,-117.064370,452.659536,38.664172,2.158545,8,1,8,0,40.285785
42690.000000,33.578509,-117.064373,451.155535,38.824389,2.159246,8,1,8,0,40.885040
42705.000000,33.578513,-117.064372,449.718362,39.108342,2.159901,8,1,8,0,41.895997
42720.000000,33.578514,-117.064373,447.891137,39.327056,2.160512,8,1,8,0,42.819957
42735.000000,33.578518,-117.064372,448.407543,39.316237,2.161077,8,1,8,0,42.920200
42750.000000,33.578516,-117.064375,448.798977,39.042896,2.161596,8,1,8,0,42.392098
42765.000000,33.578515,-117.064374,447.798288,38.634456,2.162071,8,1,8,0,42.893765
42780.000000,33.578514,-117.064377,447.082495,38.633019,2.162500,8,1,8,0,43.063452
42795.000000,33.578519,-117.064371,444.156523,38.836523,2.162883,8,1,8,0,45.310673
42810.000000,33.578510,-117.064377,444.639710,38.648947,2.163220,8,1,8,0,44.127066
42825.000000,33.578516,-117.064371,442.266116,38.638952,2.163511,8,1,8,0,46.237345
42840.000000,33.578518,-117.064377,442.087027,38.670345,2.163756,8,1,8,0,46.202209
42855.000000,33.578520,-117.064377,442.172328,38.593968,2.163956,8,1,8,0,46.330629
42870.000000,33.578525,-117.064371,440.681767,38.757813,2.164109,8,1,9,0,47.803546
42885.000000,33.578525,-117.064371,439.110836,38.852307,2.164216,8,1,9,0,48.823879
42900.000000,33.578529,-117.064376,438.096798,38.715424,2.164277,8,1,9,0,49.523573
42915.000000,33.578524,-117.064380,437.267658,38.782769,2.164292,8,1,9,0,49.579629
42930.000000,33.578526,-117.064381,435.588094,39.155426,2.164261,8,1,9,0,50.827787
42945.000000,33.578522,-117.064385,436.417852,39.047903,2.164184,8,1,9,0,49.871956
42960.000000,33.578523,-117.064387,435.230792,38.642773,2.164061,8,1,9,0,50.626625
42975.000000,33.578524,-117.064384,434.226697,38.767974,2.163892,8,1,9,0,51.504641
42990.000000,33.578523,-117.064389,433.389004,39.069969,2.163677,8,1,9,0,51.888086
43005.000000,33.578527,-117.064384,432.001088,39.008947,2.163417,8,1,9,0,53.278949
43020.000000,33.578529,-117.064390,431.585377,38.821915,2.163111,8,1,9,0,53.525527
43035.000000,33.578528,-117.064386,430.654806,38.801745,2.162760,8,1,9,0,54.229242
43050.000000,33.578523,-117.064393,429.772038,38.886970,2.162363,8,1,9,0,54.331607
43065.000000,33.578526,-117.064392,429.063683,38.952210,2.161921,8,1,9,0,55.120175
43080.000000,33.578525,-117.064391,428.744662,38.759783,2.161435,8,1,9,0,55.304545
43095.000000,33.578531,-117.064389,426.146921,38.941140,2.160903,8,1,9,0,57.685562
43110.000000,33.578529,-117.064392,426.988671,38.486476,2.160327,8,1,9,0,56.880001
43125.000000,33.578531,-117.064394,426.603150,38.742378,2.159707,8,1,9,0,57.201993
43140.000000,33.578530,-117.064397,425.074095,39.057743,2.159043,8,1,9,0,58.231256
43155.000000,33.578533,-117.064398,424.837389,38.695146,2.158335,8,1,9,0,58.530598
43170.000000,33.578538,-117.064389,423.862944,38.552386,2.157584,8,1,9,0,59.859819
43185.000000,33.578536,-117.064394,422.196161,38.788549,2.156789,8,1,9,0,60.919214
43200.000000,33.578540,-117.064390,421.913682,38.055546,2.155952,8,1,9,0,61.490126
43215.000000,33.578540,-117.064393,420.941954,38.212180,2.155072,8,1,9,0,62.160678
43230.000000,33.578540,-117.064396,419.816647,38.324501,2.154149,8,1,9,0,62.959815
43245.000000,33.578540,-117.064398,421.031479,37.956696,2.153185,8,1,9,0,61.963691
43260.000000,33.578540,-117.064403,420.151110,37.935897,2.152179,8,1,9,0,62.512658
43275.000000,33.578543,-117.064399,418.779495,37.863253,2.151132,8,1,9,0,63.885310
43290.000000,33.578548,-117.064397,416.862912,37.713878,2.150044,8,1,9,0,65.778985
43305.000000,33.578544,-117.064397,416.438222,37.517295,2.148916,8,1,9,0,65.886411
43320.000000,33.578547,-117.064400,416.373399,37.446313,2.147747,8,1,9,0,66.003450
43335.000000,33.578551,-117.064397,413.521168,37.758998,2.146539,8,1,9,0,68.661494
43350.000000,33.578544,-117.064403,415.355001,37.978346,2.145292,8,1,9,0,66.640926
43365.000000,33.578545,-117.064404,415.017932,37.742484,2.144006,8,1,9,0,66.965000
43380.000000,33.578546,-117.064405,415.234669,37.655729,2.142681,8,1,9,0,66.749213
43395.000000,33.578544,-117.064408,414.477280,37.742963,2.141319,8,1,9,0,67.215758
43410.000000,33.578552,-117.064398,411.527664,37.539117,2.139920,8,1,9,0,70.343603
43425.000000,33.578556,-117.064399,410.027321,37.640935,2.138483,8,1,9,0,71.783291
43440.000000,33.578555,-117.064404,409.331076,37.859719,2.137010,8,1,9,0,72.184042
43455.000000,33.578551,-117.064406,410.331267,37.483685,2.135501,8,1,9,0,71.105234
43470.000000,33.578553,-117.064400,408.038460,37.349575,2.133957,8,1,9,0,73.285172
43485.000000,33.578548,-117.064411,409.777796,37.148940,2.132378,8,1,9,0,71.334275
43500.000000,33.578545,-117.064412,410.623789,36.757649,2.130764,8,1,9,0,70.425132
43515.000000,33.578553,-117.064401,406.927447,36.797861,2.129117,8,1,9,0,74.192039
43530.000000,33.578557,-117.064403,405.567440,36.853549,2.127436,8,1,9,0,75.523018
43545.000000,33.578557,-117.064404,405.628481,36.188940,2.125723,8,1,9,0,75.460832
43560.000000,33.578558,-117.064407,405.784990,36.293534,2.123977,8,1,9,0,75.265768
43575.000000,33.578556,-117.064412,403.668352,36.699021,2.122200,8,1,9,0,76.897509
43590.000000,33.578557,-117.064409,401.486979,36.884700,2.120392,8,1,9,0,78.931204
43605.000000,33.578554,-117.064406,404.108861,36.037304,2.118553,8,1,9,0,76.550763
43620.000000,33.578551,-117.064408,403.874044,35.731995,2.116684,8,1,9,0,76.557425
43635.000000,33.578557,-117.064407,401.522165,36.079538,2.114786,8,1,9,0,78.895523
43650.000000,33.578556,-117.064411,400.607122,36.081791,2.112859,8,1,9,0,79.608658
43665.000000,33.578558,-117.064417,399.629692,36.110822,2.110904,8,1,9,0,80.402313
43680.000000,33.578564,-117.064411,398.270081,35.750582,2.108921,8,1,9,0,81.998253
43695.000000,33.578560,-117.064416,400.183436,35.379114,2.106911,8,1,9,0,80.057411
43710.000000,33.578562,-117.064419,399.016614,35.564895,2.104875,8,1,9,0,81.098153
43725.000000,33.578560,-117.064413,398.330532,35.218459,2.102813,8,1,9,0,81.730142
43740.000000,33.578564,-117.064413,396.490531,35.083924,2.100726,8,1,9,0,83.558054
43755.000000,33.578563,-117.064417,397.028076,34.985601,2.098615,8,1,9,0,82.930825
43770.000000,33.578563,-117.064421,397.002944,35.181444,2.096479,8,1,9,0,82.870797
43785.000000,33.578565,-117.064424,397.679211,34.891498,2.094320,8,1,9,0,82.318317
43800.000000,33.578562,-117.064425,397.184628,34.829243,2.092139,8,1,9,0,82.626614
43815.000000,33.578568,-117.064426,395.377646,35.132512,2.089935,8,1,9,0,84.468785
43830.000000,33.578569,-117.064422,394.756117,34.871467,2.087710,8,1,9,0,85.124354
43845.000000,33.578571,-117.064422,393.491031,34.606115,2.085464,8,1,9,0,86.370719
43860.000000,33.578564,-117.064434,397.501765,34.527531,2.083198,8,1,9,0,82.266675
43875.000000,33.578568,-117.064421,393.428351,34.303681,2.080912,8,1,9,0,86.264696
43890.000000,33.578567,-117.064428,392.450101,34.480763,2.078608,8,1,9,0,87.001399
43905.000000,33.578562,-117.064434,393.488080,34.296481,2.076285,8,1,9,0,85.745952
43920.000000,33.578565,-117.064434,392.724868,34.349191,2.073944,8,1,9,0,86.556841
43935.000000,33.578572,-117.064425,388.133580,34.166665,2.071586,8,1,9,0,91.131683
43950.000000,33.578571,-117.064435,390.615882,34.190569,2.069212,8,1,9,0,88.680902
43965.000000,33.578575,-117.064433,389.879075,33.999086,2.066821,8,1,9,0,89.582702
43980.000000,33.578573,-117.064431,389.643997,33.592085,2.064416,8,1,9,0,89.721787
43995.000000,33.578573,-117.064429,390.778206,33.249355,2.061996,8,1,9,0,88.760104
44010.000000,33.578578,-117.064427,386.289893,33.251105,2.059562,8,1,9,0,93.031633
44025.000000,33.578574,-117.064434,387.794800,33.075624,2.057114,8,1,9,0,91.368493
44040.000000,33.578575,-117.064437,386.702291,33.226115,2.054653,8,1,9,0,92.369049
44055.000000,33.578570,-117.064441,389.974264,32.784829,2.052180,8,1,9,0,89.139390
44070.000000,33.578570,-117.064440,389.586333,32.721684,2.049696,8,1,9,0,89.514326
44085.000000,33.578571,-117.064443,388.362941,33.044816,2.047201,8,1,9,0,90.600415
44100.000000,33.578576,-117.064436,384.500036,33.057933,2.044695,8,1,9,0,94.429326
44115.000000,33.578573,-117.064443,385.490459,32.821282,2.042179,8,1,9,0,93.282893
44130.000000,33.578569,-117.064450,387.264495,32.817829,2.039654,8,1,9,0,91.417233
44145.000000,33.578576,-117.064436,383.725795,32.371132,2.037121,8,1,9,0,95.114153
44160.000000,33.578574,-117.064441,384.563215,32.409246,2.034579,8,1,9,0,94.220057
44175.000000,33.578572,-117.064451,383.911837,32.764140,2.032030,8,1,9,0,94.576540
44190.000000,33.578570,-117.064451,384.392570,32.633172,2.029473,8,1,9,0,94.023776
44205.000000,33.578571,-117.064450,383.323824,32.601287,2.026911,8,1,9,0,95.080785
44220.000000,33.578571,-117.064453,384.043300,32.391493,2.024342,8,1,9,0,94.389062
44235.000000,33.578574,-117.064451,381.840331,32.314649,2.021769,8,1,9,0,96.559150
44250.000000,33.578574,-117.064452,380.430714,32.459965,2.019190,8,1,9,0,97.825282
44265.000000,33.578570,-117.064452,383.061416,31.666630,2.016607,8,1,9,0,95.238566
44280.000000,33.578569,-117.064454,381.738921,31.827826,2.014021,8,1,9,0,96.391746
44295.000000,33.578575,-117.064453,379.968227,31.532543,2.011432,8,1,9,0,98.280805
44310.000000,33.578574,-117.064454,379.855434,31.201808,2.008840,8,1,9,0,98.311333
44325.000000,33.578577,-117.064450,378.991922,31.055876,2.006246,8,1,9,0,99.266147
44340.000000,33.578571,-117.064465,381.775692,31.473432,2.003650,8,1,9,0,96.298646
44355.000000,33.578571,-117.064466,382.567995,30.950567,2.001053,8,1,9,0,95.581071
44370.000000,33.578578,-117.064454,377.875848,31.043873,1.998456,8,1,9,0,100.294167
44385.000000,33.578580,-117.064454,380.230587,30.482752,1.995858,8,1,9,0,98.216278
44400.000000,33.578582,-117.064453,379.783640,30.363626,1.993261,8,1,9,0,98.716761
44415.000000,33.578574,-117.064466,381.751648,30.511627,1.990665,8,1,9,0,96.447758
44430.000000,33.578576,-117.064460,378.062807,30.244509,1.988071,8,1,9,0,99.970457
44445.000000,33.578574,-117.064463,379.852070,30.013010,1.985478,8,1,9,0,98.227663
44460.000000,33.578577,-117.064460,379.426629,29.879044,1.982888,8,1,9,0,98.777521
44475.000000,33.578579,-117.064452,380.468175,29.469864,1.980300,8,1,9,0,97.985496
44490.000000,33.578574,-117.064462,380.450190,29.536011,1.977716,8,1,9,0,97.688571
44505.000000,33.578643,-117.064349,335.247418,33.197840,3.373533,7,1,9,0,143.822049
44520.000000,33.578646,-117.064346,335.393893,32.839533,3.359470,7,1,10,0,143.808372
44535.000000,33.578645,-117.064346,336.544900,32.434262,3.345431,7,1,10,0,142.708684
44550.000000,33.578646,-117.064346,334.026527,32.440625,3.331419,7,1,10,0,145.098573
44565.000000,33.578644,-117.064351,334.085115,32.215887,3.317437,7,1,10,0,144.904121
44580.000000,33.578647,-117.064346,332.186653,32.030192,3.303490,7,1,10,0,146.858066
44595.000000,33.578646,-117.064347,332.197934,31.676359,3.289579,7,1,10,0,146.823516
44610.000000,33.578647,-117.064345,332.765572,31.434394,3.275710,7,1,10,0,146.316530
44625.000000,33.578643,-117.064352,331.167604,31.497004,3.261885,7,1,10,0,147.601658
44640.000000,33.578644,-117.064349,332.248142,31.137168,3.248107,7,1,9,0,146.670948
44655.000000,33.578646,-117.064346,330.991133,31.069999,3.234379,7,1,9,0,147.959194
44670.000000,33.578645,-117.064349,330.078795,30.962956,3.220704,7,1,9,0,148.718097
44685.000000,33.578643,-117.064353,332.489354,30.526463,3.207084,7,1,9,0,146.354173
44700.000000,33.578641,-117.064354,330.536837,30.868353,3.193523,7,1,10,0,148.107270
44715.000000,33.578646,-117.064356,329.922387,30.773953,3.180023,7,1,10,0,148.805530
44730.000000,33.578644,-117.064358,330.905002,30.389984,3.166585,7,1,9,0,147.800163
44745.000000,33.578643,-117.064356,328.466812,30.228413,3.153213,7,1,9,0,150.073631
44760.000000,33.578644,-117.064358,327.633970,29.979207,3.139908,7,1,10,0,150.877485
44775.000000,33.578643,-117.064362,328.665063,29.865286,3.126672,7,1,10,0,149.808227
44790.000000,33.578643,-117.064359,327.846072,29.833033,3.113507,7,1,10,0,150.639522
44805.000000,33.578644,-117.064360,327.775918,29.828665,3.100416,7,1,10,0,150.713663
44820.000000,33.578642,-117.064357,328.212083,29.446335,3.087400,7,1,9,0,150.273350
44835.000000,33.578642,-117.064359,329.352925,29.014571,3.074460,7,1,9,0,149.175340
44850.000000,33.578638,-117.064366,331.340398,28.637076,3.061598,7,1,9,0,147.071410
44865.000000,33.578641,-117.064365,327.941277,28.888954,3.048816,7,1,10,0,150.377478
44880.000000,33.578340,-117.064427,451.821205,39.949068,2.261352,8,1,10,0,26.529128
44895.000000,33.578341,-117.064423,450.612140,39.669933,2.258033,8,1,10,0,27.588509
44910.000000,33.578338,-117.064424,451.535745,39.712740,2.254702,8,1,10,0,26.792026
44925.000000,33.578331,-117.064426,450.055621,40.359824,2.251359,8,1,10,0,27.446001
44940.000000,33.578326,-117.064425,450.487775,40.677687,2.248005,8,1,10,0,26.987565
44955.000000,33.578329,-117.064423,449.811111,40.199286,2.244640,8,1,10,0,27.754418
44970.000000,33.578330,-117.064420,449.380198,39.691996,2.241264,8,1,10,0,28.222043
44985.000000,33.578327,-117.064422,449.453437,39.931438,2.237878,8,1,10,0,27.963138
45000.000000,33.578333,-117.064413,447.683501,39.442297,2.234483,8,1,10,0,29.938933
45015.000000,33.578329,-117.064411,446.869122,39.629565,2.231079,8,1,10,0,30.561953
45030.000000,33.578332,-117.064409,445.517255,38.859389,2.227666,8,1,10,0,31.809497
45045.000000,33.578327,-117.064407,446.903979,39.533698,2.224244,8,1,10,0,30.698883
45060.000000,33.578328,-117.064407,447.137689,39.219147,2.220814,8,1,10,0,30.529688
45075.000000,33.578321,-117.064410,445.194782,40.446073,2.217376,8,1,10,0,31.624222
45090.000000,33.578328,-117.064407,444.619378,39.619939,2.213931,8,1,10,0,32.466524
45105.000000,33.578330,-117.064405,443.754004,39.272599,2.210479,8,1,10,0,33.307764
45120.000000,33.578326,-117.064406,443.171145,39.416633,2.207021,8,1,10,0,33.596679
45135.000000,33.578329,-117.064402,443.316136,38.849104,2.203557,8,1,10,0,33.779160
45150.000000,33.578325,-117.064403,442.719365,39.074539,2.200086,8,1,10,0,34.083118
45165.000000,33.578325,-117.064400,442.415301,38.766422,2.196611,8,1,10,0,34.499594
45180.000000,33.578316,-117.064400,443.120078,39.485112,2.193130,8,1,10,0,33.623707
45195.000000,33.578325,-117.064396,441.094417,38.629805,2.189645,8,1,10,0,35.745556
45210.000000,33.578322,-117.064396,441.472060,38.773024,2.186155,8,1,10,0,35.318661
45225.000000,33.578319,-117.064396,440.227643,39.013763,2.182661,8,1,10,0,36.271263
45240.000000,33.578316,-117.064398,440.075918,38.696535,2.179164,8,1,10,0,36.243648
45255.000000,33.578312,-117.064397,440.139152,39.038282,2.175663,8,1,10,0,36.129360
45270.000000,33.578318,-117.064393,438.537239,38.345528,2.172159,8,1,10,0,37.802645
45285.000000,33.578312,-117.064396,437.609405,38.975092,2.168653,8,1,10,0,38.290637
45300.000000,33.578313,-117.064393,436.899156,38.471817,2.165145,8,1,11,0,39.050533
45315.000000,33.578311,-117.064395,436.132917,38.736439,2.161635,8,1,11,0,39.561848
45330.000000,33.578312,-117.064390,436.025623,38.579264,2.158123,8,1,11,0,39.903492
45345.000000,33.578309,-117.064390,438.000054,38.532174,2.154609,8,1,11,0,38.171133
45360.000000,33.578309,-117.064393,435.392535,38.635215,2.151095,8,1,11,0,40.262152
45375.000000,33.578313,-117.064386,434.831864,38.128588,2.147580,8,1,11,0,41.133830
45390.000000,33.578310,-117.064385,434.968348,38.016628,2.144065,8,1,11,0,41.011962
45405.000000,33.578303,-117.064385,432.435111,38.476629,2.140550,8,1,11,0,43.052812
45420.000000,33.578298,-117.064386,431.924440,38.948730,2.137035,8,1,11,0,43.392864
45435.000000,33.578304,-117.064383,430.912875,37.970908,2.133521,8,1,11,0,44.513837
45450.000000,33.578299,-117.064383,431.651167,38.408884,2.130008,8,1,11,0,43.754405
45465.000000,33.578301,-117.064382,432.626571,37.870397,2.126495,8,1,11,0,43.009596
45480.000000,33.578295,-117.064386,429.932392,38.456337,2.122985,8,1,11,0,45.121342
45495.000000,33.578298,-117.064386,430.730650,37.933885,2.119476,8,1,11,0,44.454771
45510.000000,33.578294,-117.064387,429.030205,38.019778,2.115969,8,1,11,0,45.883994
45525.000000,33.578299,-117.064383,431.742519,37.457575,2.112464,8,1,11,0,43.692241
45540.000000,33.578295,-117.064383,430.482133,37.604066,2.108962,8,1,11,0,44.750278
45555.000000,33.578288,-117.064382,430.154379,38.166884,2.105463,8,1,11,0,44.989685
45570.000000,33.578288,-117.064378,429.534891,37.957715,2.101967,8,1,11,0,45.686208
45585.000000,33.578281,-117.064381,427.400594,38.290388,2.098474,8,1,11,0,47.400848
45600.000000,33.578288,-117.064378,430.775144,37.501843,2.094985,8,1,11,0,44.600782
45615.000000,33.578284,-117.064378,430.373748,37.721900,2.091500,8,1,11,0,44.886273
45630.000000,33.578281,-117.064377,429.051267,37.727916,2.088019,8,1,11,0,46.073268
45645.000000,33.578278,-117.064376,428.886834,37.727201,2.084543,8,1,11,0,46.237271
45660.000000,33.578277,-117.064377,429.736763,37.601827,2.081071,8,1,11,0,45.429328
45675.000000,33.578272,-117.064377,429.277175,38.032760,2.077604,8,1,11,0,45.823094
45690.000000,33.578272,-117.064375,428.769043,37.671946,2.074142,8,1,11,0,46.341147
45705.000000,33.578269,-117.064375,428.462769,38.296717,2.070686,8,1,11,0,46.610819
45720.000000,33.578270,-117.064375,427.712644,37.905064,2.067235,8,1,11,0,47.284353
45735.000000,33.578263,-117.064373,427.368682,38.351843,2.063790,8,1,11,0,47.603775
45750.000000,33.578268,-117.064372,429.061826,37.572917,2.060351,8,1,11,0,46.165999
45765.000000,33.578272,-117.064369,429.504677,36.943948,2.056918,8,1,11,0,45.959555
45780.000000,33.578261,-117.064374,427.064492,37.445504,2.053492,8,1,11,0,47.851242
45795.000000,33.578269,-117.064373,426.552452,36.633640,2.050072,8,1,11,0,48.384996
45810.000000,33.578260,-117.064377,426.112298,37.183689,2.046659,8,1,11,0,48.566995
45825.000000,33.578257,-117.064380,424.977882,37.076860,2.043254,8,1,11,0,49.478300
45840.000000,33.578258,-117.064376,425.543868,36.702231,2.039855,8,1,11,0,49.114730
45855.000000,33.578258,-117.064374,423.109274,36.588802,2.036464,8,1,11,0,51.419364
45870.000000,33.578260,-117.064370,424.197089,36.091086,2.033081,8,1,11,0,50.586325
45885.000000,33.578260,-117.064369,424.086192,36.489118,2.029706,8,1,11,0,50.724701
45900.000000,33.578254,-117.064373,422.756747,36.371626,2.026338,8,1,11,0,51.773683
45915.000000,33.578252,-117.064368,423.394633,36.496066,2.022979,8,1,11,0,51.380291
45930.000000,33.578256,-117.064367,423.441463,35.835000,2.019628,8,1,11,0,51.384120
45945.000000,33.578257,-117.064366,421.214650,35.579031,2.016287,8,1,11,0,53.440866
45960.000000,33.578245,-117.064371,420.805961,36.434428,2.012953,8,1,11,0,53.619949
45975.000000,33.578251,-117.064369,420.379832,35.872671,2.009629,8,1,11,0,54.084678
45990.000000,33.578248,-117.064365,422.415931,35.897307,2.006313,8,1,11,0,52.375973
46005.000000,33.578247,-117.064365,422.981346,35.912081,2.003007,8,1,11,0,51.867210
46020.000000,33.578241,-117.064366,422.742656,36.326947,1.999711,8,1,11,0,52.028163
46035.000000,33.578241,-117.064366,422.319829,36.105569,1.996424,8,1,11,0,52.412804
46050.000000,33.578230,-117.064369,421.018679,36.850409,1.993146,8,1,11,0,53.501799
46065.000000,33.578225,-117.064368,420.683748,37.046600,1.989879,8,1,11,0,53.885580
46080.000000,33.578230,-117.064364,423.058320,36.381050,1.986621,8,1,11,0,51.849216
46095.000000,33.578234,-117.064367,424.331593,35.743650,1.983374,8,1,11,0,50.575629
46110.000000,33.578220,-117.064364,421.812877,36.581433,1.980137,8,1,11,0,53.000963
46125.000000,33.578224,-117.064363,423.417661,35.909560,1.976911,8,1,11,0,51.569657
46140.000000,33.578229,-117.064359,425.119515,35.294143,1.973695,8,1,11,0,50.183961
46155.000000,33.578220,-117.064366,421.619774,35.892034,1.970490,8,1,11,0,53.122958
46170.000000,33.578213,-117.064370,421.282844,36.332405,1.967296,8,1,11,0,53.323600
46185.000000,33.578213,-117.064365,420.219791,36.166916,1.964113,8,1,11,0,54.485626
46200.000000,33.578206,-117.064369,418.894085,36.069492,1.960941,8,1,11,0,55.595417
46215.000000,33.578216,-117.064364,420.528785,35.446067,1.957780,8,1,11,0,54.197951
46230.000000,33.578210,-117.064363,420.202178,35.374559,1.954630,8,1,11,0,54.584954
46245.000000,33.578210,-117.064367,419.645143,35.475799,1.951492,8,1,11,0,54.947215
46260.000000,33.578206,-117.064367,418.649665,35.640596,1.948366,8,1,11,0,55.892581
46275.000000,33.578215,-117.064363,420.447227,34.938413,1.945251,8,1,11,0,54.342770
46290.000000,33.578211,-117.064368,418.294141,34.804766,1.942149,8,1,11,0,56.149485
46305.000000,33.578207,-117.064369,417.622395,34.786042,1.939058,8,1,11,0,56.752546
46320.000000,33.578215,-117.064364,418.389984,34.199511,1.935979,8,1,11,0,56.161371
46335.000000,33.578214,-117.064366,419.101266,34.099606,1.932913,8,1,11,0,55.466201
46350.000000,33.578206,-117.064366,418.073458,34.591733,1.929858,8,1,11,0,56.475202
46365.000000,33.578214,-117.064360,419.942388,33.788652,1.926816,8,1,11,0,54.912465
46380.000000,33.578215,-117.064360,419.058941,33.651233,1.923787,8,1,11,0,55.711118
46395.000000,33.578207,-117.064363,418.090445,34.178014,1.920770,8,1,10,0,56.548104
46410.000000,33.578205,-117.064362,417.285010,34.291280,1.917766,8,1,10,0,57.345469
46425.000000,33.578210,-117.064363,418.489675,33.899724,1.914774,8,1,10,0,56.151661
46440.000000,33.578194,-117.064366,416.423034,34.484149,1.911796,8,1,10,0,58.095429
46455.000000,33.578193,-117.064364,417.374249,34.064205,1.908830,8,1,10,0,57.287846
46470.000000,33.578205,-117.064363,419.189784,32.945188,1.905877,8,1,10,0,55.548259
46485.000000,33.578191,-117.064365,418.396111,33.859015,1.902937,8,1,10,0,56.327004
46500.000000,33.578644,-117.064191,521.402231,17.230040,2.698971,7,1,10,0,77.772809
46515.000000,33.578645,-117.064191,521.772508,17.518658,2.704055,7,1,10,0,78.082150
46530.000000,33.578642,-117.064189,522.587852,17.616092,2.709136,7,1,10,0,78.528644
46545.000000,33.578640,-117.064189,521.361435,17.919999,2.714212,7,1,10,0,77.569071
46560.000000,33.578641,-117.064189,522.628251,17.874277,2.719280,7,1,10,0,78.469301
46575.000000,33.578633,-117.064189,522.021339,18.086818,2.724339,7,1,10,0,77.618005
46590.000000,33.578636,-117.064191,521.191449,18.152378,2.729384,7,1,10,0,77.125156
46605.000000,33.578635,-117.064187,521.741215,18.511127,2.734415,7,1,10,0,77.583353
46620.000000,33.578632,-117.064190,521.055935,18.429087,2.739428,7,1,10,0,76.824358
46635.000000,33.578626,-117.064189,519.914027,18.728668,2.744420,7,1,11,0,75.776802
46650.000000,33.578625,-117.064186,519.927286,18.976586,2.749390,7,1,11,0,75.832323
46665.000000,33.578624,-117.064189,520.241915,18.934680,2.754334,7,1,11,0,75.830199
46680.000000,33.578621,-117.064192,520.173615,19.079573,2.759250,7,1,11,0,75.510958
46695.000000,33.578624,-117.064191,519.791184,19.129546,2.764136,7,1,11,0,75.451962
46710.000000,33.578618,-117.064197,517.456177,18.989937,2.768988,7,1,11,0,73.296434
46725.000000,33.578616,-117.064195,519.200323,19.375078,2.773802,7,1,11,0,74.383700
46740.000000,33.578613,-117.064198,518.816620,19.260933,2.778578,7,1,11,0,73.795864
46755.000000,33.578613,-117.064194,518.874759,19.622568,2.783312,7,1,11,0,74.003517
46770.000000,33.578612,-117.064196,519.463965,19.913763,2.788001,7,1,11,0,74.284490
46785.000000,33.578605,-117.064195,518.106792,19.974024,2.792642,7,1,11,0,72.977464
46800.000000,33.578608,-117.064197,518.726076,19.972605,2.797232,7,1,11,0,73.482599
46815.000000,33.578604,-117.064200,517.782003,19.985668,2.801768,7,1,11,0,72.458587
46830.000000,33.578600,-117.064195,517.817430,20.490306,2.806248,7,1,11,0,72.469823
46845.000000,33.578599,-117.064194,517.494240,20.597775,2.810668,7,1,11,0,72.250888
46860.000000,33.578591,-117.064197,514.893989,20.684014,2.815026,7,1,11,0,69.968639
46875.000000,33.578588,-117.064199,515.396608,21.013676,2.819318,7,1,11,0,70.005030
46890.000000,33.578589,-117.064199,516.864023,21.015329,2.823541,7,1,11,0,70.972420
46905.000000,33.578585,-117.064198,516.764079,21.135861,2.827693,7,1,11,0,70.784895
46920.000000,33.578584,-117.064199,515.674804,21.246300,2.831770,7,1,11,0,69.938211
46935.000000,33.578580,-117.064192,515.438791,21.628520,2.835771,7,1,11,0,69.883037
46950.000000,33.578572,-117.064193,515.936233,22.053597,2.839690,7,1,11,0,69.721276
46965.000000,33.578573,-117.064197,514.413606,21.761865,2.843527,7,1,11,0,68.566291
46980.000000,33.578569,-117.064197,514.240984,22.044455,2.847277,7,1,11,0,68.207746
46995.000000,33.578568,-117.064200,513.606525,22.029942,2.850939,7,1,11,0,67.597700
47010.000000,33.578566,-117.064199,513.979376,22.075378,2.854508,7,1,11,0,67.775102
47025.000000,33.578563,-117.064203,512.382446,22.121037,2.857983,7,1,11,0,66.345642
47040.000000,33.578556,-117.064203,511.700933,22.443987,2.861361,7,1,11,0,65.542087
47055.000000,33.578551,-117.064202,511.620697,22.610752,2.864638,7,1,11,0,65.255337
47070.000000,33.578547,-117.064203,509.921205,22.665785,2.867812,7,1,11,0,63.849253
47085.000000,33.578541,-117.064208,510.972624,22.769068,2.870881,7,1,11,0,63.918556
47100.000000,33.578536,-117.064207,510.114252,22.970432,2.873841,7,1,11,0,63.169261
47115.000000,33.578536,-117.064207,509.251835,22.995823,2.876691,7,1,11,0,62.572931
47130.000000,33.578535,-117.064205,509.872607,23.214365,2.879427,7,1,11,0,62.986115
47145.000000,33.578529,-117.064206,509.390167,23.354069,2.882048,7,1,11,0,62.347548
47160.000000,33.578529,-117.064206,509.673249,23.388482,2.884551,7,1,11,0,62.529329
47175.000000,33.578524,-117.064209,507.984618,23.343960,2.886934,7,1,11,0,60.982436
47190.000000,33.578522,-117.064208,508.374443,23.633991,2.889194,7,1,11,0,61.163981
47205.000000,33.578509,-117.064214,505.140871,23.685055,2.891330,7,1,11,0,58.161431
47220.000000,33.578510,-117.064212,506.884508,24.124620,2.893339,7,1,11,0,59.395281
47235.000000,33.578508,-117.064212,505.383074,24.060421,2.895219,7,1,11,0,58.301474
47250.000000,33.578504,-117.064214,504.693372,24.175260,2.896969,7,1,11,0,57.586532
47265.000000,33.578395,-117.064266,479.694612,21.924897,1.899803,8,1,11,0,36.514996
47280.000000,33.578397,-117.064265,480.099933,21.877342,1.900441,8,1,11,0,36.808298
47295.000000,33.578401,-117.064258,482.141383,22.043080,1.901081,8,1,11,0,38.179136
47310.000000,33.578408,-117.064257,483.605568,21.910268,1.901723,8,1,11,0,39.049756
47325.000000,33.578390,-117.064265,480.340889,22.157334,1.902367,8,1,11,0,36.551559
47340.000000,33.578392,-117.064265,481.963432,21.839179,1.903011,8,1,11,0,37.095320
47355.000000,33.578386,-117.064260,481.047782,22.064378,1.903657,8,1,11,0,36.865779
47370.000000,33.578387,-117.064264,481.665951,21.888021,1.904303,8,1,11,0,36.829473
47385.000000,33.578378,-117.064262,480.581793,22.205931,1.904948,8,1,11,0,36.228072
47400.000000,33.578390,-117.064257,484.419726,22.215826,1.905593,8,1,11,0,38.433933
47415.000000,33.578389,-117.064258,482.594633,22.158127,1.906238,8,1,11,0,37.678847
47430.000000,33.578387,-117.064259,483.236105,22.072695,1.906881,8,1,11,0,37.756877
47445.000000,33.578377,-117.064262,482.374515,22.190022,1.907523,8,1,11,0,36.738292
47460.000000,33.578371,-117.064264,480.549383,22.301332,1.908164,8,1,11,0,35.748134
47475.000000,33.578371,-117.064266,480.578843,22.315636,1.908801,8,1,11,0,35.594114
47490.000000,33.578372,-117.064259,481.783555,22.406588,1.909436,8,1,11,0,36.602623
47505.000000,33.578377,-117.064257,482.280236,22.301837,1.910068,8,1,11,0,37.166301
47520.000000,33.578375,-117.064257,483.471041,22.535156,1.910697,8,1,11,0,37.430584
47535.000000,33.578360,-117.064264,481.234057,22.756898,1.911322,8,1,11,0,35.489740
47550.000000,33.578355,-117.064272,479.699315,22.464506,1.911944,8,1,11,0,34.143678
47565.000000,33.578360,-117.064265,480.859503,22.590800,1.912560,8,1,11,0,35.351605
47580.000000,33.578363,-117.064260,482.589643,22.637869,1.913172,8,1,11,0,36.407389
47595.000000,33.578360,-117.064257,482.638562,22.855065,1.913778,8,1,11,0,36.544512
47610.000000,33.578358,-117.064257,482.297391,22.883205,1.914380,8,1,11,0,36.345148
47625.000000,33.578354,-117.064259,482.404333,23.009011,1.914975,8,1,11,0,36.079364
47640.000000,33.578341,-117.064267,478.915091,23.041876,1.915564,8,1,11,0,33.850722
47655.000000,33.578350,-117.064258,481.069136,22.950002,1.916147,8,1,11,0,35.530483
47670.000000,33.578352,-117.064256,482.038395,23.010192,1.916722,8,1,11,0,36.108895
47685.000000,33.578348,-117.064258,482.526079,23.030725,1.917291,8,1,11,0,35.935297
47700.000000,33.578349,-117.064259,483.112591,23.075633,1.917852,8,1,11,0,36.141657
47715.000000,33.578338,-117.064258,481.849748,23.210314,1.918405,8,1,11,0,35.394611
47730.000000,33.578339,-117.064258,482.713972,23.057010,1.918950,8,1,11,0,35.707346
47745.000000,33.578330,-117.064260,481.022817,23.203683,1.919487,8,1,11,0,34.714729
47760.000000,33.578330,-117.064258,481.781215,23.235163,1.920014,8,1,11,0,35.146655
47775.000000,33.578340,-117.064256,483.009493,23.086337,1.920533,8,1,11,0,35.993093
47790.000000,33.578331,-117.064256,482.775263,23.217235,1.921042,8,1,11,0,35.649141
47805.000000,33.578323,-117.064258,481.136591,23.255286,1.921542,8,1,11,0,34.724475
47820.000000,33.578323,-117.064255,480.947629,23.308695,1.922032,8,1,11,0,34.909321
47835.000000,33.578321,-117.064253,480.240886,23.589991,1.922512,8,1,11,0,34.760294
47850.000000,33.578326,-117.064252,482.142091,23.425310,1.922980,8,1,11,0,35.618245
47865.000000,33.578318,-117.064257,480.916216,23.319320,1.923439,8,1,11,0,34.613289
47880.000000,33.578311,-117.064252,480.498044,23.393623,1.923886,8,1,11,0,34.644917
47895.000000,33.578307,-117.064255,480.092854,23.262944,1.924322,8,1,11,0,34.244896
47910.000000,33.578309,-117.064252,480.957512,23.486315,1.924746,8,1,11,0,34.798468
47925.000000,33.578301,-117.064254,479.954449,23.440788,1.925159,8,1,11,0,34.149278
47940.000000,33.578302,-117.064253,480.887772,23.474984,1.925559,8,1,11,0,34.534926
47955.000000,33.578294,-117.064253,480.903046,23.651917,1.925948,8,1,11,0,34.395397
47970.000000,33.578295,-117.064249,482.065533,23.629321,1.926324,8,1,11,0,35.113470
47985.000000,33.578295,-117.064254,480.990400,23.641250,1.926687,8,1,11,0,34.322780
48000.000000,33.578281,-117.064255,479.609215,23.743613,1.927038,8,1,11,0,33.618649
48015.000000,33.578276,-117.064259,476.960374,23.448845,1.927375,8,1,11,0,32.525018
48030.000000,33.578279,-117.064258,478.627073,23.598959,1.927699,8,1,11,0,33.002269
48045.000000,33.578279,-117.064254,479.280814,23.716981,1.928010,8,1,11,0,33.548348
48060.000000,33.578271,-117.064258,478.889976,23.680074,1.928308,8,1,11,0,33.049382
48075.000000,33.578271,-117.064260,477.614695,23.617767,1.928591,8,1,11,0,32.528903
48090.000000,33.578272,-117.064250,479.012777,23.962351,1.928861,8,1,11,0,33.790603
48105.000000,33.578272,-117.064252,478.945829,23.877693,1.929117,8,1,11,0,33.530193
48120.000000,33.578258,-117.064261,477.106595,23.624528,1.929358,8,1,11,0,32.166759
48135.000000,33.578255,-117.064261,476.292040,23.752325,1.929586,8,1,11,0,32.046951
48150.000000,33.578250,-117.064262,475.627412,23.699788,1.929799,8,1,11,0,31.814335
48165.000000,33.578244,-117.064265,474.886496,23.604173,1.929998,8,1,11,0,31.415578
48180.000000,33.578256,-117.064256,478.438858,23.755787,1.930182,8,1,11,0,32.925116
48195.000000,33.578253,-117.064257,477.526301,23.874317,1.930351,8,1,11,0,32.639776
48210.000000,33.578246,-117.064258,477.511571,23.862468,1.930506,8,1,11,0,32.540064
48225.000000,33.578438,-117.064310,505.228492,25.929337,1.612367,9,1,11,0,49.234788
48240.000000,33.578437,-117.064317,504.298731,26.268871,1.613395,9,1,11,0,48.156441
48255.000000,33.578433,-117.064316,505.339231,26.497485,1.614433,9,1,11,0,48.774836
48270.000000,33.578434,-117.064310,506.508027,26.756142,1.615481,9,1,11,0,49.987000
48285.000000,33.578433,-117.064308,505.541382,26.615818,1.616538,9,1,11,0,49.312357
48300.000000,33.578432,-117.064306,506.103206,26.740205,1.617604,9,1,11,0,49.754922
48315.000000,33.578430,-117.064304,506.194820,26.648128,1.618680,9,1,11,0,49.870573
48330.000000,33.578427,-117.064309,505.454457,26.751741,1.619766,9,1,11,0,48.959496
48345.000000,33.578425,-117.064314,505.934416,26.718969,1.620861,9,1,11,0,48.969838
48360.000000,33.578422,-117.064316,505.356096,26.961321,1.621965,9,1,11,0,48.292747
48375.000000,33.578428,-117.064314,506.019876,26.950673,1.623078,9,1,11,0,49.131579
48390.000000,33.578425,-117.064317,506.562591,26.793599,1.624201,9,1,11,0,49.214253
48405.000000,33.578421,-117.064315,506.795290,27.225174,1.625333,9,1,11,0,49.373662
48420.000000,33.578422,-117.064314,506.696778,27.211966,1.626473,9,1,11,0,49.338615
48435.000000,33.578425,-117.064309,506.637131,27.410442,1.627623,9,1,11,0,49.686148
48450.000000,33.578423,-117.064312,506.333846,27.653253,1.628781,9,1,11,0,49.210633
48465.000000,33.578420,-117.064310,506.896845,27.378090,1.629949,9,1,11,0,49.632038
48480.000000,33.578412,-117.064308,505.740157,27.672221,1.631125,9,1,11,0,48.531261
48495.000000,33.578411,-117.064316,505.462150,27.920081,1.632310,9,1,11,0,47.875370
48510.000000,33.578411,-117.064316,505.252678,27.973410,1.633503,9,1,11,0,47.700201
48525.000000,33.578415,-117.064313,506.869332,28.231985,1.634705,9,1,11,0,49.202512
48540.000000,33.578416,-117.064305,508.329502,28.153195,1.635916,9,1,11,0,50.780306
48555.000000,33.578412,-117.064311,507.762960,28.274265,1.637135,9,1,11,0,49.902092
48570.000000,33.578406,-117.064312,508.179130,28.200018,1.638363,9,1,11,0,49.908133
48585.000000,33.578405,-117.064313,507.009097,28.118126,1.639598,9,1,11,0,48.884980
48600.000000,33.578408,-117.064319,506.794993,28.427035,1.640843,9,1,11,0,48.585944
48615.000000,33.578405,-117.064315,507.431341,28.465221,1.642095,9,1,11,0,49.166604
48630.000000,33.578404,-117.064319,506.777051,28.287514,1.643355,9,1,11,0,48.431239
48645.000000,33.578400,-117.064312,506.133908,28.111037,1.644624,9,1,11,0,48.111917
48660.000000,33.578392,-117.064308,505.405315,28.198853,1.645900,9,1,11,0,47.477575
48675.000000,33.578395,-117.064316,506.283838,28.557174,1.647184,9,1,11,0,47.788799
48690.000000,33.578388,-117.064316,505.927398,28.305565,1.648476,9,1,11,0,47.299967
48705.000000,33.578384,-117.064319,505.558982,28.238387,1.649776,9,1,11,0,46.686674
48720.000000,33.578394,-117.064314,506.882344,28.812087,1.651084,9,1,11,0,48.308979
48735.000000,33.578394,-117.064317,506.915589,28.877444,1.652399,9,1,11,0,48.229152
48750.000000,33.578392,-117.064320,506.198693,28.760809,1.653722,9,1,11,0,47.447076
48765.000000,33.578399,-117.064316,506.927155,29.565513,1.655052,9,1,11,0,48.467416
48780.000000,33.578391,-117.064320,506.530196,29.693446,1.656390,9,1,11,0,47.657780
48795.000000,33.578388,-117.064318,506.902759,29.675802,1.657735,9,1,11,0,47.936453
48810.000000,33.578387,-117.064318,507.519764,29.709959,1.659087,9,1,11,0,48.348406
48825.000000,33.578389,-117.064320,508.111154,29.783462,1.660446,9,1,11,0,48.804410
48840.000000,33.578386,-117.064319,507.445508,30.024690,1.661813,9,1,11,0,48.213986
48855.000000,33.578388,-117.064321,506.792155,30.171857,1.663186,9,1,11,0,47.663970
48870.000000,33.578382,-117.064317,507.319142,30.050696,1.664567,9,1,10,0,48.094598
48885.000000,33.578375,-117.064320,507.004778,29.989348,1.665954,9,1,10,0,47.429807
48900.000000,33.578376,-117.064320,506.293189,30.011561,1.667349,9,1,10,0,46.922411
48915.000000,33.578371,-117.064320,506.489308,29.982456,1.668750,9,1,10,0,46.917405
48930.000000,33.578374,-117.064319,506.602700,30.012341,1.670157,9,1,10,0,47.106762
48945.000000,33.578375,-117.064323,506.642855,30.086442,1.671571,9,1,10,0,47.004549
48960.000000,33.578373,-117.064324,507.033485,30.020988,1.672992,9,1,10,0,47.189968
48975.000000,33.578374,-117.064320,506.665941,30.491244,1.674419,9,1,10,0,47.125875
48990.000000,33.578375,-117.064322,506.253640,30.563340,1.675853,9,1,10,0,46.756149
49005.000000,33.578374,-117.064318,506.429499,30.867444,1.677292,9,1,10,0,47.039491
49020.000000,33.578367,-117.064321,506.735959,30.956730,1.678738,9,1,10,0,46.929746
49035.000000,33.578370,-117.064327,506.489190,31.144876,1.680190,9,1,10,0,46.506754
49050.000000,33.578364,-117.064328,507.014921,31.175374,1.681648,9,1,10,0,46.691042
49065.000000,33.578363,-117.064327,506.247683,31.441402,1.683112,9,1,10,0,46.110824
49080.000000,33.578362,-117.064326,506.841008,31.494641,1.684582,9,1,10,0,46.550178
49095.000000,33.578359,-117.064322,506.792119,31.385311,1.686058,9,1,10,0,46.631535
49110.000000,33.578359,-117.064323,506.611313,31.601674,1.687539,9,1,10,0,46.465111
49125.000000,33.578356,-117.064323,505.802313,31.731729,1.689026,9,1,10,0,45.717535
49140.000000,33.578362,-117.064323,506.296327,31.789245,1.690518,9,1,10,0,46.263056
49155.000000,33.578361,-117.064323,506.346867,31.703538,1.692016,9,1,10,0,46.301137
49170.000000,33.578350,-117.064323,506.273187,31.108460,1.693519,9,1,10,0,45.911398
49185.000000,33.578357,-117.064316,507.468084,31.927797,1.695027,9,1,10,0,47.419062
49200.000000,33.578350,-117.064325,506.633232,31.872532,1.696541,9,1,10,0,46.100522
49215.000000,33.578346,-117.064325,505.733583,31.684933,1.698059,9,1,10,0,45.300754
49230.000000,33.578346,-117.064329,506.437355,31.526256,1.699583,9,1,10,0,45.615007
49245.000000,33.578347,-117.064329,507.040542,31.908976,1.701111,9,1,10,0,46.171548
49260.000000,33.578345,-117.064328,506.246527,31.392259,1.702645,9,1,10,0,45.504430
49275.000000,33.578342,-117.064324,505.173302,31.885932,1.704183,9,1,10,0,44.755087
49290.000000,33.578347,-117.064326,505.357953,32.181594,1.705725,9,1,10,0,44.965678
49305.000000,33.578344,-117.064327,505.512956,32.148598,1.707273,9,1,10,0,44.932864
49320.000000,33.578331,-117.064328,505.344295,32.067198,1.708824,9,1,10,0,44.412455
49335.000000,33.578334,-117.064328,505.763772,32.305746,1.710380,9,1,10,0,44.840964
49350.000000,33.578332,-117.064326,505.121569,32.431720,1.711940,9,1,10,0,44.396068
49365.000000,33.578335,-117.064331,504.352609,32.302009,1.713505,9,1,10,0,43.577601
49380.000000,33.578330,-117.064325,505.400494,32.754456,1.715073,9,1,10,0,44.626188
49395.000000,33.578325,-117.064328,504.656257,32.202679,1.716646,9,1,10,0,43.744258
49410.000000,33.578329,-117.064328,504.777569,32.837710,1.718222,9,1,10,0,43.921091
49425.000000,33.578331,-117.064329,504.558371,33.011612,1.719802,9,1,10,0,43.731453
49440.000000,33.578327,-117.064327,504.203386,32.714943,1.721386,9,1,10,0,43.474850
49455.000000,33.578324,-117.064327,504.700922,32.915575,1.722973,9,1,10,0,43.805675
49470.000000,33.578323,-117.064322,503.965349,33.432589,1.724564,9,1,10,0,43.484886
49485.000000,33.578319,-117.064323,503.861011,33.464512,1.726158,9,1,10,0,43.256383
49500.000000,33.578317,-117.064324,503.552505,33.554034,1.727755,9,1,10,0,42.879315
49515.000000,33.578311,-117.064327,504.326287,33.272271,1.729356,9,1,10,0,43.222040
49530.000000,33.578312,-117.064329,504.710627,33.080383,1.730960,9,1,10,0,43.471814
49545.000000,33.578312,-117.064329,503.757454,33.436551,1.732566,9,1,10,0,42.694799
49560.000000,33.578311,-117.064329,504.407226,33.446547,1.734176,9,1,10,0,43.177499
49575.000000,33.578310,-117.064330,503.477460,33.728654,1.735788,9,1,10,0,42.355112
49590.000000,33.578311,-117.064332,503.359689,33.755412,1.737403,9,1,10,0,42.177945
49605.000000,33.578311,-117.064335,503.038588,33.844800,1.739021,9,1,10,0,41.750954
49620.000000,33.578306,-117.064335,503.173461,33.764214,1.740641,9,1,10,0,41.785834
49635.000000,33.578306,-117.064338,502.151262,33.781538,1.742263,9,1,10,0,40.831813
49650.000000,33.578306,-117.064333,502.333951,34.096021,1.743887,9,1,10,0,41.230095
49665.000000,33.578304,-117.064336,501.569087,34.207106,1.745514,9,1,10,0,40.406882
49680.000000,33.578302,-117.064337,501.539531,33.813630,1.747143,9,1,10,0,40.333273
49695.000000,33.578298,-117.064332,501.559311,34.006816,1.748773,9,1,10,0,40.543241
49710.000000,33.578303,-117.064338,500.466986,34.343342,1.750406,9,1,10,0,39.464667
49725.000000,33.578302,-117.064340,499.346624,34.294251,1.752040,9,1,10,0,38.431176
49740.000000,33.578295,-117.064342,498.305125,34.353784,1.753675,9,1,10,0,37.423486
49755.000000,33.578290,-117.064343,499.247512,34.495956,1.755312,9,1,10,0,38.006579
49770.000000,33.578296,-117.064344,500.114150,34.785301,1.756950,9,1,10,0,38.734638
49785.000000,33.578287,-117.064337,498.883963,35.374610,1.758590,9,1,10,0,37.998514
49800.000000,33.578283,-117.064339,498.582061,34.922014,1.760231,9,1,10,0,37.636769
49815.000000,33.578281,-117.064340,498.210350,34.787374,1.761872,9,1,10,0,37.239163
49830.000000,33.578283,-117.064344,498.651947,34.766336,1.763515,9,1,10,0,37.373602
49845.000000,33.578281,-117.064339,497.306806,34.748575,1.765158,9,1,10,0,36.649001
49860.000000,33.578279,-117.064342,497.767386,35.240771,1.766802,9,1,10,0,36.794209
49875.000000,33.578278,-117.064344,499.184475,34.629021,1.768446,9,1,10,0,37.720973
49890.000000,33.578280,-117.064347,499.706029,34.583849,1.770091,9,1,10,0,38.005504
49905.000000,33.578273,-117.064346,498.289010,34.730993,1.771736,9,1,10,0,36.894052
49920.000000,33.578272,-117.064345,497.159667,34.777383,1.773382,9,1,10,0,36.047291
49935.000000,33.578278,-117.064346,497.608873,35.151036,1.775027,9,1,10,0,36.416880
49950.000000,33.578275,-117.064351,497.596962,34.982345,1.776672,9,1,10,0,36.103648
49965.000000,33.578273,-117.064350,496.424364,35.324364,1.778317,9,1,10,0,35.210533
49980.000000,33.578275,-117.064345,497.405027,35.438582,1.779961,9,1,10,0,36.260951
49995.000000,33.578277,-117.064346,496.860534,35.680367,1.781605,9,1,10,0,35.820338
50010.000000,33.578270,-117.064349,496.718504,35.396772,1.783249,9,1,10,0,35.446491
50025.000000,33.578265,-117.064350,496.320935,35.404385,1.784891,9,1,10,0,35.066574
50040.000000,33.578268,-117.064355,496.175549,35.554518,1.786533,9,1,10,0,34.691759
50055.000000,33.578265,-117.064357,496.153062,35.327183,1.788174,9,1,10,0,34.494003
50070.000000,33.578266,-117.064357,496.376867,35.612745,1.789814,9,1,11,0,34.685763
50085.000000,33.578260,-117.064356,496.013188,35.606711,1.791452,9,1,11,0,34.422649
50100.000000,33.578259,-117.064350,494.811791,36.164601,1.793089,9,1,11,0,33.889684
50115.000000,33.578261,-117.064347,494.002387,36.128851,1.794725,9,1,11,0,33.561457
50130.000000,33.578259,-117.064348,493.839482,36.481492,1.796359,9,1,11,0,33.321423
50145.000000,33.578258,-117.064350,493.377617,36.627845,1.797991,9,1,11,0,32.860174
50160.000000,33.578257,-117.064347,493.480088,36.518256,1.799621,9,1,11,0,33.112582
50175.000000,33.578255,-117.064355,493.690826,36.356295,1.801249,9,1,11,0,32.774252
50190.000000,33.578247,-117.064351,492.739135,36.451659,1.802875,9,1,11,0,32.353673
50205.000000,33.578251,-117.064351,492.225984,36.657829,1.804498,9,1,11,0,31.983913
50220.000000,33.578254,-117.064357,491.708271,36.601086,1.806119,9,1,11,0,31.231266
50235.000000,33.578250,-117.064357,492.190487,36.677192,1.807738,9,1,11,0,31.572408
50250.000000,33.578247,-117.064358,491.587623,36.512042,1.809353,9,1,11,0,31.064039
50265.000000,33.578245,-117.064358,491.762269,36.406288,1.810966,9,1,11,0,31.139013
50280.000000,33.578246,-117.064359,491.264428,36.761558,1.812576,9,1,11,0,30.765325
50295.000000,33.578245,-117.064359,491.693664,36.377227,1.814182,9,1,11,0,31.044079
50310.000000,33.578246,-117.064353,490.570093,36.839662,1.815786,9,1,11,0,30.728833
50325.000000,33.578238,-117.064355,491.030935,36.601612,1.817385,9,1,11,0,30.902384
50340.000000,33.578235,-117.064355,490.707455,36.355414,1.818981,9,1,11,0,30.658092
50355.000000,33.578232,-117.064354,490.835982,36.481977,1.820574,9,1,11,0,30.800485
50370.000000,33.578232,-117.064355,490.167836,36.804471,1.822162,9,1,11,0,30.319459
50385.000000,33.578236,-117.064356,490.249841,36.773072,1.823747,9,1,11,0,30.264682
50400.000000,33.578232,-117.064357,489.394010,37.071092,1.825327,9,1,11,0,29.674086
50415.000000,33.578228,-117.064359,488.598230,36.875497,1.826903,9,1,11,0,29.025746
50430.000000,33.578228,-117.064362,488.952227,37.002583,1.828474,9,1,11,0,29.080003
50445.000000,33.578229,-117.064361,488.493839,37.118664,1.830041,9,1,11,0,28.843323
50460.000000,33.578229,-117.064362,487.657689,37.179896,1.831603,9,1,11,0,28.225348
50475.000000,33.578225,-117.064362,487.463439,37.137532,1.833160,9,1,11,0,28.141534
50490.000000,33.578227,-117.064363,488.063372,36.902630,1.834711,9,1,11,0,28.432629
50505.000000,33.578229,-117.064366,487.551512,37.126877,1.836258,9,1,11,0,27.863220
50520.000000,33.578228,-117.064369,485.473145,37.310364,1.837799,9,1,11,0,26.368007
50535.000000,33.578224,-117.064366,486.330219,37.376110,1.839335,9,1,11,0,27.176794
50550.000000,33.578218,-117.064370,486.113150,37.355377,1.840865,9,1,11,0,26.789569
50565.000000,33.578227,-117.064368,485.077430,37.409087,1.842389,9,1,11,0,26.255173
50580.000000,33.578227,-117.064369,484.512743,37.789726,1.843907,9,1,11,0,25.860891
50595.000000,33.578224,-117.064367,483.947433,37.651771,1.845419,9,1,11,0,25.685180
50610.000000,33.578228,-117.064369,482.197251,37.807779,1.846925,9,1,11,0,24.589224
50625.000000,33.578217,-117.064373,483.470690,37.454372,1.848424,9,1,11,0,25.099873
50640.000000,33.578214,-117.064374,484.004831,37.517427,1.849917,9,1,11,0,25.290696
50655.000000,33.578211,-117.064375,483.536344,37.682650,1.851402,9,1,11,0,25.041607
50670.000000,33.578216,-117.064373,481.181905,37.871735,1.852881,9,1,11,0,23.934797
50685.000000,33.578218,-117.064373,480.615904,38.028476,1.854353,9,1,11,0,23.648517
50700.000000,33.578210,-117.064375,481.817469,37.916410,1.855818,9,1,11,0,24.177258
50715.000000,33.578206,-117.064382,481.166179,37.706048,1.857275,9,1,11,0,23.401123
50730.000000,33.578208,-117.064379,480.653115,37.704341,1.858724,9,1,11,0,23.301519
50745.000000,33.578210,-117.064377,479.120190,38.282177,1.860166,9,1,11,0,22.820016
50760.000000,33.578212,-117.064382,479.926670,37.778489,1.861600,9,1,11,0,22.711476
50775.000000,33.578207,-117.064380,478.016853,37.884650,1.863026,9,1,11,0,22.201164
50790.000000,33.578202,-117.064381,479.030990,37.814067,1.864444,9,1,11,0,22.613507
50805.000000,33.578207,-117.064382,479.306217,37.710127,1.865853,9,1,11,0,22.530481
50820.000000,33.578207,-117.064387,479.215452,37.462662,1.867254,9,1,11,0,22.110810
50835.000000,33.578201,-117.064385,478.760315,37.465591,1.868647,9,1,11,0,22.190614
50850.000000,33.578282,-117.064455,507.428047,38.054546,2.071412,8,1,11,0,39.921449
50865.000000,33.578281,-117.064458,507.683708,37.966049,2.074023,8,1,11,0,40.061738
50880.000000,33.578278,-117.064461,507.248639,37.808800,2.076621,8,1,11,0,39.532002
50895.000000,33.578276,-117.064461,508.540374,37.932244,2.079206,8,1,11,0,40.716228
50910.000000,33.578277,-117.064461,507.306998,38.106890,2.081778,8,1,11,0,39.569360
50925.000000,33.578276,-117.064460,507.406356,38.365733,2.084336,8,1,11,0,39.683852
50940.000000,33.578278,-117.064456,504.505914,38.849389,2.086880,8,1,11,0,37.117509
50955.000000,33.578272,-117.064462,506.068823,38.412477,2.089409,8,1,11,0,38.317061
50970.000000,33.578269,-117.064466,505.556673,38.295275,2.091924,8,1,11,0,37.706971
50985.000000,33.578273,-117.064462,504.794413,38.619672,2.094423,8,1,11,0,37.152664
51000.000000,33.578266,-117.064463,505.389347,38.611064,2.096906,8,1,11,0,37.594088
51015.000000,33.578268,-117.064463,503.215780,38.543933,2.099373,8,1,11,0,35.576516
51030.000000,33.578267,-117.064458,501.621059,38.912204,2.101824,8,1,11,0,34.281706
51045.000000,33.578265,-117.064460,501.703037,38.910474,2.104257,8,1,11,0,34.251871
51060.000000,33.578261,-117.064462,502.409650,38.396812,2.106673,8,1,11,0,34.818966
51075.000000,33.578261,-117.064460,500.942561,38.438726,2.109072,8,1,11,0,33.517061
51090.000000,33.578261,-117.064462,500.423639,38.664998,2.111452,8,1,11,0,32.987654
51105.000000,33.578254,-117.064467,500.415063,38.609198,2.113813,8,1,11,0,32.765187
51120.000000,33.578257,-117.064465,500.293763,38.818588,2.116156,8,1,11,0,32.713194
51135.000000,33.578262,-117.064463,498.810821,38.910935,2.118478,8,1,11,0,31.473184
51150.000000,33.578261,-117.064463,498.700974,39.006258,2.120781,8,1,11,0,31.360372
51165.000000,33.578259,-117.064465,499.517994,39.084639,2.123064,8,1,11,0,32.018379
51180.000000,33.578260,-117.064462,497.031777,39.457484,2.125326,8,1,11,0,29.899633
51195.000000,33.578254,-117.064465,498.317207,39.338907,2.127567,8,1,11,0,30.884114
51210.000000,33.578252,-117.064465,497.948533,39.276058,2.129786,8,1,11,0,30.562202
51225.000000,33.578255,-117.064468,496.401023,39.258173,2.131984,8,1,11,0,29.059615
51240.000000,33.578250,-117.064472,497.563108,38.950628,2.134159,8,1,11,0,29.946731
51255.000000,33.578242,-117.064472,498.625577,38.620014,2.136311,8,1,11,0,30.900712
51270.000000,33.578253,-117.064466,494.600108,39.512966,2.138441,8,1,11,0,27.490140
51285.000000,33.578248,-117.064466,494.403116,39.464276,2.140547,8,1,11,0,27.281064
51300.000000,33.578249,-117.064465,494.460569,39.572211,2.142629,8,1,11,0,27.400142
51315.000000,33.578248,-117.064469,493.313428,39.740788,2.144686,8,1,11,0,26.222814
51330.000000,33.578244,-117.064472,493.284015,39.309680,2.146720,8,1,11,0,26.066015
51345.000000,33.578242,-117.064471,492.861575,39.560359,2.148728,8,1,11,0,25.706622
51360.000000,33.578252,-117.064467,488.468164,40.306842,2.150711,8,1,11,0,22.115587
51375.000000,33.578249,-117.064462,488.652216,40.046811,2.152668,8,1,11,0,22.527892
51390.000000,33.578244,-117.064469,490.474556,39.926224,2.154598,8,1,11,0,23.717312
51405.000000,33.578246,-117.064469,488.646597,40.242115,2.156503,8,1,11,0,22.145269
51420.000000,33.578241,-117.064476,489.556445,39.663197,2.158380,8,1,11,0,22.587614
51435.000000,33.578240,-117.064476,489.163452,39.945185,2.160231,8,1,11,0,22.273797
51450.000000,33.578239,-117.064471,488.030293,40.115972,2.162053,8,1,11,0,21.549952
51465.000000,33.578238,-117.064471,487.122012,40.164300,2.163848,8,1,11,0,20.793908
51480.000000,33.578242,-117.064474,484.982144,40.507542,2.165615,8,1,11,0,18.905283
51495.000000,33.578235,-117.064481,486.673745,39.982403,2.167353,8,1,11,0,19.939635
51510.000000,33.578236,-117.064477,485.910138,40.060978,2.169062,8,1,11,0,19.522756
51525.000000,33.578233,-117.064475,485.040915,40.270186,2.170742,8,1,11,0,18.934020
51540.000000,33.578236,-117.064475,483.615396,40.292081,2.172393,8,1,11,0,17.801830
51555.000000,33.578349,-117.064507,514.432283,39.456327,1.970759,9,1,11,0,46.686394
51570.000000,33.578346,-117.064504,516.005491,39.542512,1.973938,9,1,11,0,48.157894
51585.000000,33.578355,-117.064506,513.499508,39.929510,1.977104,9,1,11,0,46.008822
51600.000000,33.578352,-117.064507,513.159035,39.842005,1.980257,9,1,11,0,45.559117
51615.000000,33.578354,-117.064510,512.143149,39.709115,1.983395,9,1,11,0,44.613785
51630.000000,33.578353,-117.064512,511.708451,39.830078,1.986519,9,1,11,0,44.157415
51645.000000,33.578357,-117.064510,510.495712,40.487594,1.989627,9,1,11,0,43.151968
51660.000000,33.578349,-117.064517,511.301788,39.823484,1.992718,9,1,11,0,43.557850
51675.000000,33.578355,-117.064514,509.983835,40.080020,1.995793,9,1,11,0,42.547080
51690.000000,33.578355,-117.064518,510.020384,40.147508,1.998849,9,1,11,0,42.506768
51705.000000,33.578359,-117.064517,507.925985,40.393304,2.001888,9,1,11,0,40.711495
51720.000000,33.578354,-117.064519,509.232758,40.251997,2.004907,9,1,11,0,41.731381
51735.000000,33.578356,-117.064524,508.963680,40.462618,2.007906,9,1,11,0,41.459364
51750.000000,33.578357,-117.064523,507.403990,40.425554,2.010884,9,1,11,0,40.048338
51765.000000,33.578356,-117.064524,507.198562,40.525993,2.013841,9,1,11,0,39.827088
51780.000000,33.578363,-117.064524,506.786527,40.745090,2.016776,9,1,11,0,39.668389
51795.000000,33.578367,-117.064523,504.667615,41.133803,2.019688,9,1,11,0,37.906844
51810.000000,33.578361,-117.064524,504.462069,41.089805,2.022577,9,1,11,0,37.454592
51825.000000,33.578362,-117.064529,505.934119,40.919877,2.025440,9,1,11,0,38.784153
51840.000000,33.578353,-117.064528,503.593799,40.662703,2.028279,9,1,11,0,36.299074
51855.000000,33.578355,-117.064526,502.116571,40.830888,2.031092,9,1,11,0,35.048375
51870.000000,33.578362,-117.064529,501.441363,41.109350,2.033879,9,1,10,0,34.648667
51885.000000,33.578359,-117.064530,501.540321,41.193897,2.036637,9,1,10,0,34.619104
51900.000000,33.578357,-117.064536,501.410874,41.027422,2.039368,9,1,10,0,34.297614
51915.000000,33.578362,-117.064536,501.160576,41.225538,2.042070,9,1,10,0,34.307457
51930.000000,33.578358,-117.064539,502.087690,41.153257,2.044742,9,1,10,0,34.933741
51945.000000,33.578369,-117.064536,498.332306,41.555646,2.047384,9,1,10,0,32.057542
51960.000000,33.578364,-117.064543,499.213882,41.160250,2.049994,9,1,10,0,32.520324
51975.000000,33.578368,-117.064542,498.524258,41.662778,2.052572,9,1,10,0,32.108728
51990.000000,33.578366,-117.064543,498.483863,41.396322,2.055118,9,1,10,0,31.956691
52005.000000,33.578369,-117.064546,495.598650,41.652217,2.057630,9,1,10,0,29.523837
52020.000000,33.578368,-117.064547,495.964225,42.031281,2.060108,9,1,10,0,29.771783
52035.000000,33.578373,-117.064541,493.106924,41.846099,2.062551,9,1,10,0,27.716634
52050.000000,33.578370,-117.064546,493.413783,41.930925,2.064958,9,1,10,0,27.722406
52065.000000,33.578370,-117.064551,493.148107,41.703100,2.067328,9,1,9,0,27.382134
52080.000000,33.578374,-117.064548,492.916434,41.961204,2.069662,9,1,10,0,27.500360
52095.000000,33.578373,-117.064553,492.095146,42.047581,2.071957,9,1,10,0,26.663634
52110.000000,33.578378,-117.064556,490.201189,42.120281,2.074214,9,1,10,0,25.418379
52125.000000,33.578382,-117.064558,488.391576,42.153387,2.076431,9,1,10,0,24.280204
52140.000000,33.578380,-117.064560,487.611274,42.404681,2.078608,9,1,10,0,23.498082
52155.000000,33.578377,-117.064563,489.122500,42.115996,2.080744,9,1,10,0,24.422766
52170.000000,33.578379,-117.064563,487.215173,42.276688,2.082839,9,1,10,0,23.074909
52185.000000,33.578375,-117.064565,487.411450,41.958872,2.084891,9,1,10,0,22.889520
52200.000000,33.578385,-117.064563,484.291145,42.350248,2.086901,9,1,10,0,21.464613
52215.000000,33.578383,-117.064569,484.676514,42.652349,2.088867,9,1,10,0,21.494698
52230.000000,33.578385,-117.064566,482.470111,42.941847,2.090789,9,1,10,0,20.297485
52245.000000,33.578389,-117.064572,482.214794,43.067058,2.092665,9,1,10,0,20.365738
52260.000000,33.578400,-117.064572,477.718915,43.388624,2.094497,9,1,10,0,19.166975
52275.000000,33.578391,-117.064576,479.877549,43.196671,2.096281,9,1,10,0,19.248559
52290.000000,33.578393,-117.064578,479.303767,43.198933,2.098019,9,1,10,0,19.172219
52305.000000,33.578388,-117.064579,479.924419,43.021144,2.099710,9,1,10,0,19.009351
52320.000000,33.578403,-117.064582,475.854009,43.051468,2.101352,9,1,10,0,18.704316
52335.000000,33.578396,-117.064586,477.539303,43.140354,2.102946,9,1,10,0,18.628567
52350.000000,33.578398,-117.064584,476.021510,43.085292,2.104491,9,1,10,0,18.199279
52365.000000,33.578397,-117.064589,474.727125,42.895640,2.105986,9,1,10,0,17.724900
52380.000000,33.578395,-117.064591,474.417445,43.004150,2.107430,9,1,10,0,17.424653
52395.000000,33.578394,-117.064589,474.286671,42.639747,2.108824,9,1,10,0,17.299793
52410.000000,33.578406,-117.064587,469.771717,43.496461,2.110166,9,1,10,0,18.139320
52425.000000,33.578400,-117.064590,468.466293,43.135622,2.111456,9,1,10,0,17.537335
52440.000000,33.578395,-117.064592,470.400766,42.943520,2.112694,9,1,10,0,16.883380
52455.000000,33.578394,-117.064597,469.948478,43.360479,2.113879,9,1,10,0,16.755357
52470.000000,33.578397,-117.064599,469.741595,42.868948,2.115011,9,1,10,0,17.111850
52485.000000,33.578398,-117.064604,469.254540,43.027607,2.116090,9,1,10,0,17.225912
52500.000000,33.578395,-117.064604,468.511911,42.846682,2.117114,9,1,10,0,16.990041
52515.000000,33.578402,-117.064604,465.043677,43.241316,2.118083,9,1,11,0,18.389385
52530.000000,33.578405,-117.064605,465.014176,43.282538,2.118998,9,1,11,0,18.646044
52545.000000,33.578405,-117.064605,463.544780,42.968513,2.119858,9,1,10,0,19.078125
52560.000000,33.578403,-117.064607,464.473046,42.984813,2.120661,9,1,10,0,18.632191
52575.000000,33.578403,-117.064611,464.561217,42.986147,2.121409,9,1,10,0,18.625611
52590.000000,33.578406,-117.064607,463.007958,42.971992,2.122101,9,1,10,0,19.424071
52605.000000,33.578412,-117.064611,459.825739,43.436044,2.122737,9,1,10,0,21.429714
52620.000000,33.578416,-117.064614,457.571688,43.385460,2.123315,9,1,10,0,22.936220
52635.000000,33.578406,-117.064619,460.297148,43.196803,2.123837,9,1,10,0,20.586546
52650.000000,33.578412,-117.064619,458.301332,43.270047,2.124301,9,1,10,0,22.175644
52665.000000,33.578411,-117.064621,459.414567,43.095100,2.124708,9,1,10,0,21.560657
52680.000000,33.578417,-117.064622,454.905811,43.525326,2.125058,9,1,10,0,24.644095
52695.000000,33.578424,-117.064619,451.308223,43.470702,2.125350,9,1,10,0,27.564002
52710.000000,33.578428,-117.064623,449.505444,43.459458,2.125584,9,1,10,0,29.145854
52725.000000,33.578421,-117.064629,452.061908,43.323603,2.125760,9,1,10,0,26.850859
52740.000000,33.578408,-117.064636,456.275953,42.852673,2.125877,9,1,10,0,23.162114
52755.000000,33.578420,-117.064639,451.541787,43.466453,2.125938,9,1,10,0,27.207072
52770.000000,33.578421,-117.064639,450.949822,42.977001,2.125939,9,1,10,0,27.752985
52785.000000,33.578424,-117.064637,447.734426,42.996296,2.125883,9,1,10,0,30.251243
52800.000000,33.578426,-117.064643,446.743825,43.284752,2.125769,9,1,10,0,31.153242
52815.000000,33.578430,-117.064643,445.102088,43.368583,2.125596,9,1,10,0,32.702779
52830.000000,33.578430,-117.064644,443.617653,43.569157,2.125366,9,1,10,0,33.878385
52845.000000,33.578426,-117.064647,445.911949,43.126248,2.125077,9,1,10,0,31.845844
52860.000000,33.578422,-117.064649,446.829235,43.216720,2.124730,9,1,10,0,30.891992
52875.000000,33.578429,-117.064653,444.469298,43.177864,2.124326,9,1,10,0,33.237626
52890.000000,33.578435,-117.064650,440.473300,43.183621,2.123864,9,1,10,0,36.737873
52905.000000,33.578436,-117.064652,437.628682,42.949682,2.123345,9,1,10,0,39.202862
52920.000000,33.578435,-117.064651,438.346750,42.822067,2.122768,9,1,10,0,38.486528
52935.000000,33.578428,-117.064659,439.726216,42.705046,2.122134,9,1,10,0,37.059630
52950.000000,33.578435,-117.064654,437.511881,42.820886,2.121444,9,1,10,0,39.241941
52965.000000,33.578430,-117.064659,438.667042,42.754241,2.120696,9,1,10,0,38.061666
52980.000000,33.578428,-117.064662,439.756178,42.346021,2.119892,9,1,10,0,37.087459
52995.000000,33.578439,-117.064662,434.232691,42.878177,2.119033,9,1,10,0,42.295711
53010.000000,33.578454,-117.064662,429.455179,43.278474,2.118117,9,1,10,0,47.214767
53025.000000,33.578445,-117.064666,432.137429,43.380001,2.117146,9,1,10,0,44.465728
53040.000000,33.578433,-117.064673,435.200220,42.946565,2.116119,9,1,10,0,41.296283
53055.000000,33.578439,-117.064675,432.148465,43.004408,2.115039,9,1,10,0,44.257520
53070.000000,33.578286,-117.064723,494.169923,46.381440,3.088345,8,1,10,0,27.116490
53085.000000,33.578289,-117.064730,492.843463,46.039834,3.087863,8,1,10,0,26.320978
53100.000000,33.578304,-117.064724,487.407874,46.103896,3.087175,8,1,10,0,21.947037
53115.000000,33.578307,-117.064724,486.632676,45.803967,3.086279,8,1,10,0,21.410572
53130.000000,33.578305,-117.064726,484.370953,46.140321,3.085177,8,1,10,0,19.758550
53145.000000,33.578310,-117.064725,482.083430,45.259708,3.083869,8,1,10,0,18.346241
53160.000000,33.578313,-117.064729,480.010799,45.931596,3.082355,8,1,10,0,17.429921
53175.000000,33.578322,-117.064725,476.957483,45.761732,3.080638,8,1,10,0,16.141107
53190.000000,33.578324,-117.064725,474.468642,46.064312,3.078716,8,1,10,0,15.417003
53205.000000,33.578333,-117.064726,471.743824,45.920895,3.076592,8,1,10,0,15.489831
53220.000000,33.578333,-117.064732,470.491773,46.087115,3.074266,8,1,10,0,15.833721
53235.000000,33.578335,-117.064732,468.532660,46.245333,3.071740,8,1,10,0,16.129383
53250.000000,33.578339,-117.064732,466.051173,45.924958,3.069016,8,1,10,0,16.798496
53265.000000,33.578346,-117.064735,463.454991,45.981002,3.066096,8,1,10,0,18.265440
53280.000000,33.578349,-117.064736,462.227457,46.128906,3.062979,8,1,10,0,19.043500
53295.000000,33.578350,-117.064737,461.106060,46.163892,3.059670,8,1,10,0,19.584741
53310.000000,33.578359,-117.064733,459.067480,46.109812,3.056170,8,1,10,0,20.987312
53325.000000,33.578360,-117.064739,456.023812,46.274594,3.052482,8,1,10,0,23.096897
53340.000000,33.578367,-117.064737,453.570436,46.021640,3.048606,8,1,10,0,24.966021
53355.000000,33.578370,-117.064742,450.894232,46.300235,3.044547,8,1,10,0,27.257008
53370.000000,33.578374,-117.064740,449.541842,45.699425,3.040306,8,1,10,0,28.318220
53385.000000,33.578376,-117.064741,447.741326,45.771486,3.035886,8,1,10,0,29.850039
53400.000000,33.578385,-117.064739,445.683064,45.794151,3.031290,8,1,10,0,31.773024
53415.000000,33.578388,-117.064744,442.057398,45.706269,3.026521,8,1,10,0,34.994840
53430.000000,33.578393,-117.064741,440.539075,45.558788,3.021581,8,1,10,0,36.379194
53445.000000,33.578400,-117.064743,437.773061,45.808173,3.016474,8,1,10,0,39.049106
53460.000000,33.578398,-117.064744,436.375310,45.410229,3.011203,8,1,10,0,40.131667
53475.000000,33.578405,-117.064743,433.958978,45.425424,3.005771,8,1,10,0,42.453775
53490.000000,33.578410,-117.064743,431.895642,45.348988,3.000182,8,1,10,0,44.491123
53505.000000,33.578418,-117.064745,428.892248,45.305373,2.994438,8,1,10,0,47.463247
53520.000000,33.578416,-117.064746,429.075429,45.103987,2.988542,8,1,10,0,47.291907
53535.000000,33.578421,-117.064746,425.613298,45.077560,2.982500,8,1,10,0,50.488713
53550.000000,33.578423,-117.064744,425.057725,45.042610,2.976314,8,1,10,0,51.049148
53565.000000,33.578429,-117.064743,422.845296,45.080466,2.969987,8,1,10,0,53.239646
53580.000000,33.578433,-117.064747,421.458922,44.868490,2.963524,8,1,10,0,54.752172
53595.000000,33.578436,-117.064746,419.759634,45.095094,2.956928,8,1,10,0,56.322929
53610.000000,33.578436,-117.064746,418.983427,45.167846,2.950202,8,1,10,0,57.052258
53625.000000,33.578437,-117.064744,417.230646,45.014675,2.943351,8,1,10,0,58.622658
53640.000000,33.578440,-117.064746,415.252544,45.074217,2.936378,8,1,10,0,60.574918
53655.000000,33.578443,-117.064745,413.006833,44.908814,2.929287,8,1,10,0,62.716311
53670.000000,33.578446,-117.064748,412.519501,44.991633,2.922081,8,1,10,0,63.328815
53685.000000,33.578453,-117.064744,411.019327,44.388226,2.914765,8,1,10,0,64.882472
53700.000000,33.578455,-117.064749,407.670326,44.884053,2.907343,8,1,10,0,68.111006
53715.000000,33.578459,-117.064747,407.812484,44.456494,2.899817,8,1,10,0,68.093652
53730.000000,33.578465,-117.064749,404.430701,44.693706,2.892192,8,1,10,0,71.478732
53745.000000,33.578465,-117.064746,403.780394,44.123511,2.884472,8,1,10,0,72.012335
53760.000000,33.578463,-117.064748,403.120636,44.207195,2.876660,8,1,10,0,72.559917
53775.000000,33.578465,-117.064748,401.944988,44.118310,2.868760,8,1,10,0,73.750701
53790.000000,33.578472,-117.064748,398.330368,44.050734,2.860776,8,1,10,0,77.337942
53805.000000,33.578472,-117.064749,398.917349,43.834174,2.852712,8,1,10,0,76.791080
53820.000000,33.578474,-117.064753,396.049804,44.106754,2.844571,8,1,10,0,79.607622
53835.000000,33.578473,-117.064750,395.624127,43.722570,2.836357,8,1,10,0,79.907581
53850.000000,33.578479,-117.064754,394.620141,43.730672,2.828073,8,1,10,0,81.141653
53865.000000,33.578480,-117.064759,393.254280,43.757313,2.819723,8,1,10,0,82.541584
53880.000000,33.578481,-117.064751,393.701810,43.269130,2.811311,8,1,10,0,82.008922
53895.000000,33.578480,-117.064757,392.422115,43.528481,2.802841,8,1,10,0,83.259007
53910.000000,33.578481,-117.064753,391.191965,43.131006,2.794314,8,1,10,0,84.393391
53925.000000,33.578481,-117.064758,390.029203,43.393090,2.785736,8,1,10,0,85.565741
53940.000000,33.578488,-117.064750,388.766663,42.996468,2.777110,8,1,10,0,86.841318
53955.000000,33.578486,-117.064759,386.890373,43.219561,2.768438,8,1,10,0,88.677771
53970.000000,33.578489,-117.064753,387.178697,42.808077,2.759724,8,1,10,0,88.422250
53985.000000,33.578492,-117.064753,384.479685,42.905377,2.750971,8,1,10,0,91.066739
54000.000000,33.578492,-117.064758,383.209622,43.134238,2.742183,8,1,10,0,92.327820
54015.000000,33.578496,-117.064750,382.798008,42.442697,2.733362,8,1,10,0,92.731094
54030.000000,33.578493,-117.064755,381.084390,42.778760,2.724512,8,1,10,0,94.301982
54045.000000,33.578496,-117.064756,380.008000,42.663614,2.715635,8,1,10,0,95.442064
54060.000000,33.578497,-117.064753,379.295885,42.177819,2.706735,8,1,10,0,96.117605
54075.000000,33.578504,-117.064754,376.931675,42.672534,2.697814,8,1,10,0,98.583864
54090.000000,33.578504,-117.064754,376.545590,42.227530,2.688875,8,1,10,0,98.942084
54105.000000,33.578503,-117.064750,377.586901,42.169642,2.679920,8,1,10,0,97.866326
54120.000000,33.578503,-117.064752,377.444708,41.811876,2.670954,8,1,10,0,98.019145
54135.000000,33.578503,-117.064750,376.242652,41.731971,2.661977,8,1,10,0,99.136111
54150.000000,33.578510,-117.064747,376.297219,41.446386,2.652994,8,1,10,0,99.271791
54165.000000,33.578506,-117.064755,373.896036,41.828494,2.644006,8,1,10,0,101.525302
54180.000000,33.578512,-117.064751,373.457315,41.025724,2.635015,8,1,10,0,102.077583
54195.000000,33.578516,-117.064758,371.616806,41.178648,2.626024,8,1,10,0,104.026740
54210.000000,33.578513,-117.064759,370.515384,41.205618,2.617036,8,1,10,0,105.005525
54225.000000,33.578517,-117.064757,371.146940,40.621884,2.608052,8,1,10,0,104.505250
54240.000000,33.578510,-117.064760,369.606869,40.880462,2.599076,8,1,10,0,105.801518
54255.000000,33.578521,-117.064754,369.822164,40.280608,2.590108,8,1,10,0,105.859701
54270.000000,33.578515,-117.064761,367.456685,40.695217,2.581151,8,1,10,0,108.007157
54285.000000,33.578517,-117.064758,368.983916,40.170338,2.572207,8,1,10,0,106.572887
54300.000000,33.578519,-117.064757,366.879230,40.206583,2.563279,8,1,10,0,108.607159
54315.000000,33.578514,-117.064759,366.616275,40.140667,2.554366,8,1,10,0,108.734894
54330.000000,33.578523,-117.064752,368.002378,39.694912,2.545473,8,1,10,0,107.627913
54345.000000,33.578519,-117.064757,365.716138,39.917698,2.536600,8,1,10,0,109.721881
54360.000000,33.578525,-117.064754,365.428220,39.709457,2.527750,8,1,10,0,110.137911
54375.000000,33.578520,-117.064759,364.466902,39.967442,2.518923,8,1,10,0,110.979441
54390.000000,33.578525,-117.064755,363.356323,39.754483,2.510121,8,1,10,0,112.135694
54405.000000,33.578519,-117.064756,365.574484,39.571668,2.501347,8,1,10,0,109.832923
54420.000000,33.578518,-117.064753,363.939239,39.629722,2.492601,8,1,10,0,111.341598
54435.000000,33.578521,-117.064749,365.175946,39.124254,2.483884,8,1,10,0,110.204812
54450.000000,33.578518,-117.064750,365.443191,38.795417,2.475200,8,1,10,0,109.872884
54465.000000,33.578518,-117.064754,363.889963,38.884978,2.466547,8,1,10,0,111.385192
54480.000000,33.578522,-117.064749,364.168951,38.407960,2.457929,8,1,10,0,111.187278
54495.000000,33.578516,-117.064755,363.432174,38.668847,2.449346,8,1,10,0,111.779142
54510.000000,33.578518,-117.064750,363.753459,38.268408,2.440799,8,1,10,0,111.479493
54525.000000,33.578521,-117.064747,362.229612,38.293684,2.432290,8,1,10,0,112.993263
54540.000000,33.578523,-117.064751,360.547422,38.291131,2.423819,8,1,10,0,114.699151
54555.000000,33.578521,-117.064751,362.057685,38.146373,2.415388,8,1,10,0,113.220954
54570.000000,33.578523,-117.064751,359.995088,38.079056,2.406997,8,1,10,0,115.229645
54585.000000,33.578522,-117.064751,360.301295,38.107794,2.398648,8,1,10,0,114.901616
54600.000000,33.578519,-117.064755,360.384776,38.020470,2.390341,8,1,10,0,114.795350
54615.000000,33.578512,-117.064756,362.143496,37.977568,2.382078,8,1,10,0,112.902915
54630.000000,33.578253,-117.064496,451.790444,45.258403,1.872813,9,1,10,0,20.641327
54645.000000,33.578257,-117.064493,450.912333,45.146699,1.870781,9,1,10,0,21.602382
54660.000000,33.578249,-117.064489,450.513357,45.694314,1.868723,9,1,10,0,22.063169
54675.000000,33.578250,-117.064490,449.959765,45.185949,1.866637,9,1,10,0,22.533435
54690.000000,33.578261,-117.064481,448.696594,44.727434,1.864525,9,1,10,0,24.108832
54705.000000,33.578251,-117.064485,447.139317,45.274927,1.862387,9,1,10,0,25.277765
54720.000000,33.578256,-117.064483,446.699568,45.028735,1.860224,9,1,10,0,25.757159
54735.000000,33.578259,-117.064481,445.663712,45.203865,1.858036,9,1,10,0,26.799282
54750.000000,33.578259,-117.064481,444.741040,44.548806,1.855824,9,1,10,0,27.661211
54765.000000,33.578257,-117.064475,444.844943,44.724706,1.853588,9,1,10,0,27.779934
54780.000000,33.578261,-117.064472,443.561930,44.318530,1.851329,9,1,10,0,29.058009
54795.000000,33.578260,-117.064476,442.835636,44.100917,1.849046,9,1,10,0,29.584305
54810.000000,33.578266,-117.064471,441.511286,43.784797,1.846741,9,1,10,0,31.029734
54825.000000,33.578252,-117.064468,441.063657,45.000360,1.844414,9,1,10,0,31.474677
54840.000000,33.578259,-117.064465,442.745066,43.837467,1.842066,9,1,10,0,30.057519
54855.000000,33.578261,-117.064459,440.941022,44.193209,1.839696,9,1,10,0,31.945862
54870.000000,33.578252,-117.064460,439.656229,45.182651,1.837307,9,1,9,0,33.048281
54885.000000,33.578259,-117.064462,440.516601,44.033975,1.834897,9,1,9,0,32.198392
54900.000000,33.578253,-117.064460,438.585376,44.652215,1.832467,9,1,10,0,34.049997
54915.000000,33.578260,-117.064460,435.735606,44.175168,1.830019,9,1,10,0,36.723647
54930.000000,33.578265,-117.064460,435.875731,43.815690,1.827552,9,1,9,0,36.614044
54945.000000,33.578267,-117.064456,435.168955,43.973455,1.825067,9,1,9,0,37.420089
54960.000000,33.578260,-117.064463,433.789164,43.995773,1.822565,9,1,9,0,38.462530
54975.000000,33.578270,-117.064458,434.661583,43.232720,1.820045,9,1,9,0,37.868548
54990.000000,33.578256,-117.064459,432.498763,44.038553,1.817509,9,1,9,0,39.782484
55005.000000,33.578261,-117.064455,432.359839,43.503173,1.814957,9,1,10,0,40.042898
55020.000000,33.578273,-117.064447,433.646201,42.961345,1.812389,9,1,10,0,39.207803
55035.000000,33.578253,-117.064454,432.583146,43.917414,1.809807,9,1,10,0,39.851292
55050.000000,33.578256,-117.064446,432.034357,43.672232,1.807209,9,1,10,0,40.633111
55065.000000,33.578264,-117.064449,431.291072,43.383191,1.804598,9,1,10,0,41.252266
55080.000000,33.578256,-117.064449,432.177244,42.952174,1.801972,9,1,10,0,40.392383
55095.000000,33.578249,-117.064451,429.147791,43.847693,1.799334,9,1,10,0,43.165884
55110.000000,33.578270,-117.064439,429.619362,42.546111,1.796683,9,1,10,0,43.176300
55125.000000,33.578256,-117.064440,429.463105,43.144654,1.794020,9,1,10,0,43.228663
55140.000000,33.578256,-117.064435,427.220012,43.590325,1.791345,9,1,10,0,45.491319
55155.000000,33.578258,-117.064439,429.140138,42.684356,1.788659,9,1,10,0,43.551303
55170.000000,33.578257,-117.064442,427.052792,42.838472,1.785962,9,1,10,0,45.430967
55185.000000,33.578256,-117.064441,426.142027,42.236030,1.783255,9,1,10,0,46.326356
55200.000000,33.578256,-117.064438,427.732711,42.497581,1.780537,9,1,10,0,44.914803
55215.000000,33.578255,-117.064432,425.672694,42.636017,1.777811,9,1,10,0,47.041078
55230.000000,33.578250,-117.064435,424.545682,43.114803,1.775076,9,1,10,0,48.004906
55245.000000,33.578266,-117.064431,424.661145,41.736308,1.772331,9,1,10,0,48.074036
55260.000000,33.578259,-117.064424,424.726254,42.502441,1.769579,9,1,10,0,48.181796
55275.000000,33.578251,-117.064425,422.462485,42.978972,1.766820,9,1,10,0,50.263288
55290.000000,33.578256,-117.064424,421.167435,42.860603,1.764053,9,1,10,0,51.534050
55305.000000,33.578264,-117.064426,423.666162,41.885410,1.761279,9,1,10,0,49.155108
55320.000000,33.578256,-117.064430,421.804152,42.040941,1.758500,9,1,10,0,50.772989
55335.000000,33.578255,-117.064424,422.106767,41.880375,1.755714,9,1,10,0,50.635176
55350.000000,33.578254,-117.064416,422.456256,42.272532,1.752923,9,1,10,0,50.558879
55365.000000,33.578258,-117.064413,421.581866,41.926888,1.750127,9,1,10,0,51.503165
55380.000000,33.578252,-117.064417,420.012770,42.431384,1.747326,9,1,10,0,52.821289
55395.000000,33.578257,-117.064421,420.275756,41.985731,1.744521,9,1,10,0,52.464637
55410.000000,33.578252,-117.064408,420.301300,42.287580,1.741713,9,1,10,0,52.849971
55425.000000,33.578239,-117.064420,417.873231,42.782473,1.738901,9,1,10,0,54.769008
55440.000000,33.578261,-117.064410,419.357022,41.279362,1.736086,9,1,10,0,53.691137
55455.000000,33.578255,-117.064407,420.959209,41.827729,1.733268,9,1,10,0,52.267433
55470.000000,33.578256,-117.064404,419.268265,41.742795,1.730448,9,1,10,0,53.933193
55485.000000,33.578239,-117.064410,417.159982,42.338361,1.727626,9,1,10,0,55.731065
55500.000000,33.578254,-117.064405,418.135504,41.493720,1.724803,9,1,10,0,54.963031
55515.000000,33.578258,-117.064407,418.417318,40.780444,1.721979,9,1,10,0,54.651224
55530.000000,33.578240,-117.064400,417.270160,41.709378,1.719154,9,1,10,0,55.933469
55545.000000,33.578244,-117.064403,417.345079,41.251485,1.716329,9,1,10,0,55.756102
55560.000000,33.578252,-117.064404,419.051375,40.493409,1.713504,9,1,10,0,54.126820
55575.000000,33.578260,-117.064398,418.312702,40.436501,1.710679,9,1,10,0,55.052393
55590.000000,33.578252,-117.064404,416.779183,40.272880,1.707855,9,1,10,0,56.277847
55605.000000,33.578251,-117.064401,416.537663,40.249111,1.705032,9,1,10,0,56.611323
55620.000000,33.578250,-117.064400,415.815957,40.451077,1.702210,9,1,10,0,57.302402
55635.000000,33.578250,-117.064398,414.505697,40.463916,1.699390,9,1,10,0,58.606267
55650.000000,33.578254,-117.064392,413.936249,40.280937,1.696573,9,1,10,0,59.346969
55665.000000,33.578254,-117.064400,414.741226,39.833215,1.693757,9,1,10,0,58.331238
55680.000000,33.578256,-117.064399,412.700528,39.679108,1.690945,9,1,10,0,60.314711
55695.000000,33.578254,-117.064404,412.778015,39.694900,1.688135,9,1,11,0,60.083145
55710.000000,33.578247,-117.064398,412.169693,40.006388,1.685328,9,1,11,0,60.823795
55725.000000,33.578252,-117.064394,413.787378,39.344733,1.682526,9,1,11,0,59.411075
55740.000000,33.578252,-117.064391,414.153405,39.476511,1.679727,9,1,11,0,59.170623
55755.000000,33.578250,-117.064387,410.863454,39.709444,1.676932,9,1,11,0,62.392362
55770.000000,33.578245,-117.064386,413.834630,39.269620,1.674142,9,1,11,0,59.597686
55785.000000,33.578251,-117.064390,410.828765,39.359105,1.671357,9,1,11,0,62.327471
55800.000000,33.578253,-117.064390,412.245634,38.605793,1.668576,9,1,11,0,60.997756
55815.000000,33.578241,-117.064387,409.148135,39.534574,1.665802,9,1,11,0,64.014396
55830.000000,33.578240,-117.064389,410.942256,39.474493,1.663032,9,1,11,0,62.263710
55845.000000,33.578249,-117.064383,412.248169,38.725000,1.660269,9,1,11,0,61.204560
55860.000000,33.578237,-117.064386,411.589960,39.386403,1.657511,9,1,11,0,61.721770
55875.000000,33.578243,-117.064383,411.712194,39.030654,1.654760,9,1,11,0,61.704613
55890.000000,33.578246,-117.064380,412.544022,38.538997,1.652016,9,1,11,0,61.004508
55905.000000,33.578235,-117.064383,410.571161,39.227614,1.649279,9,1,11,0,62.788429
55920.000000,33.578232,-117.064385,411.971575,38.904667,1.646548,9,1,11,0,61.411982
55935.000000,33.578246,-117.064376,411.709782,38.166352,1.643825,9,1,11,0,61.929123
55950.000000,33.578234,-117.064386,412.450761,38.967054,1.641110,9,1,11,0,60.921415
55965.000000,33.578238,-117.064375,412.169480,38.432265,1.638402,9,1,11,0,61.500897
55980.000000,33.578235,-117.064374,412.133528,38.249710,1.635702,9,1,11,0,61.573705
55995.000000,33.578226,-117.064378,409.848760,38.635675,1.633011,9,1,11,0,63.642581
56010.000000,33.578236,-117.064376,411.641696,37.726836,1.630328,9,1,11,0,61.982256
56025.000000,33.578235,-117.064373,411.033835,37.935113,1.627653,9,1,11,0,62.658221
56040.000000,33.578230,-117.064379,409.889225,37.974755,1.624988,9,1,11,0,63.572257
56055.000000,33.578231,-117.064380,408.366564,37.622373,1.622331,9,1,11,0,64.964690
56070.000000,33.578228,-117.064377,406.733425,37.714204,1.619684,9,1,11,0,66.608448
56085.000000,33.578221,-117.064380,408.029226,37.868795,1.617046,9,1,11,0,65.330858
56100.000000,33.578234,-117.064375,407.780872,37.184623,1.614418,9,1,11,0,65.678751
56115.000000,33.578238,-117.064376,410.414012,36.572832,1.611799,9,1,11,0,63.148264
56130.000000,33.578242,-117.064364,409.221232,36.995401,1.609190,9,1,11,0,64.625109
56145.000000,33.578304,-117.064358,420.634791,39.938265,1.718597,8,1,11,0,54.662602
56160.000000,33.578305,-117.064359,420.266384,39.714350,1.716433,8,1,11,0,54.982277
56175.000000,33.578298,-117.064366,419.801183,39.501321,1.714272,8,1,11,0,55.069916
56190.000000,33.578300,-117.064362,419.510345,39.449141,1.712113,8,1,11,0,55.477633
56205.000000,33.578301,-117.064356,418.843112,39.545470,1.709957,8,1,11,0,56.326700
56220.000000,33.578297,-117.064358,418.816126,39.195034,1.707804,8,1,11,0,56.234403
56235.000000,33.578297,-117.064352,418.879192,39.352568,1.705653,8,1,11,0,56.423644
56250.000000,33.578298,-117.064353,416.821377,39.360112,1.703506,8,1,11,0,58.256640
56265.000000,33.578298,-117.064356,418.094483,38.715869,1.701362,8,1,11,0,56.961780
56280.000000,33.578301,-117.064349,417.270197,39.033507,1.699221,8,1,11,0,58.036062
56295.000000,33.578291,-117.064356,418.182312,38.787856,1.697084,8,1,11,0,56.822209
56310.000000,33.578287,-117.064356,417.256255,38.870843,1.694951,8,1,11,0,57.650978
56325.000000,33.578289,-117.064354,418.873455,38.609085,1.692821,8,1,11,0,56.265444
56340.000000,33.578285,-117.064354,418.554147,38.528923,1.690696,8,1,11,0,56.515394
56355.000000,33.578282,-117.064352,417.131848,38.822038,1.688574,8,1,11,0,57.831649
56370.000000,33.578284,-117.064351,416.911971,38.532881,1.686457,8,1,11,0,58.084091
56385.000000,33.578277,-117.064345,417.560466,38.920456,1.684344,8,1,11,0,57.676036
56400.000000,33.578279,-117.064342,417.589634,38.466834,1.682236,8,1,11,0,57.781052
56415.000000,33.578280,-117.064342,417.863573,38.316505,1.680132,8,1,11,0,57.546805
56430.000000,33.578269,-117.064340,417.197623,38.943243,1.678033,8,1,11,0,58.140691
56445.000000,33.578271,-117.064341,415.817616,38.922281,1.675940,8,1,11,0,59.372523
56460.000000,33.578285,-117.064337,418.344035,37.665342,1.673851,8,1,11,0,57.355159
56475.000000,33.578279,-117.064337,418.379328,37.710087,1.671767,8,1,11,0,57.248304
56490.000000,33.578255,-117.064343,414.846192,39.222011,1.669689,8,1,11,0,60.144229
56505.000000,33.578275,-117.064339,416.649807,37.919042,1.667616,8,1,11,0,58.707541
56520.000000,33.578278,-117.064337,417.024740,37.525291,1.665548,8,1,11,0,58.494907
56535.000000,33.578263,-117.064340,415.847805,37.897264,1.663487,8,1,11,0,59.357524
56550.000000,33.578271,-117.064337,415.796234,37.440716,1.661431,8,1,11,0,59.545803
56565.000000,33.578272,-117.064340,417.858217,36.931379,1.659381,8,1,11,0,57.555005
56580.000000,33.578269,-117.064341,417.467166,36.808034,1.657337,8,1,11,0,57.860705
56595.000000,33.578261,-117.064335,414.541422,37.585784,1.655299,8,1,11,0,60.706870
56610.000000,33.578280,-117.064329,416.359757,36.763955,1.653268,8,1,11,0,59.407078
56625.000000,33.578269,-117.064332,416.955331,37.004911,1.651243,8,1,11,0,58.672297
56640.000000,33.578249,-117.064341,413.408623,37.848721,1.649224,8,1,11,0,61.506430
56655.000000,33.578264,-117.064338,415.260267,36.722337,1.647212,8,1,11,0,59.963716
56670.000000,33.578267,-117.064339,416.020366,36.320552,1.645207,8,1,11,0,59.244623
56685.000000,33.578253,-117.064345,414.879400,36.828579,1.643209,8,1,11,0,60.013123
56700.000000,33.578244,-117.064342,412.041218,37.126771,1.641217,8,1,11,0,62.746248
56715.000000,33.578265,-117.064343,416.054543,35.688700,1.639233,8,1,11,0,59.059543
56730.000000,33.578261,-117.064338,417.085203,35.850711,1.637255,8,1,11,0,58.279240
56745.000000,33.578237,-117.064343,412.790680,37.158615,1.635286,8,1,11,0,61.996870
56760.000000,33.578246,-117.064331,411.965782,36.948989,1.633323,8,1,11,0,63.216955
56775.000000,33.578259,-117.064330,414.365867,35.705265,1.631368,8,1,11,0,61.046408
56790.000000,33.578250,-117.064332,415.507738,35.831172,1.629420,8,1,11,0,59.912753
56805.000000,33.578235,-117.064332,412.848607,36.357101,1.627480,8,1,11,0,62.342166
56820.000000,33.578249,-117.064321,412.234968,36.269170,1.625548,8,1,11,0,63.345916
56835.000000,33.578254,-117.064318,413.616773,35.900103,1.623624,8,1,11,0,62.192160
56850.000000,33.578239,-117.064326,415.340012,35.949731,1.621708,8,1,11,0,60.290561
56865.000000,33.578231,-117.064332,414.670238,35.873517,1.619799,8,1,11,0,60.699359
56880.000000,33.578246,-117.064312,412.256146,35.888107,1.617899,8,1,11,0,63.668732
56895.000000,33.578247,-117.064321,414.083873,35.067328,1.616007,8,1,11,0,61.652381
56910.000000,33.578224,-117.064330,413.450034,35.834835,1.614124,8,1,11,0,61.909291
56925.000000,33.578224,-117.064329,411.947194,36.109630,1.612249,8,1,11,0,63.338184
56940.000000,33.578239,-117.064323,411.443612,35.206665,1.610382,8,1,11,0,63.968593
56955.000000,33.578231,-117.064324,414.100937,35.125632,1.608524,8,1,11,0,61.528561
56970.000000,33.578219,-117.064324,411.388149,35.438184,1.606675,8,1,11,0,64.035595
56985.000000,33.578222,-117.064320,410.710917,35.459547,1.604834,8,1,11,0,64.790568
57000.000000,33.578233,-117.064314,412.768282,34.853832,1.603002,8,1,11,0,63.130786
57015.000000,33.578231,-117.064317,415.542318,34.339592,1.601179,8,1,11,0,60.489199
57030.000000,33.578228,-117.064322,415.160470,34.319745,1.599365,8,1,11,0,60.642132
57045.000000,33.578223,-117.064320,412.351358,34.821889,1.597560,8,1,11,0,63.291758
57060.000000,33.578784,-117.064157,497.799350,21.377611,2.418507,7,1,11,0,77.801617
57075.000000,33.578780,-117.064159,496.553533,21.743536,2.424004,7,1,11,0,76.930703
57090.000000,33.578776,-117.064154,494.303728,22.237015,2.429503,7,1,11,0,76.099670
57105.000000,33.578778,-117.064155,495.670597,22.029426,2.435000,7,1,11,0,76.701074
57120.000000,33.578776,-117.064154,495.475953,22.190102,2.440495,7,1,11,0,76.495760
57135.000000,33.578776,-117.064149,495.551909,22.494915,2.445985,7,1,11,0,76.781900
57150.000000,33.578777,-117.064149,494.607258,22.939199,2.451470,7,1,11,0,76.517621
57165.000000,33.578770,-117.064160,495.257488,22.531127,2.456946,7,1,11,0,75.535292
57180.000000,33.578766,-117.064151,494.093059,22.892686,2.462413,7,1,11,0,75.338457
57195.000000,33.578768,-117.064151,495.693148,22.925773,2.467868,7,1,11,0,76.035437
57210.000000,33.578765,-117.064155,494.090291,23.249823,2.473310,7,1,11,0,75.011990
57225.000000,33.578761,-117.064150,493.914164,23.444954,2.478737,7,1,11,0,74.873003
57240.000000,33.578730,-117.064228,524.605087,24.633120,2.899492,6,1,11,0,84.134605
57255.000000,33.578725,-117.064230,523.778446,24.660667,2.907571,6,1,11,0,83.203031
57270.000000,33.578723,-117.064230,524.482768,24.753868,2.915725,6,1,11,0,83.519289
57285.000000,33.578721,-117.064228,523.731240,25.224621,2.923955,6,1,11,0,82.949646
57300.000000,33.578728,-117.064229,524.941600,25.077366,2.932259,6,1,11,0,84.191256
57315.000000,33.578721,-117.064229,524.533524,25.166947,2.940636,6,1,11,0,83.432010
57330.000000,33.578718,-117.064232,523.289349,25.537829,2.949084,6,1,11,0,82.303914
57345.000000,33.578718,-117.064225,524.476391,25.296933,2.957601,6,1,11,0,83.345620
57360.000000,33.578715,-117.064226,524.483670,25.563114,2.966186,6,1,11,0,83.112070
57375.000000,33.578715,-117.064226,524.377058,25.779979,2.974837,6,1,11,0,82.996869
57390.000000,33.578705,-117.064227,523.753698,25.839301,2.983552,6,1,11,0,81.859883
57405.000000,33.578709,-117.064225,523.614757,25.991457,2.992329,6,1,11,0,82.089011
57420.000000,33.578486,-117.064306,477.944304,25.584063,2.089445,7,1,11,0,39.094790
57435.000000,33.578484,-117.064301,479.259152,25.690696,2.089865,7,1,11,0,39.600022
57450.000000,33.578477,-117.064302,476.433025,26.060428,2.090312,7,1,11,0,38.358117
57465.000000,33.578479,-117.064302,478.462038,25.606648,2.090785,7,1,11,0,38.953364
57480.000000,33.578483,-117.064296,479.811596,25.705803,2.091283,7,1,11,0,39.952996
57495.000000,33.578477,-117.064299,478.118456,25.964567,2.091807,7,1,11,0,38.900607
57510.000000,33.578477,-117.064299,479.741852,25.821734,2.092355,7,1,11,0,39.305373
57525.000000,33.578476,-117.064298,480.168581,25.663375,2.092927,7,1,11,0,39.392860
57540.000000,33.578479,-117.064293,480.932680,25.571953,2.093524,7,1,11,0,40.110359
57555.000000,33.578471,-117.064292,479.475776,25.768297,2.094145,7,1,11,0,39.203716
57570.000000,33.578473,-117.064290,479.878806,25.818462,2.094789,7,1,11,0,39.643849
57585.000000,33.578468,-117.064289,479.044860,26.210460,2.095457,7,1,11,0,39.127728
57600.000000,33.578461,-117.064291,477.424778,26.347098,2.096147,7,1,11,0,38.192728
57615.000000,33.578459,-117.064289,477.115914,26.348509,2.096859,7,1,11,0,38.112186
57630.000000,33.578458,-117.064285,476.253935,26.773385,2.097593,7,1,11,0,38.208366
57645.000000,33.578454,-117.064289,478.117603,26.429779,2.098349,7,1,11,0,37.984081
57660.000000,33.578465,-117.064281,478.282001,26.491888,2.099125,7,1,11,0,39.300131
57675.000000,33.578458,-117.064283,478.699128,26.125053,2.099923,7,1,11,0,38.776692
57690.000000,33.578467,-117.064282,480.628426,25.898747,2.100741,7,1,11,0,39.932004
57705.000000,33.578461,-117.064284,479.310977,26.117452,2.101579,7,1,11,0,39.063808
57720.000000,33.578453,-117.064287,476.921529,26.518191,2.102437,7,1,11,0,37.766263
57735.000000,33.578450,-117.064284,478.183801,26.318036,2.103314,7,1,11,0,38.056944
57750.000000,33.578436,-117.064287,474.736075,26.792539,2.104210,7,1,11,0,36.317544
57765.000000,33.578452,-117.064284,478.758842,26.158510,2.105124,7,1,11,0,38.336278
57780.000000,33.578443,-117.064282,477.256115,26.452118,2.106056,7,1,11,0,37.512056
57795.000000,33.578441,-117.064280,476.916542,26.501989,2.107006,7,1,11,0,37.497842
57810.000000,33.578437,-117.064280,475.350787,26.506681,2.107973,7,1,11,0,36.989536
57825.000000,33.578435,-117.064280,476.139793,26.768398,2.108957,7,1,11,0,37.025626
57840.000000,33.578445,-117.064275,477.719516,26.633614,2.109957,7,1,11,0,38.271906
57855.000000,33.578440,-117.064272,478.514764,26.420446,2.110973,7,1,11,0,38.413716
57870.000000,33.578435,-117.064272,475.535721,26.842441,2.112005,7,1,11,0,37.499973
57885.000000,33.578438,-117.064270,476.693078,26.689907,2.113051,7,1,11,0,37.994559
57900.000000,33.578433,-117.064274,475.559974,26.804535,2.114113,7,1,11,0,37.226986
57915.000000,33.578428,-117.064272,475.412690,27.148987,2.115188,7,1,11,0,37.064192
57930.000000,33.578426,-117.064268,476.459392,27.008094,2.116277,7,1,11,0,37.418762
57945.000000,33.578430,-117.064262,478.111040,26.997101,2.117380,7,1,11,0,38.380285
57960.000000,33.578434,-117.064258,478.320618,27.018825,2.118495,7,1,11,0,38.948076
57975.000000,33.578416,-117.064262,475.106693,27.102060,2.119624,7,1,11,0,37.042977
57990.000000,33.578415,-117.064258,475.558497,27.145507,2.120764,7,1,11,0,37.354402
58005.000000,33.578416,-117.064259,474.991401,27.224374,2.121915,7,1,11,0,37.281259
58020.000000,33.578400,-117.064263,472.939717,27.235108,2.123078,7,1,11,0,35.798473
58035.000000,33.578416,-117.064258,476.239909,26.853121,2.124251,7,1,10,0,37.503406
58050.000000,33.578418,-117.064257,476.433039,27.045580,2.125434,7,1,10,0,37.739074
58065.000000,33.578414,-117.064254,475.769733,26.984337,2.126627,7,1,10,0,37.607126
58080.000000,33.578415,-117.064254,475.048065,27.262695,2.127830,7,1,10,0,37.627634
58095.000000,33.578419,-117.064251,476.391114,27.054521,2.129041,7,1,10,0,38.271098
58110.000000,33.578405,-117.064255,472.740805,27.491337,2.130260,7,1,10,0,36.736056
58125.000000,33.578404,-117.064253,474.904603,27.174380,2.131487,7,1,10,0,37.054635
58140.000000,33.578399,-117.064249,474.039743,27.363155,2.132722,7,1,10,0,36.994227
58155.000000,33.578407,-117.064246,475.385586,27.407128,2.133963,7,1,10,0,37.881435
58170.000000,33.578399,-117.064247,474.232440,27.221958,2.135211,7,1,10,0,37.200975
58185.000000,33.578393,-117.064245,473.328078,27.451454,2.136464,7,1,10,0,36.993612
58200.000000,33.578388,-117.064247,472.684778,27.243459,2.137723,7,1,10,0,36.515409
58215.000000,33.578387,-117.064246,472.255781,27.471126,2.138987,7,1,10,0,36.487224
58230.000000,33.578382,-117.064246,473.125242,27.329063,2.140255,7,1,10,0,36.339744
58245.000000,33.578388,-117.064245,474.212444,27.404346,2.141527,7,1,10,0,36.813941
58260.000000,33.578378,-117.064247,473.188348,27.344291,2.142802,7,1,10,0,36.057249
58275.000000,33.578379,-117.064244,472.150956,27.039770,2.144080,7,1,10,0,36.244740
58290.000000,33.578384,-117.064239,473.977951,27.173373,2.145361,7,1,10,0,37.124238
58305.000000,33.578374,-117.064239,471.439155,27.529591,2.146644,7,1,10,0,36.486338
58320.000000,33.578374,-117.064234,471.586240,27.734514,2.147927,7,1,10,0,36.878375
58335.000000,33.578368,-117.064237,471.636833,27.391125,2.149212,7,1,10,0,36.412008
58350.000000,33.578363,-117.064234,470.019683,27.826131,2.150498,7,1,10,0,36.430931
58365.000000,33.578361,-117.064232,469.367549,27.763689,2.151783,7,1,10,0,36.479165
58380.000000,33.578358,-117.064232,469.036718,27.783885,2.153067,7,1,10,0,36.414711
58395.000000,33.578355,-117.064233,468.857653,27.524851,2.154350,7,1,10,0,36.215681
58410.000000,33.578353,-117.064236,469.665499,27.503248,2.155632,7,1,10,0,35.876647
58425.000000,33.578352,-117.064234,470.250678,27.266986,2.156911,7,1,10,0,36.023322
58440.000000,33.578349,-117.064228,467.918771,27.781510,2.158188,7,1,10,0,36.447834
58455.000000,33.578379,-117.064244,462.002560,24.329531,2.019759,8,1,10,0,37.118304
58470.000000,33.578378,-117.064241,460.079407,24.485674,2.021257,8,1,10,0,37.772335
58485.000000,33.578381,-117.064244,461.714711,24.654393,2.022737,8,1,9,0,37.245943
58500.000000,33.578369,-117.064244,461.067690,24.374686,2.024201,8,1,9,0,36.945132
58515.000000,33.578381,-117.064246,460.620078,24.606723,2.025646,8,1,9,0,37.393161
58530.000000,33.578376,-117.064242,460.534058,24.839075,2.027072,8,1,9,0,37.471320
58545.000000,33.578363,-117.064235,457.922907,24.786131,2.028481,8,1,9,0,38.317097
58560.000000,33.578364,-117.064232,459.483293,24.774360,2.029869,8,1,9,0,38.118898
58575.000000,33.578360,-117.064237,457.822224,24.787851,2.031238,8,1,9,0,38.102085
58590.000000,33.578370,-117.064239,458.710028,24.689422,2.032586,8,1,9,0,37.996560
58605.000000,33.578346,-117.064234,456.991420,24.443390,2.033914,8,1,9,0,38.069123
58620.000000,33.578354,-117.064236,457.091446,24.532646,2.035221,8,1,9,0,38.197006
58635.000000,33.578345,-117.064232,456.882889,24.662060,2.036506,8,1,9,0,38.281760
58650.000000,33.578357,-117.064232,458.937026,24.766411,2.037769,8,1,9,0,38.001660
58665.000000,33.578347,-117.064229,457.990281,24.618143,2.039009,8,1,9,0,38.155657
58680.000000,33.578350,-117.064227,454.881052,25.160659,2.040227,8,1,9,0,39.571850
58695.000000,33.578345,-117.064231,455.960526,24.575968,2.041421,8,1,9,0,38.658994
58710.000000,33.578344,-117.064231,453.928455,24.903094,2.042591,8,1,9,0,39.372505
58725.000000,33.578337,-117.064228,454.862998,24.644674,2.043737,8,1,9,0,39.115707
58740.000000,33.578342,-117.064224,454.393855,25.084426,2.044858,8,1,9,0,39.752616
58755.000000,33.578342,-117.064227,454.898155,24.991155,2.045954,8,1,9,0,39.291263
58770.000000,33.578330,-117.064225,454.363834,24.575915,2.047025,8,1,9,0,39.331180
58785.000000,33.578333,-117.064224,454.248148,24.627883,2.048069,8,1,9,0,39.526922
58800.000000,33.578331,-117.064226,454.410289,24.816810,2.049086,8,1,9,0,39.238696
58815.000000,33.578323,-117.064226,452.597892,24.979462,2.050077,8,1,9,0,39.774591
58830.000000,33.578331,-117.064227,453.030847,24.905567,2.051041,8,1,9,0,39.712047
58845.000000,33.578326,-117.064220,452.088190,24.987571,2.051976,8,1,9,0,40.573584
58860.000000,33.578320,-117.064219,451.742053,24.959569,2.052884,8,1,9,0,40.675308
58875.000000,33.578313,-117.064217,450.250306,24.777338,2.053763,8,1,9,0,41.378044
58890.000000,33.578308,-117.064217,448.819382,24.826550,2.054613,8,1,9,0,41.975664
58905.000000,33.578308,-117.064213,447.934082,25.012012,2.055433,8,1,9,0,42.725663
58920.000000,33.578308,-117.064212,447.915081,24.909403,2.056224,8,1,9,0,42.821038
58935.000000,33.578302,-117.064213,446.912418,24.929486,2.056984,8,1,9,0,43.187172
58950.000000,33.578301,-117.064214,446.190406,25.043260,2.057714,8,1,9,0,43.496596
58965.000000,33.578311,-117.064211,449.854545,24.851487,2.058413,8,1,9,0,41.981852
58980.000000,33.578293,-117.064207,449.170590,24.367692,2.059081,8,1,8,0,42.331449
58995.000000,33.578293,-117.064214,449.432568,24.309785,2.059717,8,1,8,0,41.629927
59010.000000,33.578292,-117.064208,446.615276,24.627179,2.060321,8,1,8,0,43.551648
59025.000000,33.578288,-117.064213,446.083311,24.672950,2.060893,8,1,8,0,43.390749
59040.000000,33.578289,-117.064214,444.783981,24.961443,2.061432,8,1,8,0,44.093551
59055.000000,33.578280,-117.064213,444.537858,24.724049,2.061938,8,1,8,0,44.179994
59070.000000,33.578280,-117.064207,444.063309,24.853927,2.062411,8,1,8,0,44.914162
59085.000000,33.578278,-117.064208,445.284086,24.711482,2.062849,8,1,8,0,44.086602
59100.000000,33.578277,-117.064204,444.248968,24.846489,2.063255,8,1,8,0,45.022176
59115.000000,33.578273,-117.064210,443.461215,25.003800,2.063626,8,1,8,0,45.004671
59130.000000,33.578277,-117.064211,444.087383,25.054731,2.063962,8,1,8,0,44.574179
59145.000000,33.578269,-117.064201,443.047311,24.798251,2.064264,8,1,8,0,45.843533
59160.000000,33.578262,-117.064199,440.915157,24.774789,2.064531,8,1,8,0,47.226562
59175.000000,33.578267,-117.064208,442.389564,24.827396,2.064762,8,1,8,0,45.714985
59190.000000,33.578264,-117.064200,440.384319,25.117988,2.064958,8,1,8,0,47.525442
59205.000000,33.578261,-117.064203,440.786936,24.838543,2.065118,8,1,8,0,47.032935
59220.000000,33.578252,-117.064199,438.763474,24.843172,2.065242,8,1,8,0,48.600252
59235.000000,33.578246,-117.064202,439.061340,24.432536,2.065330,8,1,8,0,48.199011
59250.000000,33.578247,-117.064198,438.561925,24.644380,2.065381,8,1,8,0,48.766162
59265.000000,33.578243,-117.064198,437.844173,24.642419,2.065396,8,1,8,0,49.230301
59280.000000,33.578238,-117.064197,437.675084,24.369574,2.065375,8,1,8,0,49.444283
59295.000000,33.578240,-117.064197,437.147483,24.478712,2.065316,8,1,8,0,49.774992
59310.000000,33.578234,-117.064194,436.284236,24.529627,2.065220,8,1,8,0,50.529964
59325.000000,33.578225,-117.064200,436.206311,24.287103,2.065087,8,1,8,0,50.218300
59340.000000,33.578225,-117.064194,436.328896,24.404313,2.064917,8,1,8,0,50.520694
59355.000000,33.578220,-117.064199,436.823097,24.087119,2.064709,8,1,8,0,49.872356
59370.000000,33.578215,-117.064195,435.176014,24.150692,2.064464,8,1,8,0,51.337545
59385.000000,33.578214,-117.064196,435.960292,23.915876,2.064181,8,1,8,0,50.756406
59400.000000,33.578212,-117.064196,434.634029,23.801510,2.063860,8,1,8,0,51.647976
59415.000000,33.578212,-117.064199,435.687115,23.726289,2.063502,8,1,8,0,50.702979
59430.000000,33.578213,-117.064191,433.372214,24.021941,2.063105,8,1,8,0,52.841859
59445.000000,33.578209,-117.064184,432.565933,24.163400,2.062671,8,1,8,0,53.864880
59460.000000,33.578212,-117.064190,433.923741,24.256339,2.062199,8,1,8,0,52.539815
59475.000000,33.578204,-117.064189,432.380274,23.955130,2.061689,8,1,8,0,53.713244
59490.000000,33.578200,-117.064185,431.478429,23.990898,2.061141,8,1,8,0,54.656633
59505.000000,33.578201,-117.064193,431.010528,24.207309,2.060555,8,1,8,0,54.474103
59520.000000,33.578194,-117.064185,430.215618,24.038473,2.059931,8,1,8,0,55.617774
59535.000000,33.578199,-117.064188,431.130196,24.057202,2.059270,8,1,8,0,54.734427
59550.000000,33.578200,-117.064184,430.148231,24.182659,2.058570,8,1,8,0,55.672560
59565.000000,33.578187,-117.064178,431.089412,23.698748,2.057833,8,1,8,0,55.532892
59580.000000,33.578185,-117.064185,431.334052,23.870577,2.057058,8,1,8,0,54.941214
59595.000000,33.578181,-117.064185,430.567292,23.906479,2.056245,8,1,8,0,55.512990
59610.000000,33.578184,-117.064188,429.777017,23.844012,2.055395,8,1,8,0,55.888437
59625.000000,33.578183,-117.064184,430.703473,23.667073,2.054507,8,1,8,0,55.495425
59640.000000,33.578183,-117.064187,429.959018,23.770548,2.053582,8,1,8,0,55.832379
59655.000000,33.578173,-117.064176,429.120958,23.622333,2.052620,8,1,8,0,57.285153
59670.000000,33.578174,-117.064183,427.251862,24.022763,2.051621,8,1,8,0,58.146236
59685.000000,33.578169,-117.064177,427.707199,23.601210,2.050585,8,1,8,0,58.263817
59700.000000,33.578171,-117.064183,426.093841,23.897798,2.049513,8,1,8,0,59.070151
59715.000000,33.578167,-117.064176,426.293741,23.723448,2.048404,8,1,8,0,59.416219
59730.000000,33.578163,-117.064176,427.104631,23.456515,2.047258,8,1,8,0,58.848721
59745.000000,33.578162,-117.064176,426.097520,23.687955,2.046077,8,1,8,0,59.605007
59760.000000,33.578148,-117.064170,423.282896,23.143429,2.044859,8,1,8,0,62.333538
59775.000000,33.578149,-117.064177,424.216806,23.439590,2.043606,8,1,8,0,61.200110
59790.000000,33.578144,-117.064173,424.617139,23.319983,2.042317,8,1,8,0,61.215695
59805.000000,33.578142,-117.064177,426.476984,23.021770,2.040993,8,1,8,0,59.650464
59820.000000,33.578139,-117.064173,424.447666,23.171933,2.039635,8,1,8,0,61.439632
59835.000000,33.578137,-117.064175,422.762329,23.091867,2.038242,8,1,8,0,62.657785
59850.000000,33.578135,-117.064184,420.064784,23.472916,2.036814,8,1,8,0,64.277005
59865.000000,33.578133,-117.064178,421.054100,23.223511,2.035352,8,1,8,0,63.842393
59880.000000,33.578129,-117.064171,421.480529,22.849052,2.033856,8,1,8,0,64.032031
59895.000000,33.578124,-117.064172,421.219364,22.852694,2.032327,8,1,8,0,64.260849
59910.000000,33.578123,-117.064175,419.619093,22.914587,2.030765,8,1,8,0,65.362763
59925.000000,33.578121,-117.064176,421.361965,22.522744,2.029170,8,1,8,0,64.025259
59940.000000,33.578115,-117.064179,422.980524,22.089104,2.027542,8,1,8,0,62.735348
59955.000000,33.578118,-117.064186,423.078268,22.416531,2.025882,8,1,8,0,62.192698
59970.000000,33.578121,-117.064183,420.745870,22.874065,2.024190,8,1,8,0,64.086404
59985.000000,33.578116,-117.064171,419.550521,22.539807,2.022467,8,1,8,0,65.775102
60000.000000,33.578117,-117.064167,417.357997,22.662316,2.020713,8,1,8,0,67.695718
60015.000000,33.578115,-117.064159,416.937156,22.544271,2.018928,8,1,8,0,68.507766
60030.000000,33.578112,-117.064168,417.027817,22.638941,2.017113,8,1,8,0,68.003877
60045.000000,33.578109,-117.064180,419.179994,22.369584,2.015267,8,1,8,0,65.737758
60060.000000,33.578107,-117.064180,418.668996,22.234381,2.013393,8,1,8,0,66.201696
60075.000000,33.578101,-117.064172,418.112584,22.194270,2.011489,8,1,8,0,67.229797
60090.000000,33.578097,-117.064175,416.515211,22.134257,2.009556,8,1,8,0,68.430312
60105.000000,33.578093,-117.064170,417.122900,21.762193,2.007595,8,1,8,0,68.320112
60120.000000,33.578086,-117.064169,415.427396,21.925121,2.005607,8,1,8,0,69.847148
60135.000000,33.578081,-117.064172,417.938687,21.391320,2.003590,8,1,8,0,67.916390
60150.000000,33.578086,-117.064173,416.933850,21.582771,2.001547,8,1,8,0,68.482686
60165.000000,33.578089,-117.064170,415.411706,21.735124,1.999477,8,1,8,0,69.733651
60180.000000,33.578084,-117.064166,413.059466,21.872431,1.997381,8,1,8,0,71.920874
60195.000000,33.578083,-117.064174,412.711724,21.762813,1.995259,8,1,8,0,71.827901
60210.000000,33.578081,-117.064181,415.862857,21.598163,1.993112,8,1,8,0,69.025235
60225.000000,33.578078,-117.064179,415.511199,21.270822,1.990940,8,1,8,0,69.501459
60240.000000,33.578079,-117.064179,413.067899,21.807558,1.988744,8,1,8,0,71.444870
60255.000000,33.578072,-117.064172,412.511008,21.436549,1.986524,8,1,8,0,72.399137
60270.000000,33.578072,-117.064173,413.381709,21.628060,1.984280,8,1,8,0,71.664863
60285.000000,33.578069,-117.064171,413.347263,21.458244,1.982014,8,1,8,0,71.904406
60300.000000,33.578064,-117.064175,413.770761,21.233174,1.979725,8,1,8,0,71.489065
60315.000000,33.578068,-117.064164,411.894158,21.296918,1.977414,8,1,8,0,73.406009
60330.000000,33.578064,-117.064160,410.616299,21.302073,1.975081,8,1,8,0,74.761516
60345.000000,33.578065,-117.064176,413.508643,21.409072,1.972727,8,1,8,0,71.598059
60360.000000,33.578055,-117.064172,414.273573,20.905218,1.970353,8,1,8,0,71.556304
60375.000000,33.578057,-117.064170,411.977060,21.051845,1.967959,8,1,8,0,73.399066
60390.000000,33.578056,-117.064171,412.043678,21.072211,1.965545,8,1,8,0,73.351520
60405.000000,33.578059,-117.064173,411.655853,20.912915,1.963111,8,1,8,0,73.450333
60420.000000,33.578055,-117.064175,411.949554,21.048995,1.960659,8,1,8,0,73.210237
60435.000000,33.578053,-117.064174,411.582044,20.964099,1.958189,8,1,8,0,73.636287
60450.000000,33.578053,-117.064171,410.571769,20.842687,1.955701,8,1,8,0,74.568546
60465.000000,33.578050,-117.064180,412.355795,20.659134,1.953196,8,1,8,0,72.800606
60480.000000,33.578043,-117.064181,410.822249,20.715582,1.950674,8,1,8,0,74.211995
60495.000000,33.578043,-117.064169,409.389142,20.376540,1.948135,8,1,8,0,75.949188
60510.000000,33.578042,-117.064176,409.508284,20.575671,1.945581,8,1,8,0,75.535782
60525.000000,33.578045,-117.064173,410.827584,20.812236,1.943011,8,1,8,0,74.565769
60540.000000,33.578036,-117.064168,408.522666,20.200990,1.940427,8,1,8,0,76.906288
60555.000000,33.578036,-117.064171,409.294240,20.159918,1.937828,8,1,8,0,76.166678
60570.000000,33.578034,-117.064174,409.858773,20.313550,1.935215,8,1,8,0,75.623137
60585.000000,33.578035,-117.064177,408.922103,20.514372,1.932589,8,1,8,0,76.188442
60600.000000,33.578035,-117.064167,409.261556,19.978986,1.929949,8,1,8,0,76.428668
60615.000000,33.578032,-117.064174,410.012192,20.146149,1.927297,8,1,8,0,75.552206
60630.000000,33.578032,-117.064167,407.894990,19.865099,1.924633,8,1,8,0,77.592333
60645.000000,33.578031,-117.064167,408.246017,19.782966,1.921957,8,1,8,0,77.332665
60660.000000,33.578029,-117.064171,409.474942,19.622163,1.919270,8,1,8,0,76.249989
60675.000000,33.578027,-117.064171,407.942866,19.977138,1.916572,8,1,8,0,77.542179
60690.000000,33.578026,-117.064173,406.629127,20.193414,1.913864,8,1,8,0,78.549975
60705.000000,33.578030,-117.064182,408.207191,20.444213,1.911145,8,1,8,0,76.684108
60720.000000,33.578025,-117.064172,408.009952,19.802071,1.908418,8,1,8,0,77.495937
60735.000000,33.578022,-117.064171,407.587607,19.597624,1.905681,8,1,8,0,78.012881
60750.000000,33.578020,-117.064174,409.705438,19.373376,1.902935,8,1,8,0,76.235716
60765.000000,33.578016,-117.064168,408.600610,18.971606,1.900182,8,1,8,0,77.521855
60780.000000,33.578018,-117.064169,407.126055,18.874732,1.897421,8,1,8,0,78.592685
60795.000000,33.578016,-117.064182,409.094474,19.369352,1.894652,8,1,8,0,76.447739
60810.000000,33.578016,-117.064177,408.487806,19.044600,1.891877,8,1,8,0,77.212001
60825.000000,33.578017,-117.064186,408.089500,19.307389,1.889095,8,1,8,0,77.058311
60840.000000,33.578012,-117.064183,408.160792,19.332625,1.886307,8,1,8,0,77.313334
60855.000000,33.577970,-117.064070,427.990277,16.492251,2.122442,7,1,8,0,71.368793
60870.000000,33.577968,-117.064070,428.596038,16.383285,2.120878,7,1,8,0,71.139180
60885.000000,33.577964,-117.064071,427.916681,16.286167,2.119312,7,1,8,0,71.679343
60900.000000,33.577962,-117.064069,426.016421,16.201446,2.117745,7,1,8,0,73.006312
60915.000000,33.577966,-117.064076,431.511941,16.190115,2.116176,7,1,8,0,69.219446
60930.000000,33.577961,-117.064075,429.990993,15.771139,2.114607,7,1,8,0,70.329015
60945.000000,33.577961,-117.064077,430.189392,15.779027,2.113038,7,1,8,0,70.155730
60960.000000,33.577961,-117.064071,428.849183,15.478611,2.111468,7,1,8,0,71.269151
60975.000000,33.577957,-117.064067,427.853376,15.430683,2.109899,7,1,8,0,72.290588
60990.000000,33.577957,-117.064071,429.839996,15.435052,2.108330,7,1,8,0,70.853178
61005.000000,33.577959,-117.064068,426.615002,15.262048,2.106762,7,1,8,0,72.855078
61020.000000,33.577953,-117.064072,427.628125,14.983861,2.105195,7,1,8,0,72.339229
61035.000000,33.577957,-117.064074,428.036797,15.198844,2.103629,7,1,8,0,71.761377
61050.000000,33.577957,-117.064062,422.098357,18.313990,3.084234,6,1,8,0,76.122688
61065.000000,33.577956,-117.064059,421.799171,18.142744,3.081007,6,1,8,0,76.534527
61080.000000,33.577957,-117.064059,421.632700,18.307830,3.077719,6,1,8,0,76.620731
61095.000000,33.577956,-117.064056,421.045879,18.067684,3.074372,6,1,8,0,77.142579
61110.000000,33.577957,-117.064054,420.595377,17.913233,3.070965,6,1,9,0,77.540287
61125.000000,33.577956,-117.064055,420.353808,17.589503,3.067500,6,1,9,0,77.688823
61140.000000,33.577956,-117.064056,418.666174,17.367740,3.063979,6,1,9,0,78.704479
61155.000000,33.577953,-117.064057,418.301708,17.274662,3.060402,6,1,9,0,79.042832
61170.000000,33.577956,-117.064059,419.213441,17.225927,3.056769,6,1,9,0,78.223247
61185.000000,33.577953,-117.064056,416.891507,16.823085,3.053083,6,1,10,0,79.978904
61200.000000,33.577953,-117.064055,417.267269,16.702478,3.049344,6,1,11,0,79.833347
61215.000000,33.577950,-117.064050,416.283480,16.726864,3.045553,6,1,11,0,80.926738
61230.000000,33.577952,-117.064056,416.698065,16.826531,3.041712,6,1,11,0,80.239504
61245.000000,33.577949,-117.064055,418.032596,16.370785,3.037820,6,1,11,0,79.513154
61260.000000,33.577949,-117.064049,416.701934,16.240069,3.033881,6,1,11,0,80.741645
61275.000000,33.577949,-117.064047,416.047199,16.602354,3.029893,6,1,11,0,81.293310
61290.000000,33.577944,-117.064052,417.871845,16.043947,3.025859,6,1,11,0,80.003561
61305.000000,33.577946,-117.064044,415.383563,16.171931,3.021779,6,1,11,0,82.028232
61320.000000,33.577949,-117.064043,415.541022,15.990607,3.017655,6,1,11,0,81.820826
61335.000000,33.577951,-117.064041,412.689792,15.989637,3.013488,6,1,11,0,83.820286
61350.000000,33.577947,-117.064045,412.399693,15.273649,3.009277,6,1,11,0,83.938716
61365.000000,33.577949,-117.064046,413.031136,15.092666,3.005026,6,1,11,0,83.391633
61380.000000,33.577946,-117.064045,411.589112,15.066130,3.000734,6,1,11,0,84.591905
61395.000000,33.577947,-117.064046,409.906507,14.963213,2.996402,6,1,11,0,85.639191
61410.000000,33.577946,-117.064044,412.109267,14.938275,2.992032,6,1,11,0,84.279801
61425.000000,33.577946,-117.064043,411.280516,14.656523,2.987625,6,1,11,0,84.880168
61440.000000,33.577945,-117.064036,410.073619,14.985403,2.983181,6,1,11,0,86.140514
61455.000000,33.577943,-117.064044,410.537137,14.943871,2.978702,6,1,11,0,85.448408
61470.000000,33.577945,-117.064043,409.602999,14.526026,2.974188,6,1,11,0,86.126979
61485.000000,33.577946,-117.064041,409.889917,14.487833,2.969641,6,1,11,0,85.959089
61500.000000,33.577947,-117.064041,408.621367,14.233713,2.965061,6,1,11,0,86.815734
61515.000000,33.577948,-117.064044,407.900750,14.254747,2.960450,6,1,11,0,87.103646
61530.000000,33.577946,-117.064042,408.046855,14.093915,2.955808,6,1,11,0,87.187090
61545.000000,33.577949,-117.064043,407.663588,14.099457,2.951137,6,1,11,0,87.293621
61560.000000,33.577947,-117.064041,406.989825,13.652124,2.946437,6,1,11,0,88.005678
61575.000000,33.577943,-117.064045,409.384987,13.493267,2.941708,6,1,11,0,86.204995
61590.000000,33.577946,-117.064040,407.246096,13.499640,2.936953,6,1,11,0,87.860548
61605.000000,33.577946,-117.064043,405.773105,13.429335,2.932173,6,1,11,0,88.797496
61620.000000,33.577943,-117.064040,406.797369,13.123418,2.927366,6,1,11,0,88.334916
61635.000000,33.577946,-117.064045,409.110586,12.855694,2.922536,6,1,11,0,86.278958
61650.000000,33.577950,-117.064043,405.775548,12.641092,2.917683,6,1,11,0,88.652223
61665.000000,33.577948,-117.064040,404.205265,12.599332,2.912807,6,1,11,0,90.026161
61680.000000,33.577952,-117.064035,403.934282,12.630891,2.907909,6,1,11,0,90.324993
61695.000000,33.577949,-117.064037,404.568313,12.463517,2.902990,6,1,11,0,89.848208
61710.000000,33.577946,-117.064038,404.273221,12.056669,2.898052,6,1,11,0,90.128205
61725.000000,33.577948,-117.064038,403.252710,11.978127,2.893095,6,1,11,0,90.800447
61740.000000,33.577944,-117.064044,405.140713,11.590787,2.888118,6,1,11,0,89.249700
61755.000000,33.577946,-117.064044,405.215708,11.622526,2.883125,6,1,11,0,89.136770
61770.000000,33.577948,-117.064042,404.384934,11.406424,2.878115,6,1,10,0,89.798063
61785.000000,33.577949,-117.064040,402.406904,11.301640,2.873089,6,1,11,0,91.308810
61800.000000,33.577950,-117.064039,402.295571,11.441315,2.868047,6,1,11,0,91.391988
61815.000000,33.577949,-117.064038,403.371368,11.250888,2.862991,6,1,11,0,90.718188
61830.000000,33.577948,-117.064046,402.841593,11.264675,2.857921,6,1,11,0,90.692463
61845.000000,33.577954,-117.064039,402.329535,11.187869,2.852838,6,1,10,0,91.227591
61860.000000,33.577946,-117.064039,402.521601,11.218208,2.847743,6,1,10,0,91.346100
61875.000000,33.577946,-117.064041,403.185251,10.867471,2.842637,6,1,11,0,90.776032
61890.000000,33.577952,-117.064041,401.113773,10.769536,2.837519,6,1,11,0,92.117309
61905.000000,33.577951,-117.064043,401.081911,10.537315,2.832391,6,1,11,0,92.050547
61920.000000,33.577953,-117.064034,398.942889,10.891634,2.827254,6,1,11,0,94.061124
61935.000000,33.577950,-117.064042,400.299110,10.144133,2.822108,6,1,11,0,92.738180
61950.000000,33.577951,-117.064040,398.997483,10.057270,2.816953,6,1,11,0,93.754474
61965.000000,33.577952,-117.064044,400.256245,9.935470,2.811790,6,1,11,0,92.606675
61980.000000,33.577952,-117.064044,400.222208,9.712301,2.806621,6,1,11,0,92.588950
61995.000000,33.577949,-117.064049,402.384061,9.407883,2.801445,6,1,11,0,90.844131
62010.000000,33.577951,-117.064049,399.660652,9.618171,2.796264,6,1,11,0,92.798338
62025.000000,33.577952,-117.064047,399.857097,9.706736,2.791077,6,1,11,0,92.714858
62040.000000,33.577951,-117.064049,399.235092,9.380461,2.785885,6,1,11,0,93.140778
62055.000000,33.577947,-117.064050,400.954548,9.136673,2.780689,6,1,11,0,91.901937
62070.000000,33.577951,-117.064050,401.104925,8.830967,2.775490,6,1,11,0,91.688440
62085.000000,33.577955,-117.064048,399.475070,9.081161,2.770287,6,1,11,0,92.846010
62100.000000,33.577951,-117.064051,401.661286,8.523842,2.765082,6,1,11,0,91.184770
62115.000000,33.577955,-117.064053,401.040727,8.823891,2.759875,6,1,11,0,91.393815
62130.000000,33.577955,-117.064053,402.007321,8.627493,2.754667,6,1,11,0,90.664677
62145.000000,33.577950,-117.064054,401.182824,8.163935,2.749458,6,1,11,0,91.447719
62160.000000,33.577953,-117.064052,399.945750,8.079998,2.744248,6,1,11,0,92.396725
62175.000000,33.577954,-117.064049,399.625427,8.073920,2.739038,6,1,11,0,92.719013
62190.000000,33.577957,-117.064051,397.498583,8.043219,2.733829,6,1,11,0,94.145795
62205.000000,33.577952,-117.064054,401.073152,7.495449,2.728619,6,1,11,0,91.439272
62220.000000,33.577957,-117.064050,397.995272,7.485274,2.723412,6,1,11,0,93.784662
62235.000000,33.577954,-117.064054,399.327363,7.032877,2.718207,6,1,11,0,92.689740
62250.000000,33.577960,-117.064056,398.827065,7.040303,2.713003,6,1,11,0,92.735214
62265.000000,33.577957,-117.064054,398.308601,6.970776,2.707802,6,1,11,0,93.334758
62280.000000,33.577960,-117.064060,398.861899,6.715031,2.702604,6,1,11,0,92.508120
62295.000000,33.577959,-117.064061,397.593515,6.787755,2.697410,6,1,11,0,93.484157
62310.000000,33.577958,-117.064061,397.689944,6.616203,2.692219,6,1,11,0,93.447726
62325.000000,33.577959,-117.064055,397.371464,6.884221,2.687033,6,1,11,0,93.957799
62340.000000,33.577958,-117.064060,398.176199,6.448607,2.681851,6,1,11,0,93.114335
62355.000000,33.577961,-117.064055,397.218138,6.512799,2.676674,6,1,11,0,94.008796
62370.000000,33.577963,-117.064056,397.999528,6.358967,2.671502,6,1,11,0,93.255742
62385.000000,33.577966,-117.064057,396.000513,6.651245,2.666336,6,1,11,0,94.663965
62400.000000,33.577965,-117.064056,395.585347,6.409106,2.661175,6,1,11,0,95.100451
62415.000000,33.577963,-117.064058,395.094954,6.063312,2.656021,6,1,11,0,95.418640
62430.000000,33.577967,-117.064059,395.834508,5.976626,2.650873,6,1,11,0,94.668519
62445.000000,33.577971,-117.064063,397.087386,5.514725,2.645733,6,1,11,0,93.347558
62460.000000,33.577967,-117.064066,398.089524,5.342188,2.640599,6,1,11,0,92.546599
62475.000000,33.577969,-117.064066,396.486168,5.760336,2.635473,6,1,11,0,93.734485
62490.000000,33.577964,-117.064062,397.309560,5.740047,2.630354,6,1,11,0,93.459886
62505.000000,33.577972,-117.064067,395.703439,5.610171,2.625244,6,1,11,0,94.224961
62520.000000,33.577969,-117.064072,398.130715,5.044746,2.620142,6,1,11,0,92.163417
62535.000000,33.577967,-117.064068,398.829295,4.846303,2.615048,6,1,11,0,91.906446
62550.000000,33.577972,-117.064072,398.084496,4.904461,2.609964,6,1,11,0,92.051450
62565.000000,33.577973,-117.064070,398.158910,4.798418,2.604888,6,1,11,0,92.071094
62580.000000,33.577973,-117.064069,396.961374,4.555937,2.599822,6,1,11,0,93.073380
62595.000000,33.577972,-117.064073,397.047225,4.377022,2.594766,6,1,11,0,92.828247
62610.000000,33.577970,-117.064072,397.664829,4.684687,2.589719,6,1,10,0,92.495697
62625.000000,33.577971,-117.064075,396.723568,4.519653,2.584682,6,1,10,0,93.042839
62640.000000,33.577980,-117.064075,395.847425,4.390116,2.579656,6,1,10,0,93.398158
62655.000000,33.577977,-117.064071,394.759048,4.372431,2.574640,6,1,10,0,94.605428
62670.000000,33.577975,-117.064079,396.222278,4.168418,2.569634,6,1,10,0,93.102429
62685.000000,33.578298,-117.064280,492.292128,46.862700,2.211336,7,1,10,0,37.519937
62700.000000,33.578305,-117.064284,492.979680,47.966935,2.211471,7,1,10,0,37.803055
62715.000000,33.578301,-117.064287,493.463872,47.585924,2.211567,7,1,10,0,37.790698
62730.000000,33.578306,-117.064282,490.612107,47.683788,2.211625,7,1,10,0,36.596002
62745.000000,33.578300,-117.064287,490.765492,47.587658,2.211644,7,1,10,0,36.169727
62760.000000,33.578310,-117.064286,489.825444,47.652626,2.211624,7,1,10,0,35.936047
62775.000000,33.578309,-117.064292,488.848683,47.763118,2.211566,7,1,10,0,34.917582
62790.000000,33.578307,-117.064294,490.338777,47.900858,2.211468,7,1,10,0,35.580758
62805.000000,33.578316,-117.064292,486.897827,48.078033,2.211331,7,1,10,0,34.095857
62820.000000,33.578309,-117.064298,490.056236,48.138577,2.211154,7,1,10,0,35.108352
62835.000000,33.578316,-117.064298,487.959147,48.541013,2.210938,7,1,10,0,34.196411
62850.000000,33.578315,-117.064301,488.881458,48.593702,2.210683,7,1,10,0,34.371434
62865.000000,33.578320,-117.064302,486.463879,48.916805,2.210388,7,1,10,0,33.190979
62880.000000,33.578318,-117.064306,487.385799,49.289855,2.210054,7,1,10,0,33.267468
62895.000000,33.578331,-117.064304,482.898651,49.288485,2.209680,7,1,10,0,31.754161
62910.000000,33.578319,-117.064311,484.672505,49.127418,2.209267,7,1,10,0,31.583438
62925.000000,33.578330,-117.064307,481.545863,49.774157,2.208814,7,1,10,0,30.965291
62940.000000,33.578325,-117.064306,483.066536,49.277735,2.208320,7,1,10,0,31.489092
62955.000000,33.578326,-117.064305,481.632963,49.561037,2.207788,7,1,10,0,31.051255
62970.000000,33.578316,-117.064310,482.076713,48.580905,2.207216,7,1,10,0,30.482947
62985.000000,33.578326,-117.064313,480.480421,49.262987,2.206604,7,1,10,0,29.995899
63000.000000,33.578330,-117.064315,478.720723,48.858139,2.205953,7,1,10,0,29.335591
63015.000000,33.578338,-117.064316,476.568335,49.286108,2.205262,7,1,10,0,29.031551
63030.000000,33.578339,-117.064318,475.529965,49.043135,2.204532,7,1,10,0,28.757927
63045.000000,33.578334,-117.064319,476.708415,49.331383,2.203763,7,1,10,0,28.626877
63060.000000,33.578331,-117.064319,476.078758,49.055207,2.202954,7,1,10,0,28.424522
63075.000000,33.578337,-117.064322,473.266881,49.029654,2.202107,7,1,10,0,27.895815
63090.000000,33.578331,-117.064321,473.529329,49.242786,2.201220,7,1,10,0,27.801180
63105.000000,33.578338,-117.064323,472.345907,49.115486,2.200295,7,1,10,0,27.803042
63120.000000,33.578336,-117.064324,470.652321,48.865613,2.199331,7,1,10,0,27.593671
63135.000000,33.578344,-117.064325,470.647165,49.565121,2.198329,7,1,10,0,27.799994
63150.000000,33.578332,-117.064325,471.866010,48.928238,2.197288,7,1,10,0,27.341093
63165.000000,33.578344,-117.064327,467.999237,48.969633,2.196209,7,1,10,0,27.659902
63180.000000,33.578350,-117.064335,468.478194,49.815825,2.195093,7,1,10,0,27.282924
63195.000000,33.578352,-117.064333,466.183118,49.286323,2.193938,7,1,10,0,27.751332
63210.000000,33.578347,-117.064338,466.955741,49.422807,2.192746,7,1,10,0,27.052448
63225.000000,33.578360,-117.064337,463.629105,49.825343,2.191517,7,1,10,0,28.318561
63240.000000,33.578335,-117.064271,478.308622,42.977624,1.729538,8,1,10,0,33.200666
63255.000000,33.578344,-117.064295,471.142721,42.640318,1.728692,8,1,10,0,30.408357
63270.000000,33.578330,-117.064264,478.855745,42.994281,1.727833,8,1,10,0,33.753574
63285.000000,33.578335,-117.064255,480.253544,43.713429,1.726963,8,1,10,0,34.990351
63300.000000,33.578343,-117.064283,475.701410,43.436444,1.726081,8,1,10,0,31.891582
63315.000000,33.578342,-117.064264,476.905655,43.786044,1.725188,8,1,10,0,33.712275
63330.000000,33.578350,-117.064295,470.826416,43.471388,1.724283,8,1,10,0,30.599768
63345.000000,33.578347,-117.064286,473.141531,43.641871,1.723367,8,1,10,0,31.453193
63360.000000,33.578341,-117.064284,474.020862,43.807512,1.722439,8,1,10,0,31.488178
63375.000000,33.578349,-117.064294,470.905453,44.352947,1.721500,8,1,10,0,30.679694
63390.000000,33.578341,-117.064301,472.227090,43.601861,1.720549,8,1,10,0,29.778784
63405.000000,33.578341,-117.064270,475.667504,44.156472,1.719587,8,1,10,0,32.945971
63420.000000,33.578341,-117.064276,474.571271,44.161858,1.718614,8,1,10,0,32.251819
63435.000000,33.578345,-117.064275,471.448013,44.323881,1.717630,8,1,10,0,32.189655
63450.000000,33.578353,-117.064272,469.799970,44.552937,1.716634,8,1,10,0,32.761579
63465.000000,33.578346,-117.064263,471.776735,44.215945,1.715628,8,1,10,0,33.272119
63480.000000,33.578351,-117.064308,465.340558,44.133194,1.714611,8,1,10,0,29.896212
63495.000000,33.578350,-117.064317,464.584079,44.053018,1.713583,8,1,10,0,29.249921
63510.000000,33.578345,-117.064281,470.070471,44.116017,1.712544,8,1,10,0,31.594989
63525.000000,33.578347,-117.064284,468.302550,44.625696,1.711495,8,1,10,0,31.464098
63540.000000,33.578352,-117.064303,465.952491,44.341107,1.710435,8,1,11,0,30.269733
63555.000000,33.578352,-117.064276,469.022497,44.621242,1.709365,8,1,10,0,32.389736
63570.000000,33.578350,-117.064270,470.199332,44.748384,1.708284,8,1,11,0,32.759147
63585.000000,33.578362,-117.064297,463.783913,44.199701,1.707193,8,1,11,0,31.619637
63600.000000,33.578365,-117.064296,463.052330,44.608227,1.706092,8,1,11,0,31.956938
63615.000000,33.578357,-117.064280,465.906027,44.072412,1.704980,8,1,11,0,32.493526
63630.000000,33.578350,-117.064271,467.693138,44.071031,1.703859,8,1,11,0,32.768902
63645.000000,33.578362,-117.064295,462.179806,43.948324,1.702728,8,1,10,0,32.142408
63660.000000,33.578368,-117.064286,461.748194,44.444172,1.701586,8,1,11,0,33.228339
63675.000000,33.578361,-117.064271,463.680234,44.546590,1.700435,8,1,11,0,33.722441
63690.000000,33.578362,-117.064282,461.823365,43.962103,1.699275,8,1,11,0,33.326317
63705.000000,33.578360,-117.064280,461.555483,43.989897,1.698105,8,1,11,0,33.394601
63720.000000,33.578367,-117.064285,459.066778,43.908711,1.696925,8,1,11,0,34.036214
63735.000000,33.578361,-117.064275,461.766660,44.039930,1.695736,8,1,11,0,33.830313
63750.000000,33.578368,-117.064282,459.389715,44.073486,1.694538,8,1,11,0,34.249949
63765.000000,33.578361,-117.064284,460.581426,43.965114,1.693331,8,1,11,0,33.379649
63780.000000,33.578358,-117.064296,459.331610,43.514330,1.692115,8,1,11,0,32.733185
63795.000000,33.578363,-117.064276,459.409023,44.538923,1.690890,8,1,11,0,34.475057
63810.000000,33.578366,-117.064275,460.627971,44.968643,1.689656,8,1,11,0,34.311367
63825.000000,33.578361,-117.064272,461.138536,44.746044,1.688413,8,1,11,0,34.253673
63840.000000,33.578364,-117.064300,457.150023,44.708503,1.687163,8,1,11,0,33.434566
63855.000000,33.578369,-117.064300,455.711440,44.525201,1.685903,8,1,11,0,34.263233
63870.000000,33.578371,-117.064283,456.504322,44.791489,1.684636,8,1,11,0,35.308011
63885.000000,33.578373,-117.064284,454.665061,44.863231,1.683360,8,1,11,0,36.030172
63900.000000,33.578367,-117.064286,456.188800,44.892212,1.682076,8,1,11,0,35.055714
63915.000000,33.578367,-117.064289,454.144092,45.020752,1.680784,8,1,10,0,35.623249
63930.000000,33.578376,-117.064295,451.865548,45.062910,1.679484,8,1,11,0,36.707159
63945.000000,33.578364,-117.064278,458.074405,44.877107,1.678176,8,1,11,0,34.821112
63960.000000,33.578377,-117.064262,454.915179,45.556093,1.676861,8,1,10,0,37.862039
63975.000000,33.578376,-117.064269,452.770885,45.416654,1.675539,8,1,11,0,38.107228
63990.000000,33.578364,-117.064287,454.646978,44.813832,1.674209,8,1,11,0,35.425766
64005.000000,33.578374,-117.064295,450.510259,44.631848,1.672872,8,1,10,0,37.312171
64020.000000,33.578362,-117.064295,452.579165,44.359160,1.671527,8,1,10,0,35.754192
64035.000000,33.578372,-117.064285,451.992570,44.765465,1.670176,8,1,10,0,37.159711
64050.000000,33.578368,-117.064288,451.451133,44.840592,1.668818,8,1,10,0,37.009325
64065.000000,33.578357,-117.064274,455.931425,44.986557,1.667453,8,1,10,0,35.625843
64080.000000,33.578371,-117.064276,451.875325,45.306774,1.666082,8,1,10,0,37.831306
64095.000000,33.578365,-117.064272,452.930091,45.056454,1.664704,8,1,10,0,37.418960
64110.000000,33.578374,-117.064277,450.854816,45.027299,1.663320,8,1,10,0,38.389632
64125.000000,33.578374,-117.064276,451.044514,45.051442,1.661929,8,1,10,0,38.352875
64140.000000,33.578368,-117.064275,451.321267,44.703869,1.660533,8,1,10,0,38.055913
64155.000000,33.578377,-117.064278,447.974862,44.793461,1.659130,8,1,10,0,39.944802
64170.000000,33.578374,-117.064291,448.662528,44.756699,1.657722,8,1,10,0,38.569168
64185.000000,33.578377,-117.064287,448.165150,44.524830,1.656308,8,1,10,0,39.258734
64200.000000,33.578384,-117.064293,445.435074,45.007173,1.654889,8,1,10,0,40.712521
64215.000000,33.578380,-117.064285,445.312532,44.618584,1.653464,8,1,10,0,41.146432
64230.000000,33.578381,-117.064283,445.571190,44.870462,1.652033,8,1,10,0,41.152042
64245.000000,33.578377,-117.064280,446.350707,44.632529,1.650598,8,1,10,0,40.740925
64260.000000,33.578384,-117.064290,444.217148,45.132434,1.649157,8,1,10,0,41.635043
64275.000000,33.578376,-117.064284,445.797050,44.545626,1.647712,8,1,10,0,40.746966
64290.000000,33.578373,-117.064290,444.649087,44.199921,1.646262,8,1,10,0,40.947034
64305.000000,33.578381,-117.064283,444.213609,44.490640,1.644807,8,1,10,0,41.982703
64320.000000,33.578377,-117.064278,446.098538,44.819951,1.643347,8,1,10,0,41.031275
64335.000000,33.578382,-117.064284,444.367293,44.513782,1.641883,8,1,10,0,41.895778
64350.000000,33.578375,-117.064293,443.450291,43.945911,1.640415,8,1,10,0,41.572187
64365.000000,33.578376,-117.064282,444.243824,44.579224,1.638943,8,1,10,0,41.819353
64380.000000,33.578375,-117.064286,442.868682,44.649739,1.637467,8,1,10,0,42.418528
64395.000000,33.578190,-117.064376,485.105967,48.917486,2.369504,7,1,10,0,26.236957
64410.000000,33.578195,-117.064369,483.205769,49.002692,2.365930,7,1,10,0,25.665581
64425.000000,33.578193,-117.064368,483.470127,49.248648,2.362323,7,1,10,0,25.866186
64440.000000,33.578190,-117.064370,482.699901,49.309226,2.358685,7,1,10,0,25.433519
64455.000000,33.578198,-117.064370,481.802990,49.716780,2.355017,7,1,10,0,24.817964
64470.000000,33.578198,-117.064366,481.037454,49.164141,2.351319,7,1,10,0,24.800401
64485.000000,33.578202,-117.064371,479.480522,49.500378,2.347593,7,1,10,0,23.638843
64500.000000,33.578203,-117.064363,478.587738,49.790069,2.343838,7,1,10,0,23.882719
64515.000000,33.578206,-117.064365,477.242042,49.878243,2.340055,7,1,10,0,23.214680
64530.000000,33.578212,-117.064371,474.946503,49.798270,2.336246,7,1,9,0,21.967237
64545.000000,33.578224,-117.064368,473.994450,49.361815,2.332411,7,1,9,0,21.889732
64560.000000,33.578220,-117.064365,473.377947,49.704125,2.328550,7,1,10,0,22.112797
64575.000000,33.578228,-117.064354,472.896648,49.299907,2.324665,7,1,10,0,22.966733
64590.000000,33.578229,-117.064358,470.770541,49.488275,2.320757,7,1,9,0,22.457968
64605.000000,33.578231,-117.064357,469.889372,49.381060,2.316825,7,1,9,0,22.539413
64620.000000,33.578236,-117.064357,469.207249,48.889760,2.312870,7,1,11,0,22.505453
64635.000000,33.578237,-117.064355,467.899548,49.313274,2.308895,7,1,10,0,22.735503
64650.000000,33.578239,-117.064357,468.345120,49.392176,2.304898,7,1,11,0,22.509538
64665.000000,33.578246,-117.064356,466.126838,49.230570,2.300881,7,1,10,0,22.858164
64680.000000,33.578239,-117.064354,466.975169,49.476367,2.296845,7,1,10,0,22.949903
64695.000000,33.578244,-117.064361,464.764322,49.351443,2.292790,7,1,10,0,22.746964
64710.000000,33.578246,-117.064358,463.972623,49.004357,2.288717,7,1,10,0,23.191226
64725.000000,33.578246,-117.064346,464.692200,49.581358,2.284627,7,1,10,0,24.058116
64740.000000,33.578248,-117.064358,461.953226,49.059039,2.280520,7,1,10,0,23.849287
64755.000000,33.578245,-117.064357,462.291699,49.160856,2.276397,7,1,11,0,23.788009
64770.000000,33.578253,-117.064351,460.994088,48.769089,2.272259,7,1,10,0,24.741884
64785.000000,33.578255,-117.064356,459.059428,49.304185,2.268107,7,1,10,0,25.156143
64800.000000,33.578256,-117.064354,459.023399,49.086229,2.263940,7,1,10,0,25.359272
64815.000000,33.578251,-117.064355,459.279145,49.245928,2.259761,7,1,10,0,25.080650
64830.000000,33.578260,-117.064355,457.956660,48.830414,2.255569,7,1,10,0,25.763196
64845.000000,33.578266,-117.064356,456.034532,48.894698,2.251365,7,1,10,0,26.672211
64860.000000,33.578264,-117.064348,456.924798,48.708497,2.247150,7,1,10,0,26.837868
64875.000000,33.578267,-117.064345,455.910031,48.627586,2.242925,7,1,10,0,27.642947
64890.000000,33.578275,-117.064348,454.109722,49.338856,2.238690,7,1,10,0,28.435090
64905.000000,33.578270,-117.064342,454.106493,48.652780,2.234445,7,1,10,0,28.842272
64920.000000,33.578278,-117.064345,453.028195,48.268485,2.230192,7,1,10,0,29.349164
64935.000000,33.578283,-117.064345,452.319016,48.073324,2.225931,7,1,10,0,29.874151
64950.000000,33.578281,-117.064342,452.264853,48.641158,2.221663,7,1,10,0,30.059918
64965.000000,33.578278,-117.064341,452.007188,48.725806,2.217387,7,1,10,0,30.239831
64980.000000,33.578269,-117.064345,451.675258,48.721410,2.213106,7,1,10,0,30.051988
64995.000000,33.578283,-117.064348,450.228044,49.312648,2.208820,7,1,10,0,30.888625
65010.000000,33.578278,-117.064342,449.856930,48.891691,2.204528,7,1,10,0,31.468744
65025.000000,33.578278,-117.064343,448.897128,48.887883,2.200232,7,1,10,0,32.034662
65040.000000,33.578281,-117.064344,447.455340,49.096903,2.195932,7,1,10,0,33.021574
65055.000000,33.578281,-117.064344,446.547872,49.373016,2.191629,7,1,10,0,33.645260
65070.000000,33.578286,-117.064345,445.551006,49.031495,2.187323,7,1,10,0,34.341590
65085.000000,33.578292,-117.064342,445.828121,48.351853,2.183016,7,1,10,0,34.452396
65100.000000,33.578290,-117.064340,444.664277,48.734050,2.178706,7,1,10,0,35.367025
65115.000000,33.578285,-117.064345,443.573165,48.209212,2.174396,7,1,10,0,35.791887
65130.000000,33.578301,-117.064338,442.054265,48.141513,2.170085,7,1,10,0,37.573678
65145.000000,33.578296,-117.064340,442.962283,48.159383,2.165774,7,1,10,0,36.693270
65160.000000,33.578294,-117.064340,442.267435,48.530107,2.161464,7,1,10,0,37.212462
65175.000000,33.578297,-117.064340,441.626397,47.792194,2.157154,7,1,10,0,37.746302
65190.000000,33.578299,-117.064342,440.900392,48.386372,2.152846,7,1,10,0,38.183360
65205.000000,33.578303,-117.064334,440.622361,47.873844,2.148541,7,1,10,0,38.926992
65220.000000,33.578300,-117.064340,440.811964,48.476270,2.144237,7,1,10,0,38.386190
65235.000000,33.578304,-117.064335,439.776414,48.316003,2.139937,7,1,10,0,39.560721
65250.000000,33.578300,-117.064333,439.471391,48.667826,2.135640,7,1,10,0,39.834457
65265.000000,33.578309,-117.064330,438.734193,48.718940,2.131347,7,1,10,0,40.746329
65280.000000,33.578302,-117.064328,438.165424,48.502210,2.127058,7,1,10,0,41.171485
65295.000000,33.578306,-117.064327,437.147182,48.707397,2.122774,7,1,10,0,42.065325
65310.000000,33.578301,-117.064329,435.892615,48.813000,2.118495,7,1,10,0,42.896442
65325.000000,33.578308,-117.064325,436.729517,48.075996,2.114221,7,1,10,0,42.521128
65340.000000,33.578299,-117.064332,435.431672,48.601382,2.109954,7,1,10,0,43.044229
65355.000000,33.578303,-117.064331,434.879032,48.640724,2.105693,7,1,10,0,43.578268
65370.000000,33.578299,-117.064332,433.472209,48.735815,2.101439,7,1,10,0,44.646906
65385.000000,33.578297,-117.064333,433.295232,49.352401,2.097191,7,1,10,0,44.705154
65400.000000,33.578305,-117.064329,431.996924,49.031255,2.092952,7,1,10,0,46.095709
65415.000000,33.578306,-117.064332,431.500431,48.606507,2.088720,7,1,10,0,46.354076
65430.000000,33.578316,-117.064329,429.892325,48.519652,2.084497,7,1,10,0,48.024744
65445.000000,33.578319,-117.064329,431.228505,48.058228,2.080282,7,1,10,0,46.992165
65460.000000,33.578312,-117.064332,431.257599,48.016209,2.076077,7,1,10,0,46.689439
65475.000000,33.578313,-117.064328,431.236400,47.986332,2.071880,7,1,10,0,46.942203
65490.000000,33.578308,-117.064325,431.204796,48.020579,2.067693,7,1,10,0,47.016317
65505.000000,33.578312,-117.064329,429.654383,47.673209,2.063517,7,1,10,0,48.187408
65520.000000,33.578314,-117.064329,429.767609,47.558064,2.059350,7,1,10,0,48.087483
65535.000000,33.578314,-117.064329,429.182959,47.066495,2.055194,7,1,10,0,48.603959
65550.000000,33.578315,-117.064326,428.053494,47.872466,2.051049,7,1,10,0,49.709389
65565.000000,33.578309,-117.064327,428.557973,47.801355,2.046915,7,1,10,0,49.108119
65580.000000,33.578307,-117.064329,428.450171,47.958345,2.042793,7,1,10,0,49.087533
65595.000000,33.578317,-117.064328,426.323817,47.254323,2.038682,7,1,10,0,51.118858
65610.000000,33.578197,-117.064298,454.728397,42.651005,1.664738,8,1,10,0,32.302593
65625.000000,33.578194,-117.064290,455.032249,43.230404,1.664201,8,1,10,0,32.836439
65640.000000,33.578198,-117.064290,453.790997,42.993987,1.663649,8,1,10,0,33.349568
65655.000000,33.578189,-117.064288,454.497234,42.955986,1.663081,8,1,10,0,33.336452
65670.000000,33.578195,-117.064291,452.195517,42.866115,1.662498,8,1,10,0,34.173290
65685.000000,33.578197,-117.064289,455.077483,42.241378,1.661899,8,1,10,0,32.880711
65700.000000,33.578195,-117.064289,452.823522,42.698438,1.661286,8,1,10,0,33.958090
65715.000000,33.578199,-117.064289,451.638074,42.597035,1.660658,8,1,10,0,34.547578
65730.000000,33.578202,-117.064287,452.575110,42.101135,1.660015,8,1,10,0,34.150630
65745.000000,33.578193,-117.064298,450.913908,42.409222,1.659358,8,1,10,0,34.346873
65760.000000,33.578209,-117.064280,452.012569,41.842191,1.658686,8,1,10,0,34.862563
65775.000000,33.578202,-117.064283,448.718675,42.289071,1.658000,8,1,10,0,36.562480
65790.000000,33.578199,-117.064285,450.036226,42.283949,1.657299,8,1,10,0,35.688907
65805.000000,33.578204,-117.064285,451.716098,41.844395,1.656585,8,1,9,0,34.729272
65820.000000,33.578197,-117.064285,447.500403,42.424801,1.655857,8,1,9,0,37.221219
65835.000000,33.578207,-117.064279,450.719103,41.776369,1.655115,8,1,9,0,35.701192
65850.000000,33.578195,-117.064283,448.132776,42.640543,1.654360,8,1,9,0,36.997242
65865.000000,33.578216,-117.064278,447.828287,41.604542,1.653591,8,1,9,0,37.282154
65880.000000,33.578205,-117.064281,448.511087,41.880422,1.652808,8,1,9,0,36.799271
65895.000000,33.578198,-117.064282,447.629077,41.864645,1.652013,8,1,9,0,37.306601
65910.000000,33.578212,-117.064279,446.290443,41.568830,1.651205,8,1,9,0,38.196345
65925.000000,33.578199,-117.064276,446.859806,42.691054,1.650384,8,1,9,0,38.230467
65940.000000,33.578212,-117.064284,446.759088,41.066581,1.649551,8,1,9,0,37.590851
65955.000000,33.578211,-117.064278,446.750990,41.662491,1.648705,8,1,9,0,38.026441
65970.000000,33.578202,-117.064283,445.641179,41.992696,1.647846,8,1,9,0,38.452191
65985.000000,33.578695,-117.064204,502.300935,23.621400,1.974140,7,1,9,0,69.966979
66000.000000,33.578702,-117.064205,499.846354,22.846922,1.976965,7,1,9,0,69.419683
66015.000000,33.578700,-117.064199,501.578774,23.656182,1.979808,7,1,9,0,70.301831
66030.000000,33.578701,-117.064199,501.815175,23.561843,1.982670,7,1,9,0,70.477138
66045.000000,33.578709,-117.064201,499.701896,23.220131,1.985550,7,1,9,0,70.101952
66060.000000,33.578709,-117.064194,501.708056,24.046021,1.988449,7,1,9,0,71.279193
66075.000000,33.578702,-117.064197,501.331961,24.045857,1.991367,7,1,9,0,70.453536
66090.000000,33.578706,-117.064196,501.436856,23.497558,1.994303,7,1,9,0,70.901657
66105.000000,33.578705,-117.064198,501.381632,23.528529,1.997257,7,1,9,0,70.670029
66120.000000,33.578565,-117.064248,486.968952,22.878541,1.670083,8,1,9,0,51.266829
66135.000000,33.578575,-117.064244,486.589605,22.569023,1.670634,8,1,9,0,52.110757
66150.000000,33.578586,-117.064240,488.534166,22.195072,1.671186,8,1,9,0,53.847059
66165.000000,33.578574,-117.064238,486.675366,22.849177,1.671740,8,1,9,0,52.380930
66180.000000,33.578554,-117.064247,482.362264,23.619233,1.672296,8,1,9,0,49.123978
66195.000000,33.578573,-117.064246,486.891098,22.354987,1.672853,8,1,9,0,51.970269
66210.000000,33.578586,-117.064237,486.257149,22.512799,1.673413,8,1,9,0,53.231220
66225.000000,33.578565,-117.064248,484.187368,23.007751,1.673975,8,1,9,0,50.343863
66240.000000,33.578577,-117.064246,485.178968,22.828499,1.674539,8,1,9,0,51.719029
66255.000000,33.578579,-117.064238,485.562537,22.719465,1.675106,8,1,9,0,52.440843
66270.000000,33.578569,-117.064250,484.186518,22.679368,1.675674,8,1,9,0,50.574392
66285.000000,33.578599,-117.064228,485.984750,22.257480,1.676245,8,1,9,0,54.770106
66300.000000,33.578579,-117.064238,483.965325,22.555504,1.676819,8,1,9,0,52.020086
66315.000000,33.578559,-117.064241,479.418997,23.744769,1.677395,8,1,9,0,49.232889
66330.000000,33.578588,-117.064231,484.774727,22.326258,1.677973,8,1,9,0,53.390965
66345.000000,33.578589,-117.064235,484.837246,22.121086,1.678553,8,1,9,0,53.249999
66360.000000,33.578552,-117.064247,480.078774,23.399937,1.679137,8,1,9,0,48.387863
66375.000000,33.578589,-117.064232,482.668185,22.414914,1.679723,8,1,9,0,52.801832
66390.000000,33.578600,-117.064221,484.004028,22.695391,1.680311,8,1,9,0,54.729368
66405.000000,33.578550,-117.064251,478.514513,23.510352,1.680903,8,1,9,0,47.715204
66420.000000,33.578595,-117.064223,482.281135,22.496278,1.681497,8,1,9,0,53.791219
66435.000000,33.578609,-117.064225,484.717709,21.760952,1.682093,8,1,9,0,55.436233
66450.000000,33.578560,-117.064241,479.718549,23.167789,1.682693,8,1,9,0,49.367492
66465.000000,33.578595,-117.064226,482.898185,22.381248,1.683296,8,1,9,0,53.773751
66480.000000,33.578602,-117.064226,483.126932,22.357603,1.683901,8,1,9,0,54.308092
66495.000000,33.578570,-117.064236,478.760742,23.146479,1.684509,8,1,9,0,50.237622
66510.000000,33.578604,-117.064218,483.470505,22.432436,1.685120,8,1,9,0,55.074186
66525.000000,33.578600,-117.064225,482.492095,22.240414,1.685734,8,1,9,0,54.163944
66540.000000,33.578573,-117.064233,477.114279,23.624748,1.686352,8,1,9,0,50.474966
66555.000000,33.578604,-117.064224,484.012970,22.014078,1.686971,8,1,9,0,54.879328
66570.000000,33.578597,-117.064220,481.232466,22.726567,1.687594,8,1,9,0,53.894929
66585.000000,33.578568,-117.064230,478.896898,23.432682,1.688220,8,1,9,0,50.488803
66600.000000,33.578598,-117.064223,481.978576,22.278541,1.688849,8,1,9,0,53.995863
66615.000000,33.578608,-117.064220,479.583206,22.064692,1.689481,8,1,9,0,54.424706
66630.000000,33.578566,-117.064232,478.794158,23.102503,1.690117,8,1,9,0,50.205237
66645.000000,33.578605,-117.064211,479.462620,22.552326,1.690755,8,1,9,0,54.741410
66660.000000,33.578596,-117.064223,480.322009,22.026346,1.691396,8,1,9,0,53.442442
66675.000000,33.578573,-117.064220,476.565488,23.537356,1.692041,8,1,9,0,51.181445
66690.000000,33.578594,-117.064218,480.805851,22.379682,1.692688,8,1,9,0,53.689332
66705.000000,33.578576,-117.064227,477.706614,22.730938,1.693338,8,1,9,0,51.204064
66720.000000,33.578595,-117.064218,478.414591,22.545224,1.693992,8,1,9,0,53.397165
66735.000000,33.578584,-117.064225,479.001407,22.331649,1.694648,8,1,9,0,52.112925
66750.000000,33.578597,-117.064206,478.541634,23.251172,1.695308,8,1,9,0,54.278547
66765.000000,33.578579,-117.064223,479.397801,22.698763,1.695970,8,1,9,0,51.949896
66780.000000,33.578592,-117.064212,477.388917,23.154252,1.696636,8,1,9,0,53.366522
66795.000000,33.578587,-117.064219,478.201380,22.771898,1.697304,8,1,9,0,52.547860
66810.000000,33.578592,-117.064213,479.091651,22.661834,1.697975,8,1,9,0,53.576151
66825.000000,33.578587,-117.064217,477.463961,22.595800,1.698650,8,1,9,0,52.616874
66840.000000,33.578591,-117.064212,480.380344,22.374465,1.699327,8,1,9,0,53.732142
66855.000000,33.578582,-117.064216,475.607398,22.909139,1.700007,8,1,9,0,52.088159
66870.000000,33.578594,-117.064217,476.818041,22.247438,1.700690,8,1,9,0,53.110792
66885.000000,33.578602,-117.064209,478.603855,22.769016,1.701376,8,1,9,0,54.503455
66900.000000,33.578562,-117.064222,476.498667,23.771512,1.702065,8,1,9,0,50.235284
66915.000000,33.578613,-117.064199,479.293463,22.695127,1.702756,8,1,9,0,56.049756
66930.000000,33.578579,-117.064217,474.942166,23.312779,1.703450,8,1,9,0,51.683513
66945.000000,33.578588,-117.064212,475.879622,23.215983,1.704146,8,1,9,0,52.789985
66960.000000,33.578593,-117.064210,477.631348,23.079803,1.704845,8,1,9,0,53.582650
66975.000000,33.578563,-117.064216,474.229747,23.959060,1.705547,8,1,9,0,50.450282
66990.000000,33.578595,-117.064208,477.253066,22.810268,1.706251,8,1,9,0,53.794482
67005.000000,33.578579,-117.064215,477.187369,23.081286,1.706957,8,1,9,0,52.057012
67020.000000,33.578574,-117.064216,475.579640,23.437730,1.707666,8,1,9,0,51.414792
67035.000000,33.578596,-117.064208,477.491263,22.637706,1.708377,8,1,9,0,53.872581
67050.000000,33.578573,-117.064207,474.479463,23.581129,1.709090,8,1,9,0,51.801916
67065.000000,33.578600,-117.064203,476.961340,22.958335,1.709806,8,1,9,0,54.501133
67080.000000,33.578582,-117.064209,476.459916,23.105513,1.710523,8,1,9,0,52.541916
67095.000000,33.578577,-117.064211,473.158215,23.584252,1.711242,8,1,9,0,51.778710
67110.000000,33.578589,-117.064205,477.444782,22.835611,1.711963,8,1,9,0,53.488935
67125.000000,33.578571,-117.064212,473.236241,23.485984,1.712687,8,1,9,0,51.242667
67140.000000,33.578591,-117.064204,476.494780,23.176432,1.713411,8,1,9,0,53.631531
67155.000000,33.578586,-117.064201,474.155679,23.452771,1.714137,8,1,9,0,53.208516
67170.000000,33.578578,-117.064205,474.413722,23.520030,1.714865,8,1,9,0,52.286894
67185.000000,33.578587,-117.064198,474.392631,23.172245,1.715594,8,1,9,0,53.530086
67200.000000,33.578581,-117.064198,474.201823,23.544500,1.716325,8,1,9,0,53.061858
67215.000000,33.578578,-117.064198,473.579969,23.911602,1.717056,8,1,9,0,52.708553
67230.000000,33.578567,-117.064211,474.143874,23.568795,1.717789,8,1,9,0,51.092493
67245.000000,33.578573,-117.064200,473.424985,23.730495,1.718523,8,1,9,0,52.169521
67260.000000,33.578572,-117.064201,473.653351,23.629205,1.719257,8,1,9,0,52.095870
67275.000000,33.578567,-117.064196,472.824183,23.699302,1.719992,8,1,9,0,52.012846
67290.000000,33.578587,-117.064192,473.282495,23.738789,1.720728,8,1,9,0,53.841824
67305.000000,33.578576,-117.064193,471.629824,24.165710,1.721464,8,1,9,0,52.764738
67320.000000,33.578577,-117.064192,471.644376,24.351677,1.722201,8,1,9,0,52.948028
67335.000000,33.578583,-117.064191,470.847694,24.047417,1.722938,8,1,9,0,53.453455
67350.000000,33.578581,-117.064191,469.953981,24.164280,1.723675,8,1,9,0,53.312249
67365.000000,33.578582,-117.064188,470.869352,24.095043,1.724411,8,1,9,0,53.576791
67380.000000,33.578581,-117.064181,470.494494,24.061667,1.725148,8,1,9,0,53.952303
67395.000000,33.578577,-117.064184,469.856844,24.338607,1.725884,8,1,8,0,53.493884
67410.000000,33.578579,-117.064188,472.672608,23.796173,1.726619,8,1,8,0,53.375391
67425.000000,33.578573,-117.064195,470.327422,23.941796,1.727354,8,1,8,0,52.433503
67440.000000,33.578572,-117.064190,471.889136,23.627040,1.728088,8,1,8,0,52.708867
67455.000000,33.578573,-117.064192,469.767114,23.990992,1.728821,8,1,8,0,52.611718
67470.000000,33.578581,-117.064188,469.534656,24.124464,1.729553,8,1,8,0,53.476065
67485.000000,33.578581,-117.064185,468.976437,24.281609,1.730283,8,1,8,0,53.735452
67500.000000,33.578566,-117.064191,471.004958,23.996063,1.731012,8,1,8,0,52.086317
67515.000000,33.578582,-117.064183,470.463889,24.107304,1.731739,8,1,8,0,53.906378
67530.000000,33.578555,-117.064202,469.001604,23.966712,1.732465,8,1,8,0,50.590081
67545.000000,33.578585,-117.064177,469.703802,24.461007,1.733188,8,1,8,0,54.577486
67560.000000,33.578570,-117.064185,467.849861,24.540162,1.733909,8,1,8,0,52.917871
67575.000000,33.578571,-117.064183,468.419569,24.334563,1.734627,8,1,8,0,53.092207
67590.000000,33.578565,-117.064188,468.213851,24.406501,1.735343,8,1,9,0,52.317333
67605.000000,33.578570,-117.064185,469.019592,24.277397,1.736056,8,1,9,0,52.834370
67620.000000,33.578565,-117.064190,468.944686,24.061975,1.736766,8,1,9,0,52.130510
67635.000000,33.578563,-117.064192,469.779952,24.077028,1.737472,8,1,9,0,51.865242
67650.000000,33.578570,-117.064182,470.034614,24.339994,1.738175,8,1,9,0,53.065854
67665.000000,33.578565,-117.064185,469.504731,24.361002,1.738875,8,1,9,0,52.419235
67680.000000,33.578556,-117.064193,470.766059,24.057863,1.739571,8,1,9,0,51.254169
67695.000000,33.578554,-117.064195,469.262504,24.117353,1.740262,8,1,9,0,50.958905
67710.000000,33.578559,-117.064195,468.815906,24.332920,1.740949,8,1,9,0,51.362870
67725.000000,33.578557,-117.064189,466.192432,24.445695,1.741632,8,1,9,0,51.757077
67740.000000,33.578558,-117.064188,468.183009,24.573433,1.742310,8,1,9,0,51.710721
67755.000000,33.578552,-117.064193,467.208791,24.822772,1.742983,8,1,9,0,51.029340
67770.000000,33.578556,-117.064183,467.089906,24.986342,1.743651,8,1,9,0,52.027370
67785.000000,33.578551,-117.064187,467.281399,24.811723,1.744313,8,1,9,0,51.390922
67800.000000,33.578547,-117.064186,466.334670,25.003463,1.744970,8,1,9,0,51.231079
67815.000000,33.578563,-117.064178,464.806007,24.919877,1.745620,8,1,8,0,53.044594
67830.000000,33.578546,-117.064181,465.122265,25.025443,1.746265,8,1,9,0,51.591814
67845.000000,33.578548,-117.064183,464.160276,25.139095,1.746903,8,1,9,0,51.667123
67860.000000,33.578549,-117.064178,461.628671,25.393291,1.747534,8,1,9,0,52.437676
67875.000000,33.578535,-117.064190,465.541721,24.926373,1.748159,8,1,9,0,50.152762
67890.000000,33.578538,-117.064186,462.932589,25.097581,1.748776,8,1,9,0,50.952834
67905.000000,33.578541,-117.064186,464.331786,25.294589,1.749386,8,1,9,0,50.990147
67920.000000,33.578532,-117.064192,464.134417,24.911996,1.749988,8,1,9,0,49.885717
67935.000000,33.578553,-117.064175,461.227111,25.480320,1.750583,8,1,9,0,52.977392
67950.000000,33.578534,-117.064191,464.213938,24.964827,1.751169,8,1,9,0,50.059710
67965.000000,33.578542,-117.064183,462.369941,25.489519,1.751747,8,1,9,0,51.459710
67980.000000,33.578541,-117.064180,460.847573,25.496543,1.752316,8,1,9,0,51.853251
67995.000000,33.578528,-117.064188,462.952458,25.111967,1.752876,8,1,9,0,50.103911
68010.000000,33.578540,-117.064175,461.109313,25.561612,1.753427,8,1,9,0,52.093785
68025.000000,33.578530,-117.064188,462.647632,25.314529,1.753968,8,1,9,0,50.235363
68040.000000,33.578524,-117.064194,463.555458,25.302058,1.754500,8,1,9,0,49.317804
68055.000000,33.578532,-117.064181,462.358738,25.305073,1.755022,8,1,9,0,50.905274
68070.000000,33.578521,-117.064190,462.105557,25.262314,1.755533,8,1,9,0,49.557881
68085.000000,33.578530,-117.064182,460.016187,25.464075,1.756034,8,1,9,0,51.144201
68100.000000,33.578529,-117.064184,461.239811,25.681364,1.756524,8,1,9,0,50.651818
68115.000000,33.578534,-117.064175,460.918653,25.724627,1.757003,8,1,9,0,51.753165
68130.000000,33.578533,-117.064176,459.838801,25.817659,1.757471,8,1,9,0,51.780327
68145.000000,33.578525,-117.064181,459.464708,25.526102,1.757927,8,1,9,0,50.958238
68160.000000,33.578525,-117.064181,460.576771,25.411203,1.758371,8,1,9,0,50.792260
68175.000000,33.578517,-117.064183,458.118309,25.672635,1.758804,8,1,9,0,50.612364
68190.000000,33.578521,-117.064187,459.600263,25.713839,1.759223,8,1,9,0,50.194758
68205.000000,33.578509,-117.064188,458.094994,25.894678,1.759630,8,1,9,0,49.679938
68220.000000,33.578524,-117.064175,456.788541,26.051905,1.760024,8,1,9,0,51.883274
68235.000000,33.578512,-117.064180,456.266664,25.906015,1.760405,8,1,9,0,50.914173
68250.000000,33.578511,-117.064184,457.031479,25.783454,1.760772,8,1,9,0,50.417453
68265.000000,33.578381,-117.064319,484.211986,27.684243,2.493139,7,1,9,0,33.357045
68280.000000,33.578383,-117.064316,482.000880,27.883184,2.494582,7,1,9,0,32.754781
68295.000000,33.578381,-117.064316,482.509735,27.999869,2.496000,7,1,9,0,32.889707
68310.000000,33.578370,-117.064319,482.751567,27.810027,2.497395,7,1,9,0,32.192808
68325.000000,33.578375,-117.064315,483.466782,27.817159,2.498765,7,1,9,0,32.991152
68340.000000,33.578369,-117.064315,482.629249,27.730283,2.500111,7,1,9,0,32.325214
68355.000000,33.578372,-117.064313,481.877572,27.923062,2.501432,7,1,9,0,32.433637
68370.000000,33.578360,-117.064322,482.477223,27.892392,2.502728,7,1,9,0,31.406712
68385.000000,33.578364,-117.064317,481.533958,28.277600,2.503999,7,1,9,0,31.618654
68400.000000,33.578362,-117.064318,481.019988,28.009787,2.505245,7,1,9,0,31.261114
68415.000000,33.578366,-117.064315,480.579369,28.157696,2.506466,7,1,9,0,31.532520
68430.000000,33.578372,-117.064310,478.629129,28.423501,2.507661,7,1,9,0,31.608906
68445.000000,33.578362,-117.064318,478.683724,28.528412,2.508830,7,1,9,0,30.518601
68460.000000,33.578370,-117.064314,477.368662,28.946591,2.509973,7,1,9,0,30.865119
68475.000000,33.578360,-117.064313,477.128125,28.532603,2.511089,7,1,9,0,30.392862
68490.000000,33.578365,-117.064307,476.131631,28.786578,2.512180,7,1,9,0,30.883348
68505.000000,33.578363,-117.064312,476.569033,28.900921,2.513243,7,1,9,0,30.429812
68520.000000,33.578352,-117.064316,476.967033,28.697667,2.514280,7,1,9,0,29.785331
68535.000000,33.578356,-117.064313,476.999132,29.004562,2.515290,7,1,9,0,30.201655
68550.000000,33.578354,-117.064310,476.988674,28.739643,2.516273,7,1,9,0,30.314413
68565.000000,33.578347,-117.064311,476.807506,28.602804,2.517229,7,1,9,0,29.925146
68580.000000,33.578349,-117.064307,475.414595,28.806892,2.518157,7,1,9,0,30.043538
68595.000000,33.578344,-117.064308,475.667337,28.759370,2.519057,7,1,9,0,29.813967
68610.000000,33.578353,-117.064301,475.381205,29.100113,2.519930,7,1,9,0,30.701797
68625.000000,33.578342,-117.064311,475.142616,28.853423,2.520775,7,1,9,0,29.350953
68640.000000,33.578346,-117.064303,473.546267,28.841391,2.521591,7,1,9,0,29.965123
68655.000000,33.578345,-117.064305,472.386890,28.799913,2.522379,7,1,9,0,29.657520
68670.000000,33.578340,-117.064304,472.437453,28.911818,2.523139,7,1,9,0,29.509815
68685.000000,33.578353,-117.064294,470.294931,29.576799,2.523870,7,1,9,0,30.815198
68700.000000,33.578345,-117.064299,470.507006,29.429266,2.524572,7,1,9,0,30.079576
68715.000000,33.578337,-117.064300,470.832596,29.383360,2.525245,7,1,9,0,29.661565
68730.000000,33.578337,-117.064300,469.828820,29.474361,2.525889,7,1,9,0,29.688051
68745.000000,33.578333,-117.064302,469.671276,29.307577,2.526504,7,1,9,0,29.337373
68760.000000,33.578327,-117.064303,469.710670,29.349278,2.527089,7,1,9,0,29.006571
68775.000000,33.578328,-117.064305,468.719825,29.419779,2.527645,7,1,9,0,28.955463
68790.000000,33.578321,-117.064306,467.961537,29.312657,2.528171,7,1,9,0,28.642864
68805.000000,33.578329,-117.064296,468.120428,29.314061,2.528667,7,1,9,0,29.761195
68820.000000,33.578320,-117.064306,468.389801,29.301188,2.529133,7,1,10,0,28.563737
68835.000000,33.578321,-117.064302,467.644093,29.420028,2.529570,7,1,10,0,29.033242
68850.000000,33.578314,-117.064306,467.846542,29.189012,2.529975,7,1,10,0,28.382846
68865.000000,33.578315,-117.064306,466.282594,29.297453,2.530351,7,1,10,0,28.628562
68880.000000,33.578321,-117.064300,464.972356,29.521025,2.530696,7,1,10,0,29.527116
68895.000000,33.578325,-117.064295,464.405390,29.699578,2.531010,7,1,10,0,30.224642
68910.000000,33.578316,-117.064300,463.539666,29.619715,2.531294,7,1,10,0,29.617701
68925.000000,33.578319,-117.064292,462.353359,30.083174,2.531547,7,1,10,0,30.684283
68940.000000,33.578311,-117.064299,463.138722,29.882864,2.531769,7,1,10,0,29.673838
68955.000000,33.578313,-117.064299,462.027504,29.943785,2.531960,7,1,10,0,30.001109
68970.000000,33.578313,-117.064293,462.225650,29.849844,2.532120,7,1,10,0,30.489255
68985.000000,33.578302,-117.064298,462.859560,29.675111,2.532249,7,1,10,0,29.603369
69000.000000,33.578304,-117.064301,462.919443,29.658175,2.532346,7,1,10,0,29.342433
69015.000000,33.578313,-117.064294,461.364543,29.995276,2.532413,7,1,10,0,30.619515
69030.000000,33.578307,-117.064292,459.220283,30.158280,2.532448,7,1,10,0,31.309981
69045.000000,33.578302,-117.064292,459.216149,29.932205,2.532451,7,1,10,0,31.208796
69060.000000,33.578301,-117.064292,457.866121,30.177538,2.532423,7,1,10,0,31.637167
69075.000000,33.578394,-117.064251,475.369081,28.215523,2.357924,8,1,10,0,36.816581
69090.000000,33.578392,-117.064250,475.769862,28.362324,2.358358,8,1,10,0,36.804908
69105.000000,33.578400,-117.064245,473.592474,28.648208,2.358774,8,1,10,0,37.353489
69120.000000,33.578386,-117.064250,471.119744,28.079851,2.359173,8,1,10,0,36.075670
69135.000000,33.578377,-117.064253,472.035038,27.814862,2.359554,8,1,10,0,35.462991
69150.000000,33.578389,-117.064244,472.521367,28.636101,2.359917,8,1,10,0,36.803636
69165.000000,33.578374,-117.064253,470.004499,27.961322,2.360263,8,1,10,0,35.263422
69180.000000,33.578372,-117.064252,468.616921,27.767960,2.360590,8,1,10,0,35.270245
69195.000000,33.578383,-117.064248,470.528550,28.309641,2.360900,8,1,10,0,36.125468
69210.000000,33.578395,-117.064239,472.985349,29.108460,2.361191,8,1,10,0,37.503912
69225.000000,33.578371,-117.064251,468.895752,27.832911,2.361464,8,1,10,0,35.358349
69240.000000,33.578371,-117.064248,470.445946,28.030987,2.361719,8,1,10,0,35.537939
69255.000000,33.578401,-117.064233,474.054082,29.554963,2.361955,8,1,10,0,38.399364
69270.000000,33.578391,-117.064236,470.125108,29.308268,2.362174,8,1,10,0,37.492990
69285.000000,33.578383,-117.064237,469.307435,28.827111,2.362373,8,1,10,0,37.031648
69300.000000,33.578401,-117.064229,469.263027,29.810839,2.362554,8,1,10,0,38.615028
69315.000000,33.578393,-117.064235,468.038878,29.197387,2.362716,8,1,10,0,37.736341
69330.000000,33.578375,-117.064241,466.991187,28.621451,2.362860,8,1,10,0,36.504664
69345.000000,33.578388,-117.064233,468.472545,29.416740,2.362984,8,1,9,0,37.656713
69360.000000,33.578386,-117.064231,468.795468,29.515248,2.363089,8,1,10,0,37.675868
69375.000000,33.578377,-117.064234,465.344491,29.175740,2.363176,8,1,9,0,37.290936
69390.000000,33.578373,-117.064235,467.123792,29.196699,2.363243,8,1,10,0,36.814153
69405.000000,33.578379,-117.064226,466.746580,29.588195,2.363291,8,1,9,0,37.924389
69420.000000,33.578362,-117.064236,464.256916,28.518254,2.363319,8,1,10,0,36.712455
69435.000000,33.578375,-117.064231,465.477321,29.538863,2.363328,8,1,10,0,37.464324
69450.000000,33.578377,-117.064226,464.825066,29.777368,2.363318,8,1,10,0,38.044248
69465.000000,33.578365,-117.064235,463.606405,29.025919,2.363287,8,1,9,0,36.972286
69480.000000,33.578369,-117.064233,462.936457,29.194683,2.363237,8,1,10,0,37.392702
69495.000000,33.578380,-117.064224,464.282550,29.882235,2.363168,8,1,10,0,38.392422
69510.000000,33.578370,-117.064226,462.407379,29.218762,2.363078,8,1,10,0,38.163304
69525.000000,33.578379,-117.064222,463.213648,29.955099,2.362968,8,1,10,0,38.725584
69540.000000,33.578374,-117.064225,463.315888,29.881884,2.362839,8,1,10,0,38.256788
69555.000000,33.578367,-117.064222,462.713564,29.681013,2.362689,8,1,10,0,38.299248
69570.000000,33.578370,-117.064219,462.984029,30.097332,2.362519,8,1,10,0,38.618223
69585.000000,33.578350,-117.064227,460.596113,28.782607,2.362329,8,1,10,0,37.706638
69600.000000,33.578374,-117.064216,459.773504,30.067702,2.362118,8,1,10,0,39.783376
69615.000000,33.578363,-117.064222,457.184326,29.638214,2.361887,8,1,10,0,39.630421
69630.000000,33.578362,-117.064221,457.486276,29.600752,2.361636,8,1,9,0,39.505521
69645.000000,33.578373,-117.064217,455.713001,30.113605,2.361363,8,1,9,0,40.836898
69660.000000,33.578366,-117.064221,455.707074,29.592862,2.361071,8,1,9,0,40.282885
69675.000000,33.578372,-117.064215,457.315977,29.941946,2.360757,8,1,9,0,40.495347
69690.000000,33.578363,-117.064220,457.217480,29.791651,2.360422,8,1,9,0,39.791330
69705.000000,33.578356,-117.064220,456.598378,29.310226,2.360067,8,1,9,0,39.699123
69720.000000,33.578358,-117.064217,456.398841,29.718616,2.359691,8,1,9,0,40.072953
69735.000000,33.578358,-117.064213,455.254786,29.846405,2.359294,8,1,9,0,40.821064
69750.000000,33.578351,-117.064221,453.920783,29.524852,2.358876,8,1,9,0,40.464442
69765.000000,33.578363,-117.064209,455.818457,30.207417,2.358436,8,1,9,0,41.076790
69780.000000,33.578341,-117.064220,451.850899,29.100279,2.357976,8,1,9,0,41.117933
69795.000000,33.578364,-117.064208,454.166754,30.652333,2.357494,8,1,9,0,41.866330
69810.000000,33.578358,-117.064213,451.967518,30.328143,2.356992,8,1,9,0,42.140603
69825.000000,33.578355,-117.064210,452.329529,30.254413,2.356468,8,1,9,0,42.072272
69840.000000,33.578360,-117.064209,451.405860,30.196172,2.355922,8,1,9,0,42.749649
69855.000000,33.578353,-117.064209,450.298423,29.784375,2.355356,8,1,9,0,43.040601
69870.000000,33.578357,-117.064205,451.308630,30.272084,2.354768,8,1,9,0,42.978329
69885.000000,33.578354,-117.064209,448.384214,30.112897,2.354158,8,1,9,0,43.951561
69900.000000,33.578345,-117.064208,449.601089,29.927342,2.353527,8,1,9,0,43.145360
69915.000000,33.578343,-117.064207,449.773354,29.847948,2.352875,8,1,9,0,43.135760
69930.000000,33.578342,-117.064205,448.997628,29.860831,2.352201,8,1,9,0,43.583428
69945.000000,33.578345,-117.064201,450.574038,30.389367,2.351506,8,1,9,0,43.274433
69960.000000,33.578337,-117.064207,447.270150,29.612878,2.350789,8,1,9,0,44.183006
69975.000000,33.578343,-117.064205,445.988039,29.941403,2.350051,8,1,9,0,45.126594
69990.000000,33.578335,-117.064207,447.522958,29.641622,2.349291,8,1,9,0,44.037919
70005.000000,33.578338,-117.064211,446.166228,30.327065,2.348510,8,1,9,0,44.503957
70020.000000,33.578338,-117.064207,446.600923,30.086716,2.347707,8,1,9,0,44.571098
70035.000000,33.578341,-117.064204,445.954800,30.200352,2.346883,8,1,9,0,45.204817
70050.000000,33.578338,-117.064207,445.384237,29.773406,2.346037,8,1,9,0,45.177784
70065.000000,33.578329,-117.064205,443.837903,29.893137,2.345170,8,1,9,0,46.007208
70080.000000,33.578338,-117.064205,443.529540,30.374708,2.344281,8,1,9,0,46.412558
70095.000000,33.578332,-117.064202,443.354213,29.807459,2.343370,8,1,9,0,46.606965
70110.000000,33.578332,-117.064197,443.432619,30.376351,2.342439,8,1,9,0,46.884960
70125.000000,33.578325,-117.064203,442.399179,29.887446,2.341486,8,1,9,0,46.890190
70140.000000,33.578330,-117.064197,441.076157,30.280765,2.340511,8,1,9,0,48.220184
70155.000000,33.578333,-117.064202,440.681392,30.336327,2.339516,8,1,9,0,48.190359
70170.000000,33.578334,-117.064197,440.495072,30.515483,2.338499,8,1,9,0,48.648168
70185.000000,33.578329,-117.064197,440.205698,30.044359,2.337460,8,1,9,0,48.735704
70200.000000,33.578324,-117.064200,439.803766,29.979735,2.336401,8,1,9,0,48.629674
70215.000000,33.578322,-117.064197,440.507574,30.060009,2.335320,8,1,9,0,48.431881
70230.000000,33.578320,-117.064197,439.354868,30.108882,2.334219,8,1,9,0,49.077918
70245.000000,33.578320,-117.064195,438.342536,30.042062,2.333096,8,1,9,0,49.889890
70260.000000,33.578320,-117.064196,437.594941,30.153049,2.331953,8,1,9,0,50.236221
70275.000000,33.578310,-117.064197,439.001775,29.653767,2.330788,8,1,9,0,49.150712
70290.000000,33.578315,-117.064193,437.484313,29.699229,2.329603,8,1,9,0,50.483940
70305.000000,33.578315,-117.064198,436.284734,29.778095,2.328397,8,1,9,0,50.865966
70320.000000,33.578313,-117.064196,436.884673,29.878922,2.327170,8,1,9,0,50.601369
70335.000000,33.578315,-117.064195,435.935947,30.304158,2.325923,8,1,9,0,51.303170
70350.000000,33.578315,-117.064193,434.801802,30.149664,2.324656,8,1,9,0,52.247201
70365.000000,33.578310,-117.064194,433.144502,29.783133,2.323368,8,1,9,0,53.228498
70380.000000,33.578313,-117.064191,433.506244,30.139088,2.322059,8,1,9,0,53.200160
70395.000000,33.578310,-117.064191,434.232456,30.057063,2.320731,8,1,9,0,52.644583
70410.000000,33.578303,-117.064192,433.633254,29.394460,2.319382,8,1,9,0,52.937679
70425.000000,33.578310,-117.064189,432.959640,30.025998,2.318014,8,1,9,0,53.647510
70440.000000,33.578305,-117.064191,432.056617,29.716645,2.316626,8,1,9,0,54.101087
70455.000000,33.578306,-117.064188,433.196705,30.072859,2.315218,8,1,9,0,53.511865
70470.000000,33.578305,-117.064194,430.527789,29.954666,2.313791,8,1,9,0,54.977757
70485.000000,33.578300,-117.064191,430.015465,29.808817,2.312344,8,1,9,0,55.485823
70500.000000,33.578297,-117.064193,431.174429,29.516468,2.310878,8,1,9,0,54.509317
70515.000000,33.578305,-117.064191,430.486226,29.873119,2.309392,8,1,9,0,55.192695
70530.000000,33.578299,-117.064190,429.553086,29.528554,2.307888,8,1,9,0,55.880435
70545.000000,33.578298,-117.064190,429.890871,29.634202,2.306365,8,1,9,0,55.625245
70560.000000,33.578297,-117.064193,428.578049,29.453578,2.304823,8,1,9,0,56.356499
70575.000000,33.578300,-117.064188,429.330910,29.886482,2.303262,8,1,9,0,56.165064
70590.000000,33.578298,-117.064193,427.383450,29.873842,2.301684,8,1,9,0,57.270656
70605.000000,33.578298,-117.064190,427.359278,29.896647,2.300087,8,1,9,0,57.472448
70620.000000,33.578294,-117.064196,428.223639,29.779932,2.298471,8,1,9,0,56.412598
70635.000000,33.578294,-117.064194,428.421290,29.863264,2.296838,8,1,10,0,56.387787
70650.000000,33.578287,-117.064193,428.498685,29.218131,2.295187,8,1,10,0,56.343606
70665.000000,33.578287,-117.064191,426.272062,29.138461,2.293519,8,1,10,0,58.075076
70680.000000,33.578284,-117.064190,427.311006,29.358764,2.291832,8,1,10,0,57.366472
70695.000000,33.578285,-117.064194,428.255379,29.183202,2.290129,8,1,10,0,56.405106
70710.000000,33.578288,-117.064191,426.021943,29.538650,2.288409,8,1,10,0,58.320069
70725.000000,33.578283,-117.064188,426.594682,29.204278,2.286672,8,1,10,0,57.978498
70740.000000,33.578280,-117.064194,426.132510,29.437731,2.284918,8,1,10,0,57.989606
70755.000000,33.578280,-117.064196,425.303460,29.388145,2.283148,8,1,10,0,58.470058
70770.000000,33.578279,-117.064196,423.521970,29.258175,2.281362,8,1,10,0,59.844793
70785.000000,33.578279,-117.064191,424.476549,29.543726,2.279559,8,1,10,0,59.421186
70800.000000,33.578279,-117.064193,422.807339,29.363404,2.277741,8,1,10,0,60.574476
70815.000000,33.578279,-117.064191,422.750111,29.024450,2.275907,8,1,10,0,60.745076
70830.000000,33.578275,-117.064193,423.167439,28.905316,2.274058,8,1,10,0,60.294179
70845.000000,33.578271,-117.064192,422.040752,28.581986,2.272193,8,1,10,0,61.202487
70860.000000,33.578272,-117.064188,422.038070,28.850898,2.270313,8,1,10,0,61.411668
70875.000000,33.578269,-117.064191,421.802556,28.812288,2.268419,8,1,10,0,61.418963
70890.000000,33.578274,-117.064190,420.918462,29.627536,2.266510,8,1,10,0,62.224097
70905.000000,33.578270,-117.064189,420.514348,29.294885,2.264586,8,1,10,0,62.546014
70920.000000,33.578267,-117.064188,419.992546,29.023750,2.262648,8,1,10,0,63.021931
70935.000000,33.578266,-117.064186,419.197106,28.964071,2.260697,8,1,10,0,63.734613
70950.000000,33.578264,-117.064187,419.375002,29.065458,2.258731,8,1,10,0,63.517197
70965.000000,33.578262,-117.064185,417.847257,28.899768,2.256753,8,1,10,0,64.885589
70980.000000,33.578261,-117.064186,418.359846,29.075717,2.254760,8,1,10,0,64.424096
70995.000000,33.578261,-117.064186,417.185880,29.013705,2.252755,8,1,10,0,65.341032
71010.000000,33.578254,-117.064189,419.866783,28.572864,2.250737,8,1,10,0,63.020078
71025.000000,33.578252,-117.064190,419.116326,28.339667,2.248707,8,1,10,0,63.523558
71040.000000,33.578258,-117.064187,417.836234,28.646306,2.246664,8,1,10,0,64.763868
71055.000000,33.578252,-117.064186,417.626556,28.575563,2.244609,8,1,10,0,64.953852
71070.000000,33.578253,-117.064188,417.274145,28.234218,2.242542,8,1,10,0,65.139254
71085.000000,33.578253,-117.064190,416.156604,27.637542,2.240464,8,1,10,0,65.949501
71100.000000,33.578250,-117.064191,416.299282,27.621445,2.238374,8,1,10,0,65.785326
71115.000000,33.578247,-117.064194,417.014948,27.787430,2.236273,8,1,10,0,65.018597
71130.000000,33.578251,-117.064198,415.105606,28.101175,2.234162,8,1,10,0,66.404311
71145.000000,33.578248,-117.064192,415.327176,27.724037,2.232039,8,1,10,0,66.490529
71160.000000,33.578249,-117.064188,415.431331,27.954422,2.229906,8,1,10,0,66.650673
71175.000000,33.578244,-117.064192,415.592282,27.785643,2.227763,8,1,10,0,66.318972
71190.000000,33.578243,-117.064196,415.028717,27.848024,2.225610,8,1,10,0,66.553026
71205.000000,33.578244,-117.064195,413.718084,27.614278,2.223447,8,1,10,0,67.664440
71220.000000,33.578244,-117.064194,413.375005,27.444715,2.221275,8,1,10,0,68.037709
71235.000000,33.578246,-117.064191,413.627024,27.744224,2.219094,8,1,10,0,67.975437
71250.000000,33.578244,-117.064194,413.660333,27.458465,2.216903,8,1,10,0,67.780740
71265.000000,33.578241,-117.064194,413.660413,27.455497,2.214704,8,1,10,0,67.773109
71280.000000,33.578236,-117.064195,413.865767,27.259256,2.212496,8,1,10,0,67.565271
71295.000000,33.578235,-117.064192,412.987966,27.196884,2.210281,8,1,10,0,68.453071
71310.000000,33.578238,-117.064193,412.639740,27.369000,2.208057,8,1,10,0,68.687792
71325.000000,33.578235,-117.064194,411.978272,26.978239,2.205825,8,1,10,0,69.187533
71340.000000,33.578238,-117.064197,411.958950,27.133912,2.203586,8,1,11,0,69.083018
71355.000000,33.578234,-117.064197,411.387219,27.088371,2.201340,8,1,11,0,69.521322
71370.000000,33.578232,-117.064198,410.807619,27.041730,2.199086,8,1,11,0,69.997920
71385.000000,33.578227,-117.064195,411.674581,26.622926,2.196826,8,1,11,0,69.409989
71400.000000,33.578228,-117.064196,411.786388,26.737169,2.194559,8,1,11,0,69.269623
71415.000000,33.578224,-117.064198,411.929254,26.630733,2.192286,8,1,11,0,69.064924
71430.000000,33.578228,-117.064200,411.247131,26.811059,2.190007,8,1,11,0,69.518637
71445.000000,33.578230,-117.064201,412.060062,26.527674,2.187722,8,1,11,0,68.769031
71460.000000,33.578229,-117.064200,410.671619,26.722197,2.185431,8,1,11,0,70.026493
71475.000000,33.578226,-117.064201,409.029310,26.626711,2.183135,8,1,11,0,71.375376
71490.000000,33.578230,-117.064206,410.225082,26.787575,2.180833,8,1,11,0,70.105272
71505.000000,33.578222,-117.064207,409.907555,26.343966,2.178527,8,1,11,0,70.353915
71520.000000,33.578222,-117.064204,408.727205,26.222475,2.176216,8,1,11,0,71.506489
71535.000000,33.578219,-117.064203,410.305577,26.069992,2.173901,8,1,11,0,70.220141
71550.000000,33.578215,-117.064197,410.387634,25.785212,2.171581,8,1,11,0,70.438702
71565.000000,33.578219,-117.064190,409.059499,25.892251,2.169257,8,1,11,0,71.909769
71580.000000,33.578219,-117.064195,409.358264,25.701828,2.166930,8,1,11,0,71.402231
71595.000000,33.578217,-117.064199,408.855662,25.568301,2.164599,8,1,11,0,71.655908
71610.000000,33.578212,-117.064200,407.684458,25.527611,2.162264,8,1,11,0,72.639106
71625.000000,33.578211,-117.064197,409.335060,25.263556,2.159926,8,1,11,0,71.379313
71640.000000,33.578204,-117.064196,411.617177,24.688720,2.157586,8,1,11,0,69.552284
71655.000000,33.578214,-117.064205,407.518183,25.447985,2.155243,8,1,11,0,72.521318
71670.000000,33.578209,-117.064199,407.977688,25.256482,2.152897,8,1,11,0,72.460086
71685.000000,33.578209,-117.064205,407.522937,25.492116,2.150548,8,1,11,0,72.548280
71700.000000,33.578201,-117.064202,407.719313,24.899011,2.148198,8,1,11,0,72.559617
71715.000000,33.578211,-117.064210,405.081050,25.615019,2.145846,8,1,11,0,74.413379
71730.000000,33.578204,-117.064203,407.705732,24.988395,2.143492,8,1,11,0,72.520876
71745.000000,33.578205,-117.064209,406.841524,25.009167,2.141137,8,1,11,0,72.971421
71760.000000,33.578206,-117.064205,406.331356,24.998601,2.138780,8,1,11,0,73.584756
71775.000000,33.578201,-117.064205,408.982221,24.764456,2.136422,8,1,11,0,71.355324
71790.000000,33.578204,-117.064207,407.253608,24.720093,2.134063,8,1,11,0,72.714711
71805.000000,33.578202,-117.064206,407.443622,24.485762,2.131704,8,1,11,0,72.633924
71820.000000,33.578205,-117.064211,404.879557,24.850518,2.129344,8,1,11,0,74.582918
71835.000000,33.578201,-117.064208,406.554678,24.215906,2.126983,8,1,10,0,73.305365
71850.000000,33.578212,-117.064216,404.040706,25.168649,2.124623,8,1,11,0,75.062810
71865.000000,33.578199,-117.064212,405.432074,24.757400,2.122262,8,1,11,0,74.107193
71880.000000,33.578205,-117.064210,402.636940,24.826233,2.119902,8,1,11,0,76.610659
71895.000000,33.578200,-117.064207,404.145411,24.200944,2.117542,8,1,11,0,75.431193
71910.000000,33.578200,-117.064212,403.033325,24.311523,2.115182,8,1,11,0,76.201874
71925.000000,33.578191,-117.064209,404.759996,23.906594,2.112823,8,1,11,0,74.879869
71940.000000,33.578188,-117.064206,407.849934,23.598866,2.110465,8,1,11,0,72.383436
71955.000000,33.578194,-117.064210,405.193476,23.918966,2.108108,8,1,11,0,74.431185
71970.000000,33.578198,-117.064217,405.082232,23.786522,2.105753,8,1,11,0,74.215271
71985.000000,33.578203,-117.064226,404.208127,24.127043,2.103398,8,1,11,0,74.545403
72000.000000,33.578194,-117.064218,406.287909,23.650418,2.101045,8,1,11,0,73.114213
72015.000000,33.578205,-117.064225,403.707749,24.359543,2.098694,8,1,11,0,75.014838
72030.000000,33.578183,-117.064209,407.979309,23.101799,2.096344,8,1,11,0,72.191619
72045.000000,33.578195,-117.064221,405.458249,23.532853,2.093997,8,1,11,0,73.693983
72060.000000,33.578192,-117.064221,405.256441,23.298432,2.091651,8,1,11,0,73.899473
72075.000000,33.578192,-117.064222,404.133167,23.454820,2.089308,8,1,11,0,74.848817
72090.000000,33.578185,-117.064221,405.615812,23.203002,2.086967,8,1,11,0,73.669369
72105.000000,33.578359,-117.064236,444.742913,38.927353,2.004260,9,1,11,0,44.101084
72120.000000,33.578358,-117.064238,441.836728,38.586965,2.003391,9,1,11,0,45.660597
72135.000000,33.578353,-117.064235,443.829085,38.594623,2.002503,9,1,11,0,44.479725
72150.000000,33.578364,-117.064240,438.623577,38.377857,2.001595,9,1,11,0,47.708161
72165.000000,33.578360,-117.064239,440.709092,38.307451,2.000667,9,1,11,0,46.350414
72180.000000,33.578374,-117.064241,437.256440,39.239130,1.999719,9,1,11,0,48.916291
72195.000000,33.578367,-117.064242,438.282446,38.238102,1.998751,9,1,11,0,47.920914
72210.000000,33.578372,-117.064238,436.542518,39.253701,1.997763,9,1,12,0,49.514454
72225.000000,33.578373,-117.064239,436.704121,39.195413,1.996755,9,1,12,0,49.373892
72240.000000,33.578360,-117.064232,437.499518,38.401082,1.995727,9,1,12,0,48.862317
72255.000000,33.578370,-117.064229,437.491017,39.422366,1.994679,9,1,12,0,49.417931
72270.000000,33.578366,-117.064229,435.538261,39.072612,1.993610,9,1,12,0,50.584800
72285.000000,33.578366,-117.064228,434.031098,39.207651,1.992521,9,1,12,0,51.708425
72300.000000,33.578366,-117.064233,435.743563,39.230499,1.991412,9,1,12,0,50.158828
72315.000000,33.578373,-117.064234,431.531025,39.692737,1.990283,9,1,12,0,53.295457
72330.000000,33.578374,-117.064242,428.855582,38.657991,1.989133,9,1,12,0,54.849716
72345.000000,33.578372,-117.064238,431.627593,38.626803,1.987963,9,1,12,0,52.968140
72360.000000,33.578379,-117.064238,431.321641,39.638930,1.986772,9,1,12,0,53.412587
72375.000000,33.578364,-117.064233,432.360844,38.195616,1.985561,9,1,12,0,52.521291
72390.000000,33.578368,-117.064237,431.385043,38.323951,1.984330,9,1,12,0,53.095895
72405.000000,33.578374,-117.064230,432.283432,39.370037,1.983078,9,1,12,0,53.042385
72420.000000,33.578376,-117.064235,430.188449,39.027944,1.981807,9,1,12,0,54.318247
72435.000000,33.578371,-117.064241,428.725654,37.732716,1.980514,9,1,12,0,54.900871
72450.000000,33.578385,-117.064249,426.430524,39.417904,1.979202,9,1,12,0,56.647992
72465.000000,33.578382,-117.064248,428.798187,39.193706,1.977869,9,1,12,0,54.812517
72480.000000,33.578391,-117.064251,424.407105,39.281117,1.976516,9,1,12,0,58.289685
72495.000000,33.578385,-117.064247,424.977636,38.700306,1.975143,9,1,12,0,57.858433
72510.000000,33.578392,-117.064246,423.814947,39.574378,1.973749,9,1,12,0,59.006559
72525.000000,33.578382,-117.064245,426.458360,38.785394,1.972335,9,1,12,0,56.731334
72540.000000,33.578382,-117.064242,424.796219,38.635363,1.970901,9,1,12,0,58.171395
72555.000000,33.578384,-117.064245,424.010054,39.027549,1.969448,9,1,12,0,58.692536
72570.000000,33.578381,-117.064243,424.410417,39.336371,1.967974,9,1,12,0,58.391258
72585.000000,33.578388,-117.064247,422.009805,39.065547,1.966480,9,1,12,0,60.273806
72600.000000,33.578385,-117.064243,423.154186,38.852225,1.964966,9,1,12,0,59.497944
72615.000000,33.578394,-117.064251,418.307075,38.715805,1.963433,9,1,12,0,63.252089
72630.000000,33.578395,-117.064254,418.090120,39.240038,1.961880,9,1,12,0,63.325110
72645.000000,33.578402,-117.064260,416.664742,39.668994,1.960308,9,1,12,0,64.470341
72660.000000,33.578387,-117.064253,420.631011,38.901543,1.958715,9,1,12,0,61.102618
72675.000000,33.578382,-117.064241,420.966618,38.519383,1.957103,9,1,12,0,61.255047
72690.000000,33.578402,-117.064410,459.150665,33.737405,1.794117,9,1,12,0,27.154054
72705.000000,33.578410,-117.064414,456.609412,34.442158,1.794370,9,1,12,0,28.590265
72720.000000,33.578402,-117.064411,456.765012,34.902429,1.794601,9,1,12,0,28.141895
72735.000000,33.578401,-117.064409,456.436738,34.922665,1.794811,9,1,12,0,28.398990
72750.000000,33.578405,-117.064412,452.603533,35.382124,1.795000,9,1,12,0,30.495633
72765.000000,33.578403,-117.064396,454.594987,34.014908,1.795167,9,1,12,0,30.111488
72780.000000,33.578397,-117.064405,453.488656,34.604727,1.795312,9,1,12,0,29.798832
72795.000000,33.578397,-117.064403,454.123516,34.348043,1.795435,9,1,12,0,29.626893
72810.000000,33.578406,-117.064411,452.658219,35.702434,1.795536,9,1,12,0,30.579888
72825.000000,33.578273,-117.064412,484.220682,35.725658,1.646497,10,1,12,0,22.640712
72840.000000,33.578272,-117.064420,480.719042,36.628543,1.647341,10,1,12,0,19.979348
72855.000000,33.578265,-117.064428,481.912768,37.268004,1.648168,10,1,12,0,19.986553
72870.000000,33.578262,-117.064438,480.534119,38.703578,1.648979,10,1,13,0,18.354220
72885.000000,33.578262,-117.064429,480.462108,38.184128,1.649772,10,1,13,0,18.996592
72900.000000,33.578262,-117.064421,479.357641,37.652047,1.650549,10,1,13,0,19.090038
72915.000000,33.578264,-117.064418,479.963376,37.489717,1.651307,10,1,13,0,19.668011
72930.000000,33.578267,-117.064415,478.624756,36.866410,1.652048,10,1,13,0,19.315983
72945.000000,33.578257,-117.064419,477.933970,37.893182,1.652771,10,1,13,0,18.505435
72960.000000,33.578258,-117.064414,479.046629,37.271930,1.653476,10,1,13,0,19.453597
72975.000000,33.578257,-117.064400,478.376752,36.369534,1.654163,10,1,13,0,20.291740
72990.000000,33.578265,-117.064412,477.950344,37.698699,1.654831,10,1,13,0,19.191882
73005.000000,33.578261,-117.064424,474.972392,38.947741,1.655480,10,1,13,0,17.105572
73020.000000,33.578252,-117.064425,474.626622,39.514842,1.656111,10,1,13,0,16.845675
73035.000000,33.578262,-117.064418,474.769617,39.004730,1.656723,10,1,13,0,17.567154
73050.000000,33.578256,-117.064401,475.954792,37.340647,1.657315,10,1,13,0,19.326296
73065.000000,33.578253,-117.064398,475.259217,37.375548,1.657888,10,1,13,0,19.357770
73080.000000,33.578257,-117.064404,474.914251,38.002283,1.658442,10,1,13,0,18.806923
73095.000000,33.578260,-117.064387,473.570814,36.092643,1.658976,10,1,13,0,20.065800
73110.000000,33.578258,-117.064405,472.054595,38.114220,1.659490,10,1,13,0,18.185593
73125.000000,33.578253,-117.064403,472.273376,38.347715,1.659984,10,1,13,0,18.347771
73140.000000,33.578254,-117.064407,471.897370,38.877348,1.660458,10,1,13,0,17.986071
73155.000000,33.578251,-117.064405,470.845035,38.975261,1.660912,10,1,13,0,18.056222
73170.000000,33.578258,-117.064379,472.745764,36.833173,1.661345,10,1,13,0,20.652686
73185.000000,33.578248,-117.064386,470.528875,37.491965,1.661758,10,1,13,0,19.781494
73200.000000,33.578251,-117.064386,471.006472,37.478492,1.662150,10,1,13,0,19.809147
73215.000000,33.578246,-117.064387,470.353581,37.760619,1.662521,10,1,13,0,19.716460
73230.000000,33.578252,-117.064396,468.263869,38.294402,1.662871,10,1,13,0,18.981183
73245.000000,33.578246,-117.064398,467.526669,38.966640,1.663200,10,1,13,0,18.871826
73260.000000,33.578249,-117.064397,464.084745,38.611008,1.663508,10,1,13,0,19.703545
73275.000000,33.578245,-117.064398,464.008097,39.285453,1.663795,10,1,13,0,19.637429
73290.000000,33.578251,-117.064366,468.293931,36.345020,1.664059,10,1,13,0,21.750723
73305.000000,33.578245,-117.064389,463.829914,38.823945,1.664303,10,1,13,0,20.429699
73320.000000,33.578248,-117.064387,463.363734,38.737476,1.664525,10,1,13,0,20.799248
73335.000000,33.578257,-117.064363,466.407485,36.624697,1.664725,10,1,13,0,22.227311
73350.000000,33.578251,-117.064386,460.977535,38.685501,1.664903,10,1,13,0,21.745214
73365.000000,33.578243,-117.064384,461.369834,38.578522,1.665059,10,1,13,0,21.758002
73380.000000,33.578239,-117.064380,459.720050,38.479093,1.665194,10,1,13,0,22.803220
73395.000000,33.578243,-117.064374,460.169115,38.283711,1.665306,10,1,13,0,23.124332
73410.000000,33.578244,-117.064369,460.434987,38.083878,1.665395,10,1,13,0,23.415746
73425.000000,33.578243,-117.064364,461.536011,37.379755,1.665463,10,1,13,0,23.401671
73440.000000,33.578245,-117.064363,459.923421,38.152423,1.665508,10,1,13,0,24.113225
73455.000000,33.578246,-117.064360,459.097746,37.525835,1.665531,10,1,13,0,24.714332
73470.000000,33.578243,-117.064376,455.635626,39.114211,1.665532,10,1,13,0,25.225936
73485.000000,33.578242,-117.064376,456.389403,38.449733,1.665510,10,1,13,0,24.805760
73500.000000,33.578238,-117.064378,453.936239,39.227724,1.665466,10,1,13,0,26.137797
73515.000000,33.578243,-117.064358,456.443935,37.691085,1.665399,10,1,13,0,26.185644
73530.000000,33.578238,-117.064370,452.411361,38.994674,1.665309,10,1,13,0,27.658491
73545.000000,33.578240,-117.064352,455.238487,37.198710,1.665197,10,1,13,0,27.270521
73560.000000,33.578236,-117.064359,453.626207,38.036531,1.665062,10,1,13,0,27.696495
73575.000000,33.578231,-117.064356,453.144892,38.431762,1.664905,10,1,13,0,28.208988
73590.000000,33.578230,-117.064364,451.449163,38.549695,1.664724,10,1,13,0,28.693976
73605.000000,33.578233,-117.064356,451.452407,38.319620,1.664521,10,1,13,0,29.261104
73620.000000,33.578235,-117.064359,450.278283,38.325374,1.664296,10,1,13,0,29.814393
73635.000000,33.578239,-117.064350,449.946116,37.944670,1.664048,10,1,13,0,30.659833
73650.000000,33.578277,-117.064237,472.529085,34.651515,1.734061,9,1,13,0,33.901111
73665.000000,33.578279,-117.064238,473.307393,34.975037,1.734495,9,1,13,0,33.909070
73680.000000,33.578273,-117.064231,474.745828,34.737327,1.734909,9,1,13,0,34.633205
73695.000000,33.578272,-117.064236,472.888134,35.044422,1.735301,9,1,13,0,33.973465
73710.000000,33.578269,-117.064238,471.984797,35.145337,1.735673,9,1,13,0,33.660619
73725.000000,33.578270,-117.064229,470.832371,34.483427,1.736022,9,1,13,0,34.501363
73740.000000,33.578277,-117.064233,468.248482,34.634299,1.736351,9,1,13,0,34.204473
73755.000000,33.578275,-117.064233,468.078428,34.772394,1.736657,9,1,13,0,34.243146
73770.000000,33.578197,-117.064102,511.993027,29.459466,1.968699,8,1,13,0,62.543675
73785.000000,33.578195,-117.064100,513.142169,29.740203,1.970932,8,1,13,0,63.481156
73800.000000,33.578198,-117.064098,511.732187,29.937282,1.973152,8,1,13,0,62.643733
73815.000000,33.578193,-117.064094,512.582639,29.886616,1.975358,8,1,13,0,63.564312
73830.000000,33.578194,-117.064090,511.988418,30.013447,1.977549,8,1,13,0,63.392001
73845.000000,33.578196,-117.064082,509.331685,29.915355,1.979725,8,1,13,0,62.264035
73860.000000,33.578196,-117.064090,510.546872,30.215737,1.981885,8,1,14,0,62.436599
73875.000000,33.578193,-117.064090,510.361119,30.104409,1.984030,8,1,14,0,62.376806
73890.000000,33.578195,-117.064092,509.413496,30.153422,1.986159,8,1,14,0,61.563075
73905.000000,33.578195,-117.064089,509.951884,30.238557,1.988270,8,1,14,0,62.128876
73920.000000,33.578192,-117.064088,510.156693,30.269036,1.990365,8,1,13,0,62.372598
73935.000000,33.578193,-117.064083,508.795977,30.275305,1.992442,8,1,13,0,61.891448
73950.000000,33.578193,-117.064082,508.109231,30.169124,1.994501,8,1,13,0,61.508659
73965.000000,33.578191,-117.064079,508.394039,30.460956,1.996542,8,1,13,0,61.937002
73980.000000,33.578190,-117.064078,507.324620,30.336216,1.998563,8,1,13,0,61.334958
73995.000000,33.578186,-117.064075,508.205839,30.086060,2.000566,8,1,13,0,62.120441
74010.000000,33.578182,-117.064072,509.546518,30.386352,2.002549,8,1,13,0,63.227669
74025.000000,33.578187,-117.064070,506.486940,30.337229,2.004512,8,1,13,0,61.473983
74040.000000,33.578194,-117.064077,504.428014,30.777287,2.006454,8,1,13,0,59.641502
74055.000000,33.578194,-117.064070,504.781217,31.242487,2.008375,8,1,13,0,60.414677
74070.000000,33.578188,-117.064068,505.359691,31.549409,2.010275,8,1,13,0,60.931533
74085.000000,33.578187,-117.064066,505.588340,31.387861,2.012153,8,1,13,0,61.252063
74100.000000,33.578192,-117.064069,504.158973,31.414796,2.014009,8,1,13,0,60.132774
74115.000000,33.578192,-117.064067,503.101140,31.494487,2.015843,8,1,13,0,59.723565
74130.000000,33.578199,-117.064072,501.483908,31.394935,2.017653,8,1,13,0,58.346208
74145.000000,33.578193,-117.064071,501.863720,31.373045,2.019440,8,1,13,0,58.681581
74160.000000,33.578198,-117.064070,500.295142,31.755823,2.021203,8,1,13,0,57.929940
74175.000000,33.578195,-117.064072,500.685634,31.498880,2.022941,8,1,13,0,57.926224
74190.000000,33.578198,-117.064065,499.579602,31.790078,2.024655,8,1,13,0,57.937970
74205.000000,33.578198,-117.064070,498.935546,31.685621,2.026344,8,1,13,0,57.156215
74220.000000,33.578199,-117.064072,499.072410,31.898866,2.028007,8,1,13,0,57.070323
74235.000000,33.578198,-117.064068,497.358816,31.911566,2.029644,8,1,13,0,56.574887
74250.000000,33.578200,-117.064067,496.990115,32.103687,2.031255,8,1,13,0,56.476532
74265.000000,33.578200,-117.064063,496.334773,31.935519,2.032839,8,1,13,0,56.456747
74280.000000,33.578201,-117.064066,494.615489,32.180597,2.034397,8,1,13,0,55.470983
74295.000000,33.578195,-117.064064,496.096744,32.162129,2.035926,8,1,13,0,56.304821
74310.000000,33.578195,-117.064224,531.674532,33.689784,1.760810,9,1,13,0,70.981166
74325.000000,33.578197,-117.064225,529.904002,33.785006,1.763437,9,1,13,0,69.379368
74340.000000,33.578194,-117.064226,531.253675,33.894730,1.766050,9,1,13,0,70.545454
74355.000000,33.578190,-117.064224,531.869705,33.989314,1.768649,9,1,13,0,71.194624
74370.000000,33.578195,-117.064234,529.638987,34.208510,1.771234,9,1,13,0,68.746624
74385.000000,33.578198,-117.064236,528.567236,34.225807,1.773804,9,1,13,0,67.697019
74400.000000,33.578192,-117.064228,530.226862,34.289803,1.776358,9,1,13,0,69.549514
74415.000000,33.578185,-117.064256,536.612783,31.811853,1.691748,10,1,13,0,74.059456
74430.000000,33.578187,-117.064260,536.292260,32.204282,1.694344,10,1,13,0,73.593375
74445.000000,33.578184,-117.064254,535.374004,32.036222,1.696928,10,1,13,0,73.049406
74460.000000,33.578188,-117.064257,534.057710,31.984311,1.699498,10,1,13,0,71.692064
74475.000000,33.578186,-117.064260,532.825052,31.878190,1.702053,10,1,13,0,70.497208
74490.000000,33.578183,-117.064258,533.007870,31.984890,1.704594,10,1,13,0,70.764224
74505.000000,33.578184,-117.064260,532.661609,32.312547,1.707120,10,1,13,0,70.366968
74520.000000,33.578185,-117.064262,532.890033,32.563114,1.709631,10,1,13,0,70.483710
74535.000000,33.578183,-117.064259,532.381258,32.463590,1.712125,10,1,13,0,70.180282
74550.000000,33.578184,-117.064269,531.767789,32.810409,1.714604,10,1,13,0,69.218857
74565.000000,33.578185,-117.064264,531.769701,32.963728,1.717065,10,1,13,0,69.414977
74580.000000,33.578182,-117.064260,530.953413,32.645364,1.719509,10,1,13,0,68.860765
74595.000000,33.578186,-117.064271,530.341341,32.932944,1.721936,10,1,13,0,67.839110
74610.000000,33.578191,-117.064268,528.274334,32.876696,1.724345,10,1,13,0,66.071530
74625.000000,33.578185,-117.064267,528.732499,32.993445,1.726734,10,1,13,0,66.597443
74640.000000,33.578188,-117.064275,528.656578,33.326856,1.729105,10,1,13,0,66.132100
74655.000000,33.578187,-117.064262,527.133960,33.182900,1.731457,10,1,13,0,65.401977
74670.000000,33.578188,-117.064274,527.524106,33.314308,1.733789,10,1,13,0,65.204547
74685.000000,33.578187,-117.064271,526.079201,33.246885,1.736100,10,1,13,0,64.053381
74700.000000,33.578181,-117.064264,527.224594,33.332875,1.738391,10,1,13,0,65.431476
74715.000000,33.578190,-117.064272,523.924589,33.360117,1.740661,10,1,13,0,62.111816
74730.000000,33.578185,-117.064265,523.924177,33.040815,1.742908,10,1,13,0,62.477312
74745.000000,33.578186,-117.064269,524.364363,33.389330,1.745134,10,1,13,0,62.649651
74760.000000,33.578189,-117.064279,524.113103,33.799412,1.747338,10,1,13,0,61.968546
74775.000000,33.578181,-117.064269,525.194981,33.876505,1.749518,10,1,13,0,63.424252
74790.000000,33.578187,-117.064276,521.855286,33.628573,1.751676,10,1,13,0,60.163823
74805.000000,33.578183,-117.064277,524.404854,34.339838,1.753809,10,1,13,0,62.396109
74820.000000,33.578184,-117.064274,521.735443,34.055412,1.755919,10,1,13,0,60.204090
74835.000000,33.578186,-117.064285,520.894219,33.888657,1.758004,10,1,13,0,58.934827
74850.000000,33.578186,-117.064275,520.256857,34.284405,1.760063,10,1,13,0,58.866354
74865.000000,33.578188,-117.064281,519.994730,34.392753,1.762098,10,1,13,0,58.350622
74880.000000,33.578188,-117.064277,518.404306,34.193160,1.764107,10,1,13,0,57.142170
74895.000000,33.578188,-117.064283,517.451663,34.420362,1.766089,10,1,13,0,56.058698
74910.000000,33.578187,-117.064285,518.572669,34.591122,1.768045,10,1,13,0,56.925024
74925.000000,33.578188,-117.064282,517.334562,34.279858,1.769974,10,1,13,0,56.034745
74940.000000,33.578184,-117.064288,517.744806,34.746830,1.771876,10,1,13,0,56.141226
74955.000000,33.578189,-117.064288,515.642299,34.526255,1.773750,10,1,13,0,54.310845
74970.000000,33.578188,-117.064282,514.608086,34.323340,1.775596,10,1,13,0,53.726490
74985.000000,33.578190,-117.064286,513.738962,34.456188,1.777413,10,1,13,0,52.775581
75000.000000,33.578191,-117.064290,513.088624,34.625201,1.779202,10,1,13,0,52.018502
75015.000000,33.578191,-117.064303,515.095594,35.540056,1.780961,10,1,13,0,53.088125
75030.000000,33.578191,-117.064305,513.451065,35.229212,1.782691,10,1,13,0,51.579325
75045.000000,33.578188,-117.064306,511.731655,35.072972,1.784391,10,1,13,0,50.140371
75060.000000,33.578189,-117.064304,510.329015,34.907236,1.786060,10,1,13,0,49.048064
75075.000000,33.578191,-117.064294,508.072275,34.711386,1.787700,10,1,12,0,47.744900
75090.000000,33.578194,-117.064304,508.738733,35.082644,1.789308,10,1,13,0,47.714541
75105.000000,33.578186,-117.064306,509.714751,35.002274,1.790885,10,1,13,0,48.509606
75120.000000,33.578185,-117.064313,509.492439,35.516946,1.792430,10,1,13,0,47.979563
75135.000000,33.578188,-117.064312,508.204267,35.495141,1.793944,10,1,13,0,46.928295
75150.000000,33.578194,-117.064305,506.214317,35.275560,1.795425,10,1,13,0,45.656548
75165.000000,33.578191,-117.064301,505.066973,35.348010,1.796874,10,1,13,0,44.958894
75180.000000,33.578185,-117.064307,506.320663,35.367837,1.798291,10,1,13,0,45.745481
75195.000000,33.578189,-117.064316,506.021660,35.651450,1.799674,10,1,13,0,44.956775
75210.000000,33.578186,-117.064317,506.149267,36.023737,1.801024,10,1,13,0,45.028918
75225.000000,33.578190,-117.064326,505.166610,36.360841,1.802341,10,1,12,0,43.696473
75240.000000,33.578186,-117.064312,502.393521,35.709133,1.803624,10,1,12,0,42.348190
75255.000000,33.578188,-117.064311,501.843820,35.649102,1.804873,10,1,13,0,42.009669
75270.000000,33.578187,-117.064316,500.814238,35.746015,1.806088,10,1,13,0,40.895501
75285.000000,33.578188,-117.064329,502.255625,36.170497,1.807269,10,1,13,0,41.251111
75300.000000,33.578240,-117.064241,522.387611,35.395593,1.600578,11,1,12,0,61.997149
75315.000000,33.578238,-117.064236,519.392834,34.890596,1.602019,11,1,13,0,59.726655
75330.000000,33.578234,-117.064251,517.797203,34.718397,1.603440,11,1,13,0,57.677547
75345.000000,33.578239,-117.064238,514.716199,34.435774,1.604841,11,1,13,0,55.820436
75360.000000,33.578246,-117.064242,519.208970,35.277020,1.606221,11,1,13,0,59.273851
75375.000000,33.578246,-117.064231,518.576429,35.044780,1.607581,11,1,12,0,59.365628
75390.000000,33.578246,-117.064249,515.713333,35.312850,1.608921,11,1,12,0,56.046723
75405.000000,33.578240,-117.064263,512.853774,34.914147,1.610239,11,1,13,0,52.979296
75420.000000,33.578247,-117.064244,514.854992,35.204292,1.611536,11,1,13,0,55.618024
75435.000000,33.578256,-117.064241,513.758699,35.139880,1.612812,11,1,12,0,54.909882
75450.000000,33.578253,-117.064254,513.137557,35.364043,1.614067,11,1,13,0,53.694838
75465.000000,33.578249,-117.064260,511.908145,35.088553,1.615300,11,1,13,0,52.345698
75480.000000,33.578245,-117.064262,512.386925,35.255026,1.616510,11,1,13,0,52.631412
75495.000000,33.578252,-117.064261,511.453693,35.471703,1.617699,11,1,13,0,51.951937
75510.000000,33.578258,-117.064252,509.419491,35.333456,1.618865,11,1,12,0,50.882679
75525.000000,33.578264,-117.064243,510.223598,35.421713,1.620009,11,1,12,0,52.044175
75540.000000,33.578262,-117.064248,510.910340,35.313226,1.621130,11,1,12,0,52.320878
75555.000000,33.578256,-117.064263,510.347921,35.317105,1.622229,11,1,13,0,51.000121
75570.000000,33.578254,-117.064269,507.621455,35.394822,1.623305,11,1,12,0,48.486192
75585.000000,33.578268,-117.064243,510.395893,35.563944,1.624357,11,1,13,0,52.203952
75600.000000,33.578263,-117.064252,509.037319,35.724853,1.625386,11,1,12,0,50.610809
75615.000000,33.578258,-117.064257,504.532755,34.766954,1.626393,11,1,13,0,46.878187
75630.000000,33.578261,-117.064254,506.906762,35.629236,1.627375,11,1,13,0,48.876099
75645.000000,33.578263,-117.064256,509.736908,36.429849,1.628334,11,1,12,0,50.948058
75660.000000,33.578264,-117.064261,507.345316,36.266236,1.629269,11,1,13,0,48.787995
75675.000000,33.578258,-117.064280,502.687680,35.531679,1.630180,11,1,13,0,44.119977
75690.000000,33.578270,-117.064255,504.650597,35.827350,1.631068,11,1,13,0,47.175467
75705.000000,33.578271,-117.064258,505.263137,36.293212,1.631931,11,1,13,0,47.461840
75720.000000,33.578263,-117.064261,501.217483,35.416602,1.632770,11,1,13,0,44.276719
75735.000000,33.578270,-117.064272,503.865838,36.588404,1.633585,11,1,13,0,45.515604
75750.000000,33.578267,-117.064267,502.902405,36.323514,1.634375,11,1,13,0,45.145533
75765.000000,33.578268,-117.064274,500.529803,36.196776,1.635141,11,1,13,0,42.973027
75780.000000,33.578272,-117.064262,500.668628,36.511398,1.635883,11,1,13,0,43.909368
75795.000000,33.578276,-117.064265,499.547792,36.360275,1.636600,11,1,12,0,42.949345
75810.000000,33.578268,-117.064275,499.067054,36.602612,1.637292,11,1,13,0,41.895763
75825.000000,33.578270,-117.064273,498.271799,36.350734,1.637960,11,1,13,0,41.476013
75840.000000,33.578276,-117.064276,498.868889,37.010232,1.638603,11,1,13,0,41.733674
75855.000000,33.578277,-117.064273,497.556448,36.422857,1.639221,11,1,13,0,41.063502
75870.000000,33.578280,-117.064274,495.592094,36.357586,1.639814,11,1,13,0,39.756407
75885.000000,33.578273,-117.064278,496.298807,36.382760,1.640383,11,1,13,0,39.862611
75900.000000,33.578280,-117.064279,495.417624,36.862399,1.640926,11,1,13,0,39.277289
75915.000000,33.578276,-117.064285,495.374666,36.939407,1.641445,11,1,13,0,38.816577
75930.000000,33.578281,-117.064279,495.334993,36.740940,1.641939,11,1,13,0,39.233569
75945.000000,33.578284,-117.064274,491.529956,35.820406,1.642408,11,1,13,0,37.295853
75960.000000,33.578281,-117.064279,492.993153,36.339584,1.642852,11,1,13,0,37.757113
75975.000000,33.578280,-117.064276,492.149876,36.303477,1.643271,11,1,13,0,37.454419
75990.000000,33.578284,-117.064285,490.013951,36.215935,1.643665,11,1,13,0,35.617725
76005.000000,33.578286,-117.064289,491.660416,36.461732,1.644034,11,1,14,0,36.333707
76020.000000,33.578292,-117.064285,491.160394,36.718039,1.644379,11,1,14,0,36.395049
76035.000000,33.578290,-117.064280,488.300083,36.230797,1.644699,11,1,14,0,35.170184
76050.000000,33.578295,-117.064281,488.131187,36.855917,1.644994,11,1,14,0,35.100355
76065.000000,33.578295,-117.064286,489.001250,36.871831,1.645264,11,1,14,0,35.161159
76080.000000,33.578296,-117.064287,487.265531,36.759600,1.645510,11,1,14,0,34.193924
76095.000000,33.578292,-117.064291,486.626225,36.187746,1.645731,11,1,14,0,33.497198
76110.000000,33.578298,-117.064288,485.265054,36.911555,1.645927,11,1,14,0,33.219355
76125.000000,33.578291,-117.064296,485.636860,36.240480,1.646099,11,1,14,0,32.567731
76140.000000,33.578299,-117.064294,484.748841,37.152961,1.646247,11,1,14,0,32.475362
76155.000000,33.578297,-117.064291,485.386928,36.654290,1.646370,11,1,14,0,33.031596
76170.000000,33.578297,-117.064293,483.626652,36.734646,1.646469,11,1,14,0,32.004497
76185.000000,33.578298,-117.064292,484.008933,36.964032,1.646544,11,1,14,0,32.356522
76200.000000,33.578306,-117.064291,482.571989,36.856722,1.646595,11,1,14,0,31.945125
76215.000000,33.578299,-117.064307,481.536069,37.156708,1.646622,11,1,14,0,30.085603
76230.000000,33.578307,-117.064305,480.217244,37.751855,1.646625,11,1,14,0,29.951157
76245.000000,33.578299,-117.064303,480.231445,36.578865,1.646604,11,1,14,0,29.979031
76260.000000,33.578297,-117.064313,479.404365,37.275079,1.646560,11,1,14,0,28.791084
76275.000000,33.578298,-117.064298,480.435846,36.705419,1.646493,11,1,14,0,30.403813
76290.000000,33.578309,-117.064299,476.747460,37.252934,1.646402,11,1,14,0,29.535008
76305.000000,33.578296,-117.064312,478.751034,36.742162,1.646288,11,1,14,0,28.624703
76320.000000,33.578311,-117.064304,477.509397,37.677454,1.646151,11,1,14,0,29.350382
76335.000000,33.578301,-117.064312,476.582441,36.965847,1.645991,11,1,14,0,28.171950
76350.000000,33.578308,-117.064308,475.254813,36.894646,1.645809,11,1,14,0,28.411579
76365.000000,33.578303,-117.064303,476.099498,36.456806,1.645603,11,1,14,0,28.907115
76380.000000,33.578306,-117.064308,473.812978,36.723388,1.645376,11,1,14,0,28.142232
76395.000000,33.578299,-117.064308,476.043171,36.599536,1.645126,11,1,14,0,28.380196
76410.000000,33.578310,-117.064319,475.010128,37.518093,1.644854,11,1,13,0,27.490343
76425.000000,33.578302,-117.064319,473.592962,36.489654,1.644560,11,1,13,0,27.081081
76440.000000,33.578316,-117.064316,471.847073,37.471537,1.644245,11,1,13,0,27.593211
76455.000000,33.578312,-117.064313,470.755736,36.721428,1.643908,11,1,13,0,27.624026
76470.000000,33.578303,-117.064320,471.355819,36.460211,1.643550,11,1,13,0,26.783285
76485.000000,33.578307,-117.064320,471.756837,37.073423,1.643170,11,1,13,0,26.925475
76500.000000,33.578313,-117.064317,468.868111,36.376144,1.642770,11,1,13,0,27.335609
76515.000000,33.578313,-117.064319,469.192977,36.478075,1.642349,11,1,13,0,27.164277
76530.000000,33.578310,-117.064325,469.283447,36.610070,1.641907,11,1,13,0,26.489794
76545.000000,33.578311,-117.064322,468.368034,36.758618,1.641445,11,1,13,0,26.822892
76560.000000,33.578307,-117.064332,469.566314,37.016533,1.640963,11,1,13,0,25.798989
76575.000000,33.578312,-117.064332,467.926163,36.767572,1.640462,11,1,13,0,26.053142
76590.000000,33.578311,-117.064332,468.032555,36.870543,1.639940,11,1,13,0,25.981602
76605.000000,33.578313,-117.064340,466.057973,37.056307,1.639399,11,1,13,0,25.621254
76620.000000,33.578314,-117.064337,464.000273,36.837110,1.638839,11,1,13,0,26.277683
76635.000000,33.578317,-117.064340,463.259322,37.098493,1.638260,11,1,13,0,26.271219
76650.000000,33.578314,-117.064344,463.659681,36.542218,1.637662,11,1,13,0,25.783650
76665.000000,33.578321,-117.064344,461.463673,36.931071,1.637046,11,1,13,0,26.590699
76680.000000,33.578312,-117.064338,461.334786,36.485684,1.636411,11,1,13,0,26.889137
76695.000000,33.578315,-117.064339,460.063857,36.749068,1.635759,11,1,13,0,27.306884
76710.000000,33.578315,-117.064341,459.666805,36.454299,1.635088,11,1,13,0,27.310381
76725.000000,33.578319,-117.064349,459.310399,36.920817,1.634400,11,1,13,0,26.917863
76740.000000,33.578306,-117.064349,461.285776,37.094016,1.633695,11,1,13,0,25.813937
76755.000000,33.578317,-117.064349,458.503804,36.857462,1.632973,11,1,13,0,27.209614
76770.000000,33.578311,-117.064350,460.296237,36.384146,1.632234,11,1,13,0,26.204452
76785.000000,33.578320,-117.064342,457.083843,36.783788,1.631478,11,1,13,0,28.495444
76800.000000,33.578312,-117.064347,458.563861,36.185525,1.630706,11,1,13,0,27.185917
76815.000000,33.578316,-117.064359,458.405137,36.601769,1.629918,11,1,13,0,26.428557
76830.000000,33.578321,-117.064359,456.599159,36.365139,1.629115,11,1,13,0,27.418018
76845.000000,33.578318,-117.064349,455.629328,36.005765,1.628295,11,1,13,0,28.555241
76860.000000,33.578332,-117.064351,454.566611,36.027427,1.627461,11,1,13,0,29.419300
76875.000000,33.578331,-117.064356,454.901640,36.280358,1.626611,11,1,13,0,28.895911
76890.000000,33.578328,-117.064354,453.489724,36.060216,1.625747,11,1,13,0,29.703362
76905.000000,33.578328,-117.064360,454.271151,35.486374,1.624869,11,1,13,0,28.826902
76920.000000,33.578319,-117.064356,453.570208,35.869902,1.623976,11,1,13,0,29.210155
76935.000000,33.578320,-117.064359,454.575012,35.612032,1.623069,11,1,13,0,28.420582
76950.000000,33.578324,-117.064361,452.902297,35.896220,1.622149,11,1,13,0,29.378095
76965.000000,33.578332,-117.064356,450.530636,35.631827,1.621215,11,1,13,0,31.450110
76980.000000,33.578333,-117.064357,450.131867,36.113556,1.620268,11,1,13,0,31.634408
76995.000000,33.578325,-117.064360,449.634536,35.435076,1.619308,11,1,13,0,31.513014
77010.000000,33.578339,-117.064369,449.818482,35.793732,1.618335,11,1,13,0,31.302980
77025.000000,33.578327,-117.064372,450.048440,35.700093,1.617351,11,1,13,0,30.478347
77040.000000,33.578330,-117.064376,450.561984,35.549432,1.616354,11,1,13,0,30.021009
77055.000000,33.578326,-117.064374,448.622776,35.814970,1.615345,11,1,13,0,31.300978
77070.000000,33.578327,-117.064363,448.534917,34.685727,1.614325,11,1,13,0,32.123453
77085.000000,33.578328,-117.064377,446.669058,35.928886,1.613293,11,1,13,0,32.578691
77100.000000,33.578329,-117.064381,447.318118,35.582019,1.612251,11,1,13,0,31.890376
77115.000000,33.578335,-117.064376,444.579338,36.017244,1.611197,11,1,13,0,34.402787
77130.000000,33.578331,-117.064380,445.518733,35.730353,1.610133,11,1,13,0,33.300069
77145.000000,33.578331,-117.064376,444.891261,35.418159,1.609059,11,1,13,0,34.001134
77160.000000,33.578326,-117.064376,443.974433,35.500445,1.607975,11,1,13,0,34.579620
77175.000000,33.578330,-117.064382,445.106551,35.127972,1.606882,11,1,13,0,33.450184
77190.000000,33.578330,-117.064374,443.431681,34.822524,1.605779,11,1,13,0,35.180675
77205.000000,33.578319,-117.064383,445.071451,34.688244,1.604666,11,1,13,0,33.133892
77220.000000,33.578325,-117.064379,443.660322,35.132607,1.603545,11,1,13,0,34.601873
77235.000000,33.578319,-117.064377,443.346422,34.924834,1.602415,11,1,13,0,34.776284
77250.000000,33.578326,-117.064378,443.453097,34.422556,1.601277,11,1,13,0,34.857324
77265.000000,33.578326,-117.064382,443.073261,34.554756,1.600130,11,1,13,0,34.916125
77280.000000,33.578337,-117.064383,440.041367,35.419618,1.598976,11,1,13,0,37.610056
77295.000000,33.578332,-117.064391,441.011101,35.043034,1.597814,11,1,13,0,36.226982
77310.000000,33.578324,-117.064382,441.975908,34.632765,1.596644,11,1,13,0,35.681280
77325.000000,33.578324,-117.064384,439.945846,34.425824,1.595467,11,1,13,0,37.213728
77340.000000,33.578319,-117.064389,440.671267,34.561137,1.594284,11,1,13,0,36.239798
77355.000000,33.578330,-117.064391,439.816229,33.994971,1.593094,11,1,13,0,37.176065
77370.000000,33.578594,-117.064329,487.591877,19.025007,1.747920,10,1,13,0,49.504921
77385.000000,33.578585,-117.064332,486.964232,18.843059,1.748797,10,1,13,0,48.338392
77400.000000,33.578588,-117.064326,489.421639,18.369326,1.749678,10,1,13,0,49.786523
77415.000000,33.578590,-117.064337,487.984447,19.700401,1.750564,10,1,13,0,48.963881
77430.000000,33.578588,-117.064329,488.955417,18.410772,1.751455,10,1,13,0,49.506757
77445.000000,33.578590,-117.064343,487.353904,19.484162,1.752351,10,1,13,0,48.406629
77460.000000,33.578591,-117.064333,487.323572,18.654572,1.753252,10,1,13,0,48.974078
77475.000000,33.578583,-117.064331,487.959035,17.686854,1.754158,10,1,13,0,48.608262
77490.000000,33.578600,-117.064330,486.218146,19.136434,1.755068,10,1,13,0,49.500188
77505.000000,33.578588,-117.064333,486.473579,18.521715,1.755984,10,1,13,0,48.405299
77520.000000,33.578592,-117.064325,487.414359,18.200212,1.756905,10,1,13,0,49.493061
77535.000000,33.578597,-117.064333,484.258908,19.407394,1.757831,10,1,13,0,48.487823
77550.000000,33.578589,-117.064330,488.618412,18.510717,1.758762,10,1,13,0,49.415576
77565.000000,33.578590,-117.064337,486.720658,18.775164,1.759698,10,1,13,0,48.464181
77580.000000,33.578594,-117.064332,485.817684,18.827736,1.760639,10,1,13,0,48.759505
77595.000000,33.578594,-117.064336,486.620778,19.153294,1.761586,10,1,13,0,48.879451
77610.000000,33.578600,-117.064336,484.398151,19.524178,1.762537,10,1,13,0,48.674431
77625.000000,33.578593,-117.064333,484.338377,18.891539,1.763494,10,1,13,0,48.166781
77640.000000,33.578594,-117.064334,485.236862,18.954548,1.764455,10,1,13,0,48.529951
77655.000000,33.578596,-117.064334,484.191555,19.093175,1.765422,10,1,13,0,48.358619
77670.000000,33.578598,-117.064332,483.623001,18.981789,1.766394,10,1,13,0,48.465715
77685.000000,33.578595,-117.064330,483.955524,18.723608,1.767371,10,1,13,0,48.392947
77700.000000,33.578588,-117.064327,486.021259,17.695604,1.768353,10,1,13,0,48.501503
77715.000000,33.578595,-117.064325,484.646371,18.588704,1.769340,10,1,13,0,48.825788
77730.000000,33.578552,-117.064217,502.158709,18.332951,1.467720,11,1,13,0,58.843643
77745.000000,33.578553,-117.064217,501.857681,18.931699,1.469438,11,1,13,0,58.775392
77760.000000,33.578555,-117.064220,500.950565,18.600645,1.471156,11,1,13,0,58.245367
77775.000000,33.578555,-117.064224,501.530770,19.051257,1.472875,11,1,13,0,58.347209
77790.000000,33.578561,-117.064220,501.911937,20.468839,1.474595,11,1,13,0,59.097310
77805.000000,33.578553,-117.064225,502.664013,19.576462,1.476315,11,1,13,0,58.754584
77820.000000,33.578555,-117.064217,502.349621,19.542145,1.478036,11,1,13,0,59.195254
77835.000000,33.578556,-117.064216,500.744437,19.102382,1.479758,11,1,13,0,58.414655
77850.000000,33.578554,-117.064221,502.060402,18.132268,1.481480,11,1,13,0,58.704514
77865.000000,33.578555,-117.064210,501.829520,18.977034,1.483202,11,1,13,0,59.222268
77880.000000,33.578557,-117.064221,500.423003,19.312328,1.484924,11,1,13,0,57.981879
77895.000000,33.578552,-117.064217,502.812263,19.049300,1.486646,11,1,12,0,59.220277
77910.000000,33.578558,-117.064210,502.523694,19.841609,1.488369,11,1,12,0,59.801262
77925.000000,33.578561,-117.064216,500.469126,19.294052,1.490091,11,1,12,0,58.618462
77940.000000,33.578555,-117.064219,501.019523,19.141792,1.491813,11,1,13,0,58.369928
77955.000000,33.578556,-117.064217,501.238195,19.344978,1.493535,11,1,13,0,58.593617
77970.000000,33.578477,-117.064291,514.377181,9.261371,1.556461,10,1,13,0,58.773327
77985.000000,33.578477,-117.064273,515.674727,9.606346,1.558555,10,1,13,0,60.599712
78000.000000,33.578474,-117.064281,515.859424,9.373698,1.560651,10,1,13,0,60.251009
78015.000000,33.578478,-117.064275,515.688277,9.148496,1.562750,10,1,12,0,60.560149
78030.000000,33.578477,-117.064290,514.263707,9.179925,1.564850,10,1,12,0,58.718746
78045.000000,33.578476,-117.064282,515.108281,9.315417,1.566953,10,1,12,0,59.680699
78060.000000,33.578476,-117.064282,515.917072,9.501094,1.569057,10,1,13,0,60.304131
78075.000000,33.578479,-117.064284,514.712178,9.150591,1.571162,10,1,13,0,59.455451
78090.000000,33.578480,-117.064283,513.814066,9.530619,1.573270,10,1,13,0,58.846065
78105.000000,33.578483,-117.064277,513.196777,9.435952,1.575378,10,1,13,0,58.843564
78120.000000,33.578480,-117.064275,514.316963,9.623576,1.577488,10,1,13,0,59.626228
78135.000000,33.578480,-117.064276,515.236950,9.945640,1.579599,10,1,13,0,60.262737
78150.000000,33.578483,-117.064279,513.629623,9.571330,1.581711,10,1,12,0,59.058043
78165.000000,33.578478,-117.064274,514.328729,9.581418,1.583824,10,1,12,0,59.594807
78180.000000,33.578478,-117.064270,515.691757,9.539526,1.585938,10,1,13,0,60.769446
78195.000000,33.578479,-117.064274,514.066367,9.183582,1.588052,10,1,13,0,59.427203
78210.000000,33.578484,-117.064282,514.195872,9.372893,1.590167,10,1,13,0,59.397580
78225.000000,33.578484,-117.064270,514.940044,9.484677,1.592282,10,1,13,0,60.482823
78240.000000,33.578483,-117.064273,515.200430,9.581563,1.594397,10,1,13,0,60.484779
78255.000000,33.578485,-117.064271,514.923746,9.341498,1.596513,10,1,13,0,60.476029
78270.000000,33.578483,-117.064272,514.311985,9.610131,1.598628,10,1,12,0,59.889701
78285.000000,33.578487,-117.064270,513.863816,9.666061,1.600743,10,1,12,0,59.893612
78300.000000,33.578486,-117.064266,513.477552,10.098158,1.602857,10,1,12,0,59.724652
78315.000000,33.578487,-117.064268,513.467590,9.611486,1.604971,10,1,12,0,59.648189
78330.000000,33.578491,-117.064271,512.555220,10.117212,1.607084,10,1,12,0,59.064292
78345.000000,33.578481,-117.064273,512.622359,9.671743,1.609196,10,1,12,0,58.505164
78360.000000,33.578485,-117.064266,512.292283,9.310811,1.611308,10,1,12,0,58.827698
78375.000000,33.578479,-117.064264,513.068154,9.592313,1.613417,10,1,12,0,59.143308
78390.000000,33.578483,-117.064274,511.435834,9.512431,1.615526,10,1,12,0,57.714073
78405.000000,33.578485,-117.064265,512.955851,9.659615,1.617632,10,1,12,0,59.350261
78420.000000,33.578484,-117.064264,511.645655,9.020331,1.619737,10,1,12,0,58.385801
78435.000000,33.578487,-117.064267,511.502289,9.608527,1.621840,10,1,12,0,58.315312
78450.000000,33.578490,-117.064264,511.002577,9.452953,1.623941,10,1,12,0,58.247643
78465.000000,33.578484,-117.064266,511.343192,9.681909,1.626039,10,1,12,0,58.103507
78480.000000,33.578485,-117.064264,512.613427,9.418431,1.628135,10,1,12,0,59.174953
78495.000000,33.578490,-117.064269,512.099855,9.785435,1.630227,10,1,12,0,58.770542
78510.000000,33.578488,-117.064258,511.479826,9.803076,1.632317,10,1,12,0,58.774558
78525.000000,33.578489,-117.064266,512.346723,10.163814,1.634404,10,1,12,0,59.065012
78540.000000,33.578488,-117.064267,511.338092,9.893742,1.636487,10,1,12,0,58.218288
78555.000000,33.578485,-117.064276,512.140149,10.210000,1.638567,10,1,11,0,58.227140
78570.000000,33.578488,-117.064269,510.232112,10.166340,1.640643,10,1,11,0,57.392180
78585.000000,33.578488,-117.064264,510.401732,9.859694,1.642714,10,1,11,0,57.701266
78600.000000,33.578487,-117.064271,511.150653,9.890268,1.644782,10,1,11,0,57.854674
78615.000000,33.578484,-117.064273,510.788204,9.801517,1.646845,10,1,11,0,57.355954
78630.000000,33.578486,-117.064266,510.428822,9.712193,1.648903,10,1,11,0,57.559723
78645.000000,33.578485,-117.064261,511.542316,9.913040,1.650956,10,1,11,0,58.485286
78660.000000,33.578483,-117.064261,510.745597,9.534517,1.653004,10,1,11,0,57.870895
78675.000000,33.578486,-117.064260,510.514688,10.027155,1.655047,10,1,11,0,57.912432
78690.000000,33.578485,-117.064264,510.023579,10.125976,1.657084,10,1,11,0,57.334112
78705.000000,33.578487,-117.064269,509.832401,10.140581,1.659115,10,1,11,0,57.069121
78720.000000,33.578485,-117.064266,510.557393,10.243267,1.661139,10,1,11,0,57.589302
78735.000000,33.578488,-117.064253,509.935485,9.841683,1.663158,10,1,11,0,57.959588
78750.000000,33.578490,-117.064261,509.706674,10.194879,1.665169,10,1,11,0,57.544849
78765.000000,33.578489,-117.064264,509.428812,10.545275,1.667174,10,1,11,0,57.115326
78780.000000,33.578487,-117.064260,509.358531,10.466459,1.669172,10,1,11,0,57.167095
78795.000000,33.578487,-117.064261,507.987322,10.618534,1.671162,10,1,11,0,56.144257
78810.000000,33.578486,-117.064266,508.868355,10.670402,1.673144,10,1,11,0,56.462622
78825.000000,33.578488,-117.064262,508.637782,10.971569,1.675118,10,1,11,0,56.616574
78840.000000,33.578481,-117.064268,509.491942,10.875203,1.677084,10,1,11,0,56.517726
78855.000000,33.578482,-117.064273,509.067994,10.798974,1.679042,10,1,11,0,56.024359
78870.000000,33.578483,-117.064259,508.377902,10.619831,1.680990,10,1,11,0,56.344703
78885.000000,33.578484,-117.064261,509.709164,10.906991,1.682930,10,1,11,0,57.188006
78900.000000,33.578484,-117.064265,508.736091,10.643940,1.684860,10,1,11,0,56.334411
78915.000000,33.578485,-117.064258,508.400347,10.544672,1.686780,10,1,11,0,56.479753
78930.000000,33.578486,-117.064257,507.705562,10.688806,1.688691,10,1,11,0,56.124064
78945.000000,33.578482,-117.064256,507.575577,10.455331,1.690591,10,1,11,0,55.913271
78960.000000,33.578485,-117.064250,507.194217,10.511339,1.692481,10,1,11,0,56.134664
78975.000000,33.578485,-117.064258,506.184951,10.689406,1.694360,10,1,11,0,55.064876
78990.000000,33.578483,-117.064249,506.802233,10.677829,1.696227,10,1,11,0,55.787641
79005.000000,33.578482,-117.064256,506.066233,10.590601,1.698083,10,1,11,0,54.899532
79020.000000,33.578484,-117.064259,505.770589,10.665333,1.699928,10,1,11,0,54.616003
79035.000000,33.578482,-117.064256,506.073572,11.165976,1.701760,10,1,11,0,54.891242
79050.000000,33.578482,-117.064261,505.150032,10.946755,1.703580,10,1,11,0,54.071535
79065.000000,33.578484,-117.064257,504.335154,10.585122,1.705388,10,1,11,0,53.794092
79080.000000,33.578479,-117.064259,504.868077,11.055373,1.707182,10,1,11,0,53.799183
79095.000000,33.578477,-117.064265,505.827479,11.400390,1.708963,10,1,11,0,54.023502
79110.000000,33.578483,-117.064258,504.573849,11.073580,1.710730,10,1,11,0,53.872839
79125.000000,33.578480,-117.064258,505.703817,11.416657,1.712484,10,1,11,0,54.453831
79140.000000,33.578477,-117.064262,505.032451,11.414148,1.714223,10,1,11,0,53.642416
79155.000000,33.578479,-117.064253,504.955645,11.118223,1.715947,10,1,11,0,54.166212
79170.000000,33.578477,-117.064251,503.885230,11.266698,1.717657,10,1,11,0,53.487071
79185.000000,33.578476,-117.064260,504.607897,11.485256,1.719352,10,1,11,0,53.393523
79200.000000,33.578477,-117.064255,504.369085,11.519724,1.721031,10,1,11,0,53.571349
79215.000000,33.578479,-117.064252,503.167224,11.601150,1.722694,10,1,11,0,53.110539
79230.000000,33.578477,-117.064254,503.217011,11.631806,1.724341,10,1,11,0,52.891018
79245.000000,33.578473,-117.064260,504.265681,11.758643,1.725971,10,1,11,0,53.024243
79260.000000,33.578476,-117.064254,503.533668,11.635599,1.727585,10,1,11,0,53.014638
79275.000000,33.578477,-117.064249,502.456638,11.380161,1.729181,10,1,11,0,52.680142
79290.000000,33.578477,-117.064256,502.147070,11.707505,1.730760,10,1,11,0,52.131664
79305.000000,33.578472,-117.064258,502.050324,12.062707,1.732321,10,1,11,0,51.712389
79320.000000,33.578478,-117.064253,501.107343,11.958184,1.733864,10,1,11,0,51.692481
79335.000000,33.578476,-117.064258,500.676202,12.127702,1.735389,10,1,11,0,51.032076
79350.000000,33.578478,-117.064254,499.782681,11.893058,1.736895,10,1,11,0,50.848376
79365.000000,33.578476,-117.064256,500.200783,12.252752,1.738381,10,1,11,0,50.866854
79380.000000,33.578471,-117.064261,500.656611,11.641148,1.739848,10,1,11,0,50.605500
79395.000000,33.578470,-117.064261,501.821370,12.067807,1.741296,10,1,10,0,51.273149
79410.000000,33.578473,-117.064256,501.048398,12.004778,1.742723,10,1,10,0,51.246489
79425.000000,33.578469,-117.064258,501.402413,12.060526,1.744130,10,1,10,0,51.123199
79440.000000,33.578465,-117.064262,501.343976,12.373175,1.745516,10,1,10,0,50.665096
79455.000000,33.578468,-117.064255,500.214547,12.071265,1.746881,10,1,10,0,50.550570
79470.000000,33.578474,-117.064248,498.038747,12.097287,1.748225,10,1,10,0,49.984036
79485.000000,33.578467,-117.064255,499.775928,12.390465,1.749547,10,1,10,0,50.245712
79500.000000,33.578466,-117.064254,499.119517,12.292785,1.750847,10,1,10,0,49.809682
79515.000000,33.578470,-117.064251,497.367073,12.147337,1.752125,10,1,10,0,49.210911
79530.000000,33.578469,-117.064249,498.066347,12.170623,1.753380,10,1,10,0,49.633284
79545.000000,33.578465,-117.064253,497.977869,12.254116,1.754612,10,1,10,0,49.129560
79560.000000,33.578467,-117.064257,496.982285,12.576023,1.755821,10,1,10,0,48.468203
79575.000000,33.578469,-117.064253,495.592891,12.737523,1.757007,10,1,10,0,48.061411
79590.000000,33.578462,-117.064257,497.110810,12.853841,1.758168,10,1,10,0,48.269350
79605.000000,33.578463,-117.064261,495.719543,12.743809,1.759306,10,1,10,0,47.338337
79620.000000,33.578461,-117.064264,495.128286,12.653265,1.760419,10,1,10,0,46.658335
79635.000000,33.578455,-117.064264,496.096745,12.530276,1.761507,10,1,10,0,46.872378
79650.000000,33.578453,-117.064267,496.346609,12.671485,1.762570,10,1,10,0,46.740303
79665.000000,33.578458,-117.064256,494.636848,12.481862,1.763608,10,1,10,0,46.731672
79680.000000,33.578455,-117.064255,493.982547,12.711626,1.764620,10,1,10,0,46.333803
79695.000000,33.578453,-117.064261,494.145403,12.967210,1.765607,10,1,10,0,45.898862
79710.000000,33.578453,-117.064257,492.847003,12.935140,1.766567,10,1,10,0,45.502632
79725.000000,33.578455,-117.064253,491.808815,12.731753,1.767501,10,1,10,0,45.374251
79740.000000,33.578448,-117.064262,493.986039,12.986084,1.768408,10,1,10,0,45.533722
79755.000000,33.578446,-117.064267,493.822617,12.923859,1.769289,10,1,10,0,44.929583
79770.000000,33.578448,-117.064264,492.100676,12.960759,1.770142,10,1,10,0,44.386623
79785.000000,33.578446,-117.064265,491.908525,12.911079,1.770968,10,1,10,0,44.154253
79800.000000,33.578448,-117.064268,490.228196,12.942692,1.771766,10,1,10,0,43.194652
79815.000000,33.578448,-117.064258,489.519303,12.993693,1.772536,10,1,10,0,43.525286
79830.000000,33.578446,-117.064260,488.857332,13.119705,1.773279,10,1,10,0,43.019822
79845.000000,33.578444,-117.064264,489.313732,13.322750,1.773992,10,1,10,0,42.837191
79860.000000,33.578439,-117.064266,489.537203,13.118221,1.774677,10,1,10,0,42.534264
79875.000000,33.578433,-117.064278,490.773142,13.282956,1.775334,10,1,10,0,41.923729
79890.000000,33.578430,-117.064279,490.920831,13.503558,1.775961,10,1,10,0,41.781400
79905.000000,33.578436,-117.064268,489.392041,13.373394,1.776559,10,1,10,0,42.165657
79920.000000,33.578435,-117.064268,488.363430,13.268371,1.777128,10,1,10,0,41.601648
79935.000000,33.578432,-117.064269,488.581430,13.694735,1.777667,10,1,10,0,41.481804
79950.000000,33.578433,-117.064271,486.541309,13.744298,1.778177,10,1,10,0,40.561453
79965.000000,33.578434,-117.064264,486.574209,13.593076,1.778656,10,1,10,0,41.061022
79980.000000,33.578432,-117.064269,486.082983,13.759082,1.779105,10,1,10,0,40.426319
79995.000000,33.578432,-117.064272,485.267272,13.796336,1.779525,10,1,10,0,39.861064
80010.000000,33.578434,-117.064265,485.027854,13.602805,1.779913,10,1,10,0,40.432324
80025.000000,33.578429,-117.064273,484.372325,13.731813,1.780271,10,1,10,0,39.291270
80040.000000,33.578425,-117.064273,485.067555,13.624245,1.780598,10,1,10,0,39.412031
80055.000000,33.578422,-117.064272,485.097907,13.750096,1.780895,10,1,10,0,39.264204
80070.000000,33.578420,-117.064269,484.535977,13.842169,1.781160,10,1,10,0,39.168027
80085.000000,33.578414,-117.064274,485.075806,13.961906,1.781395,10,1,10,0,38.718047
80100.000000,33.578413,-117.064280,484.803665,14.068885,1.781598,10,1,10,0,38.082665
80115.000000,33.578415,-117.064279,482.466999,13.978947,1.781770,10,1,10,0,37.476830
80130.000000,33.578416,-117.064274,481.557554,14.235622,1.781910,10,1,10,0,37.614285
80145.000000,33.578414,-117.064278,481.189475,14.639272,1.782019,10,1,10,0,37.056731
80160.000000,33.578414,-117.064271,481.322838,14.196392,1.782097,10,1,10,0,37.626125
80175.000000,33.578414,-117.064272,479.961433,14.208985,1.782143,10,1,10,0,37.133269
80190.000000,33.578409,-117.064272,481.405428,14.525676,1.782156,10,1,10,0,37.297811
80205.000000,33.578407,-117.064275,481.782132,14.257363,1.782139,10,1,10,0,37.077590
80220.000000,33.578401,-117.064277,482.639550,14.274212,1.782089,10,1,10,0,36.880942
80235.000000,33.578403,-117.064281,481.544651,14.533184,1.782008,10,1,10,0,36.338142
80250.000000,33.578403,-117.064280,481.166381,14.383288,1.781895,10,1,10,0,36.286708
80265.000000,33.578402,-117.064281,479.231329,14.445116,1.781750,10,1,10,0,35.643684
80280.000000,33.578400,-117.064280,479.644024,14.621915,1.781573,10,1,10,0,35.661010
80295.000000,33.578401,-117.064281,478.341771,14.383201,1.781365,10,1,10,0,35.308542
80310.000000,33.578399,-117.064278,477.522490,14.389218,1.781124,10,1,10,0,35.222234
80325.000000,33.578392,-117.064283,477.479014,14.411722,1.780852,10,1,10,0,34.484178
80340.000000,33.578394,-117.064285,476.988927,14.481331,1.780547,10,1,10,0,34.369833
80355.000000,33.578394,-117.064280,476.361981,14.531634,1.780211,10,1,10,0,34.564764
80370.000000,33.578390,-117.064282,476.316792,14.638068,1.779843,10,1,10,0,34.229232
80385.000000,33.578388,-117.064285,476.325927,14.663724,1.779444,10,1,10,0,33.876889
80400.000000,33.578388,-117.064285,474.614355,14.720587,1.779013,10,1,10,0,33.569454
80415.000000,33.578384,-117.064287,474.565731,14.714393,1.778550,10,1,10,0,33.283428
80430.000000,33.578382,-117.064289,474.793282,14.732568,1.778056,10,1,10,0,33.028243
80445.000000,33.578388,-117.064283,473.927495,14.688919,1.777530,10,1,10,0,33.688163
80460.000000,33.578388,-117.064282,473.300558,14.617507,1.776973,10,1,10,0,33.701420
80475.000000,33.578380,-117.064287,474.117139,14.459544,1.776385,10,1,10,0,32.959844
80490.000000,33.578377,-117.064293,473.713107,14.471054,1.775765,10,1,10,0,32.323624
80505.000000,33.578383,-117.064286,472.284285,14.475617,1.775115,10,1,10,0,33.048313
80520.000000,33.578380,-117.064287,471.987216,14.703209,1.774434,10,1,10,0,32.721702
80535.000000,33.578371,-117.064297,472.532677,14.895445,1.773722,10,1,10,0,31.527644
80550.000000,33.578370,-117.064295,471.954791,14.986614,1.772979,10,1,10,0,31.626257
80565.000000,33.578366,-117.064302,472.425288,14.943411,1.772206,10,1,10,0,30.852671
80580.000000,33.578373,-117.064297,470.179318,14.898223,1.771403,10,1,10,0,31.496214
80595.000000,33.578364,-117.064301,469.838781,15.137655,1.770570,10,1,10,0,30.793351
80610.000000,33.578365,-117.064297,468.452891,15.201541,1.769706,10,1,10,0,31.156604
80625.000000,33.578361,-117.064298,468.510331,15.324253,1.768813,10,1,10,0,30.888169
80640.000000,33.578357,-117.064306,469.103410,15.058116,1.767890,10,1,10,0,29.986366
80655.000000,33.578361,-117.064298,468.370840,14.842737,1.766938,10,1,10,0,30.843195
80670.000000,33.578360,-117.064303,467.767563,14.900443,1.765957,10,1,10,0,30.487568
80685.000000,33.578357,-117.064295,467.028522,15.064435,1.764946,10,1,10,0,31.073817
80700.000000,33.578360,-117.064290,466.331916,15.035546,1.763907,10,1,10,0,31.722638
80715.000000,33.578356,-117.064298,466.318213,15.144988,1.762840,10,1,10,0,30.855779
80730.000000,33.578353,-117.064304,466.368509,14.964874,1.761744,10,1,10,0,30.229290
80745.000000,33.578347,-117.064308,467.358076,15.066648,1.760619,10,1,10,0,29.465575
80760.000000,33.578351,-117.064306,465.237156,15.199634,1.759468,10,1,10,0,30.091152
80775.000000,33.578340,-117.064308,466.517037,15.416808,1.758288,10,1,10,0,29.288374
80790.000000,33.578339,-117.064316,465.904637,15.396867,1.757081,10,1,10,0,28.598786
80805.000000,33.578344,-117.064308,463.513945,15.233569,1.755847,10,1,11,0,29.955839
80820.000000,33.578341,-117.064310,463.607875,15.114131,1.754586,10,1,11,0,29.711175
80835.000000,33.578346,-117.064298,461.594633,14.928843,1.753299,10,1,11,0,31.405926
80850.000000,33.578344,-117.064304,461.302370,14.882314,1.751985,10,1,11,0,30.855348
80865.000000,33.578335,-117.064307,461.283324,15.194555,1.750646,10,1,11,0,30.266055
80880.000000,33.578337,-117.064308,461.130314,15.819437,1.749280,10,1,11,0,30.281442
80895.000000,33.578325,-117.064320,462.835924,15.584295,1.747889,10,1,11,0,28.400373
80910.000000,33.578325,-117.064322,462.557977,15.464032,1.746473,10,1,11,0,28.303656
80925.000000,33.578328,-117.064314,460.930884,15.386551,1.745033,10,1,11,0,29.558282
80940.000000,33.578324,-117.064318,460.372854,15.203983,1.743567,10,1,11,0,29.249322
80955.000000,33.578327,-117.064313,459.890540,15.266922,1.742078,10,1,11,0,29.932214
80970.000000,33.578330,-117.064313,458.101465,14.945082,1.740564,10,1,11,0,30.715273
80985.000000,33.578322,-117.064318,459.298391,15.408188,1.739027,10,1,11,0,29.532128
81000.000000,33.578312,-117.064329,459.802635,15.620782,1.737467,10,1,11,0,28.183496
81015.000000,33.578317,-117.064324,459.628881,15.717196,1.735883,10,1,11,0,28.780296
81030.000000,33.578320,-117.064321,457.934883,15.534109,1.734277,10,1,11,0,29.753436
81045.000000,33.578317,-117.064324,458.116878,15.212955,1.732649,10,1,11,0,29.329696
81060.000000,33.578314,-117.064324,457.470725,15.182751,1.730999,10,1,11,0,29.504755
81075.000000,33.578308,-117.064329,458.623031,16.705185,1.860268,9,1,11,0,28.530919
81090.000000,33.578301,-117.064336,458.305412,16.737322,1.858714,9,1,11,0,27.893017
81105.000000,33.578300,-117.064334,457.999774,16.870052,1.857140,9,1,12,0,28.148162
81120.000000,33.578296,-117.064335,458.003789,16.880729,1.855547,9,1,12,0,27.956115
81135.000000,33.578295,-117.064335,457.425762,16.812897,1.853934,9,1,12,0,28.204089
81150.000000,33.578294,-117.064332,457.289010,16.715184,1.852303,9,1,12,0,28.429740
81165.000000,33.578293,-117.064335,456.451787,16.694019,1.850653,9,1,12,0,28.555609
81180.000000,33.578294,-117.064330,456.240614,16.586524,1.848985,9,1,12,0,29.119461
81195.000000,33.578296,-117.064326,455.438064,16.607725,1.847299,9,1,12,0,29.823099
81210.000000,33.578289,-117.064335,455.702297,16.824681,1.845596,9,1,12,0,28.872142
81225.000000,33.578284,-117.064348,456.625804,17.082578,1.843875,9,1,12,0,27.259475
81240.000000,33.578284,-117.064340,455.531032,16.920618,1.842138,9,1,12,0,28.493838
81255.000000,33.578283,-117.064336,454.232841,16.721139,1.840385,9,1,12,0,29.432923
81270.000000,33.578284,-117.064339,453.518918,16.755041,1.838615,9,1,12,0,29.578475
81285.000000,33.578281,-117.064342,452.941195,16.662742,1.836830,9,1,12,0,29.702778
81300.000000,33.578277,-117.064352,454.252429,16.873085,1.835030,9,1,12,0,28.136735
81315.000000,33.578271,-117.064346,454.360895,16.859210,1.833214,9,1,12,0,28.463291
81330.000000,33.578284,-117.064342,452.147588,16.320865,1.831384,9,1,12,0,30.166557
81345.000000,33.578280,-117.064341,451.931766,16.448094,1.829539,9,1,12,0,30.351914
81360.000000,33.578272,-117.064348,451.248684,16.610198,1.827681,9,1,12,0,30.127112
81375.000000,33.578271,-117.064349,450.494304,16.693025,1.825809,9,1,11,0,30.510723
81390.000000,33.578269,-117.064348,450.881003,16.839288,1.823923,9,1,12,0,30.355077
81405.000000,33.578271,-117.064346,450.728794,16.598860,1.822025,9,1,12,0,30.596634
81420.000000,33.578266,-117.064345,450.742260,16.655434,1.820114,9,1,12,0,30.603992
81435.000000,33.578260,-117.064352,450.269219,16.785391,1.818190,9,1,12,0,30.353201
81450.000000,33.578263,-117.064343,449.781550,16.606622,1.816255,9,1,12,0,31.290022
81465.000000,33.578262,-117.064351,448.826272,16.515596,1.814309,9,1,12,0,31.402208
81480.000000,33.578261,-117.064358,448.068723,16.535622,1.812351,9,1,12,0,31.452538
81495.000000,33.578260,-117.064354,449.180312,16.502853,1.810382,9,1,12,0,30.933304
81510.000000,33.578256,-117.064361,449.614193,16.674400,1.808402,9,1,12,0,30.161211
81525.000000,33.578255,-117.064360,449.932469,16.648861,1.806413,9,1,12,0,29.998990
81540.000000,33.578259,-117.064349,448.848953,16.391490,1.804413,9,1,12,0,31.479925
81555.000000,33.578255,-117.064354,448.545581,16.307161,1.802404,9,1,12,0,31.368956
81570.000000,33.578256,-117.064353,447.237129,16.138448,1.800386,9,1,12,0,32.350088
81585.000000,33.578250,-117.064361,447.604930,16.478254,1.798358,9,1,12,0,31.531543
81600.000000,33.578237,-117.064370,448.526297,17.070936,1.796322,9,1,12,0,30.301800
81615.000000,33.578245,-117.064363,447.147584,16.666362,1.794278,9,1,12,0,31.715184
81630.000000,33.578251,-117.064355,444.632664,16.219950,1.792226,9,1,12,0,34.053923
81645.000000,33.578248,-117.064353,444.558019,16.114997,1.790166,9,1,12,0,34.243120
81660.000000,33.578238,-117.064366,446.120432,16.404080,1.788099,9,1,12,0,32.284111
81675.000000,33.578239,-117.064368,446.232497,16.401873,1.786024,9,1,12,0,32.069114
81690.000000,33.578245,-117.064363,444.499838,16.373289,1.783943,9,1,12,0,33.680399
81705.000000,33.578245,-117.064364,444.841374,16.300267,1.781856,9,1,12,0,33.347289
81720.000000,33.578243,-117.064367,445.011243,16.184681,1.779762,9,1,12,0,33.015579
81735.000000,33.578239,-117.064363,445.367353,16.298413,1.777663,9,1,12,0,33.030578
81750.000000,33.578248,-117.064362,442.879720,16.002763,1.775558,9,1,12,0,34.958264
81765.000000,33.578234,-117.064369,444.612292,16.263420,1.773447,9,1,12,0,33.260035
81780.000000,33.578238,-117.064368,442.225946,16.125144,1.771332,9,1,12,0,35.163180
81795.000000,33.578229,-117.064370,443.993486,16.401191,1.769212,9,1,12,0,33.681856
81810.000000,33.578228,-117.064375,444.039204,16.406621,1.767087,9,1,12,0,33.363635
81825.000000,33.578232,-117.064374,442.506117,16.114339,1.764958,9,1,12,0,34.625576
81840.000000,33.578234,-117.064371,441.716409,15.879654,1.762826,9,1,12,0,35.364097
81855.000000,33.578233,-117.064376,442.871206,15.947652,1.760690,9,1,12,0,34.200773
81870.000000,33.578216,-117.064381,443.657254,16.280674,1.758550,9,1,12,0,33.416899
81885.000000,33.578226,-117.064376,443.122169,16.139263,1.756407,9,1,12,0,34.031904
81900.000000,33.578232,-117.064366,440.822970,15.876066,1.754262,9,1,12,0,36.418651
81915.000000,33.578233,-117.064367,439.825264,15.684359,1.752114,9,1,12,0,37.137101
81930.000000,33.578221,-117.064381,441.946308,15.894411,1.749963,9,1,12,0,34.719935
81945.000000,33.578212,-117.064388,441.865440,16.067946,1.747811,9,1,12,0,34.487106
81960.000000,33.578217,-117.064382,441.761326,15.862138,1.745656,9,1,12,0,34.857821
81975.000000,33.578229,-117.064379,438.866442,15.578642,1.743501,9,1,12,0,37.305669
81990.000000,33.578225,-117.064379,439.725954,15.683905,1.741343,9,1,12,0,36.606076
82005.000000,33.578220,-117.064380,439.591512,15.750006,1.739185,9,1,12,0,36.707768
82020.000000,33.578213,-117.064384,439.650549,15.717959,1.737025,9,1,12,0,36.529931
82035.000000,33.578215,-117.064378,439.018744,15.598171,1.734865,9,1,12,0,37.338781
82050.000000,33.578218,-117.064381,439.527196,15.413496,1.732705,9,1,12,0,36.712439
82065.000000,33.578218,-117.064385,439.530343,15.561234,1.730544,9,1,12,0,36.531610
82080.000000,33.578219,-117.064388,437.877675,15.300247,1.728383,9,1,12,0,37.788065
82095.000000,33.578208,-117.064390,439.107567,15.571901,1.726223,9,1,12,0,36.734662
82110.000000,33.578208,-117.064391,438.378112,15.484830,1.724062,9,1,12,0,37.290542
82125.000000,33.578205,-117.064389,439.098303,15.427837,1.721903,9,1,12,0,36.814356
82140.000000,33.578204,-117.064392,437.698536,15.407790,1.719744,9,1,12,0,37.888480
82155.000000,33.578197,-117.064387,438.444686,15.475688,1.717586,9,1,12,0,37.570810
82170.000000,33.578211,-117.064383,435.594302,15.104029,1.715430,9,1,12,0,40.057606
82185.000000,33.578210,-117.064387,437.012123,15.297881,1.713274,9,1,12,0,38.649895
82200.000000,33.578198,-117.064402,437.637596,15.460804,1.711120,9,1,12,0,37.549655
82215.000000,33.578194,-117.064400,437.677184,15.514539,1.708968,9,1,12,0,37.660368
82230.000000,33.578206,-117.064397,435.096626,15.001454,1.706818,9,1,12,0,39.901789
82245.000000,33.578210,-117.064392,434.343155,14.891763,1.704670,9,1,12,0,40.735399
82260.000000,33.578202,-117.064397,435.696180,15.163166,1.702524,9,1,12,0,39.395181
82275.000000,33.578441,-117.064364,478.201113,27.684740,1.474766,10,1,12,0,31.970222
82290.000000,33.578447,-117.064365,477.295557,28.395961,1.474915,10,1,12,0,32.184783
82305.000000,33.578350,-117.064259,498.581195,29.364978,1.298360,11,1,12,0,44.126728
82320.000000,33.578353,-117.064255,499.784051,30.087567,1.298904,11,1,12,0,45.282629
82335.000000,33.578351,-117.064248,496.950089,29.700312,1.299446,11,1,12,0,43.929331
82350.000000,33.578350,-117.064257,498.782734,30.117577,1.299987,11,1,12,0,44.450102
82365.000000,33.578348,-117.064269,499.349079,30.139789,1.300525,11,1,12,0,43.985418
82380.000000,33.578344,-117.064272,498.906382,29.915526,1.301061,11,1,12,0,43.355865
82395.000000,33.578357,-117.064251,496.599839,30.165769,1.301595,11,1,12,0,43.658436
82410.000000,33.578348,-117.064250,496.891198,30.153254,1.302127,11,1,12,0,43.663396
82425.000000,33.578342,-117.064269,498.935726,30.397608,1.302656,11,1,12,0,43.537131
82440.000000,33.578330,-117.064270,498.139516,29.762385,1.303183,11,1,12,0,42.559576
82455.000000,33.578340,-117.064261,497.140082,30.463472,1.303707,11,1,12,0,42.784870
82470.000000,33.578346,-117.064256,496.173156,30.866951,1.304229,11,1,12,0,42.728725
82485.000000,33.578339,-117.064259,497.274943,30.895427,1.304749,11,1,12,0,42.998894
82500.000000,33.578337,-117.064262,496.840520,31.073314,1.305265,11,1,12,0,42.479679
82515.000000,33.578334,-117.064264,497.363136,31.094427,1.305779,11,1,12,0,42.590522
82530.000000,33.578339,-117.064265,497.222479,31.174634,1.306290,11,1,12,0,42.576511
82545.000000,33.578331,-117.064269,496.297561,31.277812,1.306798,11,1,12,0,41.504933
82560.000000,33.578338,-117.064266,495.586861,31.540827,1.307303,11,1,12,0,41.473486
82575.000000,33.578331,-117.064268,496.318349,31.558454,1.307806,11,1,12,0,41.582581
82590.000000,33.578337,-117.064270,495.747767,31.823729,1.308305,11,1,12,0,41.261306
82605.000000,33.578332,-117.064265,496.321735,32.064201,1.308801,11,1,12,0,41.789930
82620.000000,33.578332,-117.064268,495.500727,32.034509,1.309293,11,1,12,0,41.095064
82635.000000,33.578325,-117.064266,496.015870,32.096553,1.309783,11,1,12,0,41.400643
82650.000000,33.578332,-117.064265,495.251124,32.250441,1.310269,11,1,12,0,41.187833
82665.000000,33.578324,-117.064268,494.241852,31.560135,1.310751,11,1,12,0,40.113090
82680.000000,33.578335,-117.064266,492.776068,31.846833,1.311230,11,1,12,0,39.693828
82695.000000,33.578319,-117.064268,493.424041,31.678350,1.311706,11,1,12,0,39.514631
82710.000000,33.578323,-117.064270,493.003685,32.136107,1.312177,11,1,12,0,39.214205
82725.000000,33.578323,-117.064278,492.920225,32.205614,1.312645,11,1,12,0,38.579444
82740.000000,33.578334,-117.064265,491.689180,32.093038,1.313110,11,1,12,0,39.123500
82755.000000,33.578334,-117.064269,493.127433,32.806358,1.313570,11,1,12,0,39.641266
82770.000000,33.578319,-117.064274,493.947534,32.842882,1.314026,11,1,12,0,39.417227
82785.000000,33.578318,-117.064268,492.464785,32.847997,1.314478,11,1,12,0,38.953880
82800.000000,33.578320,-117.064275,493.380442,33.013045,1.314926,11,1,12,0,38.979982
82815.000000,33.578316,-117.064273,491.189409,32.822851,1.315370,11,1,12,0,37.775024
82830.000000,33.578327,-117.064281,491.364188,33.001751,1.315810,11,1,12,0,37.609021
82845.000000,33.578319,-117.064276,490.475916,32.568615,1.316245,11,1,12,0,37.245774
82860.000000,33.578304,-117.064290,492.207900,32.555496,1.316676,11,1,12,0,36.856633
82875.000000,33.578314,-117.064290,490.914248,32.655915,1.317103,11,1,12,0,36.362660
82890.000000,33.578324,-117.064279,489.574487,33.088807,1.317525,11,1,12,0,36.658068
82905.000000,33.578320,-117.064281,489.713908,33.252744,1.317942,11,1,12,0,36.468947
82920.000000,33.578328,-117.064271,487.778811,33.480901,1.318354,11,1,11,0,36.504120
82935.000000,33.578316,-117.064281,488.391468,33.110816,1.318762,11,1,12,0,35.667778
82950.000000,33.578316,-117.064289,488.491404,33.155119,1.319165,11,1,12,0,35.149434
82965.000000,33.578302,-117.064294,488.536166,32.955131,1.319563,11,1,12,0,34.449096
82980.000000,33.578320,-117.064283,487.044732,33.969920,1.319956,11,1,12,0,34.999304
82995.000000,33.578321,-117.064277,485.864260,33.507117,1.320344,11,1,12,0,34.883610
83010.000000,33.578314,-117.064287,487.623621,33.910117,1.320726,11,1,12,0,34.808870
83025.000000,33.578309,-117.064281,486.818933,33.829167,1.321104,11,1,12,0,34.740256
83040.000000,33.578308,-117.064287,487.247852,33.648327,1.321476,11,1,12,0,34.426832
83055.000000,33.578303,-117.064290,487.028908,34.069202,1.321843,11,1,12,0,34.006370
83070.000000,33.578304,-117.064284,485.909133,33.969365,1.322204,11,1,12,0,33.938211
83085.000000,33.578299,-117.064291,486.070170,34.139933,1.322560,11,1,12,0,33.358942
83100.000000,33.578298,-117.064298,486.972502,34.230603,1.322910,11,1,12,0,33.229776
83115.000000,33.578303,-117.064289,486.083760,34.283367,1.323254,11,1,12,0,33.579039
83130.000000,33.578304,-117.064277,485.281966,34.582233,1.323593,11,1,12,0,34.189949
83145.000000,33.578304,-117.064287,485.095946,34.439234,1.323926,11,1,12,0,33.361640
83160.000000,33.578296,-117.064303,486.831652,34.340026,1.324253,11,1,12,0,32.758887
83175.000000,33.578302,-117.064298,484.980243,34.745070,1.324574,11,1,12,0,32.383820
83190.000000,33.578307,-117.064288,483.916254,35.019841,1.324889,11,1,12,0,32.852456
83205.000000,33.578303,-117.064291,483.662873,34.731263,1.325198,11,1,11,0,32.350338
83220.000000,33.578304,-117.064294,484.109774,34.876306,1.325500,11,1,11,0,32.364817
83235.000000,33.578298,-117.064301,484.864399,34.779547,1.325797,11,1,11,0,31.958954
83250.000000,33.578299,-117.064300,483.128531,34.621693,1.326087,11,1,11,0,31.316448
83265.000000,33.578301,-117.064301,483.073985,34.963262,1.326371,11,1,11,0,31.295778
83280.000000,33.578302,-117.064296,482.553101,35.338709,1.326648,11,1,11,0,31.442067
83295.000000,33.578299,-117.064291,481.948749,35.443802,1.326919,11,1,11,0,31.589850
83310.000000,33.578299,-117.064293,480.796081,35.303197,1.327183,11,1,11,0,30.992191
83325.000000,33.578290,-117.064299,481.472297,35.236078,1.327441,11,1,11,0,30.524838
83340.000000,33.578295,-117.064294,480.031694,35.460145,1.327692,11,1,11,0,30.603430
83355.000000,33.578293,-117.064299,479.909159,35.237629,1.327936,11,1,11,0,30.072425
83370.000000,33.578301,-117.064297,478.104643,35.115190,1.328173,11,1,11,0,29.837695
83385.000000,33.578290,-117.064304,480.027307,35.205463,1.328403,11,1,11,0,29.623235
83400.000000,33.578294,-117.064302,478.886860,35.121344,1.328626,11,1,11,0,29.456588
83415.000000,33.578290,-117.064300,479.003588,35.484444,1.328843,11,1,11,0,29.599354
83430.000000,33.578296,-117.064301,478.107871,35.804024,1.329052,11,1,11,0,29.405915
83445.000000,33.578287,-117.064309,478.989741,35.887669,1.329254,11,1,11,0,28.781347
83460.000000,33.578284,-117.064303,479.239574,35.864621,1.329448,11,1,11,0,29.308231
83475.000000,33.578291,-117.064302,476.620077,35.987140,1.329636,11,1,11,0,28.856204
83490.000000,33.578291,-117.064302,477.091563,36.002528,1.329816,11,1,11,0,28.946863
83505.000000,33.578293,-117.064303,476.017939,36.016583,1.329989,11,1,11,0,28.624984
83520.000000,33.578285,-117.064309,476.369757,35.872761,1.330154,11,1,11,0,28.042509
83535.000000,33.578292,-117.064303,474.785166,36.260126,1.330311,11,1,11,0,28.368136
83550.000000,33.578286,-117.064305,475.201370,36.231054,1.330462,11,1,11,0,28.195617
83565.000000,33.578287,-117.064306,474.886246,36.281934,1.330604,11,1,11,0,28.018610
83580.000000,33.578284,-117.064306,473.708468,36.364657,1.330739,11,1,11,0,27.846039
83595.000000,33.578281,-117.064315,474.542153,36.381245,1.330866,11,1,11,0,27.060110
83610.000000,33.578281,-117.064314,473.767440,36.248108,1.330985,11,1,11,0,27.049383
83625.000000,33.578284,-117.064310,472.790684,36.277749,1.331096,11,1,11,0,27.329008
83640.000000,33.578184,-117.064396,491.184340,38.162136,1.622793,10,1,11,0,29.060451
83655.000000,33.578178,-117.064396,490.623740,38.234882,1.624013,10,1,11,0,28.824845
83670.000000,33.578184,-117.064402,490.346071,37.986045,1.625237,10,1,11,0,28.069519
83685.000000,33.578190,-117.064401,488.621884,37.994323,1.626465,10,1,11,0,26.766865
83700.000000,33.578188,-117.064406,488.792140,37.855642,1.627697,10,1,11,0,26.651116
83715.000000,33.578182,-117.064402,488.541082,38.575816,1.628932,10,1,11,0,26.851839
83730.000000,33.578177,-117.064402,488.731505,38.228611,1.630170,10,1,11,0,27.136424
83745.000000,33.578180,-117.064399,487.596336,38.061237,1.631412,10,1,11,0,26.462441
83760.000000,33.578181,-117.064404,487.295824,37.914406,1.632658,10,1,11,0,25.936090
83775.000000,33.578177,-117.064403,486.741291,37.861958,1.633906,10,1,11,0,25.740476
83790.000000,33.578175,-117.064403,486.998137,38.322183,1.635157,10,1,11,0,25.993557
83805.000000,33.578176,-117.064406,485.758523,38.233441,1.636411,10,1,11,0,24.974138
83820.000000,33.578177,-117.064405,485.169998,38.597139,1.637668,10,1,11,0,24.635842
83835.000000,33.578172,-117.064407,486.156301,38.656943,1.638927,10,1,11,0,25.286101
83850.000000,33.578172,-117.064407,484.917939,38.576227,1.640189,10,1,11,0,24.472131
83865.000000,33.578176,-117.064411,484.723050,38.404588,1.641453,10,1,11,0,23.996234
83880.000000,33.578175,-117.064408,484.197514,38.285542,1.642719,10,1,11,0,23.895819
83895.000000,33.578173,-117.064410,484.455307,38.650754,1.643987,10,1,11,0,24.031687
83910.000000,33.578174,-117.064405,482.411192,38.721705,1.645258,10,1,11,0,23.139974
83925.000000,33.578172,-117.064412,482.848333,38.895055,1.646530,10,1,11,0,22.965623
83940.000000,33.578176,-117.064411,481.902801,38.529416,1.647804,10,1,11,0,22.394130
83955.000000,33.578176,-117.064414,482.145425,38.921686,1.649079,10,1,11,0,22.270668
83970.000000,33.578199,-117.064639,535.511186,35.399476,1.984964,9,1,11,0,65.734544
83985.000000,33.578203,-117.064643,536.134833,35.628151,1.988799,9,1,11,0,66.349215
84000.000000,33.578198,-117.064638,536.001418,35.568341,1.992654,9,1,11,0,66.231247
84015.000000,33.578198,-117.064637,535.748473,35.781064,1.996527,9,1,11,0,65.976070
84030.000000,33.578197,-117.064640,535.347673,35.997354,2.000420,9,1,11,0,65.597325
84045.000000,33.578196,-117.064641,535.119049,35.976496,2.004332,9,1,11,0,65.383643
84060.000000,33.578195,-117.064639,533.305702,36.021100,2.008262,9,1,11,0,63.575484
84075.000000,33.578193,-117.064636,533.772880,36.212950,2.012210,9,1,11,0,64.042443
84090.000000,33.578194,-117.064636,533.339895,36.018719,2.016176,9,1,12,0,63.607294
84105.000000,33.578189,-117.064635,534.099610,36.437380,2.020159,9,1,12,0,64.400466
84120.000000,33.578191,-117.064635,532.601975,36.452301,2.024160,9,1,12,0,62.891266
84135.000000,33.578186,-117.064634,531.961211,36.530582,2.028177,9,1,12,0,62.314011
84150.000000,33.578183,-117.064637,532.296066,36.599577,2.032211,9,1,12,0,62.686086
84165.000000,33.578185,-117.064634,531.428298,36.792599,2.036262,9,1,12,0,61.787716
84180.000000,33.578188,-117.064631,530.275966,36.583823,2.040328,9,1,12,0,60.593044
84195.000000,33.578187,-117.064634,530.387249,36.949866,2.044410,9,1,12,0,60.737463
84210.000000,33.578181,-117.064633,530.502234,36.804228,2.048507,9,1,12,0,60.912244
84225.000000,33.578184,-117.064631,530.982123,36.995109,2.052618,9,1,12,0,61.345215
84240.000000,33.578181,-117.064627,529.904630,36.914717,2.056744,9,1,12,0,60.290479
84255.000000,33.578179,-117.064629,530.041957,37.173189,2.060884,9,1,12,0,60.461999
84270.000000,33.578178,-117.064629,528.879865,37.017659,2.065037,9,1,12,0,59.316539
84285.000000,33.578179,-117.064628,527.767548,37.184523,2.069204,9,1,12,0,58.203135
84300.000000,33.578177,-117.064627,527.227159,37.170818,2.073383,9,1,12,0,57.694017
84315.000000,33.578179,-117.064623,526.147699,36.951342,2.077575,9,1,12,0,56.581901
84330.000000,33.578178,-117.064624,525.755683,37.139815,2.081778,9,1,12,0,56.209191
84345.000000,33.578178,-117.064624,525.258095,37.058241,2.085993,9,1,12,0,55.716444
84360.000000,33.578176,-117.064627,525.887644,37.431377,2.090219,9,1,12,0,56.375089
84375.000000,33.578174,-117.064626,525.055290,37.521962,2.094455,9,1,12,0,55.578175
84390.000000,33.578177,-117.064624,524.091189,37.768649,2.098701,9,1,12,0,54.570840
84405.000000,33.578174,-117.064624,524.160845,37.554845,2.102956,9,1,12,0,54.696010
84420.000000,33.578172,-117.064623,523.381056,37.849018,2.107221,9,1,12,0,53.952540
84435.000000,33.578168,-117.064620,522.978380,37.634343,2.111494,9,1,12,0,53.595759
84450.000000,33.578170,-117.064619,523.162975,38.024140,2.115774,9,1,12,0,53.746592
84465.000000,33.578170,-117.064616,522.552091,37.773562,2.120062,9,1,12,0,53.137045
84480.000000,33.578169,-117.064619,521.557926,37.904956,2.124357,9,1,12,0,52.184513
84495.000000,33.578167,-117.064617,522.214997,38.235582,2.128658,9,1,12,0,52.865458
84510.000000,33.578166,-117.064619,520.384298,38.407005,2.132965,9,1,12,0,51.068702
84525.000000,33.578167,-117.064620,520.052923,38.531928,2.137277,9,1,12,0,50.730941
84540.000000,33.578167,-117.064615,519.639180,38.948163,2.141593,9,1,12,0,50.312345
84555.000000,33.578165,-117.064618,519.532204,38.743685,2.145913,9,1,12,0,50.245400
84570.000000,33.578165,-117.064615,518.634811,38.548267,2.150236,9,1,12,0,49.365778
84585.000000,33.578165,-117.064615,517.983674,38.607849,2.154563,9,1,12,0,48.711089
84600.000000,33.578160,-117.064612,517.434365,38.835100,2.158891,9,1,12,0,48.273561
84615.000000,33.578165,-117.064613,516.554878,38.766167,2.163220,9,1,12,0,47.299774
84630.000000,33.578165,-117.064610,516.001577,39.034383,2.167551,9,1,12,0,46.762778
84645.000000,33.578169,-117.064612,513.643993,38.960240,2.171881,9,1,12,0,44.362233
84660.000000,33.578166,-117.064611,514.706612,39.276015,2.176211,9,1,12,0,45.458354
84675.000000,33.578167,-117.064610,514.560265,39.356993,2.180539,9,1,12,0,45.291195
84690.000000,33.578170,-117.064603,512.891295,39.243692,2.184865,9,1,12,0,43.593496
84705.000000,33.578165,-117.064602,513.122868,39.428130,2.189189,9,1,12,0,43.922026
84720.000000,33.578164,-117.064602,511.509575,39.169682,2.193509,9,1,12,0,42.357762
84735.000000,33.578166,-117.064602,510.226964,39.191052,2.197825,9,1,12,0,41.072035
84750.000000,33.578166,-117.064605,509.791883,39.043409,2.202137,9,1,12,0,40.640572
84765.000000,33.578161,-117.064605,509.490913,39.298902,2.206442,9,1,12,0,40.473785
84780.000000,33.578162,-117.064601,509.057222,39.042713,2.210741,9,1,12,0,40.022583
84795.000000,33.578165,-117.064600,507.984249,39.318803,2.215033,9,1,12,0,38.893482
84810.000000,33.578163,-117.064598,507.782171,39.645832,2.219317,9,1,12,0,38.753122
84825.000000,33.578160,-117.064595,506.889881,39.316119,2.223593,9,1,12,0,37.968907
84840.000000,33.578163,-117.064596,506.513460,39.566659,2.227859,9,1,12,0,37.529501
84855.000000,33.578160,-117.064597,506.647350,39.696040,2.232114,9,1,12,0,37.735133
84870.000000,33.578159,-117.064591,505.427880,39.467242,2.236359,9,1,12,0,36.589414
84885.000000,33.578162,-117.064588,504.874156,39.496337,2.240591,9,1,12,0,35.972827
84900.000000,33.578161,-117.064584,504.041090,39.297357,2.244811,9,1,11,0,35.211096
84915.000000,33.578160,-117.064581,503.179049,39.748650,2.249017,9,1,11,0,34.426486
84930.000000,33.578160,-117.064583,501.610487,39.867674,2.253209,9,1,11,0,32.888953
84945.000000,33.578163,-117.064577,500.547876,39.803262,2.257385,9,1,11,0,31.827027
84960.000000,33.578165,-117.064579,499.188961,39.883136,2.261545,9,1,11,0,30.453258
84975.000000,33.578160,-117.064576,498.519230,39.931066,2.265689,9,1,11,0,29.972536
84990.000000,33.578163,-117.064577,498.716811,39.825726,2.269814,9,1,11,0,30.070567
85005.000000,33.578164,-117.064574,496.896433,39.538827,2.273920,9,1,11,0,28.321802
85020.000000,33.578168,-117.064572,496.613636,39.315769,2.278007,9,1,11,0,27.934221
85035.000000,33.578164,-117.064570,495.432590,39.472400,2.282073,9,1,11,0,26.974039
85050.000000,33.578167,-117.064572,492.941161,39.666931,2.286118,9,1,11,0,24.503080
85065.000000,33.578165,-117.064568,492.105628,39.767975,2.290141,9,1,11,0,23.876132
85080.000000,33.578169,-117.064568,491.390428,39.917757,2.294140,9,1,11,0,23.023064
85095.000000,33.578169,-117.064566,490.651299,39.982010,2.298115,9,1,11,0,22.372688
85110.000000,33.578170,-117.064563,489.994747,39.821817,2.302065,9,1,11,0,21.796933
85125.000000,33.578171,-117.064562,488.876481,39.784560,2.305989,9,1,11,0,20.720270
85140.000000,33.578169,-117.064558,487.790481,39.702131,2.309886,9,1,11,0,19.930420
85155.000000,33.578172,-117.064557,485.401746,39.679776,2.313756,9,1,11,0,17.686679
85170.000000,33.578173,-117.064555,484.102660,39.700052,2.317596,9,1,11,0,16.563370
85185.000000,33.578171,-117.064560,484.107304,39.924543,2.321407,9,1,11,0,16.553269
85200.000000,33.578173,-117.064556,482.501262,40.074118,2.325187,9,1,11,0,15.174136
85215.000000,33.578176,-117.064559,481.498362,40.208868,2.328935,9,1,11,0,14.160572
85230.000000,33.578176,-117.064557,480.084901,40.203871,2.332652,9,1,11,0,13.063223
85245.000000,33.578173,-117.064555,480.239519,40.167542,2.336334,9,1,11,0,13.424801
85260.000000,33.578176,-117.064548,478.572689,40.241333,2.339983,9,1,11,0,12.214120
85275.000000,33.578177,-117.064546,478.166833,40.063925,2.343596,9,1,11,0,12.012703
85290.000000,33.578176,-117.064544,476.692758,40.052924,2.347172,9,1,11,0,11.214551
85305.000000,33.578174,-117.064548,476.167822,40.125260,2.350712,9,1,11,0,10.871283
85320.000000,33.578175,-117.064545,474.187624,40.323097,2.354214,9,1,11,0,9.897934
85335.000000,33.578176,-117.064544,473.867142,40.070281,2.357677,9,1,11,0,9.757384
85350.000000,33.578177,-117.064539,472.768149,40.264028,2.361100,9,1,11,0,9.554610
85365.000000,33.578174,-117.064534,472.207059,39.979346,2.364482,9,1,11,0,10.023629
85380.000000,33.578172,-117.064539,472.464343,40.038437,2.367822,9,1,11,0,9.897191
85395.000000,33.578177,-117.064538,469.490349,40.240969,2.371120,9,1,11,0,9.280755
85410.000000,33.578177,-117.064536,469.376599,40.393248,2.374374,9,1,11,0,9.422984
85425.000000,33.578178,-117.064531,467.837436,40.141221,2.377584,9,1,10,0,9.779990
85440.000000,33.578180,-117.064533,466.182724,39.971057,2.380749,9,1,10,0,10.006773
85455.000000,33.578179,-117.064532,465.853403,40.272446,2.383868,9,1,10,0,10.362202
85470.000000,33.578185,-117.064529,463.171458,40.536361,2.386940,9,1,10,0,11.482387
85485.000000,33.578186,-117.064528,462.944862,40.173072,2.389963,9,1,10,0,11.622480
85500.000000,33.578184,-117.064519,462.792076,40.049387,2.392939,9,1,10,0,12.312852
85515.000000,33.578187,-117.064520,461.660400,40.013655,2.395864,9,1,10,0,12.792659
85530.000000,33.578186,-117.064520,461.149552,39.822442,2.398740,9,1,11,0,13.148607
85545.000000,33.578187,-117.064519,459.775562,39.689827,2.401564,9,1,11,0,14.126423
85560.000000,33.578189,-117.064519,458.152598,39.976873,2.404337,9,1,11,0,15.269445
85575.000000,33.578194,-117.064517,455.744101,39.860769,2.407057,9,1,11,0,17.090149
85590.000000,33.578193,-117.064518,454.964520,40.112153,2.409723,9,1,11,0,17.786450
85605.000000,33.578196,-117.064518,453.107071,39.944914,2.412335,9,1,11,0,19.275885
85620.000000,33.578196,-117.064510,452.744170,39.919266,2.414892,9,1,11,0,19.864910
85635.000000,33.578197,-117.064509,452.178679,39.769801,2.417393,9,1,11,0,20.382205
85650.000000,33.578262,-117.064583,503.649060,42.532286,2.212681,10,1,11,0,33.687856
85665.000000,33.578265,-117.064582,504.329679,43.264601,2.217621,10,1,11,0,34.393318
85680.000000,33.578271,-117.064589,503.402486,43.543415,2.222532,10,1,11,0,33.496486
85695.000000,33.578272,-117.064584,499.598557,43.257530,2.227411,10,1,11,0,29.740885
85710.000000,33.578275,-117.064583,501.491341,43.705688,2.232256,10,1,11,0,31.668831
85725.000000,33.578276,-117.064581,499.585754,43.810011,2.237066,10,1,11,0,29.802082
85740.000000,33.578277,-117.064579,497.120028,43.754672,2.241839,10,1,11,0,27.387744
85755.000000,33.578277,-117.064573,497.755965,43.646163,2.246573,10,1,11,0,28.050795
85770.000000,33.578285,-117.064577,496.879946,43.963233,2.251268,10,1,11,0,27.300747
85785.000000,33.578286,-117.064578,494.672967,44.075959,2.255920,10,1,11,0,25.141218
85800.000000,33.578289,-117.064575,493.450385,44.063784,2.260529,10,1,11,0,24.042180
85815.000000,33.578291,-117.064576,492.888300,44.400122,2.265093,10,1,11,0,23.541999
85830.000000,33.578296,-117.064569,490.400304,44.306405,2.269610,10,1,11,0,21.344061
85845.000000,33.578296,-117.064567,489.223656,44.145888,2.274078,10,1,11,0,20.248421
85860.000000,33.578300,-117.064565,488.241127,44.077706,2.278496,10,1,11,0,19.516495
85875.000000,33.578298,-117.064564,486.846461,44.112569,2.282861,10,1,11,0,18.151077
85890.000000,33.578302,-117.064558,485.705103,44.353953,2.287173,10,1,11,0,17.393466
85905.000000,33.578305,-117.064563,484.611642,44.485638,2.291429,10,1,11,0,16.420721
85920.000000,33.578307,-117.064556,480.943329,43.926014,2.295628,10,1,11,0,13.577755
85935.000000,33.578307,-117.064558,482.000693,44.300338,2.299767,10,1,11,0,14.401923
85950.000000,33.578315,-117.064552,481.614325,44.807928,2.303846,10,1,11,0,14.706146
85965.000000,33.578313,-117.064544,476.030427,43.411528,2.307863,10,1,11,0,11.006576
85980.000000,33.578321,-117.064547,479.795416,44.815290,2.311814,10,1,11,0,13.892542
85995.000000,33.578321,-117.064548,476.650811,44.631586,2.315700,10,1,11,0,11.891559
86010.000000,33.578325,-117.064548,472.369668,44.489487,2.319519,10,1,11,0,10.550376
86025.000000,33.578334,-117.064541,471.901436,44.817167,2.323268,10,1,11,0,11.600169
86040.000000,33.578330,-117.064538,472.367833,44.796272,2.326946,10,1,11,0,11.409175
86055.000000,33.578335,-117.064536,469.045972,44.586421,2.330551,10,1,11,0,11.806352
86070.000000,33.578333,-117.064528,467.488112,44.184621,2.334082,10,1,11,0,12.207686
86085.000000,33.578339,-117.064531,465.105222,44.214286,2.337537,10,1,11,0,13.289377
86100.000000,33.578344,-117.064535,465.342957,44.760472,2.340914,10,1,11,0,13.588088
86115.000000,33.578342,-117.064527,464.164415,44.485783,2.344213,10,1,11,0,14.105346
86130.000000,33.578349,-117.064530,461.984949,44.592027,2.347430,10,1,11,0,15.615517
86145.000000,33.578346,-117.064524,462.764577,44.589987,2.350565,10,1,11,0,15.211473
86160.000000,33.578353,-117.064522,460.660556,44.366276,2.353616,10,1,11,0,16.975312
86175.000000,33.578355,-117.064524,457.039547,44.436425,2.356583,10,1,11,0,19.287108
86190.000000,33.578354,-117.064519,457.159465,44.369708,2.359462,10,1,11,0,19.301111
86205.000000,33.578360,-117.064521,455.865019,44.711921,2.362253,10,1,11,0,20.567188
86220.000000,33.578362,-117.064522,453.755824,44.629174,2.364954,10,1,11,0,22.136324
86235.000000,33.578366,-117.064516,452.251417,44.339508,2.367564,10,1,11,0,23.710227
86250.000000,33.578368,-117.064516,450.915736,44.479560,2.370083,10,1,11,0,24.834182
86265.000000,33.578376,-117.064512,447.732110,44.324702,2.372507,10,1,11,0,27.932646
86280.000000,33.578376,-117.064512,446.492801,44.245818,2.374837,10,1,11,0,28.945308
86295.000000,33.578381,-117.064513,446.136437,44.901908,2.377071,10,1,11,0,29.522184
86310.000000,33.578382,-117.064509,443.739644,44.559536,2.379207,10,1,11,0,31.623380
86325.000000,33.578391,-117.064508,441.132075,44.524371,2.381246,10,1,11,0,34.292629
86340.000000,33.578397,-117.064505,438.864104,44.599765,2.383184,10,1,11,0,36.620190
86355.000000,33.578394,-117.064501,439.484983,44.688827,2.385023,10,1,11,0,36.021594
86370.000000,33.578400,-117.064499,437.051196,44.583001,2.386760,10,1,11,0,38.451642
86385.000000,33.578404,-117.064501,435.569000,44.742070,2.388394,10,1,11,0,39.910886
