t_gps,kf_lat,kf_lon,kf_h,rts_lat,rts_lon,rts_h,kf_sigma,rts_sigma
0.000000,33.578359,-117.064523,459.988973,33.578375,-117.064250,459.485163,45.613543,1.833428
15.000000,33.578358,-117.064522,459.984843,33.578375,-117.064250,459.485757,43.974655,1.832987
30.000000,33.578358,-117.064520,459.438374,33.578375,-117.064250,459.486351,45.764173,1.832546
45.000000,33.578359,-117.064520,458.837291,33.578375,-117.064250,459.486945,49.003946,1.832104
60.000000,33.578361,-117.064518,457.579145,33.578375,-117.064250,459.487539,52.018977,1.831663
75.000000,33.578364,-117.064517,455.453809,33.578375,-117.064250,459.488133,54.068211,1.831222
90.000000,33.578366,-117.064515,453.951219,33.578375,-117.064250,459.488727,55.104533,1.830781
105.000000,33.578370,-117.064512,451.708379,33.578375,-117.064250,459.489321,55.310815,1.830340
120.000000,33.578373,-117.064510,449.326107,33.578375,-117.064250,459.489915,54.920424,1.829899
135.000000,33.578376,-117.064509,447.530320,33.578375,-117.064250,459.490509,54.253778,1.829458
150.000000,33.578379,-117.064507,446.089076,33.578375,-117.064250,459.491103,53.424824,1.829017
165.000000,33.578385,-117.064506,443.991280,33.578375,-117.064250,459.491697,52.455531,1.828576
180.000000,33.578389,-117.064504,441.911769,33.578375,-117.064250,459.492291,51.346876,1.828135
195.000000,33.578393,-117.064503,439.980534,33.578375,-117.064250,459.492885,50.270738,1.827694
210.000000,33.578398,-117.064501,438.218957,33.578375,-117.064250,459.493479,49.185518,1.827253
225.000000,33.578401,-117.064498,436.716056,33.578375,-117.064250,459.494073,48.150263,1.826812
240.000000,33.578405,-117.064496,435.184161,33.578375,-117.064250,459.494667,47.062516,1.826371
255.000000,33.578409,-117.064494,433.094531,33.578375,-117.064250,459.495261,46.044766,1.825930
270.000000,33.578414,-117.064494,431.033526,33.578375,-117.064250,459.495855,45.100001,1.825490
285.000000,33.578417,-117.064492,429.213592,33.578375,-117.064250,459.496449,44.124962,1.825049
300.000000,33.578420,-117.064490,427.647007,33.578375,-117.064250,459.497043,43.224916,1.824608
315.000000,33.578424,-117.064488,425.880645,33.578375,-117.064250,459.497637,42.395963,1.824167
330.000000,33.578428,-117.064486,423.962170,33.578375,-117.064250,459.498231,41.566434,1.823727
345.000000,33.578432,-117.064484,422.064546,33.578375,-117.064250,459.498825,40.804647,1.823286
360.000000,33.578435,-117.064483,420.304869,33.578375,-117.064250,459.499419,40.127094,1.822845
375.000000,33.578439,-117.064481,418.525346,33.578375,-117.064250,459.500013,39.434584,1.822405
390.000000,33.578443,-117.064478,416.777147,33.578375,-117.064250,459.500607,38.755507,1.821964
405.000000,33.578446,-117.064475,415.185548,33.578375,-117.064250,459.501201,38.143654,1.821523
420.000000,33.578450,-117.064473,413.343179,33.578375,-117.064250,459.501795,37.506430,1.821083
435.000000,33.578453,-117.064471,411.508765,33.578375,-117.064250,459.502389,36.880768,1.820642
450.000000,33.578458,-117.064468,409.732269,33.578375,-117.064250,459.502983,36.316455,1.820202
465.000000,33.578461,-117.064466,408.121357,33.578375,-117.064250,459.503577,35.789159,1.819761
480.000000,33.578464,-117.064464,406.566133,33.578375,-117.064250,459.504171,35.239650,1.819321
495.000000,33.578468,-117.064462,404.953563,33.578375,-117.064250,459.504765,34.734111,1.818881
510.000000,33.578471,-117.064460,403.482542,33.578375,-117.064250,459.505359,34.218748,1.818440
525.000000,33.578474,-117.064458,401.775122,33.578375,-117.064250,459.505953,33.742167,1.818000
540.000000,33.578478,-117.064456,400.192023,33.578375,-117.064250,459.506547,33.263259,1.817559
555.000000,33.578482,-117.064454,398.560328,33.578375,-117.064250,459.507141,32.795718,1.817119
570.000000,33.578485,-117.064451,396.840883,33.578375,-117.064250,459.507735,32.345332,1.816679
585.000000,33.578489,-117.064450,395.126485,33.578375,-117.064250,459.508329,31.940202,1.816239
600.000000,33.578493,-117.064448,393.382350,33.578374,-117.064250,459.508923,31.503382,1.815798
615.000000,33.578497,-117.064447,391.713089,33.578374,-117.064250,459.509517,31.138959,1.815358
630.000000,33.578500,-117.064446,390.167966,33.578374,-117.064250,459.510111,30.756002,1.814918
645.000000,33.578504,-117.064444,388.598016,33.578374,-117.064250,459.510705,30.410393,1.814478
660.000000,33.578507,-117.064443,386.962010,33.578374,-117.064250,459.511299,30.041910,1.814038
675.000000,33.578511,-117.064442,385.299930,33.578374,-117.064250,459.511893,29.705814,1.813598
690.000000,33.578515,-117.064442,383.736766,33.578374,-117.064250,459.512487,29.367522,1.813158
705.000000,33.578519,-117.064441,382.089998,33.578374,-117.064250,459.513080,29.032318,1.812717
720.000000,33.578523,-117.064440,380.384304,33.578374,-117.064250,459.513674,28.714400,1.812277
735.000000,33.578526,-117.064439,378.779901,33.578374,-117.064250,459.514268,28.394940,1.811837
750.000000,33.578529,-117.064438,377.353265,33.578374,-117.064250,459.514862,28.069089,1.811397
765.000000,33.578532,-117.064437,375.918651,33.578374,-117.064250,459.515456,27.747530,1.810958
780.000000,33.578536,-117.064436,374.421754,33.578374,-117.064250,459.516050,27.446321,1.810518
795.000000,33.578539,-117.064435,372.858247,33.578374,-117.064250,459.516644,27.160630,1.810078
810.000000,33.578542,-117.064434,371.325682,33.578374,-117.064250,459.517238,26.861129,1.809638
825.000000,33.578546,-117.064433,369.793332,33.578374,-117.064250,459.517832,26.582046,1.809198
840.000000,33.578549,-117.064431,368.390901,33.578374,-117.064250,459.518426,26.309040,1.808758
855.000000,33.578552,-117.064430,366.907635,33.578374,-117.064250,459.519020,26.041175,1.808318
870.000000,33.578555,-117.064429,365.432493,33.578374,-117.064250,459.519614,25.754462,1.807879
885.000000,33.578559,-117.064428,364.017815,33.578374,-117.064250,459.520208,25.507764,1.807439
900.000000,33.578562,-117.064426,362.697841,33.578374,-117.064250,459.520802,25.243198,1.806999
915.000000,33.578564,-117.064425,361.403775,33.578374,-117.064250,459.521396,24.992234,1.806560
930.000000,33.578567,-117.064424,360.077702,33.578374,-117.064250,459.521990,24.737621,1.806120
945.000000,33.578570,-117.064423,358.814185,33.578374,-117.064250,459.522584,24.490290,1.805680
960.000000,33.578573,-117.064422,357.542762,33.578374,-117.064250,459.523178,24.249232,1.805241
975.000000,33.578575,-117.064420,356.344453,33.578374,-117.064250,459.523772,24.014043,1.804801
990.000000,33.578578,-117.064419,355.143211,33.578374,-117.064250,459.524366,23.786150,1.804362
1005.000000,33.578580,-117.064418,353.972642,33.578374,-117.064250,459.524960,23.563603,1.803922
1020.000000,33.578583,-117.064416,352.817051,33.578374,-117.064250,459.525554,23.346045,1.803483
1035.000000,33.578586,-117.064416,351.540135,33.578374,-117.064250,459.526148,23.138046,1.803043
1050.000000,33.578589,-117.064415,350.268118,33.578374,-117.064250,459.526742,22.919282,1.802604
1065.000000,33.578591,-117.064414,349.083326,33.578374,-117.064250,459.527336,22.701905,1.802164
1080.000000,33.578594,-117.064414,347.875355,33.578374,-117.064250,459.527930,22.484479,1.801725
1095.000000,33.578597,-117.064413,346.687747,33.578374,-117.064250,459.528524,22.270666,1.801286
1110.000000,33.578600,-117.064412,345.496650,33.578374,-117.064250,459.529118,22.065298,1.800846
1125.000000,33.578603,-117.064412,344.239057,33.578374,-117.064250,459.529712,21.861099,1.800407
1140.000000,33.578606,-117.064412,342.995243,33.578374,-117.064250,459.530306,21.656486,1.799968
1155.000000,33.578609,-117.064411,341.717015,33.578374,-117.064250,459.530900,21.459886,1.799528
1170.000000,33.578611,-117.064411,340.600213,33.578374,-117.064250,459.531494,21.258973,1.799089
1185.000000,33.578614,-117.064410,339.479278,33.578374,-117.064250,459.532088,21.077696,1.798650
1200.000000,33.578616,-117.064409,338.466820,33.578374,-117.064250,459.532682,20.883508,1.798211
1215.000000,33.578619,-117.064409,337.370608,33.578374,-117.064250,459.533276,20.694013,1.797772
1230.000000,33.578621,-117.064409,336.283921,33.578374,-117.064250,459.533870,20.504230,1.797333
1245.000000,33.578624,-117.064408,335.283635,33.578374,-117.064250,459.534464,20.316806,1.796894
1260.000000,33.578615,-117.064404,337.119145,33.578374,-117.064250,459.535058,20.301040,1.796455
1275.000000,33.578606,-117.064400,338.977182,33.578374,-117.064250,459.535652,20.273422,1.796015
1290.000000,33.578597,-117.064396,340.741640,33.578374,-117.064250,459.536246,20.246420,1.795576
1305.000000,33.578588,-117.064393,342.460471,33.578374,-117.064250,459.536840,20.222496,1.795138
1320.000000,33.578580,-117.064389,344.278549,33.578374,-117.064250,459.537434,20.173095,1.794699
1335.000000,33.578571,-117.064385,345.925187,33.578374,-117.064250,459.538028,20.138815,1.794260
1350.000000,33.578563,-117.064382,347.583152,33.578374,-117.064250,459.538622,20.093590,1.793821
1365.000000,33.578555,-117.064378,349.176808,33.578374,-117.064250,459.539216,20.055994,1.793382
1380.000000,33.578547,-117.064375,350.750763,33.578374,-117.064250,459.539810,20.006289,1.792943
1395.000000,33.578540,-117.064372,352.251195,33.578374,-117.064250,459.540404,19.961379,1.792504
1410.000000,33.578533,-117.064369,353.684605,33.578374,-117.064250,459.540998,19.913796,1.792065
1425.000000,33.578525,-117.064365,355.170367,33.578373,-117.064250,459.541592,19.850557,1.791627
1440.000000,33.578518,-117.064362,356.578731,33.578373,-117.064250,459.542186,19.798080,1.791188
1455.000000,33.578511,-117.064358,357.942788,33.578373,-117.064250,459.542780,19.729869,1.790749
1470.000000,33.578505,-117.064355,359.260879,33.578373,-117.064250,459.543374,19.665626,1.790311
1485.000000,33.578498,-117.064352,360.499101,33.578373,-117.064250,459.543968,19.597484,1.789872
1500.000000,33.578492,-117.064349,361.645940,33.578373,-117.064250,459.544562,19.527418,1.789433
1515.000000,33.578485,-117.064346,362.839031,33.578373,-117.064250,459.545156,19.450382,1.788995
1530.000000,33.578479,-117.064342,363.976668,33.578373,-117.064250,459.545750,19.363508,1.788556
1545.000000,33.578473,-117.064339,365.096449,33.578373,-117.064250,459.546344,19.280826,1.788118
1560.000000,33.578467,-117.064336,366.174912,33.578373,-117.064250,459.546938,19.188977,1.787679
1575.000000,33.578462,-117.064333,367.180560,33.578373,-117.064250,459.547532,19.105850,1.787241
1590.000000,33.578456,-117.064330,368.037848,33.578373,-117.064250,459.548126,19.032532,1.786802
1605.000000,33.578451,-117.064327,368.883002,33.578373,-117.064250,459.548720,18.951343,1.786364
1620.000000,33.578446,-117.064325,369.705876,33.578373,-117.064250,459.549314,18.874056,1.785925
1635.000000,33.578441,-117.064322,370.489437,33.578373,-117.064250,459.549908,18.792250,1.785487
1650.000000,33.578436,-117.064319,371.239305,33.578373,-117.064250,459.550502,18.711927,1.785049
1665.000000,33.578432,-117.064317,371.962270,33.578373,-117.064250,459.551096,18.630312,1.784610
1680.000000,33.578427,-117.064314,372.668281,33.578373,-117.064250,459.551690,18.542528,1.784172
1695.000000,33.578423,-117.064312,373.281521,33.578373,-117.064250,459.552284,18.472703,1.783734
1710.000000,33.578419,-117.064309,373.833323,33.578373,-117.064250,459.552878,18.394269,1.783296
1725.000000,33.578415,-117.064307,374.405392,33.578373,-117.064250,459.553472,18.320288,1.782858
1740.000000,33.578410,-117.064305,374.978225,33.578373,-117.064250,459.554066,18.250411,1.782419
1755.000000,33.578407,-117.064302,375.555677,33.578373,-117.064250,459.554660,18.172668,1.781981
1770.000000,33.578403,-117.064300,376.027946,33.578373,-117.064250,459.555254,18.106196,1.781543
1785.000000,33.578399,-117.064298,376.501065,33.578373,-117.064250,459.555848,18.033891,1.781105
1800.000000,33.578395,-117.064297,376.930735,33.578373,-117.064250,459.556442,17.970273,1.780667
1815.000000,33.578392,-117.064295,377.377138,33.578373,-117.064250,459.557036,17.898042,1.780229
1830.000000,33.578388,-117.064293,377.796332,33.578373,-117.064250,459.557630,17.823109,1.779791
1845.000000,33.578385,-117.064291,378.212125,33.578373,-117.064250,459.558224,17.750114,1.779353
1860.000000,33.578382,-117.064289,378.593163,33.578373,-117.064250,459.558818,17.671866,1.778915
1875.000000,33.578379,-117.064288,378.964617,33.578373,-117.064250,459.559412,17.593977,1.778477
1890.000000,33.578376,-117.064286,379.351432,33.578373,-117.064250,459.560006,17.507482,1.778039
1905.000000,33.578373,-117.064285,379.716136,33.578373,-117.064250,459.560600,17.425878,1.777601
1920.000000,33.578370,-117.064283,380.084469,33.578373,-117.064250,459.561193,17.340893,1.777164
1935.000000,33.578367,-117.064281,380.436177,33.578373,-117.064250,459.561787,17.255059,1.776726
1950.000000,33.578364,-117.064280,380.734315,33.578373,-117.064250,459.562381,17.174682,1.776288
1965.000000,33.578362,-117.064278,381.034188,33.578373,-117.064250,459.562975,17.085337,1.775850
1980.000000,33.578359,-117.064276,381.313180,33.578373,-117.064250,459.563569,16.999080,1.775412
1995.000000,33.578357,-117.064275,381.541904,33.578373,-117.064250,459.564163,16.908958,1.774975
2010.000000,33.578354,-117.064273,381.762597,33.578373,-117.064250,459.564757,16.814071,1.774537
2025.000000,33.578352,-117.064272,381.957959,33.578373,-117.064250,459.565351,16.722330,1.774099
2040.000000,33.578350,-117.064270,382.124445,33.578373,-117.064250,459.565945,16.641700,1.773662
2055.000000,33.578348,-117.064269,382.266188,33.578373,-117.064250,459.566539,16.556283,1.773224
2070.000000,33.578346,-117.064268,382.363678,33.578373,-117.064250,459.567133,16.477694,1.772787
2085.000000,33.578345,-117.064268,382.852512,33.578373,-117.064250,459.567727,16.427256,1.772349
2100.000000,33.578343,-117.064269,383.364298,33.578373,-117.064250,459.568321,16.379089,1.771912
2115.000000,33.578342,-117.064270,383.825672,33.578373,-117.064250,459.568915,16.331324,1.771474
2130.000000,33.578341,-117.064270,384.310112,33.578373,-117.064250,459.569509,16.276263,1.771037
2145.000000,33.578340,-117.064270,384.800786,33.578373,-117.064250,459.570103,16.221099,1.770599
2160.000000,33.578339,-117.064271,385.143361,33.578373,-117.064250,459.570697,16.176976,1.770162
2175.000000,33.578338,-117.064269,386.146557,33.578373,-117.064250,459.571291,16.120354,1.769725
2190.000000,33.578337,-117.064268,387.052592,33.578373,-117.064250,459.571885,16.072286,1.769287
2205.000000,33.578336,-117.064266,387.997884,33.578373,-117.064250,459.572479,16.014501,1.768850
2220.000000,33.578336,-117.064264,388.887043,33.578373,-117.064250,459.573073,15.960204,1.768413
2235.000000,33.578335,-117.064263,389.771865,33.578373,-117.064250,459.573667,15.903288,1.767976
2250.000000,33.578334,-117.064261,390.658448,33.578372,-117.064250,459.574261,15.842631,1.767538
2265.000000,33.578334,-117.064259,391.468021,33.578372,-117.064250,459.574855,15.788924,1.767101
2280.000000,33.578333,-117.064258,392.328785,33.578372,-117.064250,459.575449,15.725428,1.766664
2295.000000,33.578332,-117.064256,393.130764,33.578372,-117.064250,459.576043,15.664061,1.766227
2310.000000,33.578331,-117.064255,393.789001,33.578372,-117.064250,459.576637,15.614203,1.765790
2325.000000,33.578331,-117.064253,394.526774,33.578372,-117.064250,459.577231,15.550682,1.765353
2340.000000,33.578330,-117.064252,395.273972,33.578372,-117.064250,459.577825,15.485967,1.764916
2355.000000,33.578329,-117.064250,395.908134,33.578372,-117.064250,459.578419,15.435836,1.764479
2370.000000,33.578329,-117.064249,396.575744,33.578372,-117.064250,459.579013,15.381305,1.764042
2385.000000,33.578328,-117.064248,397.261858,33.578372,-117.064250,459.579607,15.325589,1.763605
2400.000000,33.578327,-117.064246,397.835104,33.578372,-117.064250,459.580201,15.276013,1.763168
2415.000000,33.578326,-117.064245,398.387875,33.578372,-117.064250,459.580795,15.221874,1.762731
2430.000000,33.578326,-117.064244,398.891493,33.578372,-117.064250,459.581389,15.173232,1.762294
2445.000000,33.578325,-117.064243,399.393803,33.578372,-117.064250,459.581983,15.118218,1.761857
2460.000000,33.578325,-117.064242,399.946896,33.578372,-117.064250,459.582577,15.054995,1.761421
2475.000000,33.578324,-117.064241,400.467709,33.578372,-117.064250,459.583171,14.991824,1.760984
2490.000000,33.578324,-117.064240,400.884609,33.578372,-117.064250,459.583765,14.937200,1.760547
2505.000000,33.578324,-117.064239,401.343077,33.578372,-117.064250,459.584359,14.873208,1.760110
2520.000000,33.578323,-117.064238,401.792638,33.578372,-117.064250,459.584953,14.806576,1.759674
2535.000000,33.578323,-117.064237,402.145855,33.578372,-117.064250,459.585547,14.757002,1.759237
2550.000000,33.578322,-117.064236,402.496591,33.578372,-117.064250,459.586141,14.706270,1.758800
2565.000000,33.578322,-117.064235,402.880219,33.578372,-117.064250,459.586735,14.649532,1.758364
2580.000000,33.578321,-117.064234,403.206525,33.578372,-117.064250,459.587329,14.593627,1.757927
2595.000000,33.578320,-117.064233,403.464442,33.578372,-117.064250,459.587923,14.548405,1.757491
2610.000000,33.578320,-117.064233,403.722404,33.578372,-117.064250,459.588517,14.499761,1.757054
2625.000000,33.578319,-117.064232,403.989009,33.578372,-117.064250,459.589111,14.449334,1.756618
2640.000000,33.578318,-117.064231,404.237755,33.578372,-117.064250,459.589705,14.402207,1.756181
2655.000000,33.578318,-117.064230,404.526506,33.578372,-117.064250,459.590299,14.346004,1.755745
2670.000000,33.578317,-117.064229,404.814880,33.578372,-117.064250,459.590893,14.291546,1.755308
2685.000000,33.578316,-117.064228,405.044587,33.578372,-117.064250,459.591487,14.246737,1.754872
2700.000000,33.578316,-117.064227,405.263143,33.578372,-117.064250,459.592081,14.194509,1.754436
2715.000000,33.578315,-117.064226,405.515045,33.578372,-117.064250,459.592675,14.141274,1.753999
2730.000000,33.578314,-117.064226,405.689777,33.578372,-117.064250,459.593269,14.095757,1.753563
2745.000000,33.578313,-117.064225,405.903397,33.578372,-117.064250,459.593863,14.050067,1.753127
2760.000000,33.578313,-117.064224,406.133616,33.578372,-117.064250,459.594457,13.992698,1.752691
2775.000000,33.578312,-117.064224,406.334159,33.578372,-117.064250,459.595051,13.945416,1.752254
2790.000000,33.578311,-117.064223,406.446232,33.578372,-117.064250,459.595645,13.905533,1.751818
2805.000000,33.578311,-117.064222,406.639679,33.578372,-117.064250,459.596239,13.853583,1.751382
2820.000000,33.578310,-117.064222,406.866696,33.578372,-117.064250,459.596833,13.796207,1.750946
2835.000000,33.578309,-117.064221,407.019388,33.578372,-117.064250,459.597427,13.745496,1.750510
2850.000000,33.578309,-117.064220,407.189985,33.578372,-117.064250,459.598021,13.692036,1.750074
2865.000000,33.578308,-117.064220,407.350645,33.578372,-117.064250,459.598615,13.636444,1.749638
2880.000000,33.578308,-117.064219,407.528531,33.578372,-117.064250,459.599209,13.576420,1.749202
2895.000000,33.578308,-117.064219,407.650971,33.578372,-117.064250,459.599803,13.522656,1.748766
2910.000000,33.578307,-117.064218,407.819713,33.578372,-117.064250,459.600397,13.463405,1.748330
2925.000000,33.578307,-117.064218,407.977570,33.578372,-117.064250,459.600991,13.400134,1.747894
2940.000000,33.578306,-117.064218,408.009012,33.578372,-117.064250,459.601585,13.354643,1.747458
2955.000000,33.578305,-117.064217,408.005312,33.578372,-117.064250,459.602179,13.311358,1.747022
2970.000000,33.578305,-117.064217,408.067412,33.578372,-117.064250,459.602773,13.255325,1.746587
2985.000000,33.578305,-117.064217,408.148857,33.578372,-117.064250,459.603367,13.194697,1.746151
3000.000000,33.578304,-117.064216,408.245778,33.578372,-117.064250,459.603961,13.137345,1.745715
3015.000000,33.578304,-117.064216,408.305723,33.578372,-117.064250,459.604555,13.082290,1.745279
3030.000000,33.578304,-117.064216,408.417851,33.578372,-117.064250,459.605149,13.020086,1.744844
3045.000000,33.578303,-117.064216,408.475455,33.578372,-117.064250,459.605743,12.967113,1.744408
3060.000000,33.578302,-117.064215,408.482128,33.578372,-117.064250,459.606337,12.921187,1.743972
3075.000000,33.578302,-117.064215,408.515027,33.578371,-117.064250,459.606931,12.874281,1.743537
3090.000000,33.578302,-117.064215,408.617967,33.578371,-117.064250,459.607525,12.816346,1.743101
3105.000000,33.578301,-117.064215,408.718468,33.578371,-117.064250,459.608119,12.760397,1.742666
3120.000000,33.578301,-117.064215,408.747738,33.578371,-117.064250,459.608713,12.714430,1.742230
3135.000000,33.578300,-117.064214,408.781111,33.578371,-117.064250,459.609307,12.672520,1.741795
3150.000000,33.578300,-117.064214,408.847232,33.578371,-117.064250,459.609900,12.624005,1.741359
3165.000000,33.578299,-117.064214,408.925997,33.578371,-117.064250,459.610494,12.572583,1.740924
3180.000000,33.578299,-117.064213,408.978059,33.578371,-117.064250,459.611088,12.524853,1.740488
3195.000000,33.578298,-117.064213,408.994408,33.578371,-117.064250,459.611682,12.482814,1.740053
3210.000000,33.578297,-117.064213,409.030181,33.578371,-117.064250,459.612276,12.435769,1.739618
3225.000000,33.578325,-117.064203,416.290357,33.578371,-117.064250,459.612870,11.901360,1.739182
3240.000000,33.578347,-117.064194,422.394828,33.578371,-117.064250,459.613464,11.441183,1.738747
3255.000000,33.578367,-117.064187,427.432523,33.578371,-117.064250,459.614058,11.041253,1.738312
3270.000000,33.578383,-117.064180,431.681225,33.578371,-117.064250,459.614652,10.697540,1.737877
3285.000000,33.578396,-117.064174,435.398489,33.578371,-117.064250,459.615246,10.394976,1.737441
3300.000000,33.578409,-117.064170,438.753588,33.578371,-117.064250,459.615840,10.110673,1.737006
3315.000000,33.578420,-117.064165,441.795235,33.578371,-117.064250,459.616434,9.857597,1.736571
3330.000000,33.578429,-117.064161,444.473467,33.578371,-117.064250,459.617028,9.631914,1.736136
3345.000000,33.578438,-117.064157,446.821728,33.578371,-117.064250,459.617622,9.431679,1.735701
3360.000000,33.578445,-117.064154,449.012729,33.578371,-117.064250,459.618216,9.242932,1.735266
3375.000000,33.578452,-117.064151,451.001706,33.578371,-117.064250,459.618810,9.071291,1.734831
3390.000000,33.578458,-117.064148,452.817508,33.578371,-117.064250,459.619404,8.910318,1.734396
3405.000000,33.578464,-117.064145,454.431308,33.578371,-117.064250,459.619998,8.765213,1.733961
3420.000000,33.578469,-117.064143,455.932432,33.578371,-117.064250,459.620592,8.633646,1.733526
3435.000000,33.578474,-117.064140,457.389403,33.578371,-117.064250,459.621186,8.503326,1.733091
3450.000000,33.578478,-117.064138,458.764172,33.578371,-117.064250,459.621780,8.376212,1.732657
3465.000000,33.578483,-117.064136,460.004472,33.578371,-117.064250,459.622374,8.256520,1.732222
3480.000000,33.578486,-117.064134,461.152951,33.578371,-117.064250,459.622968,8.151654,1.731787
3495.000000,33.578490,-117.064132,462.271469,33.578371,-117.064250,459.623562,8.047808,1.731352
3510.000000,33.578493,-117.064130,463.298463,33.578371,-117.064250,459.624156,7.956582,1.730917
3525.000000,33.578496,-117.064129,464.242702,33.578371,-117.064250,459.624750,7.870499,1.730483
3540.000000,33.578499,-117.064127,465.183901,33.578371,-117.064250,459.625344,7.789199,1.730048
3555.000000,33.578502,-117.064125,466.031269,33.578371,-117.064250,459.625938,7.714922,1.729613
3570.000000,33.578504,-117.064124,466.821519,33.578371,-117.064250,459.626532,7.645694,1.729179
3585.000000,33.578506,-117.064122,467.585740,33.578371,-117.064250,459.627126,7.581149,1.728744
3600.000000,33.578509,-117.064120,468.320750,33.578371,-117.064250,459.627720,7.520567,1.728310
3615.000000,33.578511,-117.064119,469.051899,33.578371,-117.064250,459.628314,7.465184,1.727875
3630.000000,33.578512,-117.064117,469.747152,33.578371,-117.064250,459.628908,7.413817,1.727441
3645.000000,33.578514,-117.064116,470.442202,33.578371,-117.064250,459.629502,7.361451,1.727006
3660.000000,33.578516,-117.064114,471.098604,33.578371,-117.064250,459.630096,7.313276,1.726572
3675.000000,33.578517,-117.064113,471.729835,33.578371,-117.064250,459.630690,7.268439,1.726137
3690.000000,33.578519,-117.064112,472.333781,33.578371,-117.064250,459.631284,7.223720,1.725703
3705.000000,33.578520,-117.064111,472.917263,33.578371,-117.064250,459.631878,7.179641,1.725269
3720.000000,33.578522,-117.064110,473.500817,33.578371,-117.064250,459.632472,7.137442,1.724835
3735.000000,33.578523,-117.064108,474.059552,33.578371,-117.064250,459.633066,7.102104,1.724400
3750.000000,33.578524,-117.064107,474.625004,33.578371,-117.064250,459.633660,7.067311,1.723966
3765.000000,33.578525,-117.064106,475.163425,33.578371,-117.064250,459.634254,7.032377,1.723532
3780.000000,33.578526,-117.064105,475.667101,33.578371,-117.064250,459.634848,7.000566,1.723098
3795.000000,33.578527,-117.064104,476.172365,33.578371,-117.064250,459.635442,6.969192,1.722664
3810.000000,33.578528,-117.064102,476.641262,33.578371,-117.064250,459.636036,6.939383,1.722229
3825.000000,33.578529,-117.064101,477.086061,33.578371,-117.064250,459.636630,6.910992,1.721795
3840.000000,33.578530,-117.064101,477.513246,33.578371,-117.064250,459.637224,6.882940,1.721361
3855.000000,33.578531,-117.064100,477.922523,33.578371,-117.064250,459.637818,6.854527,1.720927
3870.000000,33.578531,-117.064099,478.352844,33.578371,-117.064250,459.638412,6.826398,1.720493
3885.000000,33.578532,-117.064098,478.751554,33.578371,-117.064250,459.639006,6.799880,1.720059
3900.000000,33.578533,-117.064097,479.143204,33.578370,-117.064250,459.639600,6.776002,1.719625
3915.000000,33.578533,-117.064096,479.513673,33.578370,-117.064250,459.640194,6.752767,1.719192
3930.000000,33.578534,-117.064095,479.869316,33.578370,-117.064250,459.640788,6.730684,1.718758
3945.000000,33.578534,-117.064094,480.223226,33.578370,-117.064250,459.641382,6.709342,1.718324
3960.000000,33.578535,-117.064093,480.588788,33.578370,-117.064250,459.641976,6.688350,1.717890
3975.000000,33.578535,-117.064093,480.927350,33.578370,-117.064250,459.642570,6.669458,1.717456
3990.000000,33.578536,-117.064092,481.248068,33.578370,-117.064250,459.643164,6.653156,1.717023
4005.000000,33.578536,-117.064091,481.595844,33.578370,-117.064250,459.643758,6.637138,1.716589
4020.000000,33.578536,-117.064090,481.938699,33.578370,-117.064250,459.644352,6.621416,1.716155
4035.000000,33.578537,-117.064089,482.274867,33.578370,-117.064250,459.644946,6.606531,1.715721
4050.000000,33.578537,-117.064089,482.604471,33.578370,-117.064250,459.645540,6.592376,1.715288
4065.000000,33.578537,-117.064088,482.918739,33.578370,-117.064250,459.646134,6.579118,1.714854
4080.000000,33.578537,-117.064087,483.221463,33.578370,-117.064250,459.646728,6.565803,1.714421
4095.000000,33.578537,-117.064086,483.522559,33.578370,-117.064250,459.647322,6.553777,1.713987
4110.000000,33.578537,-117.064086,483.830308,33.578370,-117.064250,459.647916,6.542396,1.713554
4125.000000,33.578537,-117.064085,484.104125,33.578370,-117.064250,459.648510,6.531669,1.713120
4140.000000,33.578538,-117.064084,484.358616,33.578370,-117.064250,459.649104,6.521187,1.712687
4155.000000,33.578538,-117.064084,484.599984,33.578370,-117.064250,459.649698,6.510225,1.712253
4170.000000,33.578538,-117.064083,484.830866,33.578370,-117.064250,459.650292,6.501324,1.711820
4185.000000,33.578538,-117.064082,485.054253,33.578370,-117.064250,459.650886,6.492319,1.711387
4200.000000,33.578538,-117.064082,485.254725,33.578370,-117.064250,459.651480,6.484928,1.710954
4215.000000,33.578538,-117.064081,485.447041,33.578370,-117.064250,459.652074,6.477452,1.710520
4230.000000,33.578537,-117.064081,485.665155,33.578370,-117.064250,459.652668,6.469463,1.710087
4245.000000,33.578537,-117.064080,485.869721,33.578370,-117.064250,459.653262,6.463154,1.709654
4260.000000,33.578537,-117.064080,486.092598,33.578370,-117.064250,459.653856,6.455858,1.709221
4275.000000,33.578537,-117.064079,486.297467,33.578370,-117.064250,459.654450,6.448801,1.708787
4290.000000,33.578537,-117.064079,486.506414,33.578370,-117.064250,459.655044,6.442168,1.708354
4305.000000,33.578536,-117.064078,486.696926,33.578370,-117.064250,459.655638,6.435285,1.707921
4320.000000,33.578536,-117.064078,486.884583,33.578370,-117.064250,459.656232,6.428724,1.707488
4335.000000,33.578536,-117.064077,487.091178,33.578370,-117.064250,459.656826,6.422594,1.707055
4350.000000,33.578535,-117.064077,487.272588,33.578370,-117.064250,459.657420,6.417662,1.706622
4365.000000,33.578535,-117.064076,487.454638,33.578370,-117.064250,459.658014,6.411860,1.706189
4380.000000,33.578535,-117.064076,487.608651,33.578370,-117.064250,459.658607,6.407890,1.705756
4395.000000,33.578534,-117.064075,487.758956,33.578370,-117.064250,459.659201,6.403648,1.705324
4410.000000,33.578534,-117.064075,487.913672,33.578370,-117.064250,459.659795,6.399465,1.704891
4425.000000,33.578534,-117.064074,488.065671,33.578370,-117.064250,459.660389,6.396073,1.704458
4440.000000,33.578533,-117.064074,488.208959,33.578370,-117.064250,459.660983,6.392241,1.704025
4455.000000,33.578533,-117.064074,488.353244,33.578370,-117.064250,459.661577,6.388072,1.703592
4470.000000,33.578532,-117.064074,488.482331,33.578370,-117.064250,459.662171,6.383365,1.703160
4485.000000,33.578532,-117.064073,488.601501,33.578370,-117.064250,459.662765,6.379642,1.702727
4500.000000,33.578531,-117.064073,488.703550,33.578370,-117.064250,459.663359,6.376667,1.702294
4515.000000,33.578531,-117.064073,488.797359,33.578370,-117.064250,459.663953,6.374063,1.701862
4530.000000,33.578530,-117.064072,488.880767,33.578370,-117.064250,459.664547,6.371637,1.701429
4545.000000,33.578529,-117.064072,488.942843,33.578370,-117.064250,459.665141,6.368719,1.700996
4560.000000,33.578529,-117.064072,489.019040,33.578370,-117.064250,459.665735,6.365383,1.700564
4575.000000,33.578528,-117.064072,489.084797,33.578370,-117.064250,459.666329,6.363619,1.700131
4590.000000,33.578528,-117.064072,489.165652,33.578370,-117.064250,459.666923,6.361993,1.699699
4605.000000,33.578527,-117.064071,489.247561,33.578370,-117.064250,459.667517,6.360253,1.699267
4620.000000,33.578526,-117.064071,489.309325,33.578370,-117.064250,459.668111,6.359329,1.698834
4635.000000,33.578526,-117.064071,489.376660,33.578370,-117.064250,459.668705,6.359050,1.698402
4650.000000,33.578525,-117.064071,489.432047,33.578370,-117.064250,459.669299,6.358696,1.697969
4665.000000,33.578524,-117.064071,489.481140,33.578370,-117.064250,459.669893,6.357785,1.697537
4680.000000,33.578523,-117.064071,489.535374,33.578370,-117.064250,459.670487,6.356251,1.697105
4695.000000,33.578522,-117.064070,489.602495,33.578370,-117.064250,459.671081,6.354904,1.696673
4710.000000,33.578522,-117.064070,489.661672,33.578370,-117.064250,459.671675,6.353914,1.696240
4725.000000,33.578521,-117.064070,489.703322,33.578369,-117.064250,459.672269,6.352905,1.695808
4740.000000,33.578520,-117.064070,489.742139,33.578369,-117.064250,459.672863,6.351657,1.695376
4755.000000,33.578519,-117.064070,489.783018,33.578369,-117.064250,459.673457,6.351246,1.694944
4770.000000,33.578518,-117.064070,489.808188,33.578369,-117.064250,459.674051,6.349467,1.694512
4785.000000,33.578517,-117.064070,489.838792,33.578369,-117.064250,459.674645,6.348079,1.694080
4800.000000,33.578516,-117.064070,489.874057,33.578369,-117.064250,459.675239,6.347007,1.693648
4815.000000,33.578515,-117.064070,489.896605,33.578369,-117.064250,459.675833,6.345924,1.693216
4830.000000,33.578514,-117.064071,489.926103,33.578369,-117.064250,459.676427,6.344317,1.692784
4845.000000,33.578513,-117.064071,489.933978,33.578369,-117.064250,459.677021,6.342903,1.692352
4860.000000,33.578512,-117.064071,489.935619,33.578369,-117.064250,459.677615,6.341936,1.691920
4875.000000,33.578511,-117.064071,489.927716,33.578369,-117.064250,459.678209,6.341378,1.691488
4890.000000,33.578510,-117.064071,489.917350,33.578369,-117.064250,459.678803,6.340706,1.691056
4905.000000,33.578509,-117.064071,489.904073,33.578369,-117.064250,459.679397,6.340451,1.690625
4920.000000,33.578508,-117.064071,489.889473,33.578369,-117.064250,459.679991,6.340559,1.690193
4935.000000,33.578507,-117.064072,489.870655,33.578369,-117.064250,459.680585,6.339921,1.689761
4950.000000,33.578505,-117.064072,489.860145,33.578369,-117.064250,459.681179,6.339304,1.689329
4965.000000,33.578504,-117.064072,489.835948,33.578369,-117.064250,459.681773,6.339309,1.688898
4980.000000,33.578503,-117.064072,489.813614,33.578369,-117.064250,459.682367,6.339642,1.688466
4995.000000,33.578502,-117.064072,489.784128,33.578369,-117.064250,459.682961,6.339137,1.688035
5010.000000,33.578501,-117.064073,489.737775,33.578369,-117.064250,459.683555,6.339109,1.687603
5025.000000,33.578499,-117.064073,489.694751,33.578369,-117.064250,459.684149,6.339017,1.687172
5040.000000,33.578498,-117.064073,489.646435,33.578369,-117.064250,459.684743,6.339177,1.686740
5055.000000,33.578497,-117.064073,489.600143,33.578369,-117.064250,459.685337,6.338746,1.686309
5070.000000,33.578495,-117.064074,489.551679,33.578369,-117.064250,459.685931,6.338870,1.685877
5085.000000,33.578494,-117.064074,489.500244,33.578369,-117.064250,459.686525,6.338786,1.685446
5100.000000,33.578493,-117.064074,489.452572,33.578369,-117.064250,459.687119,6.338063,1.685014
5115.000000,33.578491,-117.064075,489.391711,33.578369,-117.064250,459.687713,6.338547,1.684583
5130.000000,33.578490,-117.064075,489.313669,33.578369,-117.064250,459.688307,6.339432,1.684152
5145.000000,33.578488,-117.064075,489.249315,33.578369,-117.064250,459.688901,6.339997,1.683721
5160.000000,33.578487,-117.064076,489.174180,33.578369,-117.064250,459.689495,6.340446,1.683289
5175.000000,33.578486,-117.064076,489.104352,33.578369,-117.064250,459.690089,6.340773,1.682858
5190.000000,33.578484,-117.064076,489.016186,33.578369,-117.064250,459.690683,6.340754,1.682427
5205.000000,33.578483,-117.064077,488.921302,33.578369,-117.064250,459.691277,6.340547,1.681996
5220.000000,33.578481,-117.064077,488.824712,33.578369,-117.064250,459.691871,6.340447,1.681565
5235.000000,33.578480,-117.064078,488.717720,33.578369,-117.064250,459.692465,6.340682,1.681134
5250.000000,33.578478,-117.064078,488.609478,33.578369,-117.064250,459.693059,6.340510,1.680703
5265.000000,33.578477,-117.064079,488.494451,33.578369,-117.064250,459.693653,6.340698,1.680272
5280.000000,33.578475,-117.064079,488.368067,33.578369,-117.064250,459.694247,6.340823,1.679841
5295.000000,33.578473,-117.064080,488.220397,33.578369,-117.064250,459.694841,6.340737,1.679410
5310.000000,33.578472,-117.064080,488.072645,33.578369,-117.064250,459.695435,6.340447,1.678979
5325.000000,33.578470,-117.064081,487.927131,33.578369,-117.064250,459.696029,6.340228,1.678548
5340.000000,33.578468,-117.064082,487.793393,33.578369,-117.064250,459.696623,6.339622,1.678117
5355.000000,33.578469,-117.064081,488.066925,33.578369,-117.064250,459.697217,6.344441,1.677686
5370.000000,33.578469,-117.064081,488.328591,33.578369,-117.064250,459.697811,6.349650,1.677256
5385.000000,33.578469,-117.064080,488.595151,33.578369,-117.064250,459.698405,6.354840,1.676825
5400.000000,33.578469,-117.064080,488.852597,33.578369,-117.064250,459.698999,6.359857,1.676394
5415.000000,33.578469,-117.064079,489.114557,33.578369,-117.064250,459.699593,6.364795,1.675964
5430.000000,33.578470,-117.064079,489.384300,33.578369,-117.064250,459.700187,6.370118,1.675533
5445.000000,33.578470,-117.064078,489.634348,33.578369,-117.064250,459.700781,6.375139,1.675102
5460.000000,33.578470,-117.064078,489.901866,33.578369,-117.064250,459.701375,6.381025,1.674672
5475.000000,33.578470,-117.064077,490.148462,33.578369,-117.064250,459.701969,6.386853,1.674241
5490.000000,33.578470,-117.064077,490.388520,33.578369,-117.064250,459.702563,6.392158,1.673811
5505.000000,33.578471,-117.064076,490.626568,33.578369,-117.064250,459.703157,6.397435,1.673380
5520.000000,33.578471,-117.064076,490.881145,33.578369,-117.064250,459.703751,6.403458,1.672950
5535.000000,33.578471,-117.064076,491.129980,33.578369,-117.064250,459.704345,6.409716,1.672520
5550.000000,33.578471,-117.064075,491.380625,33.578368,-117.064250,459.704939,6.415477,1.672089
5565.000000,33.578471,-117.064075,491.615004,33.578368,-117.064250,459.705533,6.420370,1.671659
5580.000000,33.578471,-117.064074,491.851354,33.578368,-117.064250,459.706127,6.425814,1.671229
5595.000000,33.578471,-117.064074,492.088645,33.578368,-117.064250,459.706721,6.431148,1.670798
5610.000000,33.578471,-117.064074,492.310315,33.578368,-117.064250,459.707315,6.437256,1.670368
5625.000000,33.578471,-117.064073,492.533457,33.578368,-117.064250,459.707908,6.443871,1.669938
5640.000000,33.578471,-117.064073,492.746470,33.578368,-117.064250,459.708502,6.450275,1.669508
5655.000000,33.578471,-117.064073,492.956802,33.578368,-117.064250,459.709096,6.456580,1.669078
5670.000000,33.578472,-117.064072,493.171704,33.578368,-117.064250,459.709690,6.463479,1.668648
5685.000000,33.578472,-117.064072,493.385027,33.578368,-117.064250,459.710284,6.468900,1.668218
5700.000000,33.578472,-117.064072,493.748747,33.578368,-117.064250,459.710878,6.471612,1.667788
5715.000000,33.578472,-117.064073,494.110263,33.578368,-117.064250,459.711472,6.474054,1.667358
5730.000000,33.578472,-117.064073,494.483428,33.578368,-117.064250,459.712066,6.476721,1.666928
5745.000000,33.578473,-117.064073,494.859805,33.578368,-117.064250,459.712660,6.479834,1.666498
5760.000000,33.578473,-117.064073,495.235819,33.578368,-117.064250,459.713254,6.482104,1.666068
5775.000000,33.578473,-117.064074,495.594356,33.578368,-117.064250,459.713848,6.484650,1.665638
5790.000000,33.578473,-117.064074,495.963758,33.578368,-117.064250,459.714442,6.488048,1.665208
5805.000000,33.578474,-117.064074,496.329130,33.578368,-117.064250,459.715036,6.491805,1.664778
5820.000000,33.578474,-117.064075,496.681640,33.578368,-117.064250,459.715630,6.495012,1.664349
5835.000000,33.578474,-117.064075,497.024806,33.578368,-117.064250,459.716224,6.498534,1.663919
5850.000000,33.578475,-117.064075,497.378981,33.578368,-117.064250,459.716818,6.502244,1.663489
5865.000000,33.578475,-117.064075,497.729075,33.578368,-117.064250,459.717412,6.505793,1.663060
5880.000000,33.578475,-117.064076,498.077681,33.578368,-117.064250,459.718006,6.509041,1.662630
5895.000000,33.578475,-117.064076,498.415878,33.578368,-117.064250,459.718600,6.512336,1.662200
5910.000000,33.578475,-117.064076,498.744874,33.578368,-117.064250,459.719194,6.516320,1.661771
5925.000000,33.578476,-117.064077,499.073032,33.578368,-117.064250,459.719788,6.519859,1.661341
5940.000000,33.578476,-117.064077,499.397032,33.578368,-117.064250,459.720382,6.523652,1.660912
5955.000000,33.578476,-117.064077,499.715071,33.578368,-117.064250,459.720976,6.527694,1.660483
5970.000000,33.578476,-117.064077,500.029375,33.578368,-117.064250,459.721570,6.531837,1.660053
5985.000000,33.578476,-117.064078,500.341314,33.578368,-117.064250,459.722164,6.536341,1.659624
6000.000000,33.578477,-117.064078,500.656240,33.578368,-117.064250,459.722758,6.540672,1.659194
6015.000000,33.578477,-117.064078,500.966700,33.578368,-117.064250,459.723352,6.545459,1.658765
6030.000000,33.578477,-117.064078,501.266020,33.578368,-117.064250,459.723946,6.550081,1.658336
6045.000000,33.578477,-117.064079,501.562593,33.578368,-117.064250,459.724540,6.555044,1.657907
6060.000000,33.578477,-117.064079,501.863107,33.578368,-117.064250,459.725134,6.560351,1.657478
6075.000000,33.578478,-117.064079,502.163512,33.578368,-117.064250,459.725728,6.565660,1.657048
6090.000000,33.578478,-117.064079,502.458497,33.578368,-117.064250,459.726322,6.570685,1.656619
6105.000000,33.578478,-117.064080,502.745780,33.578368,-117.064250,459.726916,6.575546,1.656190
6120.000000,33.578478,-117.064080,503.029802,33.578368,-117.064250,459.727510,6.580421,1.655761
6135.000000,33.578478,-117.064080,503.313228,33.578368,-117.064250,459.728104,6.585381,1.655332
6150.000000,33.578478,-117.064080,503.603136,33.578368,-117.064250,459.728698,6.590812,1.654903
6165.000000,33.578478,-117.064081,503.882628,33.578368,-117.064250,459.729292,6.596047,1.654474
6180.000000,33.578478,-117.064081,504.145786,33.578368,-117.064250,459.729886,6.601212,1.654045
6195.000000,33.578478,-117.064081,504.395086,33.578368,-117.064250,459.730480,6.605963,1.653616
6210.000000,33.578478,-117.064081,504.661430,33.578368,-117.064249,459.731074,6.610952,1.653188
6225.000000,33.578478,-117.064082,504.914155,33.578368,-117.064249,459.731668,6.615853,1.652759
6240.000000,33.578479,-117.064082,505.165904,33.578368,-117.064249,459.732262,6.621188,1.652330
6255.000000,33.578479,-117.064082,505.418049,33.578368,-117.064249,459.732856,6.626341,1.651901
6270.000000,33.578479,-117.064083,505.677324,33.578368,-117.064249,459.733450,6.631223,1.651473
6285.000000,33.578479,-117.064083,505.926111,33.578368,-117.064249,459.734044,6.636597,1.651044
6300.000000,33.578479,-117.064083,506.162541,33.578368,-117.064249,459.734638,6.642311,1.650615
6315.000000,33.578479,-117.064084,506.404622,33.578368,-117.064249,459.735232,6.647563,1.650187
6330.000000,33.578479,-117.064084,506.633950,33.578368,-117.064249,459.735826,6.652725,1.649758
6345.000000,33.578479,-117.064084,506.848482,33.578368,-117.064249,459.736420,6.658118,1.649330
6360.000000,33.578479,-117.064084,507.064282,33.578368,-117.064249,459.737014,6.663530,1.648901
6375.000000,33.578479,-117.064085,507.294986,33.578367,-117.064249,459.737608,6.669355,1.648473
6390.000000,33.578479,-117.064085,507.518803,33.578367,-117.064249,459.738202,6.674707,1.648044
6405.000000,33.578479,-117.064085,507.730037,33.578367,-117.064249,459.738796,6.680319,1.647616
6420.000000,33.578479,-117.064086,507.938134,33.578367,-117.064249,459.739390,6.685801,1.647187
6435.000000,33.578479,-117.064086,508.145831,33.578367,-117.064249,459.739984,6.691707,1.646759
6450.000000,33.578479,-117.064086,508.352588,33.578367,-117.064249,459.740578,6.697696,1.646331
6465.000000,33.578479,-117.064087,508.554135,33.578367,-117.064249,459.741172,6.703507,1.645903
6480.000000,33.578479,-117.064087,508.746256,33.578367,-117.064249,459.741766,6.709447,1.645474
6495.000000,33.578479,-117.064087,508.942160,33.578367,-117.064249,459.742360,6.715535,1.645046
6510.000000,33.578479,-117.064088,509.139298,33.578367,-117.064249,459.742954,6.721522,1.644618
6525.000000,33.578479,-117.064088,509.329759,33.578367,-117.064249,459.743548,6.727067,1.644190
6540.000000,33.578479,-117.064088,509.519510,33.578367,-117.064249,459.744142,6.733006,1.643762
6555.000000,33.578479,-117.064089,509.704903,33.578367,-117.064249,459.744736,6.738764,1.643334
6570.000000,33.578479,-117.064089,509.880553,33.578367,-117.064249,459.745330,6.744567,1.642906
6585.000000,33.578479,-117.064090,510.041526,33.578367,-117.064249,459.745924,6.750350,1.642478
6600.000000,33.578479,-117.064090,510.215111,33.578367,-117.064249,459.746518,6.755887,1.642050
6615.000000,33.578478,-117.064090,510.389227,33.578367,-117.064249,459.747112,6.761713,1.641622
6630.000000,33.578478,-117.064091,510.561731,33.578367,-117.064249,459.747706,6.767618,1.641194
6645.000000,33.578478,-117.064091,510.722375,33.578367,-117.064249,459.748300,6.773054,1.640767
6660.000000,33.578478,-117.064092,510.877399,33.578367,-117.064249,459.748894,6.779165,1.640339
6675.000000,33.578478,-117.064092,511.025499,33.578367,-117.064249,459.749488,6.784835,1.639911
6690.000000,33.578478,-117.064093,511.169984,33.578367,-117.064249,459.750082,6.790324,1.639483
6705.000000,33.578478,-117.064093,511.314931,33.578367,-117.064249,459.750676,6.795813,1.639056
6720.000000,33.578478,-117.064093,511.457978,33.578367,-117.064249,459.751270,6.801919,1.638628
6735.000000,33.578477,-117.064094,511.608000,33.578367,-117.064249,459.751864,6.807599,1.638200
6750.000000,33.578477,-117.064094,511.749974,33.578367,-117.064249,459.752458,6.813097,1.637773
6765.000000,33.578477,-117.064095,511.883254,33.578367,-117.064249,459.753052,6.818814,1.637345
6780.000000,33.578477,-117.064095,512.017299,33.578367,-117.064249,459.753646,6.824868,1.636918
6795.000000,33.578477,-117.064096,512.142442,33.578367,-117.064249,459.754240,6.831381,1.636490
6810.000000,33.578477,-117.064096,512.270886,33.578367,-117.064249,459.754834,6.837469,1.636063
6825.000000,33.578477,-117.064097,512.400537,33.578367,-117.064249,459.755428,6.843493,1.635636
6840.000000,33.578477,-117.064097,512.523229,33.578367,-117.064249,459.756022,6.849099,1.635208
6855.000000,33.578477,-117.064098,512.642605,33.578367,-117.064249,459.756616,6.855082,1.634781
6870.000000,33.578476,-117.064098,512.749509,33.578367,-117.064249,459.757209,6.861104,1.634354
6885.000000,33.578476,-117.064099,512.847157,33.578367,-117.064249,459.757803,6.867233,1.633926
6900.000000,33.578476,-117.064100,512.939315,33.578367,-117.064249,459.758397,6.872909,1.633499
6915.000000,33.578476,-117.064100,513.046384,33.578367,-117.064249,459.758991,6.878345,1.633072
6930.000000,33.578476,-117.064101,513.143185,33.578367,-117.064249,459.759585,6.884374,1.632645
6945.000000,33.578476,-117.064101,513.242674,33.578367,-117.064249,459.760179,6.890398,1.632218
6960.000000,33.578476,-117.064102,513.332834,33.578367,-117.064249,459.760773,6.896497,1.631791
6975.000000,33.578475,-117.064102,513.421369,33.578367,-117.064249,459.761367,6.902372,1.631364
6990.000000,33.578475,-117.064103,513.506534,33.578367,-117.064249,459.761961,6.908115,1.630937
7005.000000,33.578475,-117.064103,513.712702,33.578367,-117.064249,459.762555,6.909603,1.630510
7020.000000,33.578474,-117.064103,513.905336,33.578367,-117.064249,459.763149,6.911095,1.630083
7035.000000,33.578474,-117.064103,514.092982,33.578367,-117.064249,459.763743,6.912835,1.629656
7050.000000,33.578473,-117.064103,514.292289,33.578367,-117.064249,459.764337,6.914877,1.629229
7065.000000,33.578473,-117.064103,514.483408,33.578367,-117.064249,459.764931,6.916124,1.628802
7080.000000,33.578472,-117.064103,514.664662,33.578367,-117.064249,459.765525,6.917428,1.628376
7095.000000,33.578471,-117.064103,514.836087,33.578367,-117.064249,459.766119,6.919121,1.627949
7110.000000,33.578471,-117.064103,515.015773,33.578367,-117.064249,459.766713,6.920840,1.627522
7125.000000,33.578470,-117.064103,515.190357,33.578367,-117.064249,459.767307,6.922895,1.627096
7140.000000,33.578470,-117.064103,515.371013,33.578367,-117.064249,459.767901,6.924947,1.626669
7155.000000,33.578469,-117.064103,515.541355,33.578367,-117.064249,459.768495,6.927107,1.626242
7170.000000,33.578469,-117.064103,515.715542,33.578367,-117.064249,459.769089,6.929406,1.625816
7185.000000,33.578468,-117.064103,515.890707,33.578367,-117.064249,459.769683,6.931783,1.625389
7200.000000,33.578467,-117.064103,516.049305,33.578366,-117.064249,459.770277,6.933746,1.624963
7215.000000,33.578467,-117.064103,516.216275,33.578366,-117.064249,459.770871,6.936120,1.624537
7230.000000,33.578466,-117.064103,516.378783,33.578366,-117.064249,459.771465,6.938206,1.624110
7245.000000,33.578465,-117.064103,516.530654,33.578366,-117.064249,459.772059,6.939951,1.623684
7260.000000,33.578465,-117.064103,516.673102,33.578366,-117.064249,459.772653,6.941757,1.623257
7275.000000,33.578464,-117.064103,516.827001,33.578366,-117.064249,459.773247,6.944344,1.622831
7290.000000,33.578464,-117.064103,516.971259,33.578366,-117.064249,459.773841,6.946603,1.622405
7305.000000,33.578463,-117.064103,517.117827,33.578366,-117.064249,459.774435,6.949204,1.621979
7320.000000,33.578462,-117.064103,517.260431,33.578366,-117.064249,459.775029,6.951793,1.621553
7335.000000,33.578462,-117.064103,517.397741,33.578366,-117.064249,459.775623,6.954366,1.621126
7350.000000,33.578461,-117.064103,517.534171,33.578366,-117.064249,459.776217,6.957216,1.620700
7365.000000,33.578460,-117.064103,517.672761,33.578366,-117.064249,459.776811,6.959599,1.620274
7380.000000,33.578460,-117.064103,517.805402,33.578366,-117.064249,459.777405,6.962226,1.619848
7395.000000,33.578459,-117.064103,517.931244,33.578366,-117.064249,459.777999,6.964559,1.619422
7410.000000,33.578458,-117.064103,518.054157,33.578366,-117.064249,459.778593,6.967181,1.618996
7425.000000,33.578458,-117.064103,518.175569,33.578366,-117.064249,459.779187,6.969502,1.618570
7440.000000,33.578457,-117.064104,518.296686,33.578366,-117.064249,459.779781,6.971838,1.618144
7455.000000,33.578456,-117.064104,518.415168,33.578366,-117.064249,459.780375,6.974072,1.617719
7470.000000,33.578455,-117.064104,518.522970,33.578366,-117.064249,459.780969,6.976383,1.617293
7485.000000,33.578455,-117.064104,518.640973,33.578366,-117.064249,459.781563,6.978993,1.616867
7500.000000,33.578454,-117.064104,518.760547,33.578366,-117.064249,459.782157,6.981704,1.616441
7515.000000,33.578453,-117.064104,518.884186,33.578366,-117.064249,459.782751,6.984407,1.616016
7530.000000,33.578452,-117.064104,519.003920,33.578366,-117.064249,459.783345,6.987038,1.615590
7545.000000,33.578452,-117.064104,519.122653,33.578366,-117.064249,459.783939,6.990065,1.615164
7560.000000,33.578451,-117.064104,519.227824,33.578366,-117.064249,459.784533,6.992787,1.614739
7575.000000,33.578450,-117.064104,519.328226,33.578366,-117.064249,459.785127,6.995521,1.614313
7590.000000,33.578450,-117.064104,519.428392,33.578366,-117.064249,459.785721,6.998077,1.613888
7605.000000,33.578449,-117.064104,519.522541,33.578366,-117.064249,459.786315,7.000440,1.613462
7620.000000,33.578448,-117.064105,519.695436,33.578366,-117.064249,459.786909,7.005971,1.613037
7635.000000,33.578447,-117.064105,519.865044,33.578366,-117.064249,459.787503,7.011543,1.612612
7650.000000,33.578446,-117.064105,520.032569,33.578366,-117.064249,459.788097,7.017427,1.612186
7665.000000,33.578445,-117.064106,520.198941,33.578366,-117.064249,459.788691,7.023137,1.611761
7680.000000,33.578444,-117.064106,520.363785,33.578366,-117.064249,459.789285,7.028884,1.611336
7695.000000,33.578443,-117.064106,520.523708,33.578366,-117.064249,459.789879,7.034535,1.610910
7710.000000,33.578442,-117.064107,520.683247,33.578366,-117.064249,459.790473,7.040381,1.610485
7725.000000,33.578442,-117.064107,520.844984,33.578366,-117.064249,459.791067,7.046384,1.610060
7740.000000,33.578441,-117.064107,520.998511,33.578366,-117.064249,459.791661,7.052233,1.609635
7755.000000,33.578440,-117.064108,521.153982,33.578366,-117.064249,459.792255,7.058067,1.609210
7770.000000,33.578439,-117.064108,521.305520,33.578366,-117.064249,459.792849,7.063749,1.608785
7785.000000,33.578438,-117.064108,521.459808,33.578366,-117.064249,459.793443,7.069549,1.608360
7800.000000,33.578437,-117.064109,521.603227,33.578366,-117.064249,459.794037,7.074853,1.607935
7815.000000,33.578436,-117.064109,521.741315,33.578366,-117.064249,459.794631,7.080221,1.607510
7830.000000,33.578435,-117.064109,521.880270,33.578366,-117.064249,459.795225,7.085559,1.607085
7845.000000,33.578434,-117.064110,522.011934,33.578366,-117.064249,459.795819,7.090668,1.606660
7860.000000,33.578433,-117.064110,522.141882,33.578366,-117.064249,459.796413,7.095870,1.606235
7875.000000,33.578432,-117.064110,522.267505,33.578366,-117.064249,459.797007,7.101041,1.605811
7890.000000,33.578431,-117.064111,522.400449,33.578366,-117.064249,459.797601,7.106331,1.605386
7905.000000,33.578430,-117.064111,522.529138,33.578366,-117.064249,459.798195,7.111556,1.604961
7920.000000,33.578429,-117.064111,522.658226,33.578366,-117.064249,459.798789,7.116747,1.604536
7935.000000,33.578428,-117.064112,522.778455,33.578366,-117.064249,459.799383,7.121779,1.604112
7950.000000,33.578427,-117.064112,522.895778,33.578366,-117.064249,459.799977,7.126912,1.603687
7965.000000,33.578426,-117.064113,523.010063,33.578366,-117.064249,459.800571,7.132032,1.603263
7980.000000,33.578425,-117.064113,523.120336,33.578366,-117.064249,459.801165,7.137280,1.602838
7995.000000,33.578424,-117.064113,523.229390,33.578366,-117.064249,459.801759,7.142454,1.602414
8010.000000,33.578423,-117.064114,523.332145,33.578366,-117.064249,459.802353,7.147685,1.601989
8025.000000,33.578422,-117.064114,523.438438,33.578365,-117.064249,459.802947,7.152912,1.601565
8040.000000,33.578421,-117.064114,523.542614,33.578365,-117.064249,459.803541,7.157968,1.601140
8055.000000,33.578420,-117.064115,523.643814,33.578365,-117.064249,459.804135,7.163213,1.600716
8070.000000,33.578419,-117.064115,523.745099,33.578365,-117.064249,459.804729,7.168460,1.600292
8085.000000,33.578418,-117.064115,523.839624,33.578365,-117.064249,459.805323,7.173745,1.599868
8100.000000,33.578417,-117.064116,523.929456,33.578365,-117.064249,459.805917,7.178905,1.599443
8115.000000,33.578416,-117.064116,524.017993,33.578365,-117.064249,459.806510,7.184044,1.599019
8130.000000,33.578415,-117.064116,524.102090,33.578365,-117.064249,459.807104,7.189070,1.598595
8145.000000,33.578414,-117.064117,524.185608,33.578365,-117.064249,459.807698,7.194046,1.598171
8160.000000,33.578413,-117.064117,524.269317,33.578365,-117.064249,459.808292,7.199060,1.597747
8175.000000,33.578412,-117.064118,524.349571,33.578365,-117.064249,459.808886,7.204036,1.597323
8190.000000,33.578411,-117.064118,524.422775,33.578365,-117.064249,459.809480,7.208821,1.596899
8205.000000,33.578410,-117.064119,524.487789,33.578365,-117.064249,459.810074,7.213389,1.596475
8220.000000,33.578409,-117.064119,524.558938,33.578365,-117.064249,459.810668,7.218311,1.596051
8235.000000,33.578408,-117.064119,524.626288,33.578365,-117.064249,459.811262,7.223206,1.595627
8250.000000,33.578407,-117.064120,524.691053,33.578365,-117.064249,459.811856,7.228108,1.595204
8265.000000,33.578406,-117.064120,524.750779,33.578365,-117.064249,459.812450,7.232934,1.594780
8280.000000,33.578405,-117.064121,524.804248,33.578365,-117.064249,459.813044,7.237374,1.594356
8295.000000,33.578404,-117.064121,524.857305,33.578365,-117.064249,459.813638,7.242004,1.593932
8310.000000,33.578403,-117.064121,524.909624,33.578365,-117.064249,459.814232,7.246541,1.593509
8325.000000,33.578402,-117.064122,524.956144,33.578365,-117.064249,459.814826,7.251284,1.593085
8340.000000,33.578401,-117.064122,524.993147,33.578365,-117.064249,459.815420,7.255954,1.592661
8355.000000,33.578400,-117.064123,525.028019,33.578365,-117.064249,459.816014,7.260117,1.592238
8370.000000,33.578399,-117.064123,525.064417,33.578365,-117.064249,459.816608,7.264455,1.591814
8385.000000,33.578398,-117.064123,525.090830,33.578365,-117.064249,459.817202,7.269045,1.591391
8400.000000,33.578397,-117.064124,525.117625,33.578365,-117.064249,459.817796,7.273515,1.590968
8415.000000,33.578396,-117.064124,525.146272,33.578365,-117.064249,459.818390,7.278170,1.590544
8430.000000,33.578395,-117.064125,525.177474,33.578365,-117.064249,459.818984,7.282891,1.590121
8445.000000,33.578394,-117.064125,525.203567,33.578365,-117.064249,459.819578,7.287169,1.589698
8460.000000,33.578393,-117.064125,525.224009,33.578365,-117.064249,459.820172,7.291305,1.589274
8475.000000,33.578391,-117.064126,525.246589,33.578365,-117.064249,459.820766,7.295547,1.588851
8490.000000,33.578390,-117.064126,525.269660,33.578365,-117.064249,459.821360,7.299771,1.588428
8505.000000,33.578389,-117.064127,525.284198,33.578365,-117.064249,459.821954,7.303728,1.588005
8520.000000,33.578388,-117.064127,525.298353,33.578365,-117.064249,459.822548,7.307488,1.587582
8535.000000,33.578387,-117.064128,525.308817,33.578365,-117.064249,459.823142,7.311355,1.587158
8550.000000,33.578386,-117.064128,525.316012,33.578365,-117.064249,459.823736,7.315383,1.586735
8565.000000,33.578385,-117.064129,525.318635,33.578365,-117.064249,459.824330,7.319247,1.586312
8580.000000,33.578384,-117.064129,525.323126,33.578365,-117.064249,459.824924,7.322949,1.585890
8595.000000,33.578383,-117.064129,525.320982,33.578365,-117.064249,459.825518,7.326517,1.585467
8610.000000,33.578382,-117.064130,525.320571,33.578365,-117.064249,459.826112,7.329994,1.585044
8625.000000,33.578381,-117.064130,525.315102,33.578365,-117.064249,459.826706,7.333607,1.584621
8640.000000,33.578379,-117.064131,525.305321,33.578365,-117.064249,459.827300,7.337100,1.584198
8655.000000,33.578378,-117.064131,525.290660,33.578365,-117.064249,459.827894,7.340651,1.583775
8670.000000,33.578377,-117.064132,525.282761,33.578365,-117.064249,459.828488,7.344304,1.583353
8685.000000,33.578376,-117.064132,525.268294,33.578365,-117.064249,459.829082,7.348018,1.582930
8700.000000,33.578375,-117.064133,525.247163,33.578365,-117.064249,459.829676,7.351337,1.582507
8715.000000,33.578374,-117.064133,525.221906,33.578365,-117.064249,459.830270,7.354747,1.582085
8730.000000,33.578373,-117.064134,525.192483,33.578365,-117.064249,459.830864,7.357986,1.581662
8745.000000,33.578372,-117.064134,525.162905,33.578365,-117.064249,459.831458,7.361117,1.581240
8760.000000,33.578371,-117.064135,525.132452,33.578365,-117.064249,459.832052,7.364208,1.580817
8775.000000,33.578369,-117.064136,525.095350,33.578365,-117.064249,459.832646,7.367252,1.580395
8790.000000,33.578368,-117.064136,525.051615,33.578365,-117.064249,459.833240,7.370440,1.579972
8805.000000,33.578367,-117.064137,525.014042,33.578365,-117.064249,459.833834,7.373478,1.579550
8820.000000,33.578366,-117.064137,524.969087,33.578365,-117.064249,459.834428,7.376418,1.579128
8835.000000,33.578365,-117.064138,524.922642,33.578365,-117.064249,459.835022,7.379284,1.578705
8850.000000,33.578364,-117.064138,524.872467,33.578364,-117.064249,459.835616,7.382263,1.578283
8865.000000,33.578363,-117.064139,524.828621,33.578364,-117.064249,459.836210,7.385373,1.577861
8880.000000,33.578362,-117.064139,524.774166,33.578364,-117.064249,459.836804,7.388213,1.577439
8895.000000,33.578361,-117.064140,524.716824,33.578364,-117.064249,459.837398,7.391109,1.577017
8910.000000,33.578359,-117.064140,524.660508,33.578364,-117.064249,459.837992,7.393949,1.576595
8925.000000,33.578358,-117.064141,524.596273,33.578364,-117.064249,459.838586,7.396589,1.576173
8940.000000,33.578357,-117.064141,524.536160,33.578364,-117.064249,459.839180,7.399203,1.575751
8955.000000,33.578356,-117.064142,524.464959,33.578364,-117.064249,459.839774,7.401764,1.575329
8970.000000,33.578355,-117.064143,524.393717,33.578364,-117.064249,459.840368,7.404307,1.574907
8985.000000,33.578354,-117.064143,524.321732,33.578364,-117.064249,459.840962,7.406803,1.574485
9000.000000,33.578353,-117.064144,524.246819,33.578364,-117.064249,459.841556,7.409518,1.574063
9015.000000,33.578351,-117.064144,524.166813,33.578364,-117.064249,459.842150,7.411892,1.573641
9030.000000,33.578350,-117.064145,524.084472,33.578364,-117.064249,459.842744,7.414227,1.573220
9045.000000,33.578349,-117.064146,523.995630,33.578364,-117.064249,459.843338,7.416440,1.572798
9060.000000,33.578348,-117.064146,523.910846,33.578364,-117.064249,459.843932,7.418690,1.572376
9075.000000,33.578347,-117.064147,523.826038,33.578364,-117.064249,459.844526,7.420900,1.571955
9090.000000,33.578346,-117.064147,523.730826,33.578364,-117.064249,459.845120,7.422824,1.571533
9105.000000,33.578345,-117.064148,523.632293,33.578364,-117.064249,459.845714,7.424711,1.571112
9120.000000,33.578344,-117.064149,523.528646,33.578364,-117.064249,459.846308,7.426545,1.570690
9135.000000,33.578342,-117.064149,523.418441,33.578364,-117.064249,459.846902,7.428257,1.570269
9150.000000,33.578341,-117.064150,523.313889,33.578364,-117.064249,459.847496,7.429986,1.569847
9165.000000,33.578340,-117.064150,523.211914,33.578364,-117.064249,459.848090,7.431718,1.569426
9180.000000,33.578339,-117.064151,523.096488,33.578364,-117.064249,459.848684,7.432962,1.569004
9195.000000,33.578338,-117.064152,522.983430,33.578364,-117.064249,459.849278,7.434342,1.568583
9210.000000,33.578337,-117.064152,522.864055,33.578364,-117.064249,459.849872,7.435728,1.568162
9225.000000,33.578336,-117.064153,522.744175,33.578364,-117.064249,459.850466,7.437117,1.567741
9240.000000,33.578334,-117.064154,522.621365,33.578364,-117.064249,459.851060,7.438445,1.567319
9255.000000,33.578333,-117.064154,522.490536,33.578364,-117.064249,459.851654,7.439818,1.566898
9270.000000,33.578332,-117.064155,522.362796,33.578364,-117.064249,459.852248,7.441040,1.566477
9285.000000,33.578331,-117.064156,522.226861,33.578364,-117.064249,459.852842,7.442013,1.566056
9300.000000,33.578330,-117.064156,522.089187,33.578364,-117.064249,459.853436,7.443061,1.565635
9315.000000,33.578329,-117.064157,521.957957,33.578364,-117.064249,459.854030,7.444277,1.565214
9330.000000,33.578328,-117.064158,521.822947,33.578364,-117.064249,459.854624,7.445286,1.564793
9345.000000,33.578326,-117.064158,521.684116,33.578364,-117.064249,459.855218,7.446236,1.564372
9360.000000,33.578325,-117.064159,521.537747,33.578364,-117.064249,459.855811,7.447407,1.563952
9375.000000,33.578324,-117.064160,521.387199,33.578364,-117.064249,459.856405,7.448476,1.563531
9390.000000,33.578323,-117.064160,521.235111,33.578364,-117.064249,459.856999,7.449168,1.563110
9405.000000,33.578322,-117.064161,521.081359,33.578364,-117.064249,459.857593,7.449832,1.562689
9420.000000,33.578321,-117.064162,520.931710,33.578364,-117.064249,459.858187,7.450669,1.562269
9435.000000,33.578320,-117.064162,520.773213,33.578364,-117.064249,459.858781,7.451448,1.561848
9450.000000,33.578319,-117.064163,520.611110,33.578364,-117.064249,459.859375,7.452111,1.561427
9465.000000,33.578318,-117.064164,520.574405,33.578364,-117.064249,459.859969,7.456971,1.561007
9480.000000,33.578317,-117.064165,520.534575,33.578364,-117.064249,459.860563,7.461691,1.560586
9495.000000,33.578316,-117.064165,520.495526,33.578364,-117.064249,459.861157,7.466387,1.560166
9510.000000,33.578315,-117.064166,520.452386,33.578364,-117.064249,459.861751,7.470856,1.559745
9525.000000,33.578314,-117.064167,520.405799,33.578364,-117.064249,459.862345,7.475472,1.559325
9540.000000,33.578314,-117.064167,520.351019,33.578364,-117.064249,459.862939,7.479823,1.558905
9555.000000,33.578313,-117.064168,520.293033,33.578364,-117.064249,459.863533,7.484144,1.558484
9570.000000,33.578312,-117.064169,520.235195,33.578364,-117.064249,459.864127,7.488432,1.558064
9585.000000,33.578311,-117.064169,520.171237,33.578364,-117.064249,459.864721,7.492776,1.557644
9600.000000,33.578311,-117.064170,520.267058,33.578364,-117.064249,459.865315,7.496347,1.557224
9615.000000,33.578311,-117.064171,520.352445,33.578364,-117.064249,459.865909,7.499590,1.556804
9630.000000,33.578310,-117.064171,520.426504,33.578364,-117.064249,459.866503,7.502780,1.556384
9645.000000,33.578310,-117.064172,520.503693,33.578364,-117.064249,459.867097,7.505629,1.555963
9660.000000,33.578310,-117.064173,520.594153,33.578364,-117.064249,459.867691,7.508649,1.555543
9675.000000,33.578309,-117.064174,520.674095,33.578363,-117.064249,459.868285,7.511889,1.555123
9690.000000,33.578309,-117.064174,520.747925,33.578363,-117.064249,459.868879,7.515139,1.554704
9705.000000,33.578309,-117.064175,520.821143,33.578363,-117.064249,459.869473,7.518342,1.554284
9720.000000,33.578309,-117.064176,520.885621,33.578363,-117.064249,459.870067,7.521079,1.553864
9735.000000,33.578308,-117.064176,520.952944,33.578363,-117.064249,459.870661,7.524185,1.553444
9750.000000,33.578308,-117.064177,521.013411,33.578363,-117.064249,459.871255,7.527197,1.553024
9765.000000,33.578308,-117.064178,521.067898,33.578363,-117.064249,459.871849,7.530063,1.552605
9780.000000,33.578308,-117.064179,521.126813,33.578363,-117.064249,459.872443,7.532922,1.552185
9795.000000,33.578308,-117.064179,521.183626,33.578363,-117.064249,459.873037,7.535935,1.551765
9810.000000,33.578307,-117.064180,521.237489,33.578363,-117.064249,459.873631,7.539180,1.551346
9825.000000,33.578307,-117.064181,521.292870,33.578363,-117.064249,459.874225,7.542324,1.550926
9840.000000,33.578307,-117.064181,521.346991,33.578363,-117.064249,459.874819,7.545457,1.550507
9855.000000,33.578307,-117.064182,521.400296,33.578363,-117.064249,459.875413,7.548687,1.550087
9870.000000,33.578307,-117.064183,521.445475,33.578363,-117.064249,459.876007,7.551526,1.549668
9885.000000,33.578306,-117.064184,521.486379,33.578363,-117.064249,459.876601,7.554350,1.549248
9900.000000,33.578306,-117.064184,521.526622,33.578363,-117.064249,459.877195,7.557392,1.548829
9915.000000,33.578306,-117.064185,521.561222,33.578363,-117.064249,459.877789,7.560225,1.548410
9930.000000,33.578306,-117.064186,521.564872,33.578363,-117.064249,459.878383,7.559111,1.547990
9945.000000,33.578306,-117.064187,521.573390,33.578363,-117.064249,459.878977,7.558540,1.547571
9960.000000,33.578306,-117.064188,521.580523,33.578363,-117.064249,459.879571,7.557713,1.547152
9975.000000,33.578306,-117.064188,521.599063,33.578363,-117.064249,459.880165,7.557302,1.546733
9990.000000,33.578305,-117.064189,521.607042,33.578363,-117.064249,459.880759,7.556535,1.546314
10005.000000,33.578305,-117.064190,521.606879,33.578363,-117.064249,459.881353,7.555983,1.545895
10020.000000,33.578305,-117.064191,521.605832,33.578363,-117.064249,459.881947,7.555655,1.545476
10035.000000,33.578305,-117.064192,521.595962,33.578363,-117.064249,459.882541,7.554782,1.545057
10050.000000,33.578305,-117.064193,521.594685,33.578363,-117.064249,459.883135,7.553717,1.544638
10065.000000,33.578305,-117.064194,521.579955,33.578363,-117.064249,459.883729,7.552451,1.544219
10080.000000,33.578305,-117.064194,521.575936,33.578363,-117.064249,459.884323,7.551733,1.543800
10095.000000,33.578305,-117.064195,521.564231,33.578363,-117.064249,459.884917,7.550668,1.543382
10110.000000,33.578305,-117.064196,521.547580,33.578363,-117.064249,459.885511,7.549769,1.542963
10125.000000,33.578304,-117.064197,521.529927,33.578363,-117.064249,459.886105,7.548927,1.542544
10140.000000,33.578304,-117.064197,521.507844,33.578363,-117.064249,459.886699,7.548187,1.542126
10155.000000,33.578304,-117.064198,521.489000,33.578363,-117.064249,459.887293,7.547408,1.541707
10170.000000,33.578304,-117.064199,521.465207,33.578363,-117.064249,459.887887,7.546855,1.541288
10185.000000,33.578304,-117.064200,521.437384,33.578363,-117.064249,459.888481,7.546110,1.540870
10200.000000,33.578304,-117.064200,521.411322,33.578363,-117.064249,459.889075,7.545395,1.540451
10215.000000,33.578304,-117.064201,521.388179,33.578363,-117.064249,459.889669,7.544535,1.540033
10230.000000,33.578304,-117.064202,521.368144,33.578363,-117.064249,459.890263,7.543682,1.539615
10245.000000,33.578304,-117.064203,521.328303,33.578363,-117.064249,459.890857,7.542633,1.539196
10260.000000,33.578304,-117.064203,521.300448,33.578363,-117.064249,459.891451,7.541957,1.538778
10275.000000,33.578304,-117.064204,521.253108,33.578363,-117.064249,459.892045,7.540603,1.538360
10290.000000,33.578304,-117.064205,521.201487,33.578363,-117.064249,459.892639,7.539614,1.537941
10305.000000,33.578303,-117.064206,521.146188,33.578363,-117.064249,459.893233,7.538414,1.537523
10320.000000,33.578303,-117.064206,521.105166,33.578363,-117.064249,459.893827,7.537568,1.537105
10335.000000,33.578303,-117.064207,521.070500,33.578363,-117.064249,459.894421,7.537011,1.536687
10350.000000,33.578303,-117.064207,521.037909,33.578363,-117.064249,459.895015,7.536369,1.536269
10365.000000,33.578303,-117.064208,521.011966,33.578363,-117.064249,459.895609,7.535851,1.535851
10380.000000,33.578303,-117.064209,520.963344,33.578363,-117.064249,459.896203,7.535233,1.535433
10395.000000,33.578303,-117.064209,520.904825,33.578363,-117.064249,459.896797,7.534415,1.535015
10410.000000,33.578303,-117.064210,520.848940,33.578363,-117.064249,459.897391,7.533875,1.534597
10425.000000,33.578303,-117.064211,520.793228,33.578363,-117.064249,459.897985,7.533072,1.534179
10440.000000,33.578303,-117.064211,520.745181,33.578363,-117.064249,459.898579,7.532677,1.533762
10455.000000,33.578303,-117.064212,520.685455,33.578363,-117.064249,459.899173,7.531654,1.533344
10470.000000,33.578303,-117.064213,520.633382,33.578363,-117.064249,459.899767,7.530837,1.532926
10485.000000,33.578303,-117.064213,520.568993,33.578363,-117.064249,459.900361,7.529531,1.532509
10500.000000,33.578303,-117.064214,520.509727,33.578362,-117.064249,459.900955,7.528820,1.532091
10515.000000,33.578302,-117.064215,520.442930,33.578362,-117.064249,459.901549,7.527792,1.531673
10530.000000,33.578302,-117.064215,520.372586,33.578362,-117.064249,459.902143,7.527329,1.531256
10545.000000,33.578302,-117.064216,520.295585,33.578362,-117.064249,459.902737,7.526198,1.530838
10560.000000,33.578302,-117.064216,520.223491,33.578362,-117.064249,459.903331,7.525211,1.530421
10575.000000,33.578302,-117.064217,520.153179,33.578362,-117.064249,459.903925,7.523863,1.530004
10590.000000,33.578302,-117.064218,520.080064,33.578362,-117.064249,459.904519,7.522784,1.529586
10605.000000,33.578302,-117.064218,519.995116,33.578362,-117.064249,459.905113,7.521594,1.529169
10620.000000,33.578302,-117.064219,519.919078,33.578362,-117.064249,459.905706,7.520565,1.528752
10635.000000,33.578302,-117.064219,519.840723,33.578362,-117.064249,459.906300,7.519373,1.528335
10650.000000,33.578302,-117.064220,519.756249,33.578362,-117.064249,459.906894,7.518228,1.527917
10665.000000,33.578302,-117.064221,519.669504,33.578362,-117.064249,459.907488,7.516841,1.527500
10680.000000,33.578302,-117.064221,519.572439,33.578362,-117.064249,459.908082,7.515164,1.527083
10695.000000,33.578302,-117.064222,519.468595,33.578362,-117.064249,459.908676,7.513547,1.526666
10710.000000,33.578302,-117.064222,519.379031,33.578362,-117.064249,459.909270,7.512205,1.526249
10725.000000,33.578302,-117.064223,519.294612,33.578362,-117.064249,459.909864,7.511021,1.525832
10740.000000,33.578302,-117.064223,519.195799,33.578362,-117.064249,459.910458,7.509949,1.525415
10755.000000,33.578302,-117.064224,519.091540,33.578362,-117.064249,459.911052,7.508566,1.524999
10770.000000,33.578302,-117.064224,518.992268,33.578362,-117.064249,459.911646,7.507392,1.524582
10785.000000,33.578302,-117.064225,518.898916,33.578362,-117.064249,459.912240,7.506327,1.524165
10800.000000,33.578302,-117.064226,518.798588,33.578362,-117.064249,459.912834,7.504781,1.523748
10815.000000,33.578302,-117.064226,518.694769,33.578362,-117.064249,459.913428,7.503538,1.523332
10830.000000,33.578302,-117.064227,518.590734,33.578362,-117.064249,459.914022,7.502087,1.522915
10845.000000,33.578302,-117.064227,518.486042,33.578362,-117.064249,459.914616,7.500960,1.522498
10860.000000,33.578302,-117.064228,518.377960,33.578362,-117.064249,459.915210,7.499538,1.522082
10875.000000,33.578302,-117.064228,518.260706,33.578362,-117.064249,459.915804,7.498055,1.521665
10890.000000,33.578302,-117.064229,518.149237,33.578362,-117.064249,459.916398,7.496969,1.521249
10905.000000,33.578302,-117.064229,518.038913,33.578362,-117.064249,459.916992,7.495737,1.520832
10920.000000,33.578302,-117.064230,517.930028,33.578362,-117.064249,459.917586,7.494721,1.520416
10935.000000,33.578302,-117.064230,517.812837,33.578362,-117.064249,459.918180,7.493552,1.520000
10950.000000,33.578302,-117.064231,517.683516,33.578362,-117.064249,459.918774,7.491999,1.519584
10965.000000,33.578302,-117.064231,517.540338,33.578362,-117.064249,459.919368,7.490135,1.519167
10980.000000,33.578302,-117.064232,517.397306,33.578362,-117.064249,459.919962,7.488658,1.518751
10995.000000,33.578302,-117.064232,517.257251,33.578362,-117.064249,459.920556,7.486802,1.518335
11010.000000,33.578302,-117.064233,517.119045,33.578362,-117.064249,459.921150,7.485009,1.517919
11025.000000,33.578302,-117.064233,516.978186,33.578362,-117.064249,459.921744,7.482941,1.517503
11040.000000,33.578302,-117.064234,516.833743,33.578362,-117.064249,459.922338,7.481175,1.517087
11055.000000,33.578302,-117.064234,516.684400,33.578362,-117.064249,459.922932,7.479286,1.516671
11070.000000,33.578302,-117.064235,516.540357,33.578362,-117.064249,459.923526,7.477593,1.516255
11085.000000,33.578302,-117.064235,516.399853,33.578362,-117.064249,459.924120,7.475483,1.515839
11100.000000,33.578302,-117.064236,516.251842,33.578362,-117.064249,459.924714,7.473196,1.515423
11115.000000,33.578302,-117.064236,516.091222,33.578362,-117.064249,459.925308,7.470932,1.515008
11130.000000,33.578302,-117.064237,515.928767,33.578362,-117.064249,459.925902,7.468642,1.514592
11145.000000,33.578302,-117.064237,515.765040,33.578362,-117.064249,459.926496,7.466405,1.514176
11160.000000,33.578302,-117.064238,515.610456,33.578362,-117.064249,459.927090,7.464333,1.513761
11175.000000,33.578302,-117.064238,515.449679,33.578362,-117.064249,459.927684,7.462096,1.513345
11190.000000,33.578302,-117.064239,515.288065,33.578362,-117.064249,459.928278,7.459915,1.512929
11205.000000,33.578302,-117.064239,515.117090,33.578362,-117.064249,459.928872,7.457546,1.512514
11220.000000,33.578302,-117.064240,514.949253,33.578362,-117.064249,459.929466,7.455303,1.512099
11235.000000,33.578302,-117.064240,514.787981,33.578362,-117.064249,459.930060,7.453200,1.511683
11250.000000,33.578302,-117.064241,514.622571,33.578362,-117.064249,459.930654,7.450640,1.511268
11265.000000,33.578302,-117.064241,514.456388,33.578362,-117.064249,459.931248,7.448398,1.510852
11280.000000,33.578302,-117.064242,514.287702,33.578362,-117.064249,459.931842,7.445960,1.510437
11295.000000,33.578302,-117.064243,514.118011,33.578362,-117.064249,459.932436,7.443662,1.510022
11310.000000,33.578302,-117.064243,513.946967,33.578362,-117.064249,459.933030,7.441479,1.509607
11325.000000,33.578302,-117.064244,513.769984,33.578361,-117.064249,459.933624,7.439104,1.509192
11340.000000,33.578302,-117.064244,513.587819,33.578361,-117.064249,459.934218,7.436813,1.508777
11355.000000,33.578303,-117.064245,513.404302,33.578361,-117.064249,459.934812,7.434249,1.508362
11370.000000,33.578303,-117.064245,513.221902,33.578361,-117.064249,459.935406,7.431524,1.507947
11385.000000,33.578303,-117.064246,513.036827,33.578361,-117.064249,459.936000,7.428924,1.507532
11400.000000,33.578303,-117.064246,512.858499,33.578361,-117.064249,459.936594,7.426756,1.507117
11415.000000,33.578303,-117.064247,512.677711,33.578361,-117.064249,459.937188,7.424662,1.506702
11430.000000,33.578303,-117.064247,512.491395,33.578361,-117.064249,459.937782,7.422312,1.506287
11445.000000,33.578303,-117.064248,512.304073,33.578361,-117.064249,459.938376,7.419977,1.505872
11460.000000,33.578303,-117.064248,512.105576,33.578361,-117.064249,459.938970,7.417271,1.505458
11475.000000,33.578303,-117.064248,511.901602,33.578361,-117.064249,459.939564,7.414339,1.505043
11490.000000,33.578303,-117.064249,511.701580,33.578361,-117.064249,459.940158,7.411558,1.504628
11505.000000,33.578303,-117.064249,511.501142,33.578361,-117.064249,459.940752,7.408299,1.504214
11520.000000,33.578303,-117.064250,511.298556,33.578361,-117.064249,459.941346,7.405870,1.503799
11535.000000,33.578303,-117.064250,511.082318,33.578361,-117.064249,459.941940,7.402681,1.503385
11550.000000,33.578303,-117.064251,510.871085,33.578361,-117.064249,459.942534,7.399807,1.502970
11565.000000,33.578303,-117.064251,510.665936,33.578361,-117.064249,459.943128,7.396565,1.502556
11580.000000,33.578303,-117.064252,510.464638,33.578361,-117.064249,459.943722,7.393699,1.502142
11595.000000,33.578303,-117.064252,510.254049,33.578361,-117.064249,459.944316,7.390535,1.501727
11610.000000,33.578304,-117.064253,510.027173,33.578361,-117.064249,459.944910,7.387088,1.501313
11625.000000,33.578304,-117.064253,509.803824,33.578361,-117.064249,459.945504,7.384053,1.500899
11640.000000,33.578304,-117.064253,509.580903,33.578361,-117.064249,459.946098,7.380498,1.500485
11655.000000,33.578304,-117.064254,509.365122,33.578361,-117.064249,459.946692,7.377374,1.500071
11670.000000,33.578304,-117.064254,509.155353,33.578361,-117.064249,459.947286,7.374097,1.499657
11685.000000,33.578304,-117.064255,508.939466,33.578361,-117.064249,459.947880,7.370620,1.499243
11700.000000,33.578304,-117.064255,508.711638,33.578361,-117.064249,459.948474,7.367338,1.498829
11715.000000,33.578304,-117.064256,508.468074,33.578361,-117.064249,459.949068,7.363735,1.498415
11730.000000,33.578304,-117.064256,508.240455,33.578361,-117.064249,459.949662,7.360239,1.498001
11745.000000,33.578304,-117.064256,508.015378,33.578361,-117.064249,459.950256,7.356426,1.497587
11760.000000,33.578304,-117.064257,507.801715,33.578361,-117.064249,459.950850,7.352596,1.497173
11775.000000,33.578304,-117.064257,507.575441,33.578361,-117.064249,459.951444,7.348902,1.496759
11790.000000,33.578304,-117.064258,507.343552,33.578361,-117.064249,459.952038,7.344833,1.496346
11805.000000,33.578304,-117.064258,507.105729,33.578361,-117.064249,459.952632,7.341158,1.495932
11820.000000,33.578304,-117.064259,506.866911,33.578361,-117.064249,459.953226,7.337291,1.495519
11835.000000,33.578305,-117.064259,506.621484,33.578361,-117.064249,459.953820,7.333311,1.495105
11850.000000,33.578305,-117.064259,506.398320,33.578361,-117.064249,459.954414,7.329467,1.494691
11865.000000,33.578305,-117.064260,506.177042,33.578361,-117.064249,459.955008,7.325236,1.494278
11880.000000,33.578305,-117.064260,505.943131,33.578361,-117.064249,459.955601,7.321393,1.493865
11895.000000,33.578305,-117.064261,505.703102,33.578361,-117.064249,459.956195,7.316958,1.493451
11910.000000,33.578305,-117.064261,505.451422,33.578361,-117.064249,459.956789,7.312755,1.493038
11925.000000,33.578305,-117.064261,505.203303,33.578361,-117.064249,459.957383,7.308977,1.492625
11940.000000,33.578305,-117.064262,505.023613,33.578361,-117.064249,459.957977,7.308290,1.492212
11955.000000,33.578305,-117.064262,504.842273,33.578361,-117.064249,459.958571,7.307560,1.491798
11970.000000,33.578305,-117.064262,504.663587,33.578361,-117.064249,459.959165,7.307328,1.491385
11985.000000,33.578305,-117.064263,504.484426,33.578361,-117.064249,459.959759,7.306889,1.490972
12000.000000,33.578305,-117.064263,504.294898,33.578361,-117.064249,459.960353,7.306110,1.490559
12015.000000,33.578305,-117.064264,504.104739,33.578361,-117.064249,459.960947,7.305738,1.490146
12030.000000,33.578305,-117.064264,503.914155,33.578361,-117.064249,459.961541,7.305434,1.489733
12045.000000,33.578305,-117.064264,503.710226,33.578361,-117.064249,459.962135,7.304293,1.489320
12060.000000,33.578305,-117.064265,503.510008,33.578361,-117.064249,459.962729,7.303680,1.488908
12075.000000,33.578305,-117.064265,503.298210,33.578361,-117.064249,459.963323,7.302598,1.488495
12090.000000,33.578305,-117.064265,503.089422,33.578361,-117.064249,459.963917,7.301603,1.488082
12105.000000,33.578305,-117.064266,502.880958,33.578361,-117.064249,459.964511,7.300713,1.487669
12120.000000,33.578305,-117.064266,502.665705,33.578361,-117.064249,459.965105,7.299526,1.487257
12135.000000,33.578305,-117.064266,502.454840,33.578361,-117.064249,459.965699,7.298777,1.486844
12150.000000,33.578305,-117.064267,502.225065,33.578360,-117.064249,459.966293,7.297092,1.486432
12165.000000,33.578305,-117.064267,501.994126,33.578360,-117.064249,459.966887,7.295312,1.486019
12180.000000,33.578305,-117.064267,501.764523,33.578360,-117.064249,459.967481,7.293891,1.485607
12195.000000,33.578305,-117.064267,501.524469,33.578360,-117.064249,459.968075,7.291834,1.485194
12210.000000,33.578306,-117.064268,501.280409,33.578360,-117.064249,459.968669,7.289895,1.484782
12225.000000,33.578306,-117.064268,501.042161,33.578360,-117.064249,459.969263,7.288272,1.484370
12240.000000,33.578306,-117.064268,500.802714,33.578360,-117.064249,459.969857,7.286430,1.483957
12255.000000,33.578306,-117.064268,500.555299,33.578360,-117.064249,459.970451,7.284357,1.483545
12270.000000,33.578306,-117.064269,500.313325,33.578360,-117.064249,459.971045,7.282766,1.483133
12285.000000,33.578306,-117.064269,500.065247,33.578360,-117.064249,459.971639,7.280652,1.482721
12300.000000,33.578306,-117.064269,499.817582,33.578360,-117.064249,459.972233,7.278657,1.482309
12315.000000,33.578306,-117.064269,499.575778,33.578360,-117.064249,459.972827,7.276879,1.481897
12330.000000,33.578306,-117.064270,499.319690,33.578360,-117.064249,459.973421,7.274335,1.481485
12345.000000,33.578306,-117.064270,499.063908,33.578360,-117.064249,459.974015,7.271826,1.481073
12360.000000,33.578306,-117.064270,498.821420,33.578360,-117.064249,459.974609,7.270200,1.480661
12375.000000,33.578306,-117.064270,498.562431,33.578360,-117.064249,459.975203,7.267625,1.480249
12390.000000,33.578306,-117.064271,498.303537,33.578360,-117.064249,459.975797,7.264944,1.479838
12405.000000,33.578306,-117.064271,498.053470,33.578360,-117.064249,459.976391,7.263312,1.479426
12420.000000,33.578307,-117.064271,497.792874,33.578360,-117.064249,459.976985,7.260814,1.479014
12435.000000,33.578307,-117.064271,497.521412,33.578360,-117.064249,459.977579,7.257862,1.478603
12450.000000,33.578307,-117.064271,497.256745,33.578360,-117.064249,459.978173,7.255652,1.478191
12465.000000,33.578307,-117.064272,496.989337,33.578360,-117.064249,459.978767,7.253093,1.477780
12480.000000,33.578307,-117.064272,496.704331,33.578360,-117.064249,459.979361,7.249883,1.477368
12495.000000,33.578307,-117.064272,496.426269,33.578360,-117.064249,459.979955,7.247104,1.476957
12510.000000,33.578307,-117.064272,496.146552,33.578360,-117.064249,459.980549,7.243885,1.476545
12525.000000,33.578307,-117.064272,495.855514,33.578360,-117.064249,459.981143,7.240444,1.476134
12540.000000,33.578307,-117.064272,495.583945,33.578360,-117.064249,459.981737,7.237958,1.475723
12555.000000,33.578307,-117.064273,495.295241,33.578360,-117.064249,459.982331,7.234537,1.475311
12570.000000,33.578308,-117.064273,495.002502,33.578360,-117.064249,459.982925,7.230815,1.474900
12585.000000,33.578308,-117.064273,494.733051,33.578360,-117.064249,459.983519,7.228411,1.474489
12600.000000,33.578308,-117.064273,494.445037,33.578360,-117.064249,459.984113,7.225560,1.474078
12615.000000,33.578308,-117.064273,494.146489,33.578360,-117.064249,459.984707,7.221227,1.473667
12630.000000,33.578308,-117.064274,493.856151,33.578360,-117.064249,459.985301,7.217657,1.473256
12645.000000,33.578308,-117.064274,493.574907,33.578360,-117.064249,459.985895,7.215065,1.472845
12660.000000,33.578308,-117.064274,493.275840,33.578360,-117.064249,459.986489,7.211142,1.472434
12675.000000,33.578308,-117.064274,492.970948,33.578360,-117.064249,459.987083,7.207130,1.472023
12690.000000,33.578308,-117.064274,492.675356,33.578360,-117.064249,459.987677,7.204005,1.471613
12705.000000,33.578308,-117.064274,492.364579,33.578360,-117.064249,459.988271,7.199594,1.471202
12720.000000,33.578308,-117.064275,492.056071,33.578360,-117.064249,459.988865,7.195393,1.470791
12735.000000,33.578308,-117.064275,491.753515,33.578360,-117.064249,459.989459,7.192101,1.470381
12750.000000,33.578309,-117.064275,491.439694,33.578360,-117.064249,459.990053,7.187332,1.469970
12765.000000,33.578309,-117.064275,491.130578,33.578360,-117.064249,459.990647,7.183062,1.469560
12780.000000,33.578309,-117.064275,490.824077,33.578360,-117.064249,459.991241,7.179588,1.469149
12795.000000,33.578309,-117.064275,490.512660,33.578360,-117.064249,459.991835,7.175491,1.468739
12810.000000,33.578309,-117.064275,490.193440,33.578360,-117.064249,459.992429,7.170710,1.468328
12825.000000,33.578309,-117.064276,489.876215,33.578360,-117.064249,459.993023,7.166405,1.467918
12840.000000,33.578309,-117.064276,489.577062,33.578360,-117.064249,459.993617,7.162910,1.467508
12855.000000,33.578309,-117.064276,489.262748,33.578360,-117.064249,459.994211,7.158644,1.467097
12870.000000,33.578309,-117.064276,488.943931,33.578360,-117.064249,459.994805,7.153890,1.466687
12885.000000,33.578309,-117.064276,488.625566,33.578360,-117.064249,459.995399,7.149074,1.466277
12900.000000,33.578309,-117.064276,488.308437,33.578360,-117.064249,459.995993,7.144711,1.465867
12915.000000,33.578309,-117.064276,487.990581,33.578360,-117.064249,459.996587,7.140024,1.465457
12930.000000,33.578309,-117.064277,487.677072,33.578360,-117.064249,459.997181,7.135449,1.465047
12945.000000,33.578309,-117.064277,487.355331,33.578360,-117.064249,459.997775,7.130644,1.464637
12960.000000,33.578310,-117.064277,487.026658,33.578360,-117.064249,459.998369,7.125479,1.464227
12975.000000,33.578310,-117.064277,486.696321,33.578359,-117.064249,459.998963,7.120255,1.463817
12990.000000,33.578310,-117.064277,486.376237,33.578359,-117.064249,459.999557,7.115479,1.463408
13005.000000,33.578310,-117.064277,486.052035,33.578359,-117.064249,460.000151,7.110494,1.462998
13020.000000,33.578310,-117.064277,485.720289,33.578359,-117.064249,460.000745,7.104738,1.462588
13035.000000,33.578310,-117.064277,485.385013,33.578359,-117.064249,460.001339,7.099332,1.462179
13050.000000,33.578310,-117.064277,485.057811,33.578359,-117.064249,460.001933,7.094397,1.461769
13065.000000,33.578310,-117.064277,484.725760,33.578359,-117.064249,460.002527,7.089364,1.461359
13080.000000,33.578310,-117.064278,484.390262,33.578359,-117.064249,460.003121,7.084029,1.460950
13095.000000,33.578310,-117.064278,484.051717,33.578359,-117.064249,460.003715,7.078728,1.460541
13110.000000,33.578310,-117.064278,483.714911,33.578359,-117.064249,460.004309,7.072890,1.460131
13125.000000,33.578310,-117.064278,483.380529,33.578359,-117.064249,460.004903,7.067590,1.459722
13140.000000,33.578310,-117.064278,483.046985,33.578359,-117.064249,460.005497,7.061840,1.459313
13155.000000,33.578310,-117.064278,482.704666,33.578359,-117.064249,460.006090,7.055641,1.458903
13170.000000,33.578310,-117.064278,482.368771,33.578359,-117.064249,460.006684,7.049685,1.458494
13185.000000,33.578310,-117.064278,482.034910,33.578359,-117.064249,460.007278,7.043898,1.458085
13200.000000,33.578310,-117.064278,481.702847,33.578359,-117.064249,460.007872,7.038406,1.457676
13215.000000,33.578310,-117.064279,481.365159,33.578359,-117.064249,460.008466,7.032453,1.457267
13230.000000,33.578311,-117.064279,481.021921,33.578359,-117.064249,460.009060,7.025843,1.456858
13245.000000,33.578311,-117.064279,480.696395,33.578359,-117.064249,460.009654,7.020352,1.456449
13260.000000,33.578310,-117.064279,480.367241,33.578359,-117.064249,460.010248,7.015136,1.456040
13275.000000,33.578311,-117.064279,480.023102,33.578359,-117.064249,460.010842,7.008260,1.455631
13290.000000,33.578311,-117.064279,479.681137,33.578359,-117.064249,460.011436,7.001406,1.455223
13305.000000,33.578311,-117.064279,479.351907,33.578359,-117.064249,460.012030,6.995586,1.454814
13320.000000,33.578311,-117.064279,479.012009,33.578359,-117.064249,460.012624,6.989344,1.454405
13335.000000,33.578311,-117.064279,478.675607,33.578359,-117.064249,460.013218,6.982575,1.453997
13350.000000,33.578311,-117.064279,478.329034,33.578359,-117.064249,460.013812,6.975868,1.453588
13365.000000,33.578311,-117.064279,477.991033,33.578359,-117.064249,460.014406,6.969267,1.453180
13380.000000,33.578311,-117.064279,477.648024,33.578359,-117.064249,460.015000,6.962733,1.452771
13395.000000,33.578311,-117.064279,477.316217,33.578359,-117.064249,460.015594,6.956274,1.452363
13410.000000,33.578311,-117.064279,476.974261,33.578359,-117.064249,460.016188,6.949137,1.451954
13425.000000,33.578311,-117.064279,476.638650,33.578359,-117.064249,460.016782,6.942606,1.451546
13440.000000,33.578311,-117.064279,476.298782,33.578359,-117.064249,460.017376,6.936538,1.451138
13455.000000,33.578311,-117.064280,475.955021,33.578359,-117.064249,460.017970,6.929660,1.450730
13470.000000,33.578311,-117.064280,475.610080,33.578359,-117.064249,460.018564,6.922491,1.450322
13485.000000,33.578311,-117.064280,475.261231,33.578359,-117.064249,460.019158,6.914999,1.449914
13500.000000,33.578311,-117.064280,474.920449,33.578359,-117.064249,460.019752,6.907769,1.449505
13515.000000,33.578311,-117.064280,474.567472,33.578359,-117.064249,460.020346,6.900344,1.449098
13530.000000,33.578311,-117.064280,474.228355,33.578359,-117.064249,460.020940,6.892715,1.448690
13545.000000,33.578311,-117.064280,473.877270,33.578359,-117.064249,460.021534,6.885370,1.448282
13560.000000,33.578311,-117.064280,473.540080,33.578359,-117.064249,460.022128,6.877399,1.447874
13575.000000,33.578311,-117.064280,473.191629,33.578359,-117.064249,460.022722,6.870267,1.447466
13590.000000,33.578311,-117.064280,472.851334,33.578359,-117.064249,460.023316,6.862552,1.447058
13605.000000,33.578311,-117.064280,472.488902,33.578359,-117.064249,460.023910,6.853806,1.446651
13620.000000,33.578311,-117.064281,472.160829,33.578359,-117.064249,460.024504,6.846299,1.446243
13635.000000,33.578311,-117.064281,471.809001,33.578359,-117.064249,460.025098,6.838066,1.445836
13650.000000,33.578311,-117.064281,471.476839,33.578359,-117.064249,460.025692,6.830736,1.445428
13665.000000,33.578311,-117.064281,471.134767,33.578359,-117.064249,460.026286,6.822537,1.445021
13680.000000,33.578311,-117.064281,470.796267,33.578359,-117.064249,460.026880,6.814739,1.444613
13695.000000,33.578311,-117.064281,470.465263,33.578359,-117.064249,460.027474,6.807288,1.444206
13710.000000,33.578310,-117.064281,470.129048,33.578359,-117.064249,460.028068,6.800531,1.443798
13725.000000,33.578310,-117.064281,469.796966,33.578359,-117.064249,460.028662,6.792996,1.443391
13740.000000,33.578323,-117.064277,470.577782,33.578359,-117.064249,460.029256,6.694066,1.442984
13755.000000,33.578335,-117.064273,471.276230,33.578359,-117.064249,460.029850,6.601707,1.442577
13770.000000,33.578347,-117.064269,471.926709,33.578359,-117.064249,460.030444,6.513194,1.442170
13785.000000,33.578357,-117.064265,472.571738,33.578359,-117.064249,460.031038,6.429137,1.441763
13800.000000,33.578367,-117.064261,473.144689,33.578358,-117.064249,460.031632,6.351156,1.441356
13815.000000,33.578377,-117.064258,473.736260,33.578358,-117.064249,460.032226,6.274817,1.440949
13830.000000,33.578385,-117.064255,474.262305,33.578358,-117.064249,460.032820,6.203702,1.440542
13845.000000,33.578394,-117.064252,474.865271,33.578358,-117.064249,460.033414,6.130931,1.440135
13860.000000,33.578402,-117.064249,475.353772,33.578358,-117.064249,460.034008,6.066275,1.439728
13875.000000,33.578410,-117.064246,475.872215,33.578358,-117.064249,460.034602,6.000841,1.439322
13890.000000,33.578417,-117.064244,476.368493,33.578358,-117.064249,460.035196,5.937848,1.438915
13905.000000,33.578424,-117.064241,476.845822,33.578358,-117.064249,460.035790,5.877693,1.438508
13920.000000,33.578431,-117.064239,477.289160,33.578358,-117.064249,460.036384,5.820671,1.438102
13935.000000,33.578437,-117.064237,477.745629,33.578358,-117.064249,460.036978,5.764680,1.437695
13950.000000,33.578443,-117.064235,478.153660,33.578358,-117.064249,460.037572,5.712580,1.437289
13965.000000,33.578449,-117.064233,478.558579,33.578358,-117.064249,460.038166,5.662853,1.436882
13980.000000,33.578454,-117.064231,478.931452,33.578358,-117.064249,460.038760,5.615253,1.436476
13995.000000,33.578459,-117.064229,479.273860,33.578358,-117.064249,460.039354,5.570586,1.436070
14010.000000,33.578465,-117.064227,479.657300,33.578358,-117.064249,460.039948,5.525150,1.435663
14025.000000,33.578469,-117.064226,480.011415,33.578358,-117.064249,460.040542,5.482581,1.435257
14040.000000,33.578474,-117.064224,480.359138,33.578358,-117.064249,460.041136,5.440961,1.434851
14055.000000,33.578478,-117.064223,480.702471,33.578358,-117.064249,460.041730,5.399925,1.434445
14070.000000,33.578483,-117.064221,481.046527,33.578358,-117.064249,460.042324,5.360297,1.434039
14085.000000,33.578487,-117.064220,481.379881,33.578358,-117.064249,460.042918,5.321780,1.433633
14100.000000,33.578491,-117.064218,481.705525,33.578358,-117.064249,460.043512,5.284770,1.433227
14115.000000,33.578495,-117.064217,481.992102,33.578358,-117.064249,460.044106,5.250177,1.432821
14130.000000,33.578498,-117.064216,482.281355,33.578358,-117.064249,460.044700,5.216847,1.432415
14145.000000,33.578502,-117.064214,482.531881,33.578358,-117.064249,460.045294,5.185880,1.432010
14160.000000,33.578505,-117.064213,482.789665,33.578358,-117.064249,460.045888,5.154988,1.431604
14175.000000,33.578508,-117.064212,483.035176,33.578358,-117.064249,460.046482,5.125701,1.431198
14190.000000,33.578511,-117.064211,483.289063,33.578358,-117.064249,460.047076,5.096947,1.430793
14205.000000,33.578514,-117.064210,483.553368,33.578358,-117.064249,460.047670,5.068211,1.430387
14220.000000,33.578517,-117.064208,483.815737,33.578358,-117.064249,460.048264,5.040530,1.429982
14235.000000,33.578520,-117.064207,484.060481,33.578358,-117.064249,460.048858,5.014140,1.429576
14250.000000,33.578523,-117.064206,484.297395,33.578358,-117.064249,460.049452,4.988759,1.429171
14265.000000,33.578525,-117.064205,484.542983,33.578358,-117.064249,460.050046,4.963975,1.428766
14280.000000,33.578528,-117.064204,484.751132,33.578358,-117.064249,460.050640,4.940668,1.428360
14295.000000,33.578530,-117.064203,484.957537,33.578358,-117.064249,460.051234,4.917938,1.427955
14310.000000,33.578533,-117.064202,485.149646,33.578358,-117.064249,460.051828,4.896238,1.427550
14325.000000,33.578535,-117.064201,485.349140,33.578358,-117.064249,460.052422,4.874857,1.427145
14340.000000,33.578537,-117.064200,485.550908,33.578358,-117.064249,460.053016,4.853870,1.426740
14355.000000,33.578540,-117.064200,485.764651,33.578358,-117.064249,460.053610,4.832774,1.426335
14370.000000,33.578542,-117.064199,485.988440,33.578358,-117.064249,460.054204,4.812063,1.425930
14385.000000,33.578544,-117.064198,486.210270,33.578358,-117.064249,460.054798,4.792006,1.425525
14400.000000,33.578546,-117.064197,486.413096,33.578358,-117.064249,460.055392,4.772716,1.425120
14415.000000,33.578548,-117.064196,486.606486,33.578358,-117.064249,460.055986,4.754110,1.424715
14430.000000,33.578550,-117.064196,486.813654,33.578358,-117.064249,460.056580,4.735710,1.424311
14445.000000,33.578552,-117.064195,487.012616,33.578358,-117.064249,460.057173,4.718000,1.423906
14460.000000,33.578554,-117.064194,487.223510,33.578358,-117.064249,460.057767,4.700452,1.423501
14475.000000,33.578555,-117.064193,487.407778,33.578358,-117.064249,460.058361,4.683961,1.423097
14490.000000,33.578557,-117.064193,487.591833,33.578358,-117.064249,460.058955,4.667869,1.422692
14505.000000,33.578559,-117.064192,487.760126,33.578358,-117.064249,460.059549,4.652669,1.422288
14520.000000,33.578560,-117.064191,487.914221,33.578358,-117.064249,460.060143,4.638074,1.421883
14535.000000,33.578562,-117.064191,488.091121,33.578358,-117.064249,460.060737,4.623215,1.421479
14550.000000,33.578563,-117.064190,488.240524,33.578358,-117.064249,460.061331,4.609169,1.421075
14565.000000,33.578565,-117.064189,488.399057,33.578358,-117.064249,460.061925,4.595285,1.420670
14580.000000,33.578566,-117.064189,488.559596,33.578358,-117.064249,460.062519,4.581414,1.420266
14595.000000,33.578568,-117.064188,488.688400,33.578358,-117.064249,460.063113,4.569221,1.419862
14610.000000,33.578569,-117.064187,488.848498,33.578358,-117.064249,460.063707,4.556319,1.419458
14625.000000,33.578570,-117.064187,489.011823,33.578357,-117.064249,460.064301,4.543500,1.419054
14640.000000,33.578572,-117.064186,489.156540,33.578357,-117.064249,460.064895,4.531280,1.418650
14655.000000,33.578573,-117.064186,489.320297,33.578357,-117.064249,460.065489,4.518467,1.418246
14670.000000,33.578574,-117.064185,489.472071,33.578357,-117.064249,460.066083,4.506442,1.417842
14685.000000,33.578575,-117.064185,489.632166,33.578357,-117.064249,460.066677,4.495111,1.417439
14700.000000,33.578576,-117.064184,489.783566,33.578357,-117.064249,460.067271,4.484065,1.417035
14715.000000,33.578577,-117.064184,489.899988,33.578357,-117.064249,460.067865,4.473892,1.416631
14730.000000,33.578578,-117.064183,490.034790,33.578357,-117.064249,460.068459,4.463659,1.416227
14745.000000,33.578579,-117.064183,490.156341,33.578357,-117.064249,460.069053,4.454118,1.415824
14760.000000,33.578580,-117.064182,490.272056,33.578357,-117.064249,460.069647,4.444812,1.415420
14775.000000,33.578581,-117.064182,490.419407,33.578357,-117.064249,460.070241,4.434562,1.415017
14790.000000,33.578582,-117.064181,490.520047,33.578357,-117.064249,460.070835,4.425727,1.414614
14805.000000,33.578583,-117.064181,490.494409,33.578357,-117.064249,460.071429,4.414709,1.414210
14820.000000,33.578584,-117.064182,490.470392,33.578357,-117.064249,460.072023,4.403458,1.413807
14835.000000,33.578584,-117.064182,490.435920,33.578357,-117.064249,460.072617,4.392681,1.413404
14850.000000,33.578585,-117.064182,490.415519,33.578357,-117.064249,460.073211,4.381950,1.413000
14865.000000,33.578586,-117.064182,490.385137,33.578357,-117.064249,460.073805,4.372261,1.412597
14880.000000,33.578586,-117.064182,490.357550,33.578357,-117.064249,460.074399,4.362613,1.412194
14895.000000,33.578587,-117.064182,490.328750,33.578357,-117.064249,460.074993,4.353322,1.411791
14910.000000,33.578587,-117.064182,490.302356,33.578357,-117.064249,460.075587,4.343979,1.411388
14925.000000,33.578588,-117.064183,490.267549,33.578357,-117.064249,460.076181,4.334920,1.410985
14940.000000,33.578588,-117.064183,490.223112,33.578357,-117.064249,460.076775,4.326306,1.410583
14955.000000,33.578589,-117.064183,490.188557,33.578357,-117.064249,460.077369,4.317690,1.410180
14970.000000,33.578589,-117.064183,490.156433,33.578357,-117.064249,460.077963,4.309372,1.409777
14985.000000,33.578590,-117.064183,490.125166,33.578357,-117.064249,460.078557,4.301353,1.409374
15000.000000,33.578590,-117.064183,490.082819,33.578357,-117.064249,460.079151,4.293206,1.408972
15015.000000,33.578590,-117.064184,490.052163,33.578357,-117.064249,460.079745,4.285055,1.408569
15030.000000,33.578591,-117.064184,490.002003,33.578357,-117.064249,460.080339,4.277730,1.408167
15045.000000,33.578591,-117.064184,489.943301,33.578357,-117.064249,460.080933,4.270773,1.407764
15060.000000,33.578591,-117.064184,489.898391,33.578357,-117.064249,460.081527,4.263191,1.407362
15075.000000,33.578592,-117.064184,489.846572,33.578357,-117.064249,460.082121,4.256122,1.406960
15090.000000,33.578592,-117.064184,489.803045,33.578357,-117.064249,460.082715,4.248918,1.406557
15105.000000,33.578592,-117.064185,489.733535,33.578357,-117.064249,460.083309,4.242536,1.406155
15120.000000,33.578592,-117.064185,489.666506,33.578357,-117.064249,460.083903,4.236039,1.405753
15135.000000,33.578593,-117.064185,489.618019,33.578357,-117.064249,460.084497,4.229409,1.405351
15150.000000,33.578593,-117.064185,489.572082,33.578357,-117.064249,460.085091,4.223002,1.404949
15165.000000,33.578593,-117.064185,489.511346,33.578357,-117.064249,460.085685,4.216819,1.404547
15180.000000,33.578593,-117.064186,489.456578,33.578357,-117.064249,460.086279,4.210526,1.404145
15195.000000,33.578593,-117.064186,489.409945,33.578357,-117.064249,460.086873,4.204330,1.403743
15210.000000,33.578593,-117.064186,489.342503,33.578357,-117.064249,460.087467,4.198734,1.403341
15225.000000,33.578593,-117.064187,489.371286,33.578357,-117.064249,460.088061,4.195496,1.402939
15240.000000,33.578593,-117.064187,489.397835,33.578357,-117.064249,460.088655,4.192378,1.402538
15255.000000,33.578593,-117.064187,489.422354,33.578357,-117.064249,460.089249,4.189287,1.402136
15270.000000,33.578593,-117.064188,489.443070,33.578357,-117.064249,460.089843,4.186374,1.401734
15285.000000,33.578594,-117.064188,489.461184,33.578357,-117.064249,460.090437,4.183537,1.401333
15300.000000,33.578593,-117.064189,489.444577,33.578357,-117.064249,460.091031,4.178113,1.400931
15315.000000,33.578593,-117.064190,489.422013,33.578357,-117.064249,460.091625,4.172813,1.400530
15330.000000,33.578593,-117.064190,489.420544,33.578357,-117.064249,460.092219,4.167754,1.400129
15345.000000,33.578593,-117.064191,489.409056,33.578357,-117.064249,460.092813,4.162379,1.399727
15360.000000,33.578593,-117.064191,489.402054,33.578357,-117.064249,460.093407,4.157316,1.399326
15375.000000,33.578593,-117.064192,489.389202,33.578357,-117.064249,460.094001,4.152489,1.398925
15390.000000,33.578593,-117.064193,489.374361,33.578357,-117.064249,460.094595,4.147720,1.398524
15405.000000,33.578592,-117.064193,489.375488,33.578357,-117.064249,460.095189,4.143069,1.398123
15420.000000,33.578592,-117.064194,489.362850,33.578357,-117.064249,460.095783,4.138423,1.397722
15435.000000,33.578592,-117.064194,489.338321,33.578357,-117.064249,460.096377,4.133495,1.397321
15450.000000,33.578592,-117.064195,489.324809,33.578356,-117.064249,460.096971,4.129049,1.396920
15465.000000,33.578592,-117.064195,489.314776,33.578356,-117.064249,460.097565,4.124745,1.396519
15480.000000,33.578592,-117.064196,489.308962,33.578356,-117.064249,460.098159,4.120511,1.396118
15495.000000,33.578591,-117.064196,489.294072,33.578356,-117.064249,460.098753,4.116283,1.395718
15510.000000,33.578591,-117.064197,489.288494,33.578356,-117.064249,460.099347,4.111827,1.395317
15525.000000,33.578591,-117.064197,489.265513,33.578356,-117.064249,460.099941,4.107510,1.394916
15540.000000,33.578591,-117.064198,489.253088,33.578356,-117.064249,460.100535,4.103443,1.394516
15555.000000,33.578591,-117.064198,489.235958,33.578356,-117.064249,460.101129,4.099576,1.394115
15570.000000,33.578590,-117.064199,489.234310,33.578356,-117.064249,460.101723,4.095763,1.393715
15585.000000,33.578590,-117.064199,489.212021,33.578356,-117.064249,460.102317,4.092106,1.393314
15600.000000,33.578590,-117.064200,489.208837,33.578356,-117.064249,460.102911,4.088324,1.392914
15615.000000,33.578590,-117.064200,489.182570,33.578356,-117.064249,460.103505,4.084766,1.392514
15630.000000,33.578590,-117.064200,489.156348,33.578356,-117.064249,460.104099,4.081039,1.392114
15645.000000,33.578589,-117.064201,489.135887,33.578356,-117.064249,460.104693,4.077445,1.391714
15660.000000,33.578589,-117.064201,489.103204,33.578356,-117.064249,460.105287,4.073855,1.391313
15675.000000,33.578589,-117.064202,489.078335,33.578356,-117.064249,460.105881,4.070388,1.390913
15690.000000,33.578588,-117.064202,489.046658,33.578356,-117.064249,460.106475,4.066916,1.390513
15705.000000,33.578588,-117.064203,489.024188,33.578356,-117.064249,460.107069,4.063788,1.390114
15720.000000,33.578588,-117.064203,489.003126,33.578356,-117.064249,460.107663,4.060667,1.389714
15735.000000,33.578588,-117.064203,488.983213,33.578356,-117.064249,460.108256,4.057684,1.389314
15750.000000,33.578587,-117.064204,488.960177,33.578356,-117.064249,460.108850,4.054834,1.388914
15765.000000,33.578587,-117.064204,488.928215,33.578356,-117.064249,460.109444,4.051900,1.388515
15780.000000,33.578587,-117.064205,488.900076,33.578356,-117.064249,460.110038,4.049007,1.388115
15795.000000,33.578587,-117.064205,488.868384,33.578356,-117.064249,460.110632,4.046098,1.387715
15810.000000,33.578586,-117.064205,488.841227,33.578356,-117.064249,460.111226,4.043506,1.387316
15825.000000,33.578586,-117.064206,488.818790,33.578356,-117.064249,460.111820,4.040873,1.386916
15840.000000,33.578586,-117.064206,488.788971,33.578356,-117.064249,460.112414,4.038210,1.386517
15855.000000,33.578586,-117.064206,488.762920,33.578356,-117.064249,460.113008,4.035617,1.386118
15870.000000,33.578585,-117.064207,488.733492,33.578356,-117.064249,460.113602,4.033161,1.385719
15885.000000,33.578585,-117.064207,488.704669,33.578356,-117.064249,460.114196,4.030804,1.385319
15900.000000,33.578585,-117.064208,488.682540,33.578356,-117.064249,460.114790,4.028482,1.384920
15915.000000,33.578585,-117.064208,488.657186,33.578356,-117.064249,460.115384,4.026321,1.384521
15930.000000,33.578584,-117.064208,488.625349,33.578356,-117.064249,460.115978,4.024075,1.384122
15945.000000,33.578584,-117.064208,488.592544,33.578356,-117.064249,460.116572,4.021730,1.383723
15960.000000,33.578584,-117.064209,488.566942,33.578356,-117.064249,460.117166,4.019543,1.383324
15975.000000,33.578583,-117.064209,488.533310,33.578356,-117.064249,460.117760,4.017436,1.382925
15990.000000,33.578583,-117.064209,488.489209,33.578356,-117.064249,460.118354,4.015210,1.382527
16005.000000,33.578583,-117.064210,488.452115,33.578356,-117.064249,460.118948,4.013231,1.382128
16020.000000,33.578582,-117.064210,488.419758,33.578356,-117.064249,460.119542,4.011262,1.381729
16035.000000,33.578582,-117.064210,488.385757,33.578356,-117.064249,460.120136,4.009525,1.381331
16050.000000,33.578582,-117.064211,488.339935,33.578356,-117.064249,460.120730,4.007525,1.380932
16065.000000,33.578581,-117.064211,488.304264,33.578356,-117.064249,460.121324,4.005838,1.380534
16080.000000,33.578581,-117.064211,488.266323,33.578356,-117.064249,460.121918,4.004065,1.380135
16095.000000,33.578581,-117.064211,488.228400,33.578356,-117.064249,460.122512,4.002529,1.379737
16110.000000,33.578580,-117.064212,488.190976,33.578356,-117.064249,460.123106,4.000687,1.379339
16125.000000,33.578580,-117.064212,488.147032,33.578356,-117.064249,460.123700,3.998801,1.378940
16140.000000,33.578580,-117.064212,488.107324,33.578356,-117.064249,460.124294,3.996975,1.378542
16155.000000,33.578579,-117.064212,488.062286,33.578356,-117.064249,460.124888,3.995112,1.378144
16170.000000,33.578579,-117.064213,488.008465,33.578356,-117.064249,460.125482,3.993282,1.377746
16185.000000,33.578578,-117.064213,487.963273,33.578356,-117.064249,460.126076,3.991720,1.377348
16200.000000,33.578578,-117.064213,487.917436,33.578356,-117.064249,460.126670,3.990007,1.376950
16215.000000,33.578578,-117.064213,487.870524,33.578356,-117.064249,460.127264,3.988415,1.376552
16230.000000,33.578577,-117.064214,487.826772,33.578356,-117.064249,460.127858,3.986919,1.376154
16245.000000,33.578577,-117.064214,487.778675,33.578356,-117.064249,460.128452,3.985359,1.375757
16260.000000,33.578576,-117.064214,487.720800,33.578355,-117.064249,460.129046,3.983764,1.375359
16275.000000,33.578576,-117.064214,487.661787,33.578355,-117.064249,460.129640,3.982272,1.374961
16290.000000,33.578575,-117.064215,487.611488,33.578355,-117.064249,460.130234,3.980842,1.374564
16305.000000,33.578575,-117.064215,487.553093,33.578355,-117.064249,460.130828,3.979524,1.374166
16320.000000,33.578575,-117.064215,487.498611,33.578355,-117.064249,460.131422,3.978174,1.373769
16335.000000,33.578574,-117.064215,487.451054,33.578355,-117.064249,460.132016,3.976880,1.373371
16350.000000,33.578574,-117.064215,487.392898,33.578355,-117.064249,460.132610,3.975675,1.372974
16365.000000,33.578573,-117.064216,487.334259,33.578355,-117.064249,460.133204,3.974417,1.372577
16380.000000,33.578573,-117.064216,487.281936,33.578355,-117.064249,460.133798,3.973163,1.372180
16395.000000,33.578572,-117.064216,487.222434,33.578355,-117.064249,460.134392,3.971851,1.371783
16410.000000,33.578572,-117.064216,487.164753,33.578355,-117.064249,460.134986,3.970560,1.371385
16425.000000,33.578571,-117.064216,487.112350,33.578355,-117.064249,460.135580,3.969299,1.370988
16440.000000,33.578571,-117.064217,487.054176,33.578355,-117.064249,460.136174,3.968197,1.370591
16455.000000,33.578570,-117.064217,486.992082,33.578355,-117.064249,460.136768,3.966975,1.370195
16470.000000,33.578570,-117.064217,486.936263,33.578355,-117.064249,460.137362,3.965992,1.369798
16485.000000,33.578570,-117.064217,486.876049,33.578355,-117.064249,460.137956,3.965032,1.369401
16500.000000,33.578569,-117.064217,486.815588,33.578355,-117.064249,460.138550,3.964060,1.369004
16515.000000,33.578569,-117.064217,486.753130,33.578355,-117.064249,460.139144,3.963231,1.368608
16530.000000,33.578568,-117.064217,486.692078,33.578355,-117.064249,460.139738,3.962344,1.368211
16545.000000,33.578568,-117.064218,486.626791,33.578355,-117.064249,460.140332,3.961278,1.367815
16560.000000,33.578567,-117.064218,486.561077,33.578355,-117.064249,460.140926,3.960569,1.367418
16575.000000,33.578567,-117.064218,486.496074,33.578355,-117.064249,460.141520,3.959772,1.367022
16590.000000,33.578566,-117.064218,486.431473,33.578355,-117.064249,460.142114,3.958817,1.366625
16605.000000,33.578566,-117.064218,486.363204,33.578355,-117.064249,460.142708,3.957803,1.366229
16620.000000,33.578565,-117.064218,486.294871,33.578355,-117.064249,460.143302,3.956792,1.365833
16635.000000,33.578565,-117.064218,486.219421,33.578355,-117.064249,460.143896,3.955811,1.365437
16650.000000,33.578564,-117.064218,486.150699,33.578355,-117.064249,460.144490,3.954835,1.365041
16665.000000,33.578564,-117.064219,486.075000,33.578355,-117.064249,460.145084,3.953773,1.364645
16680.000000,33.578563,-117.064219,486.008757,33.578355,-117.064249,460.145678,3.952978,1.364249
16695.000000,33.578562,-117.064219,485.933224,33.578355,-117.064249,460.146272,3.952216,1.363853
16710.000000,33.578562,-117.064219,485.857764,33.578355,-117.064249,460.146866,3.951425,1.363457
16725.000000,33.578561,-117.064219,485.780761,33.578355,-117.064249,460.147460,3.950638,1.363061
16740.000000,33.578561,-117.064219,485.704355,33.578355,-117.064249,460.148054,3.949916,1.362665
16755.000000,33.578560,-117.064219,485.625319,33.578355,-117.064249,460.148648,3.949161,1.362270
16770.000000,33.578560,-117.064219,485.540881,33.578355,-117.064249,460.149242,3.948417,1.361874
16785.000000,33.578559,-117.064219,485.456309,33.578355,-117.064249,460.149836,3.947565,1.361479
16800.000000,33.578558,-117.064219,485.366398,33.578355,-117.064249,460.150430,3.946877,1.361083
16815.000000,33.578558,-117.064219,485.281550,33.578355,-117.064249,460.151024,3.946254,1.360688
16830.000000,33.578557,-117.064220,485.193372,33.578355,-117.064249,460.151618,3.945452,1.360292
16845.000000,33.578556,-117.064219,485.183961,33.578355,-117.064249,460.152212,3.944483,1.359897
16860.000000,33.578555,-117.064219,485.173754,33.578355,-117.064249,460.152806,3.943459,1.359502
16875.000000,33.578555,-117.064219,485.161077,33.578355,-117.064249,460.153400,3.942500,1.359107
16890.000000,33.578554,-117.064219,485.150912,33.578355,-117.064249,460.153994,3.941490,1.358712
16905.000000,33.578553,-117.064219,485.134599,33.578355,-117.064249,460.154588,3.940560,1.358317
16920.000000,33.578552,-117.064219,485.115989,33.578355,-117.064249,460.155182,3.939560,1.357922
16935.000000,33.578551,-117.064218,485.092345,33.578355,-117.064249,460.155776,3.938568,1.357527
16950.000000,33.578550,-117.064218,485.063912,33.578355,-117.064249,460.156370,3.937629,1.357132
16965.000000,33.578549,-117.064218,485.035619,33.578355,-117.064249,460.156964,3.936583,1.356737
16980.000000,33.578548,-117.064218,485.006622,33.578355,-117.064249,460.157558,3.935647,1.356342
16995.000000,33.578548,-117.064218,484.977961,33.578355,-117.064249,460.158152,3.934626,1.355948
17010.000000,33.578547,-117.064217,484.950544,33.578355,-117.064249,460.158745,3.933561,1.355553
17025.000000,33.578546,-117.064217,484.917851,33.578355,-117.064249,460.159339,3.932520,1.355159
17040.000000,33.578545,-117.064217,484.880460,33.578355,-117.064249,460.159933,3.931493,1.354764
17055.000000,33.578544,-117.064217,484.843458,33.578355,-117.064249,460.160527,3.930467,1.354370
17070.000000,33.578543,-117.064217,484.808208,33.578355,-117.064249,460.161121,3.929372,1.353976
17085.000000,33.578542,-117.064216,484.775978,33.578354,-117.064249,460.161715,3.928322,1.353581
17100.000000,33.578541,-117.064216,484.743708,33.578354,-117.064249,460.162309,3.927288,1.353187
17115.000000,33.578540,-117.064216,484.706965,33.578354,-117.064249,460.162903,3.926094,1.352793
17130.000000,33.578539,-117.064216,484.669862,33.578354,-117.064249,460.163497,3.924937,1.352399
17145.000000,33.578538,-117.064215,484.628286,33.578354,-117.064249,460.164091,3.923881,1.352005
17160.000000,33.578537,-117.064215,484.588955,33.578354,-117.064249,460.164685,3.922789,1.351611
17175.000000,33.578536,-117.064215,484.550222,33.578354,-117.064249,460.165279,3.921694,1.351217
17190.000000,33.578535,-117.064215,484.508717,33.578354,-117.064249,460.165873,3.920586,1.350823
17205.000000,33.578534,-117.064214,484.468395,33.578354,-117.064249,460.166467,3.919458,1.350429
17220.000000,33.578533,-117.064214,484.423043,33.578354,-117.064249,460.167061,3.918241,1.350036
17235.000000,33.578532,-117.064214,484.379255,33.578354,-117.064249,460.167655,3.917116,1.349642
17250.000000,33.578531,-117.064214,484.337836,33.578354,-117.064249,460.168249,3.916007,1.349249
17265.000000,33.578529,-117.064213,484.295410,33.578354,-117.064249,460.168843,3.914878,1.348855
17280.000000,33.578528,-117.064213,484.247481,33.578354,-117.064249,460.169437,3.913713,1.348462
17295.000000,33.578527,-117.064213,484.204137,33.578354,-117.064249,460.170031,3.912587,1.348068
17310.000000,33.578526,-117.064212,484.157001,33.578354,-117.064249,460.170625,3.911386,1.347675
17325.000000,33.578525,-117.064212,484.106301,33.578354,-117.064249,460.171219,3.910124,1.347282
17340.000000,33.578524,-117.064212,484.054741,33.578354,-117.064249,460.171813,3.908782,1.346889
17355.000000,33.578523,-117.064211,484.001464,33.578354,-117.064249,460.172407,3.907470,1.346495
17370.000000,33.578522,-117.064211,483.947672,33.578354,-117.064249,460.173001,3.906162,1.346102
17385.000000,33.578521,-117.064211,483.887755,33.578354,-117.064249,460.173595,3.904848,1.345709
17400.000000,33.578519,-117.064211,483.825792,33.578354,-117.064249,460.174189,3.903449,1.345317
17415.000000,33.578518,-117.064210,483.763868,33.578354,-117.064249,460.174783,3.902066,1.344924
17430.000000,33.578517,-117.064210,483.701313,33.578354,-117.064249,460.175377,3.900760,1.344531
17445.000000,33.578516,-117.064210,483.639262,33.578354,-117.064249,460.175971,3.899397,1.344138
17460.000000,33.578515,-117.064209,483.576936,33.578354,-117.064249,460.176565,3.897994,1.343746
17475.000000,33.578513,-117.064209,483.508581,33.578354,-117.064249,460.177159,3.896529,1.343353
17490.000000,33.578512,-117.064209,483.442570,33.578354,-117.064249,460.177753,3.895103,1.342960
17505.000000,33.578511,-117.064208,483.372659,33.578354,-117.064249,460.178347,3.893558,1.342568
17520.000000,33.578510,-117.064208,483.302041,33.578354,-117.064249,460.178941,3.891957,1.342176
17535.000000,33.578508,-117.064207,483.224257,33.578354,-117.064249,460.179535,3.890304,1.341783
17550.000000,33.578507,-117.064207,483.145709,33.578354,-117.064249,460.180129,3.888709,1.341391
17565.000000,33.578506,-117.064207,483.065541,33.578354,-117.064249,460.180723,3.887011,1.340999
17580.000000,33.578505,-117.064206,482.986595,33.578354,-117.064249,460.181317,3.885349,1.340607
17595.000000,33.578503,-117.064206,482.905897,33.578354,-117.064249,460.181911,3.883601,1.340215
17610.000000,33.578502,-117.064206,482.828781,33.578354,-117.064249,460.182505,3.881967,1.339823
17625.000000,33.578501,-117.064205,482.748157,33.578354,-117.064249,460.183099,3.880212,1.339431
17640.000000,33.578499,-117.064205,482.662079,33.578354,-117.064249,460.183693,3.878440,1.339039
17655.000000,33.578498,-117.064204,482.576112,33.578354,-117.064249,460.184287,3.876707,1.338647
17670.000000,33.578497,-117.064204,482.480894,33.578354,-117.064249,460.184881,3.874882,1.338255
17685.000000,33.578495,-117.064204,482.382098,33.578354,-117.064249,460.185475,3.873009,1.337864
17700.000000,33.578494,-117.064203,482.283989,33.578354,-117.064249,460.186069,3.871213,1.337472
17715.000000,33.578492,-117.064203,482.181753,33.578354,-117.064249,460.186663,3.869321,1.337080
17730.000000,33.578491,-117.064202,482.081589,33.578354,-117.064249,460.187257,3.867286,1.336689
17745.000000,33.578489,-117.064202,481.984719,33.578354,-117.064249,460.187851,3.865248,1.336298
17760.000000,33.578488,-117.064202,481.891737,33.578354,-117.064249,460.188445,3.863190,1.335906
17775.000000,33.578487,-117.064201,481.794809,33.578354,-117.064249,460.189039,3.861121,1.335515
17790.000000,33.578485,-117.064201,481.692642,33.578354,-117.064249,460.189633,3.859047,1.335124
17805.000000,33.578484,-117.064200,481.591918,33.578354,-117.064249,460.190227,3.856967,1.334733
17820.000000,33.578482,-117.064200,481.490292,33.578354,-117.064249,460.190821,3.854839,1.334342
17835.000000,33.578481,-117.064199,481.388258,33.578354,-117.064249,460.191415,3.852758,1.333951
17850.000000,33.578479,-117.064199,481.276000,33.578354,-117.064249,460.192009,3.850471,1.333560
17865.000000,33.578478,-117.064199,481.163996,33.578354,-117.064249,460.192603,3.848208,1.333169
17880.000000,33.578476,-117.064198,481.052953,33.578354,-117.064249,460.193197,3.845895,1.332778
17895.000000,33.578474,-117.064198,480.939809,33.578354,-117.064249,460.193791,3.843551,1.332387
17910.000000,33.578473,-117.064197,480.827073,33.578353,-117.064249,460.194385,3.841173,1.331997
17925.000000,33.578471,-117.064197,480.705699,33.578353,-117.064249,460.194979,3.838704,1.331606
17940.000000,33.578470,-117.064196,480.589827,33.578353,-117.064249,460.195573,3.836227,1.331215
17955.000000,33.578468,-117.064196,480.471186,33.578353,-117.064249,460.196167,3.833642,1.330825
17970.000000,33.578466,-117.064195,480.358353,33.578353,-117.064249,460.196761,3.831008,1.330435
17985.000000,33.578465,-117.064195,480.239900,33.578353,-117.064249,460.197355,3.828365,1.330044
18000.000000,33.578463,-117.064195,480.124266,33.578353,-117.064249,460.197949,3.825763,1.329654
18015.000000,33.578461,-117.064194,480.002015,33.578353,-117.064249,460.198543,3.823006,1.329264
18030.000000,33.578460,-117.064194,479.874419,33.578353,-117.064249,460.199137,3.820176,1.328874
18045.000000,33.578458,-117.064193,479.749612,33.578353,-117.064249,460.199731,3.817466,1.328484
18060.000000,33.578456,-117.064193,479.626753,33.578353,-117.064249,460.200325,3.814788,1.328094
18075.000000,33.578455,-117.064192,479.506035,33.578353,-117.064249,460.200919,3.812089,1.327704
18090.000000,33.578453,-117.064192,479.380205,33.578353,-117.064249,460.201513,3.809299,1.327314
18105.000000,33.578451,-117.064191,479.253101,33.578353,-117.064249,460.202107,3.806513,1.326924
18120.000000,33.578450,-117.064191,479.124882,33.578353,-117.064249,460.202701,3.803697,1.326534
18135.000000,33.578448,-117.064190,478.998508,33.578353,-117.064249,460.203295,3.800848,1.326145
18150.000000,33.578446,-117.064189,478.876781,33.578353,-117.064249,460.203889,3.797957,1.325755
18165.000000,33.578444,-117.064189,478.751103,33.578353,-117.064249,460.204483,3.795034,1.325365
18180.000000,33.578443,-117.064188,478.621619,33.578353,-117.064249,460.205077,3.791906,1.324976
18195.000000,33.578441,-117.064188,478.490833,33.578353,-117.064249,460.205671,3.788744,1.324587
18210.000000,33.578439,-117.064187,478.361488,33.578353,-117.064249,460.206265,3.785693,1.324197
18225.000000,33.578437,-117.064187,478.238259,33.578353,-117.064249,460.206859,3.782638,1.323808
18240.000000,33.578435,-117.064186,478.105028,33.578353,-117.064249,460.207453,3.779430,1.323419
18255.000000,33.578434,-117.064186,477.972435,33.578353,-117.064249,460.208047,3.776191,1.323030
18270.000000,33.578432,-117.064185,477.838378,33.578353,-117.064249,460.208641,3.772917,1.322641
18285.000000,33.578430,-117.064185,477.698697,33.578353,-117.064249,460.209235,3.769621,1.322252
18300.000000,33.578428,-117.064184,477.561519,33.578353,-117.064249,460.209829,3.766242,1.321863
18315.000000,33.578426,-117.064184,477.417225,33.578353,-117.064249,460.210422,3.762822,1.321474
18330.000000,33.578424,-117.064183,477.272938,33.578353,-117.064249,460.211016,3.759292,1.321085
18345.000000,33.578422,-117.064183,477.123797,33.578353,-117.064249,460.211610,3.755835,1.320697
18360.000000,33.578421,-117.064182,476.972179,33.578353,-117.064249,460.212204,3.752254,1.320308
18375.000000,33.578419,-117.064182,476.826169,33.578353,-117.064249,460.212798,3.748750,1.319919
18390.000000,33.578417,-117.064181,476.676094,33.578353,-117.064249,460.213392,3.745146,1.319531
18405.000000,33.578415,-117.064180,476.523890,33.578353,-117.064249,460.213986,3.741530,1.319142
18420.000000,33.578413,-117.064180,476.370160,33.578353,-117.064249,460.214580,3.737744,1.318754
18435.000000,33.578411,-117.064179,476.215902,33.578353,-117.064249,460.215174,3.733855,1.318366
18450.000000,33.578409,-117.064179,476.060831,33.578353,-117.064249,460.215768,3.729890,1.317978
18465.000000,33.578407,-117.064178,475.900762,33.578353,-117.064249,460.216362,3.725832,1.317589
18480.000000,33.578405,-117.064178,475.735691,33.578353,-117.064249,460.216956,3.721522,1.317201
18495.000000,33.578403,-117.064177,475.569500,33.578353,-117.064249,460.217550,3.717444,1.316813
18510.000000,33.578401,-117.064177,475.411625,33.578353,-117.064249,460.218144,3.713367,1.316425
18525.000000,33.578398,-117.064176,475.251217,33.578353,-117.064249,460.218738,3.709247,1.316037
18540.000000,33.578396,-117.064176,475.089535,33.578353,-117.064249,460.219332,3.705037,1.315650
18555.000000,33.578394,-117.064175,474.924646,33.578353,-117.064249,460.219926,3.700830,1.315262
18570.000000,33.578392,-117.064175,474.768276,33.578353,-117.064249,460.220520,3.696637,1.314874
18585.000000,33.578390,-117.064174,474.602216,33.578353,-117.064249,460.221114,3.692168,1.314487
18600.000000,33.578388,-117.064173,474.434578,33.578353,-117.064249,460.221708,3.687600,1.314099
18615.000000,33.578386,-117.064173,474.268997,33.578353,-117.064249,460.222302,3.682990,1.313712
18630.000000,33.578384,-117.064172,474.098860,33.578353,-117.064249,460.222896,3.678397,1.313324
18645.000000,33.578382,-117.064172,473.922529,33.578353,-117.064249,460.223490,3.673767,1.312937
18660.000000,33.578379,-117.064171,473.749656,33.578353,-117.064249,460.224084,3.669133,1.312550
18675.000000,33.578377,-117.064171,473.575142,33.578353,-117.064249,460.224678,3.664534,1.312163
18690.000000,33.578375,-117.064170,473.400181,33.578353,-117.064249,460.225272,3.659983,1.311775
18705.000000,33.578373,-117.064170,473.222841,33.578353,-117.064249,460.225866,3.655267,1.311388
18720.000000,33.578371,-117.064169,473.043890,33.578353,-117.064249,460.226460,3.650416,1.311001
18735.000000,33.578369,-117.064168,472.861620,33.578352,-117.064249,460.227054,3.645329,1.310614
18750.000000,33.578366,-117.064168,472.684361,33.578352,-117.064249,460.227648,3.640303,1.310228
18765.000000,33.578364,-117.064167,472.512241,33.578352,-117.064249,460.228242,3.635463,1.309841
18780.000000,33.578362,-117.064167,472.347342,33.578352,-117.064249,460.228836,3.630491,1.309454
18795.000000,33.578360,-117.064166,472.179716,33.578352,-117.064249,460.229430,3.625418,1.309068
18810.000000,33.578358,-117.064166,472.010754,33.578352,-117.064249,460.230024,3.620207,1.308681
18825.000000,33.578355,-117.064165,471.843419,33.578352,-117.064249,460.230618,3.614978,1.308295
18840.000000,33.578353,-117.064165,471.674807,33.578352,-117.064249,460.231212,3.609746,1.307908
18855.000000,33.578351,-117.064164,471.501821,33.578352,-117.064249,460.231806,3.604509,1.307522
18870.000000,33.578348,-117.064163,471.315017,33.578352,-117.064249,460.232400,3.599058,1.307136
18885.000000,33.578346,-117.064163,471.126835,33.578352,-117.064249,460.232994,3.593486,1.306749
18900.000000,33.578346,-117.064163,471.197304,33.578352,-117.064249,460.233588,3.595405,1.306363
18915.000000,33.578346,-117.064163,471.268969,33.578352,-117.064249,460.234182,3.597288,1.305977
18930.000000,33.578346,-117.064163,471.341136,33.578352,-117.064249,460.234776,3.599200,1.305591
18945.000000,33.578345,-117.064163,471.412239,33.578352,-117.064249,460.235370,3.601126,1.305205
18960.000000,33.578345,-117.064163,471.482099,33.578352,-117.064249,460.235964,3.603090,1.304819
18975.000000,33.578345,-117.064163,471.550356,33.578352,-117.064249,460.236558,3.605072,1.304434
18990.000000,33.578345,-117.064163,471.619522,33.578352,-117.064249,460.237152,3.607059,1.304048
19005.000000,33.578345,-117.064163,471.688638,33.578352,-117.064249,460.237746,3.609027,1.303662
19020.000000,33.578344,-117.064163,471.757265,33.578352,-117.064249,460.238340,3.610981,1.303277
19035.000000,33.578344,-117.064163,471.824079,33.578352,-117.064249,460.238934,3.612957,1.302891
19050.000000,33.578344,-117.064163,471.890235,33.578352,-117.064249,460.239528,3.614910,1.302506
19065.000000,33.578344,-117.064163,471.955020,33.578352,-117.064249,460.240122,3.616899,1.302121
19080.000000,33.578344,-117.064163,472.020844,33.578352,-117.064249,460.240716,3.618885,1.301735
19095.000000,33.578343,-117.064163,472.088595,33.578352,-117.064249,460.241310,3.620846,1.301350
19110.000000,33.578343,-117.064163,472.154318,33.578352,-117.064249,460.241904,3.622829,1.300965
19125.000000,33.578343,-117.064163,472.220750,33.578352,-117.064249,460.242498,3.624802,1.300580
19140.000000,33.578343,-117.064163,472.285348,33.578352,-117.064249,460.243092,3.626808,1.300195
19155.000000,33.578343,-117.064163,472.346972,33.578352,-117.064249,460.243686,3.628880,1.299810
19170.000000,33.578342,-117.064163,472.410279,33.578352,-117.064249,460.244280,3.630969,1.299425
19185.000000,33.578342,-117.064163,472.472036,33.578352,-117.064249,460.244874,3.633047,1.299041
19200.000000,33.578342,-117.064163,472.533201,33.578352,-117.064249,460.245468,3.635089,1.298656
19215.000000,33.578342,-117.064163,472.594752,33.578352,-117.064249,460.246062,3.637118,1.298271
19230.000000,33.578342,-117.064163,472.656430,33.578352,-117.064249,460.246656,3.639045,1.297887
19245.000000,33.578341,-117.064163,472.719246,33.578352,-117.064249,460.247250,3.641023,1.297502
19260.000000,33.578341,-117.064163,472.780192,33.578352,-117.064249,460.247844,3.643047,1.297118
19275.000000,33.578341,-117.064163,472.838327,33.578352,-117.064249,460.248438,3.645125,1.296733
19290.000000,33.578341,-117.064163,472.896360,33.578352,-117.064249,460.249032,3.647230,1.296349
19305.000000,33.578341,-117.064163,472.952757,33.578352,-117.064249,460.249626,3.649351,1.295965
19320.000000,33.578340,-117.064163,473.009637,33.578352,-117.064249,460.250220,3.651512,1.295581
19335.000000,33.578340,-117.064163,473.065818,33.578352,-117.064249,460.250814,3.653661,1.295197
19350.000000,33.578340,-117.064164,473.123509,33.578352,-117.064249,460.251408,3.655823,1.294813
19365.000000,33.578340,-117.064164,473.178097,33.578352,-117.064249,460.252002,3.657973,1.294429
19380.000000,33.578340,-117.064164,473.232956,33.578352,-117.064249,460.252596,3.660112,1.294045
19395.000000,33.578339,-117.064164,473.287115,33.578352,-117.064249,460.253190,3.662259,1.293661
19410.000000,33.578339,-117.064164,473.340678,33.578352,-117.064249,460.253784,3.664380,1.293278
19425.000000,33.578339,-117.064164,473.392796,33.578352,-117.064249,460.254378,3.666485,1.292894
19440.000000,33.578339,-117.064164,473.444711,33.578352,-117.064249,460.254972,3.668642,1.292511
19455.000000,33.578339,-117.064164,473.497587,33.578352,-117.064249,460.255566,3.670741,1.292127
19470.000000,33.578338,-117.064164,473.549588,33.578352,-117.064249,460.256160,3.672838,1.291744
19485.000000,33.578338,-117.064164,473.600724,33.578352,-117.064249,460.256754,3.674956,1.291361
19500.000000,33.578338,-117.064164,473.651481,33.578352,-117.064249,460.257348,3.677078,1.290977
19515.000000,33.578338,-117.064164,473.701832,33.578352,-117.064249,460.257942,3.679218,1.290594
19530.000000,33.578338,-117.064164,473.751973,33.578352,-117.064249,460.258536,3.681368,1.290211
19545.000000,33.578337,-117.064164,473.802710,33.578352,-117.064249,460.259130,3.683509,1.289828
19560.000000,33.578337,-117.064164,473.853020,33.578351,-117.064249,460.259724,3.685679,1.289445
19575.000000,33.578337,-117.064164,473.901829,33.578351,-117.064249,460.260318,3.687866,1.289062
19590.000000,33.578337,-117.064164,473.948255,33.578351,-117.064249,460.260912,3.690082,1.288679
19605.000000,33.578337,-117.064164,473.994219,33.578351,-117.064249,460.261506,3.692303,1.288297
19620.000000,33.578336,-117.064164,474.039068,33.578351,-117.064249,460.262099,3.694498,1.287914
19635.000000,33.578336,-117.064164,474.084908,33.578351,-117.064249,460.262693,3.696724,1.287532
19650.000000,33.578336,-117.064164,474.130948,33.578351,-117.064249,460.263287,3.698922,1.287149
19665.000000,33.578336,-117.064164,474.176589,33.578351,-117.064249,460.263881,3.701125,1.286767
19680.000000,33.578336,-117.064164,474.252227,33.578351,-117.064249,460.264475,3.702931,1.286384
19695.000000,33.578335,-117.064164,474.323587,33.578351,-117.064249,460.265069,3.704783,1.286002
19710.000000,33.578335,-117.064164,474.397710,33.578351,-117.064249,460.265663,3.706689,1.285620
19725.000000,33.578335,-117.064164,474.470922,33.578351,-117.064249,460.266257,3.708623,1.285238
19740.000000,33.578335,-117.064164,474.541546,33.578351,-117.064249,460.266851,3.710509,1.284856
19755.000000,33.578335,-117.064164,474.612506,33.578351,-117.064249,460.267445,3.712364,1.284474
19770.000000,33.578334,-117.064164,474.684972,33.578351,-117.064249,460.268039,3.714278,1.284092
19785.000000,33.578334,-117.064164,474.756591,33.578351,-117.064249,460.268633,3.716198,1.283710
19800.000000,33.578334,-117.064164,474.824779,33.578351,-117.064249,460.269227,3.718051,1.283328
19815.000000,33.578334,-117.064164,474.893559,33.578351,-117.064249,460.269821,3.719923,1.282947
19830.000000,33.578334,-117.064164,474.964215,33.578351,-117.064249,460.270415,3.721832,1.282565
19845.000000,33.578334,-117.064164,475.033152,33.578351,-117.064249,460.271009,3.723680,1.282183
19860.000000,33.578333,-117.064164,475.099810,33.578351,-117.064249,460.271603,3.725480,1.281802
19875.000000,33.578333,-117.064164,475.167515,33.578351,-117.064249,460.272197,3.727383,1.281421
19890.000000,33.578333,-117.064164,475.234986,33.578351,-117.064249,460.272791,3.729270,1.281039
19905.000000,33.578333,-117.064164,475.300231,33.578351,-117.064249,460.273385,3.731086,1.280658
19920.000000,33.578333,-117.064164,475.368944,33.578351,-117.064249,460.273979,3.732963,1.280277
19935.000000,33.578332,-117.064164,475.433818,33.578351,-117.064249,460.274573,3.734919,1.279896
19950.000000,33.578332,-117.064164,475.496431,33.578351,-117.064249,460.275167,3.736834,1.279515
19965.000000,33.578332,-117.064164,475.557156,33.578351,-117.064249,460.275761,3.738778,1.279134
19980.000000,33.578332,-117.064164,475.619101,33.578351,-117.064249,460.276355,3.740729,1.278753
19995.000000,33.578332,-117.064164,475.677911,33.578351,-117.064249,460.276949,3.742691,1.278372
20010.000000,33.578332,-117.064164,475.737629,33.578351,-117.064249,460.277543,3.744633,1.277992
20025.000000,33.578331,-117.064163,475.799583,33.578351,-117.064249,460.278137,3.746604,1.277611
20040.000000,33.578331,-117.064163,475.858848,33.578351,-117.064249,460.278731,3.748553,1.277230
20055.000000,33.578331,-117.064163,475.917610,33.578351,-117.064249,460.279325,3.750498,1.276850
20070.000000,33.578331,-117.064163,475.976242,33.578351,-117.064249,460.279919,3.752506,1.276470
20085.000000,33.578331,-117.064163,476.030296,33.578351,-117.064249,460.280513,3.754504,1.276089
20100.000000,33.578331,-117.064163,476.086028,33.578351,-117.064249,460.281107,3.756469,1.275709
20115.000000,33.578330,-117.064163,476.144306,33.578351,-117.064249,460.281701,3.758428,1.275329
20130.000000,33.578330,-117.064163,476.200083,33.578351,-117.064249,460.282295,3.760397,1.274949
20145.000000,33.578330,-117.064163,476.255817,33.578351,-117.064249,460.282889,3.762374,1.274569
20160.000000,33.578330,-117.064163,476.311404,33.578351,-117.064249,460.283483,3.764379,1.274189
20175.000000,33.578330,-117.064163,476.363210,33.578351,-117.064249,460.284077,3.766393,1.273809
20190.000000,33.578330,-117.064163,476.414040,33.578351,-117.064249,460.284671,3.768462,1.273429
20205.000000,33.578329,-117.064163,476.467514,33.578351,-117.064249,460.285265,3.770486,1.273049
20220.000000,33.578329,-117.064163,476.532068,33.578351,-117.064249,460.285859,3.772556,1.272670
20235.000000,33.578329,-117.064163,476.599204,33.578351,-117.064249,460.286453,3.774640,1.272290
20250.000000,33.578329,-117.064164,476.665406,33.578351,-117.064249,460.287047,3.776707,1.271911
20265.000000,33.578329,-117.064164,476.727956,33.578351,-117.064249,460.287641,3.778805,1.271531
20280.000000,33.578329,-117.064164,476.793150,33.578351,-117.064249,460.288235,3.780896,1.271152
20295.000000,33.578329,-117.064164,476.855100,33.578351,-117.064249,460.288829,3.782998,1.270773
20310.000000,33.578329,-117.064164,476.917821,33.578351,-117.064249,460.289423,3.785079,1.270394
20325.000000,33.578328,-117.064164,476.978817,33.578351,-117.064249,460.290017,3.787199,1.270015
20340.000000,33.578328,-117.064164,477.038809,33.578351,-117.064249,460.290611,3.789310,1.269636
20355.000000,33.578328,-117.064164,477.096706,33.578351,-117.064249,460.291205,3.791434,1.269257
20370.000000,33.578328,-117.064165,477.155682,33.578351,-117.064249,460.291799,3.793566,1.268878
20385.000000,33.578328,-117.064165,477.212740,33.578350,-117.064249,460.292393,3.795699,1.268499
20400.000000,33.578328,-117.064165,477.271135,33.578350,-117.064249,460.292987,3.797811,1.268120
20415.000000,33.578328,-117.064165,477.328755,33.578350,-117.064249,460.293581,3.799965,1.267742
20430.000000,33.578328,-117.064165,477.383492,33.578350,-117.064249,460.294175,3.802115,1.267363
20445.000000,33.578328,-117.064165,477.437332,33.578350,-117.064249,460.294769,3.804254,1.266985
20460.000000,33.578327,-117.064166,477.489894,33.578350,-117.064249,460.295363,3.806447,1.266606
20475.000000,33.578327,-117.064166,477.542162,33.578350,-117.064249,460.295957,3.808636,1.266228
20490.000000,33.578327,-117.064166,477.594113,33.578350,-117.064249,460.296551,3.810805,1.265850
20505.000000,33.578327,-117.064166,477.666214,33.578350,-117.064249,460.297145,3.812627,1.265472
20520.000000,33.578327,-117.064166,477.736251,33.578350,-117.064249,460.297739,3.814493,1.265094
20535.000000,33.578327,-117.064166,477.832566,33.578350,-117.064249,460.298333,3.816263,1.264716
20550.000000,33.578326,-117.064167,477.927985,33.578350,-117.064249,460.298927,3.818027,1.264338
20565.000000,33.578326,-117.064167,478.025217,33.578350,-117.064249,460.299521,3.819848,1.263960
20580.000000,33.578326,-117.064167,478.121204,33.578350,-117.064249,460.300115,3.821640,1.263582
20595.000000,33.578326,-117.064167,478.217861,33.578350,-117.064249,460.300709,3.823441,1.263204
20610.000000,33.578325,-117.064168,478.313950,33.578350,-117.064249,460.301303,3.825219,1.262827
20625.000000,33.578325,-117.064168,478.407928,33.578350,-117.064249,460.301897,3.827009,1.262449
20640.000000,33.578325,-117.064168,478.500320,33.578350,-117.064249,460.302491,3.828856,1.262072
20655.000000,33.578325,-117.064169,478.592342,33.578350,-117.064249,460.303085,3.830643,1.261694
20670.000000,33.578324,-117.064169,478.683507,33.578350,-117.064249,460.303679,3.832472,1.261317
20685.000000,33.578324,-117.064169,478.775356,33.578350,-117.064249,460.304273,3.834272,1.260940
20700.000000,33.578324,-117.064169,478.864696,33.578350,-117.064249,460.304867,3.836084,1.260563
20715.000000,33.578324,-117.064170,478.954777,33.578350,-117.064249,460.305461,3.837954,1.260186
20730.000000,33.578323,-117.064170,479.042189,33.578350,-117.064249,460.306055,3.839782,1.259809
20745.000000,33.578323,-117.064170,479.129532,33.578350,-117.064249,460.306649,3.841614,1.259432
20760.000000,33.578323,-117.064170,479.215227,33.578350,-117.064249,460.307243,3.843482,1.259055
20775.000000,33.578322,-117.064171,479.299484,33.578350,-117.064249,460.307837,3.845364,1.258678
20790.000000,33.578322,-117.064171,479.382262,33.578350,-117.064249,460.308431,3.847265,1.258302
20805.000000,33.578322,-117.064171,479.464389,33.578350,-117.064249,460.309025,3.849170,1.257925
20820.000000,33.578322,-117.064171,479.546839,33.578350,-117.064249,460.309619,3.851075,1.257548
20835.000000,33.578321,-117.064172,479.626057,33.578350,-117.064249,460.310213,3.852976,1.257172
20850.000000,33.578321,-117.064172,479.707346,33.578350,-117.064249,460.310807,3.854862,1.256796
20865.000000,33.578321,-117.064172,479.787808,33.578350,-117.064249,460.311401,3.856738,1.256419
20880.000000,33.578321,-117.064172,479.866151,33.578350,-117.064249,460.311995,3.858662,1.256043
20895.000000,33.578320,-117.064172,479.941676,33.578350,-117.064249,460.312589,3.860584,1.255667
20910.000000,33.578320,-117.064173,480.016546,33.578350,-117.064249,460.313183,3.862496,1.255291
20925.000000,33.578320,-117.064173,480.092537,33.578350,-117.064249,460.313776,3.864445,1.254915
20940.000000,33.578320,-117.064173,480.166744,33.578350,-117.064249,460.314370,3.866352,1.254539
20955.000000,33.578320,-117.064173,480.239647,33.578350,-117.064249,460.314964,3.868306,1.254164
20970.000000,33.578319,-117.064174,480.311919,33.578350,-117.064249,460.315558,3.870245,1.253788
20985.000000,33.578319,-117.064174,480.385843,33.578350,-117.064249,460.316152,3.872143,1.253412
21000.000000,33.578319,-117.064174,480.459417,33.578350,-117.064249,460.316746,3.874068,1.253037
21015.000000,33.578319,-117.064174,480.530398,33.578350,-117.064249,460.317340,3.875991,1.252661
21030.000000,33.578318,-117.064175,480.598702,33.578350,-117.064249,460.317934,3.877926,1.252286
21045.000000,33.578318,-117.064175,480.668578,33.578350,-117.064249,460.318528,3.879860,1.251911
21060.000000,33.578318,-117.064175,480.739231,33.578350,-117.064249,460.319122,3.881784,1.251535
21075.000000,33.578318,-117.064175,480.808094,33.578350,-117.064249,460.319716,3.883731,1.251160
21090.000000,33.578317,-117.064176,480.873408,33.578350,-117.064249,460.320310,3.885689,1.250785
21105.000000,33.578317,-117.064176,480.938671,33.578350,-117.064249,460.320904,3.887670,1.250410
21120.000000,33.578317,-117.064176,481.005076,33.578350,-117.064249,460.321498,3.889626,1.250035
21135.000000,33.578317,-117.064176,481.071459,33.578350,-117.064249,460.322092,3.891563,1.249660
21150.000000,33.578316,-117.064177,481.135911,33.578350,-117.064249,460.322686,3.893526,1.249286
21165.000000,33.578316,-117.064177,481.197516,33.578350,-117.064249,460.323280,3.895517,1.248911
21180.000000,33.578316,-117.064177,481.258783,33.578350,-117.064249,460.323874,3.897507,1.248536
21195.000000,33.578316,-117.064177,481.317183,33.578350,-117.064249,460.324468,3.899531,1.248162
21210.000000,33.578315,-117.064177,481.377682,33.578349,-117.064249,460.325062,3.901544,1.247788
21225.000000,33.578315,-117.064178,481.437343,33.578349,-117.064249,460.325656,3.903563,1.247413
21240.000000,33.578315,-117.064178,481.494960,33.578349,-117.064249,460.326250,3.905578,1.247039
21255.000000,33.578315,-117.064178,481.552816,33.578349,-117.064249,460.326844,3.907565,1.246665
21270.000000,33.578315,-117.064178,481.608466,33.578349,-117.064249,460.327438,3.909602,1.246291
21285.000000,33.578314,-117.064179,481.663381,33.578349,-117.064249,460.328032,3.911597,1.245917
21300.000000,33.578314,-117.064179,481.716448,33.578349,-117.064249,460.328626,3.913653,1.245543
21315.000000,33.578314,-117.064179,481.770007,33.578349,-117.064249,460.329220,3.915664,1.245169
21330.000000,33.578314,-117.064179,481.821718,33.578349,-117.064249,460.329814,3.917690,1.244795
21345.000000,33.578313,-117.064180,481.871535,33.578349,-117.064249,460.330408,3.919795,1.244422
21360.000000,33.578313,-117.064180,481.919782,33.578349,-117.064249,460.331002,3.921867,1.244048
21375.000000,33.578313,-117.064180,481.967279,33.578349,-117.064249,460.331596,3.923950,1.243674
21390.000000,33.578313,-117.064180,482.014452,33.578349,-117.064249,460.332190,3.926010,1.243301
21405.000000,33.578312,-117.064180,482.061179,33.578349,-117.064249,460.332784,3.928069,1.242928
21420.000000,33.578312,-117.064181,482.108345,33.578349,-117.064249,460.333378,3.930164,1.242554
21435.000000,33.578312,-117.064181,482.152369,33.578349,-117.064249,460.333972,3.932219,1.242181
21450.000000,33.578312,-117.064181,482.197788,33.578349,-117.064249,460.334566,3.934240,1.241808
21465.000000,33.578312,-117.064181,482.241207,33.578349,-117.064249,460.335160,3.936306,1.241435
21480.000000,33.578311,-117.064182,482.285045,33.578349,-117.064249,460.335754,3.938300,1.241062
21495.000000,33.578311,-117.064182,482.327151,33.578349,-117.064249,460.336348,3.940344,1.240689
21510.000000,33.578311,-117.064182,482.369587,33.578349,-117.064249,460.336942,3.942381,1.240317
21525.000000,33.578311,-117.064182,482.408972,33.578349,-117.064249,460.337536,3.944392,1.239944
21540.000000,33.578310,-117.064183,482.446060,33.578349,-117.064249,460.338130,3.946433,1.239571
21555.000000,33.578310,-117.064183,482.484366,33.578349,-117.064249,460.338724,3.948446,1.239199
21570.000000,33.578310,-117.064183,482.520558,33.578349,-117.064249,460.339318,3.950505,1.238826
21585.000000,33.578310,-117.064183,482.557569,33.578349,-117.064249,460.339912,3.952517,1.238454
21600.000000,33.578310,-117.064184,482.591669,33.578349,-117.064249,460.340506,3.954575,1.238082
21615.000000,33.578309,-117.064184,482.626484,33.578349,-117.064249,460.341100,3.956564,1.237710
21630.000000,33.578309,-117.064184,482.660651,33.578349,-117.064249,460.341694,3.958604,1.237337
21645.000000,33.578309,-117.064184,482.693434,33.578349,-117.064249,460.342288,3.960609,1.236965
21660.000000,33.578309,-117.064184,482.724870,33.578349,-117.064249,460.342882,3.962619,1.236593
21675.000000,33.578308,-117.064185,482.756120,33.578349,-117.064249,460.343476,3.964611,1.236222
21690.000000,33.578308,-117.064185,482.786763,33.578349,-117.064249,460.344070,3.966612,1.235850
21705.000000,33.578308,-117.064185,482.814846,33.578349,-117.064249,460.344664,3.968597,1.235478
21720.000000,33.578308,-117.064185,482.842340,33.578349,-117.064249,460.345258,3.970633,1.235107
21735.000000,33.578308,-117.064186,482.870069,33.578349,-117.064249,460.345852,3.972660,1.234735
21750.000000,33.578307,-117.064186,482.895831,33.578349,-117.064249,460.346446,3.974684,1.234364
21765.000000,33.578307,-117.064186,482.920844,33.578349,-117.064249,460.347040,3.976726,1.233992
21780.000000,33.578307,-117.064186,482.946031,33.578349,-117.064249,460.347634,3.978733,1.233621
21795.000000,33.578307,-117.064187,482.968691,33.578349,-117.064249,460.348228,3.980769,1.233250
21810.000000,33.578307,-117.064187,482.991296,33.578349,-117.064249,460.348822,3.982767,1.232879
21825.000000,33.578306,-117.064187,483.011838,33.578349,-117.064249,460.349416,3.984782,1.232508
21840.000000,33.578306,-117.064187,483.032403,33.578349,-117.064249,460.350010,3.986809,1.232137
21855.000000,33.578306,-117.064187,483.050855,33.578349,-117.064249,460.350604,3.988853,1.231766
21870.000000,33.578306,-117.064188,483.069743,33.578349,-117.064249,460.351198,3.990842,1.231395
21885.000000,33.578306,-117.064188,483.088637,33.578349,-117.064249,460.351792,3.992875,1.231025
21900.000000,33.578305,-117.064188,483.106216,33.578349,-117.064249,460.352386,3.994849,1.230654
21915.000000,33.578305,-117.064188,483.124504,33.578349,-117.064249,460.352980,3.996877,1.230283
21930.000000,33.578305,-117.064189,483.139020,33.578349,-117.064249,460.353574,3.998871,1.229913
21945.000000,33.578305,-117.064189,483.153413,33.578349,-117.064249,460.354168,4.000851,1.229543
21960.000000,33.578304,-117.064189,483.166072,33.578349,-117.064249,460.354762,4.002816,1.229172
21975.000000,33.578304,-117.064189,483.178188,33.578349,-117.064249,460.355356,4.004785,1.228802
21990.000000,33.578304,-117.064190,483.187934,33.578349,-117.064249,460.355950,4.006760,1.228432
22005.000000,33.578304,-117.064190,483.196776,33.578349,-117.064249,460.356544,4.008733,1.228062
22020.000000,33.578304,-117.064190,483.204937,33.578349,-117.064249,460.357138,4.010677,1.227692
22035.000000,33.578303,-117.064190,483.212844,33.578348,-117.064249,460.357732,4.012645,1.227323
22050.000000,33.578303,-117.064191,483.219033,33.578348,-117.064249,460.358326,4.014638,1.226953
22065.000000,33.578303,-117.064191,483.224693,33.578348,-117.064249,460.358920,4.016547,1.226583
22080.000000,33.578303,-117.064191,483.228103,33.578348,-117.064249,460.359514,4.018517,1.226214
22095.000000,33.578303,-117.064191,483.232863,33.578348,-117.064249,460.360108,4.020363,1.225844
22110.000000,33.578302,-117.064192,483.234252,33.578348,-117.064249,460.360702,4.022288,1.225475
22125.000000,33.578302,-117.064192,483.235353,33.578348,-117.064249,460.361296,4.024181,1.225105
22140.000000,33.578302,-117.064192,483.236091,33.578348,-117.064249,460.361890,4.026097,1.224736
22155.000000,33.578302,-117.064192,483.235330,33.578348,-117.064249,460.362484,4.028006,1.224367
22170.000000,33.578302,-117.064193,483.232209,33.578348,-117.064249,460.363078,4.029932,1.223998
22185.000000,33.578301,-117.064193,483.229051,33.578348,-117.064249,460.363672,4.031845,1.223629
22200.000000,33.578301,-117.064193,483.224312,33.578348,-117.064249,460.364266,4.033767,1.223260
22215.000000,33.578301,-117.064194,483.218490,33.578348,-117.064249,460.364860,4.035669,1.222891
22230.000000,33.578301,-117.064194,483.211703,33.578348,-117.064249,460.365453,4.037544,1.222523
22245.000000,33.578300,-117.064194,483.202703,33.578348,-117.064249,460.366047,4.039412,1.222154
22260.000000,33.578300,-117.064194,483.192095,33.578348,-117.064249,460.366641,4.041315,1.221786
22275.000000,33.578300,-117.064195,483.182753,33.578348,-117.064249,460.367235,4.043138,1.221417
22290.000000,33.578300,-117.064195,483.170823,33.578348,-117.064249,460.367829,4.045039,1.221049
22305.000000,33.578300,-117.064195,483.158103,33.578348,-117.064249,460.368423,4.046835,1.220681
22320.000000,33.578299,-117.064195,483.143307,33.578348,-117.064249,460.369017,4.048696,1.220312
22335.000000,33.578299,-117.064196,483.129170,33.578348,-117.064249,460.369611,4.050510,1.219944
22350.000000,33.578299,-117.064196,483.113400,33.578348,-117.064249,460.370205,4.052349,1.219576
22365.000000,33.578299,-117.064196,483.095902,33.578348,-117.064249,460.370799,4.054167,1.219208
22380.000000,33.578299,-117.064197,483.077543,33.578348,-117.064249,460.371393,4.055934,1.218840
22395.000000,33.578298,-117.064197,483.058439,33.578348,-117.064249,460.371987,4.057743,1.218473
22410.000000,33.578298,-117.064197,483.037685,33.578348,-117.064249,460.372581,4.059509,1.218105
22425.000000,33.578298,-117.064197,483.017557,33.578348,-117.064249,460.373175,4.061263,1.217738
22440.000000,33.578298,-117.064198,482.995439,33.578348,-117.064249,460.373769,4.063025,1.217370
22455.000000,33.578298,-117.064198,482.971782,33.578348,-117.064249,460.374363,4.064758,1.217003
22470.000000,33.578297,-117.064198,482.948005,33.578348,-117.064249,460.374957,4.066446,1.216635
22485.000000,33.578297,-117.064199,482.925021,33.578348,-117.064249,460.375551,4.068137,1.216268
22500.000000,33.578297,-117.064199,482.899208,33.578348,-117.064249,460.376145,4.069820,1.215901
22515.000000,33.578297,-117.064199,482.871942,33.578348,-117.064249,460.376739,4.071536,1.215534
22530.000000,33.578297,-117.064199,482.844462,33.578348,-117.064249,460.377333,4.073227,1.215167
22545.000000,33.578296,-117.064200,482.813941,33.578348,-117.064249,460.377927,4.074933,1.214800
22560.000000,33.578296,-117.064200,482.782433,33.578348,-117.064249,460.378521,4.076611,1.214433
22575.000000,33.578296,-117.064200,482.748963,33.578348,-117.064249,460.379115,4.078264,1.214067
22590.000000,33.578296,-117.064201,482.715591,33.578348,-117.064249,460.379709,4.079934,1.213700
22605.000000,33.578296,-117.064201,482.680420,33.578348,-117.064249,460.380303,4.081608,1.213334
22620.000000,33.578296,-117.064201,482.644108,33.578348,-117.064249,460.380897,4.083227,1.212967
22635.000000,33.578295,-117.064202,482.606297,33.578348,-117.064249,460.381491,4.084843,1.212601
22650.000000,33.578295,-117.064202,482.568158,33.578348,-117.064249,460.382085,4.086476,1.212235
22665.000000,33.578295,-117.064202,482.529475,33.578348,-117.064249,460.382679,4.088046,1.211868
22680.000000,33.578295,-117.064202,482.489183,33.578348,-117.064249,460.383273,4.089628,1.211502
22695.000000,33.578295,-117.064203,482.446506,33.578348,-117.064249,460.383867,4.091148,1.211136
22710.000000,33.578294,-117.064203,482.402746,33.578348,-117.064249,460.384461,4.092743,1.210770
22725.000000,33.578294,-117.064203,482.358552,33.578348,-117.064249,460.385055,4.094312,1.210405
22740.000000,33.578294,-117.064204,482.311604,33.578348,-117.064249,460.385649,4.095892,1.210039
22755.000000,33.578294,-117.064204,482.265083,33.578348,-117.064249,460.386243,4.097423,1.209673
22770.000000,33.578293,-117.064204,482.216644,33.578348,-117.064249,460.386837,4.098941,1.209308
22785.000000,33.578293,-117.064205,482.167575,33.578348,-117.064249,460.387431,4.100476,1.208942
22800.000000,33.578293,-117.064205,482.117710,33.578348,-117.064249,460.388025,4.101989,1.208577
22815.000000,33.578293,-117.064205,482.065683,33.578348,-117.064249,460.388619,4.103542,1.208212
22830.000000,33.578293,-117.064206,482.013469,33.578348,-117.064249,460.389213,4.105052,1.207847
22845.000000,33.578293,-117.064206,481.960031,33.578348,-117.064249,460.389807,4.106532,1.207482
22860.000000,33.578292,-117.064206,481.903299,33.578347,-117.064249,460.390401,4.108011,1.207117
22875.000000,33.578292,-117.064207,481.894710,33.578347,-117.064249,460.390995,4.109124,1.206752
22890.000000,33.578292,-117.064207,481.884558,33.578347,-117.064249,460.391589,4.110244,1.206387
22905.000000,33.578292,-117.064207,481.874961,33.578347,-117.064249,460.392183,4.111371,1.206022
22920.000000,33.578292,-117.064208,481.864707,33.578347,-117.064249,460.392777,4.112495,1.205657
22935.000000,33.578292,-117.064208,481.854496,33.578347,-117.064249,460.393371,4.113550,1.205293
22950.000000,33.578292,-117.064209,481.841656,33.578347,-117.064249,460.393965,4.114636,1.204928
22965.000000,33.578292,-117.064209,481.828742,33.578347,-117.064249,460.394559,4.115742,1.204564
22980.000000,33.578292,-117.064209,481.812687,33.578347,-117.064249,460.395153,4.116816,1.204200
22995.000000,33.578292,-117.064210,481.793535,33.578347,-117.064249,460.395747,4.117910,1.203836
23010.000000,33.578292,-117.064210,481.772160,33.578347,-117.064249,460.396341,4.119020,1.203472
23025.000000,33.578292,-117.064211,481.752285,33.578347,-117.064249,460.396935,4.120143,1.203108
23040.000000,33.578292,-117.064211,481.729318,33.578347,-117.064249,460.397529,4.121272,1.202744
23055.000000,33.578292,-117.064211,481.708937,33.578347,-117.064249,460.398123,4.122328,1.202380
23070.000000,33.578292,-117.064212,481.685344,33.578347,-117.064249,460.398717,4.123397,1.202016
23085.000000,33.578292,-117.064212,481.661067,33.578347,-117.064249,460.399311,4.124445,1.201652
23100.000000,33.578292,-117.064212,481.638488,33.578347,-117.064249,460.399905,4.125425,1.201289
23115.000000,33.578292,-117.064213,481.610621,33.578347,-117.064249,460.400499,4.126493,1.200925
23130.000000,33.578292,-117.064213,481.582187,33.578347,-117.064249,460.401093,4.127566,1.200562
23145.000000,33.578292,-117.064214,481.553939,33.578347,-117.064249,460.401687,4.128509,1.200199
23160.000000,33.578292,-117.064214,481.523744,33.578347,-117.064249,460.402281,4.129490,1.199836
23175.000000,33.578292,-117.064214,481.492709,33.578347,-117.064249,460.402875,4.130424,1.199473
23190.000000,33.578292,-117.064215,481.461173,33.578347,-117.064249,460.403469,4.131277,1.199110
23205.000000,33.578292,-117.064215,481.426964,33.578347,-117.064249,460.404063,4.132218,1.198747
23220.000000,33.578292,-117.064216,481.388284,33.578347,-117.064249,460.404657,4.133154,1.198384
23235.000000,33.578292,-117.064216,481.351617,33.578347,-117.064249,460.405251,4.134017,1.198021
23250.000000,33.578292,-117.064217,481.388082,33.578347,-117.064249,460.405845,4.134842,1.197658
23265.000000,33.578292,-117.064217,481.421523,33.578347,-117.064249,460.406439,4.135649,1.197296
23280.000000,33.578292,-117.064218,481.453709,33.578347,-117.064249,460.407033,4.136423,1.196934
23295.000000,33.578291,-117.064218,481.485385,33.578347,-117.064249,460.407627,4.137219,1.196571
23310.000000,33.578291,-117.064219,481.516868,33.578347,-117.064249,460.408221,4.138019,1.196209
23325.000000,33.578291,-117.064219,481.547408,33.578347,-117.064249,460.408815,4.138819,1.195847
23340.000000,33.578291,-117.064220,481.577245,33.578347,-117.064249,460.409409,4.139621,1.195485
23355.000000,33.578291,-117.064221,481.602650,33.578347,-117.064249,460.410003,4.140378,1.195123
23370.000000,33.578290,-117.064221,481.629637,33.578347,-117.064249,460.410597,4.141174,1.194761
23385.000000,33.578290,-117.064222,481.652625,33.578347,-117.064249,460.411191,4.141975,1.194399
23400.000000,33.578290,-117.064222,481.672486,33.578347,-117.064249,460.411785,4.142777,1.194037
23415.000000,33.578290,-117.064223,481.690698,33.578347,-117.064249,460.412379,4.143573,1.193676
23430.000000,33.578289,-117.064223,481.709092,33.578347,-117.064249,460.412973,4.144380,1.193314
23445.000000,33.578289,-117.064224,481.728158,33.578347,-117.064249,460.413567,4.145167,1.192953
23460.000000,33.578289,-117.064224,481.744343,33.578347,-117.064249,460.414161,4.145932,1.192591
23475.000000,33.578289,-117.064225,481.758697,33.578347,-117.064249,460.414755,4.146727,1.192230
23490.000000,33.578289,-117.064226,481.772201,33.578347,-117.064249,460.415349,4.147521,1.191869
23505.000000,33.578288,-117.064226,481.786026,33.578347,-117.064249,460.415943,4.148384,1.191508
23520.000000,33.578288,-117.064227,481.797790,33.578347,-117.064249,460.416537,4.149223,1.191147
23535.000000,33.578288,-117.064227,481.807696,33.578347,-117.064249,460.417131,4.150110,1.190786
23550.000000,33.578288,-117.064228,481.812935,33.578347,-117.064249,460.417724,4.150921,1.190425
23565.000000,33.578288,-117.064228,481.815749,33.578347,-117.064249,460.418318,4.151696,1.190065
23580.000000,33.578287,-117.064229,481.818894,33.578347,-117.064249,460.418912,4.152470,1.189704
23595.000000,33.578287,-117.064229,481.818433,33.578347,-117.064249,460.419506,4.153213,1.189344
23610.000000,33.578287,-117.064230,481.819201,33.578347,-117.064249,460.420100,4.153981,1.188983
23625.000000,33.578287,-117.064230,481.818629,33.578347,-117.064249,460.420694,4.154756,1.188623
23640.000000,33.578286,-117.064231,481.816901,33.578347,-117.064249,460.421288,4.155547,1.188263
23655.000000,33.578286,-117.064231,481.813455,33.578347,-117.064249,460.421882,4.156335,1.187903
23670.000000,33.578286,-117.064232,481.806425,33.578347,-117.064249,460.422476,4.157067,1.187543
23685.000000,33.578286,-117.064233,481.799076,33.578346,-117.064249,460.423070,4.157842,1.187183
23700.000000,33.578286,-117.064233,481.790224,33.578346,-117.064249,460.423664,4.158586,1.186823
23715.000000,33.578285,-117.064234,481.780003,33.578346,-117.064249,460.424258,4.159338,1.186463
23730.000000,33.578285,-117.064234,481.768712,33.578346,-117.064249,460.424852,4.160067,1.186103
23745.000000,33.578285,-117.064235,481.755488,33.578346,-117.064249,460.425446,4.160770,1.185744
23760.000000,33.578285,-117.064235,481.741273,33.578346,-117.064249,460.426040,4.161423,1.185384
23775.000000,33.578285,-117.064236,481.724490,33.578346,-117.064249,460.426634,4.162113,1.185025
23790.000000,33.578284,-117.064236,481.706176,33.578346,-117.064249,460.427228,4.162737,1.184666
23805.000000,33.578284,-117.064237,481.686866,33.578346,-117.064249,460.427822,4.163408,1.184307
23820.000000,33.578284,-117.064237,481.666777,33.578346,-117.064249,460.428416,4.164041,1.183948
23835.000000,33.578284,-117.064238,481.641278,33.578346,-117.064249,460.429010,4.164645,1.183589
23850.000000,33.578284,-117.064239,481.615734,33.578346,-117.064249,460.429604,4.165208,1.183230
23865.000000,33.578283,-117.064239,481.587994,33.578346,-117.064249,460.430198,4.165787,1.182871
23880.000000,33.578283,-117.064240,481.561831,33.578346,-117.064249,460.430792,4.166360,1.182512
23895.000000,33.578283,-117.064240,481.535104,33.578346,-117.064249,460.431386,4.166997,1.182154
23910.000000,33.578283,-117.064241,481.504445,33.578346,-117.064249,460.431980,4.167546,1.181795
23925.000000,33.578283,-117.064241,481.471599,33.578346,-117.064249,460.432574,4.168104,1.181437
23940.000000,33.578282,-117.064242,481.438630,33.578346,-117.064249,460.433168,4.168680,1.181079
23955.000000,33.578282,-117.064242,481.407263,33.578346,-117.064249,460.433762,4.169239,1.180720
23970.000000,33.578282,-117.064243,481.374691,33.578346,-117.064249,460.434356,4.169804,1.180362
23985.000000,33.578282,-117.064243,481.336957,33.578346,-117.064249,460.434950,4.170301,1.180004
24000.000000,33.578282,-117.064244,481.294933,33.578346,-117.064249,460.435544,4.170794,1.179646
24015.000000,33.578281,-117.064244,481.253749,33.578346,-117.064249,460.436138,4.171258,1.179288
24030.000000,33.578281,-117.064245,481.214154,33.578346,-117.064249,460.436732,4.171750,1.178931
24045.000000,33.578281,-117.064246,481.168175,33.578346,-117.064249,460.437326,4.172224,1.178573
24060.000000,33.578281,-117.064246,481.121933,33.578346,-117.064249,460.437920,4.172673,1.178216
24075.000000,33.578281,-117.064247,481.075812,33.578346,-117.064249,460.438514,4.173159,1.177858
24090.000000,33.578280,-117.064247,481.029026,33.578346,-117.064249,460.439108,4.173646,1.177501
24105.000000,33.578280,-117.064248,480.978205,33.578346,-117.064249,460.439702,4.174068,1.177144
24120.000000,33.578280,-117.064248,480.925162,33.578346,-117.064249,460.440296,4.174458,1.176786
24135.000000,33.578280,-117.064249,480.874467,33.578346,-117.064249,460.440890,4.174942,1.176429
24150.000000,33.578280,-117.064249,480.820231,33.578346,-117.064249,460.441484,4.175338,1.176072
24165.000000,33.578279,-117.064250,480.763591,33.578346,-117.064249,460.442078,4.175724,1.175716
24180.000000,33.578279,-117.064250,480.706341,33.578346,-117.064249,460.442672,4.176086,1.175359
24195.000000,33.578279,-117.064251,480.643713,33.578346,-117.064249,460.443266,4.176450,1.175002
24210.000000,33.578279,-117.064252,480.581646,33.578346,-117.064249,460.443860,4.176754,1.174646
24225.000000,33.578279,-117.064252,480.520486,33.578346,-117.064249,460.444454,4.177092,1.174289
24240.000000,33.578279,-117.064253,480.457963,33.578346,-117.064249,460.445048,4.177434,1.173933
24255.000000,33.578278,-117.064253,480.392878,33.578346,-117.064249,460.445642,4.177695,1.173577
24270.000000,33.578278,-117.064254,480.381654,33.578346,-117.064249,460.446236,4.177667,1.173220
24285.000000,33.578278,-117.064254,480.370937,33.578346,-117.064249,460.446830,4.177603,1.172864
24300.000000,33.578277,-117.064255,480.352975,33.578346,-117.064249,460.447424,4.177481,1.172508
24315.000000,33.578277,-117.064255,480.337393,33.578346,-117.064249,460.448018,4.177358,1.172152
24330.000000,33.578276,-117.064256,480.320048,33.578346,-117.064249,460.448612,4.177212,1.171797
24345.000000,33.578276,-117.064256,480.300889,33.578346,-117.064249,460.449206,4.177047,1.171441
24360.000000,33.578276,-117.064257,480.284401,33.578346,-117.064249,460.449800,4.176983,1.171085
24375.000000,33.578275,-117.064257,480.261862,33.578346,-117.064249,460.450394,4.176791,1.170730
24390.000000,33.578275,-117.064258,480.238908,33.578346,-117.064249,460.450988,4.176578,1.170375
24405.000000,33.578274,-117.064258,480.217500,33.578346,-117.064249,460.451582,4.176434,1.170019
24420.000000,33.578274,-117.064259,480.189831,33.578346,-117.064249,460.452176,4.176223,1.169664
24435.000000,33.578274,-117.064259,480.160141,33.578346,-117.064249,460.452770,4.175992,1.169309
24450.000000,33.578273,-117.064260,480.131512,33.578346,-117.064249,460.453364,4.175754,1.168954
24465.000000,33.578273,-117.064260,480.105077,33.578346,-117.064249,460.453958,4.175523,1.168599
24480.000000,33.578272,-117.064261,480.073498,33.578346,-117.064249,460.454552,4.175233,1.168244
24495.000000,33.578272,-117.064261,480.042078,33.578346,-117.064249,460.455146,4.174922,1.167890
24510.000000,33.578272,-117.064262,480.008922,33.578345,-117.064249,460.455740,4.174639,1.167535
24525.000000,33.578271,-117.064262,479.977120,33.578345,-117.064249,460.456334,4.174374,1.167181
24540.000000,33.578271,-117.064262,479.994613,33.578345,-117.064249,460.456928,4.174126,1.166826
24555.000000,33.578271,-117.064263,480.005692,33.578345,-117.064249,460.457522,4.173801,1.166472
24570.000000,33.578271,-117.064263,480.018748,33.578345,-117.064249,460.458116,4.173461,1.166118
24585.000000,33.578270,-117.064263,480.038016,33.578345,-117.064249,460.458710,4.173385,1.165764
24600.000000,33.578270,-117.064264,480.054443,33.578345,-117.064249,460.459304,4.173301,1.165410
24615.000000,33.578270,-117.064264,480.067799,33.578345,-117.064249,460.459898,4.173092,1.165056
24630.000000,33.578270,-117.064264,480.076386,33.578345,-117.064249,460.460492,4.172737,1.164702
24645.000000,33.578270,-117.064265,480.076632,33.578345,-117.064249,460.461086,4.172249,1.164348
24660.000000,33.578269,-117.064265,480.087322,33.578345,-117.064249,460.461680,4.172129,1.163995
24675.000000,33.578269,-117.064265,480.097265,33.578345,-117.064249,460.462274,4.172018,1.163641
24690.000000,33.578269,-117.064266,480.101041,33.578345,-117.064249,460.462868,4.171651,1.163288
24705.000000,33.578269,-117.064266,480.108796,33.578345,-117.064249,460.463462,4.171513,1.162934
24720.000000,33.578269,-117.064266,480.113360,33.578345,-117.064249,460.464056,4.171299,1.162581
24735.000000,33.578268,-117.064267,480.108359,33.578345,-117.064249,460.464650,4.170854,1.162228
24750.000000,33.578268,-117.064267,480.109418,33.578345,-117.064249,460.465244,4.170642,1.161875
24765.000000,33.578268,-117.064267,480.109262,33.578345,-117.064249,460.465838,4.170350,1.161522
24780.000000,33.578268,-117.064268,480.109365,33.578345,-117.064249,460.466432,4.170086,1.161169
24795.000000,33.578268,-117.064268,480.107246,33.578345,-117.064249,460.467026,4.169916,1.160817
24810.000000,33.578267,-117.064268,480.099914,33.578345,-117.064249,460.467620,4.169560,1.160464
24825.000000,33.578267,-117.064269,480.093193,33.578345,-117.064249,460.468214,4.169175,1.160112
24840.000000,33.578267,-117.064269,480.091278,33.578345,-117.064249,460.468808,4.168947,1.159759
24855.000000,33.578267,-117.064269,480.080374,33.578345,-117.064249,460.469402,4.168571,1.159407
24870.000000,33.578267,-117.064270,480.070527,33.578345,-117.064249,460.469995,4.168125,1.159055
24885.000000,33.578266,-117.064270,480.066453,33.578345,-117.064249,460.470589,4.167996,1.158703
24900.000000,33.578266,-117.064270,480.057974,33.578345,-117.064249,460.471183,4.167652,1.158351
24915.000000,33.578266,-117.064270,480.044048,33.578345,-117.064249,460.471777,4.167282,1.157999
24930.000000,33.578266,-117.064271,480.029685,33.578345,-117.064249,460.472371,4.166856,1.157647
24945.000000,33.578266,-117.064271,480.017084,33.578345,-117.064249,460.472965,4.166553,1.157296
24960.000000,33.578265,-117.064271,479.999272,33.578345,-117.064249,460.473559,4.166063,1.156944
24975.000000,33.578265,-117.064272,479.975855,33.578345,-117.064249,460.474153,4.165382,1.156592
24990.000000,33.578265,-117.064272,479.958760,33.578345,-117.064249,460.474747,4.164986,1.156241
25005.000000,33.578265,-117.064272,479.940983,33.578345,-117.064249,460.475341,4.164502,1.155890
25020.000000,33.578264,-117.064272,479.913092,33.578345,-117.064249,460.475935,4.163832,1.155539
25035.000000,33.578264,-117.064273,479.891507,33.578345,-117.064249,460.476529,4.163435,1.155188
25050.000000,33.578264,-117.064273,479.869135,33.578345,-117.064249,460.477123,4.162988,1.154837
25065.000000,33.578264,-117.064273,479.844140,33.578345,-117.064249,460.477717,4.162544,1.154486
25080.000000,33.578264,-117.064273,479.824799,33.578345,-117.064249,460.478311,4.162319,1.154135
25095.000000,33.578263,-117.064274,479.791764,33.578345,-117.064249,460.478905,4.161638,1.153784
25110.000000,33.578263,-117.064274,479.764777,33.578345,-117.064249,460.479499,4.161137,1.153434
25125.000000,33.578263,-117.064274,479.738537,33.578345,-117.064249,460.480093,4.160693,1.153083
25140.000000,33.578263,-117.064274,479.704388,33.578345,-117.064249,460.480687,4.159923,1.152733
25155.000000,33.578263,-117.064275,479.673684,33.578345,-117.064249,460.481281,4.159262,1.152383
25170.000000,33.578262,-117.064275,479.638530,33.578345,-117.064249,460.481875,4.158579,1.152033
25185.000000,33.578262,-117.064275,479.602021,33.578345,-117.064249,460.482469,4.157952,1.151683
25200.000000,33.578262,-117.064276,479.565446,33.578345,-117.064249,460.483063,4.157086,1.151333
25215.000000,33.578262,-117.064276,479.520737,33.578345,-117.064249,460.483657,4.156102,1.150983
25230.000000,33.578262,-117.064276,479.481893,33.578345,-117.064249,460.484251,4.155463,1.150633
25245.000000,33.578261,-117.064276,479.438466,33.578345,-117.064249,460.484845,4.154807,1.150284
25260.000000,33.578261,-117.064277,479.386360,33.578345,-117.064249,460.485439,4.153882,1.149934
25275.000000,33.578261,-117.064277,479.345898,33.578345,-117.064249,460.486033,4.153293,1.149585
25290.000000,33.578261,-117.064277,479.304734,33.578345,-117.064249,460.486627,4.152695,1.149235
25305.000000,33.578261,-117.064277,479.251949,33.578345,-117.064249,460.487221,4.151824,1.148886
25320.000000,33.578260,-117.064278,479.204945,33.578345,-117.064249,460.487815,4.151155,1.148537
25335.000000,33.578260,-117.064278,479.156049,33.578344,-117.064249,460.488409,4.150310,1.148188
25350.000000,33.578260,-117.064278,479.105696,33.578344,-117.064249,460.489003,4.149461,1.147839
25365.000000,33.578260,-117.064278,479.050954,33.578344,-117.064249,460.489597,4.148662,1.147491
25380.000000,33.578260,-117.064279,478.994966,33.578344,-117.064249,460.490191,4.147644,1.147142
25395.000000,33.578259,-117.064279,478.938568,33.578344,-117.064249,460.490785,4.146682,1.146793
25410.000000,33.578259,-117.064279,478.882115,33.578344,-117.064249,460.491379,4.145789,1.146445
25425.000000,33.578259,-117.064279,478.828282,33.578344,-117.064249,460.491973,4.144955,1.146096
25440.000000,33.578259,-117.064280,478.766303,33.578344,-117.064249,460.492567,4.143863,1.145748
25455.000000,33.578258,-117.064280,478.705324,33.578344,-117.064249,460.493161,4.142844,1.145400
25470.000000,33.578258,-117.064280,478.644822,33.578344,-117.064249,460.493755,4.141968,1.145052
25485.000000,33.578258,-117.064280,478.585417,33.578344,-117.064249,460.494349,4.141040,1.144704
25500.000000,33.578258,-117.064281,478.519988,33.578344,-117.064249,460.494943,4.139876,1.144356
25515.000000,33.578258,-117.064281,478.454253,33.578344,-117.064249,460.495537,4.138859,1.144009
25530.000000,33.578257,-117.064281,478.388504,33.578344,-117.064249,460.496131,4.137848,1.143661
25545.000000,33.578257,-117.064281,478.326393,33.578344,-117.064249,460.496725,4.136956,1.143313
25560.000000,33.578257,-117.064281,478.257103,33.578344,-117.064249,460.497319,4.135928,1.142966
25575.000000,33.578257,-117.064282,478.188221,33.578344,-117.064249,460.497913,4.134928,1.142619
25590.000000,33.578257,-117.064282,478.120706,33.578344,-117.064249,460.498507,4.133876,1.142272
25605.000000,33.578256,-117.064282,478.048979,33.578344,-117.064249,460.499101,4.132687,1.141924
25620.000000,33.578256,-117.064282,477.977091,33.578344,-117.064249,460.499695,4.131719,1.141577
25635.000000,33.578256,-117.064283,477.904718,33.578344,-117.064249,460.500289,4.130631,1.141231
25650.000000,33.578256,-117.064283,477.827769,33.578344,-117.064249,460.500883,4.129219,1.140884
25665.000000,33.578256,-117.064283,477.751013,33.578344,-117.064249,460.501477,4.127960,1.140537
25680.000000,33.578255,-117.064283,477.674138,33.578344,-117.064249,460.502071,4.126845,1.140191
25695.000000,33.578255,-117.064283,477.597861,33.578344,-117.064249,460.502665,4.125823,1.139844
25710.000000,33.578255,-117.064284,477.519235,33.578344,-117.064249,460.503259,4.124783,1.139498
25725.000000,33.578255,-117.064284,477.435442,33.578344,-117.064249,460.503853,4.123775,1.139152
25740.000000,33.578254,-117.064284,477.355246,33.578344,-117.064249,460.504447,4.122613,1.138805
25755.000000,33.578254,-117.064284,477.269957,33.578344,-117.064249,460.505041,4.121292,1.138459
25770.000000,33.578254,-117.064284,477.187080,33.578344,-117.064249,460.505635,4.119815,1.138114
25785.000000,33.578254,-117.064285,477.104245,33.578344,-117.064249,460.506229,4.118306,1.137768
25800.000000,33.578254,-117.064285,477.018235,33.578344,-117.064249,460.506823,4.116876,1.137422
25815.000000,33.578253,-117.064285,476.935393,33.578344,-117.064249,460.507417,4.115548,1.137076
25830.000000,33.578253,-117.064285,476.848012,33.578344,-117.064249,460.508011,4.113954,1.136731
25845.000000,33.578253,-117.064285,476.759561,33.578344,-117.064249,460.508605,4.112484,1.136386
25860.000000,33.578253,-117.064286,476.666980,33.578344,-117.064249,460.509199,4.111078,1.136040
25875.000000,33.578252,-117.064286,476.577543,33.578344,-117.064249,460.509793,4.109690,1.135695
25890.000000,33.578252,-117.064286,476.481430,33.578344,-117.064249,460.510387,4.107974,1.135350
25905.000000,33.578252,-117.064286,476.384089,33.578344,-117.064249,460.510981,4.106340,1.135005
25920.000000,33.578252,-117.064286,476.288422,33.578344,-117.064249,460.511575,4.104874,1.134660
25935.000000,33.578252,-117.064287,476.190529,33.578344,-117.064249,460.512169,4.103225,1.134316
25950.000000,33.578251,-117.064287,476.091850,33.578344,-117.064249,460.512763,4.101558,1.133971
25965.000000,33.578251,-117.064287,475.992012,33.578344,-117.064249,460.513357,4.099952,1.133626
25980.000000,33.578251,-117.064287,475.886278,33.578344,-117.064249,460.513951,4.098244,1.133282
25995.000000,33.578251,-117.064287,475.783613,33.578344,-117.064249,460.514545,4.096637,1.132938
26010.000000,33.578250,-117.064288,475.681894,33.578344,-117.064249,460.515139,4.095022,1.132594
26025.000000,33.578250,-117.064288,475.579406,33.578344,-117.064249,460.515733,4.093363,1.132249
26040.000000,33.578250,-117.064288,475.473785,33.578344,-117.064249,460.516327,4.091698,1.131906
26055.000000,33.578250,-117.064288,475.363146,33.578344,-117.064249,460.516921,4.089870,1.131562
26070.000000,33.578249,-117.064288,475.252435,33.578344,-117.064249,460.517515,4.088184,1.131218
26085.000000,33.578249,-117.064289,475.137912,33.578344,-117.064249,460.518109,4.086057,1.130874
26100.000000,33.578249,-117.064289,475.026908,33.578344,-117.064249,460.518703,4.084225,1.130531
26115.000000,33.578249,-117.064289,474.912073,33.578344,-117.064249,460.519297,4.082047,1.130187
26130.000000,33.578249,-117.064289,474.800208,33.578344,-117.064249,460.519891,4.080240,1.129844
26145.000000,33.578248,-117.064289,474.683525,33.578344,-117.064249,460.520485,4.078069,1.129501
26160.000000,33.578248,-117.064290,474.569157,33.578343,-117.064249,460.521079,4.076243,1.129158
26175.000000,33.578248,-117.064290,474.451514,33.578343,-117.064249,460.521673,4.074178,1.128815
26190.000000,33.578248,-117.064290,474.335245,33.578343,-117.064249,460.522267,4.072329,1.128472
26205.000000,33.578247,-117.064290,474.216509,33.578343,-117.064249,460.522861,4.070255,1.128129
26220.000000,33.578247,-117.064290,474.096236,33.578343,-117.064249,460.523454,4.068324,1.127786
26235.000000,33.578247,-117.064290,473.975589,33.578343,-117.064249,460.524048,4.066260,1.127444
26250.000000,33.578247,-117.064291,473.855005,33.578343,-117.064249,460.524642,4.064128,1.127101
26265.000000,33.578246,-117.064291,473.731425,33.578343,-117.064249,460.525236,4.061853,1.126759
26280.000000,33.578246,-117.064291,473.611276,33.578343,-117.064249,460.525830,4.059527,1.126417
26295.000000,33.578247,-117.064292,473.647973,33.578343,-117.064249,460.526424,4.052807,1.126075
26310.000000,33.578248,-117.064292,473.676070,33.578343,-117.064249,460.527018,4.045977,1.125733
26325.000000,33.578249,-117.064293,473.708123,33.578343,-117.064249,460.527612,4.039398,1.125391
26340.000000,33.578250,-117.064294,473.739338,33.578343,-117.064249,460.528206,4.032945,1.125049
26355.000000,33.578252,-117.064294,473.766304,33.578343,-117.064249,460.528800,4.026216,1.124708
26370.000000,33.578253,-117.064295,473.787318,33.578343,-117.064249,460.529394,4.019693,1.124366
26385.000000,33.578254,-117.064295,473.809989,33.578343,-117.064249,460.529988,4.013339,1.124025
26400.000000,33.578255,-117.064296,473.824363,33.578343,-117.064249,460.530582,4.007005,1.123683
26415.000000,33.578256,-117.064297,473.835082,33.578343,-117.064249,460.531176,4.000731,1.123342
26430.000000,33.578257,-117.064297,473.853267,33.578343,-117.064249,460.531770,3.994470,1.123001
26445.000000,33.578258,-117.064298,473.862385,33.578343,-117.064249,460.532364,3.988302,1.122660
26460.000000,33.578259,-117.064298,473.869365,33.578343,-117.064249,460.532958,3.982012,1.122319
26475.000000,33.578259,-117.064299,473.877005,33.578343,-117.064249,460.533552,3.975690,1.121978
26490.000000,33.578260,-117.064300,473.880258,33.578343,-117.064249,460.534146,3.969469,1.121638
26505.000000,33.578261,-117.064300,473.882575,33.578343,-117.064249,460.534740,3.963402,1.121297
26520.000000,33.578262,-117.064301,473.875732,33.578343,-117.064249,460.535334,3.957326,1.120957
26535.000000,33.578263,-117.064301,473.874514,33.578343,-117.064249,460.535928,3.951313,1.120616
26550.000000,33.578264,-117.064302,473.873558,33.578343,-117.064249,460.536522,3.944931,1.120276
26565.000000,33.578265,-117.064303,473.867531,33.578343,-117.064249,460.537116,3.938805,1.119936
26580.000000,33.578266,-117.064303,473.857041,33.578343,-117.064249,460.537710,3.932648,1.119596
26595.000000,33.578267,-117.064304,473.849491,33.578343,-117.064249,460.538304,3.926831,1.119256
26610.000000,33.578267,-117.064304,473.843764,33.578343,-117.064249,460.538898,3.921062,1.118917
26625.000000,33.578268,-117.064305,473.838719,33.578343,-117.064249,460.539492,3.915369,1.118577
26640.000000,33.578269,-117.064305,473.832249,33.578343,-117.064249,460.540086,3.909704,1.118237
26655.000000,33.578270,-117.064306,473.822663,33.578343,-117.064249,460.540680,3.903939,1.117898
26670.000000,33.578271,-117.064306,473.809330,33.578343,-117.064249,460.541274,3.898383,1.117559
26685.000000,33.578271,-117.064307,473.793922,33.578343,-117.064249,460.541868,3.892800,1.117219
26700.000000,33.578272,-117.064307,473.769419,33.578343,-117.064249,460.542462,3.886935,1.116880
26715.000000,33.578273,-117.064308,473.750662,33.578343,-117.064249,460.543056,3.881370,1.116541
26730.000000,33.578274,-117.064308,473.731007,33.578343,-117.064249,460.543650,3.875865,1.116203
26745.000000,33.578274,-117.064309,473.709261,33.578343,-117.064249,460.544244,3.870522,1.115864
26760.000000,33.578275,-117.064309,473.687406,33.578343,-117.064249,460.544838,3.864931,1.115525
26775.000000,33.578276,-117.064310,473.661948,33.578343,-117.064249,460.545432,3.859570,1.115187
26790.000000,33.578276,-117.064310,473.635495,33.578343,-117.064249,460.546026,3.854115,1.114848
26805.000000,33.578277,-117.064311,473.616694,33.578343,-117.064249,460.546620,3.849084,1.114510
26820.000000,33.578278,-117.064311,473.589270,33.578343,-117.064249,460.547214,3.843819,1.114172
26835.000000,33.578278,-117.064311,473.560986,33.578343,-117.064249,460.547808,3.838472,1.113834
26850.000000,33.578279,-117.064312,473.525268,33.578343,-117.064249,460.548402,3.833236,1.113496
26865.000000,33.578280,-117.064312,473.489825,33.578343,-117.064249,460.548996,3.828140,1.113158
26880.000000,33.578280,-117.064313,473.452376,33.578343,-117.064249,460.549590,3.823166,1.112820
26895.000000,33.578281,-117.064313,473.409399,33.578343,-117.064249,460.550184,3.817940,1.112483
26910.000000,33.578281,-117.064314,473.370586,33.578343,-117.064249,460.550778,3.812974,1.112145
26925.000000,33.578282,-117.064314,473.328345,33.578343,-117.064249,460.551372,3.807914,1.111808
26940.000000,33.578282,-117.064315,473.280450,33.578343,-117.064249,460.551966,3.802954,1.111471
26955.000000,33.578283,-117.064315,473.229331,33.578343,-117.064248,460.552560,3.797903,1.111134
26970.000000,33.578283,-117.064315,473.174807,33.578343,-117.064248,460.553154,3.792748,1.110797
26985.000000,33.578284,-117.064316,473.121589,33.578342,-117.064248,460.553748,3.787990,1.110460
27000.000000,33.578284,-117.064316,473.065373,33.578342,-117.064248,460.554342,3.782981,1.110123
27015.000000,33.578285,-117.064317,473.008994,33.578342,-117.064248,460.554936,3.778317,1.109786
27030.000000,33.578285,-117.064317,472.949060,33.578342,-117.064248,460.555530,3.773240,1.109450
27045.000000,33.578286,-117.064317,472.891251,33.578342,-117.064248,460.556124,3.768370,1.109113
27060.000000,33.578286,-117.064318,472.834074,33.578342,-117.064248,460.556718,3.763349,1.108777
27075.000000,33.578287,-117.064318,472.771401,33.578342,-117.064248,460.557312,3.758561,1.108441
27090.000000,33.578287,-117.064318,472.708496,33.578342,-117.064248,460.557906,3.753724,1.108105
27105.000000,33.578287,-117.064319,472.645734,33.578342,-117.064248,460.558500,3.749132,1.107769
27120.000000,33.578288,-117.064319,472.578091,33.578342,-117.064248,460.559094,3.744289,1.107433
27135.000000,33.578288,-117.064320,472.505963,33.578342,-117.064248,460.559688,3.739599,1.107097
27150.000000,33.578288,-117.064320,472.439831,33.578342,-117.064248,460.560282,3.735124,1.106762
27165.000000,33.578289,-117.064320,472.368352,33.578342,-117.064248,460.560876,3.730698,1.106426
27180.000000,33.578289,-117.064321,472.294465,33.578342,-117.064248,460.561470,3.725978,1.106091
27195.000000,33.578289,-117.064321,472.221196,33.578342,-117.064248,460.562064,3.721581,1.105755
27210.000000,33.578290,-117.064321,472.145294,33.578342,-117.064248,460.562658,3.716984,1.105420
27225.000000,33.578290,-117.064322,472.064498,33.578342,-117.064248,460.563252,3.712556,1.105085
27240.000000,33.578290,-117.064322,471.980231,33.578342,-117.064248,460.563846,3.708350,1.104750
27255.000000,33.578290,-117.064322,471.898856,33.578342,-117.064248,460.564440,3.704145,1.104416
27270.000000,33.578291,-117.064323,471.818480,33.578342,-117.064248,460.565034,3.699833,1.104081
27285.000000,33.578291,-117.064323,471.731648,33.578342,-117.064248,460.565628,3.695523,1.103746
27300.000000,33.578291,-117.064323,471.644100,33.578342,-117.064248,460.566222,3.690913,1.103412
27315.000000,33.578291,-117.064324,471.548753,33.578342,-117.064248,460.566816,3.686564,1.103078
27330.000000,33.578292,-117.064324,471.459946,33.578342,-117.064248,460.567410,3.682176,1.102743
27345.000000,33.578292,-117.064324,471.366829,33.578342,-117.064248,460.568004,3.677938,1.102409
27360.000000,33.578292,-117.064325,471.277870,33.578342,-117.064248,460.568598,3.673665,1.102075
27375.000000,33.578292,-117.064325,471.185577,33.578342,-117.064248,460.569192,3.669484,1.101741
27390.000000,33.578292,-117.064325,471.086407,33.578342,-117.064248,460.569786,3.665121,1.101408
27405.000000,33.578292,-117.064326,470.992110,33.578342,-117.064248,460.570380,3.660977,1.101074
27420.000000,33.578293,-117.064326,470.892127,33.578342,-117.064248,460.570974,3.656556,1.100741
27435.000000,33.578293,-117.064326,470.787341,33.578342,-117.064248,460.571568,3.652342,1.100407
27450.000000,33.578293,-117.064326,470.690427,33.578342,-117.064248,460.572162,3.648098,1.100074
27465.000000,33.578293,-117.064327,470.586852,33.578342,-117.064248,460.572756,3.644050,1.099741
27480.000000,33.578293,-117.064327,470.483950,33.578342,-117.064248,460.573350,3.639968,1.099408
27495.000000,33.578293,-117.064327,470.379947,33.578342,-117.064248,460.573944,3.635891,1.099075
27510.000000,33.578293,-117.064328,470.271509,33.578342,-117.064248,460.574538,3.631726,1.098742
27525.000000,33.578293,-117.064328,470.163981,33.578342,-117.064248,460.575132,3.627629,1.098409
27540.000000,33.578293,-117.064328,470.055825,33.578342,-117.064248,460.575726,3.623419,1.098077
27555.000000,33.578293,-117.064329,469.939666,33.578342,-117.064248,460.576319,3.619249,1.097744
27570.000000,33.578293,-117.064329,469.825522,33.578342,-117.064248,460.576913,3.615025,1.097412
27585.000000,33.578293,-117.064329,469.708842,33.578342,-117.064248,460.577507,3.610825,1.097080
27600.000000,33.578293,-117.064329,469.590476,33.578342,-117.064248,460.578101,3.606716,1.096748
27615.000000,33.578293,-117.064330,469.472684,33.578342,-117.064248,460.578695,3.602475,1.096416
27630.000000,33.578293,-117.064330,469.353943,33.578342,-117.064248,460.579289,3.598522,1.096084
27645.000000,33.578293,-117.064330,469.233811,33.578342,-117.064248,460.579883,3.594426,1.095752
27660.000000,33.578293,-117.064330,469.106925,33.578342,-117.064248,460.580477,3.590378,1.095421
27675.000000,33.578293,-117.064331,468.984218,33.578342,-117.064248,460.581071,3.586171,1.095089
27690.000000,33.578293,-117.064331,468.859678,33.578342,-117.064248,460.581665,3.582150,1.094758
27705.000000,33.578293,-117.064331,468.727772,33.578342,-117.064248,460.582259,3.577867,1.094427
27720.000000,33.578293,-117.064331,468.595074,33.578342,-117.064248,460.582853,3.573553,1.094096
27735.000000,33.578293,-117.064332,468.464148,33.578342,-117.064248,460.583447,3.569337,1.093765
27750.000000,33.578293,-117.064332,468.335041,33.578342,-117.064248,460.584041,3.565219,1.093434
27765.000000,33.578293,-117.064332,468.201262,33.578342,-117.064248,460.584635,3.561089,1.093103
27780.000000,33.578293,-117.064333,468.063296,33.578342,-117.064248,460.585229,3.556874,1.092772
27795.000000,33.578292,-117.064333,467.927254,33.578342,-117.064248,460.585823,3.552855,1.092442
27810.000000,33.578292,-117.064333,467.782042,33.578341,-117.064248,460.586417,3.548652,1.092111
27825.000000,33.578292,-117.064333,467.645282,33.578341,-117.064248,460.587011,3.544524,1.091781
27840.000000,33.578292,-117.064334,467.499615,33.578341,-117.064248,460.587605,3.540280,1.091451
27855.000000,33.578292,-117.064334,467.352196,33.578341,-117.064248,460.588199,3.535954,1.091121
27870.000000,33.578292,-117.064334,467.210319,33.578341,-117.064248,460.588793,3.531763,1.090791
27885.000000,33.578291,-117.064334,467.069713,33.578341,-117.064248,460.589387,3.527461,1.090461
27900.000000,33.578291,-117.064335,466.921307,33.578341,-117.064248,460.589981,3.523014,1.090132
27915.000000,33.578291,-117.064335,466.780390,33.578341,-117.064248,460.590575,3.518814,1.089802
27930.000000,33.578291,-117.064335,466.641812,33.578341,-117.064248,460.591169,3.514897,1.089473
27945.000000,33.578291,-117.064335,466.496216,33.578341,-117.064248,460.591763,3.510847,1.089144
27960.000000,33.578290,-117.064335,466.348258,33.578341,-117.064248,460.592357,3.506799,1.088814
27975.000000,33.578290,-117.064336,466.195962,33.578341,-117.064248,460.592951,3.502642,1.088485
27990.000000,33.578290,-117.064336,466.044223,33.578341,-117.064248,460.593545,3.498445,1.088156
28005.000000,33.578290,-117.064336,465.888251,33.578341,-117.064248,460.594139,3.494187,1.087828
28020.000000,33.578289,-117.064336,465.729093,33.578341,-117.064248,460.594733,3.489897,1.087499
28035.000000,33.578289,-117.064337,465.568001,33.578341,-117.064248,460.595327,3.485613,1.087170
28050.000000,33.578289,-117.064337,465.414803,33.578341,-117.064248,460.595921,3.481491,1.086842
28065.000000,33.578288,-117.064337,465.257004,33.578341,-117.064248,460.596515,3.477141,1.086514
28080.000000,33.578288,-117.064337,465.100781,33.578341,-117.064248,460.597109,3.472813,1.086186
28095.000000,33.578288,-117.064337,464.943487,33.578341,-117.064248,460.597703,3.468587,1.085857
28110.000000,33.578287,-117.064338,464.785888,33.578341,-117.064248,460.598297,3.464487,1.085530
28125.000000,33.578287,-117.064338,464.623020,33.578341,-117.064248,460.598891,3.460164,1.085202
28140.000000,33.578287,-117.064338,464.462209,33.578341,-117.064248,460.599485,3.455823,1.084874
28155.000000,33.578286,-117.064338,464.302353,33.578341,-117.064248,460.600079,3.451524,1.084547
28170.000000,33.578286,-117.064339,464.137530,33.578341,-117.064248,460.600673,3.447198,1.084219
28185.000000,33.578286,-117.064339,463.969851,33.578341,-117.064248,460.601267,3.442879,1.083892
28200.000000,33.578285,-117.064339,463.796134,33.578341,-117.064248,460.601861,3.438409,1.083565
28215.000000,33.578285,-117.064339,463.618720,33.578341,-117.064248,460.602455,3.434030,1.083238
28230.000000,33.578285,-117.064339,463.449868,33.578341,-117.064248,460.603049,3.430033,1.082911
28245.000000,33.578284,-117.064340,463.277130,33.578341,-117.064248,460.603643,3.425832,1.082584
28260.000000,33.578284,-117.064340,463.104406,33.578341,-117.064248,460.604237,3.421488,1.082257
28275.000000,33.578283,-117.064340,462.929676,33.578341,-117.064248,460.604831,3.417190,1.081931
28290.000000,33.578283,-117.064340,462.761629,33.578341,-117.064248,460.605425,3.412828,1.081604
28305.000000,33.578282,-117.064340,462.582269,33.578341,-117.064248,460.606019,3.408246,1.081278
28320.000000,33.578282,-117.064340,462.403506,33.578341,-117.064248,460.606613,3.403776,1.080952
28335.000000,33.578281,-117.064341,462.218707,33.578341,-117.064248,460.607207,3.399188,1.080626
28350.000000,33.578281,-117.064341,462.039198,33.578341,-117.064248,460.607801,3.394725,1.080300
28365.000000,33.578281,-117.064341,461.859251,33.578341,-117.064248,460.608395,3.389872,1.079974
28380.000000,33.578280,-117.064341,461.677338,33.578341,-117.064248,460.608989,3.385238,1.079648
28395.000000,33.578280,-117.064341,461.495655,33.578341,-117.064248,460.609583,3.380625,1.079323
28410.000000,33.578279,-117.064342,461.308995,33.578341,-117.064248,460.610177,3.375723,1.078997
28425.000000,33.578279,-117.064342,461.120169,33.578341,-117.064248,460.610771,3.370688,1.078672
28440.000000,33.578278,-117.064342,460.932074,33.578341,-117.064248,460.611365,3.365690,1.078347
28455.000000,33.578277,-117.064342,460.747391,33.578341,-117.064248,460.611959,3.360682,1.078022
28470.000000,33.578277,-117.064342,460.559560,33.578341,-117.064248,460.612553,3.355685,1.077697
28485.000000,33.578276,-117.064342,460.369858,33.578341,-117.064248,460.613147,3.350913,1.077372
28500.000000,33.578276,-117.064343,460.188287,33.578341,-117.064248,460.613741,3.346207,1.077047
28515.000000,33.578275,-117.064343,460.001321,33.578341,-117.064248,460.614335,3.341440,1.076723
28530.000000,33.578275,-117.064343,459.811873,33.578341,-117.064248,460.614929,3.336775,1.076398
28545.000000,33.578274,-117.064343,459.613511,33.578341,-117.064248,460.615523,3.331819,1.076074
28560.000000,33.578274,-117.064343,459.417415,33.578341,-117.064248,460.616117,3.326854,1.075750
28575.000000,33.578273,-117.064343,459.226639,33.578341,-117.064248,460.616711,3.321728,1.075426
28590.000000,33.578272,-117.064343,459.030653,33.578341,-117.064248,460.617305,3.316901,1.075102
28605.000000,33.578272,-117.064344,458.837897,33.578341,-117.064248,460.617899,3.312033,1.074778
28620.000000,33.578271,-117.064344,458.642741,33.578341,-117.064248,460.618493,3.307188,1.074454
28635.000000,33.578271,-117.064344,458.445549,33.578340,-117.064248,460.619087,3.302302,1.074131
28650.000000,33.578270,-117.064344,458.310027,33.578340,-117.064248,460.619681,3.298660,1.073807
28665.000000,33.578269,-117.064344,458.165383,33.578340,-117.064248,460.620275,3.294913,1.073484
28680.000000,33.578269,-117.064345,458.022150,33.578340,-117.064248,460.620869,3.291145,1.073161
28695.000000,33.578268,-117.064345,457.880549,33.578340,-117.064248,460.621463,3.287439,1.072838
28710.000000,33.578268,-117.064345,457.734640,33.578340,-117.064248,460.622057,3.283808,1.072515
28725.000000,33.578267,-117.064345,457.589800,33.578340,-117.064248,460.622651,3.280204,1.072192
28740.000000,33.578266,-117.064346,457.447794,33.578340,-117.064248,460.623245,3.276632,1.071870
28755.000000,33.578266,-117.064346,457.308346,33.578340,-117.064248,460.623839,3.272978,1.071547
28770.000000,33.578265,-117.064346,457.152188,33.578340,-117.064248,460.624433,3.269093,1.071225
28785.000000,33.578265,-117.064346,457.002684,33.578340,-117.064248,460.625027,3.265208,1.070903
28800.000000,33.578264,-117.064346,456.857918,33.578340,-117.064248,460.625621,3.261459,1.070580
28815.000000,33.578263,-117.064347,456.710905,33.578340,-117.064248,460.626215,3.257738,1.070258
28830.000000,33.578263,-117.064347,456.558294,33.578340,-117.064248,460.626809,3.253998,1.069937
28845.000000,33.578262,-117.064347,456.395062,33.578340,-117.064248,460.627403,3.249858,1.069615
28860.000000,33.578262,-117.064347,456.239520,33.578340,-117.064248,460.627997,3.245792,1.069293
28875.000000,33.578261,-117.064347,456.087380,33.578340,-117.064248,460.628591,3.241765,1.068972
28890.000000,33.578260,-117.064348,455.929144,33.578340,-117.064248,460.629184,3.237728,1.068650
28905.000000,33.578260,-117.064348,455.769940,33.578340,-117.064248,460.629778,3.233539,1.068329
28920.000000,33.578259,-117.064348,455.601182,33.578340,-117.064248,460.630372,3.229347,1.068008
28935.000000,33.578258,-117.064348,455.428084,33.578340,-117.064248,460.630966,3.225069,1.067687
28950.000000,33.578258,-117.064348,455.267930,33.578340,-117.064248,460.631560,3.220979,1.067366
28965.000000,33.578257,-117.064349,455.105871,33.578340,-117.064248,460.632154,3.216805,1.067046
28980.000000,33.578256,-117.064349,454.941555,33.578340,-117.064248,460.632748,3.212682,1.066725
28995.000000,33.578256,-117.064349,454.779798,33.578340,-117.064248,460.633342,3.208527,1.066405
29010.000000,33.578255,-117.064349,454.618972,33.578340,-117.064248,460.633936,3.204398,1.066084
29025.000000,33.578254,-117.064349,454.464151,33.578340,-117.064248,460.634530,3.200356,1.065764
29040.000000,33.578254,-117.064349,454.299717,33.578340,-117.064248,460.635124,3.196384,1.065444
29055.000000,33.578253,-117.064350,454.132395,33.578340,-117.064248,460.635718,3.192239,1.065124
29070.000000,33.578252,-117.064350,453.967902,33.578340,-117.064248,460.636312,3.187895,1.064804
29085.000000,33.578251,-117.064350,453.797126,33.578340,-117.064248,460.636906,3.183535,1.064485
29100.000000,33.578251,-117.064350,453.625934,33.578340,-117.064248,460.637500,3.179091,1.064165
29115.000000,33.578250,-117.064350,453.459049,33.578340,-117.064248,460.638094,3.175050,1.063846
29130.000000,33.578249,-117.064351,453.295096,33.578340,-117.064248,460.638688,3.170929,1.063527
29145.000000,33.578249,-117.064351,453.131595,33.578340,-117.064248,460.639282,3.166947,1.063207
29160.000000,33.578248,-117.064351,452.961702,33.578340,-117.064248,460.639876,3.162652,1.062888
29175.000000,33.578247,-117.064351,452.790852,33.578340,-117.064248,460.640470,3.158200,1.062570
29190.000000,33.578247,-117.064351,452.607305,33.578340,-117.064248,460.641064,3.153559,1.062251
29205.000000,33.578246,-117.064351,452.427967,33.578340,-117.064248,460.641658,3.148887,1.061932
29220.000000,33.578245,-117.064351,452.253237,33.578340,-117.064248,460.642252,3.144504,1.061614
29235.000000,33.578244,-117.064352,452.075830,33.578340,-117.064248,460.642846,3.140113,1.061295
29250.000000,33.578244,-117.064352,451.889046,33.578340,-117.064248,460.643440,3.135512,1.060977
29265.000000,33.578243,-117.064352,451.707867,33.578340,-117.064248,460.644034,3.131011,1.060659
29280.000000,33.578242,-117.064352,451.526603,33.578340,-117.064248,460.644628,3.126414,1.060341
29295.000000,33.578241,-117.064352,451.341130,33.578340,-117.064248,460.645222,3.121672,1.060023
29310.000000,33.578241,-117.064352,451.158354,33.578340,-117.064248,460.645816,3.117060,1.059706
29325.000000,33.578240,-117.064352,450.979297,33.578340,-117.064248,460.646410,3.112355,1.059388
29340.000000,33.578239,-117.064352,450.797390,33.578340,-117.064248,460.647004,3.107710,1.059071
29355.000000,33.578238,-117.064353,450.613658,33.578340,-117.064248,460.647598,3.103170,1.058754
29370.000000,33.578238,-117.064353,450.421461,33.578340,-117.064248,460.648192,3.098528,1.058436
29385.000000,33.578237,-117.064353,450.232594,33.578340,-117.064248,460.648786,3.093800,1.058119
29400.000000,33.578236,-117.064353,450.049727,33.578340,-117.064248,460.649380,3.089090,1.057803
29415.000000,33.578235,-117.064353,449.859638,33.578340,-117.064248,460.649974,3.084094,1.057486
29430.000000,33.578235,-117.064353,449.662230,33.578340,-117.064248,460.650568,3.079013,1.057169
29445.000000,33.578234,-117.064353,449.473755,33.578340,-117.064248,460.651162,3.074294,1.056853
29460.000000,33.578233,-117.064353,449.288760,33.578339,-117.064248,460.651756,3.069773,1.056536
29475.000000,33.578232,-117.064353,449.096539,33.578339,-117.064248,460.652350,3.065027,1.056220
29490.000000,33.578232,-117.064354,448.906987,33.578339,-117.064248,460.652944,3.060197,1.055904
29505.000000,33.578231,-117.064354,448.718837,33.578339,-117.064248,460.653538,3.055448,1.055588
29520.000000,33.578230,-117.064354,448.525216,33.578339,-117.064248,460.654132,3.050331,1.055272
29535.000000,33.578229,-117.064354,448.334329,33.578339,-117.064248,460.654726,3.045492,1.054957
29550.000000,33.578229,-117.064354,448.143288,33.578339,-117.064248,460.655320,3.040532,1.054641
29565.000000,33.578228,-117.064354,447.939057,33.578339,-117.064248,460.655914,3.035606,1.054326
29580.000000,33.578227,-117.064354,447.747841,33.578339,-117.064248,460.656508,3.030526,1.054011
29595.000000,33.578226,-117.064354,447.561099,33.578339,-117.064248,460.657102,3.025523,1.053695
29610.000000,33.578226,-117.064355,447.356094,33.578339,-117.064248,460.657696,3.020302,1.053380
29625.000000,33.578225,-117.064355,447.154691,33.578339,-117.064248,460.658290,3.015180,1.053066
29640.000000,33.578224,-117.064355,446.951021,33.578339,-117.064248,460.658884,3.010155,1.052751
29655.000000,33.578224,-117.064355,446.754595,33.578339,-117.064248,460.659478,3.005424,1.052436
29670.000000,33.578223,-117.064355,446.557534,33.578339,-117.064248,460.660072,3.000452,1.052122
29685.000000,33.578222,-117.064355,446.368912,33.578339,-117.064248,460.660666,2.995369,1.051808
29700.000000,33.578221,-117.064355,446.164999,33.578339,-117.064248,460.661260,2.989865,1.051493
29715.000000,33.578220,-117.064355,445.963463,33.578339,-117.064248,460.661854,2.984644,1.051179
29730.000000,33.578220,-117.064355,445.763647,33.578339,-117.064248,460.662448,2.979440,1.050865
29745.000000,33.578219,-117.064355,445.568446,33.578339,-117.064248,460.663042,2.974359,1.050552
29760.000000,33.578218,-117.064355,445.368024,33.578339,-117.064248,460.663636,2.969061,1.050238
29775.000000,33.578217,-117.064356,445.170258,33.578339,-117.064248,460.664230,2.963803,1.049925
29790.000000,33.578217,-117.064356,444.973326,33.578339,-117.064248,460.664824,2.958402,1.049611
29805.000000,33.578216,-117.064356,444.786016,33.578339,-117.064248,460.665418,2.953084,1.049298
29820.000000,33.578215,-117.064356,444.574206,33.578339,-117.064248,460.666012,2.947743,1.048985
29835.000000,33.578214,-117.064356,444.369531,33.578339,-117.064248,460.666606,2.942495,1.048672
29850.000000,33.578214,-117.064356,444.173767,33.578339,-117.064248,460.667200,2.937476,1.048359
29865.000000,33.578213,-117.064356,443.963464,33.578339,-117.064248,460.667794,2.932008,1.048046
29880.000000,33.578212,-117.064356,443.754189,33.578339,-117.064248,460.668388,2.926373,1.047734
29895.000000,33.578211,-117.064356,443.546881,33.578339,-117.064248,460.668982,2.920771,1.047422
29910.000000,33.578211,-117.064356,443.350967,33.578339,-117.064248,460.669576,2.915551,1.047109
29925.000000,33.578210,-117.064356,443.151541,33.578339,-117.064248,460.670170,2.910267,1.046797
29940.000000,33.578209,-117.064356,442.938834,33.578339,-117.064248,460.670764,2.904748,1.046485
29955.000000,33.578208,-117.064356,442.733296,33.578339,-117.064248,460.671358,2.898784,1.046173
29970.000000,33.578208,-117.064357,442.538294,33.578339,-117.064248,460.671952,2.893068,1.045862
29985.000000,33.578207,-117.064357,442.332185,33.578339,-117.064248,460.672546,2.887310,1.045550
30000.000000,33.578206,-117.064357,442.128568,33.578339,-117.064248,460.673140,2.881889,1.045239
30015.000000,33.578205,-117.064357,441.934159,33.578339,-117.064248,460.673734,2.876464,1.044927
30030.000000,33.578205,-117.064357,441.729259,33.578339,-117.064248,460.674328,2.870512,1.044616
30045.000000,33.578204,-117.064357,441.521422,33.578339,-117.064248,460.674922,2.864469,1.044305
30060.000000,33.578203,-117.064357,441.319346,33.578339,-117.064248,460.675516,2.858544,1.043994
30075.000000,33.578202,-117.064357,441.126018,33.578339,-117.064248,460.676110,2.852979,1.043684
30090.000000,33.578202,-117.064357,440.926437,33.578339,-117.064248,460.676704,2.847434,1.043373
30105.000000,33.578201,-117.064357,440.733271,33.578339,-117.064248,460.677298,2.841965,1.043063
30120.000000,33.578200,-117.064357,440.519594,33.578339,-117.064248,460.677892,2.836012,1.042752
30135.000000,33.578200,-117.064357,440.512671,33.578339,-117.064248,460.678486,2.836714,1.042442
30150.000000,33.578200,-117.064358,440.505178,33.578339,-117.064248,460.679080,2.837384,1.042132
30165.000000,33.578200,-117.064358,440.494206,33.578339,-117.064248,460.679674,2.838054,1.041822
30180.000000,33.578201,-117.064358,440.483853,33.578339,-117.064248,460.680268,2.838747,1.041512
30195.000000,33.578201,-117.064358,440.474874,33.578339,-117.064248,460.680862,2.839489,1.041203
30210.000000,33.578201,-117.064359,440.466476,33.578339,-117.064248,460.681456,2.840189,1.040893
30225.000000,33.578201,-117.064359,440.454052,33.578339,-117.064248,460.682050,2.840807,1.040584
30240.000000,33.578201,-117.064359,440.443012,33.578339,-117.064248,460.682644,2.841496,1.040275
30255.000000,33.578201,-117.064359,440.432227,33.578339,-117.064248,460.683237,2.842216,1.039966
30270.000000,33.578201,-117.064359,440.420977,33.578339,-117.064248,460.683831,2.842906,1.039657
30285.000000,33.578201,-117.064360,440.407582,33.578338,-117.064248,460.684425,2.843534,1.039348
30300.000000,33.578201,-117.064360,440.395901,33.578338,-117.064248,460.685019,2.844208,1.039039
30315.000000,33.578201,-117.064360,440.384855,33.578338,-117.064248,460.685613,2.844897,1.038731
30330.000000,33.578201,-117.064360,440.372033,33.578338,-117.064248,460.686207,2.845559,1.038423
30345.000000,33.578202,-117.064360,440.357930,33.578338,-117.064248,460.686801,2.846204,1.038114
30360.000000,33.578202,-117.064361,440.344327,33.578338,-117.064248,460.687395,2.846913,1.037806
30375.000000,33.578202,-117.064361,440.332815,33.578338,-117.064248,460.687989,2.847561,1.037498
30390.000000,33.578202,-117.064361,440.318318,33.578338,-117.064248,460.688583,2.848175,1.037191
30405.000000,33.578202,-117.064361,440.302968,33.578338,-117.064248,460.689177,2.848882,1.036883
30420.000000,33.578202,-117.064362,440.289485,33.578338,-117.064248,460.689771,2.849595,1.036575
30435.000000,33.578202,-117.064362,440.276050,33.578338,-117.064248,460.690365,2.850253,1.036268
30450.000000,33.578202,-117.064362,440.258588,33.578338,-117.064248,460.690959,2.850837,1.035961
30465.000000,33.578202,-117.064362,440.242097,33.578338,-117.064248,460.691553,2.851518,1.035654
30480.000000,33.578202,-117.064362,440.226614,33.578338,-117.064248,460.692147,2.852232,1.035347
30495.000000,33.578203,-117.064363,440.210171,33.578338,-117.064248,460.692741,2.852894,1.035040
30510.000000,33.578203,-117.064363,440.193140,33.578338,-117.064248,460.693335,2.853500,1.034733
30525.000000,33.578203,-117.064363,440.174867,33.578338,-117.064248,460.693929,2.854236,1.034427
30540.000000,33.578203,-117.064363,440.155502,33.578338,-117.064248,460.694523,2.854964,1.034121
30555.000000,33.578203,-117.064364,440.136518,33.578338,-117.064248,460.695117,2.855622,1.033814
30570.000000,33.578203,-117.064364,440.117284,33.578338,-117.064248,460.695711,2.856329,1.033508
30585.000000,33.578203,-117.064364,440.096505,33.578338,-117.064248,460.696305,2.856987,1.033202
30600.000000,33.578203,-117.064364,440.076379,33.578338,-117.064248,460.696899,2.857602,1.032897
30615.000000,33.578203,-117.064364,440.056814,33.578338,-117.064248,460.697493,2.858282,1.032591
30630.000000,33.578203,-117.064365,440.037812,33.578338,-117.064248,460.698087,2.858966,1.032285
30645.000000,33.578204,-117.064365,440.016534,33.578338,-117.064248,460.698681,2.859579,1.031980
30660.000000,33.578204,-117.064365,439.993623,33.578338,-117.064248,460.699275,2.860212,1.031675
30675.000000,33.578204,-117.064365,439.972357,33.578338,-117.064248,460.699869,2.860868,1.031370
30690.000000,33.578204,-117.064365,439.949533,33.578338,-117.064248,460.700463,2.861542,1.031065
30705.000000,33.578204,-117.064366,439.927034,33.578338,-117.064248,460.701057,2.862184,1.030760
30720.000000,33.578204,-117.064366,439.902969,33.578338,-117.064248,460.701651,2.862791,1.030455
30735.000000,33.578204,-117.064366,439.879672,33.578338,-117.064248,460.702245,2.863417,1.030151
30750.000000,33.578204,-117.064366,439.856000,33.578338,-117.064248,460.702839,2.864072,1.029847
30765.000000,33.578204,-117.064366,439.819076,33.578338,-117.064248,460.703433,2.864989,1.029542
30780.000000,33.578205,-117.064367,439.780852,33.578338,-117.064248,460.704027,2.865918,1.029238
30795.000000,33.578205,-117.064367,439.742189,33.578338,-117.064248,460.704621,2.866814,1.028934
30810.000000,33.578205,-117.064367,439.702524,33.578338,-117.064248,460.705215,2.867712,1.028631
30825.000000,33.578205,-117.064367,439.662561,33.578338,-117.064248,460.705809,2.868666,1.028327
30840.000000,33.578205,-117.064367,439.622419,33.578338,-117.064248,460.706403,2.869575,1.028024
30855.000000,33.578205,-117.064367,439.581340,33.578338,-117.064248,460.706997,2.870467,1.027720
30870.000000,33.578205,-117.064367,439.540187,33.578338,-117.064248,460.707591,2.871368,1.027417
30885.000000,33.578205,-117.064368,439.498246,33.578338,-117.064248,460.708185,2.872280,1.027114
30900.000000,33.578205,-117.064368,439.454739,33.578338,-117.064248,460.708779,2.873181,1.026811
30915.000000,33.578206,-117.064368,439.409106,33.578338,-117.064248,460.709373,2.874050,1.026508
30930.000000,33.578206,-117.064368,439.365460,33.578338,-117.064248,460.709967,2.874899,1.026206
30945.000000,33.578206,-117.064368,439.321795,33.578338,-117.064248,460.710561,2.875746,1.025903
30960.000000,33.578206,-117.064368,439.276889,33.578338,-117.064248,460.711155,2.876595,1.025601
30975.000000,33.578206,-117.064369,439.228975,33.578338,-117.064248,460.711749,2.877442,1.025299
30990.000000,33.578206,-117.064369,439.179231,33.578338,-117.064248,460.712343,2.878287,1.024997
31005.000000,33.578206,-117.064369,439.129917,33.578338,-117.064248,460.712937,2.879142,1.024695
31020.000000,33.578206,-117.064369,439.081658,33.578338,-117.064248,460.713531,2.879960,1.024393
31035.000000,33.578207,-117.064369,439.032667,33.578338,-117.064248,460.714125,2.880764,1.024092
31050.000000,33.578207,-117.064369,438.984703,33.578338,-117.064248,460.714719,2.881590,1.023790
31065.000000,33.578207,-117.064369,438.934669,33.578338,-117.064248,460.715313,2.882420,1.023489
31080.000000,33.578207,-117.064370,438.884111,33.578338,-117.064248,460.715907,2.883239,1.023188
31095.000000,33.578207,-117.064370,438.834143,33.578338,-117.064248,460.716501,2.884063,1.022887
31110.000000,33.578207,-117.064370,438.782479,33.578337,-117.064248,460.717095,2.884912,1.022586
31125.000000,33.578207,-117.064370,438.728361,33.578337,-117.064248,460.717689,2.885717,1.022285
31140.000000,33.578207,-117.064370,438.728641,33.578337,-117.064248,460.718283,2.886736,1.021985
31155.000000,33.578208,-117.064371,438.727057,33.578337,-117.064248,460.718877,2.887737,1.021684
31170.000000,33.578208,-117.064371,438.728007,33.578337,-117.064248,460.719471,2.888732,1.021384
31185.000000,33.578208,-117.064371,438.727103,33.578337,-117.064248,460.720065,2.889712,1.021084
31200.000000,33.578208,-117.064372,438.726872,33.578337,-117.064248,460.720659,2.890674,1.020784
31215.000000,33.578208,-117.064372,438.725872,33.578337,-117.064248,460.721253,2.891683,1.020484
31230.000000,33.578208,-117.064372,438.724246,33.578337,-117.064248,460.721847,2.892678,1.020185
31245.000000,33.578208,-117.064373,438.722439,33.578337,-117.064248,460.722441,2.893652,1.019885
31260.000000,33.578208,-117.064373,438.720760,33.578337,-117.064248,460.723035,2.894649,1.019586
31275.000000,33.578208,-117.064373,438.718685,33.578337,-117.064248,460.723629,2.895660,1.019287
31290.000000,33.578208,-117.064374,438.715891,33.578337,-117.064248,460.724223,2.896673,1.018988
31305.000000,33.578208,-117.064374,438.712617,33.578337,-117.064248,460.724817,2.897677,1.018689
31320.000000,33.578208,-117.064374,438.707324,33.578337,-117.064248,460.725411,2.898700,1.018390
31335.000000,33.578208,-117.064375,438.701059,33.578337,-117.064248,460.726005,2.899691,1.018091
31350.000000,33.578208,-117.064375,438.695343,33.578337,-117.064248,460.726599,2.900682,1.017793
31365.000000,33.578208,-117.064375,438.690820,33.578337,-117.064248,460.727193,2.901667,1.017495
31380.000000,33.578208,-117.064376,438.685000,33.578337,-117.064248,460.727787,2.902653,1.017196
31395.000000,33.578208,-117.064376,438.679697,33.578337,-117.064248,460.728381,2.903627,1.016898
31410.000000,33.578208,-117.064376,438.674281,33.578337,-117.064248,460.728975,2.904586,1.016601
31425.000000,33.578208,-117.064377,438.670289,33.578337,-117.064248,460.729569,2.905521,1.016303
31440.000000,33.578208,-117.064377,438.665088,33.578337,-117.064248,460.730163,2.906503,1.016005
31455.000000,33.578208,-117.064377,438.658569,33.578337,-117.064248,460.730757,2.907470,1.015708
31470.000000,33.578208,-117.064378,438.650436,33.578337,-117.064248,460.731351,2.908426,1.015411
31485.000000,33.578208,-117.064378,438.642741,33.578337,-117.064248,460.731945,2.909379,1.015114
31500.000000,33.578208,-117.064378,438.634036,33.578337,-117.064248,460.732539,2.910329,1.014817
31515.000000,33.578208,-117.064379,438.622582,33.578337,-117.064248,460.733133,2.911300,1.014520
31530.000000,33.578208,-117.064379,438.612208,33.578337,-117.064248,460.733727,2.912259,1.014223
31545.000000,33.578208,-117.064379,438.600927,33.578337,-117.064248,460.734321,2.913256,1.013927
31560.000000,33.578208,-117.064380,438.589622,33.578337,-117.064248,460.734915,2.914224,1.013630
31575.000000,33.578208,-117.064380,438.577491,33.578337,-117.064248,460.735509,2.915202,1.013334
31590.000000,33.578208,-117.064380,438.565750,33.578337,-117.064248,460.736103,2.916208,1.013038
31605.000000,33.578208,-117.064381,438.554508,33.578337,-117.064248,460.736697,2.917203,1.012742
31620.000000,33.578208,-117.064381,438.543932,33.578337,-117.064248,460.737290,2.918194,1.012447
31635.000000,33.578208,-117.064381,438.530729,33.578337,-117.064248,460.737884,2.919153,1.012151
31650.000000,33.578208,-117.064382,438.518473,33.578337,-117.064248,460.738478,2.920089,1.011856
31665.000000,33.578208,-117.064382,438.505142,33.578337,-117.064248,460.739072,2.921026,1.011560
31680.000000,33.578208,-117.064382,438.491785,33.578337,-117.064248,460.739666,2.921992,1.011265
31695.000000,33.578208,-117.064383,438.475790,33.578337,-117.064248,460.740260,2.922975,1.010970
31710.000000,33.578208,-117.064383,438.459345,33.578337,-117.064248,460.740854,2.923928,1.010675
31725.000000,33.578208,-117.064383,438.442254,33.578337,-117.064248,460.741448,2.924899,1.010381
31740.000000,33.578208,-117.064384,438.425543,33.578337,-117.064248,460.742042,2.925844,1.010086
31755.000000,33.578208,-117.064384,438.409878,33.578337,-117.064248,460.742636,2.926780,1.009792
31770.000000,33.578208,-117.064384,438.392617,33.578337,-117.064248,460.743230,2.927734,1.009498
31785.000000,33.578209,-117.064385,438.376037,33.578337,-117.064248,460.743824,2.928667,1.009204
31800.000000,33.578209,-117.064385,438.358912,33.578337,-117.064248,460.744418,2.929618,1.008910
31815.000000,33.578209,-117.064385,438.341539,33.578337,-117.064248,460.745012,2.930563,1.008616
31830.000000,33.578209,-117.064386,438.322530,33.578337,-117.064248,460.745606,2.931513,1.008323
31845.000000,33.578209,-117.064386,438.317211,33.578337,-117.064248,460.746200,2.932601,1.008029
31860.000000,33.578209,-117.064386,438.311231,33.578337,-117.064248,460.746794,2.933682,1.007736
31875.000000,33.578209,-117.064386,438.304987,33.578337,-117.064248,460.747388,2.934750,1.007443
31890.000000,33.578209,-117.064387,438.298250,33.578337,-117.064248,460.747982,2.935836,1.007150
31905.000000,33.578209,-117.064387,438.292750,33.578337,-117.064248,460.748576,2.936941,1.006857
31920.000000,33.578209,-117.064387,438.286727,33.578337,-117.064248,460.749170,2.938026,1.006564
31935.000000,33.578209,-117.064387,438.280483,33.578336,-117.064248,460.749764,2.939080,1.006272
31950.000000,33.578209,-117.064388,438.272597,33.578336,-117.064248,460.750358,2.940153,1.005979
31965.000000,33.578209,-117.064388,438.264868,33.578336,-117.064248,460.750952,2.941228,1.005687
31980.000000,33.578209,-117.064388,438.256748,33.578336,-117.064248,460.751546,2.942331,1.005395
31995.000000,33.578209,-117.064388,438.247204,33.578336,-117.064248,460.752140,2.943407,1.005103
32010.000000,33.578209,-117.064389,438.238690,33.578336,-117.064248,460.752734,2.944489,1.004812
32025.000000,33.578209,-117.064389,438.229068,33.578336,-117.064248,460.753328,2.945548,1.004520
32040.000000,33.578209,-117.064389,438.219588,33.578336,-117.064248,460.753922,2.946606,1.004229
32055.000000,33.578209,-117.064389,438.208597,33.578336,-117.064248,460.754516,2.947647,1.003937
32070.000000,33.578209,-117.064390,438.198027,33.578336,-117.064248,460.755110,2.948662,1.003646
32085.000000,33.578209,-117.064390,438.187000,33.578336,-117.064248,460.755704,2.949731,1.003355
32100.000000,33.578209,-117.064390,438.174748,33.578336,-117.064248,460.756298,2.950808,1.003065
32115.000000,33.578209,-117.064390,438.161275,33.578336,-117.064248,460.756892,2.951882,1.002774
32130.000000,33.578209,-117.064391,438.147576,33.578336,-117.064248,460.757486,2.952922,1.002484
32145.000000,33.578209,-117.064391,438.133641,33.578336,-117.064248,460.758080,2.953985,1.002193
32160.000000,33.578209,-117.064391,438.121500,33.578336,-117.064248,460.758674,2.955072,1.001903
32175.000000,33.578209,-117.064391,438.106912,33.578336,-117.064248,460.759268,2.956140,1.001613
32190.000000,33.578209,-117.064392,438.092543,33.578336,-117.064248,460.759862,2.957188,1.001323
32205.000000,33.578209,-117.064392,438.077366,33.578336,-117.064248,460.760456,2.958245,1.001034
32220.000000,33.578209,-117.064392,438.060566,33.578336,-117.064248,460.761050,2.959323,1.000744
32235.000000,33.578209,-117.064392,438.042314,33.578336,-117.064248,460.761644,2.960393,1.000455
32250.000000,33.578209,-117.064393,438.025218,33.578336,-117.064248,460.762238,2.961448,1.000165
32265.000000,33.578209,-117.064393,438.009487,33.578336,-117.064248,460.762832,2.962516,0.999876
32280.000000,33.578209,-117.064393,437.992733,33.578336,-117.064248,460.763426,2.963539,0.999588
32295.000000,33.578209,-117.064394,437.975280,33.578336,-117.064248,460.764020,2.964604,0.999299
32310.000000,33.578209,-117.064394,437.957775,33.578336,-117.064248,460.764614,2.965632,0.999010
32325.000000,33.578209,-117.064394,437.940342,33.578336,-117.064248,460.765208,2.966701,0.998722
32340.000000,33.578209,-117.064394,437.920708,33.578336,-117.064248,460.765802,2.967727,0.998434
32355.000000,33.578209,-117.064395,437.900139,33.578336,-117.064248,460.766396,2.968784,0.998145
32370.000000,33.578209,-117.064395,437.878476,33.578336,-117.064248,460.766990,2.969784,0.997858
32385.000000,33.578209,-117.064395,437.856572,33.578336,-117.064248,460.767584,2.970803,0.997570
32400.000000,33.578209,-117.064395,437.836102,33.578336,-117.064248,460.768178,2.971834,0.997282
32415.000000,33.578209,-117.064396,437.815310,33.578336,-117.064248,460.768772,2.972861,0.996995
32430.000000,33.578209,-117.064396,437.792915,33.578336,-117.064248,460.769366,2.973892,0.996707
32445.000000,33.578209,-117.064396,437.769801,33.578336,-117.064248,460.769960,2.974914,0.996420
32460.000000,33.578209,-117.064397,437.745596,33.578336,-117.064248,460.770554,2.975937,0.996133
32475.000000,33.578209,-117.064397,437.720439,33.578336,-117.064248,460.771148,2.976950,0.995846
32490.000000,33.578209,-117.064397,437.696672,33.578336,-117.064248,460.771742,2.977934,0.995560
32505.000000,33.578209,-117.064397,437.673447,33.578336,-117.064248,460.772336,2.978934,0.995273
32520.000000,33.578209,-117.064398,437.649279,33.578336,-117.064248,460.772930,2.979942,0.994987
32535.000000,33.578210,-117.064398,437.624941,33.578336,-117.064248,460.773524,2.980911,0.994701
32550.000000,33.578210,-117.064398,437.599260,33.578336,-117.064248,460.774118,2.981893,0.994415
32565.000000,33.578210,-117.064398,437.572874,33.578336,-117.064248,460.774712,2.982841,0.994129
32580.000000,33.578210,-117.064399,437.546086,33.578336,-117.064248,460.775306,2.983819,0.993843
32595.000000,33.578210,-117.064399,437.518137,33.578336,-117.064248,460.775900,2.984820,0.993558
32610.000000,33.578210,-117.064399,437.489214,33.578336,-117.064248,460.776494,2.985797,0.993272
32625.000000,33.578210,-117.064400,437.459873,33.578336,-117.064248,460.777088,2.986806,0.992987
32640.000000,33.578210,-117.064400,437.431505,33.578336,-117.064248,460.777682,2.987784,0.992702
32655.000000,33.578210,-117.064400,437.402011,33.578336,-117.064248,460.778276,2.988778,0.992417
32670.000000,33.578210,-117.064400,437.371761,33.578336,-117.064248,460.778870,2.989789,0.992132
32685.000000,33.578210,-117.064401,437.340388,33.578336,-117.064248,460.779464,2.990811,0.991848
32700.000000,33.578210,-117.064401,437.308354,33.578336,-117.064248,460.780058,2.991771,0.991563
32715.000000,33.578210,-117.064401,437.278282,33.578336,-117.064248,460.780652,2.992749,0.991279
32730.000000,33.578210,-117.064402,437.250143,33.578336,-117.064248,460.781246,2.993733,0.990995
32745.000000,33.578210,-117.064402,437.219345,33.578336,-117.064248,460.781840,2.994725,0.990711
32760.000000,33.578210,-117.064402,437.186565,33.578335,-117.064248,460.782434,2.995719,0.990427
32775.000000,33.578210,-117.064402,437.154365,33.578335,-117.064248,460.783028,2.996683,0.990144
32790.000000,33.578210,-117.064403,437.123714,33.578335,-117.064248,460.783622,2.997635,0.989860
32805.000000,33.578210,-117.064403,437.090750,33.578335,-117.064248,460.784216,2.998567,0.989577
32820.000000,33.578210,-117.064403,437.059761,33.578335,-117.064248,460.784810,2.999511,0.989294
32835.000000,33.578210,-117.064404,437.027164,33.578335,-117.064248,460.785404,3.000428,0.989011
32850.000000,33.578210,-117.064404,436.993676,33.578335,-117.064248,460.785998,3.001353,0.988728
32865.000000,33.578210,-117.064404,436.959342,33.578335,-117.064248,460.786592,3.002255,0.988446
32880.000000,33.578211,-117.064405,436.924462,33.578335,-117.064248,460.787186,3.003166,0.988163
32895.000000,33.578211,-117.064405,436.892848,33.578335,-117.064248,460.787780,3.004113,0.987881
32910.000000,33.578211,-117.064405,436.859001,33.578335,-117.064248,460.788374,3.005030,0.987599
32925.000000,33.578211,-117.064405,436.825571,33.578335,-117.064248,460.788968,3.005964,0.987317
32940.000000,33.578211,-117.064406,436.789483,33.578335,-117.064248,460.789562,3.006863,0.987035
32955.000000,33.578211,-117.064406,436.754987,33.578335,-117.064248,460.790156,3.007787,0.986754
32970.000000,33.578211,-117.064406,436.718122,33.578335,-117.064248,460.790750,3.008722,0.986472
32985.000000,33.578211,-117.064407,436.681038,33.578335,-117.064248,460.791343,3.009642,0.986191
33000.000000,33.578211,-117.064407,436.641508,33.578335,-117.064248,460.791937,3.010517,0.985910
33015.000000,33.578211,-117.064407,436.605162,33.578335,-117.064248,460.792531,3.011385,0.985629
33030.000000,33.578211,-117.064407,436.568454,33.578335,-117.064248,460.793125,3.012246,0.985348
33045.000000,33.578211,-117.064408,436.532370,33.578335,-117.064248,460.793719,3.013142,0.985067
33060.000000,33.578211,-117.064408,436.495611,33.578335,-117.064248,460.794313,3.014039,0.984787
33075.000000,33.578211,-117.064408,436.456891,33.578335,-117.064248,460.794907,3.014894,0.984507
33090.000000,33.578211,-117.064409,436.416312,33.578335,-117.064248,460.795501,3.015726,0.984226
33105.000000,33.578211,-117.064409,436.375392,33.578335,-117.064248,460.796095,3.016556,0.983946
33120.000000,33.578211,-117.064409,436.336377,33.578335,-117.064248,460.796689,3.017359,0.983667
33135.000000,33.578211,-117.064410,436.297386,33.578335,-117.064248,460.797283,3.018156,0.983387
33150.000000,33.578212,-117.064410,436.256816,33.578335,-117.064248,460.797877,3.018962,0.983107
33165.000000,33.578212,-117.064410,436.214383,33.578335,-117.064248,460.798471,3.019753,0.982828
33180.000000,33.578212,-117.064410,436.171585,33.578335,-117.064248,460.799065,3.020561,0.982549
33195.000000,33.578212,-117.064411,436.126050,33.578335,-117.064248,460.799659,3.021334,0.982270
33210.000000,33.578212,-117.064411,436.085533,33.578335,-117.064248,460.800253,3.022138,0.981991
33225.000000,33.578212,-117.064411,436.044055,33.578335,-117.064248,460.800847,3.022929,0.981713
33240.000000,33.578212,-117.064412,435.999957,33.578335,-117.064248,460.801441,3.023709,0.981434
33255.000000,33.578212,-117.064412,435.958255,33.578335,-117.064248,460.802035,3.024538,0.981156
33270.000000,33.578212,-117.064412,435.916692,33.578335,-117.064248,460.802629,3.025361,0.980878
33285.000000,33.578212,-117.064413,435.873148,33.578335,-117.064248,460.803223,3.026171,0.980600
33300.000000,33.578212,-117.064413,435.829771,33.578335,-117.064248,460.803817,3.026946,0.980322
33315.000000,33.578212,-117.064413,435.787034,33.578335,-117.064248,460.804411,3.027725,0.980044
33330.000000,33.578212,-117.064413,435.743448,33.578335,-117.064248,460.805005,3.028501,0.979767
33345.000000,33.578212,-117.064414,435.698080,33.578335,-117.064248,460.805599,3.029253,0.979490
33360.000000,33.578212,-117.064414,435.654224,33.578335,-117.064248,460.806193,3.029997,0.979212
33375.000000,33.578213,-117.064414,435.607306,33.578335,-117.064248,460.806787,3.030752,0.978935
33390.000000,33.578213,-117.064415,435.558311,33.578335,-117.064248,460.807381,3.031494,0.978659
33405.000000,33.578213,-117.064415,435.512683,33.578335,-117.064248,460.807975,3.032219,0.978382
33420.000000,33.578213,-117.064415,435.468059,33.578335,-117.064248,460.808569,3.032964,0.978106
33435.000000,33.578213,-117.064416,435.420579,33.578335,-117.064248,460.809163,3.033686,0.977829
33450.000000,33.578213,-117.064416,435.373655,33.578335,-117.064248,460.809757,3.034399,0.977553
33465.000000,33.578213,-117.064416,435.321491,33.578335,-117.064248,460.810351,3.035113,0.977277
33480.000000,33.578213,-117.064417,435.270529,33.578335,-117.064248,460.810945,3.035828,0.977002
33495.000000,33.578213,-117.064417,435.222364,33.578335,-117.064248,460.811539,3.036514,0.976726
33510.000000,33.578213,-117.064417,435.171716,33.578335,-117.064248,460.812133,3.037181,0.976450
33525.000000,33.578213,-117.064418,435.123832,33.578335,-117.064248,460.812727,3.037823,0.976175
33540.000000,33.578213,-117.064418,435.076483,33.578335,-117.064248,460.813321,3.038523,0.975900
33555.000000,33.578213,-117.064418,435.026506,33.578335,-117.064248,460.813915,3.039219,0.975625
33570.000000,33.578213,-117.064419,434.973344,33.578335,-117.064248,460.814509,3.039861,0.975350
33585.000000,33.578214,-117.064419,434.923019,33.578334,-117.064248,460.815103,3.040550,0.975076
33600.000000,33.578214,-117.064419,434.868602,33.578334,-117.064248,460.815697,3.041141,0.974801
33615.000000,33.578214,-117.064420,434.819396,33.578334,-117.064248,460.816291,3.041737,0.974527
33630.000000,33.578214,-117.064420,434.769814,33.578334,-117.064248,460.816885,3.042347,0.974253
33645.000000,33.578214,-117.064420,434.716638,33.578334,-117.064248,460.817479,3.042960,0.973979
33660.000000,33.578214,-117.064421,434.663462,33.578334,-117.064248,460.818073,3.043559,0.973706
33675.000000,33.578214,-117.064421,434.607437,33.578334,-117.064248,460.818667,3.044095,0.973432
33690.000000,33.578214,-117.064421,434.553203,33.578334,-117.064248,460.819261,3.044670,0.973159
33705.000000,33.578215,-117.064422,434.520939,33.578334,-117.064248,460.819855,3.043624,0.972885
33720.000000,33.578216,-117.064423,434.476629,33.578334,-117.064248,460.820449,3.042622,0.972612
33735.000000,33.578217,-117.064424,434.433700,33.578334,-117.064248,460.821043,3.041702,0.972339
33750.000000,33.578218,-117.064425,434.400001,33.578334,-117.064248,460.821637,3.040608,0.972067
33765.000000,33.578219,-117.064426,434.358334,33.578334,-117.064248,460.822231,3.039739,0.971794
33780.000000,33.578220,-117.064426,434.322372,33.578334,-117.064248,460.822825,3.038533,0.971522
33795.000000,33.578221,-117.064427,434.281423,33.578334,-117.064248,460.823419,3.037507,0.971250
33810.000000,33.578222,-117.064428,434.236559,33.578334,-117.064248,460.824013,3.036453,0.970978
33825.000000,33.578223,-117.064429,434.196271,33.578334,-117.064248,460.824607,3.035533,0.970706
33840.000000,33.578224,-117.064430,434.159619,33.578334,-117.064248,460.825201,3.034710,0.970434
33855.000000,33.578224,-117.064430,434.170036,33.578334,-117.064248,460.825795,3.035553,0.970163
33870.000000,33.578224,-117.064430,434.179195,33.578334,-117.064248,460.826389,3.036388,0.969891
33885.000000,33.578224,-117.064430,434.186571,33.578334,-117.064248,460.826983,3.037262,0.969620
33900.000000,33.578223,-117.064431,434.192559,33.578334,-117.064248,460.827577,3.038172,0.969349
33915.000000,33.578223,-117.064431,434.198992,33.578334,-117.064248,460.828171,3.039064,0.969078
33930.000000,33.578223,-117.064431,434.205763,33.578334,-117.064248,460.828765,3.039906,0.968808
33945.000000,33.578223,-117.064431,434.213283,33.578334,-117.064248,460.829359,3.040748,0.968537
33960.000000,33.578223,-117.064431,434.218511,33.578334,-117.064248,460.829953,3.041675,0.968267
33975.000000,33.578223,-117.064431,434.225194,33.578334,-117.064248,460.830547,3.042504,0.967997
33990.000000,33.578223,-117.064432,434.228000,33.578334,-117.064248,460.831141,3.043391,0.967727
34005.000000,33.578223,-117.064432,434.235074,33.578334,-117.064248,460.831735,3.044193,0.967457
34020.000000,33.578223,-117.064432,434.239385,33.578334,-117.064248,460.832329,3.045052,0.967188
34035.000000,33.578223,-117.064432,434.243021,33.578334,-117.064248,460.832923,3.045919,0.966918
34050.000000,33.578223,-117.064432,434.243964,33.578334,-117.064248,460.833517,3.046804,0.966649
34065.000000,33.578223,-117.064432,434.244491,33.578334,-117.064248,460.834111,3.047672,0.966380
34080.000000,33.578223,-117.064433,434.247015,33.578334,-117.064248,460.834705,3.048485,0.966111
34095.000000,33.578223,-117.064433,434.251359,33.578334,-117.064248,460.835299,3.049286,0.965843
34110.000000,33.578223,-117.064433,434.255695,33.578334,-117.064248,460.835893,3.050108,0.965574
34125.000000,33.578223,-117.064433,434.254643,33.578334,-117.064248,460.836487,3.050993,0.965306
34140.000000,33.578223,-117.064433,434.256749,33.578334,-117.064248,460.837081,3.051797,0.965038
34155.000000,33.578223,-117.064434,434.257731,33.578334,-117.064248,460.837675,3.052647,0.964770
34170.000000,33.578223,-117.064434,434.262412,33.578334,-117.064248,460.838269,3.053401,0.964502
34185.000000,33.578223,-117.064434,434.263416,33.578334,-117.064248,460.838863,3.054226,0.964234
34200.000000,33.578224,-117.064433,434.476117,33.578334,-117.064248,460.839457,3.052349,0.963967
34215.000000,33.578224,-117.064433,434.686620,33.578334,-117.064248,460.840051,3.050527,0.963699
34230.000000,33.578225,-117.064432,434.901571,33.578334,-117.064248,460.840645,3.048578,0.963432
34245.000000,33.578226,-117.064432,435.079349,33.578334,-117.064248,460.841239,3.047267,0.963165
34260.000000,33.578227,-117.064431,435.270528,33.578334,-117.064248,460.841833,3.045713,0.962898
34275.000000,33.578228,-117.064431,435.475484,33.578334,-117.064248,460.842427,3.043878,0.962632
34290.000000,33.578228,-117.064430,435.674770,33.578334,-117.064248,460.843021,3.042201,0.962366
34305.000000,33.578229,-117.064430,435.871508,33.578334,-117.064248,460.843615,3.040440,0.962099
34320.000000,33.578230,-117.064429,436.067465,33.578334,-117.064248,460.844209,3.038653,0.961833
34335.000000,33.578231,-117.064429,436.269337,33.578334,-117.064248,460.844803,3.036873,0.961567
34350.000000,33.578231,-117.064429,436.444756,33.578334,-117.064248,460.845397,3.035570,0.961302
34365.000000,33.578232,-117.064428,436.631206,33.578334,-117.064248,460.845990,3.034007,0.961036
34380.000000,33.578233,-117.064428,436.799067,33.578334,-117.064248,460.846584,3.032724,0.960771
34395.000000,33.578234,-117.064427,436.992608,33.578334,-117.064248,460.847178,3.030920,0.960506
34410.000000,33.578234,-117.064427,437.175458,33.578333,-117.064248,460.847772,3.029398,0.960241
34425.000000,33.578235,-117.064426,437.341070,33.578333,-117.064248,460.848366,3.028193,0.959976
34440.000000,33.578236,-117.064426,437.539395,33.578333,-117.064248,460.848960,3.026291,0.959711
34455.000000,33.578237,-117.064425,437.721673,33.578333,-117.064248,460.849554,3.024638,0.959447
34470.000000,33.578237,-117.064425,437.895486,33.578333,-117.064248,460.850148,3.023143,0.959183
34485.000000,33.578238,-117.064424,438.069913,33.578333,-117.064248,460.850742,3.021603,0.958918
34500.000000,33.578239,-117.064424,438.242905,33.578333,-117.064248,460.851336,3.020026,0.958655
34515.000000,33.578239,-117.064423,438.419418,33.578333,-117.064248,460.851930,3.018385,0.958391
34530.000000,33.578240,-117.064423,438.591566,33.578333,-117.064248,460.852524,3.016777,0.958127
34545.000000,33.578241,-117.064422,438.762255,33.578333,-117.064248,460.853118,3.015236,0.957864
34560.000000,33.578242,-117.064422,438.926321,33.578333,-117.064248,460.853712,3.013785,0.957601
34575.000000,33.578242,-117.064421,439.102525,33.578333,-117.064248,460.854306,3.012083,0.957338
34590.000000,33.578243,-117.064421,439.274415,33.578333,-117.064248,460.854900,3.010479,0.957075
34605.000000,33.578244,-117.064420,439.458442,33.578333,-117.064248,460.855494,3.008665,0.956812
34620.000000,33.578244,-117.064420,439.620843,33.578333,-117.064248,460.856088,3.007250,0.956550
34635.000000,33.578245,-117.064420,439.778100,33.578333,-117.064248,460.856682,3.005858,0.956288
34650.000000,33.578246,-117.064419,439.928383,33.578333,-117.064248,460.857276,3.004633,0.956025
34665.000000,33.578246,-117.064419,440.075238,33.578333,-117.064248,460.857870,3.003393,0.955764
34680.000000,33.578247,-117.064418,440.210699,33.578333,-117.064248,460.858464,3.002375,0.955502
34695.000000,33.578248,-117.064418,440.365281,33.578333,-117.064248,460.859058,3.001009,0.955240
34710.000000,33.578248,-117.064417,440.525445,33.578333,-117.064248,460.859652,2.999534,0.954979
34725.000000,33.578249,-117.064417,440.675845,33.578333,-117.064248,460.860246,2.998255,0.954718
34740.000000,33.578249,-117.064416,440.837115,33.578333,-117.064248,460.860840,2.996851,0.954457
34755.000000,33.578250,-117.064416,440.987428,33.578333,-117.064248,460.861434,2.995504,0.954196
34770.000000,33.578251,-117.064416,441.143239,33.578333,-117.064248,460.862028,2.994093,0.953935
34785.000000,33.578251,-117.064415,441.287317,33.578333,-117.064248,460.862622,2.992895,0.953675
34800.000000,33.578252,-117.064415,441.432654,33.578333,-117.064248,460.863216,2.991625,0.953414
34815.000000,33.578253,-117.064414,441.570859,33.578333,-117.064248,460.863810,2.990362,0.953154
34830.000000,33.578253,-117.064414,441.694193,33.578333,-117.064248,460.864404,2.989360,0.952894
34845.000000,33.578254,-117.064413,441.835994,33.578333,-117.064248,460.864998,2.988093,0.952635
34860.000000,33.578254,-117.064413,441.972533,33.578333,-117.064248,460.865592,2.986876,0.952375
34875.000000,33.578255,-117.064413,442.104485,33.578333,-117.064248,460.866186,2.985643,0.952116
34890.000000,33.578256,-117.064412,442.256077,33.578333,-117.064248,460.866780,2.984066,0.951857
34905.000000,33.578256,-117.064412,442.395140,33.578333,-117.064248,460.867374,2.982777,0.951598
34920.000000,33.578257,-117.064411,442.529252,33.578333,-117.064248,460.867968,2.981591,0.951339
34935.000000,33.578257,-117.064411,442.681509,33.578333,-117.064248,460.868562,2.980023,0.951080
34950.000000,33.578258,-117.064410,442.805378,33.578333,-117.064248,460.869156,2.978945,0.950822
34965.000000,33.578259,-117.064410,442.935384,33.578333,-117.064248,460.869750,2.977775,0.950563
34980.000000,33.578259,-117.064409,443.077798,33.578333,-117.064248,460.870344,2.976339,0.950305
34995.000000,33.578260,-117.064409,443.218267,33.578333,-117.064248,460.870938,2.974853,0.950047
35010.000000,33.578260,-117.064408,443.357081,33.578333,-117.064248,460.871532,2.973512,0.949790
35025.000000,33.578261,-117.064408,443.471853,33.578333,-117.064248,460.872126,2.972600,0.949532
35040.000000,33.578261,-117.064407,443.601776,33.578333,-117.064248,460.872720,2.971311,0.949275
35055.000000,33.578262,-117.064407,443.726500,33.578333,-117.064248,460.873314,2.970098,0.949018
35070.000000,33.578263,-117.064407,443.846021,33.578333,-117.064248,460.873908,2.969044,0.948761
35085.000000,33.578263,-117.064406,443.972006,33.578333,-117.064248,460.874502,2.967709,0.948504
35100.000000,33.578264,-117.064406,444.092116,33.578333,-117.064248,460.875096,2.966569,0.948247
35115.000000,33.578264,-117.064405,444.203757,33.578333,-117.064248,460.875690,2.965540,0.947991
35130.000000,33.578265,-117.064405,444.326392,33.578333,-117.064248,460.876284,2.964200,0.947735
35145.000000,33.578265,-117.064404,444.453079,33.578333,-117.064248,460.876878,2.962740,0.947479
35160.000000,33.578266,-117.064404,444.568679,33.578333,-117.064248,460.877472,2.961531,0.947223
35175.000000,33.578266,-117.064403,444.681552,33.578333,-117.064248,460.878066,2.960364,0.946967
35190.000000,33.578267,-117.064403,444.789394,33.578333,-117.064248,460.878660,2.959228,0.946712
35205.000000,33.578267,-117.064403,444.898637,33.578333,-117.064248,460.879254,2.958000,0.946456
35220.000000,33.578268,-117.064402,445.012936,33.578333,-117.064248,460.879848,2.956775,0.946201
35235.000000,33.578268,-117.064402,445.109879,33.578332,-117.064248,460.880442,2.955918,0.945946
35250.000000,33.578269,-117.064401,445.214564,33.578332,-117.064248,460.881036,2.954880,0.945691
35265.000000,33.578269,-117.064401,445.321337,33.578332,-117.064248,460.881630,2.953723,0.945437
35280.000000,33.578270,-117.064401,445.407205,33.578332,-117.064248,460.882224,2.952987,0.945183
35295.000000,33.578270,-117.064400,445.505866,33.578332,-117.064248,460.882818,2.951919,0.944928
35310.000000,33.578271,-117.064400,445.601865,33.578332,-117.064248,460.883412,2.950863,0.944674
35325.000000,33.578271,-117.064399,445.695697,33.578332,-117.064248,460.884006,2.949843,0.944421
35340.000000,33.578272,-117.064399,445.796536,33.578332,-117.064248,460.884600,2.948703,0.944167
35355.000000,33.578272,-117.064398,445.890932,33.578332,-117.064248,460.885194,2.947643,0.943914
35370.000000,33.578274,-117.064397,446.656792,33.578332,-117.064248,460.885788,2.936680,0.943660
35385.000000,33.578275,-117.064396,447.374223,33.578332,-117.064248,460.886382,2.926610,0.943407
35400.000000,33.578277,-117.064395,448.076533,33.578332,-117.064248,460.886976,2.916722,0.943154
35415.000000,33.578278,-117.064393,448.765031,33.578332,-117.064248,460.887570,2.906924,0.942902
35430.000000,33.578279,-117.064392,449.423066,33.578332,-117.064248,460.888164,2.897445,0.942649
35445.000000,33.578281,-117.064391,450.034683,33.578332,-117.064248,460.888758,2.888745,0.942397
35460.000000,33.578282,-117.064390,450.647121,33.578332,-117.064248,460.889352,2.879961,0.942145
35475.000000,33.578283,-117.064389,451.301728,33.578332,-117.064248,460.889946,2.869992,0.941893
35490.000000,33.578284,-117.064388,451.890558,33.578332,-117.064248,460.890540,2.861373,0.941641
35505.000000,33.578286,-117.064387,452.465397,33.578332,-117.064248,460.891134,2.853035,0.941390
35520.000000,33.578287,-117.064386,453.010851,33.578332,-117.064248,460.891728,2.844898,0.941138
35535.000000,33.578288,-117.064385,453.532026,33.578332,-117.064248,460.892322,2.836947,0.940887
35550.000000,33.578289,-117.064384,454.031810,33.578332,-117.064248,460.892916,2.829515,0.940636
35565.000000,33.578290,-117.064383,454.527673,33.578332,-117.064248,460.893510,2.822013,0.940385
35580.000000,33.578291,-117.064382,455.049022,33.578332,-117.064248,460.894104,2.814100,0.940135
35595.000000,33.578292,-117.064381,455.511929,33.578332,-117.064248,460.894698,2.807124,0.939884
35610.000000,33.578293,-117.064380,455.969324,33.578332,-117.064248,460.895292,2.799926,0.939634
35625.000000,33.578294,-117.064379,456.447926,33.578332,-117.064248,460.895886,2.792482,0.939384
35640.000000,33.578295,-117.064378,456.899125,33.578332,-117.064248,460.896480,2.785536,0.939134
35655.000000,33.578296,-117.064378,457.292680,33.578332,-117.064248,460.897074,2.779799,0.938885
35670.000000,33.578296,-117.064377,457.691730,33.578332,-117.064248,460.897668,2.773774,0.938635
35685.000000,33.578297,-117.064376,458.091590,33.578332,-117.064248,460.898262,2.767576,0.938386
35700.000000,33.578298,-117.064375,458.464099,33.578332,-117.064248,460.898856,2.761858,0.938137
35715.000000,33.578299,-117.064375,458.852742,33.578332,-117.064248,460.899450,2.755753,0.937888
35730.000000,33.578299,-117.064374,459.235901,33.578332,-117.064248,460.900044,2.749523,0.937639
35745.000000,33.578300,-117.064373,459.601650,33.578332,-117.064248,460.900637,2.743782,0.937391
35760.000000,33.578301,-117.064372,459.957972,33.578332,-117.064248,460.901231,2.738001,0.937143
35775.000000,33.578301,-117.064372,460.280632,33.578332,-117.064248,460.901825,2.732957,0.936895
35790.000000,33.578302,-117.064371,460.629215,33.578332,-117.064248,460.902419,2.727181,0.936647
35805.000000,33.578303,-117.064370,460.970652,33.578332,-117.064248,460.903013,2.721716,0.936399
35820.000000,33.578303,-117.064370,461.290093,33.578332,-117.064248,460.903607,2.716538,0.936151
35835.000000,33.578304,-117.064369,461.601801,33.578332,-117.064248,460.904201,2.711393,0.935904
35850.000000,33.578305,-117.064368,461.905838,33.578332,-117.064248,460.904795,2.706480,0.935657
35865.000000,33.578305,-117.064368,462.214938,33.578332,-117.064248,460.905389,2.701420,0.935410
35880.000000,33.578306,-117.064367,462.503657,33.578332,-117.064248,460.905983,2.696745,0.935163
35895.000000,33.578306,-117.064366,462.802952,33.578332,-117.064248,460.906577,2.691528,0.934917
35910.000000,33.578307,-117.064366,463.062445,33.578332,-117.064248,460.907171,2.687196,0.934670
35925.000000,33.578307,-117.064365,463.317623,33.578332,-117.064248,460.907765,2.682823,0.934424
35940.000000,33.578308,-117.064365,463.569880,33.578332,-117.064248,460.908359,2.678559,0.934178
35955.000000,33.578308,-117.064364,463.835892,33.578332,-117.064248,460.908953,2.673900,0.933932
35970.000000,33.578309,-117.064363,464.083349,33.578332,-117.064248,460.909547,2.669811,0.933687
35985.000000,33.578309,-117.064363,464.332949,33.578332,-117.064248,460.910141,2.665497,0.933441
36000.000000,33.578310,-117.064362,464.572556,33.578332,-117.064248,460.910735,2.661116,0.933196
36015.000000,33.578310,-117.064362,464.796960,33.578332,-117.064248,460.911329,2.657204,0.932951
36030.000000,33.578310,-117.064361,465.031823,33.578332,-117.064248,460.911923,2.652794,0.932706
36045.000000,33.578311,-117.064361,465.266791,33.578332,-117.064248,460.912517,2.648382,0.932462
36060.000000,33.578311,-117.064360,465.481826,33.578331,-117.064248,460.913111,2.644386,0.932217
36075.000000,33.578312,-117.064359,465.716220,33.578331,-117.064248,460.913705,2.639672,0.931973
36090.000000,33.578312,-117.064359,465.937031,33.578331,-117.064248,460.914299,2.635291,0.931729
36105.000000,33.578312,-117.064358,466.143960,33.578331,-117.064248,460.914893,2.631535,0.931485
36120.000000,33.578313,-117.064358,466.349048,33.578331,-117.064248,460.915487,2.627827,0.931242
36135.000000,33.578313,-117.064357,466.547574,33.578331,-117.064248,460.916081,2.624090,0.930998
36150.000000,33.578313,-117.064357,466.734775,33.578331,-117.064248,460.916675,2.620716,0.930755
36165.000000,33.578313,-117.064356,466.914652,33.578331,-117.064248,460.917269,2.617568,0.930512
36180.000000,33.578314,-117.064356,467.096017,33.578331,-117.064248,460.917863,2.614080,0.930269
36195.000000,33.578314,-117.064355,467.277519,33.578331,-117.064248,460.918457,2.610558,0.930026
36210.000000,33.578314,-117.064355,467.454800,33.578331,-117.064248,460.919051,2.607018,0.929784
36225.000000,33.578314,-117.064354,467.621162,33.578331,-117.064248,460.919645,2.603822,0.929542
36240.000000,33.578315,-117.064354,467.790933,33.578331,-117.064248,460.920239,2.600386,0.929300
36255.000000,33.578315,-117.064353,467.944612,33.578331,-117.064248,460.920833,2.597048,0.929058
36270.000000,33.578315,-117.064353,468.103689,33.578331,-117.064248,460.921427,2.593776,0.928816
36285.000000,33.578315,-117.064353,468.257038,33.578331,-117.064248,460.922021,2.590638,0.928575
36300.000000,33.578316,-117.064352,468.408622,33.578331,-117.064248,460.922615,2.587334,0.928333
36315.000000,33.578316,-117.064352,468.547869,33.578331,-117.064248,460.923209,2.584379,0.928092
36330.000000,33.578316,-117.064351,468.690631,33.578331,-117.064248,460.923803,2.581226,0.927851
36345.000000,33.578316,-117.064351,468.832430,33.578331,-117.064248,460.924397,2.578026,0.927611
36360.000000,33.578316,-117.064351,468.966194,33.578331,-117.064248,460.924991,2.574990,0.927370
36375.000000,33.578316,-117.064350,469.098921,33.578331,-117.064248,460.925585,2.571899,0.927130
36390.000000,33.578317,-117.064350,469.225872,33.578331,-117.064248,460.926179,2.568861,0.926890
36405.000000,33.578317,-117.064349,469.355725,33.578331,-117.064248,460.926773,2.565684,0.926650
36420.000000,33.578317,-117.064349,469.484938,33.578331,-117.064248,460.927367,2.562531,0.926410
36435.000000,33.578317,-117.064349,469.608595,33.578331,-117.064248,460.927961,2.559699,0.926171
36450.000000,33.578317,-117.064348,469.726508,33.578331,-117.064248,460.928555,2.556904,0.925931
36465.000000,33.578317,-117.064348,469.849728,33.578331,-117.064248,460.929149,2.553860,0.925692
36480.000000,33.578317,-117.064347,469.958490,33.578331,-117.064248,460.929743,2.550929,0.925453
36495.000000,33.578317,-117.064347,470.068461,33.578331,-117.064248,460.930337,2.548205,0.925215
36510.000000,33.578317,-117.064347,470.170619,33.578331,-117.064248,460.930931,2.545517,0.924976
36525.000000,33.578317,-117.064346,470.267279,33.578331,-117.064248,460.931525,2.543004,0.924738
36540.000000,33.578318,-117.064346,470.365661,33.578331,-117.064248,460.932119,2.540456,0.924500
36555.000000,33.578318,-117.064346,470.457938,33.578331,-117.064248,460.932713,2.537795,0.924262
36570.000000,33.578318,-117.064345,470.552621,33.578331,-117.064248,460.933307,2.535187,0.924024
36585.000000,33.578318,-117.064345,470.650152,33.578331,-117.064248,460.933901,2.532361,0.923787
36600.000000,33.578318,-117.064345,470.740888,33.578331,-117.064248,460.934495,2.529682,0.923550
36615.000000,33.578318,-117.064344,470.829254,33.578331,-117.064248,460.935089,2.527176,0.923312
36630.000000,33.578318,-117.064344,470.918021,33.578331,-117.064248,460.935683,2.524410,0.923076
36645.000000,33.578318,-117.064344,471.000119,33.578331,-117.064248,460.936277,2.521900,0.922839
36660.000000,33.578318,-117.064343,471.082617,33.578331,-117.064248,460.936871,2.519320,0.922602
36675.000000,33.578318,-117.064343,471.161765,33.578331,-117.064248,460.937465,2.516687,0.922366
36690.000000,33.578318,-117.064342,471.240468,33.578331,-117.064248,460.938059,2.513867,0.922130
36705.000000,33.578318,-117.064342,471.313810,33.578331,-117.064248,460.938653,2.510867,0.921894
36720.000000,33.578318,-117.064342,471.384568,33.578331,-117.064248,460.939247,2.508154,0.921658
36735.000000,33.578318,-117.064341,471.456311,33.578331,-117.064248,460.939841,2.505538,0.921423
36750.000000,33.578318,-117.064341,471.523922,33.578331,-117.064248,460.940435,2.502954,0.921188
36765.000000,33.578318,-117.064341,471.588152,33.578331,-117.064248,460.941029,2.500443,0.920953
36780.000000,33.578317,-117.064340,471.646374,33.578331,-117.064248,460.941623,2.497828,0.920718
36795.000000,33.578317,-117.064340,471.705571,33.578331,-117.064248,460.942217,2.495428,0.920483
36810.000000,33.578317,-117.064340,471.764451,33.578331,-117.064248,460.942811,2.492845,0.920249
36825.000000,33.578317,-117.064340,471.818449,33.578331,-117.064248,460.943405,2.490077,0.920014
36840.000000,33.578317,-117.064339,471.874081,33.578331,-117.064248,460.943999,2.487642,0.919780
36855.000000,33.578317,-117.064339,471.927060,33.578331,-117.064248,460.944593,2.485375,0.919546
36870.000000,33.578317,-117.064339,471.981065,33.578331,-117.064248,460.945187,2.482772,0.919313
36885.000000,33.578317,-117.064338,472.033604,33.578330,-117.064248,460.945781,2.480185,0.919079
36900.000000,33.578317,-117.064338,472.082065,33.578330,-117.064248,460.946375,2.477682,0.918846
36915.000000,33.578317,-117.064338,472.125092,33.578330,-117.064248,460.946969,2.475090,0.918613
36930.000000,33.578317,-117.064338,472.165360,33.578330,-117.064248,460.947563,2.472494,0.918380
36945.000000,33.578317,-117.064337,472.207129,33.578330,-117.064248,460.948157,2.469992,0.918148
36960.000000,33.578316,-117.064337,472.248126,33.578330,-117.064248,460.948751,2.467435,0.917915
36975.000000,33.578316,-117.064337,472.283501,33.578330,-117.064248,460.949345,2.464965,0.917683
36990.000000,33.578316,-117.064337,472.318721,33.578330,-117.064248,460.949939,2.462367,0.917451
37005.000000,33.578316,-117.064336,472.349583,33.578330,-117.064248,460.950533,2.459448,0.917219
37020.000000,33.578316,-117.064336,472.376997,33.578330,-117.064248,460.951127,2.456609,0.916988
37035.000000,33.578316,-117.064336,472.407230,33.578330,-117.064248,460.951721,2.454002,0.916756
37050.000000,33.578315,-117.064335,472.428509,33.578330,-117.064248,460.952315,2.451402,0.916525
37065.000000,33.578315,-117.064335,472.448064,33.578330,-117.064248,460.952909,2.448856,0.916294
37080.000000,33.578315,-117.064335,472.468072,33.578330,-117.064248,460.953503,2.446516,0.916063
37095.000000,33.578315,-117.064335,472.487286,33.578330,-117.064248,460.954097,2.444063,0.915833
37110.000000,33.578315,-117.064335,472.501507,33.578330,-117.064248,460.954691,2.441555,0.915602
37125.000000,33.578315,-117.064334,472.514922,33.578330,-117.064248,460.955285,2.439129,0.915372
37140.000000,33.578314,-117.064334,472.527497,33.578330,-117.064248,460.955878,2.436739,0.915142
37155.000000,33.578314,-117.064334,472.532976,33.578330,-117.064248,460.956472,2.434250,0.914912
37170.000000,33.578314,-117.064334,472.538548,33.578330,-117.064248,460.957066,2.431723,0.914683
37185.000000,33.578314,-117.064333,472.541107,33.578330,-117.064248,460.957660,2.428924,0.914453
37200.000000,33.578313,-117.064333,472.540806,33.578330,-117.064248,460.958254,2.426018,0.914224
37215.000000,33.578313,-117.064333,472.544570,33.578330,-117.064248,460.958848,2.423583,0.913995
37230.000000,33.578313,-117.064333,472.546286,33.578330,-117.064248,460.959442,2.421077,0.913767
37245.000000,33.578313,-117.064332,472.540938,33.578330,-117.064248,460.960036,2.418193,0.913538
37260.000000,33.578312,-117.064332,472.535941,33.578330,-117.064248,460.960630,2.415377,0.913310
37275.000000,33.578312,-117.064332,472.531608,33.578330,-117.064248,460.961224,2.412765,0.913082
37290.000000,33.578312,-117.064332,472.521485,33.578330,-117.064248,460.961818,2.410012,0.912854
37305.000000,33.578311,-117.064332,472.513577,33.578330,-117.064248,460.962412,2.407442,0.912626
37320.000000,33.578311,-117.064331,472.506804,33.578330,-117.064248,460.963006,2.405083,0.912399
37335.000000,33.578311,-117.064331,472.560220,33.578330,-117.064248,460.963600,2.401981,0.912171
37350.000000,33.578311,-117.064331,472.608376,33.578330,-117.064248,460.964194,2.398979,0.911944
37365.000000,33.578310,-117.064330,472.653153,33.578330,-117.064248,460.964788,2.395767,0.911718
37380.000000,33.578310,-117.064330,472.699449,33.578330,-117.064248,460.965382,2.392728,0.911491
37395.000000,33.578310,-117.064329,472.741631,33.578330,-117.064248,460.965976,2.389301,0.911264
37410.000000,33.578309,-117.064329,472.780286,33.578330,-117.064248,460.966570,2.386204,0.911038
37425.000000,33.578309,-117.064328,472.822197,33.578330,-117.064248,460.967164,2.383440,0.910812
37440.000000,33.578308,-117.064328,472.858117,33.578330,-117.064248,460.967758,2.380134,0.910586
37455.000000,33.578308,-117.064327,472.894142,33.578330,-117.064248,460.968352,2.376844,0.910361
37470.000000,33.578308,-117.064327,472.926309,33.578330,-117.064248,460.968946,2.373592,0.910135
37485.000000,33.578307,-117.064326,472.954263,33.578330,-117.064248,460.969540,2.370103,0.909910
37500.000000,33.578307,-117.064326,472.982472,33.578330,-117.064248,460.970134,2.366769,0.909685
37515.000000,33.578307,-117.064325,473.011639,33.578330,-117.064248,460.970728,2.363656,0.909461
37530.000000,33.578306,-117.064325,473.044611,33.578330,-117.064248,460.971322,2.360494,0.909236
37545.000000,33.578306,-117.064325,473.070748,33.578330,-117.064248,460.971916,2.357362,0.909012
37560.000000,33.578305,-117.064324,473.096181,33.578330,-117.064248,460.972510,2.354236,0.908788
37575.000000,33.578305,-117.064324,473.121311,33.578330,-117.064248,460.973104,2.351160,0.908564
37590.000000,33.578305,-117.064323,473.146000,33.578330,-117.064248,460.973698,2.348194,0.908340
37605.000000,33.578304,-117.064323,473.174023,33.578330,-117.064248,460.974292,2.345181,0.908116
37620.000000,33.578304,-117.064322,473.202493,33.578330,-117.064248,460.974886,2.342479,0.907893
37635.000000,33.578303,-117.064322,473.225751,33.578330,-117.064248,460.975480,2.339661,0.907670
37650.000000,33.578303,-117.064322,473.251540,33.578330,-117.064248,460.976074,2.337112,0.907447
37665.000000,33.578302,-117.064321,473.275821,33.578330,-117.064248,460.976668,2.334497,0.907225
37680.000000,33.578302,-117.064321,473.299325,33.578330,-117.064248,460.977262,2.331775,0.907002
37695.000000,33.578302,-117.064320,473.322826,33.578330,-117.064248,460.977856,2.329285,0.906780
37710.000000,33.578301,-117.064320,473.345116,33.578329,-117.064248,460.978450,2.326695,0.906558
37725.000000,33.578301,-117.064320,473.360999,33.578329,-117.064248,460.979044,2.324049,0.906336
37740.000000,33.578300,-117.064319,473.377998,33.578329,-117.064248,460.979638,2.321280,0.906115
37755.000000,33.578300,-117.064319,473.394142,33.578329,-117.064248,460.980232,2.318512,0.905893
37770.000000,33.578299,-117.064318,473.406182,33.578329,-117.064248,460.980826,2.315771,0.905672
37785.000000,33.578299,-117.064318,473.414539,33.578329,-117.064248,460.981420,2.312829,0.905451
37800.000000,33.578298,-117.064318,473.426412,33.578329,-117.064248,460.982014,2.310248,0.905230
37815.000000,33.578298,-117.064317,473.434362,33.578329,-117.064248,460.982608,2.307527,0.905010
37830.000000,33.578297,-117.064317,473.438044,33.578329,-117.064248,460.983202,2.304710,0.904790
37845.000000,33.578297,-117.064317,473.444917,33.578329,-117.064248,460.983796,2.302058,0.904570
37860.000000,33.578297,-117.064316,473.445366,33.578329,-117.064248,460.984390,2.299103,0.904350
37875.000000,33.578296,-117.064316,473.450255,33.578329,-117.064248,460.984984,2.296300,0.904130
37890.000000,33.578296,-117.064315,473.458903,33.578329,-117.064248,460.985578,2.293792,0.903911
37905.000000,33.578295,-117.064315,473.458200,33.578329,-117.064248,460.986172,2.290947,0.903691
37920.000000,33.578295,-117.064315,473.453908,33.578329,-117.064248,460.986766,2.288211,0.903472
37935.000000,33.578294,-117.064314,473.447779,33.578329,-117.064248,460.987360,2.285571,0.903253
37950.000000,33.578293,-117.064314,473.445197,33.578329,-117.064248,460.987954,2.283014,0.903035
37965.000000,33.578293,-117.064314,473.433594,33.578329,-117.064248,460.988548,2.280183,0.902817
37980.000000,33.578292,-117.064313,473.418568,33.578329,-117.064248,460.989142,2.277175,0.902598
37995.000000,33.578292,-117.064313,473.409449,33.578329,-117.064248,460.989736,2.274578,0.902380
38010.000000,33.578291,-117.064312,473.401543,33.578329,-117.064248,460.990330,2.272231,0.902163
38025.000000,33.578291,-117.064312,473.393969,33.578329,-117.064248,460.990924,2.269742,0.901945
38040.000000,33.578290,-117.064312,473.381419,33.578329,-117.064248,460.991518,2.267052,0.901728
38055.000000,33.578290,-117.064311,473.371033,33.578329,-117.064248,460.992112,2.264502,0.901511
38070.000000,33.578289,-117.064311,473.357261,33.578329,-117.064248,460.992706,2.261873,0.901294
38085.000000,33.578289,-117.064311,473.343774,33.578329,-117.064248,460.993300,2.259326,0.901077
38100.000000,33.578288,-117.064310,473.329711,33.578329,-117.064248,460.993894,2.256817,0.900861
38115.000000,33.578288,-117.064310,473.312444,33.578329,-117.064248,460.994488,2.254322,0.900645
38130.000000,33.578287,-117.064310,473.291729,33.578329,-117.064248,460.995082,2.251799,0.900429
38145.000000,33.578287,-117.064310,473.346593,33.578329,-117.064248,460.995676,2.251309,0.900213
38160.000000,33.578287,-117.064309,473.399427,33.578329,-117.064248,460.996270,2.250818,0.899997
38175.000000,33.578287,-117.064309,473.453403,33.578329,-117.064248,460.996864,2.250406,0.899782
38190.000000,33.578287,-117.064309,473.504280,33.578329,-117.064248,460.997458,2.250076,0.899567
38205.000000,33.578288,-117.064309,473.554484,33.578329,-117.064248,460.998052,2.249765,0.899352
38220.000000,33.578288,-117.064309,473.605288,33.578329,-117.064248,460.998646,2.249476,0.899137
38235.000000,33.578288,-117.064308,473.656291,33.578329,-117.064248,460.999240,2.249208,0.898923
38250.000000,33.578288,-117.064308,473.704936,33.578329,-117.064248,460.999834,2.248932,0.898708
38265.000000,33.578288,-117.064308,473.752763,33.578329,-117.064248,461.000428,2.248648,0.898494
38280.000000,33.578288,-117.064308,473.800594,33.578329,-117.064248,461.001022,2.248338,0.898281
38295.000000,33.578288,-117.064308,473.848885,33.578329,-117.064248,461.001616,2.248035,0.898067
38310.000000,33.578288,-117.064307,473.896321,33.578329,-117.064248,461.002210,2.247797,0.897854
38325.000000,33.578289,-117.064307,473.942533,33.578329,-117.064248,461.002804,2.247617,0.897640
38340.000000,33.578289,-117.064307,473.987775,33.578329,-117.064248,461.003398,2.247489,0.897428
38355.000000,33.578289,-117.064307,474.032403,33.578329,-117.064248,461.003992,2.247343,0.897215
38370.000000,33.578289,-117.064307,474.076343,33.578329,-117.064248,461.004586,2.247212,0.897002
38385.000000,33.578289,-117.064306,474.119310,33.578329,-117.064248,461.005180,2.247087,0.896790
38400.000000,33.578289,-117.064306,474.161895,33.578329,-117.064248,461.005774,2.246927,0.896578
38415.000000,33.578289,-117.064306,474.204368,33.578329,-117.064248,461.006368,2.246815,0.896366
38430.000000,33.578289,-117.064306,474.246737,33.578329,-117.064248,461.006962,2.246699,0.896154
38445.000000,33.578289,-117.064306,474.286215,33.578329,-117.064248,461.007556,2.246607,0.895943
38460.000000,33.578289,-117.064306,474.326133,33.578329,-117.064248,461.008150,2.246511,0.895732
38475.000000,33.578289,-117.064305,474.367181,33.578329,-117.064248,461.008744,2.246417,0.895521
38490.000000,33.578290,-117.064305,474.404436,33.578329,-117.064248,461.009338,2.246344,0.895310
38505.000000,33.578290,-117.064305,474.442602,33.578329,-117.064248,461.009932,2.246302,0.895100
38520.000000,33.578290,-117.064305,474.480385,33.578329,-117.064248,461.010526,2.246270,0.894889
38535.000000,33.578290,-117.064305,474.518200,33.578328,-117.064248,461.011120,2.246224,0.894679
38550.000000,33.578290,-117.064305,474.552995,33.578328,-117.064248,461.011713,2.246227,0.894469
38565.000000,33.578290,-117.064304,474.589953,33.578328,-117.064248,461.012307,2.246236,0.894260
38580.000000,33.578290,-117.064304,474.625255,33.578328,-117.064248,461.012901,2.246296,0.894050
38595.000000,33.578290,-117.064304,474.659631,33.578328,-117.064248,461.013495,2.246311,0.893841
38610.000000,33.578290,-117.064304,474.694661,33.578328,-117.064248,461.014089,2.246389,0.893632
38625.000000,33.578290,-117.064304,474.728485,33.578328,-117.064248,461.014683,2.246490,0.893423
38640.000000,33.578290,-117.064304,474.760713,33.578328,-117.064248,461.015277,2.246542,0.893215
38655.000000,33.578290,-117.064303,474.792961,33.578328,-117.064248,461.015871,2.246578,0.893006
38670.000000,33.578291,-117.064303,474.826553,33.578328,-117.064248,461.016465,2.246645,0.892798
38685.000000,33.578291,-117.064303,474.858844,33.578328,-117.064248,461.017059,2.246721,0.892590
38700.000000,33.578291,-117.064303,474.889396,33.578328,-117.064248,461.017653,2.246821,0.892383
38715.000000,33.578291,-117.064303,474.920465,33.578328,-117.064248,461.018247,2.246961,0.892175
38730.000000,33.578291,-117.064303,474.951418,33.578328,-117.064248,461.018841,2.247101,0.891968
38745.000000,33.578291,-117.064303,474.981209,33.578328,-117.064248,461.019435,2.247261,0.891761
38760.000000,33.578291,-117.064303,475.009369,33.578328,-117.064248,461.020029,2.247412,0.891554
38775.000000,33.578291,-117.064302,475.036932,33.578328,-117.064248,461.020623,2.247576,0.891348
38790.000000,33.578291,-117.064302,475.063717,33.578328,-117.064248,461.021217,2.247773,0.891142
38805.000000,33.578291,-117.064302,475.090575,33.578328,-117.064248,461.021811,2.247929,0.890935
38820.000000,33.578291,-117.064302,475.117261,33.578328,-117.064248,461.022405,2.248119,0.890730
38835.000000,33.578291,-117.064302,475.143224,33.578328,-117.064248,461.022999,2.248340,0.890524
38850.000000,33.578291,-117.064302,475.168747,33.578328,-117.064248,461.023593,2.248534,0.890319
38865.000000,33.578291,-117.064302,475.194334,33.578328,-117.064248,461.024187,2.248765,0.890113
38880.000000,33.578291,-117.064302,475.218083,33.578328,-117.064248,461.024781,2.249010,0.889908
38895.000000,33.578291,-117.064301,475.242244,33.578328,-117.064248,461.025375,2.249263,0.889704
38910.000000,33.578292,-117.064301,475.265858,33.578328,-117.064248,461.025969,2.249512,0.889499
38925.000000,33.578292,-117.064301,475.290241,33.578328,-117.064248,461.026563,2.249787,0.889295
38940.000000,33.578292,-117.064301,475.314685,33.578328,-117.064248,461.027157,2.250070,0.889091
38955.000000,33.578292,-117.064301,475.337959,33.578328,-117.064248,461.027751,2.250363,0.888887
38970.000000,33.578292,-117.064301,475.360791,33.578328,-117.064248,461.028345,2.250622,0.888683
38985.000000,33.578292,-117.064301,475.382818,33.578328,-117.064248,461.028939,2.250897,0.888480
39000.000000,33.578292,-117.064301,475.402830,33.578328,-117.064248,461.029533,2.251181,0.888277
39015.000000,33.578292,-117.064301,475.421934,33.578328,-117.064248,461.030127,2.251481,0.888074
39030.000000,33.578292,-117.064300,475.441907,33.578328,-117.064248,461.030721,2.251784,0.887871
39045.000000,33.578292,-117.064300,475.461125,33.578328,-117.064248,461.031315,2.252064,0.887669
39060.000000,33.578292,-117.064300,475.480237,33.578328,-117.064248,461.031909,2.252338,0.887466
39075.000000,33.578292,-117.064300,475.499118,33.578328,-117.064248,461.032503,2.252662,0.887264
39090.000000,33.578292,-117.064300,475.518398,33.578328,-117.064248,461.033097,2.252991,0.887062
39105.000000,33.578292,-117.064300,475.537281,33.578328,-117.064248,461.033691,2.253336,0.886861
39120.000000,33.578292,-117.064300,475.554493,33.578328,-117.064248,461.034285,2.253708,0.886659
39135.000000,33.578292,-117.064300,475.572126,33.578328,-117.064248,461.034879,2.254083,0.886458
39150.000000,33.578292,-117.064300,475.588742,33.578328,-117.064248,461.035473,2.254456,0.886257
39165.000000,33.578292,-117.064300,475.605561,33.578328,-117.064248,461.036067,2.254817,0.886057
39180.000000,33.578292,-117.064299,475.623004,33.578328,-117.064248,461.036661,2.255171,0.885856
39195.000000,33.578292,-117.064299,475.638459,33.578328,-117.064248,461.037255,2.255541,0.885656
39210.000000,33.578292,-117.064299,475.653943,33.578328,-117.064248,461.037849,2.255902,0.885456
39225.000000,33.578292,-117.064299,475.670195,33.578328,-117.064248,461.038443,2.256280,0.885256
39240.000000,33.578292,-117.064299,475.685688,33.578328,-117.064248,461.039037,2.256657,0.885057
39255.000000,33.578293,-117.064299,475.701060,33.578328,-117.064248,461.039631,2.257047,0.884857
39270.000000,33.578293,-117.064299,475.714565,33.578328,-117.064248,461.040225,2.257473,0.884658
39285.000000,33.578293,-117.064299,475.728456,33.578328,-117.064248,461.040819,2.257852,0.884460
39300.000000,33.578293,-117.064299,475.740282,33.578328,-117.064248,461.041413,2.258227,0.884261
39315.000000,33.578293,-117.064299,475.752592,33.578328,-117.064248,461.042007,2.258624,0.884063
39330.000000,33.578293,-117.064299,475.766408,33.578328,-117.064248,461.042601,2.259022,0.883864
39345.000000,33.578293,-117.064299,475.779172,33.578328,-117.064248,461.043195,2.259418,0.883666
39360.000000,33.578293,-117.064299,475.791419,33.578327,-117.064248,461.043789,2.259844,0.883469
39375.000000,33.578293,-117.064298,475.801813,33.578327,-117.064248,461.044383,2.260275,0.883271
39390.000000,33.578293,-117.064298,475.813899,33.578327,-117.064248,461.044977,2.260702,0.883074
39405.000000,33.578293,-117.064298,475.823790,33.578327,-117.064248,461.045571,2.261155,0.882877
39420.000000,33.578293,-117.064298,475.834308,33.578327,-117.064248,461.046165,2.261597,0.882680
39435.000000,33.578293,-117.064298,475.844743,33.578327,-117.064248,461.046759,2.262059,0.882484
39450.000000,33.578293,-117.064298,475.854572,33.578327,-117.064248,461.047353,2.262543,0.882287
39465.000000,33.578293,-117.064298,475.863112,33.578327,-117.064248,461.047947,2.263018,0.882091
39480.000000,33.578293,-117.064298,475.885779,33.578327,-117.064248,461.048541,2.263402,0.881895
39495.000000,33.578293,-117.064298,475.907463,33.578327,-117.064248,461.049135,2.263784,0.881700
39510.000000,33.578293,-117.064298,475.929280,33.578327,-117.064248,461.049729,2.264171,0.881504
39525.000000,33.578293,-117.064298,475.948745,33.578327,-117.064248,461.050323,2.264590,0.881309
39540.000000,33.578293,-117.064297,475.968993,33.578327,-117.064248,461.050917,2.264986,0.881114
39555.000000,33.578293,-117.064297,475.987211,33.578327,-117.064248,461.051511,2.265400,0.880919
39570.000000,33.578293,-117.064297,476.005912,33.578327,-117.064248,461.052105,2.265796,0.880725
39585.000000,33.578293,-117.064297,476.023704,33.578327,-117.064248,461.052699,2.266211,0.880531
39600.000000,33.578293,-117.064297,476.042087,33.578327,-117.064248,461.053293,2.266614,0.880337
39615.000000,33.578293,-117.064297,476.060431,33.578327,-117.064248,461.053887,2.267030,0.880143
39630.000000,33.578293,-117.064297,476.077948,33.578327,-117.064248,461.054481,2.267438,0.879949
39645.000000,33.578293,-117.064297,476.095036,33.578327,-117.064248,461.055075,2.267876,0.879756
39660.000000,33.578293,-117.064297,476.113062,33.578327,-117.064248,461.055669,2.268297,0.879563
39675.000000,33.578293,-117.064296,476.129451,33.578327,-117.064248,461.056263,2.268724,0.879370
39690.000000,33.578293,-117.064296,476.145435,33.578327,-117.064248,461.056857,2.269148,0.879177
39705.000000,33.578293,-117.064296,476.161294,33.578327,-117.064248,461.057451,2.269554,0.878985
39720.000000,33.578293,-117.064296,476.177479,33.578327,-117.064248,461.058045,2.269974,0.878793
39735.000000,33.578293,-117.064296,476.191725,33.578327,-117.064248,461.058639,2.270404,0.878601
39750.000000,33.578293,-117.064296,476.210986,33.578327,-117.064248,461.059233,2.270987,0.878409
39765.000000,33.578293,-117.064296,476.230578,33.578327,-117.064248,461.059827,2.271574,0.878218
39780.000000,33.578293,-117.064296,476.250435,33.578327,-117.064248,461.060421,2.272171,0.878027
39795.000000,33.578293,-117.064296,476.269651,33.578327,-117.064248,461.061015,2.272767,0.877836
39810.000000,33.578293,-117.064296,476.288246,33.578327,-117.064248,461.061609,2.273372,0.877645
39825.000000,33.578293,-117.064296,476.306255,33.578327,-117.064248,461.062203,2.273992,0.877454
39840.000000,33.578293,-117.064296,476.324506,33.578327,-117.064248,461.062797,2.274598,0.877264
39855.000000,33.578293,-117.064296,476.342204,33.578327,-117.064248,461.063391,2.275221,0.877074
39870.000000,33.578293,-117.064296,476.359840,33.578327,-117.064248,461.063985,2.275841,0.876884
39885.000000,33.578292,-117.064296,476.377587,33.578327,-117.064248,461.064579,2.276459,0.876695
39900.000000,33.578292,-117.064296,476.394992,33.578327,-117.064248,461.065173,2.277070,0.876505
39915.000000,33.578292,-117.064296,476.411960,33.578327,-117.064248,461.065767,2.277697,0.876316
39930.000000,33.578292,-117.064296,476.429179,33.578327,-117.064248,461.066361,2.278319,0.876127
39945.000000,33.578292,-117.064295,476.445872,33.578327,-117.064248,461.066954,2.278955,0.875939
39960.000000,33.578292,-117.064295,476.462188,33.578327,-117.064248,461.067548,2.279595,0.875750
39975.000000,33.578292,-117.064295,476.478440,33.578327,-117.064248,461.068142,2.280240,0.875562
39990.000000,33.578292,-117.064295,476.494678,33.578327,-117.064248,461.068736,2.280858,0.875374
40005.000000,33.578292,-117.064295,476.510738,33.578327,-117.064248,461.069330,2.281505,0.875186
40020.000000,33.578292,-117.064295,476.526902,33.578327,-117.064248,461.069924,2.282171,0.874999
40035.000000,33.578292,-117.064295,476.542599,33.578327,-117.064248,461.070518,2.282826,0.874812
40050.000000,33.578292,-117.064295,476.557703,33.578327,-117.064248,461.071112,2.283485,0.874625
40065.000000,33.578292,-117.064295,476.572873,33.578327,-117.064248,461.071706,2.284145,0.874438
40080.000000,33.578292,-117.064295,476.587331,33.578327,-117.064248,461.072300,2.284817,0.874251
40095.000000,33.578292,-117.064295,476.601893,33.578327,-117.064248,461.072894,2.285486,0.874065
40110.000000,33.578292,-117.064295,476.615919,33.578327,-117.064248,461.073488,2.286149,0.873879
40125.000000,33.578292,-117.064295,476.630313,33.578327,-117.064248,461.074082,2.286820,0.873693
40140.000000,33.578291,-117.064295,476.644137,33.578327,-117.064248,461.074676,2.287492,0.873508
40155.000000,33.578291,-117.064295,476.657376,33.578327,-117.064248,461.075270,2.288160,0.873322
40170.000000,33.578291,-117.064295,476.670284,33.578327,-117.064248,461.075864,2.288818,0.873137
40185.000000,33.578291,-117.064295,476.682751,33.578326,-117.064248,461.076458,2.289481,0.872952
40200.000000,33.578291,-117.064295,476.695874,33.578326,-117.064248,461.077052,2.290135,0.872768
40215.000000,33.578291,-117.064295,476.708622,33.578326,-117.064248,461.077646,2.290806,0.872583
40230.000000,33.578291,-117.064295,476.721191,33.578326,-117.064248,461.078240,2.291487,0.872399
40245.000000,33.578291,-117.064295,476.733162,33.578326,-117.064248,461.078834,2.292170,0.872215
40260.000000,33.578291,-117.064295,476.744944,33.578326,-117.064248,461.079428,2.292859,0.872032
40275.000000,33.578291,-117.064295,476.756624,33.578326,-117.064248,461.080022,2.293542,0.871848
40290.000000,33.578291,-117.064295,476.767936,33.578326,-117.064248,461.080616,2.294217,0.871665
40305.000000,33.578291,-117.064295,476.779255,33.578326,-117.064248,461.081210,2.294887,0.871482
40320.000000,33.578291,-117.064295,476.790726,33.578326,-117.064248,461.081804,2.295565,0.871299
40335.000000,33.578291,-117.064295,476.801677,33.578326,-117.064248,461.082398,2.296251,0.871117
40350.000000,33.578290,-117.064295,476.811880,33.578326,-117.064248,461.082992,2.296948,0.870935
40365.000000,33.578290,-117.064295,476.821687,33.578326,-117.064248,461.083586,2.297654,0.870753
40380.000000,33.578290,-117.064295,476.831364,33.578326,-117.064248,461.084180,2.298383,0.870571
40395.000000,33.578290,-117.064295,476.840469,33.578326,-117.064248,461.084774,2.299115,0.870389
40410.000000,33.578290,-117.064295,476.849151,33.578326,-117.064248,461.085368,2.299848,0.870208
40425.000000,33.578290,-117.064295,476.857951,33.578326,-117.064248,461.085962,2.300559,0.870027
40440.000000,33.578290,-117.064295,476.866784,33.578326,-117.064248,461.086556,2.301258,0.869846
40455.000000,33.578290,-117.064295,476.875741,33.578326,-117.064248,461.087150,2.301950,0.869666
40470.000000,33.578290,-117.064295,476.884463,33.578326,-117.064248,461.087744,2.302642,0.869486
40485.000000,33.578290,-117.064295,476.893233,33.578326,-117.064248,461.088338,2.303336,0.869305
40500.000000,33.578290,-117.064295,476.901802,33.578326,-117.064248,461.088932,2.304038,0.869126
40515.000000,33.578290,-117.064295,476.909545,33.578326,-117.064248,461.089526,2.304739,0.868946
40530.000000,33.578290,-117.064295,476.916965,33.578326,-117.064248,461.090120,2.305455,0.868767
40545.000000,33.578289,-117.064295,476.924091,33.578326,-117.064248,461.090714,2.306167,0.868588
40560.000000,33.578289,-117.064295,476.930473,33.578326,-117.064248,461.091308,2.306872,0.868409
40575.000000,33.578289,-117.064295,476.936867,33.578326,-117.064248,461.091902,2.307584,0.868230
40590.000000,33.578289,-117.064295,476.943334,33.578326,-117.064248,461.092496,2.308303,0.868052
40605.000000,33.578289,-117.064295,476.949499,33.578326,-117.064248,461.093090,2.309020,0.867874
40620.000000,33.578289,-117.064295,476.954925,33.578326,-117.064248,461.093684,2.309738,0.867696
40635.000000,33.578289,-117.064295,476.959595,33.578326,-117.064248,461.094278,2.310440,0.867518
40650.000000,33.578289,-117.064295,476.964288,33.578326,-117.064248,461.094872,2.311156,0.867341
40665.000000,33.578289,-117.064295,476.969165,33.578326,-117.064248,461.095466,2.311872,0.867163
40680.000000,33.578289,-117.064295,476.974093,33.578326,-117.064248,461.096060,2.312591,0.866986
40695.000000,33.578289,-117.064295,476.978829,33.578326,-117.064248,461.096654,2.313324,0.866810
40710.000000,33.578289,-117.064295,476.983189,33.578326,-117.064248,461.097248,2.314052,0.866633
40725.000000,33.578289,-117.064295,476.986866,33.578326,-117.064248,461.097842,2.314775,0.866457
40740.000000,33.578288,-117.064295,476.990282,33.578326,-117.064248,461.098436,2.315497,0.866281
40755.000000,33.578288,-117.064295,476.994008,33.578326,-117.064248,461.099030,2.316218,0.866105
40770.000000,33.578288,-117.064295,476.997573,33.578326,-117.064248,461.099624,2.316941,0.865930
40785.000000,33.578288,-117.064295,477.000896,33.578326,-117.064248,461.100218,2.317662,0.865755
40800.000000,33.578288,-117.064295,477.003809,33.578326,-117.064248,461.100812,2.318383,0.865580
40815.000000,33.578288,-117.064295,477.006905,33.578326,-117.064248,461.101406,2.319118,0.865405
40830.000000,33.578288,-117.064295,477.009531,33.578326,-117.064248,461.102000,2.319857,0.865231
40845.000000,33.578288,-117.064295,477.012000,33.578326,-117.064248,461.102594,2.320596,0.865056
40860.000000,33.578288,-117.064295,477.014187,33.578326,-117.064248,461.103188,2.321335,0.864882
40875.000000,33.578288,-117.064295,477.015923,33.578326,-117.064248,461.103782,2.322080,0.864709
40890.000000,33.578288,-117.064295,477.017154,33.578326,-117.064248,461.104376,2.322816,0.864535
40905.000000,33.578288,-117.064295,477.018302,33.578326,-117.064248,461.104970,2.323555,0.864362
40920.000000,33.578287,-117.064295,477.019297,33.578326,-117.064248,461.105564,2.324282,0.864189
40935.000000,33.578287,-117.064295,477.020096,33.578326,-117.064248,461.106158,2.325009,0.864016
40950.000000,33.578287,-117.064295,477.020416,33.578326,-117.064248,461.106752,2.325736,0.863843
40965.000000,33.578287,-117.064295,477.020327,33.578326,-117.064248,461.107346,2.326466,0.863671
40980.000000,33.578287,-117.064295,477.020116,33.578326,-117.064248,461.107940,2.327190,0.863499
40995.000000,33.578287,-117.064295,477.019669,33.578326,-117.064248,461.108534,2.327913,0.863327
41010.000000,33.578287,-117.064295,477.018791,33.578325,-117.064248,461.109128,2.328637,0.863156
41025.000000,33.578287,-117.064295,477.017829,33.578325,-117.064248,461.109722,2.329358,0.862984
41040.000000,33.578287,-117.064295,477.017057,33.578325,-117.064248,461.110316,2.330080,0.862813
41055.000000,33.578287,-117.064295,477.016093,33.578325,-117.064248,461.110910,2.330797,0.862643
41070.000000,33.578287,-117.064295,477.023077,33.578325,-117.064248,461.111504,2.331542,0.862472
41085.000000,33.578287,-117.064295,477.030249,33.578325,-117.064248,461.112098,2.332282,0.862302
41100.000000,33.578287,-117.064295,477.035716,33.578325,-117.064248,461.112692,2.333014,0.862132
41115.000000,33.578287,-117.064295,477.041010,33.578325,-117.064248,461.113286,2.333755,0.861962
41130.000000,33.578287,-117.064295,477.047063,33.578325,-117.064248,461.113880,2.334530,0.861792
41145.000000,33.578287,-117.064295,477.051787,33.578325,-117.064248,461.114474,2.335252,0.861623
41160.000000,33.578287,-117.064295,477.056970,33.578325,-117.064248,461.115068,2.336038,0.861454
41175.000000,33.578287,-117.064295,477.061352,33.578325,-117.064248,461.115662,2.336782,0.861285
41190.000000,33.578287,-117.064295,477.065943,33.578325,-117.064248,461.116256,2.337551,0.861116
41205.000000,33.578287,-117.064295,477.069443,33.578325,-117.064248,461.116850,2.338289,0.860948
41220.000000,33.578287,-117.064295,477.073165,33.578325,-117.064248,461.117444,2.339059,0.860780
41235.000000,33.578287,-117.064295,477.076293,33.578325,-117.064248,461.118038,2.339808,0.860612
41250.000000,33.578287,-117.064295,477.079515,33.578325,-117.064248,461.118632,2.340567,0.860444
41265.000000,33.578286,-117.064295,477.081695,33.578325,-117.064248,461.119226,2.341329,0.860277
41280.000000,33.578286,-117.064295,477.084289,33.578325,-117.064248,461.119820,2.342098,0.860110
41295.000000,33.578286,-117.064295,477.086235,33.578325,-117.064248,461.120414,2.342833,0.859943
41310.000000,33.578287,-117.064295,477.117556,33.578325,-117.064248,461.121008,2.343289,0.859777
41325.000000,33.578287,-117.064295,477.148855,33.578325,-117.064248,461.121602,2.343747,0.859610
41340.000000,33.578287,-117.064295,477.179301,33.578325,-117.064248,461.122196,2.344208,0.859444
41355.000000,33.578287,-117.064295,477.209745,33.578325,-117.064248,461.122789,2.344693,0.859278
41370.000000,33.578287,-117.064295,477.238934,33.578325,-117.064248,461.123383,2.345177,0.859113
41385.000000,33.578287,-117.064295,477.268762,33.578325,-117.064248,461.123977,2.345656,0.858947
41400.000000,33.578287,-117.064295,477.297004,33.578325,-117.064248,461.124571,2.346139,0.858782
41415.000000,33.578287,-117.064295,477.325182,33.578325,-117.064248,461.125165,2.346620,0.858617
41430.000000,33.578287,-117.064295,477.352997,33.578325,-117.064248,461.125759,2.347114,0.858453
41445.000000,33.578287,-117.064295,477.379533,33.578325,-117.064248,461.126353,2.347618,0.858288
41460.000000,33.578287,-117.064296,477.405961,33.578325,-117.064248,461.126947,2.348100,0.858124
41475.000000,33.578287,-117.064296,477.433082,33.578325,-117.064248,461.127541,2.348585,0.857960
41490.000000,33.578287,-117.064296,477.459489,33.578325,-117.064248,461.128135,2.349112,0.857797
41505.000000,33.578287,-117.064296,477.485401,33.578325,-117.064248,461.128729,2.349630,0.857633
41520.000000,33.578287,-117.064296,477.511587,33.578325,-117.064248,461.129323,2.350135,0.857470
41535.000000,33.578287,-117.064296,477.537672,33.578325,-117.064248,461.129917,2.350652,0.857307
41550.000000,33.578287,-117.064296,477.563881,33.578325,-117.064248,461.130511,2.351185,0.857145
41565.000000,33.578287,-117.064296,477.589874,33.578325,-117.064248,461.131105,2.351709,0.856983
41580.000000,33.578287,-117.064296,477.613954,33.578325,-117.064248,461.131699,2.352232,0.856820
41595.000000,33.578287,-117.064296,477.637391,33.578325,-117.064248,461.132293,2.352752,0.856659
41610.000000,33.578287,-117.064296,477.660436,33.578325,-117.064248,461.132887,2.353291,0.856497
41625.000000,33.578287,-117.064296,477.683467,33.578325,-117.064248,461.133481,2.353853,0.856336
41640.000000,33.578288,-117.064296,477.706925,33.578325,-117.064248,461.134075,2.354396,0.856175
41655.000000,33.578288,-117.064297,477.729446,33.578325,-117.064248,461.134669,2.354924,0.856014
41670.000000,33.578288,-117.064297,477.751616,33.578325,-117.064248,461.135263,2.355470,0.855853
41685.000000,33.578288,-117.064297,477.773048,33.578325,-117.064248,461.135857,2.356022,0.855693
41700.000000,33.578288,-117.064297,477.793792,33.578325,-117.064248,461.136451,2.356573,0.855533
41715.000000,33.578288,-117.064297,477.814393,33.578325,-117.064248,461.137045,2.357122,0.855373
41730.000000,33.578288,-117.064297,477.833734,33.578325,-117.064248,461.137639,2.357679,0.855213
41745.000000,33.578288,-117.064297,477.852466,33.578325,-117.064248,461.138233,2.358222,0.855054
41760.000000,33.578288,-117.064297,477.871669,33.578325,-117.064248,461.138827,2.358784,0.854895
41775.000000,33.578288,-117.064297,477.889870,33.578325,-117.064248,461.139421,2.359358,0.854736
41790.000000,33.578288,-117.064297,477.907657,33.578325,-117.064248,461.140015,2.359928,0.854578
41805.000000,33.578288,-117.064297,477.925484,33.578325,-117.064248,461.140609,2.360506,0.854419
41820.000000,33.578288,-117.064297,477.942567,33.578325,-117.064248,461.141203,2.361069,0.854261
41835.000000,33.578288,-117.064297,477.958678,33.578324,-117.064248,461.141797,2.361641,0.854103
41850.000000,33.578288,-117.064297,477.974674,33.578324,-117.064248,461.142391,2.362216,0.853946
41865.000000,33.578288,-117.064298,477.991129,33.578324,-117.064248,461.142985,2.362787,0.853789
41880.000000,33.578288,-117.064298,478.007623,33.578324,-117.064248,461.143579,2.363367,0.853631
41895.000000,33.578288,-117.064298,478.024366,33.578324,-117.064248,461.144173,2.363943,0.853475
41910.000000,33.578288,-117.064298,478.040215,33.578324,-117.064248,461.144767,2.364526,0.853318
41925.000000,33.578288,-117.064298,478.054707,33.578324,-117.064248,461.145361,2.365107,0.853162
41940.000000,33.578288,-117.064298,478.068898,33.578324,-117.064248,461.145955,2.365703,0.853006
41955.000000,33.578289,-117.064298,478.083067,33.578324,-117.064248,461.146549,2.366276,0.852850
41970.000000,33.578289,-117.064298,478.097183,33.578324,-117.064248,461.147143,2.366864,0.852695
41985.000000,33.578289,-117.064298,478.110458,33.578324,-117.064248,461.147737,2.367452,0.852539
42000.000000,33.578289,-117.064298,478.122471,33.578324,-117.064248,461.148331,2.368059,0.852384
42015.000000,33.578289,-117.064298,478.134491,33.578324,-117.064248,461.148925,2.368660,0.852230
42030.000000,33.578289,-117.064298,478.145742,33.578324,-117.064248,461.149519,2.369270,0.852075
42045.000000,33.578289,-117.064298,478.156819,33.578324,-117.064248,461.150113,2.369878,0.851921
42060.000000,33.578289,-117.064298,478.167823,33.578324,-117.064248,461.150707,2.370505,0.851767
42075.000000,33.578289,-117.064299,478.179039,33.578324,-117.064248,461.151301,2.371129,0.851613
42090.000000,33.578289,-117.064299,478.188951,33.578324,-117.064248,461.151895,2.371749,0.851460
42105.000000,33.578289,-117.064299,478.197620,33.578324,-117.064248,461.152489,2.372373,0.851306
42120.000000,33.578289,-117.064299,478.205596,33.578324,-117.064248,461.153083,2.372986,0.851154
42135.000000,33.578289,-117.064299,478.213229,33.578324,-117.064248,461.153677,2.373613,0.851001
42150.000000,33.578289,-117.064299,478.221099,33.578324,-117.064248,461.154271,2.374237,0.850848
42165.000000,33.578289,-117.064299,478.228370,33.578324,-117.064248,461.154865,2.374877,0.850696
42180.000000,33.578289,-117.064299,478.235344,33.578324,-117.064248,461.155459,2.375515,0.850544
42195.000000,33.578289,-117.064299,478.241368,33.578324,-117.064248,461.156053,2.376158,0.850393
42210.000000,33.578289,-117.064299,478.247126,33.578324,-117.064248,461.156647,2.376793,0.850241
42225.000000,33.578289,-117.064299,478.253083,33.578324,-117.064248,461.157241,2.377417,0.850090
42240.000000,33.578289,-117.064299,478.259012,33.578324,-117.064248,461.157835,2.378029,0.849939
42255.000000,33.578289,-117.064299,478.264140,33.578324,-117.064248,461.158429,2.378645,0.849788
42270.000000,33.578290,-117.064299,478.267954,33.578324,-117.064248,461.159023,2.379275,0.849638
42285.000000,33.578290,-117.064300,478.270419,33.578324,-117.064248,461.159617,2.379904,0.849488
42300.000000,33.578290,-117.064300,478.273465,33.578324,-117.064248,461.160211,2.380532,0.849338
42315.000000,33.578290,-117.064300,478.276140,33.578324,-117.064248,461.160805,2.381158,0.849189
42330.000000,33.578290,-117.064300,478.279112,33.578324,-117.064248,461.161399,2.381780,0.849039
42345.000000,33.578290,-117.064300,478.281032,33.578324,-117.064248,461.161993,2.382400,0.848890
42360.000000,33.578290,-117.064300,478.283153,33.578324,-117.064248,461.162587,2.383024,0.848741
42375.000000,33.578290,-117.064300,478.285278,33.578324,-117.064248,461.163181,2.383650,0.848593
42390.000000,33.578290,-117.064300,478.286042,33.578324,-117.064248,461.163775,2.384279,0.848444
42405.000000,33.578290,-117.064300,478.286628,33.578324,-117.064248,461.164369,2.384904,0.848296
42420.000000,33.578290,-117.064300,478.286454,33.578324,-117.064248,461.164963,2.385531,0.848149
42435.000000,33.578290,-117.064300,478.286330,33.578324,-117.064248,461.165557,2.386149,0.848001
42450.000000,33.578290,-117.064300,478.285977,33.578324,-117.064248,461.166151,2.386762,0.847854
42465.000000,33.578290,-117.064300,478.283700,33.578324,-117.064248,461.166745,2.387393,0.847707
42480.000000,33.578290,-117.064300,478.281945,33.578324,-117.064248,461.167339,2.388012,0.847560
42495.000000,33.578290,-117.064300,478.278905,33.578324,-117.064248,461.167933,2.388633,0.847413
42510.000000,33.578290,-117.064301,478.276241,33.578324,-117.064248,461.168527,2.389249,0.847267
42525.000000,33.578291,-117.064301,478.273179,33.578324,-117.064248,461.169121,2.389869,0.847121
42540.000000,33.578291,-117.064301,478.270428,33.578324,-117.064248,461.169715,2.390475,0.846975
42555.000000,33.578291,-117.064301,478.266180,33.578324,-117.064248,461.170309,2.391097,0.846830
42570.000000,33.578291,-117.064301,478.261515,33.578324,-117.064248,461.170903,2.391705,0.846685
42585.000000,33.578291,-117.064301,478.255431,33.578324,-117.064248,461.171497,2.392316,0.846540
42600.000000,33.578291,-117.064301,478.249146,33.578324,-117.064248,461.172091,2.392929,0.846395
42615.000000,33.578291,-117.064301,478.242901,33.578324,-117.064248,461.172685,2.393543,0.846251
42630.000000,33.578291,-117.064301,478.235780,33.578324,-117.064248,461.173279,2.394148,0.846107
42645.000000,33.578291,-117.064301,478.228951,33.578324,-117.064248,461.173873,2.394745,0.845963
42660.000000,33.578291,-117.064301,478.221106,33.578323,-117.064248,461.174467,2.395340,0.845819
42675.000000,33.578291,-117.064301,478.212511,33.578323,-117.064248,461.175061,2.395925,0.845676
42690.000000,33.578291,-117.064301,478.203118,33.578323,-117.064248,461.175655,2.396516,0.845533
42705.000000,33.578291,-117.064302,478.193087,33.578323,-117.064248,461.176249,2.397116,0.845390
42720.000000,33.578291,-117.064302,478.182148,33.578323,-117.064248,461.176843,2.397725,0.845247
42735.000000,33.578292,-117.064302,478.171494,33.578323,-117.064248,461.177437,2.398332,0.845105
42750.000000,33.578292,-117.064302,478.160814,33.578323,-117.064248,461.178031,2.398928,0.844963
42765.000000,33.578292,-117.064302,478.149128,33.578323,-117.064248,461.178625,2.399508,0.844821
42780.000000,33.578292,-117.064302,478.136987,33.578323,-117.064248,461.179219,2.400088,0.844680
42795.000000,33.578292,-117.064302,478.123245,33.578323,-117.064248,461.179812,2.400674,0.844538
42810.000000,33.578292,-117.064302,478.109585,33.578323,-117.064248,461.180406,2.401253,0.844397
42825.000000,33.578292,-117.064302,478.094435,33.578323,-117.064248,461.181000,2.401831,0.844257
42840.000000,33.578292,-117.064302,478.079197,33.578323,-117.064248,461.181594,2.402410,0.844116
42855.000000,33.578292,-117.064302,478.063910,33.578323,-117.064248,461.182188,2.402984,0.843976
42870.000000,33.578292,-117.064302,478.047880,33.578323,-117.064248,461.182782,2.403565,0.843836
42885.000000,33.578292,-117.064302,478.030986,33.578323,-117.064248,461.183376,2.404148,0.843696
42900.000000,33.578292,-117.064302,478.013283,33.578323,-117.064248,461.183970,2.404726,0.843557
42915.000000,33.578293,-117.064303,477.995140,33.578323,-117.064248,461.184564,2.405305,0.843418
42930.000000,33.578293,-117.064303,477.976443,33.578323,-117.064248,461.185158,2.405898,0.843279
42945.000000,33.578293,-117.064303,477.958094,33.578323,-117.064248,461.185752,2.406486,0.843140
42960.000000,33.578293,-117.064303,477.938461,33.578323,-117.064248,461.186346,2.407058,0.843002
42975.000000,33.578293,-117.064303,477.918364,33.578323,-117.064248,461.186940,2.407635,0.842864
42990.000000,33.578293,-117.064303,477.898158,33.578323,-117.064248,461.187534,2.408222,0.842726
43005.000000,33.578293,-117.064303,477.877004,33.578323,-117.064248,461.188128,2.408806,0.842588
43020.000000,33.578293,-117.064303,477.855308,33.578323,-117.064248,461.188722,2.409382,0.842451
43035.000000,33.578293,-117.064303,477.832992,33.578323,-117.064248,461.189316,2.409957,0.842314
43050.000000,33.578293,-117.064303,477.810245,33.578323,-117.064248,461.189910,2.410534,0.842177
43065.000000,33.578293,-117.064303,477.787147,33.578323,-117.064248,461.190504,2.411114,0.842040
43080.000000,33.578294,-117.064303,477.763536,33.578323,-117.064248,461.191098,2.411685,0.841904
43095.000000,33.578294,-117.064304,477.738597,33.578323,-117.064248,461.191692,2.412263,0.841768
43110.000000,33.578294,-117.064304,477.713417,33.578323,-117.064248,461.192286,2.412822,0.841632
43125.000000,33.578294,-117.064304,477.688401,33.578323,-117.064248,461.192880,2.413391,0.841497
43140.000000,33.578294,-117.064304,477.662944,33.578323,-117.064248,461.193474,2.413971,0.841362
43155.000000,33.578294,-117.064304,477.636717,33.578323,-117.064248,461.194068,2.414537,0.841227
43170.000000,33.578294,-117.064304,477.609618,33.578323,-117.064248,461.194662,2.415096,0.841092
43185.000000,33.578294,-117.064304,477.581876,33.578323,-117.064248,461.195256,2.415664,0.840958
43200.000000,33.578294,-117.064304,477.552598,33.578323,-117.064248,461.195850,2.416202,0.840824
43215.000000,33.578294,-117.064304,477.522975,33.578323,-117.064248,461.196444,2.416746,0.840690
43230.000000,33.578295,-117.064304,477.492830,33.578323,-117.064248,461.197038,2.417293,0.840556
43245.000000,33.578295,-117.064304,477.462742,33.578323,-117.064248,461.197632,2.417825,0.840423
43260.000000,33.578295,-117.064304,477.432025,33.578323,-117.064248,461.198226,2.418356,0.840290
43275.000000,33.578295,-117.064305,477.400252,33.578323,-117.064248,461.198820,2.418882,0.840157
43290.000000,33.578295,-117.064305,477.366897,33.578323,-117.064248,461.199414,2.419402,0.840025
43305.000000,33.578295,-117.064305,477.332824,33.578323,-117.064248,461.200008,2.419913,0.839892
43320.000000,33.578295,-117.064305,477.298537,33.578323,-117.064248,461.200602,2.420420,0.839760
43335.000000,33.578295,-117.064305,477.263029,33.578323,-117.064248,461.201196,2.420940,0.839629
43350.000000,33.578295,-117.064305,477.229180,33.578323,-117.064248,461.201790,2.421468,0.839497
43365.000000,33.578296,-117.064305,477.194587,33.578323,-117.064248,461.202384,2.421986,0.839366
43380.000000,33.578296,-117.064305,477.159931,33.578323,-117.064248,461.202978,2.422499,0.839235
43395.000000,33.578296,-117.064305,477.124949,33.578323,-117.064248,461.203572,2.423016,0.839104
43410.000000,33.578296,-117.064305,477.087532,33.578323,-117.064248,461.204166,2.423523,0.838974
43425.000000,33.578296,-117.064305,477.049340,33.578323,-117.064248,461.204760,2.424033,0.838844
43440.000000,33.578296,-117.064306,477.011185,33.578323,-117.064248,461.205354,2.424553,0.838714
43455.000000,33.578296,-117.064306,476.972787,33.578323,-117.064248,461.205948,2.425055,0.838584
43470.000000,33.578296,-117.064306,476.932504,33.578323,-117.064248,461.206542,2.425551,0.838455
43485.000000,33.578296,-117.064306,476.892887,33.578322,-117.064248,461.207136,2.426038,0.838326
43500.000000,33.578297,-117.064306,476.852863,33.578322,-117.064248,461.207730,2.426506,0.838197
43515.000000,33.578297,-117.064306,476.810353,33.578322,-117.064248,461.208324,2.426975,0.838069
43530.000000,33.578297,-117.064306,476.767031,33.578322,-117.064248,461.208918,2.427447,0.837940
43545.000000,33.578297,-117.064306,476.721905,33.578322,-117.064248,461.209512,2.427886,0.837812
43560.000000,33.578297,-117.064306,476.677171,33.578322,-117.064248,461.210106,2.428329,0.837685
43575.000000,33.578297,-117.064306,476.632057,33.578322,-117.064248,461.210700,2.428792,0.837557
43590.000000,33.578297,-117.064307,476.585926,33.578322,-117.064248,461.211294,2.429261,0.837430
43605.000000,33.578298,-117.064307,476.539206,33.578322,-117.064248,461.211888,2.429691,0.837303
43620.000000,33.578298,-117.064307,476.491396,33.578322,-117.064248,461.212482,2.430104,0.837177
43635.000000,33.578298,-117.064307,476.442896,33.578322,-117.064248,461.213076,2.430534,0.837050
43650.000000,33.578298,-117.064307,476.393725,33.578322,-117.064248,461.213670,2.430963,0.836924
43665.000000,33.578298,-117.064307,476.343921,33.578322,-117.064248,461.214264,2.431393,0.836798
43680.000000,33.578298,-117.064307,476.291969,33.578322,-117.064248,461.214858,2.431805,0.836673
43695.000000,33.578298,-117.064307,476.240233,33.578322,-117.064248,461.215452,2.432197,0.836547
43710.000000,33.578299,-117.064307,476.188212,33.578322,-117.064248,461.216046,2.432597,0.836422
43725.000000,33.578299,-117.064308,476.134515,33.578322,-117.064248,461.216640,2.432980,0.836298
43740.000000,33.578299,-117.064308,476.078935,33.578322,-117.064248,461.217234,2.433354,0.836173
43755.000000,33.578299,-117.064308,476.023418,33.578322,-117.064248,461.217828,2.433722,0.836049
43770.000000,33.578299,-117.064308,475.968552,33.578322,-117.064248,461.218422,2.434100,0.835925
43785.000000,33.578299,-117.064308,475.913194,33.578322,-117.064248,461.219016,2.434462,0.835801
43800.000000,33.578299,-117.064308,475.857224,33.578322,-117.064248,461.219610,2.434820,0.835678
43815.000000,33.578300,-117.064308,475.800915,33.578322,-117.064248,461.220204,2.435194,0.835555
43830.000000,33.578300,-117.064308,475.743183,33.578322,-117.064248,461.220798,2.435552,0.835432
43845.000000,33.578300,-117.064309,475.683468,33.578322,-117.064248,461.221392,2.435896,0.835310
43860.000000,33.578300,-117.064309,475.626645,33.578322,-117.064248,461.221986,2.436234,0.835187
43875.000000,33.578300,-117.064309,475.565713,33.578322,-117.064248,461.222580,2.436559,0.835065
43890.000000,33.578300,-117.064309,475.504675,33.578322,-117.064248,461.223174,2.436894,0.834943
43905.000000,33.578301,-117.064309,475.443756,33.578322,-117.064248,461.223768,2.437217,0.834822
43920.000000,33.578301,-117.064309,475.382421,33.578322,-117.064248,461.224362,2.437543,0.834701
43935.000000,33.578301,-117.064309,475.316628,33.578322,-117.064248,461.224956,2.437857,0.834580
43950.000000,33.578301,-117.064309,475.252952,33.578322,-117.064248,461.225550,2.438173,0.834459
43965.000000,33.578301,-117.064310,475.187889,33.578322,-117.064248,461.226144,2.438476,0.834339
43980.000000,33.578301,-117.064310,475.120916,33.578322,-117.064248,461.226738,2.438754,0.834219
43995.000000,33.578302,-117.064310,475.053427,33.578322,-117.064248,461.227332,2.439011,0.834099
44010.000000,33.578302,-117.064310,474.982086,33.578322,-117.064248,461.227926,2.439267,0.833979
44025.000000,33.578302,-117.064310,474.911247,33.578322,-117.064248,461.228520,2.439511,0.833860
44040.000000,33.578302,-117.064310,474.840156,33.578322,-117.064248,461.229114,2.439764,0.833741
44055.000000,33.578302,-117.064310,474.769911,33.578322,-117.064248,461.229708,2.439987,0.833622
44070.000000,33.578303,-117.064311,474.699038,33.578322,-117.064248,461.230302,2.440206,0.833504
44085.000000,33.578303,-117.064311,474.628580,33.578322,-117.064248,461.230896,2.440446,0.833385
44100.000000,33.578303,-117.064311,474.554819,33.578322,-117.064248,461.231490,2.440686,0.833267
44115.000000,33.578303,-117.064311,474.480805,33.578322,-117.064248,461.232084,2.440910,0.833150
44130.000000,33.578303,-117.064311,474.408355,33.578322,-117.064248,461.232678,2.441132,0.833032
44145.000000,33.578304,-117.064311,474.330551,33.578322,-117.064248,461.233272,2.441325,0.832915
44160.000000,33.578304,-117.064311,474.253714,33.578322,-117.064248,461.233866,2.441519,0.832798
44175.000000,33.578304,-117.064312,474.178066,33.578322,-117.064248,461.234460,2.441737,0.832682
44190.000000,33.578304,-117.064312,474.102214,33.578322,-117.064248,461.235054,2.441945,0.832566
44205.000000,33.578304,-117.064312,474.025256,33.578322,-117.064248,461.235648,2.442150,0.832450
44220.000000,33.578305,-117.064312,473.947908,33.578322,-117.064248,461.236242,2.442341,0.832334
44235.000000,33.578305,-117.064312,473.868170,33.578322,-117.064248,461.236835,2.442526,0.832218
44250.000000,33.578305,-117.064312,473.787922,33.578322,-117.064248,461.237429,2.442720,0.832103
44265.000000,33.578305,-117.064313,473.705905,33.578322,-117.064248,461.238023,2.442857,0.831988
44280.000000,33.578305,-117.064313,473.623534,33.578322,-117.064248,461.238617,2.443006,0.831874
44295.000000,33.578306,-117.064313,473.537856,33.578322,-117.064248,461.239211,2.443132,0.831759
44310.000000,33.578306,-117.064313,473.450178,33.578321,-117.064248,461.239805,2.443233,0.831645
44325.000000,33.578306,-117.064313,473.360811,33.578321,-117.064248,461.240399,2.443322,0.831531
44340.000000,33.578306,-117.064313,473.276621,33.578321,-117.064248,461.240993,2.443442,0.831418
44355.000000,33.578306,-117.064314,473.190243,33.578321,-117.064248,461.241587,2.443522,0.831304
44370.000000,33.578307,-117.064314,473.099788,33.578321,-117.064248,461.242181,2.443608,0.831191
44385.000000,33.578307,-117.064314,473.008283,33.578321,-117.064248,461.242775,2.443649,0.831079
44400.000000,33.578307,-117.064314,472.915605,33.578321,-117.064248,461.243369,2.443680,0.830966
44415.000000,33.578307,-117.064314,472.825923,33.578321,-117.064248,461.243963,2.443722,0.830854
44430.000000,33.578308,-117.064314,472.730770,33.578321,-117.064248,461.244557,2.443742,0.830742
44445.000000,33.578308,-117.064315,472.636031,33.578321,-117.064248,461.245151,2.443741,0.830631
44460.000000,33.578308,-117.064315,472.540001,33.578321,-117.064248,461.245745,2.443729,0.830519
44475.000000,33.578308,-117.064315,472.442384,33.578321,-117.064248,461.246339,2.443679,0.830408
44490.000000,33.578309,-117.064315,472.345258,33.578321,-117.064248,461.246933,2.443635,0.830297
44505.000000,33.578309,-117.064315,472.229954,33.578321,-117.064248,461.247527,2.443870,0.830187
44520.000000,33.578309,-117.064315,472.112190,33.578321,-117.064248,461.248121,2.444080,0.830077
44535.000000,33.578309,-117.064315,471.992446,33.578321,-117.064248,461.248715,2.444263,0.829967
44550.000000,33.578310,-117.064315,471.870488,33.578321,-117.064248,461.249309,2.444446,0.829857
44565.000000,33.578310,-117.064316,471.746858,33.578321,-117.064248,461.249903,2.444612,0.829748
44580.000000,33.578310,-117.064316,471.620014,33.578321,-117.064248,461.250497,2.444765,0.829638
44595.000000,33.578310,-117.064316,471.490297,33.578321,-117.064248,461.251091,2.444892,0.829530
44610.000000,33.578311,-117.064316,471.359120,33.578321,-117.064248,461.251685,2.445000,0.829421
44625.000000,33.578311,-117.064316,471.226977,33.578321,-117.064248,461.252279,2.445113,0.829313
44640.000000,33.578311,-117.064316,471.092809,33.578321,-117.064248,461.252873,2.445197,0.829205
44655.000000,33.578312,-117.064316,470.956852,33.578321,-117.064248,461.253467,2.445276,0.829097
44670.000000,33.578312,-117.064316,470.819078,33.578321,-117.064248,461.254061,2.445346,0.828989
44685.000000,33.578312,-117.064316,470.679793,33.578321,-117.064248,461.254655,2.445380,0.828882
44700.000000,33.578312,-117.064316,470.541734,33.578321,-117.064248,461.255249,2.445441,0.828775
44715.000000,33.578313,-117.064316,470.402248,33.578321,-117.064248,461.255843,2.445494,0.828669
44730.000000,33.578313,-117.064316,470.260235,33.578321,-117.064248,461.256437,2.445516,0.828562
44745.000000,33.578313,-117.064316,470.114191,33.578321,-117.064248,461.257031,2.445523,0.828456
44760.000000,33.578314,-117.064316,469.964861,33.578321,-117.064248,461.257625,2.445509,0.828351
44775.000000,33.578314,-117.064317,469.815560,33.578321,-117.064248,461.258219,2.445484,0.828245
44790.000000,33.578314,-117.064317,469.665136,33.578321,-117.064248,461.258813,2.445456,0.828140
44805.000000,33.578315,-117.064317,469.514676,33.578321,-117.064248,461.259407,2.445427,0.828035
44820.000000,33.578315,-117.064317,469.360804,33.578321,-117.064248,461.260001,2.445363,0.827930
44835.000000,33.578315,-117.064317,469.203660,33.578321,-117.064248,461.260595,2.445259,0.827826
44850.000000,33.578316,-117.064317,469.044730,33.578321,-117.064248,461.261189,2.445118,0.827722
44865.000000,33.578316,-117.064317,468.884809,33.578321,-117.064248,461.261783,2.445000,0.827618
44880.000000,33.578316,-117.064317,468.876289,33.578321,-117.064248,461.262377,2.445552,0.827514
44895.000000,33.578316,-117.064317,468.866884,33.578321,-117.064248,461.262971,2.446092,0.827411
44910.000000,33.578316,-117.064317,468.858059,33.578321,-117.064248,461.263565,2.446633,0.827308
44925.000000,33.578316,-117.064317,468.848693,33.578321,-117.064248,461.264159,2.447197,0.827205
44940.000000,33.578316,-117.064318,468.839744,33.578321,-117.064248,461.264753,2.447772,0.827103
44955.000000,33.578316,-117.064318,468.830134,33.578321,-117.064248,461.265347,2.448329,0.827001
44970.000000,33.578316,-117.064318,468.819965,33.578321,-117.064248,461.265941,2.448867,0.826899
44985.000000,33.578316,-117.064318,468.809977,33.578321,-117.064248,461.266535,2.449413,0.826797
45000.000000,33.578316,-117.064318,468.798600,33.578321,-117.064248,461.267129,2.449940,0.826696
45015.000000,33.578316,-117.064318,468.786843,33.578321,-117.064248,461.267723,2.450474,0.826595
45030.000000,33.578316,-117.064318,468.773682,33.578321,-117.064248,461.268317,2.450977,0.826494
45045.000000,33.578316,-117.064318,468.761870,33.578321,-117.064248,461.268911,2.451506,0.826393
45060.000000,33.578316,-117.064318,468.749982,33.578321,-117.064248,461.269505,2.452021,0.826293
45075.000000,33.578316,-117.064318,468.737753,33.578321,-117.064248,461.270099,2.452582,0.826193
45090.000000,33.578316,-117.064318,468.724581,33.578321,-117.064248,461.270693,2.453112,0.826094
45105.000000,33.578316,-117.064319,468.710601,33.578321,-117.064248,461.271287,2.453628,0.825994
45120.000000,33.578315,-117.064319,468.696366,33.578321,-117.064248,461.271881,2.454149,0.825895
45135.000000,33.578315,-117.064319,468.681752,33.578320,-117.064248,461.272475,2.454647,0.825796
45150.000000,33.578315,-117.064319,468.666941,33.578320,-117.064248,461.273069,2.455154,0.825698
45165.000000,33.578315,-117.064319,468.651668,33.578320,-117.064248,461.273663,2.455647,0.825600
45180.000000,33.578315,-117.064319,468.637433,33.578320,-117.064248,461.274257,2.456168,0.825502
45195.000000,33.578315,-117.064319,468.621174,33.578320,-117.064248,461.274851,2.456654,0.825404
45210.000000,33.578315,-117.064319,468.605283,33.578320,-117.064248,461.275445,2.457146,0.825306
45225.000000,33.578315,-117.064319,468.588811,33.578320,-117.064248,461.276039,2.457647,0.825209
45240.000000,33.578315,-117.064319,468.571938,33.578320,-117.064248,461.276633,2.458134,0.825113
45255.000000,33.578315,-117.064319,468.555419,33.578320,-117.064248,461.277227,2.458634,0.825016
45270.000000,33.578315,-117.064320,468.537183,33.578320,-117.064248,461.277821,2.459105,0.824920
45285.000000,33.578315,-117.064320,468.518983,33.578320,-117.064248,461.278415,2.459602,0.824824
45300.000000,33.578315,-117.064320,468.499793,33.578320,-117.064248,461.279009,2.460077,0.824728
45315.000000,33.578315,-117.064320,468.480383,33.578320,-117.064248,461.279603,2.460563,0.824633
45330.000000,33.578315,-117.064320,468.460726,33.578320,-117.064248,461.280197,2.461041,0.824537
45345.000000,33.578315,-117.064320,468.442301,33.578320,-117.064248,461.280791,2.461517,0.824443
45360.000000,33.578315,-117.064320,468.422281,33.578320,-117.064248,461.281385,2.461996,0.824348
45375.000000,33.578315,-117.064320,468.401306,33.578320,-117.064248,461.281979,2.462454,0.824254
45390.000000,33.578315,-117.064320,468.380286,33.578320,-117.064248,461.282573,2.462906,0.824160
45405.000000,33.578315,-117.064320,468.358131,33.578320,-117.064248,461.283167,2.463377,0.824066
45420.000000,33.578315,-117.064320,468.336210,33.578320,-117.064248,461.283761,2.463867,0.823972
45435.000000,33.578315,-117.064320,468.312384,33.578320,-117.064248,461.284355,2.464314,0.823879
45450.000000,33.578315,-117.064320,468.289610,33.578320,-117.064248,461.284949,2.464781,0.823786
45465.000000,33.578315,-117.064321,468.266799,33.578320,-117.064248,461.285543,2.465223,0.823694
45480.000000,33.578315,-117.064321,468.242941,33.578320,-117.064248,461.286137,2.465690,0.823602
45495.000000,33.578314,-117.064321,468.218918,33.578320,-117.064248,461.286731,2.466133,0.823509
45510.000000,33.578314,-117.064321,468.193857,33.578320,-117.064248,461.287325,2.466580,0.823418
45525.000000,33.578314,-117.064321,468.169875,33.578320,-117.064248,461.287919,2.467001,0.823326
45540.000000,33.578314,-117.064321,468.145217,33.578320,-117.064248,461.288513,2.467428,0.823235
45555.000000,33.578314,-117.064321,468.121093,33.578320,-117.064248,461.289107,2.467880,0.823144
45570.000000,33.578314,-117.064321,468.096263,33.578320,-117.064248,461.289701,2.468321,0.823054
45585.000000,33.578314,-117.064321,468.070459,33.578320,-117.064248,461.290295,2.468777,0.822963
45600.000000,33.578314,-117.064321,468.045839,33.578320,-117.064248,461.290889,2.469196,0.822873
45615.000000,33.578314,-117.064321,468.021240,33.578320,-117.064248,461.291483,2.469625,0.822783
45630.000000,33.578314,-117.064321,467.995736,33.578320,-117.064248,461.292077,2.470054,0.822694
45645.000000,33.578314,-117.064321,467.970114,33.578320,-117.064248,461.292671,2.470482,0.822605
45660.000000,33.578314,-117.064322,467.944893,33.578320,-117.064248,461.293264,2.470904,0.822516
45675.000000,33.578314,-117.064322,467.919952,33.578320,-117.064248,461.293858,2.471344,0.822427
45690.000000,33.578314,-117.064322,467.894153,33.578320,-117.064248,461.294452,2.471768,0.822339
45705.000000,33.578314,-117.064322,467.869016,33.578320,-117.064248,461.295046,2.472218,0.822251
45720.000000,33.578314,-117.064322,467.842816,33.578320,-117.064248,461.295640,2.472651,0.822163
45735.000000,33.578313,-117.064322,467.817014,33.578320,-117.064248,461.296234,2.473103,0.822076
45750.000000,33.578313,-117.064322,467.791253,33.578320,-117.064248,461.296828,2.473519,0.821988
45765.000000,33.578313,-117.064322,467.764882,33.578320,-117.064248,461.297422,2.473906,0.821901
45780.000000,33.578313,-117.064322,467.737533,33.578320,-117.064248,461.298016,2.474315,0.821815
45795.000000,33.578313,-117.064322,467.708533,33.578320,-117.064248,461.298610,2.474685,0.821728
45810.000000,33.578313,-117.064322,467.680099,33.578320,-117.064248,461.299204,2.475081,0.821642
45825.000000,33.578313,-117.064322,467.650682,33.578320,-117.064248,461.299798,2.475471,0.821557
45840.000000,33.578313,-117.064322,467.621049,33.578320,-117.064248,461.300392,2.475843,0.821471
45855.000000,33.578313,-117.064323,467.589437,33.578320,-117.064248,461.300986,2.476208,0.821386
45870.000000,33.578313,-117.064323,467.557738,33.578320,-117.064248,461.301580,2.476547,0.821301
45885.000000,33.578313,-117.064323,467.526663,33.578320,-117.064248,461.302174,2.476906,0.821216
45900.000000,33.578313,-117.064323,467.494391,33.578320,-117.064248,461.302768,2.477258,0.821132
45915.000000,33.578313,-117.064323,467.462814,33.578320,-117.064248,461.303362,2.477616,0.821048
45930.000000,33.578312,-117.064323,467.430060,33.578320,-117.064248,461.303956,2.477940,0.820964
45945.000000,33.578312,-117.064323,467.395090,33.578320,-117.064248,461.304550,2.478249,0.820881
45960.000000,33.578312,-117.064323,467.361481,33.578319,-117.064248,461.305144,2.478602,0.820797
45975.000000,33.578312,-117.064323,467.326456,33.578319,-117.064248,461.305738,2.478925,0.820714
45990.000000,33.578312,-117.064323,467.293033,33.578319,-117.064248,461.306332,2.479249,0.820632
46005.000000,33.578312,-117.064323,467.260068,33.578319,-117.064248,461.306926,2.479574,0.820549
46020.000000,33.578312,-117.064323,467.227691,33.578319,-117.064248,461.307520,2.479919,0.820467
46035.000000,33.578312,-117.064323,467.194585,33.578319,-117.064248,461.308114,2.480252,0.820386
46050.000000,33.578312,-117.064323,467.161889,33.578319,-117.064248,461.308708,2.480622,0.820304
46065.000000,33.578312,-117.064323,467.129303,33.578319,-117.064248,461.309302,2.481000,0.820223
46080.000000,33.578312,-117.064324,467.097251,33.578319,-117.064248,461.309896,2.481346,0.820142
46095.000000,33.578311,-117.064324,467.064999,33.578319,-117.064248,461.310490,2.481657,0.820061
46110.000000,33.578311,-117.064324,467.032384,33.578319,-117.064248,461.311084,2.482011,0.819981
46125.000000,33.578311,-117.064324,466.999736,33.578319,-117.064248,461.311678,2.482330,0.819901
46140.000000,33.578311,-117.064324,466.967263,33.578319,-117.064248,461.312272,2.482615,0.819821
46155.000000,33.578311,-117.064324,466.933206,33.578319,-117.064248,461.312866,2.482932,0.819742
46170.000000,33.578311,-117.064324,466.899731,33.578319,-117.064248,461.313460,2.483271,0.819663
46185.000000,33.578311,-117.064324,466.865141,33.578319,-117.064248,461.314054,2.483601,0.819584
46200.000000,33.578311,-117.064324,466.829353,33.578319,-117.064248,461.314648,2.483925,0.819505
46215.000000,33.578311,-117.064324,466.793558,33.578319,-117.064248,461.315242,2.484215,0.819427
46230.000000,33.578310,-117.064324,466.757360,33.578319,-117.064248,461.315836,2.484501,0.819349
46245.000000,33.578310,-117.064324,466.720936,33.578319,-117.064248,461.316430,2.484792,0.819271
46260.000000,33.578310,-117.064324,466.684079,33.578319,-117.064248,461.317024,2.485091,0.819193
46275.000000,33.578310,-117.064324,466.647162,33.578319,-117.064248,461.317618,2.485350,0.819116
46290.000000,33.578310,-117.064325,466.608203,33.578319,-117.064248,461.318212,2.485600,0.819039
46305.000000,33.578310,-117.064325,466.568657,33.578319,-117.064248,461.318806,2.485849,0.818963
46320.000000,33.578310,-117.064325,466.528381,33.578319,-117.064248,461.319400,2.486063,0.818886
46335.000000,33.578310,-117.064325,466.488478,33.578319,-117.064248,461.319994,2.486269,0.818810
46350.000000,33.578310,-117.064325,466.448870,33.578319,-117.064248,461.320588,2.486505,0.818735
46365.000000,33.578309,-117.064325,466.408964,33.578319,-117.064248,461.321182,2.486691,0.818659
46380.000000,33.578309,-117.064325,466.367965,33.578319,-117.064248,461.321776,2.486867,0.818584
46395.000000,33.578309,-117.064325,466.327418,33.578319,-117.064248,461.322370,2.487076,0.818509
46410.000000,33.578309,-117.064325,466.286469,33.578319,-117.064248,461.322964,2.487292,0.818435
46425.000000,33.578309,-117.064325,466.245606,33.578319,-117.064248,461.323558,2.487482,0.818360
46440.000000,33.578309,-117.064325,466.204412,33.578319,-117.064248,461.324152,2.487708,0.818286
46455.000000,33.578309,-117.064325,466.163009,33.578319,-117.064248,461.324746,2.487908,0.818213
46470.000000,33.578308,-117.064325,466.120395,33.578319,-117.064248,461.325340,2.488034,0.818139
46485.000000,33.578308,-117.064325,466.079387,33.578319,-117.064248,461.325934,2.488219,0.818066
46500.000000,33.578309,-117.064325,466.263765,33.578319,-117.064248,461.326528,2.485333,0.817993
46515.000000,33.578310,-117.064325,466.442422,33.578319,-117.064248,461.327122,2.482594,0.817921
46530.000000,33.578311,-117.064324,466.620840,33.578319,-117.064248,461.327716,2.479910,0.817848
46545.000000,33.578312,-117.064324,466.788713,33.578319,-117.064248,461.328310,2.477370,0.817776
46560.000000,33.578313,-117.064323,466.960551,33.578319,-117.064248,461.328904,2.474819,0.817705
46575.000000,33.578314,-117.064323,467.125815,33.578319,-117.064248,461.329498,2.472367,0.817633
46590.000000,33.578315,-117.064323,467.286708,33.578319,-117.064248,461.330092,2.469951,0.817562
46605.000000,33.578316,-117.064322,467.442358,33.578319,-117.064248,461.330686,2.467684,0.817491
46620.000000,33.578317,-117.064322,467.596769,33.578319,-117.064248,461.331280,2.465394,0.817421
46635.000000,33.578318,-117.064322,467.742536,33.578319,-117.064248,461.331874,2.463224,0.817350
46650.000000,33.578319,-117.064321,467.884024,33.578319,-117.064248,461.332468,2.461150,0.817281
46665.000000,33.578319,-117.064321,468.026433,33.578319,-117.064248,461.333062,2.459068,0.817211
46680.000000,33.578320,-117.064321,468.165987,33.578319,-117.064248,461.333656,2.457043,0.817141
46695.000000,33.578321,-117.064320,468.303290,33.578319,-117.064248,461.334250,2.455042,0.817072
46710.000000,33.578322,-117.064320,468.435838,33.578319,-117.064248,461.334844,2.452999,0.817004
46725.000000,33.578322,-117.064320,468.567218,33.578319,-117.064248,461.335438,2.451092,0.816935
46740.000000,33.578323,-117.064320,468.698669,33.578319,-117.064248,461.336032,2.449153,0.816867
46755.000000,33.578324,-117.064319,468.825069,33.578319,-117.064248,461.336626,2.447336,0.816799
46770.000000,33.578324,-117.064319,468.948853,33.578319,-117.064248,461.337220,2.445613,0.816731
46785.000000,33.578325,-117.064319,469.068245,33.578318,-117.064248,461.337814,2.443913,0.816664
46800.000000,33.578326,-117.064319,469.188747,33.578318,-117.064248,461.338408,2.442216,0.816597
46815.000000,33.578326,-117.064318,469.306448,33.578318,-117.064248,461.339002,2.440529,0.816530
46830.000000,33.578327,-117.064318,469.418242,33.578318,-117.064248,461.339596,2.438988,0.816464
46845.000000,33.578328,-117.064318,469.527838,33.578318,-117.064248,461.340190,2.437479,0.816397
46860.000000,33.578328,-117.064318,469.630447,33.578318,-117.064248,461.340784,2.435997,0.816332
46875.000000,33.578329,-117.064317,469.730721,33.578318,-117.064248,461.341378,2.434603,0.816266
46890.000000,33.578329,-117.064317,469.833848,33.578318,-117.064248,461.341972,2.433213,0.816201
46905.000000,33.578330,-117.064317,469.935335,33.578318,-117.064248,461.342566,2.431855,0.816136
46920.000000,33.578330,-117.064317,470.033240,33.578318,-117.064248,461.343160,2.430528,0.816071
46935.000000,33.578331,-117.064316,470.127071,33.578318,-117.064248,461.343754,2.429292,0.816006
46950.000000,33.578331,-117.064316,470.218148,33.578318,-117.064248,461.344348,2.428153,0.815942
46965.000000,33.578332,-117.064316,470.308367,33.578318,-117.064248,461.344942,2.426953,0.815878
46980.000000,33.578332,-117.064316,470.395800,33.578318,-117.064248,461.345536,2.425817,0.815815
46995.000000,33.578332,-117.064316,470.481909,33.578318,-117.064248,461.346130,2.424680,0.815752
47010.000000,33.578333,-117.064315,470.568191,33.578318,-117.064248,461.346724,2.423555,0.815689
47025.000000,33.578333,-117.064315,470.650862,33.578318,-117.064248,461.347318,2.422441,0.815626
47040.000000,33.578334,-117.064315,470.729791,33.578318,-117.064248,461.347912,2.421397,0.815564
47055.000000,33.578334,-117.064315,470.807280,33.578318,-117.064248,461.348506,2.420387,0.815501
47070.000000,33.578334,-117.064315,470.881143,33.578318,-117.064248,461.349100,2.419390,0.815440
47085.000000,33.578335,-117.064315,470.956103,33.578318,-117.064248,461.349694,2.418415,0.815378
47100.000000,33.578335,-117.064314,471.028127,33.578318,-117.064248,461.350288,2.417480,0.815317
47115.000000,33.578335,-117.064314,471.098328,33.578318,-117.064248,461.350881,2.416551,0.815256
47130.000000,33.578336,-117.064314,471.168203,33.578318,-117.064248,461.351475,2.415664,0.815195
47145.000000,33.578336,-117.064314,471.236317,33.578318,-117.064248,461.352069,2.414803,0.815135
47160.000000,33.578336,-117.064314,471.304593,33.578318,-117.064248,461.352663,2.413950,0.815075
47175.000000,33.578337,-117.064314,471.370101,33.578318,-117.064248,461.353257,2.413090,0.815015
47190.000000,33.578337,-117.064314,471.434609,33.578318,-117.064248,461.353851,2.412281,0.814956
47205.000000,33.578337,-117.064313,471.493373,33.578318,-117.064248,461.354445,2.411483,0.814896
47220.000000,33.578337,-117.064313,471.552805,33.578318,-117.064248,461.355039,2.410758,0.814838
47235.000000,33.578338,-117.064313,471.610027,33.578318,-117.064248,461.355633,2.410023,0.814779
47250.000000,33.578338,-117.064313,471.665542,33.578318,-117.064248,461.356227,2.409308,0.814721
47265.000000,33.578338,-117.064313,471.684007,33.578318,-117.064248,461.356821,2.408182,0.814663
47280.000000,33.578338,-117.064313,471.703282,33.578318,-117.064248,461.357415,2.407047,0.814605
47295.000000,33.578338,-117.064313,471.726161,33.578318,-117.064248,461.358009,2.405950,0.814547
47310.000000,33.578338,-117.064313,471.752051,33.578318,-117.064248,461.358603,2.404827,0.814490
47325.000000,33.578338,-117.064313,471.771228,33.578318,-117.064248,461.359197,2.403758,0.814434
47340.000000,33.578338,-117.064313,471.793977,33.578318,-117.064248,461.359791,2.402624,0.814377
47355.000000,33.578338,-117.064313,471.814539,33.578318,-117.064248,461.360385,2.401540,0.814321
47370.000000,33.578339,-117.064312,471.836526,33.578318,-117.064248,461.360979,2.400421,0.814265
47385.000000,33.578339,-117.064312,471.855902,33.578318,-117.064248,461.361573,2.399371,0.814209
47400.000000,33.578339,-117.064312,471.882378,33.578318,-117.064248,461.362167,2.398324,0.814154
47415.000000,33.578339,-117.064312,471.905499,33.578318,-117.064248,461.362761,2.397268,0.814099
47430.000000,33.578339,-117.064312,471.929934,33.578318,-117.064248,461.363355,2.396196,0.814044
47445.000000,33.578339,-117.064312,471.952484,33.578318,-117.064248,461.363949,2.395150,0.813989
47460.000000,33.578339,-117.064312,471.971426,33.578318,-117.064248,461.364543,2.394129,0.813935
47475.000000,33.578339,-117.064312,471.990362,33.578318,-117.064248,461.365137,2.393112,0.813881
47490.000000,33.578339,-117.064312,472.011326,33.578318,-117.064248,461.365731,2.392115,0.813828
47505.000000,33.578339,-117.064312,472.033327,33.578318,-117.064248,461.366325,2.391099,0.813774
47520.000000,33.578339,-117.064312,472.057038,33.578318,-117.064248,461.366919,2.390131,0.813721
47535.000000,33.578339,-117.064312,472.076356,33.578318,-117.064248,461.367513,2.389205,0.813668
47550.000000,33.578339,-117.064312,472.093283,33.578318,-117.064248,461.368107,2.388227,0.813616
47565.000000,33.578339,-117.064312,472.112095,33.578318,-117.064248,461.368701,2.387274,0.813564
47580.000000,33.578339,-117.064312,472.133879,33.578318,-117.064248,461.369295,2.386332,0.813512
47595.000000,33.578339,-117.064311,472.155355,33.578318,-117.064248,461.369889,2.385431,0.813460
47610.000000,33.578339,-117.064311,472.176150,33.578317,-117.064248,461.370483,2.384538,0.813409
47625.000000,33.578339,-117.064311,472.196897,33.578317,-117.064248,461.371077,2.383668,0.813358
47640.000000,33.578339,-117.064311,472.211585,33.578317,-117.064248,461.371671,2.382805,0.813308
47655.000000,33.578339,-117.064311,472.230049,33.578317,-117.064248,461.372265,2.381928,0.813257
47670.000000,33.578339,-117.064311,472.250059,33.578317,-117.064248,461.372859,2.381063,0.813207
47685.000000,33.578339,-117.064311,472.270834,33.578317,-117.064248,461.373453,2.380202,0.813157
47700.000000,33.578339,-117.064311,472.292499,33.578317,-117.064247,461.374047,2.379352,0.813108
47715.000000,33.578339,-117.064311,472.311790,33.578317,-117.064247,461.374641,2.378526,0.813059
47730.000000,33.578339,-117.064311,472.332728,33.578317,-117.064247,461.375235,2.377674,0.813010
47745.000000,33.578339,-117.064311,472.350566,33.578317,-117.064247,461.375829,2.376850,0.812961
47760.000000,33.578339,-117.064311,472.369600,33.578317,-117.064247,461.376423,2.376032,0.812913
47775.000000,33.578339,-117.064311,472.390883,33.578317,-117.064247,461.377017,2.375189,0.812865
47790.000000,33.578339,-117.064311,472.411532,33.578317,-117.064247,461.377611,2.374371,0.812817
47805.000000,33.578339,-117.064311,472.429356,33.578317,-117.064247,461.378205,2.373560,0.812769
47820.000000,33.578339,-117.064311,472.446767,33.578317,-117.064247,461.378799,2.372760,0.812722
47835.000000,33.578339,-117.064311,472.462670,33.578317,-117.064247,461.379393,2.372008,0.812675
47850.000000,33.578339,-117.064310,472.481840,33.578317,-117.064247,461.379987,2.371229,0.812629
47865.000000,33.578339,-117.064310,472.499094,33.578317,-117.064247,461.380581,2.370434,0.812583
47880.000000,33.578339,-117.064310,472.515541,33.578317,-117.064247,461.381175,2.369653,0.812537
47895.000000,33.578339,-117.064310,472.531435,33.578317,-117.064247,461.381769,2.368851,0.812491
47910.000000,33.578338,-117.064310,472.548469,33.578317,-117.064247,461.382363,2.368088,0.812446
47925.000000,33.578338,-117.064310,472.563890,33.578317,-117.064247,461.382957,2.367318,0.812401
47940.000000,33.578338,-117.064310,472.580766,33.578317,-117.064247,461.383551,2.366554,0.812356
47955.000000,33.578338,-117.064310,472.597437,33.578317,-117.064247,461.384145,2.365821,0.812311
47970.000000,33.578338,-117.064310,472.615968,33.578317,-117.064247,461.384739,2.365085,0.812267
47985.000000,33.578338,-117.064310,472.632731,33.578317,-117.064247,461.385333,2.364352,0.812223
48000.000000,33.578338,-117.064310,472.647161,33.578317,-117.064247,461.385927,2.363636,0.812180
48015.000000,33.578338,-117.064310,472.657542,33.578317,-117.064247,461.386521,2.362874,0.812136
48030.000000,33.578338,-117.064310,472.670489,33.578317,-117.064247,461.387115,2.362137,0.812093
48045.000000,33.578338,-117.064310,472.684356,33.578317,-117.064247,461.387709,2.361420,0.812051
48060.000000,33.578337,-117.064310,472.697610,33.578317,-117.064247,461.388303,2.360699,0.812008
48075.000000,33.578337,-117.064310,472.708858,33.578317,-117.064247,461.388897,2.359968,0.811966
48090.000000,33.578337,-117.064309,472.722031,33.578317,-117.064247,461.389491,2.359292,0.811924
48105.000000,33.578337,-117.064309,472.735148,33.578317,-117.064247,461.390085,2.358604,0.811883
48120.000000,33.578337,-117.064309,472.745520,33.578317,-117.064247,461.390679,2.357878,0.811841
48135.000000,33.578337,-117.064309,472.754517,33.578317,-117.064247,461.391273,2.357172,0.811800
48150.000000,33.578337,-117.064309,472.762473,33.578317,-117.064247,461.391867,2.356460,0.811760
48165.000000,33.578336,-117.064309,472.769271,33.578317,-117.064247,461.392461,2.355733,0.811719
48180.000000,33.578336,-117.064309,472.781602,33.578317,-117.064247,461.393055,2.355031,0.811679
48195.000000,33.578336,-117.064309,472.792404,33.578317,-117.064247,461.393649,2.354348,0.811640
48210.000000,33.578336,-117.064309,472.803173,33.578317,-117.064247,461.394243,2.353665,0.811600
48225.000000,33.578336,-117.064309,472.849333,33.578317,-117.064247,461.394837,2.353262,0.811561
48240.000000,33.578336,-117.064309,472.893152,33.578317,-117.064247,461.395431,2.352900,0.811522
48255.000000,33.578336,-117.064309,472.937542,33.578317,-117.064247,461.396025,2.352563,0.811483
48270.000000,33.578336,-117.064309,472.982545,33.578317,-117.064247,461.396619,2.352256,0.811445
48285.000000,33.578336,-117.064309,473.026731,33.578317,-117.064247,461.397213,2.351933,0.811407
48300.000000,33.578337,-117.064309,473.071190,33.578317,-117.064247,461.397807,2.351623,0.811370
48315.000000,33.578337,-117.064309,473.116000,33.578317,-117.064247,461.398401,2.351304,0.811332
48330.000000,33.578337,-117.064309,473.159529,33.578317,-117.064247,461.398995,2.350996,0.811295
48345.000000,33.578337,-117.064309,473.203706,33.578317,-117.064247,461.399589,2.350685,0.811258
48360.000000,33.578337,-117.064309,473.246410,33.578317,-117.064247,461.400183,2.350400,0.811222
48375.000000,33.578337,-117.064309,473.289910,33.578317,-117.064247,461.400777,2.350113,0.811186
48390.000000,33.578337,-117.064309,473.334502,33.578317,-117.064247,461.401371,2.349810,0.811150
48405.000000,33.578337,-117.064309,473.378042,33.578317,-117.064247,461.401965,2.349552,0.811114
48420.000000,33.578337,-117.064309,473.421461,33.578317,-117.064247,461.402559,2.349293,0.811079
48435.000000,33.578337,-117.064309,473.464198,33.578316,-117.064247,461.403153,2.349055,0.811044
48450.000000,33.578337,-117.064310,473.505864,33.578316,-117.064247,461.403747,2.348840,0.811009
48465.000000,33.578337,-117.064310,473.548921,33.578316,-117.064247,461.404341,2.348598,0.810975
48480.000000,33.578337,-117.064310,473.589777,33.578316,-117.064247,461.404935,2.348385,0.810940
48495.000000,33.578338,-117.064310,473.629628,33.578316,-117.064247,461.405529,2.348196,0.810907
48510.000000,33.578338,-117.064310,473.669073,33.578316,-117.064247,461.406123,2.348011,0.810873
48525.000000,33.578338,-117.064310,473.709626,33.578316,-117.064247,461.406717,2.347851,0.810840
48540.000000,33.578338,-117.064310,473.751976,33.578316,-117.064247,461.407311,2.347683,0.810807
48555.000000,33.578338,-117.064310,473.793340,33.578316,-117.064247,461.407905,2.347527,0.810774
48570.000000,33.578338,-117.064310,473.835329,33.578316,-117.064247,461.408499,2.347363,0.810742
48585.000000,33.578338,-117.064310,473.876203,33.578316,-117.064247,461.409092,2.347192,0.810710
48600.000000,33.578338,-117.064310,473.916012,33.578316,-117.064247,461.409686,2.347048,0.810678
48615.000000,33.578338,-117.064310,473.956387,33.578316,-117.064247,461.410280,2.346908,0.810647
48630.000000,33.578338,-117.064310,473.996470,33.578316,-117.064247,461.410874,2.346752,0.810615
48645.000000,33.578338,-117.064310,474.036258,33.578316,-117.064247,461.411468,2.346579,0.810585
48660.000000,33.578338,-117.064310,474.074984,33.578316,-117.064247,461.412062,2.346414,0.810554
48675.000000,33.578338,-117.064310,474.113763,33.578316,-117.064247,461.412656,2.346282,0.810524
48690.000000,33.578338,-117.064310,474.152742,33.578316,-117.064247,461.413250,2.346127,0.810494
48705.000000,33.578338,-117.064310,474.191449,33.578316,-117.064247,461.413844,2.345965,0.810464
48720.000000,33.578338,-117.064310,474.230165,33.578316,-117.064247,461.414438,2.345854,0.810435
48735.000000,33.578338,-117.064310,474.268732,33.578316,-117.064247,461.415032,2.345749,0.810406
48750.000000,33.578338,-117.064310,474.306789,33.578316,-117.064247,461.415626,2.345633,0.810377
48765.000000,33.578338,-117.064310,474.343732,33.578316,-117.064247,461.416220,2.345584,0.810348
48780.000000,33.578338,-117.064310,474.379974,33.578316,-117.064247,461.416814,2.345545,0.810320
48795.000000,33.578338,-117.064310,474.416605,33.578316,-117.064247,461.417408,2.345505,0.810292
48810.000000,33.578338,-117.064310,474.453754,33.578316,-117.064247,461.418002,2.345466,0.810265
48825.000000,33.578338,-117.064310,474.491306,33.578316,-117.064247,461.418596,2.345434,0.810237
48840.000000,33.578338,-117.064310,474.527652,33.578316,-117.064247,461.419190,2.345419,0.810210
48855.000000,33.578339,-117.064310,474.563034,33.578316,-117.064247,461.419784,2.345415,0.810184
48870.000000,33.578339,-117.064310,474.599162,33.578316,-117.064247,461.420378,2.345402,0.810157
48885.000000,33.578339,-117.064310,474.635092,33.578316,-117.064247,461.420972,2.345384,0.810131
48900.000000,33.578339,-117.064311,474.670260,33.578316,-117.064247,461.421566,2.345367,0.810105
48915.000000,33.578339,-117.064311,474.705660,33.578316,-117.064247,461.422160,2.345347,0.810080
48930.000000,33.578339,-117.064311,474.741088,33.578316,-117.064247,461.422754,2.345330,0.810055
48945.000000,33.578339,-117.064311,474.776383,33.578316,-117.064247,461.423348,2.345318,0.810030
48960.000000,33.578339,-117.064311,474.812174,33.578316,-117.064247,461.423942,2.345300,0.810005
48975.000000,33.578339,-117.064311,474.846635,33.578316,-117.064247,461.424536,2.345318,0.809981
48990.000000,33.578339,-117.064311,474.880548,33.578316,-117.064247,461.425130,2.345340,0.809957
49005.000000,33.578339,-117.064311,474.914027,33.578316,-117.064247,461.425724,2.345383,0.809933
49020.000000,33.578339,-117.064311,474.947605,33.578316,-117.064247,461.426318,2.345432,0.809910
49035.000000,33.578339,-117.064311,474.980591,33.578316,-117.064247,461.426912,2.345494,0.809886
49050.000000,33.578339,-117.064311,475.013984,33.578316,-117.064247,461.427506,2.345558,0.809864
49065.000000,33.578339,-117.064311,475.046190,33.578316,-117.064247,461.428100,2.345639,0.809841
49080.000000,33.578339,-117.064311,475.078816,33.578316,-117.064247,461.428694,2.345723,0.809819
49095.000000,33.578339,-117.064311,475.111581,33.578316,-117.064247,461.429288,2.345799,0.809797
49110.000000,33.578339,-117.064311,475.143786,33.578316,-117.064247,461.429882,2.345890,0.809775
49125.000000,33.578339,-117.064311,475.175045,33.578316,-117.064247,461.430476,2.345988,0.809754
49140.000000,33.578339,-117.064311,475.206625,33.578316,-117.064247,461.431070,2.346090,0.809733
49155.000000,33.578339,-117.064311,475.238384,33.578316,-117.064247,461.431664,2.346185,0.809712
49170.000000,33.578339,-117.064311,475.271115,33.578316,-117.064247,461.432258,2.346241,0.809692
49185.000000,33.578339,-117.064311,475.303435,33.578316,-117.064247,461.432852,2.346350,0.809671
49200.000000,33.578339,-117.064311,475.335116,33.578316,-117.064247,461.433446,2.346456,0.809652
49215.000000,33.578339,-117.064311,475.366317,33.578316,-117.064247,461.434040,2.346548,0.809632
49230.000000,33.578339,-117.064311,475.398398,33.578316,-117.064247,461.434634,2.346630,0.809613
49245.000000,33.578339,-117.064311,475.430332,33.578316,-117.064247,461.435228,2.346737,0.809594
49260.000000,33.578339,-117.064311,475.462452,33.578315,-117.064247,461.435822,2.346809,0.809575
49275.000000,33.578338,-117.064311,475.492782,33.578315,-117.064247,461.436416,2.346913,0.809557
49290.000000,33.578338,-117.064312,475.522788,33.578315,-117.064247,461.437010,2.347035,0.809539
49305.000000,33.578338,-117.064312,475.552967,33.578315,-117.064247,461.437604,2.347155,0.809521
49320.000000,33.578338,-117.064312,475.583120,33.578315,-117.064247,461.438198,2.347269,0.809504
49335.000000,33.578338,-117.064312,475.613241,33.578315,-117.064247,461.438792,2.347398,0.809486
49350.000000,33.578338,-117.064312,475.642617,33.578315,-117.064247,461.439386,2.347534,0.809469
49365.000000,33.578338,-117.064312,475.671531,33.578315,-117.064247,461.439980,2.347661,0.809453
49380.000000,33.578338,-117.064312,475.700632,33.578315,-117.064247,461.440574,2.347815,0.809437
49395.000000,33.578338,-117.064312,475.729933,33.578315,-117.064247,461.441168,2.347936,0.809421
49410.000000,33.578338,-117.064312,475.758382,33.578315,-117.064247,461.441762,2.348094,0.809405
49425.000000,33.578338,-117.064312,475.786395,33.578315,-117.064247,461.442356,2.348262,0.809390
49440.000000,33.578338,-117.064312,475.814532,33.578315,-117.064247,461.442950,2.348412,0.809375
49455.000000,33.578338,-117.064312,475.842780,33.578315,-117.064247,461.443544,2.348574,0.809360
49470.000000,33.578338,-117.064312,475.869718,33.578315,-117.064247,461.444138,2.348764,0.809345
49485.000000,33.578338,-117.064312,475.896525,33.578315,-117.064247,461.444732,2.348955,0.809331
49500.000000,33.578338,-117.064312,475.922965,33.578315,-117.064247,461.445326,2.349152,0.809317
49515.000000,33.578338,-117.064312,475.950384,33.578315,-117.064247,461.445920,2.349331,0.809304
49530.000000,33.578338,-117.064312,475.978368,33.578315,-117.064247,461.446514,2.349500,0.809290
49545.000000,33.578338,-117.064312,476.005100,33.578315,-117.064247,461.447108,2.349688,0.809277
49560.000000,33.578338,-117.064312,476.032325,33.578315,-117.064247,461.447702,2.349876,0.809265
49575.000000,33.578338,-117.064312,476.058447,33.578315,-117.064247,461.448296,2.350080,0.809252
49590.000000,33.578338,-117.064312,476.084438,33.578315,-117.064247,461.448890,2.350284,0.809240
49605.000000,33.578338,-117.064312,476.110063,33.578315,-117.064247,461.449484,2.350492,0.809228
49620.000000,33.578338,-117.064312,476.135886,33.578315,-117.064247,461.450078,2.350696,0.809217
49635.000000,33.578338,-117.064312,476.160889,33.578315,-117.064247,461.450672,2.350900,0.809206
49650.000000,33.578338,-117.064312,476.185655,33.578315,-117.064247,461.451266,2.351121,0.809195
49665.000000,33.578338,-117.064313,476.209708,33.578315,-117.064247,461.451860,2.351346,0.809184
49680.000000,33.578338,-117.064313,476.234181,33.578315,-117.064247,461.452454,2.351551,0.809174
49695.000000,33.578337,-117.064313,476.258441,33.578315,-117.064247,461.453048,2.351765,0.809164
49710.000000,33.578337,-117.064313,476.281499,33.578315,-117.064247,461.453642,2.351996,0.809154
49725.000000,33.578337,-117.064313,476.303760,33.578315,-117.064247,461.454236,2.352224,0.809145
49740.000000,33.578337,-117.064313,476.325174,33.578315,-117.064247,461.454830,2.352455,0.809136
49755.000000,33.578337,-117.064313,476.347149,33.578315,-117.064247,461.455424,2.352693,0.809127
49770.000000,33.578337,-117.064313,476.369472,33.578315,-117.064247,461.456018,2.352945,0.809118
49785.000000,33.578337,-117.064313,476.390345,33.578315,-117.064247,461.456612,2.353224,0.809110
49800.000000,33.578337,-117.064313,476.411411,33.578315,-117.064247,461.457206,2.353482,0.809102
49815.000000,33.578337,-117.064313,476.432325,33.578315,-117.064247,461.457800,2.353732,0.809095
49830.000000,33.578337,-117.064313,476.453578,33.578315,-117.064247,461.458394,2.353980,0.809087
49845.000000,33.578337,-117.064313,476.473855,33.578315,-117.064247,461.458988,2.354228,0.809080
49860.000000,33.578337,-117.064313,476.494032,33.578315,-117.064247,461.459582,2.354499,0.809074
49875.000000,33.578337,-117.064313,476.515796,33.578315,-117.064247,461.460176,2.354739,0.809067
49890.000000,33.578337,-117.064313,476.537985,33.578315,-117.064247,461.460770,2.354976,0.809061
49905.000000,33.578337,-117.064313,476.558981,33.578315,-117.064247,461.461364,2.355221,0.809055
49920.000000,33.578337,-117.064313,476.579102,33.578315,-117.064247,461.461958,2.355467,0.809050
49935.000000,33.578336,-117.064313,476.599221,33.578315,-117.064247,461.462552,2.355731,0.809044
49950.000000,33.578336,-117.064313,476.619474,33.578315,-117.064247,461.463146,2.355987,0.809039
49965.000000,33.578336,-117.064314,476.638595,33.578315,-117.064247,461.463740,2.356258,0.809035
49980.000000,33.578336,-117.064314,476.658315,33.578315,-117.064247,461.464334,2.356534,0.809031
49995.000000,33.578336,-117.064314,476.677453,33.578315,-117.064247,461.464928,2.356821,0.809027
50010.000000,33.578336,-117.064314,476.696714,33.578315,-117.064247,461.465522,2.357094,0.809023
50025.000000,33.578336,-117.064314,476.715683,33.578315,-117.064247,461.466116,2.357367,0.809019
50040.000000,33.578336,-117.064314,476.734429,33.578315,-117.064247,461.466709,2.357647,0.809016
50055.000000,33.578336,-117.064314,476.753332,33.578315,-117.064247,461.467303,2.357916,0.809013
50070.000000,33.578336,-117.064314,476.772167,33.578315,-117.064247,461.467897,2.358197,0.809011
50085.000000,33.578336,-117.064314,476.790748,33.578314,-117.064247,461.468491,2.358478,0.809009
50100.000000,33.578336,-117.064314,476.808095,33.578314,-117.064247,461.469085,2.358783,0.809007
50115.000000,33.578336,-117.064314,476.824912,33.578314,-117.064247,461.469679,2.359086,0.809005
50130.000000,33.578336,-117.064314,476.841391,33.578314,-117.064247,461.470273,2.359405,0.809004
50145.000000,33.578335,-117.064314,476.857470,33.578314,-117.064247,461.470867,2.359729,0.809003
50160.000000,33.578335,-117.064314,476.873681,33.578314,-117.064247,461.471461,2.360048,0.809002
50175.000000,33.578335,-117.064314,476.890130,33.578314,-117.064247,461.472055,2.360359,0.809001
50190.000000,33.578335,-117.064314,476.905879,33.578314,-117.064247,461.472649,2.360674,0.809001
50205.000000,33.578335,-117.064314,476.921165,33.578314,-117.064247,461.473243,2.360997,0.809001
50220.000000,33.578335,-117.064314,476.936136,33.578314,-117.064247,461.473837,2.361318,0.809002
50235.000000,33.578335,-117.064314,476.951383,33.578314,-117.064247,461.474431,2.361641,0.809003
50250.000000,33.578335,-117.064315,476.966315,33.578314,-117.064247,461.475025,2.361956,0.809004
50265.000000,33.578335,-117.064315,476.981419,33.578314,-117.064247,461.475619,2.362267,0.809005
50280.000000,33.578335,-117.064315,476.996000,33.578314,-117.064247,461.476213,2.362592,0.809007
50295.000000,33.578335,-117.064315,477.011068,33.578314,-117.064247,461.476807,2.362900,0.809009
50310.000000,33.578335,-117.064315,477.025146,33.578314,-117.064247,461.477401,2.363228,0.809011
50325.000000,33.578335,-117.064315,477.039645,33.578314,-117.064247,461.477995,2.363545,0.809013
50340.000000,33.578334,-117.064315,477.054050,33.578314,-117.064247,461.478589,2.363850,0.809016
50355.000000,33.578334,-117.064315,477.068474,33.578314,-117.064247,461.479183,2.364161,0.809019
50370.000000,33.578334,-117.064315,477.082292,33.578314,-117.064247,461.479777,2.364485,0.809023
50385.000000,33.578334,-117.064315,477.096177,33.578314,-117.064247,461.480371,2.364807,0.809027
50400.000000,33.578334,-117.064315,477.109362,33.578314,-117.064247,461.480965,2.365142,0.809031
50415.000000,33.578334,-117.064315,477.122106,33.578314,-117.064247,461.481559,2.365467,0.809035
50430.000000,33.578334,-117.064315,477.135027,33.578314,-117.064247,461.482153,2.365797,0.809040
50445.000000,33.578334,-117.064315,477.147599,33.578314,-117.064247,461.482747,2.366132,0.809045
50460.000000,33.578334,-117.064315,477.159602,33.578314,-117.064247,461.483341,2.366469,0.809050
50475.000000,33.578334,-117.064315,477.171491,33.578314,-117.064247,461.483935,2.366803,0.809055
50490.000000,33.578333,-117.064315,477.183858,33.578314,-117.064247,461.484529,2.367127,0.809061
50505.000000,33.578333,-117.064316,477.195803,33.578314,-117.064247,461.485123,2.367460,0.809067
50520.000000,33.578333,-117.064316,477.206341,33.578314,-117.064247,461.485717,2.367800,0.809074
50535.000000,33.578333,-117.064316,477.217407,33.578314,-117.064247,461.486311,2.368143,0.809081
50550.000000,33.578333,-117.064316,477.228337,33.578314,-117.064247,461.486905,2.368484,0.809088
50565.000000,33.578333,-117.064316,477.238584,33.578314,-117.064247,461.487499,2.368826,0.809095
50580.000000,33.578333,-117.064316,477.248372,33.578314,-117.064247,461.488093,2.369183,0.809103
50595.000000,33.578333,-117.064316,477.257832,33.578314,-117.064247,461.488687,2.369535,0.809110
50610.000000,33.578333,-117.064316,477.266155,33.578314,-117.064247,461.489281,2.369892,0.809119
50625.000000,33.578333,-117.064316,477.275350,33.578314,-117.064247,461.489875,2.370234,0.809127
50640.000000,33.578333,-117.064316,477.284869,33.578314,-117.064247,461.490469,2.370578,0.809136
50655.000000,33.578332,-117.064316,477.294052,33.578314,-117.064247,461.491063,2.370929,0.809145
50670.000000,33.578332,-117.064316,477.301715,33.578314,-117.064247,461.491657,2.371286,0.809155
50685.000000,33.578332,-117.064316,477.309003,33.578314,-117.064247,461.492251,2.371649,0.809164
50700.000000,33.578332,-117.064316,477.317053,33.578314,-117.064247,461.492845,2.372008,0.809174
50715.000000,33.578332,-117.064316,477.324719,33.578314,-117.064247,461.493439,2.372357,0.809185
50730.000000,33.578332,-117.064316,477.332057,33.578314,-117.064247,461.494033,2.372706,0.809195
50745.000000,33.578332,-117.064317,477.338387,33.578314,-117.064247,461.494627,2.373077,0.809206
50760.000000,33.578332,-117.064317,477.345252,33.578314,-117.064247,461.495221,2.373427,0.809217
50775.000000,33.578332,-117.064317,477.350906,33.578314,-117.064247,461.495815,2.373782,0.809229
50790.000000,33.578332,-117.064317,477.357197,33.578314,-117.064247,461.496409,2.374133,0.809241
50805.000000,33.578331,-117.064317,477.363665,33.578314,-117.064247,461.497003,2.374479,0.809253
50820.000000,33.578331,-117.064317,477.370089,33.578314,-117.064247,461.497597,2.374815,0.809265
50835.000000,33.578331,-117.064317,477.376216,33.578314,-117.064247,461.498191,2.375151,0.809278
50850.000000,33.578331,-117.064317,477.400186,33.578314,-117.064247,461.498785,2.375510,0.809291
50865.000000,33.578331,-117.064317,477.424403,33.578314,-117.064247,461.499379,2.375864,0.809304
50880.000000,33.578331,-117.064317,477.448503,33.578314,-117.064247,461.499973,2.376212,0.809318
50895.000000,33.578331,-117.064317,477.473290,33.578314,-117.064247,461.500567,2.376564,0.809332
50910.000000,33.578331,-117.064318,477.497131,33.578313,-117.064247,461.501161,2.376923,0.809346
50925.000000,33.578331,-117.064318,477.520782,33.578313,-117.064247,461.501755,2.377291,0.809360
50940.000000,33.578331,-117.064318,477.542241,33.578313,-117.064247,461.502349,2.377677,0.809375
50955.000000,33.578331,-117.064318,477.565027,33.578313,-117.064247,461.502943,2.378045,0.809390
50970.000000,33.578331,-117.064318,477.587604,33.578313,-117.064247,461.503537,2.378409,0.809406
50985.000000,33.578331,-117.064318,477.609429,33.578313,-117.064247,461.504131,2.378785,0.809421
51000.000000,33.578331,-117.064318,477.631622,33.578313,-117.064247,461.504725,2.379160,0.809437
51015.000000,33.578331,-117.064318,477.652549,33.578313,-117.064247,461.505319,2.379531,0.809454
51030.000000,33.578330,-117.064318,477.672226,33.578313,-117.064247,461.505913,2.379916,0.809470
51045.000000,33.578330,-117.064319,477.691954,33.578313,-117.064247,461.506507,2.380301,0.809487
51060.000000,33.578330,-117.064319,477.712502,33.578313,-117.064247,461.507101,2.380665,0.809504
51075.000000,33.578330,-117.064319,477.732116,33.578313,-117.064247,461.507695,2.381031,0.809522
51090.000000,33.578330,-117.064319,477.751247,33.578313,-117.064247,461.508289,2.381405,0.809539
51105.000000,33.578330,-117.064319,477.770412,33.578313,-117.064247,461.508883,2.381776,0.809558
51120.000000,33.578330,-117.064319,477.789355,33.578313,-117.064247,461.509477,2.382154,0.809576
51135.000000,33.578330,-117.064319,477.807343,33.578313,-117.064247,461.510071,2.382536,0.809595
51150.000000,33.578330,-117.064319,477.825203,33.578313,-117.064247,461.510665,2.382920,0.809614
51165.000000,33.578330,-117.064320,477.843498,33.578313,-117.064247,461.511259,2.383307,0.809633
51180.000000,33.578330,-117.064320,477.860098,33.578313,-117.064247,461.511853,2.383706,0.809652
51195.000000,33.578330,-117.064320,477.877520,33.578313,-117.064247,461.512447,2.384101,0.809672
51210.000000,33.578330,-117.064320,477.894763,33.578313,-117.064247,461.513041,2.384493,0.809692
51225.000000,33.578330,-117.064320,477.911102,33.578313,-117.064247,461.513635,2.384884,0.809713
51240.000000,33.578329,-117.064320,477.928310,33.578313,-117.064247,461.514229,2.385264,0.809734
51255.000000,33.578329,-117.064320,477.946367,33.578313,-117.064247,461.514823,2.385630,0.809755
51270.000000,33.578329,-117.064320,477.961511,33.578313,-117.064247,461.515417,2.386029,0.809776
51285.000000,33.578329,-117.064320,477.976563,33.578313,-117.064247,461.516011,2.386425,0.809798
51300.000000,33.578329,-117.064321,477.991595,33.578313,-117.064247,461.516605,2.386824,0.809820
51315.000000,33.578329,-117.064321,478.005882,33.578313,-117.064247,461.517199,2.387229,0.809842
51330.000000,33.578329,-117.064321,478.020345,33.578313,-117.064247,461.517793,2.387619,0.809864
51345.000000,33.578329,-117.064321,478.034446,33.578313,-117.064247,461.518387,2.388016,0.809887
51360.000000,33.578329,-117.064321,478.045761,33.578313,-117.064247,461.518981,2.388439,0.809910
51375.000000,33.578329,-117.064321,478.057256,33.578313,-117.064247,461.519575,2.388853,0.809934
51390.000000,33.578329,-117.064321,478.069829,33.578313,-117.064247,461.520169,2.389262,0.809958
51405.000000,33.578329,-117.064321,478.081259,33.578313,-117.064247,461.520763,2.389681,0.809982
51420.000000,33.578329,-117.064321,478.093390,33.578313,-117.064247,461.521357,2.390079,0.810006
51435.000000,33.578329,-117.064322,478.105201,33.578313,-117.064247,461.521951,2.390487,0.810031
51450.000000,33.578328,-117.064322,478.116312,33.578313,-117.064247,461.522545,2.390901,0.810056
51465.000000,33.578328,-117.064322,478.126893,33.578313,-117.064247,461.523139,2.391315,0.810081
51480.000000,33.578328,-117.064322,478.136193,33.578313,-117.064247,461.523733,2.391741,0.810106
51495.000000,33.578328,-117.064322,478.146560,33.578313,-117.064247,461.524327,2.392148,0.810132
51510.000000,33.578328,-117.064322,478.156470,33.578313,-117.064247,461.524921,2.392557,0.810158
51525.000000,33.578328,-117.064322,478.165841,33.578313,-117.064247,461.525514,2.392974,0.810185
51540.000000,33.578328,-117.064322,478.174400,33.578313,-117.064247,461.526108,2.393390,0.810211
51555.000000,33.578328,-117.064323,478.201238,33.578313,-117.064247,461.526702,2.393777,0.810238
51570.000000,33.578328,-117.064323,478.228906,33.578313,-117.064247,461.527296,2.394166,0.810266
51585.000000,33.578328,-117.064323,478.254706,33.578313,-117.064247,461.527890,2.394569,0.810293
51600.000000,33.578328,-117.064323,478.280399,33.578313,-117.064247,461.528484,2.394968,0.810321
51615.000000,33.578328,-117.064323,478.305637,33.578313,-117.064247,461.529078,2.395361,0.810349
51630.000000,33.578328,-117.064323,478.330505,33.578313,-117.064247,461.529672,2.395759,0.810378
51645.000000,33.578328,-117.064323,478.354072,33.578313,-117.064247,461.530266,2.396178,0.810407
51660.000000,33.578328,-117.064324,478.378712,33.578313,-117.064247,461.530860,2.396575,0.810436
51675.000000,33.578328,-117.064324,478.402356,33.578313,-117.064247,461.531454,2.396979,0.810465
51690.000000,33.578328,-117.064324,478.425961,33.578313,-117.064247,461.532048,2.397386,0.810495
51705.000000,33.578328,-117.064324,478.448167,33.578313,-117.064247,461.532642,2.397800,0.810525
51720.000000,33.578328,-117.064324,478.471233,33.578312,-117.064247,461.533236,2.398209,0.810555
51735.000000,33.578328,-117.064324,478.493967,33.578312,-117.064247,461.533830,2.398625,0.810586
51750.000000,33.578328,-117.064324,478.515855,33.578312,-117.064247,461.534424,2.399039,0.810617
51765.000000,33.578328,-117.064325,478.537548,33.578312,-117.064247,461.535018,2.399455,0.810648
51780.000000,33.578328,-117.064325,478.558840,33.578312,-117.064247,461.535612,2.399879,0.810679
51795.000000,33.578328,-117.064325,478.578684,33.578312,-117.064247,461.536206,2.400314,0.810711
51810.000000,33.578328,-117.064325,478.598447,33.578312,-117.064247,461.536800,2.400748,0.810743
51825.000000,33.578328,-117.064325,478.619139,33.578312,-117.064247,461.537394,2.401176,0.810776
51840.000000,33.578328,-117.064325,478.638716,33.578312,-117.064247,461.537988,2.401594,0.810808
51855.000000,33.578328,-117.064325,478.657362,33.578312,-117.064247,461.538582,2.402018,0.810841
51870.000000,33.578328,-117.064326,478.675463,33.578312,-117.064247,461.539176,2.402450,0.810874
51885.000000,33.578328,-117.064326,478.693568,33.578312,-117.064247,461.539770,2.402885,0.810908
51900.000000,33.578328,-117.064326,478.711702,33.578312,-117.064247,461.540364,2.403313,0.810942
51915.000000,33.578328,-117.064326,478.729582,33.578312,-117.064247,461.540958,2.403748,0.810976
51930.000000,33.578328,-117.064326,478.748010,33.578312,-117.064247,461.541552,2.404180,0.811010
51945.000000,33.578328,-117.064326,478.764182,33.578312,-117.064247,461.542146,2.404624,0.811045
51960.000000,33.578328,-117.064326,478.781037,33.578312,-117.064247,461.542740,2.405054,0.811080
51975.000000,33.578328,-117.064327,478.797256,33.578312,-117.064247,461.543334,2.405501,0.811115
51990.000000,33.578328,-117.064327,478.813590,33.578312,-117.064247,461.543928,2.405938,0.811151
52005.000000,33.578328,-117.064327,478.828253,33.578312,-117.064247,461.544522,2.406383,0.811187
52020.000000,33.578328,-117.064327,478.842946,33.578312,-117.064247,461.545116,2.406839,0.811223
52035.000000,33.578328,-117.064327,478.856206,33.578312,-117.064247,461.545710,2.407289,0.811260
52050.000000,33.578328,-117.064327,478.869596,33.578312,-117.064247,461.546304,2.407741,0.811297
52065.000000,33.578328,-117.064327,478.882928,33.578312,-117.064247,461.546898,2.408185,0.811334
52080.000000,33.578328,-117.064328,478.896043,33.578312,-117.064247,461.547492,2.408637,0.811371
52095.000000,33.578328,-117.064328,478.908696,33.578312,-117.064247,461.548086,2.409091,0.811409
52110.000000,33.578328,-117.064328,478.920333,33.578312,-117.064247,461.548680,2.409547,0.811447
52125.000000,33.578328,-117.064328,478.931012,33.578312,-117.064247,461.549274,2.410003,0.811485
52140.000000,33.578328,-117.064328,478.941228,33.578312,-117.064247,461.549868,2.410466,0.811524
52155.000000,33.578328,-117.064328,478.952297,33.578312,-117.064247,461.550462,2.410921,0.811563
52170.000000,33.578328,-117.064328,478.962331,33.578312,-117.064247,461.551056,2.411379,0.811602
52185.000000,33.578328,-117.064329,478.972533,33.578312,-117.064247,461.551650,2.411827,0.811641
52200.000000,33.578328,-117.064329,478.981031,33.578312,-117.064247,461.552244,2.412287,0.811681
52215.000000,33.578328,-117.064329,478.989685,33.578312,-117.064247,461.552838,2.412755,0.811721
52230.000000,33.578328,-117.064329,478.997183,33.578312,-117.064247,461.553432,2.413231,0.811761
52245.000000,33.578328,-117.064329,479.004541,33.578312,-117.064247,461.554026,2.413710,0.811802
52260.000000,33.578328,-117.064329,479.009645,33.578312,-117.064247,461.554620,2.414197,0.811843
52275.000000,33.578328,-117.064330,479.015820,33.578312,-117.064247,461.555214,2.414679,0.811884
52290.000000,33.578328,-117.064330,479.021705,33.578312,-117.064247,461.555808,2.415160,0.811926
52305.000000,33.578328,-117.064330,479.027901,33.578312,-117.064247,461.556402,2.415636,0.811968
52320.000000,33.578328,-117.064330,479.032043,33.578312,-117.064247,461.556996,2.416112,0.812010
52335.000000,33.578328,-117.064330,479.037034,33.578312,-117.064247,461.557590,2.416590,0.812052
52350.000000,33.578328,-117.064330,479.041256,33.578312,-117.064247,461.558184,2.417066,0.812095
52365.000000,33.578328,-117.064331,479.044803,33.578312,-117.064247,461.558778,2.417536,0.812138
52380.000000,33.578328,-117.064331,479.048200,33.578312,-117.064247,461.559372,2.418009,0.812181
52395.000000,33.578328,-117.064331,479.051487,33.578312,-117.064247,461.559966,2.418471,0.812225
52410.000000,33.578328,-117.064331,479.052631,33.578312,-117.064247,461.560560,2.418956,0.812269
52425.000000,33.578328,-117.064331,479.053037,33.578312,-117.064247,461.561154,2.419431,0.812313
52440.000000,33.578328,-117.064331,479.054373,33.578312,-117.064247,461.561748,2.419901,0.812358
52455.000000,33.578328,-117.064332,479.055563,33.578312,-117.064247,461.562342,2.420381,0.812402
52470.000000,33.578328,-117.064332,479.056539,33.578312,-117.064247,461.562936,2.420847,0.812448
52485.000000,33.578328,-117.064332,479.057298,33.578312,-117.064247,461.563530,2.421317,0.812493
52500.000000,33.578328,-117.064332,479.057631,33.578312,-117.064247,461.564124,2.421782,0.812539
52515.000000,33.578328,-117.064332,479.056316,33.578312,-117.064247,461.564718,2.422257,0.812585
52530.000000,33.578328,-117.064332,479.054995,33.578312,-117.064247,461.565312,2.422733,0.812631
52545.000000,33.578328,-117.064333,479.052817,33.578311,-117.064247,461.565906,2.423199,0.812677
52560.000000,33.578328,-117.064333,479.051112,33.578311,-117.064247,461.566500,2.423666,0.812724
52575.000000,33.578328,-117.064333,479.049447,33.578311,-117.064247,461.567094,2.424132,0.812771
52590.000000,33.578328,-117.064333,479.046981,33.578311,-117.064247,461.567688,2.424597,0.812819
52605.000000,33.578328,-117.064333,479.043096,33.578311,-117.064247,461.568282,2.425075,0.812867
52620.000000,33.578328,-117.064333,479.038055,33.578311,-117.064247,461.568876,2.425551,0.812915
52635.000000,33.578328,-117.064334,479.034289,33.578311,-117.064247,461.569470,2.426021,0.812963
52650.000000,33.578328,-117.064334,479.029545,33.578311,-117.064247,461.570064,2.426493,0.813012
52665.000000,33.578328,-117.064334,479.025275,33.578311,-117.064247,461.570658,2.426959,0.813061
52680.000000,33.578328,-117.064334,479.018950,33.578311,-117.064247,461.571252,2.427437,0.813110
52695.000000,33.578328,-117.064334,479.010793,33.578311,-117.064247,461.571846,2.427913,0.813159
52710.000000,33.578328,-117.064335,479.001720,33.578311,-117.064247,461.572440,2.428388,0.813209
52725.000000,33.578328,-117.064335,478.993833,33.578311,-117.064247,461.573034,2.428859,0.813259
52740.000000,33.578328,-117.064335,478.987806,33.578311,-117.064247,461.573628,2.429316,0.813310
52755.000000,33.578328,-117.064335,478.979733,33.578311,-117.064247,461.574222,2.429790,0.813360
52770.000000,33.578328,-117.064335,478.971036,33.578311,-117.064247,461.574816,2.430249,0.813411
52785.000000,33.578328,-117.064335,478.960700,33.578311,-117.064247,461.575410,2.430709,0.813463
52800.000000,33.578328,-117.064336,478.950068,33.578311,-117.064247,461.576004,2.431176,0.813514
52815.000000,33.578328,-117.064336,478.938665,33.578311,-117.064247,461.576598,2.431645,0.813566
52830.000000,33.578328,-117.064336,478.926669,33.578311,-117.064247,461.577192,2.432120,0.813618
52845.000000,33.578328,-117.064336,478.915470,33.578311,-117.064247,461.577786,2.432581,0.813671
52860.000000,33.578328,-117.064336,478.904798,33.578311,-117.064247,461.578380,2.433045,0.813723
52875.000000,33.578328,-117.064337,478.892889,33.578311,-117.064247,461.578974,2.433507,0.813776
52890.000000,33.578328,-117.064337,478.878946,33.578311,-117.064247,461.579568,2.433968,0.813830
52905.000000,33.578328,-117.064337,478.863318,33.578311,-117.064247,461.580162,2.434423,0.813883
52920.000000,33.578328,-117.064337,478.847925,33.578311,-117.064247,461.580756,2.434873,0.813937
52935.000000,33.578328,-117.064337,478.833126,33.578311,-117.064247,461.581350,2.435319,0.813992
52950.000000,33.578329,-117.064338,478.817283,33.578311,-117.064247,461.581944,2.435768,0.814046
52965.000000,33.578329,-117.064338,478.801963,33.578311,-117.064247,461.582538,2.436215,0.814101
52980.000000,33.578329,-117.064338,478.786807,33.578311,-117.064247,461.583132,2.436649,0.814156
52995.000000,33.578329,-117.064338,478.769299,33.578311,-117.064247,461.583726,2.437098,0.814211
53010.000000,33.578329,-117.064338,478.749779,33.578311,-117.064247,461.584319,2.437559,0.814267
53025.000000,33.578329,-117.064339,478.731721,33.578311,-117.064247,461.584913,2.438022,0.814323
53040.000000,33.578329,-117.064339,478.714756,33.578311,-117.064247,461.585507,2.438472,0.814379
53055.000000,33.578329,-117.064339,478.696270,33.578311,-117.064247,461.586101,2.438923,0.814436
53070.000000,33.578329,-117.064339,478.708588,33.578311,-117.064247,461.586695,2.439462,0.814493
53085.000000,33.578329,-117.064339,478.720411,33.578311,-117.064247,461.587289,2.439992,0.814550
53100.000000,33.578329,-117.064340,478.729781,33.578311,-117.064247,461.587883,2.440523,0.814607
53115.000000,33.578329,-117.064340,478.738848,33.578311,-117.064247,461.588477,2.441047,0.814665
53130.000000,33.578329,-117.064340,478.746849,33.578311,-117.064247,461.589071,2.441579,0.814723
53145.000000,33.578329,-117.064340,478.753882,33.578311,-117.064247,461.589665,2.442088,0.814781
53160.000000,33.578328,-117.064340,478.759930,33.578311,-117.064247,461.590259,2.442613,0.814840
53175.000000,33.578328,-117.064341,478.764588,33.578311,-117.064247,461.590853,2.443134,0.814899
53190.000000,33.578328,-117.064341,478.768133,33.578311,-117.064247,461.591447,2.443662,0.814958
53205.000000,33.578328,-117.064341,478.770427,33.578311,-117.064247,461.592041,2.444186,0.815018
53220.000000,33.578328,-117.064341,478.772177,33.578311,-117.064247,461.592635,2.444713,0.815077
53235.000000,33.578328,-117.064342,478.773072,33.578311,-117.064247,461.593229,2.445244,0.815137
53250.000000,33.578328,-117.064342,478.772773,33.578311,-117.064247,461.593823,2.445767,0.815198
53265.000000,33.578328,-117.064342,478.771306,33.578311,-117.064247,461.594417,2.446290,0.815259
53280.000000,33.578328,-117.064342,478.769327,33.578311,-117.064247,461.595011,2.446817,0.815319
53295.000000,33.578328,-117.064342,478.766848,33.578311,-117.064247,461.595605,2.447343,0.815381
53310.000000,33.578328,-117.064343,478.763426,33.578311,-117.064247,461.596199,2.447869,0.815442
53325.000000,33.578328,-117.064343,478.758698,33.578311,-117.064247,461.596793,2.448397,0.815504
53340.000000,33.578328,-117.064343,478.752739,33.578311,-117.064247,461.597387,2.448920,0.815566
53355.000000,33.578328,-117.064343,478.745712,33.578311,-117.064247,461.597981,2.449448,0.815629
53370.000000,33.578328,-117.064343,478.737724,33.578310,-117.064247,461.598575,2.449961,0.815691
53385.000000,33.578328,-117.064344,478.728946,33.578310,-117.064247,461.599169,2.450476,0.815754
53400.000000,33.578328,-117.064344,478.719230,33.578310,-117.064247,461.599763,2.450991,0.815818
53415.000000,33.578328,-117.064344,478.707778,33.578310,-117.064247,461.600357,2.451503,0.815881
53430.000000,33.578328,-117.064344,478.695504,33.578310,-117.064247,461.600951,2.452011,0.815945
53445.000000,33.578328,-117.064345,478.682144,33.578310,-117.064247,461.601545,2.452525,0.816009
53460.000000,33.578328,-117.064345,478.667791,33.578310,-117.064247,461.602139,2.453028,0.816074
53475.000000,33.578328,-117.064345,478.652313,33.578310,-117.064247,461.602733,2.453532,0.816138
53490.000000,33.578328,-117.064345,478.635788,33.578310,-117.064247,461.603327,2.454032,0.816203
53505.000000,33.578328,-117.064346,478.617799,33.578310,-117.064247,461.603921,2.454532,0.816269
53520.000000,33.578328,-117.064346,478.599677,33.578310,-117.064247,461.604515,2.455026,0.816334
53535.000000,33.578328,-117.064346,478.579872,33.578310,-117.064247,461.605109,2.455518,0.816400
53550.000000,33.578328,-117.064346,478.559753,33.578310,-117.064247,461.605703,2.456009,0.816466
53565.000000,33.578328,-117.064346,478.538613,33.578310,-117.064247,461.606297,2.456501,0.816533
53580.000000,33.578328,-117.064347,478.516546,33.578310,-117.064247,461.606891,2.456987,0.816600
53595.000000,33.578328,-117.064347,478.493933,33.578310,-117.064247,461.607485,2.457478,0.816667
53610.000000,33.578329,-117.064347,478.471029,33.578310,-117.064247,461.608079,2.457971,0.816734
53625.000000,33.578329,-117.064347,478.447085,33.578310,-117.064247,461.608673,2.458459,0.816802
53640.000000,33.578329,-117.064348,478.422262,33.578310,-117.064247,461.609267,2.458948,0.816870
53655.000000,33.578329,-117.064348,478.396127,33.578310,-117.064247,461.609861,2.459433,0.816938
53670.000000,33.578329,-117.064348,478.369860,33.578310,-117.064247,461.610455,2.459919,0.817006
53685.000000,33.578329,-117.064348,478.341980,33.578310,-117.064247,461.611049,2.460388,0.817075
53700.000000,33.578329,-117.064348,478.313203,33.578310,-117.064247,461.611643,2.460871,0.817144
53715.000000,33.578329,-117.064349,478.283825,33.578310,-117.064247,461.612237,2.461341,0.817214
53730.000000,33.578329,-117.064349,478.253158,33.578310,-117.064247,461.612831,2.461818,0.817283
53745.000000,33.578329,-117.064349,478.221219,33.578310,-117.064247,461.613425,2.462278,0.817353
53760.000000,33.578329,-117.064349,478.189079,33.578310,-117.064247,461.614019,2.462740,0.817424
53775.000000,33.578329,-117.064350,478.156188,33.578310,-117.064247,461.614613,2.463200,0.817494
53790.000000,33.578329,-117.064350,478.121357,33.578310,-117.064247,461.615207,2.463657,0.817565
53805.000000,33.578329,-117.064350,478.086413,33.578310,-117.064247,461.615801,2.464107,0.817636
53820.000000,33.578329,-117.064350,478.050515,33.578310,-117.064247,461.616395,2.464565,0.817708
53835.000000,33.578329,-117.064351,478.013662,33.578310,-117.064247,461.616989,2.465011,0.817779
53850.000000,33.578329,-117.064351,477.976299,33.578310,-117.064247,461.617583,2.465457,0.817851
53865.000000,33.578329,-117.064351,477.938280,33.578310,-117.064247,461.618177,2.465903,0.817924
53880.000000,33.578329,-117.064351,477.899501,33.578310,-117.064247,461.618771,2.466335,0.817996
53895.000000,33.578329,-117.064352,477.860571,33.578310,-117.064247,461.619365,2.466774,0.818069
53910.000000,33.578329,-117.064352,477.820170,33.578310,-117.064247,461.619959,2.467200,0.818142
53925.000000,33.578329,-117.064352,477.779698,33.578310,-117.064247,461.620553,2.467634,0.818216
53940.000000,33.578329,-117.064352,477.737705,33.578310,-117.064247,461.621147,2.468055,0.818289
53955.000000,33.578330,-117.064353,477.695201,33.578310,-117.064247,461.621741,2.468483,0.818363
53970.000000,33.578330,-117.064353,477.651921,33.578310,-117.064247,461.622335,2.468898,0.818438
53985.000000,33.578330,-117.064353,477.607414,33.578310,-117.064247,461.622929,2.469315,0.818512
54000.000000,33.578330,-117.064353,477.562749,33.578310,-117.064247,461.623523,2.469739,0.818587
54015.000000,33.578330,-117.064354,477.516220,33.578310,-117.064247,461.624117,2.470141,0.818662
54030.000000,33.578330,-117.064354,477.469566,33.578310,-117.064247,461.624711,2.470553,0.818738
54045.000000,33.578330,-117.064354,477.422041,33.578310,-117.064247,461.625305,2.470961,0.818814
54060.000000,33.578330,-117.064354,477.372900,33.578310,-117.064247,461.625899,2.471353,0.818890
54075.000000,33.578330,-117.064355,477.323719,33.578310,-117.064247,461.626493,2.471760,0.818966
54090.000000,33.578330,-117.064355,477.273169,33.578310,-117.064247,461.627087,2.472153,0.819043
54105.000000,33.578330,-117.064355,477.223026,33.578310,-117.064247,461.627681,2.472543,0.819120
54120.000000,33.578330,-117.064355,477.171849,33.578310,-117.064247,461.628275,2.472921,0.819197
54135.000000,33.578330,-117.064356,477.119770,33.578310,-117.064247,461.628869,2.473297,0.819274
54150.000000,33.578330,-117.064356,477.066925,33.578310,-117.064247,461.629463,2.473661,0.819352
54165.000000,33.578331,-117.064356,477.013769,33.578310,-117.064247,461.630057,2.474039,0.819430
54180.000000,33.578331,-117.064357,476.958065,33.578310,-117.064247,461.630651,2.474388,0.819508
54195.000000,33.578331,-117.064357,476.901733,33.578309,-117.064247,461.631245,2.474743,0.819587
54210.000000,33.578331,-117.064357,476.844833,33.578309,-117.064247,461.631839,2.475097,0.819666
54225.000000,33.578331,-117.064357,476.786521,33.578309,-117.064247,461.632433,2.475431,0.819745
54240.000000,33.578331,-117.064358,476.728088,33.578309,-117.064247,461.633027,2.475773,0.819825
54255.000000,33.578331,-117.064358,476.667888,33.578309,-117.064247,461.633621,2.476093,0.819904
54270.000000,33.578331,-117.064358,476.607589,33.578309,-117.064247,461.634215,2.476428,0.819984
54285.000000,33.578331,-117.064359,476.546507,33.578309,-117.064247,461.634809,2.476743,0.820065
54300.000000,33.578331,-117.064359,476.484258,33.578309,-117.064247,461.635403,2.477059,0.820145
54315.000000,33.578331,-117.064359,476.421622,33.578309,-117.064247,461.635997,2.477372,0.820226
54330.000000,33.578331,-117.064359,476.358332,33.578309,-117.064247,461.636591,2.477668,0.820308
54345.000000,33.578332,-117.064360,476.294378,33.578309,-117.064247,461.637185,2.477971,0.820389
54360.000000,33.578332,-117.064360,476.229521,33.578309,-117.064247,461.637779,2.478266,0.820471
54375.000000,33.578332,-117.064360,476.164955,33.578309,-117.064247,461.638373,2.478571,0.820553
54390.000000,33.578332,-117.064361,476.098953,33.578309,-117.064247,461.638967,2.478867,0.820635
54405.000000,33.578332,-117.064361,476.033689,33.578309,-117.064247,461.639561,2.479155,0.820718
54420.000000,33.578332,-117.064361,475.967599,33.578309,-117.064247,461.640155,2.479445,0.820801
54435.000000,33.578332,-117.064361,475.900475,33.578309,-117.064247,461.640749,2.479714,0.820884
54450.000000,33.578332,-117.064362,475.832312,33.578309,-117.064247,461.641343,2.479969,0.820968
54465.000000,33.578332,-117.064362,475.763468,33.578309,-117.064247,461.641937,2.480228,0.821051
54480.000000,33.578332,-117.064362,475.692989,33.578309,-117.064247,461.642531,2.480466,0.821135
54495.000000,33.578333,-117.064363,475.623026,33.578309,-117.064247,461.643125,2.480714,0.821220
54510.000000,33.578333,-117.064363,475.551726,33.578309,-117.064247,461.643718,2.480945,0.821304
54525.000000,33.578333,-117.064363,475.479503,33.578309,-117.064247,461.644312,2.481177,0.821389
54540.000000,33.578333,-117.064364,475.406141,33.578309,-117.064247,461.644906,2.481408,0.821475
54555.000000,33.578333,-117.064364,475.333217,33.578309,-117.064247,461.645500,2.481632,0.821560
54570.000000,33.578333,-117.064364,475.258622,33.578309,-117.064247,461.646094,2.481853,0.821646
54585.000000,33.578333,-117.064364,475.184357,33.578309,-117.064247,461.646688,2.482075,0.821732
54600.000000,33.578333,-117.064365,475.109793,33.578309,-117.064247,461.647282,2.482292,0.821818
54615.000000,33.578333,-117.064365,475.036258,33.578309,-117.064247,461.647876,2.482507,0.821905
54630.000000,33.578333,-117.064365,475.028728,33.578309,-117.064247,461.648470,2.482972,0.821992
54645.000000,33.578333,-117.064365,475.020712,33.578309,-117.064247,461.649064,2.483435,0.822079
54660.000000,33.578333,-117.064365,475.012780,33.578309,-117.064247,461.649658,2.483911,0.822167
54675.000000,33.578333,-117.064365,475.004313,33.578309,-117.064247,461.650252,2.484373,0.822254
54690.000000,33.578333,-117.064366,474.994967,33.578309,-117.064247,461.650846,2.484823,0.822343
54705.000000,33.578333,-117.064366,474.985176,33.578309,-117.064247,461.651440,2.485286,0.822431
54720.000000,33.578333,-117.064366,474.975018,33.578309,-117.064247,461.652034,2.485743,0.822520
54735.000000,33.578333,-117.064366,474.964459,33.578309,-117.064247,461.652628,2.486204,0.822608
54750.000000,33.578333,-117.064366,474.953014,33.578309,-117.064247,461.653222,2.486647,0.822698
54765.000000,33.578333,-117.064366,474.941732,33.578309,-117.064247,461.653816,2.487094,0.822787
54780.000000,33.578333,-117.064366,474.929523,33.578309,-117.064247,461.654410,2.487529,0.822877
54795.000000,33.578333,-117.064366,474.916782,33.578309,-117.064247,461.655004,2.487958,0.822967
54810.000000,33.578333,-117.064366,474.903114,33.578309,-117.064247,461.655598,2.488376,0.823057
54825.000000,33.578333,-117.064367,474.890140,33.578309,-117.064247,461.656192,2.488829,0.823148
54840.000000,33.578333,-117.064367,474.877136,33.578309,-117.064247,461.656786,2.489249,0.823239
54855.000000,33.578332,-117.064367,474.863477,33.578309,-117.064247,461.657380,2.489678,0.823330
54870.000000,33.578332,-117.064367,474.849933,33.578309,-117.064247,461.657974,2.490134,0.823422
54885.000000,33.578332,-117.064367,474.835919,33.578309,-117.064247,461.658568,2.490558,0.823513
54900.000000,33.578332,-117.064367,474.821419,33.578309,-117.064247,461.659162,2.490999,0.823605
54915.000000,33.578332,-117.064367,474.805071,33.578309,-117.064247,461.659756,2.491426,0.823698
54930.000000,33.578332,-117.064367,474.788460,33.578309,-117.064247,461.660350,2.491842,0.823790
54945.000000,33.578332,-117.064367,474.771624,33.578309,-117.064247,461.660944,2.492262,0.823883
54960.000000,33.578332,-117.064367,474.754093,33.578309,-117.064247,461.661538,2.492683,0.823976
54975.000000,33.578332,-117.064367,474.736270,33.578309,-117.064247,461.662132,2.493080,0.824070
54990.000000,33.578332,-117.064368,474.718104,33.578309,-117.064247,461.662726,2.493501,0.824164
55005.000000,33.578332,-117.064368,474.699322,33.578309,-117.064247,461.663320,2.493905,0.824258
55020.000000,33.578332,-117.064368,474.680662,33.578308,-117.064247,461.663914,2.494292,0.824352
55035.000000,33.578332,-117.064368,474.662400,33.578308,-117.064247,461.664508,2.494708,0.824447
55050.000000,33.578332,-117.064368,474.643599,33.578308,-117.064247,461.665102,2.495116,0.824541
55065.000000,33.578332,-117.064368,474.624100,33.578308,-117.064247,461.665696,2.495515,0.824637
55080.000000,33.578332,-117.064368,474.604611,33.578308,-117.064247,461.666290,2.495900,0.824732
55095.000000,33.578332,-117.064368,474.584472,33.578308,-117.064247,461.666884,2.496312,0.824828
55110.000000,33.578331,-117.064368,474.563121,33.578308,-117.064247,461.667478,2.496683,0.824924
55125.000000,33.578331,-117.064368,474.542362,33.578308,-117.064247,461.668072,2.497073,0.825020
55140.000000,33.578331,-117.064368,474.520910,33.578308,-117.064247,461.668666,2.497475,0.825117
55155.000000,33.578331,-117.064369,474.499438,33.578308,-117.064247,461.669260,2.497850,0.825213
55170.000000,33.578331,-117.064369,474.477002,33.578308,-117.064247,461.669854,2.498228,0.825311
55185.000000,33.578331,-117.064369,474.453308,33.578308,-117.064247,461.670448,2.498587,0.825408
55200.000000,33.578331,-117.064369,474.430819,33.578308,-117.064247,461.671042,2.498954,0.825506
55215.000000,33.578331,-117.064369,474.407360,33.578308,-117.064247,461.671636,2.499324,0.825604
55230.000000,33.578331,-117.064369,474.383880,33.578308,-117.064247,461.672230,2.499710,0.825702
55245.000000,33.578331,-117.064369,474.358660,33.578308,-117.064247,461.672824,2.500050,0.825800
55260.000000,33.578331,-117.064369,474.334489,33.578308,-117.064247,461.673418,2.500415,0.825899
55275.000000,33.578331,-117.064369,474.309692,33.578308,-117.064247,461.674012,2.500795,0.825998
55290.000000,33.578331,-117.064369,474.284027,33.578308,-117.064247,461.674606,2.501170,0.826098
55305.000000,33.578331,-117.064369,474.258418,33.578308,-117.064247,461.675200,2.501513,0.826197
55320.000000,33.578331,-117.064369,474.231961,33.578308,-117.064247,461.675794,2.501861,0.826297
55335.000000,33.578331,-117.064369,474.205443,33.578308,-117.064247,461.676388,2.502203,0.826398
55350.000000,33.578330,-117.064370,474.179665,33.578308,-117.064247,461.676982,2.502558,0.826498
55365.000000,33.578330,-117.064370,474.152903,33.578308,-117.064247,461.677576,2.502900,0.826599
55380.000000,33.578330,-117.064370,474.125969,33.578308,-117.064247,461.678170,2.503259,0.826700
55395.000000,33.578330,-117.064370,474.098536,33.578308,-117.064247,461.678764,2.503603,0.826801
55410.000000,33.578330,-117.064370,474.071547,33.578308,-117.064247,461.679358,2.503956,0.826903
55425.000000,33.578330,-117.064370,474.043914,33.578308,-117.064247,461.679952,2.504325,0.827005
55440.000000,33.578330,-117.064370,474.014865,33.578308,-117.064247,461.680546,2.504643,0.827107
55455.000000,33.578330,-117.064370,473.987570,33.578308,-117.064247,461.681140,2.504979,0.827209
55470.000000,33.578330,-117.064370,473.959171,33.578308,-117.064247,461.681734,2.505312,0.827312
55485.000000,33.578330,-117.064370,473.930465,33.578308,-117.064247,461.682328,2.505664,0.827415
55500.000000,33.578330,-117.064370,473.901015,33.578308,-117.064247,461.682922,2.505988,0.827518
55515.000000,33.578330,-117.064370,473.870582,33.578308,-117.064247,461.683516,2.506285,0.827622
55530.000000,33.578330,-117.064370,473.840958,33.578308,-117.064247,461.684110,2.506615,0.827726
55545.000000,33.578330,-117.064370,473.810643,33.578308,-117.064247,461.684704,2.506928,0.827830
55560.000000,33.578330,-117.064371,473.780110,33.578308,-117.064247,461.685298,2.507213,0.827934
55575.000000,33.578329,-117.064371,473.749025,33.578308,-117.064247,461.685892,2.507495,0.828039
55590.000000,33.578329,-117.064371,473.716708,33.578308,-117.064247,461.686486,2.507770,0.828144
55605.000000,33.578329,-117.064371,473.684197,33.578308,-117.064247,461.687080,2.508044,0.828249
55620.000000,33.578329,-117.064371,473.651593,33.578308,-117.064247,461.687674,2.508326,0.828355
55635.000000,33.578329,-117.064371,473.618203,33.578308,-117.064247,461.688268,2.508607,0.828461
55650.000000,33.578329,-117.064371,473.584126,33.578308,-117.064247,461.688862,2.508881,0.828567
55665.000000,33.578329,-117.064371,473.549720,33.578308,-117.064247,461.689456,2.509137,0.828673
55680.000000,33.578329,-117.064371,473.513717,33.578308,-117.064247,461.690050,2.509386,0.828780
55695.000000,33.578329,-117.064371,473.477793,33.578308,-117.064247,461.690644,2.509635,0.828887
55710.000000,33.578329,-117.064371,473.442088,33.578308,-117.064247,461.691238,2.509897,0.828994
55725.000000,33.578329,-117.064371,473.406125,33.578308,-117.064247,461.691832,2.510131,0.829101
55740.000000,33.578329,-117.064371,473.370658,33.578308,-117.064247,461.692426,2.510370,0.829209
55755.000000,33.578329,-117.064371,473.333535,33.578308,-117.064247,461.693020,2.510618,0.829317
55770.000000,33.578329,-117.064371,473.297455,33.578308,-117.064247,461.693614,2.510848,0.829426
55785.000000,33.578328,-117.064371,473.259593,33.578308,-117.064247,461.694208,2.511081,0.829534
55800.000000,33.578328,-117.064372,473.221090,33.578308,-117.064247,461.694802,2.511281,0.829643
55815.000000,33.578328,-117.064372,473.182505,33.578308,-117.064247,461.695396,2.511520,0.829752
55830.000000,33.578328,-117.064372,473.144956,33.578308,-117.064247,461.695990,2.511756,0.829862
55845.000000,33.578328,-117.064372,473.106712,33.578307,-117.064247,461.696584,2.511960,0.829971
55860.000000,33.578328,-117.064372,473.069405,33.578307,-117.064247,461.697178,2.512192,0.830081
55875.000000,33.578328,-117.064372,473.031447,33.578307,-117.064247,461.697772,2.512409,0.830191
55890.000000,33.578328,-117.064372,472.993013,33.578307,-117.064247,461.698366,2.512603,0.830302
55905.000000,33.578328,-117.064372,472.954716,33.578307,-117.064247,461.698960,2.512827,0.830413
55920.000000,33.578328,-117.064372,472.916672,33.578307,-117.064247,461.699554,2.513037,0.830524
55935.000000,33.578328,-117.064372,472.876859,33.578307,-117.064247,461.700148,2.513213,0.830635
55950.000000,33.578328,-117.064372,472.839269,33.578307,-117.064247,461.700742,2.513425,0.830747
55965.000000,33.578327,-117.064372,472.800362,33.578307,-117.064247,461.701336,2.513612,0.830859
55980.000000,33.578327,-117.064372,472.761037,33.578307,-117.064247,461.701930,2.513791,0.830971
55995.000000,33.578327,-117.064372,472.720999,33.578307,-117.064247,461.702524,2.513987,0.831083
56010.000000,33.578327,-117.064372,472.680163,33.578307,-117.064247,461.703118,2.514141,0.831196
56025.000000,33.578327,-117.064372,472.639380,33.578307,-117.064247,461.703711,2.514304,0.831309
56040.000000,33.578327,-117.064372,472.597890,33.578307,-117.064247,461.704305,2.514469,0.831422
56055.000000,33.578327,-117.064372,472.554489,33.578307,-117.064247,461.704899,2.514616,0.831536
56070.000000,33.578327,-117.064372,472.510155,33.578307,-117.064247,461.705493,2.514768,0.831650
56085.000000,33.578327,-117.064373,472.467123,33.578307,-117.064247,461.706087,2.514926,0.831764
56100.000000,33.578327,-117.064373,472.422228,33.578307,-117.064247,461.706681,2.515051,0.831878
56115.000000,33.578327,-117.064373,472.377738,33.578307,-117.064247,461.707275,2.515145,0.831993
56130.000000,33.578326,-117.064373,472.333442,33.578307,-117.064247,461.707869,2.515260,0.832108
56145.000000,33.578326,-117.064373,472.303021,33.578307,-117.064247,461.708463,2.515506,0.832223
56160.000000,33.578326,-117.064373,472.271992,33.578307,-117.064247,461.709057,2.515743,0.832339
56175.000000,33.578326,-117.064373,472.240300,33.578307,-117.064247,461.709651,2.515971,0.832454
56190.000000,33.578326,-117.064373,472.208328,33.578307,-117.064247,461.710245,2.516196,0.832570
56205.000000,33.578326,-117.064373,472.176092,33.578307,-117.064247,461.710839,2.516425,0.832687
56220.000000,33.578326,-117.064373,472.143218,33.578307,-117.064247,461.711433,2.516638,0.832803
56235.000000,33.578326,-117.064373,472.110668,33.578307,-117.064247,461.712027,2.516858,0.832920
56250.000000,33.578326,-117.064373,472.076784,33.578307,-117.064247,461.712621,2.517078,0.833037
56265.000000,33.578326,-117.064373,472.042551,33.578307,-117.064247,461.713215,2.517270,0.833155
56280.000000,33.578326,-117.064373,472.008362,33.578307,-117.064247,461.713809,2.517475,0.833272
56295.000000,33.578326,-117.064373,471.974327,33.578307,-117.064247,461.714403,2.517669,0.833390
56310.000000,33.578326,-117.064373,471.939828,33.578307,-117.064247,461.714997,2.517866,0.833509
56325.000000,33.578326,-117.064373,471.905932,33.578307,-117.064247,461.715591,2.518051,0.833627
56340.000000,33.578326,-117.064373,471.871670,33.578307,-117.064247,461.716185,2.518232,0.833746
56355.000000,33.578326,-117.064373,471.837002,33.578307,-117.064247,461.716779,2.518426,0.833865
56370.000000,33.578326,-117.064373,471.801631,33.578307,-117.064247,461.717373,2.518607,0.833984
56385.000000,33.578326,-117.064373,471.767441,33.578307,-117.064247,461.717967,2.518804,0.834104
56400.000000,33.578326,-117.064373,471.732413,33.578307,-117.064247,461.718561,2.518980,0.834224
56415.000000,33.578326,-117.064373,471.697285,33.578307,-117.064247,461.719155,2.519150,0.834344
56430.000000,33.578326,-117.064373,471.662903,33.578307,-117.064247,461.719749,2.519347,0.834464
56445.000000,33.578325,-117.064373,471.627559,33.578307,-117.064247,461.720343,2.519542,0.834585
56460.000000,33.578325,-117.064373,471.591489,33.578307,-117.064247,461.720937,2.519680,0.834706
56475.000000,33.578325,-117.064373,471.555541,33.578307,-117.064247,461.721531,2.519820,0.834827
56490.000000,33.578325,-117.064373,471.520135,33.578307,-117.064247,461.722125,2.520027,0.834949
56505.000000,33.578325,-117.064373,471.483391,33.578307,-117.064247,461.722719,2.520176,0.835070
56520.000000,33.578325,-117.064373,471.446105,33.578307,-117.064247,461.723313,2.520305,0.835192
56535.000000,33.578325,-117.064373,471.408760,33.578307,-117.064247,461.723907,2.520452,0.835315
56550.000000,33.578325,-117.064374,471.370419,33.578307,-117.064247,461.724501,2.520576,0.835437
56565.000000,33.578325,-117.064374,471.332504,33.578307,-117.064247,461.725095,2.520675,0.835560
56580.000000,33.578325,-117.064374,471.294037,33.578307,-117.064247,461.725689,2.520767,0.835683
56595.000000,33.578325,-117.064374,471.255126,33.578307,-117.064247,461.726283,2.520897,0.835807
56610.000000,33.578325,-117.064374,471.215746,33.578307,-117.064247,461.726877,2.520986,0.835930
56625.000000,33.578325,-117.064374,471.177354,33.578307,-117.064247,461.727471,2.521087,0.836054
56640.000000,33.578325,-117.064374,471.138226,33.578307,-117.064247,461.728065,2.521229,0.836178
56655.000000,33.578325,-117.064374,471.097950,33.578307,-117.064247,461.728659,2.521315,0.836303
56670.000000,33.578325,-117.064374,471.057334,33.578306,-117.064247,461.729253,2.521379,0.836428
56685.000000,33.578324,-117.064374,471.017037,33.578306,-117.064247,461.729847,2.521469,0.836553
56700.000000,33.578324,-117.064374,470.975327,33.578306,-117.064247,461.730441,2.521574,0.836678
56715.000000,33.578324,-117.064374,470.933259,33.578306,-117.064247,461.731035,2.521602,0.836804
56730.000000,33.578324,-117.064374,470.892416,33.578306,-117.064247,461.731629,2.521639,0.836929
56745.000000,33.578324,-117.064374,470.851366,33.578306,-117.064247,461.732223,2.521745,0.837056
56760.000000,33.578324,-117.064374,470.809224,33.578306,-117.064247,461.732817,2.521840,0.837182
56775.000000,33.578324,-117.064374,470.765901,33.578306,-117.064247,461.733411,2.521868,0.837309
56790.000000,33.578324,-117.064374,470.723813,33.578306,-117.064247,461.734005,2.521902,0.837435
56805.000000,33.578324,-117.064374,470.680949,33.578306,-117.064247,461.734599,2.521965,0.837563
56820.000000,33.578324,-117.064374,470.637407,33.578306,-117.064247,461.735193,2.522023,0.837690
56835.000000,33.578324,-117.064374,470.594036,33.578306,-117.064247,461.735787,2.522060,0.837818
56850.000000,33.578324,-117.064374,470.552160,33.578306,-117.064247,461.736381,2.522100,0.837946
56865.000000,33.578323,-117.064374,470.509584,33.578306,-117.064247,461.736975,2.522135,0.838074
56880.000000,33.578323,-117.064374,470.465150,33.578306,-117.064247,461.737569,2.522170,0.838203
56895.000000,33.578323,-117.064374,470.420068,33.578306,-117.064247,461.738163,2.522158,0.838331
56910.000000,33.578323,-117.064374,470.376476,33.578306,-117.064247,461.738757,2.522190,0.838460
56925.000000,33.578323,-117.064374,470.332409,33.578306,-117.064247,461.739351,2.522237,0.838590
56940.000000,33.578323,-117.064374,470.285577,33.578306,-117.064247,461.739945,2.522232,0.838719
56955.000000,33.578323,-117.064374,470.240733,33.578306,-117.064247,461.740539,2.522222,0.838849
56970.000000,33.578323,-117.064374,470.194521,33.578306,-117.064247,461.741133,2.522231,0.838979
56985.000000,33.578323,-117.064374,470.147836,33.578306,-117.064247,461.741727,2.522240,0.839110
57000.000000,33.578323,-117.064374,470.101207,33.578306,-117.064247,461.742321,2.522213,0.839240
57015.000000,33.578322,-117.064374,470.055545,33.578306,-117.064247,461.742915,2.522154,0.839371
57030.000000,33.578322,-117.064374,470.009521,33.578306,-117.064247,461.743509,2.522093,0.839503
57045.000000,33.578322,-117.064374,469.962518,33.578306,-117.064247,461.744103,2.522063,0.839634
57060.000000,33.578323,-117.064373,470.025790,33.578306,-117.064247,461.744697,2.520285,0.839766
57075.000000,33.578324,-117.064373,470.084132,33.578306,-117.064247,461.745291,2.518605,0.839898
57090.000000,33.578325,-117.064373,470.135198,33.578306,-117.064247,461.745885,2.517048,0.840030
57105.000000,33.578326,-117.064372,470.189906,33.578306,-117.064247,461.746479,2.515447,0.840163
57120.000000,33.578327,-117.064372,470.243289,33.578306,-117.064247,461.747073,2.513887,0.840295
57135.000000,33.578328,-117.064371,470.295281,33.578306,-117.064247,461.747667,2.512400,0.840429
57150.000000,33.578329,-117.064371,470.343392,33.578306,-117.064247,461.748261,2.511012,0.840562
57165.000000,33.578330,-117.064371,470.394364,33.578306,-117.064247,461.748855,2.509541,0.840695
57180.000000,33.578330,-117.064370,470.441419,33.578306,-117.064247,461.749449,2.508150,0.840829
57195.000000,33.578331,-117.064370,470.491282,33.578306,-117.064247,461.750043,2.506769,0.840963
57210.000000,33.578332,-117.064370,470.536708,33.578306,-117.064247,461.750637,2.505458,0.841098
57225.000000,33.578333,-117.064369,470.580976,33.578306,-117.064247,461.751231,2.504189,0.841233
57240.000000,33.578333,-117.064369,470.671846,33.578306,-117.064247,461.751825,2.503136,0.841368
57255.000000,33.578334,-117.064369,470.760967,33.578306,-117.064247,461.752419,2.502090,0.841503
57270.000000,33.578335,-117.064369,470.850399,33.578306,-117.064247,461.753013,2.501062,0.841638
57285.000000,33.578335,-117.064368,470.935236,33.578306,-117.064247,461.753607,2.500111,0.841774
57300.000000,33.578336,-117.064368,471.022809,33.578306,-117.064247,461.754201,2.499138,0.841910
57315.000000,33.578336,-117.064368,471.108961,33.578306,-117.064247,461.754795,2.498181,0.842046
57330.000000,33.578337,-117.064368,471.190620,33.578306,-117.064247,461.755389,2.497282,0.842183
57345.000000,33.578337,-117.064368,471.275500,33.578306,-117.064247,461.755983,2.496348,0.842320
57360.000000,33.578338,-117.064368,471.358517,33.578306,-117.064247,461.756577,2.495456,0.842457
57375.000000,33.578339,-117.064367,471.439870,33.578306,-117.064247,461.757171,2.494597,0.842594
57390.000000,33.578339,-117.064367,471.519786,33.578306,-117.064247,461.757765,2.493748,0.842731
57405.000000,33.578340,-117.064367,471.598450,33.578306,-117.064247,461.758359,2.492922,0.842869
57420.000000,33.578340,-117.064367,471.610101,33.578306,-117.064247,461.758953,2.492038,0.843007
57435.000000,33.578340,-117.064367,471.623630,33.578306,-117.064247,461.759547,2.491172,0.843146
57450.000000,33.578340,-117.064367,471.632683,33.578306,-117.064247,461.760141,2.490359,0.843285
57465.000000,33.578340,-117.064367,471.645039,33.578306,-117.064247,461.760735,2.489482,0.843423
57480.000000,33.578341,-117.064367,471.659319,33.578306,-117.064247,461.761329,2.488622,0.843563
57495.000000,33.578341,-117.064367,471.670844,33.578305,-117.064247,461.761923,2.487799,0.843702
57510.000000,33.578341,-117.064367,471.684865,33.578305,-117.064247,461.762517,2.486958,0.843842
57525.000000,33.578341,-117.064367,471.699650,33.578305,-117.064247,461.763110,2.486095,0.843982
57540.000000,33.578341,-117.064367,471.715654,33.578305,-117.064247,461.763704,2.485219,0.844122
57555.000000,33.578342,-117.064367,471.729253,33.578305,-117.064247,461.764298,2.484374,0.844262
57570.000000,33.578342,-117.064366,471.743380,33.578305,-117.064247,461.764892,2.483537,0.844403
57585.000000,33.578342,-117.064366,471.755929,33.578305,-117.064247,461.765486,2.482756,0.844544
57600.000000,33.578342,-117.064366,471.766049,33.578305,-117.064247,461.766080,2.481994,0.844685
57615.000000,33.578342,-117.064366,471.775714,33.578305,-117.064247,461.766674,2.481234,0.844827
57630.000000,33.578342,-117.064366,471.783942,33.578305,-117.064247,461.767268,2.480530,0.844969
57645.000000,33.578342,-117.064366,471.794943,33.578305,-117.064247,461.767862,2.479782,0.845111
57660.000000,33.578343,-117.064366,471.806116,33.578305,-117.064247,461.768456,2.479043,0.845253
57675.000000,33.578343,-117.064366,471.818127,33.578305,-117.064247,461.769050,2.478257,0.845396
57690.000000,33.578343,-117.064366,471.833118,33.578305,-117.064247,461.769644,2.477440,0.845539
57705.000000,33.578343,-117.064366,471.845973,33.578305,-117.064247,461.770238,2.476654,0.845682
57720.000000,33.578343,-117.064366,471.855153,33.578305,-117.064247,461.770832,2.475923,0.845825
57735.000000,33.578343,-117.064366,471.866213,33.578305,-117.064247,461.771426,2.475167,0.845969
57750.000000,33.578343,-117.064366,471.872237,33.578305,-117.064247,461.772020,2.474473,0.846113
57765.000000,33.578344,-117.064366,471.884199,33.578305,-117.064247,461.772614,2.473697,0.846257
57780.000000,33.578344,-117.064365,471.893824,33.578305,-117.064247,461.773208,2.472961,0.846401
57795.000000,33.578344,-117.064365,471.902933,33.578305,-117.064247,461.773802,2.472233,0.846546
57810.000000,33.578344,-117.064365,471.909847,33.578305,-117.064247,461.774396,2.471506,0.846691
57825.000000,33.578344,-117.064365,471.917734,33.578305,-117.064247,461.774990,2.470813,0.846836
57840.000000,33.578344,-117.064365,471.927841,33.578305,-117.064247,461.775584,2.470105,0.846982
57855.000000,33.578344,-117.064365,471.939174,33.578305,-117.064247,461.776178,2.469369,0.847127
57870.000000,33.578344,-117.064365,471.946171,33.578305,-117.064247,461.776772,2.468689,0.847273
57885.000000,33.578345,-117.064365,471.954797,33.578305,-117.064247,461.777366,2.467990,0.847420
57900.000000,33.578345,-117.064365,471.961819,33.578305,-117.064247,461.777960,2.467306,0.847566
57915.000000,33.578345,-117.064365,471.968513,33.578305,-117.064247,461.778554,2.466666,0.847713
57930.000000,33.578345,-117.064365,471.976641,33.578305,-117.064247,461.779148,2.466009,0.847860
57945.000000,33.578345,-117.064365,471.986967,33.578305,-117.064247,461.779742,2.465351,0.848007
57960.000000,33.578345,-117.064364,471.997543,33.578305,-117.064247,461.780336,2.464697,0.848155
57975.000000,33.578345,-117.064364,472.003803,33.578305,-117.064247,461.780930,2.464054,0.848303
57990.000000,33.578345,-117.064364,472.010635,33.578305,-117.064247,461.781524,2.463417,0.848451
58005.000000,33.578345,-117.064364,472.016689,33.578305,-117.064247,461.782118,2.462789,0.848599
58020.000000,33.578345,-117.064364,472.020048,33.578305,-117.064247,461.782712,2.462164,0.848747
58035.000000,33.578345,-117.064364,472.027874,33.578305,-117.064247,461.783306,2.461493,0.848896
58050.000000,33.578346,-117.064364,472.035864,33.578305,-117.064247,461.783900,2.460847,0.849045
58065.000000,33.578346,-117.064364,472.042988,33.578305,-117.064247,461.784494,2.460194,0.849195
58080.000000,33.578346,-117.064364,472.049060,33.578305,-117.064247,461.785088,2.459575,0.849344
58095.000000,33.578346,-117.064364,472.056960,33.578305,-117.064247,461.785682,2.458932,0.849494
58110.000000,33.578346,-117.064363,472.059999,33.578305,-117.064247,461.786276,2.458340,0.849644
58125.000000,33.578346,-117.064363,472.065885,33.578305,-117.064247,461.786870,2.457713,0.849795
58140.000000,33.578346,-117.064363,472.070597,33.578305,-117.064247,461.787464,2.457108,0.849945
58155.000000,33.578346,-117.064363,472.077024,33.578305,-117.064247,461.788058,2.456509,0.850096
58170.000000,33.578346,-117.064363,472.081999,33.578305,-117.064247,461.788652,2.455889,0.850248
58185.000000,33.578346,-117.064363,472.085762,33.578305,-117.064247,461.789246,2.455297,0.850399
58200.000000,33.578346,-117.064363,472.088710,33.578305,-117.064247,461.789840,2.454681,0.850551
58215.000000,33.578346,-117.064363,472.091093,33.578305,-117.064247,461.790434,2.454092,0.850703
58230.000000,33.578346,-117.064363,472.094597,33.578305,-117.064247,461.791028,2.453487,0.850855
58245.000000,33.578346,-117.064362,472.099482,33.578305,-117.064247,461.791622,2.452891,0.851007
58260.000000,33.578346,-117.064362,472.103055,33.578305,-117.064247,461.792216,2.452290,0.851160
58275.000000,33.578346,-117.064362,472.105290,33.578305,-117.064247,461.792810,2.451653,0.851313
58290.000000,33.578346,-117.064362,472.109900,33.578305,-117.064247,461.793404,2.451033,0.851466
58305.000000,33.578346,-117.064362,472.111223,33.578305,-117.064247,461.793998,2.450454,0.851620
58320.000000,33.578346,-117.064362,472.112740,33.578304,-117.064247,461.794592,2.449899,0.851773
58335.000000,33.578346,-117.064362,472.114304,33.578304,-117.064247,461.795186,2.449306,0.851927
58350.000000,33.578346,-117.064362,472.113881,33.578304,-117.064247,461.795780,2.448762,0.852082
58365.000000,33.578346,-117.064362,472.112635,33.578304,-117.064247,461.796374,2.448211,0.852236
58380.000000,33.578346,-117.064361,472.110986,33.578304,-117.064247,461.796968,2.447664,0.852391
58395.000000,33.578346,-117.064361,472.109040,33.578304,-117.064247,461.797562,2.447088,0.852546
58410.000000,33.578346,-117.064361,472.108113,33.578304,-117.064247,461.798156,2.446510,0.852701
58425.000000,33.578346,-117.064361,472.107887,33.578304,-117.064247,461.798750,2.445906,0.852857
58440.000000,33.578346,-117.064361,472.104859,33.578304,-117.064247,461.799344,2.445361,0.853012
58455.000000,33.578346,-117.064361,472.090705,33.578304,-117.064247,461.799938,2.444356,0.853168
58470.000000,33.578346,-117.064361,472.073724,33.578304,-117.064247,461.800532,2.443377,0.853325
58485.000000,33.578346,-117.064360,472.059605,33.578304,-117.064247,461.801126,2.442427,0.853481
58500.000000,33.578347,-117.064360,472.044102,33.578304,-117.064247,461.801720,2.441434,0.853638
58515.000000,33.578347,-117.064360,472.028257,33.578304,-117.064247,461.802314,2.440480,0.853795
58530.000000,33.578347,-117.064360,472.012644,33.578304,-117.064247,461.802908,2.439563,0.853952
58545.000000,33.578347,-117.064360,471.992942,33.578304,-117.064247,461.803502,2.438639,0.854110
58560.000000,33.578347,-117.064360,471.975675,33.578304,-117.064247,461.804096,2.437715,0.854268
58575.000000,33.578347,-117.064360,471.955894,33.578304,-117.064247,461.804690,2.436795,0.854426
58590.000000,33.578347,-117.064359,471.937361,33.578304,-117.064247,461.805284,2.435861,0.854584
58605.000000,33.578347,-117.064359,471.915719,33.578304,-117.064247,461.805878,2.434890,0.854743
58620.000000,33.578347,-117.064359,471.894450,33.578304,-117.064247,461.806472,2.433935,0.854902
58635.000000,33.578347,-117.064359,471.873142,33.578304,-117.064247,461.807066,2.433002,0.855061
58650.000000,33.578347,-117.064359,471.855242,33.578304,-117.064247,461.807660,2.432086,0.855220
58665.000000,33.578347,-117.064359,471.835659,33.578304,-117.064247,461.808254,2.431149,0.855380
58680.000000,33.578347,-117.064358,471.812392,33.578304,-117.064247,461.808848,2.430294,0.855539
58695.000000,33.578347,-117.064358,471.789642,33.578304,-117.064247,461.809442,2.429354,0.855700
58710.000000,33.578347,-117.064358,471.764489,33.578304,-117.064247,461.810036,2.428464,0.855860
58725.000000,33.578347,-117.064358,471.740263,33.578304,-117.064247,461.810630,2.427537,0.856020
58740.000000,33.578347,-117.064358,471.716291,33.578304,-117.064247,461.811224,2.426677,0.856181
58755.000000,33.578346,-117.064358,471.692930,33.578304,-117.064247,461.811818,2.425805,0.856342
58770.000000,33.578346,-117.064358,471.667918,33.578304,-117.064247,461.812412,2.424871,0.856504
58785.000000,33.578346,-117.064357,471.642890,33.578304,-117.064247,461.813006,2.423948,0.856665
58800.000000,33.578346,-117.064357,471.618566,33.578304,-117.064247,461.813600,2.423054,0.856827
58815.000000,33.578346,-117.064357,471.591901,33.578304,-117.064247,461.814194,2.422185,0.856989
58830.000000,33.578346,-117.064357,471.565771,33.578304,-117.064247,461.814788,2.421308,0.857152
58845.000000,33.578346,-117.064357,471.538458,33.578304,-117.064247,461.815382,2.420443,0.857314
58860.000000,33.578346,-117.064357,471.510609,33.578304,-117.064247,461.815976,2.419576,0.857477
58875.000000,33.578346,-117.064356,471.480099,33.578304,-117.064247,461.816570,2.418683,0.857640
58890.000000,33.578346,-117.064356,471.447604,33.578304,-117.064247,461.817164,2.417799,0.857804
58905.000000,33.578346,-117.064356,471.414353,33.578304,-117.064247,461.817758,2.416943,0.857967
58920.000000,33.578346,-117.064356,471.380845,33.578304,-117.064247,461.818352,2.416074,0.858131
58935.000000,33.578346,-117.064356,471.345950,33.578304,-117.064247,461.818946,2.415209,0.858295
58950.000000,33.578346,-117.064355,471.310377,33.578304,-117.064247,461.819540,2.414362,0.858460
58965.000000,33.578346,-117.064355,471.279821,33.578304,-117.064247,461.820134,2.413489,0.858624
58980.000000,33.578346,-117.064355,471.246954,33.578304,-117.064247,461.820728,2.412544,0.858789
58995.000000,33.578345,-117.064355,471.214401,33.578304,-117.064247,461.821322,2.411591,0.858954
59010.000000,33.578345,-117.064355,471.178470,33.578304,-117.064247,461.821916,2.410689,0.859120
59025.000000,33.578345,-117.064355,471.141934,33.578304,-117.064247,461.822510,2.409795,0.859285
59040.000000,33.578345,-117.064354,471.104409,33.578304,-117.064247,461.823104,2.408944,0.859451
59055.000000,33.578345,-117.064354,471.065823,33.578304,-117.064247,461.823697,2.408060,0.859617
59070.000000,33.578345,-117.064354,471.027015,33.578304,-117.064247,461.824291,2.407197,0.859784
59085.000000,33.578345,-117.064354,470.989665,33.578304,-117.064247,461.824885,2.406314,0.859950
59100.000000,33.578345,-117.064354,470.951253,33.578304,-117.064247,461.825479,2.405452,0.860117
59115.000000,33.578345,-117.064353,470.912248,33.578304,-117.064247,461.826073,2.404615,0.860284
59130.000000,33.578345,-117.064353,470.874399,33.578304,-117.064247,461.826667,2.403785,0.860452
59145.000000,33.578344,-117.064353,470.834237,33.578303,-117.064247,461.827261,2.402921,0.860619
59160.000000,33.578344,-117.064353,470.790863,33.578303,-117.064247,461.827855,2.402054,0.860787
59175.000000,33.578344,-117.064353,470.749966,33.578303,-117.064247,461.828449,2.401196,0.860955
59190.000000,33.578344,-117.064353,470.707188,33.578303,-117.064247,461.829043,2.400381,0.861123
59205.000000,33.578344,-117.064352,470.664085,33.578303,-117.064247,461.829637,2.399527,0.861292
59220.000000,33.578344,-117.064352,470.618060,33.578303,-117.064247,461.830231,2.398675,0.861461
59235.000000,33.578344,-117.064352,470.570970,33.578303,-117.064247,461.830825,2.397764,0.861630
59250.000000,33.578343,-117.064352,470.524045,33.578303,-117.064247,461.831419,2.396886,0.861799
59265.000000,33.578343,-117.064352,470.476113,33.578303,-117.064247,461.832013,2.396010,0.861969
59280.000000,33.578343,-117.064351,470.426900,33.578303,-117.064247,461.832607,2.395093,0.862139
59295.000000,33.578343,-117.064351,470.377425,33.578303,-117.064247,461.833201,2.394195,0.862309
59310.000000,33.578343,-117.064351,470.326938,33.578303,-117.064247,461.833795,2.393306,0.862479
59325.000000,33.578342,-117.064351,470.275388,33.578303,-117.064247,461.834389,2.392382,0.862650
59340.000000,33.578342,-117.064351,470.224631,33.578303,-117.064247,461.834983,2.391477,0.862821
59355.000000,33.578342,-117.064350,470.173373,33.578303,-117.064247,461.835577,2.390525,0.862992
59370.000000,33.578342,-117.064350,470.119913,33.578303,-117.064247,461.836171,2.389584,0.863163
59385.000000,33.578342,-117.064350,470.066732,33.578303,-117.064247,461.836765,2.388608,0.863335
59400.000000,33.578341,-117.064350,470.011001,33.578303,-117.064247,461.837359,2.387615,0.863506
59415.000000,33.578341,-117.064349,469.956728,33.578303,-117.064247,461.837953,2.386612,0.863678
59430.000000,33.578341,-117.064349,469.900270,33.578303,-117.064247,461.838547,2.385658,0.863851
59445.000000,33.578341,-117.064349,469.843338,33.578303,-117.064247,461.839141,2.384728,0.864023
59460.000000,33.578341,-117.064349,469.789060,33.578303,-117.064247,461.839735,2.383813,0.864196
59475.000000,33.578340,-117.064349,469.731044,33.578303,-117.064247,461.840329,2.382853,0.864369
59490.000000,33.578340,-117.064348,469.671897,33.578303,-117.064247,461.840923,2.381901,0.864542
59505.000000,33.578340,-117.064348,469.613214,33.578303,-117.064247,461.841517,2.380983,0.864716
59520.000000,33.578340,-117.064348,469.552557,33.578303,-117.064247,461.842111,2.380042,0.864890
59535.000000,33.578339,-117.064348,469.493547,33.578303,-117.064247,461.842705,2.379104,0.865064
59550.000000,33.578339,-117.064348,469.433754,33.578303,-117.064247,461.843299,2.378188,0.865238
59565.000000,33.578339,-117.064347,469.373089,33.578303,-117.064247,461.843893,2.377197,0.865412
59580.000000,33.578339,-117.064347,469.313819,33.578303,-117.064247,461.844487,2.376235,0.865587
59595.000000,33.578338,-117.064347,469.253638,33.578303,-117.064247,461.845081,2.375281,0.865762
59610.000000,33.578338,-117.064347,469.192003,33.578303,-117.064247,461.845675,2.374318,0.865937
59625.000000,33.578338,-117.064346,469.131047,33.578303,-117.064247,461.846269,2.373329,0.866113
59640.000000,33.578338,-117.064346,469.069566,33.578303,-117.064247,461.846863,2.372358,0.866289
59655.000000,33.578337,-117.064346,469.006075,33.578303,-117.064247,461.847457,2.371365,0.866465
59670.000000,33.578337,-117.064346,468.941925,33.578303,-117.064247,461.848051,2.370437,0.866641
59685.000000,33.578337,-117.064345,468.876299,33.578303,-117.064247,461.848645,2.369444,0.866817
59700.000000,33.578336,-117.064345,468.809907,33.578303,-117.064247,461.849239,2.368500,0.866994
59715.000000,33.578336,-117.064345,468.742978,33.578303,-117.064247,461.849833,2.367530,0.867171
59730.000000,33.578336,-117.064345,468.675960,33.578303,-117.064247,461.850427,2.366518,0.867348
59745.000000,33.578336,-117.064345,468.608789,33.578303,-117.064247,461.851021,2.365546,0.867525
59760.000000,33.578335,-117.064344,468.533833,33.578303,-117.064247,461.851615,2.364486,0.867703
59775.000000,33.578335,-117.064344,468.462452,33.578303,-117.064247,461.852209,2.363477,0.867881
59790.000000,33.578335,-117.064344,468.391140,33.578303,-117.064247,461.852803,2.362451,0.868059
59805.000000,33.578334,-117.064344,468.321240,33.578303,-117.064247,461.853397,2.361376,0.868238
59820.000000,33.578334,-117.064343,468.249034,33.578303,-117.064247,461.853991,2.360328,0.868416
59835.000000,33.578334,-117.064343,468.173665,33.578303,-117.064247,461.854585,2.359269,0.868595
59850.000000,33.578333,-117.064343,468.096541,33.578303,-117.064247,461.855179,2.358275,0.868774
59865.000000,33.578333,-117.064343,468.019536,33.578303,-117.064247,461.855773,2.357242,0.868954
59880.000000,33.578332,-117.064342,467.940870,33.578303,-117.064247,461.856367,2.356147,0.869133
59895.000000,33.578332,-117.064342,467.861961,33.578303,-117.064247,461.856961,2.355054,0.869313
59910.000000,33.578332,-117.064342,467.780954,33.578303,-117.064247,461.857555,2.353975,0.869493
59925.000000,33.578331,-117.064342,467.700324,33.578303,-117.064247,461.858149,2.352827,0.869673
59940.000000,33.578331,-117.064341,467.619617,33.578303,-117.064247,461.858743,2.351601,0.869854
59955.000000,33.578331,-117.064341,467.541623,33.578303,-117.064247,461.859337,2.350439,0.870035
59970.000000,33.578330,-117.064341,467.462965,33.578302,-117.064247,461.859931,2.349361,0.870216
59985.000000,33.578330,-117.064341,467.380057,33.578302,-117.064247,461.860525,2.348227,0.870397
60000.000000,33.578329,-117.064340,467.294470,33.578302,-117.064247,461.861119,2.347116,0.870579
60015.000000,33.578329,-117.064340,467.207452,33.578302,-117.064247,461.861713,2.345986,0.870760
60030.000000,33.578329,-117.064340,467.121516,33.578302,-117.064247,461.862307,2.344876,0.870942
60045.000000,33.578328,-117.064339,467.037477,33.578302,-117.064247,461.862901,2.343719,0.871125
60060.000000,33.578328,-117.064339,466.951706,33.578302,-117.064247,461.863495,2.342539,0.871307
60075.000000,33.578327,-117.064339,466.864841,33.578302,-117.064247,461.864089,2.341355,0.871490
60090.000000,33.578327,-117.064339,466.774857,33.578302,-117.064247,461.864683,2.340161,0.871673
60105.000000,33.578326,-117.064338,466.683124,33.578302,-117.064247,461.865277,2.338898,0.871856
60120.000000,33.578326,-117.064338,466.589891,33.578302,-117.064247,461.865871,2.337670,0.872039
60135.000000,33.578326,-117.064338,466.496995,33.578302,-117.064247,461.866465,2.336337,0.872223
60150.000000,33.578325,-117.064338,466.404096,33.578302,-117.064247,461.867059,2.335046,0.872407
60165.000000,33.578325,-117.064337,466.309920,33.578302,-117.064247,461.867653,2.333789,0.872591
60180.000000,33.578324,-117.064337,466.212874,33.578302,-117.064247,461.868247,2.332562,0.872776
60195.000000,33.578324,-117.064337,466.114457,33.578302,-117.064247,461.868841,2.331315,0.872960
60210.000000,33.578323,-117.064336,466.020659,33.578302,-117.064247,461.869435,2.330039,0.873145
60225.000000,33.578323,-117.064336,465.923539,33.578302,-117.064247,461.870029,2.328698,0.873330
60240.000000,33.578322,-117.064336,465.826912,33.578302,-117.064247,461.870623,2.327469,0.873516
60255.000000,33.578322,-117.064336,465.726130,33.578302,-117.064247,461.871217,2.326169,0.873701
60270.000000,33.578321,-117.064335,465.628983,33.578302,-117.064247,461.871811,2.324910,0.873887
60285.000000,33.578321,-117.064335,465.530488,33.578302,-117.064247,461.872405,2.323619,0.874073
60300.000000,33.578320,-117.064335,465.430978,33.578302,-117.064247,461.872999,2.322286,0.874259
60315.000000,33.578320,-117.064334,465.328758,33.578302,-117.064247,461.873593,2.320968,0.874446
60330.000000,33.578319,-117.064334,465.224433,33.578302,-117.064247,461.874187,2.319655,0.874633
60345.000000,33.578319,-117.064334,465.126839,33.578302,-117.064247,461.874781,2.318366,0.874820
60360.000000,33.578318,-117.064334,465.026292,33.578302,-117.064247,461.875375,2.316975,0.875007
60375.000000,33.578318,-117.064333,464.922958,33.578302,-117.064247,461.875969,2.315618,0.875194
60390.000000,33.578317,-117.064333,464.820231,33.578302,-117.064247,461.876563,2.314269,0.875382
60405.000000,33.578317,-117.064333,464.715470,33.578302,-117.064247,461.877157,2.312889,0.875570
60420.000000,33.578316,-117.064332,464.612899,33.578302,-117.064247,461.877751,2.311542,0.875758
60435.000000,33.578316,-117.064332,464.509069,33.578302,-117.064247,461.878345,2.310179,0.875947
60450.000000,33.578315,-117.064332,464.402341,33.578302,-117.064247,461.878939,2.308794,0.876135
60465.000000,33.578314,-117.064332,464.297588,33.578302,-117.064247,461.879533,2.307371,0.876324
60480.000000,33.578314,-117.064331,464.190655,33.578302,-117.064247,461.880127,2.305964,0.876513
60495.000000,33.578313,-117.064331,464.077551,33.578302,-117.064247,461.880721,2.304485,0.876703
60510.000000,33.578313,-117.064331,463.967166,33.578302,-117.064247,461.881315,2.303054,0.876892
60525.000000,33.578312,-117.064330,463.862137,33.578302,-117.064247,461.881909,2.301679,0.877082
60540.000000,33.578312,-117.064330,463.746262,33.578302,-117.064247,461.882503,2.300169,0.877272
60555.000000,33.578311,-117.064330,463.631872,33.578302,-117.064247,461.883097,2.298653,0.877462
60570.000000,33.578310,-117.064330,463.520679,33.578302,-117.064247,461.883691,2.297178,0.877653
60585.000000,33.578310,-117.064329,463.410067,33.578302,-117.064247,461.884284,2.295751,0.877844
60600.000000,33.578309,-117.064329,463.294576,33.578302,-117.064247,461.884878,2.294204,0.878035
60615.000000,33.578309,-117.064329,463.182872,33.578302,-117.064247,461.885472,2.292700,0.878226
60630.000000,33.578308,-117.064328,463.063867,33.578302,-117.064247,461.886066,2.291133,0.878417
60645.000000,33.578307,-117.064328,462.945009,33.578302,-117.064247,461.886660,2.289549,0.878609
60660.000000,33.578307,-117.064328,462.827273,33.578302,-117.064247,461.887254,2.287930,0.878801
60675.000000,33.578306,-117.064327,462.710776,33.578302,-117.064247,461.887848,2.286402,0.878993
60690.000000,33.578306,-117.064327,462.594377,33.578302,-117.064247,461.888442,2.284930,0.879186
60705.000000,33.578305,-117.064327,462.484258,33.578302,-117.064247,461.889036,2.283518,0.879378
60720.000000,33.578304,-117.064327,462.366914,33.578302,-117.064247,461.889630,2.281960,0.879571
60735.000000,33.578304,-117.064326,462.246605,33.578302,-117.064247,461.890224,2.280355,0.879764
60750.000000,33.578303,-117.064326,462.128618,33.578302,-117.064247,461.890818,2.278697,0.879957
60765.000000,33.578302,-117.064326,462.003523,33.578302,-117.064247,461.891412,2.276936,0.880151
60780.000000,33.578302,-117.064325,461.874169,33.578302,-117.064247,461.892006,2.275153,0.880345
60795.000000,33.578301,-117.064325,461.755998,33.578301,-117.064247,461.892600,2.273509,0.880539
60810.000000,33.578300,-117.064325,461.632851,33.578301,-117.064247,461.893194,2.271783,0.880733
60825.000000,33.578300,-117.064324,461.512500,33.578301,-117.064247,461.893788,2.270132,0.880928
60840.000000,33.578299,-117.064324,461.393007,33.578301,-117.064247,461.894382,2.268492,0.881122
60855.000000,33.578298,-117.064323,461.290116,33.578301,-117.064247,461.894976,2.265924,0.881317
60870.000000,33.578297,-117.064323,461.188240,33.578301,-117.064247,461.895570,2.263322,0.881512
60885.000000,33.578296,-117.064322,461.083587,33.578301,-117.064247,461.896164,2.260689,0.881708
60900.000000,33.578295,-117.064321,460.972482,33.578301,-117.064247,461.896758,2.258030,0.881904
60915.000000,33.578294,-117.064320,460.878848,33.578301,-117.064247,461.897352,2.255378,0.882099
60930.000000,33.578293,-117.064320,460.775838,33.578301,-117.064247,461.897946,2.252549,0.882296
60945.000000,33.578292,-117.064319,460.674122,33.578301,-117.064247,461.898540,2.249736,0.882492
60960.000000,33.578290,-117.064318,460.564565,33.578301,-117.064247,461.899134,2.246792,0.882688
60975.000000,33.578289,-117.064317,460.451586,33.578301,-117.064247,461.899728,2.243839,0.882885
60990.000000,33.578288,-117.064316,460.345997,33.578301,-117.064247,461.900322,2.240901,0.883082
61005.000000,33.578287,-117.064316,460.227568,33.578301,-117.064247,461.900916,2.237892,0.883280
61020.000000,33.578286,-117.064315,460.109112,33.578301,-117.064247,461.901510,2.234752,0.883477
61035.000000,33.578284,-117.064314,459.995992,33.578301,-117.064247,461.902104,2.231740,0.883675
61050.000000,33.578284,-117.064313,459.903572,33.578301,-117.064247,461.902698,2.229935,0.883873
61065.000000,33.578283,-117.064313,459.809065,33.578301,-117.064247,461.903292,2.228087,0.884071
61080.000000,33.578282,-117.064312,459.716149,33.578301,-117.064247,461.903886,2.226292,0.884269
61095.000000,33.578281,-117.064311,459.619740,33.578301,-117.064247,461.904480,2.224432,0.884468
61110.000000,33.578280,-117.064311,459.520962,33.578301,-117.064247,461.905074,2.222532,0.884667
61125.000000,33.578280,-117.064310,459.418392,33.578301,-117.064247,461.905668,2.220536,0.884866
61140.000000,33.578279,-117.064310,459.309269,33.578301,-117.064247,461.906262,2.218474,0.885065
61155.000000,33.578278,-117.064309,459.198487,33.578301,-117.064247,461.906856,2.216388,0.885265
61170.000000,33.578277,-117.064308,459.089961,33.578301,-117.064247,461.907450,2.214293,0.885464
61185.000000,33.578276,-117.064308,458.970372,33.578301,-117.064247,461.908044,2.212064,0.885664
61200.000000,33.578275,-117.064307,458.850677,33.578301,-117.064247,461.908638,2.209799,0.885865
61215.000000,33.578274,-117.064306,458.729106,33.578301,-117.064247,461.909232,2.207551,0.886065
61230.000000,33.578273,-117.064306,458.610600,33.578301,-117.064247,461.909826,2.205348,0.886266
61245.000000,33.578272,-117.064305,458.490001,33.578301,-117.064247,461.910420,2.202982,0.886467
61260.000000,33.578271,-117.064304,458.364164,33.578301,-117.064247,461.911014,2.200574,0.886668
61275.000000,33.578270,-117.064303,458.242336,33.578301,-117.064247,461.911608,2.198314,0.886869
61290.000000,33.578269,-117.064303,458.118177,33.578301,-117.064247,461.912202,2.195845,0.887071
61305.000000,33.578268,-117.064302,457.989182,33.578301,-117.064247,461.912796,2.193438,0.887273
61320.000000,33.578267,-117.064301,457.858422,33.578301,-117.064247,461.913390,2.190967,0.887475
61335.000000,33.578266,-117.064300,457.719730,33.578301,-117.064247,461.913984,2.188506,0.887677
61350.000000,33.578265,-117.064300,457.567876,33.578301,-117.064247,461.914578,2.185741,0.887880
61365.000000,33.578264,-117.064299,457.415400,33.578301,-117.064247,461.915172,2.182902,0.888082
61380.000000,33.578263,-117.064298,457.258412,33.578301,-117.064247,461.915766,2.180063,0.888285
61395.000000,33.578262,-117.064297,457.094489,33.578301,-117.064247,461.916360,2.177188,0.888488
61410.000000,33.578261,-117.064296,456.938418,33.578301,-117.064247,461.916954,2.174313,0.888692
61425.000000,33.578259,-117.064295,456.774446,33.578301,-117.064247,461.917548,2.171309,0.888895
61440.000000,33.578258,-117.064294,456.614278,33.578301,-117.064247,461.918142,2.168484,0.889099
61455.000000,33.578257,-117.064294,456.455687,33.578301,-117.064247,461.918736,2.165652,0.889303
61470.000000,33.578256,-117.064293,456.285711,33.578301,-117.064247,461.919330,2.162621,0.889508
61485.000000,33.578255,-117.064292,456.116888,33.578301,-117.064247,461.919924,2.159585,0.889712
61500.000000,33.578254,-117.064291,455.938523,33.578301,-117.064247,461.920518,2.156427,0.889917
61515.000000,33.578253,-117.064290,455.759132,33.578301,-117.064247,461.921112,2.153295,0.890122
61530.000000,33.578251,-117.064289,455.577395,33.578301,-117.064247,461.921706,2.150090,0.890327
61545.000000,33.578250,-117.064288,455.395510,33.578301,-117.064247,461.922300,2.146905,0.890533
61560.000000,33.578249,-117.064287,455.200386,33.578301,-117.064247,461.922894,2.143471,0.890738
61575.000000,33.578248,-117.064286,455.011733,33.578301,-117.064247,461.923488,2.139957,0.890944
61590.000000,33.578246,-117.064285,454.815971,33.578301,-117.064247,461.924082,2.136466,0.891150
61605.000000,33.578245,-117.064284,454.613608,33.578301,-117.064247,461.924676,2.132951,0.891356
61620.000000,33.578244,-117.064283,454.407721,33.578300,-117.064247,461.925270,2.129252,0.891563
61635.000000,33.578243,-117.064282,454.205062,33.578300,-117.064247,461.925864,2.125388,0.891770
61650.000000,33.578241,-117.064281,453.982201,33.578300,-117.064247,461.926458,2.121390,0.891977
61665.000000,33.578240,-117.064280,453.752551,33.578300,-117.064247,461.927052,2.117385,0.892184
61680.000000,33.578238,-117.064279,453.524589,33.578300,-117.064247,461.927646,2.113429,0.892391
61695.000000,33.578237,-117.064278,453.295340,33.578300,-117.064247,461.928240,2.109371,0.892599
61710.000000,33.578236,-117.064277,453.051281,33.578300,-117.064247,461.928834,2.105009,0.892807
61725.000000,33.578234,-117.064276,452.801178,33.578300,-117.064247,461.929428,2.100610,0.893015
61740.000000,33.578233,-117.064274,452.546693,33.578300,-117.064247,461.930022,2.095892,0.893223
61755.000000,33.578231,-117.064273,452.296282,33.578300,-117.064247,461.930616,2.091239,0.893432
61770.000000,33.578229,-117.064272,452.034468,33.578300,-117.064247,461.931210,2.086415,0.893641
61785.000000,33.578228,-117.064271,451.759691,33.578300,-117.064247,461.931804,2.081524,0.893850
61800.000000,33.578226,-117.064270,451.493400,33.578300,-117.064247,461.932398,2.076806,0.894059
61815.000000,33.578225,-117.064268,451.226656,33.578300,-117.064247,461.932992,2.071939,0.894268
61830.000000,33.578223,-117.064267,450.960246,33.578300,-117.064247,461.933586,2.067122,0.894478
61845.000000,33.578222,-117.064266,450.690053,33.578300,-117.064247,461.934180,2.062266,0.894688
61860.000000,33.578220,-117.064265,450.424897,33.578300,-117.064247,461.934774,2.057478,0.894898
61875.000000,33.578219,-117.064263,450.149314,33.578300,-117.064247,461.935368,2.052366,0.895108
61890.000000,33.578217,-117.064262,449.859706,33.578300,-117.064247,461.935962,2.047189,0.895319
61905.000000,33.578215,-117.064261,449.560469,33.578300,-117.064247,461.936556,2.041793,0.895530
61920.000000,33.578214,-117.064259,449.270912,33.578300,-117.064247,461.937150,2.036832,0.895741
61935.000000,33.578212,-117.064258,448.950383,33.578300,-117.064247,461.937744,2.031048,0.895952
61950.000000,33.578210,-117.064257,448.619760,33.578300,-117.064247,461.938338,2.025204,0.896163
61965.000000,33.578209,-117.064255,448.293475,33.578300,-117.064247,461.938932,2.019254,0.896375
61980.000000,33.578207,-117.064254,447.956276,33.578300,-117.064247,461.939526,2.013053,0.896587
61995.000000,33.578205,-117.064252,447.617718,33.578300,-117.064247,461.940120,2.006462,0.896799
62010.000000,33.578203,-117.064251,447.278836,33.578300,-117.064247,461.940714,2.000253,0.897011
62025.000000,33.578201,-117.064250,446.951433,33.578300,-117.064247,461.941308,1.994231,0.897224
62040.000000,33.578199,-117.064248,446.601342,33.578300,-117.064247,461.941902,1.987794,0.897436
62055.000000,33.578197,-117.064247,446.250605,33.578300,-117.064247,461.942496,1.981042,0.897649
62070.000000,33.578195,-117.064245,445.882233,33.578300,-117.064247,461.943090,1.973844,0.897863
62085.000000,33.578193,-117.064244,445.526173,33.578300,-117.064247,461.943684,1.967153,0.898076
62100.000000,33.578191,-117.064242,445.147490,33.578300,-117.064247,461.944278,1.959547,0.898290
62115.000000,33.578189,-117.064240,444.794023,33.578300,-117.064247,461.944872,1.952583,0.898503
62130.000000,33.578187,-117.064239,444.437930,33.578300,-117.064247,461.945465,1.945348,0.898717
62145.000000,33.578185,-117.064237,444.040063,33.578300,-117.064247,461.946059,1.937286,0.898932
62160.000000,33.578183,-117.064235,443.629596,33.578300,-117.064247,461.946653,1.929148,0.899146
62175.000000,33.578181,-117.064234,443.222542,33.578300,-117.064247,461.947247,1.921105,0.899361
62190.000000,33.578179,-117.064232,442.800064,33.578300,-117.064247,461.947841,1.913102,0.899576
62205.000000,33.578176,-117.064230,442.360573,33.578300,-117.064247,461.948435,1.903909,0.899791
62220.000000,33.578174,-117.064228,441.896811,33.578300,-117.064247,461.949029,1.894828,0.900006
62235.000000,33.578171,-117.064226,441.398665,33.578300,-117.064247,461.949623,1.884612,0.900222
62250.000000,33.578169,-117.064224,440.906523,33.578300,-117.064247,461.950217,1.874588,0.900438
62265.000000,33.578166,-117.064222,440.409499,33.578300,-117.064247,461.950811,1.864521,0.900654
62280.000000,33.578164,-117.064220,439.893283,33.578300,-117.064247,461.951405,1.853806,0.900870
62295.000000,33.578161,-117.064219,439.384286,33.578300,-117.064247,461.951999,1.843518,0.901086
62310.000000,33.578159,-117.064217,438.862387,33.578300,-117.064247,461.952593,1.832846,0.901303
62325.000000,33.578156,-117.064215,438.386619,33.578300,-117.064247,461.953187,1.823209,0.901520
62340.000000,33.578154,-117.064213,437.868162,33.578300,-117.064247,461.953781,1.812324,0.901737
62355.000000,33.578151,-117.064211,437.359834,33.578300,-117.064247,461.954375,1.801861,0.901954
62370.000000,33.578149,-117.064209,436.849567,33.578300,-117.064247,461.954969,1.791053,0.902172
62385.000000,33.578147,-117.064207,436.369867,33.578300,-117.064247,461.955563,1.781405,0.902390
62400.000000,33.578144,-117.064205,435.860497,33.578300,-117.064247,461.956157,1.771145,0.902608
62415.000000,33.578142,-117.064203,435.299849,33.578300,-117.064247,461.956751,1.759821,0.902826
62430.000000,33.578139,-117.064201,434.752224,33.578300,-117.064247,461.957345,1.748472,0.903044
62445.000000,33.578137,-117.064199,434.235357,33.578299,-117.064247,461.957939,1.737348,0.903263
62460.000000,33.578135,-117.064198,433.744749,33.578299,-117.064247,461.958533,1.726442,0.903481
62475.000000,33.578133,-117.064196,433.245320,33.578299,-117.064247,461.959127,1.715747,0.903701
62490.000000,33.578130,-117.064194,432.768751,33.578299,-117.064247,461.959721,1.705255,0.903920
62505.000000,33.578128,-117.064192,432.283178,33.578299,-117.064247,461.960315,1.694961,0.904139
62520.000000,33.578126,-117.064191,431.839805,33.578299,-117.064247,461.960909,1.684858,0.904359
62535.000000,33.578124,-117.064189,431.415569,33.578299,-117.064247,461.961503,1.674941,0.904579
62550.000000,33.578122,-117.064188,430.992002,33.578299,-117.064247,461.962097,1.665204,0.904799
62565.000000,33.578120,-117.064186,430.579053,33.578299,-117.064247,461.962691,1.655642,0.905019
62580.000000,33.578118,-117.064185,430.161032,33.578299,-117.064247,461.963285,1.646250,0.905240
62595.000000,33.578116,-117.064184,429.753388,33.578299,-117.064247,461.963879,1.637023,0.905460
62610.000000,33.578115,-117.064182,429.362033,33.578299,-117.064247,461.964473,1.627955,0.905681
62625.000000,33.578113,-117.064181,428.968257,33.578299,-117.064247,461.965067,1.619043,0.905903
62640.000000,33.578111,-117.064180,428.572887,33.578299,-117.064247,461.965661,1.610282,0.906124
62655.000000,33.578110,-117.064178,428.173546,33.578299,-117.064247,461.966255,1.601668,0.906345
62670.000000,33.578108,-117.064177,427.799143,33.578299,-117.064247,461.966849,1.593197,0.906567
62685.000000,33.578108,-117.064177,427.796832,33.578299,-117.064247,461.967443,1.593638,0.906789
62700.000000,33.578108,-117.064177,427.794111,33.578299,-117.064247,461.968037,1.594086,0.907012
62715.000000,33.578108,-117.064177,427.791674,33.578299,-117.064247,461.968631,1.594532,0.907234
62730.000000,33.578108,-117.064177,427.788689,33.578299,-117.064247,461.969225,1.594979,0.907457
62745.000000,33.578108,-117.064177,427.785788,33.578299,-117.064247,461.969819,1.595425,0.907679
62760.000000,33.578108,-117.064177,427.782698,33.578299,-117.064247,461.970413,1.595871,0.907903
62775.000000,33.578107,-117.064177,427.779394,33.578299,-117.064247,461.971007,1.596318,0.908126
62790.000000,33.578107,-117.064177,427.776302,33.578299,-117.064247,461.971601,1.596765,0.908349
62805.000000,33.578107,-117.064177,427.772532,33.578299,-117.064247,461.972195,1.597214,0.908573
62820.000000,33.578107,-117.064177,427.769302,33.578299,-117.064247,461.972789,1.597663,0.908797
62835.000000,33.578107,-117.064177,427.765539,33.578299,-117.064247,461.973383,1.598114,0.909021
62850.000000,33.578107,-117.064177,427.761922,33.578299,-117.064247,461.973977,1.598565,0.909245
62865.000000,33.578107,-117.064177,427.757764,33.578299,-117.064247,461.974571,1.599019,0.909470
62880.000000,33.578107,-117.064177,427.753619,33.578299,-117.064247,461.975165,1.599474,0.909695
62895.000000,33.578107,-117.064177,427.748729,33.578299,-117.064247,461.975759,1.599929,0.909920
62910.000000,33.578107,-117.064177,427.744210,33.578299,-117.064247,461.976353,1.600383,0.910145
62925.000000,33.578107,-117.064177,427.738934,33.578299,-117.064247,461.976947,1.600841,0.910370
62940.000000,33.578107,-117.064177,427.734105,33.578299,-117.064247,461.977541,1.601296,0.910596
62955.000000,33.578107,-117.064177,427.728939,33.578299,-117.064247,461.978135,1.601753,0.910822
62970.000000,33.578107,-117.064177,427.724227,33.578299,-117.064247,461.978729,1.602204,0.911048
62985.000000,33.578107,-117.064177,427.718994,33.578299,-117.064247,461.979323,1.602659,0.911274
63000.000000,33.578107,-117.064177,427.713616,33.578299,-117.064247,461.979917,1.603111,0.911500
63015.000000,33.578106,-117.064177,427.707731,33.578299,-117.064247,461.980511,1.603566,0.911727
63030.000000,33.578106,-117.064177,427.701759,33.578299,-117.064247,461.981105,1.604020,0.911954
63045.000000,33.578106,-117.064177,427.695899,33.578299,-117.064247,461.981699,1.604475,0.912181
63060.000000,33.578106,-117.064177,427.690034,33.578299,-117.064247,461.982293,1.604929,0.912408
63075.000000,33.578106,-117.064177,427.683704,33.578299,-117.064247,461.982887,1.605382,0.912636
63090.000000,33.578106,-117.064177,427.677360,33.578299,-117.064247,461.983481,1.605837,0.912863
63105.000000,33.578106,-117.064177,427.670862,33.578299,-117.064247,461.984075,1.606290,0.913091
63120.000000,33.578106,-117.064177,427.664158,33.578299,-117.064247,461.984669,1.606743,0.913319
63135.000000,33.578106,-117.064177,427.657252,33.578299,-117.064247,461.985263,1.607199,0.913548
63150.000000,33.578106,-117.064177,427.650755,33.578299,-117.064247,461.985857,1.607652,0.913776
63165.000000,33.578106,-117.064177,427.643585,33.578299,-117.064247,461.986451,1.608104,0.914005
63180.000000,33.578106,-117.064177,427.636269,33.578299,-117.064247,461.987045,1.608562,0.914234
63195.000000,33.578106,-117.064177,427.628716,33.578299,-117.064247,461.987639,1.609016,0.914463
63210.000000,33.578106,-117.064177,427.621265,33.578299,-117.064247,461.988233,1.609472,0.914692
63225.000000,33.578106,-117.064177,427.613159,33.578299,-117.064247,461.988827,1.609929,0.914922
63240.000000,33.578106,-117.064177,427.610428,33.578299,-117.064247,461.989421,1.610340,0.915152
63255.000000,33.578106,-117.064177,427.606253,33.578299,-117.064247,461.990015,1.610748,0.915382
63270.000000,33.578105,-117.064177,427.603658,33.578298,-117.064247,461.990609,1.611159,0.915612
63285.000000,33.578105,-117.064177,427.601001,33.578298,-117.064247,461.991203,1.611576,0.915842
63300.000000,33.578105,-117.064177,427.597499,33.578298,-117.064247,461.991797,1.611991,0.916073
63315.000000,33.578105,-117.064177,427.594099,33.578298,-117.064247,461.992391,1.612408,0.916304
63330.000000,33.578105,-117.064177,427.589526,33.578298,-117.064247,461.992985,1.612823,0.916535
63345.000000,33.578105,-117.064177,427.585394,33.578298,-117.064247,461.993579,1.613239,0.916766
63360.000000,33.578105,-117.064177,427.581388,33.578298,-117.064247,461.994173,1.613656,0.916997
63375.000000,33.578105,-117.064177,427.576485,33.578298,-117.064247,461.994767,1.614077,0.917229
63390.000000,33.578105,-117.064177,427.572200,33.578298,-117.064247,461.995361,1.614493,0.917461
63405.000000,33.578105,-117.064177,427.568416,33.578298,-117.064247,461.995955,1.614913,0.917693
63420.000000,33.578105,-117.064177,427.564405,33.578298,-117.064247,461.996549,1.615333,0.917925
63435.000000,33.578105,-117.064177,427.559666,33.578298,-117.064247,461.997143,1.615753,0.918157
63450.000000,33.578105,-117.064177,427.554494,33.578298,-117.064247,461.997737,1.616176,0.918390
63465.000000,33.578105,-117.064177,427.549890,33.578298,-117.064247,461.998331,1.616596,0.918623
63480.000000,33.578105,-117.064177,427.543948,33.578298,-117.064247,461.998925,1.617015,0.918856
63495.000000,33.578105,-117.064177,427.537881,33.578298,-117.064247,461.999519,1.617434,0.919089
63510.000000,33.578105,-117.064177,427.532980,33.578298,-117.064247,462.000113,1.617853,0.919323
63525.000000,33.578105,-117.064177,427.527509,33.578298,-117.064247,462.000707,1.618276,0.919556
63540.000000,33.578105,-117.064177,427.521656,33.578298,-117.064247,462.001301,1.618697,0.919790
63555.000000,33.578105,-117.064177,427.516355,33.578298,-117.064247,462.001895,1.619119,0.920024
63570.000000,33.578105,-117.064177,427.511260,33.578298,-117.064247,462.002489,1.619543,0.920258
63585.000000,33.578105,-117.064177,427.505019,33.578298,-117.064247,462.003083,1.619962,0.920493
63600.000000,33.578104,-117.064177,427.498490,33.578298,-117.064247,462.003677,1.620385,0.920728
63615.000000,33.578104,-117.064177,427.492769,33.578298,-117.064247,462.004271,1.620803,0.920962
63630.000000,33.578104,-117.064177,427.487445,33.578298,-117.064247,462.004865,1.621221,0.921198
63645.000000,33.578104,-117.064177,427.480978,33.578298,-117.064247,462.005459,1.621638,0.921433
63660.000000,33.578104,-117.064177,427.474258,33.578298,-117.064247,462.006053,1.622059,0.921668
63675.000000,33.578104,-117.064177,427.467923,33.578298,-117.064247,462.006647,1.622480,0.921904
63690.000000,33.578104,-117.064177,427.461397,33.578298,-117.064247,462.007240,1.622897,0.922140
63705.000000,33.578104,-117.064177,427.454812,33.578298,-117.064247,462.007834,1.623314,0.922376
63720.000000,33.578104,-117.064177,427.447717,33.578298,-117.064247,462.008428,1.623730,0.922612
63735.000000,33.578104,-117.064177,427.441176,33.578298,-117.064247,462.009022,1.624148,0.922849
63750.000000,33.578104,-117.064177,427.434115,33.578298,-117.064247,462.009616,1.624565,0.923085
63765.000000,33.578104,-117.064177,427.427357,33.578298,-117.064247,462.010210,1.624982,0.923322
63780.000000,33.578104,-117.064177,427.420479,33.578298,-117.064247,462.010804,1.625394,0.923559
63795.000000,33.578104,-117.064177,427.413300,33.578298,-117.064247,462.011398,1.625815,0.923797
63810.000000,33.578104,-117.064177,427.406254,33.578298,-117.064247,462.011992,1.626239,0.924034
63825.000000,33.578104,-117.064177,427.399394,33.578298,-117.064247,462.012586,1.626662,0.924272
63840.000000,33.578104,-117.064177,427.391707,33.578298,-117.064247,462.013180,1.627084,0.924510
63855.000000,33.578104,-117.064177,427.383773,33.578298,-117.064247,462.013774,1.627504,0.924748
63870.000000,33.578104,-117.064177,427.375941,33.578298,-117.064247,462.014368,1.627927,0.924986
63885.000000,33.578104,-117.064177,427.367709,33.578298,-117.064247,462.014962,1.628350,0.925225
63900.000000,33.578104,-117.064177,427.359798,33.578298,-117.064247,462.015556,1.628773,0.925463
63915.000000,33.578104,-117.064177,427.351430,33.578298,-117.064247,462.016150,1.629197,0.925702
63930.000000,33.578104,-117.064177,427.342582,33.578298,-117.064247,462.016744,1.629621,0.925941
63945.000000,33.578103,-117.064177,427.335093,33.578298,-117.064247,462.017338,1.630044,0.926181
63960.000000,33.578103,-117.064177,427.326772,33.578298,-117.064247,462.017932,1.630472,0.926420
63975.000000,33.578103,-117.064177,427.318050,33.578298,-117.064247,462.018526,1.630899,0.926660
63990.000000,33.578103,-117.064177,427.309875,33.578298,-117.064247,462.019120,1.631321,0.926900
64005.000000,33.578103,-117.064177,427.300870,33.578298,-117.064247,462.019714,1.631741,0.927140
64020.000000,33.578103,-117.064177,427.292380,33.578298,-117.064247,462.020308,1.632160,0.927380
64035.000000,33.578103,-117.064177,427.283673,33.578298,-117.064247,462.020902,1.632581,0.927621
64050.000000,33.578103,-117.064177,427.274839,33.578298,-117.064247,462.021496,1.633003,0.927861
64065.000000,33.578103,-117.064177,427.266924,33.578298,-117.064247,462.022090,1.633426,0.928102
64080.000000,33.578103,-117.064177,427.258087,33.578298,-117.064247,462.022684,1.633852,0.928343
64095.000000,33.578103,-117.064177,427.249536,33.578297,-117.064247,462.023278,1.634275,0.928585
64110.000000,33.578103,-117.064177,427.240560,33.578297,-117.064247,462.023872,1.634698,0.928826
64125.000000,33.578103,-117.064177,427.231625,33.578297,-117.064247,462.024466,1.635121,0.929068
64140.000000,33.578103,-117.064176,427.222834,33.578297,-117.064247,462.025060,1.635542,0.929310
64155.000000,33.578103,-117.064176,427.213315,33.578297,-117.064247,462.025654,1.635963,0.929552
64170.000000,33.578103,-117.064176,427.203956,33.578297,-117.064247,462.026248,1.636384,0.929794
64185.000000,33.578103,-117.064176,427.194544,33.578297,-117.064247,462.026842,1.636802,0.930037
64200.000000,33.578103,-117.064176,427.184462,33.578297,-117.064247,462.027436,1.637225,0.930279
64215.000000,33.578103,-117.064176,427.174428,33.578297,-117.064247,462.028030,1.637644,0.930522
64230.000000,33.578103,-117.064176,427.164411,33.578297,-117.064247,462.028624,1.638066,0.930765
64245.000000,33.578103,-117.064176,427.154609,33.578297,-117.064247,462.029218,1.638485,0.931008
64260.000000,33.578103,-117.064176,427.144271,33.578297,-117.064247,462.029812,1.638908,0.931252
64275.000000,33.578103,-117.064176,427.134377,33.578297,-117.064247,462.030406,1.639327,0.931495
64290.000000,33.578103,-117.064176,427.124299,33.578297,-117.064247,462.031000,1.639742,0.931739
64305.000000,33.578103,-117.064176,427.114082,33.578297,-117.064247,462.031594,1.640160,0.931983
64320.000000,33.578102,-117.064176,427.104220,33.578297,-117.064247,462.032188,1.640581,0.932228
64335.000000,33.578102,-117.064176,427.094043,33.578297,-117.064247,462.032782,1.640999,0.932472
64350.000000,33.578102,-117.064176,427.083765,33.578297,-117.064247,462.033376,1.641412,0.932717
64365.000000,33.578102,-117.064176,427.073562,33.578297,-117.064247,462.033970,1.641830,0.932961
64380.000000,33.578102,-117.064176,427.063054,33.578297,-117.064247,462.034564,1.642249,0.933206
64395.000000,33.578102,-117.064176,427.059601,33.578297,-117.064247,462.035158,1.642697,0.933452
64410.000000,33.578102,-117.064176,427.055780,33.578297,-117.064247,462.035752,1.643146,0.933697
64425.000000,33.578102,-117.064176,427.051916,33.578297,-117.064247,462.036346,1.643596,0.933943
64440.000000,33.578102,-117.064176,427.047899,33.578297,-117.064247,462.036940,1.644047,0.934188
64455.000000,33.578102,-117.064176,427.043573,33.578297,-117.064247,462.037534,1.644500,0.934434
64470.000000,33.578102,-117.064176,427.039337,33.578297,-117.064247,462.038128,1.644949,0.934681
64485.000000,33.578102,-117.064176,427.034704,33.578297,-117.064247,462.038722,1.645401,0.934927
64500.000000,33.578102,-117.064176,427.029816,33.578297,-117.064247,462.039316,1.645854,0.935174
64515.000000,33.578102,-117.064176,427.024671,33.578297,-117.064247,462.039910,1.646308,0.935420
64530.000000,33.578102,-117.064176,427.019162,33.578297,-117.064247,462.040504,1.646761,0.935667
64545.000000,33.578101,-117.064176,427.013641,33.578297,-117.064247,462.041098,1.647211,0.935914
64560.000000,33.578101,-117.064176,427.007904,33.578297,-117.064247,462.041692,1.647664,0.936162
64575.000000,33.578101,-117.064176,427.002225,33.578297,-117.064247,462.042286,1.648114,0.936409
64590.000000,33.578101,-117.064176,426.996114,33.578297,-117.064247,462.042880,1.648565,0.936657
64605.000000,33.578101,-117.064176,426.989888,33.578297,-117.064247,462.043474,1.649015,0.936905
64620.000000,33.578101,-117.064176,426.983700,33.578297,-117.064247,462.044068,1.649462,0.937153
64635.000000,33.578101,-117.064176,426.977155,33.578297,-117.064247,462.044662,1.649912,0.937401
64650.000000,33.578101,-117.064176,426.970673,33.578297,-117.064247,462.045256,1.650363,0.937650
64665.000000,33.578101,-117.064176,426.963849,33.578297,-117.064247,462.045850,1.650812,0.937899
64680.000000,33.578101,-117.064176,426.957114,33.578297,-117.064247,462.046444,1.651262,0.938147
64695.000000,33.578101,-117.064176,426.950027,33.578297,-117.064247,462.047038,1.651712,0.938396
64710.000000,33.578101,-117.064176,426.942900,33.578297,-117.064247,462.047632,1.652160,0.938646
64725.000000,33.578101,-117.064176,426.935751,33.578297,-117.064247,462.048226,1.652611,0.938895
64740.000000,33.578101,-117.064176,426.928257,33.578297,-117.064247,462.048820,1.653059,0.939145
64755.000000,33.578100,-117.064176,426.920804,33.578297,-117.064247,462.049414,1.653508,0.939395
64770.000000,33.578100,-117.064176,426.913223,33.578297,-117.064247,462.050008,1.653953,0.939645
64785.000000,33.578100,-117.064176,426.905165,33.578297,-117.064247,462.050602,1.654403,0.939895
64800.000000,33.578100,-117.064176,426.897159,33.578297,-117.064247,462.051196,1.654851,0.940145
64815.000000,33.578100,-117.064176,426.889168,33.578297,-117.064247,462.051790,1.655299,0.940396
64830.000000,33.578100,-117.064176,426.881041,33.578297,-117.064247,462.052384,1.655745,0.940647
64845.000000,33.578100,-117.064176,426.872552,33.578297,-117.064247,462.052978,1.656192,0.940898
64860.000000,33.578100,-117.064176,426.864276,33.578297,-117.064247,462.053572,1.656637,0.941149
64875.000000,33.578100,-117.064176,426.855836,33.578297,-117.064247,462.054166,1.657082,0.941400
64890.000000,33.578100,-117.064176,426.846922,33.578297,-117.064247,462.054760,1.657531,0.941652
64905.000000,33.578100,-117.064176,426.838154,33.578297,-117.064247,462.055354,1.657975,0.941903
64920.000000,33.578100,-117.064176,426.829270,33.578296,-117.064247,462.055948,1.658418,0.942155
64935.000000,33.578100,-117.064176,426.820297,33.578296,-117.064247,462.056542,1.658858,0.942408
64950.000000,33.578100,-117.064176,426.811207,33.578296,-117.064247,462.057136,1.659303,0.942660
64965.000000,33.578099,-117.064176,426.802059,33.578296,-117.064247,462.057730,1.659748,0.942912
64980.000000,33.578099,-117.064176,426.792856,33.578296,-117.064247,462.058324,1.660193,0.943165
64995.000000,33.578099,-117.064176,426.783286,33.578296,-117.064247,462.058918,1.660641,0.943418
65010.000000,33.578099,-117.064176,426.773726,33.578296,-117.064247,462.059512,1.661087,0.943671
65025.000000,33.578099,-117.064176,426.763995,33.578296,-117.064247,462.060106,1.661532,0.943924
65040.000000,33.578099,-117.064176,426.753971,33.578296,-117.064247,462.060700,1.661979,0.944178
65055.000000,33.578099,-117.064176,426.743745,33.578296,-117.064247,462.061294,1.662428,0.944431
65070.000000,33.578099,-117.064176,426.733391,33.578296,-117.064247,462.061888,1.662874,0.944685
65085.000000,33.578099,-117.064176,426.723192,33.578296,-117.064247,462.062482,1.663316,0.944939
65100.000000,33.578099,-117.064176,426.712725,33.578296,-117.064247,462.063076,1.663761,0.945193
65115.000000,33.578099,-117.064176,426.702129,33.578296,-117.064247,462.063670,1.664201,0.945448
65130.000000,33.578099,-117.064176,426.691255,33.578296,-117.064247,462.064264,1.664642,0.945702
65145.000000,33.578099,-117.064176,426.680558,33.578296,-117.064247,462.064858,1.665082,0.945957
65160.000000,33.578099,-117.064176,426.669687,33.578296,-117.064247,462.065452,1.665525,0.946212
65175.000000,33.578099,-117.064176,426.658788,33.578296,-117.064247,462.066046,1.665963,0.946467
65190.000000,33.578099,-117.064176,426.647685,33.578296,-117.064247,462.066640,1.666405,0.946722
65205.000000,33.578099,-117.064176,426.636591,33.578296,-117.064247,462.067234,1.666843,0.946978
65220.000000,33.578098,-117.064176,426.625470,33.578296,-117.064247,462.067828,1.667285,0.947233
65235.000000,33.578098,-117.064176,426.614173,33.578296,-117.064247,462.068422,1.667726,0.947489
65250.000000,33.578098,-117.064176,426.602788,33.578296,-117.064247,462.069015,1.668169,0.947745
65265.000000,33.578098,-117.064176,426.591264,33.578296,-117.064247,462.069609,1.668613,0.948002
65280.000000,33.578098,-117.064176,426.579656,33.578296,-117.064247,462.070203,1.669055,0.948258
65295.000000,33.578098,-117.064176,426.567843,33.578296,-117.064247,462.070797,1.669498,0.948515
65310.000000,33.578098,-117.064176,426.555790,33.578296,-117.064247,462.071391,1.669942,0.948771
65325.000000,33.578098,-117.064176,426.543957,33.578296,-117.064247,462.071985,1.670381,0.949028
65340.000000,33.578098,-117.064176,426.531840,33.578296,-117.064247,462.072579,1.670824,0.949286
65355.000000,33.578098,-117.064176,426.519620,33.578296,-117.064247,462.073173,1.671266,0.949543
65370.000000,33.578098,-117.064176,426.507132,33.578296,-117.064247,462.073767,1.671709,0.949800
65385.000000,33.578098,-117.064176,426.494583,33.578296,-117.064247,462.074361,1.672156,0.950058
65400.000000,33.578098,-117.064176,426.481812,33.578296,-117.064247,462.074955,1.672601,0.950316
65415.000000,33.578098,-117.064176,426.468968,33.578296,-117.064247,462.075549,1.673043,0.950574
65430.000000,33.578098,-117.064176,426.455825,33.578296,-117.064247,462.076143,1.673485,0.950832
65445.000000,33.578098,-117.064176,426.442957,33.578296,-117.064247,462.076737,1.673923,0.951091
65460.000000,33.578098,-117.064176,426.430099,33.578296,-117.064247,462.077331,1.674361,0.951350
65475.000000,33.578097,-117.064176,426.417242,33.578296,-117.064247,462.077925,1.674799,0.951608
65490.000000,33.578097,-117.064176,426.404381,33.578296,-117.064247,462.078519,1.675236,0.951867
65505.000000,33.578097,-117.064176,426.391230,33.578296,-117.064247,462.079113,1.675672,0.952127
65520.000000,33.578097,-117.064176,426.378108,33.578296,-117.064247,462.079707,1.676106,0.952386
65535.000000,33.578097,-117.064176,426.364885,33.578296,-117.064247,462.080301,1.676537,0.952646
65550.000000,33.578097,-117.064176,426.351424,33.578296,-117.064247,462.080895,1.676974,0.952905
65565.000000,33.578097,-117.064176,426.338066,33.578296,-117.064247,462.081489,1.677410,0.953165
65580.000000,33.578097,-117.064176,426.324688,33.578296,-117.064247,462.082083,1.677847,0.953425
65595.000000,33.578097,-117.064176,426.310896,33.578296,-117.064247,462.082677,1.678278,0.953686
65610.000000,33.578097,-117.064176,426.304148,33.578296,-117.064247,462.083271,1.678672,0.953946
65625.000000,33.578097,-117.064176,426.297293,33.578296,-117.064247,462.083865,1.679071,0.954207
65640.000000,33.578097,-117.064176,426.290219,33.578296,-117.064247,462.084459,1.679467,0.954468
65655.000000,33.578097,-117.064176,426.283337,33.578296,-117.064247,462.085053,1.679863,0.954729
65670.000000,33.578097,-117.064176,426.275926,33.578296,-117.064247,462.085647,1.680258,0.954990
65685.000000,33.578097,-117.064176,426.269441,33.578296,-117.064247,462.086241,1.680646,0.955251
65700.000000,33.578097,-117.064176,426.262250,33.578296,-117.064247,462.086835,1.681039,0.955513
65715.000000,33.578096,-117.064176,426.254802,33.578296,-117.064247,462.087429,1.681431,0.955774
65730.000000,33.578096,-117.064176,426.247750,33.578296,-117.064247,462.088023,1.681818,0.956036
65745.000000,33.578096,-117.064176,426.240191,33.578295,-117.064247,462.088617,1.682208,0.956299
65760.000000,33.578096,-117.064176,426.233092,33.578295,-117.064247,462.089211,1.682592,0.956561
65775.000000,33.578096,-117.064176,426.225025,33.578295,-117.064247,462.089805,1.682981,0.956823
65790.000000,33.578096,-117.064176,426.217300,33.578295,-117.064247,462.090399,1.683369,0.957086
65805.000000,33.578096,-117.064176,426.210145,33.578295,-117.064247,462.090993,1.683753,0.957349
65820.000000,33.578096,-117.064176,426.201755,33.578295,-117.064247,462.091587,1.684142,0.957612
65835.000000,33.578096,-117.064176,426.194377,33.578295,-117.064247,462.092181,1.684525,0.957875
65850.000000,33.578096,-117.064176,426.186103,33.578295,-117.064247,462.092775,1.684916,0.958138
65865.000000,33.578096,-117.064176,426.178033,33.578295,-117.064247,462.093369,1.685297,0.958402
65880.000000,33.578096,-117.064176,426.170072,33.578295,-117.064247,462.093963,1.685680,0.958666
65895.000000,33.578096,-117.064176,426.161893,33.578295,-117.064247,462.094557,1.686064,0.958930
65910.000000,33.578096,-117.064176,426.153448,33.578295,-117.064247,462.095151,1.686443,0.959194
65925.000000,33.578095,-117.064176,426.144876,33.578295,-117.064247,462.095745,1.686835,0.959458
65940.000000,33.578095,-117.064176,426.136702,33.578295,-117.064247,462.096339,1.687209,0.959722
65955.000000,33.578095,-117.064176,426.128373,33.578295,-117.064247,462.096933,1.687590,0.959987
65970.000000,33.578095,-117.064176,426.119679,33.578295,-117.064247,462.097527,1.687973,0.960252
65985.000000,33.578096,-117.064176,426.168186,33.578295,-117.064247,462.098121,1.687886,0.960517
66000.000000,33.578096,-117.064176,426.218811,33.578295,-117.064247,462.098715,1.687750,0.960782
66015.000000,33.578097,-117.064176,426.266495,33.578295,-117.064247,462.099309,1.687665,0.961047
66030.000000,33.578097,-117.064176,426.314842,33.578295,-117.064247,462.099903,1.687573,0.961313
66045.000000,33.578097,-117.064176,426.363215,33.578295,-117.064247,462.100497,1.687462,0.961579
66060.000000,33.578098,-117.064176,426.408960,33.578295,-117.064247,462.101091,1.687398,0.961844
66075.000000,33.578098,-117.064176,426.454391,33.578295,-117.064247,462.101685,1.687334,0.962110
66090.000000,33.578099,-117.064176,426.502672,33.578295,-117.064247,462.102279,1.687239,0.962377
66105.000000,33.578099,-117.064176,426.550720,33.578295,-117.064247,462.102873,1.687146,0.962643
66120.000000,33.578099,-117.064176,426.589751,33.578295,-117.064247,462.103467,1.687012,0.962910
66135.000000,33.578100,-117.064176,426.629868,33.578295,-117.064247,462.104061,1.686859,0.963176
66150.000000,33.578100,-117.064176,426.673575,33.578295,-117.064247,462.104655,1.686679,0.963443
66165.000000,33.578100,-117.064176,426.712406,33.578295,-117.064247,462.105249,1.686544,0.963711
66180.000000,33.578101,-117.064176,426.744346,33.578295,-117.064247,462.105843,1.686456,0.963978
66195.000000,33.578101,-117.064177,426.785666,33.578295,-117.064247,462.106437,1.686288,0.964245
66210.000000,33.578101,-117.064177,426.825625,33.578295,-117.064247,462.107031,1.686131,0.964513
66225.000000,33.578101,-117.064177,426.861509,33.578295,-117.064247,462.107625,1.686006,0.964781
66240.000000,33.578102,-117.064177,426.899015,33.578295,-117.064247,462.108219,1.685870,0.965049
66255.000000,33.578102,-117.064177,426.937324,33.578295,-117.064247,462.108813,1.685726,0.965317
66270.000000,33.578102,-117.064177,426.974576,33.578295,-117.064247,462.109407,1.685580,0.965585
66285.000000,33.578103,-117.064177,427.015387,33.578295,-117.064247,462.110001,1.685406,0.965854
66300.000000,33.578103,-117.064177,427.052945,33.578295,-117.064247,462.110595,1.685252,0.966123
66315.000000,33.578103,-117.064177,427.081855,33.578295,-117.064247,462.111189,1.685171,0.966391
66330.000000,33.578104,-117.064177,427.121159,33.578295,-117.064247,462.111783,1.685001,0.966660
66345.000000,33.578104,-117.064177,427.161471,33.578295,-117.064247,462.112377,1.684818,0.966930
66360.000000,33.578104,-117.064177,427.192120,33.578295,-117.064247,462.112971,1.684717,0.967199
66375.000000,33.578105,-117.064177,427.229031,33.578295,-117.064247,462.113565,1.684553,0.967469
66390.000000,33.578105,-117.064177,427.265865,33.578295,-117.064247,462.114159,1.684409,0.967738
66405.000000,33.578105,-117.064177,427.294762,33.578295,-117.064247,462.114753,1.684315,0.968008
66420.000000,33.578106,-117.064177,427.330899,33.578295,-117.064247,462.115347,1.684157,0.968278
66435.000000,33.578106,-117.064177,427.372729,33.578295,-117.064247,462.115941,1.683947,0.968549
66450.000000,33.578106,-117.064177,427.403836,33.578295,-117.064247,462.116535,1.683832,0.968819
66465.000000,33.578107,-117.064177,427.440964,33.578295,-117.064247,462.117129,1.683667,0.969090
66480.000000,33.578107,-117.064177,427.478381,33.578295,-117.064247,462.117723,1.683500,0.969361
66495.000000,33.578107,-117.064177,427.508697,33.578295,-117.064247,462.118317,1.683384,0.969632
66510.000000,33.578108,-117.064177,427.546042,33.578295,-117.064247,462.118911,1.683222,0.969903
66525.000000,33.578108,-117.064177,427.583338,33.578295,-117.064247,462.119505,1.683047,0.970174
66540.000000,33.578108,-117.064177,427.610522,33.578295,-117.064247,462.120099,1.682960,0.970446
66555.000000,33.578109,-117.064177,427.650235,33.578295,-117.064247,462.120693,1.682769,0.970717
66570.000000,33.578109,-117.064177,427.684231,33.578294,-117.064247,462.121287,1.682627,0.970989
66585.000000,33.578109,-117.064177,427.713493,33.578294,-117.064247,462.121881,1.682529,0.971261
66600.000000,33.578110,-117.064177,427.750036,33.578294,-117.064247,462.122475,1.682356,0.971533
66615.000000,33.578110,-117.064177,427.785289,33.578294,-117.064247,462.123069,1.682169,0.971806
66630.000000,33.578110,-117.064177,427.815620,33.578294,-117.064247,462.123663,1.682051,0.972078
66645.000000,33.578111,-117.064177,427.848662,33.578294,-117.064247,462.124257,1.681898,0.972351
66660.000000,33.578111,-117.064177,427.884702,33.578294,-117.064247,462.124851,1.681708,0.972624
66675.000000,33.578111,-117.064177,427.911574,33.578294,-117.064247,462.125445,1.681616,0.972897
66690.000000,33.578112,-117.064177,427.946478,33.578294,-117.064247,462.126039,1.681451,0.973170
66705.000000,33.578112,-117.064177,427.977182,33.578294,-117.064247,462.126633,1.681309,0.973443
66720.000000,33.578112,-117.064177,428.009216,33.578294,-117.064247,462.127227,1.681156,0.973717
66735.000000,33.578113,-117.064177,428.042623,33.578294,-117.064247,462.127821,1.680988,0.973991
66750.000000,33.578113,-117.064177,428.072043,33.578294,-117.064247,462.128415,1.680879,0.974265
66765.000000,33.578113,-117.064177,428.104277,33.578294,-117.064247,462.129009,1.680735,0.974539
66780.000000,33.578114,-117.064177,428.133046,33.578294,-117.064247,462.129603,1.680620,0.974813
66795.000000,33.578114,-117.064177,428.163912,33.578294,-117.064247,462.130197,1.680481,0.975087
66810.000000,33.578114,-117.064177,428.195967,33.578294,-117.064247,462.130791,1.680335,0.975362
66825.000000,33.578115,-117.064177,428.226823,33.578294,-117.064247,462.131384,1.680185,0.975637
66840.000000,33.578115,-117.064177,428.261156,33.578294,-117.064247,462.131978,1.680020,0.975912
66855.000000,33.578115,-117.064177,428.289192,33.578294,-117.064247,462.132572,1.679890,0.976187
66870.000000,33.578116,-117.064177,428.320772,33.578294,-117.064247,462.133166,1.679717,0.976462
66885.000000,33.578116,-117.064177,428.351882,33.578294,-117.064247,462.133760,1.679578,0.976737
66900.000000,33.578116,-117.064177,428.377683,33.578294,-117.064247,462.134354,1.679500,0.977013
66915.000000,33.578117,-117.064177,428.409650,33.578294,-117.064247,462.134948,1.679356,0.977289
66930.000000,33.578117,-117.064177,428.435657,33.578294,-117.064247,462.135542,1.679251,0.977565
66945.000000,33.578117,-117.064177,428.462758,33.578294,-117.064247,462.136136,1.679140,0.977841
66960.000000,33.578118,-117.064177,428.491797,33.578294,-117.064247,462.136730,1.679021,0.978117
66975.000000,33.578118,-117.064177,428.515152,33.578294,-117.064247,462.137324,1.678953,0.978394
66990.000000,33.578118,-117.064177,428.544825,33.578294,-117.064247,462.137918,1.678817,0.978670
67005.000000,33.578119,-117.064177,428.573440,33.578294,-117.064247,462.138512,1.678698,0.978947
67020.000000,33.578119,-117.064177,428.599479,33.578294,-117.064247,462.139106,1.678600,0.979224
67035.000000,33.578119,-117.064177,428.629959,33.578294,-117.064247,462.139700,1.678453,0.979501
67050.000000,33.578119,-117.064177,428.654610,33.578294,-117.064247,462.140294,1.678363,0.979779
67065.000000,33.578120,-117.064177,428.683414,33.578294,-117.064247,462.140888,1.678237,0.980056
67080.000000,33.578120,-117.064177,428.711254,33.578294,-117.064247,462.141482,1.678119,0.980334
67095.000000,33.578120,-117.064177,428.734787,33.578294,-117.064247,462.142076,1.678030,0.980611
67110.000000,33.578121,-117.064177,428.764408,33.578294,-117.064247,462.142670,1.677895,0.980889
67125.000000,33.578121,-117.064177,428.788281,33.578294,-117.064247,462.143264,1.677800,0.981168
67140.000000,33.578121,-117.064177,428.815850,33.578294,-117.064247,462.143858,1.677687,0.981446
67155.000000,33.578122,-117.064177,428.840554,33.578294,-117.064247,462.144452,1.677590,0.981724
67170.000000,33.578122,-117.064177,428.865244,33.578294,-117.064247,462.145046,1.677497,0.982003
67185.000000,33.578122,-117.064177,428.891026,33.578294,-117.064247,462.145640,1.677383,0.982282
67200.000000,33.578122,-117.064177,428.915444,33.578294,-117.064247,462.146234,1.677292,0.982561
67215.000000,33.578123,-117.064177,428.938242,33.578294,-117.064247,462.146828,1.677221,0.982840
67230.000000,33.578123,-117.064177,428.962517,33.578294,-117.064247,462.147422,1.677131,0.983119
67245.000000,33.578123,-117.064177,428.985710,33.578294,-117.064247,462.148016,1.677050,0.983399
67260.000000,33.578124,-117.064177,429.009383,33.578294,-117.064247,462.148610,1.676963,0.983678
67275.000000,33.578124,-117.064177,429.032168,33.578294,-117.064247,462.149204,1.676880,0.983958
67290.000000,33.578124,-117.064177,429.055194,33.578294,-117.064247,462.149798,1.676799,0.984238
67305.000000,33.578124,-117.064177,429.075701,33.578294,-117.064247,462.150392,1.676742,0.984518
67320.000000,33.578125,-117.064177,429.095715,33.578294,-117.064247,462.150986,1.676694,0.984799
67335.000000,33.578125,-117.064177,429.115925,33.578294,-117.064247,462.151580,1.676631,0.985079
67350.000000,33.578125,-117.064177,429.135126,33.578294,-117.064247,462.152174,1.676573,0.985360
67365.000000,33.578125,-117.064177,429.155212,33.578294,-117.064247,462.152768,1.676512,0.985640
67380.000000,33.578126,-117.064177,429.175089,33.578294,-117.064247,462.153362,1.676449,0.985921
67395.000000,33.578126,-117.064177,429.193750,33.578293,-117.064247,462.153956,1.676400,0.986203
67410.000000,33.578126,-117.064177,429.216064,33.578293,-117.064247,462.154550,1.676322,0.986484
67425.000000,33.578126,-117.064177,429.236111,33.578293,-117.064247,462.155144,1.676252,0.986765
67440.000000,33.578127,-117.064177,429.258273,33.578293,-117.064247,462.155738,1.676165,0.987047
67455.000000,33.578127,-117.064177,429.277736,33.578293,-117.064247,462.156332,1.676097,0.987329
67470.000000,33.578127,-117.064177,429.296663,33.578293,-117.064247,462.156926,1.676037,0.987611
67485.000000,33.578128,-117.064177,429.314758,33.578293,-117.064247,462.157520,1.675986,0.987893
67500.000000,33.578128,-117.064177,429.335155,33.578293,-117.064247,462.158114,1.675918,0.988175
67515.000000,33.578128,-117.064177,429.354827,33.578293,-117.064247,462.158708,1.675857,0.988458
67530.000000,33.578128,-117.064177,429.373723,33.578293,-117.064247,462.159302,1.675788,0.988740
67545.000000,33.578129,-117.064177,429.391900,33.578293,-117.064247,462.159896,1.675746,0.989023
67560.000000,33.578129,-117.064177,429.408494,33.578293,-117.064247,462.160490,1.675707,0.989306
67575.000000,33.578129,-117.064177,429.426003,33.578293,-117.064247,462.161084,1.675658,0.989589
67590.000000,33.578129,-117.064177,429.443178,33.578293,-117.064247,462.161678,1.675612,0.989872
67605.000000,33.578130,-117.064177,429.461275,33.578293,-117.064247,462.162272,1.675559,0.990156
67620.000000,33.578130,-117.064177,429.479851,33.578293,-117.064247,462.162866,1.675495,0.990439
67635.000000,33.578130,-117.064177,429.499029,33.578293,-117.064247,462.163460,1.675432,0.990723
67650.000000,33.578130,-117.064177,429.517724,33.578293,-117.064247,462.164054,1.675383,0.991007
67665.000000,33.578131,-117.064177,429.535959,33.578293,-117.064247,462.164648,1.675334,0.991291
67680.000000,33.578131,-117.064177,429.555935,33.578293,-117.064247,462.165242,1.675270,0.991575
67695.000000,33.578131,-117.064177,429.574586,33.578293,-117.064247,462.165836,1.675208,0.991860
67710.000000,33.578131,-117.064177,429.592352,33.578293,-117.064247,462.166430,1.675158,0.992144
67725.000000,33.578132,-117.064177,429.607869,33.578293,-117.064247,462.167024,1.675114,0.992429
67740.000000,33.578132,-117.064177,429.624577,33.578293,-117.064247,462.167618,1.675076,0.992714
67755.000000,33.578132,-117.064177,429.639999,33.578293,-117.064247,462.168212,1.675051,0.992999
67770.000000,33.578132,-117.064176,429.654976,33.578293,-117.064247,462.168806,1.675033,0.993284
67785.000000,33.578133,-117.064176,429.670470,33.578293,-117.064247,462.169400,1.675007,0.993570
67800.000000,33.578133,-117.064176,429.684864,33.578293,-117.064247,462.169994,1.674990,0.993855
67815.000000,33.578133,-117.064176,429.698327,33.578293,-117.064247,462.170588,1.674969,0.994141
67830.000000,33.578133,-117.064176,429.711803,33.578293,-117.064247,462.171182,1.674953,0.994427
67845.000000,33.578133,-117.064176,429.724364,33.578293,-117.064247,462.171776,1.674942,0.994713
67860.000000,33.578134,-117.064176,429.734676,33.578293,-117.064247,462.172370,1.674943,0.994999
67875.000000,33.578134,-117.064176,429.748654,33.578293,-117.064247,462.172964,1.674922,0.995285
67890.000000,33.578134,-117.064176,429.760420,33.578293,-117.064247,462.173558,1.674909,0.995572
67905.000000,33.578134,-117.064176,429.772801,33.578293,-117.064247,462.174152,1.674906,0.995858
67920.000000,33.578134,-117.064176,429.785788,33.578293,-117.064247,462.174746,1.674884,0.996145
67935.000000,33.578135,-117.064176,429.795669,33.578293,-117.064247,462.175340,1.674888,0.996432
67950.000000,33.578135,-117.064176,429.808608,33.578293,-117.064247,462.175934,1.674868,0.996719
67965.000000,33.578135,-117.064176,429.819262,33.578293,-117.064247,462.176528,1.674873,0.997007
67980.000000,33.578135,-117.064176,429.828854,33.578293,-117.064247,462.177122,1.674878,0.997294
67995.000000,33.578135,-117.064176,429.840606,33.578293,-117.064247,462.177716,1.674865,0.997582
68010.000000,33.578136,-117.064176,429.850269,33.578293,-117.064247,462.178310,1.674873,0.997870
68025.000000,33.578136,-117.064176,429.861432,33.578293,-117.064247,462.178904,1.674869,0.998158
68040.000000,33.578136,-117.064176,429.873254,33.578293,-117.064247,462.179498,1.674865,0.998446
68055.000000,33.578136,-117.064176,429.884232,33.578293,-117.064247,462.180092,1.674860,0.998734
68070.000000,33.578136,-117.064176,429.895108,33.578293,-117.064247,462.180686,1.674854,0.999022
68085.000000,33.578137,-117.064176,429.904181,33.578293,-117.064247,462.181280,1.674857,0.999311
68100.000000,33.578137,-117.064176,429.913737,33.578293,-117.064247,462.181874,1.674869,0.999600
68115.000000,33.578137,-117.064176,429.923004,33.578293,-117.064247,462.182468,1.674884,0.999889
68130.000000,33.578137,-117.064176,429.931395,33.578293,-117.064247,462.183062,1.674902,1.000178
68145.000000,33.578137,-117.064176,429.939992,33.578293,-117.064247,462.183656,1.674907,1.000467
68160.000000,33.578138,-117.064176,429.949548,33.578293,-117.064247,462.184250,1.674907,1.000756
68175.000000,33.578138,-117.064176,429.956999,33.578293,-117.064247,462.184844,1.674918,1.001046
68190.000000,33.578138,-117.064176,429.965396,33.578293,-117.064247,462.185438,1.674931,1.001335
68205.000000,33.578138,-117.064176,429.972507,33.578293,-117.064247,462.186032,1.674952,1.001625
68220.000000,33.578138,-117.064176,429.978530,33.578292,-117.064247,462.186626,1.674980,1.001915
68235.000000,33.578139,-117.064176,429.984407,33.578292,-117.064247,462.187220,1.675001,1.002205
68250.000000,33.578139,-117.064176,429.990971,33.578292,-117.064247,462.187814,1.675017,1.002496
68265.000000,33.578139,-117.064176,430.011038,33.578292,-117.064247,462.188408,1.675108,1.002786
68280.000000,33.578139,-117.064176,430.029379,33.578292,-117.064247,462.189002,1.675205,1.003077
68295.000000,33.578139,-117.064176,430.047765,33.578292,-117.064247,462.189596,1.675307,1.003368
68310.000000,33.578139,-117.064176,430.066707,33.578292,-117.064247,462.190190,1.675401,1.003659
68325.000000,33.578139,-117.064176,430.086052,33.578292,-117.064247,462.190784,1.675496,1.003950
68340.000000,33.578139,-117.064176,430.105105,33.578292,-117.064247,462.191378,1.675588,1.004241
68355.000000,33.578139,-117.064176,430.123305,33.578292,-117.064247,462.191972,1.675686,1.004532
68370.000000,33.578139,-117.064176,430.141920,33.578292,-117.064247,462.192566,1.675783,1.004824
68385.000000,33.578139,-117.064176,430.159191,33.578292,-117.064247,462.193160,1.675893,1.005116
68400.000000,33.578139,-117.064176,430.176727,33.578292,-117.064247,462.193754,1.675993,1.005407
68415.000000,33.578139,-117.064176,430.193711,33.578292,-117.064247,462.194347,1.676099,1.005700
68430.000000,33.578139,-117.064176,430.209081,33.578292,-117.064247,462.194941,1.676213,1.005992
68445.000000,33.578139,-117.064176,430.224289,33.578292,-117.064246,462.195535,1.676330,1.006284
68460.000000,33.578139,-117.064176,430.238028,33.578292,-117.064246,462.196129,1.676461,1.006577
68475.000000,33.578140,-117.064177,430.252378,33.578292,-117.064246,462.196723,1.676578,1.006869
68490.000000,33.578140,-117.064177,430.265738,33.578292,-117.064246,462.197317,1.676704,1.007162
68505.000000,33.578140,-117.064177,430.279141,33.578292,-117.064246,462.197911,1.676832,1.007455
68520.000000,33.578140,-117.064177,430.293122,33.578292,-117.064246,462.198505,1.676954,1.007748
68535.000000,33.578140,-117.064177,430.306588,33.578292,-117.064246,462.199099,1.677086,1.008041
68550.000000,33.578140,-117.064177,430.320516,33.578292,-117.064246,462.199693,1.677209,1.008335
68565.000000,33.578140,-117.064177,430.334593,33.578292,-117.064246,462.200287,1.677328,1.008628
68580.000000,33.578140,-117.064177,430.347558,33.578292,-117.064246,462.200881,1.677452,1.008922
68595.000000,33.578140,-117.064177,430.360747,33.578292,-117.064246,462.201475,1.677576,1.009216
68610.000000,33.578140,-117.064177,430.373214,33.578292,-117.064246,462.202069,1.677709,1.009510
68625.000000,33.578140,-117.064177,430.385969,33.578292,-117.064246,462.202663,1.677835,1.009804
68640.000000,33.578140,-117.064177,430.397884,33.578292,-117.064246,462.203257,1.677961,1.010099
68655.000000,33.578140,-117.064177,430.409242,33.578292,-117.064246,462.203851,1.678085,1.010393
68670.000000,33.578140,-117.064177,430.420457,33.578292,-117.064246,462.204445,1.678212,1.010688
68685.000000,33.578140,-117.064177,430.429565,33.578292,-117.064246,462.205039,1.678359,1.010983
68700.000000,33.578140,-117.064177,430.438997,33.578292,-117.064246,462.205633,1.678502,1.011278
68715.000000,33.578140,-117.064177,430.448669,33.578292,-117.064246,462.206227,1.678643,1.011573
68730.000000,33.578140,-117.064177,430.457697,33.578292,-117.064246,462.206821,1.678786,1.011868
68745.000000,33.578140,-117.064177,430.466880,33.578292,-117.064246,462.207415,1.678925,1.012163
68760.000000,33.578140,-117.064177,430.476032,33.578292,-117.064246,462.208009,1.679065,1.012459
68775.000000,33.578140,-117.064177,430.484574,33.578292,-117.064246,462.208603,1.679206,1.012755
68790.000000,33.578140,-117.064177,430.492870,33.578292,-117.064246,462.209197,1.679344,1.013051
68805.000000,33.578140,-117.064177,430.501253,33.578292,-117.064246,462.209791,1.679482,1.013347
68820.000000,33.578140,-117.064177,430.509801,33.578292,-117.064246,462.210385,1.679620,1.013643
68835.000000,33.578140,-117.064177,430.517805,33.578292,-117.064246,462.210979,1.679761,1.013939
68850.000000,33.578140,-117.064178,430.526230,33.578292,-117.064246,462.211573,1.679895,1.014236
68865.000000,33.578140,-117.064178,430.533691,33.578292,-117.064246,462.212167,1.680031,1.014532
68880.000000,33.578140,-117.064178,430.540195,33.578292,-117.064246,462.212761,1.680175,1.014829
68895.000000,33.578140,-117.064178,430.546200,33.578292,-117.064246,462.213355,1.680323,1.015126
68910.000000,33.578140,-117.064178,430.551860,33.578292,-117.064246,462.213949,1.680469,1.015423
68925.000000,33.578140,-117.064178,430.556413,33.578292,-117.064246,462.214543,1.680628,1.015720
68940.000000,33.578140,-117.064178,430.561583,33.578292,-117.064246,462.215137,1.680782,1.016018
68955.000000,33.578140,-117.064178,430.566133,33.578292,-117.064246,462.215731,1.680936,1.016315
68970.000000,33.578140,-117.064178,430.570888,33.578292,-117.064246,462.216325,1.681088,1.016613
68985.000000,33.578140,-117.064178,430.576166,33.578292,-117.064246,462.216919,1.681235,1.016911
69000.000000,33.578140,-117.064178,430.581499,33.578292,-117.064246,462.217513,1.681381,1.017209
69015.000000,33.578140,-117.064178,430.585684,33.578292,-117.064246,462.218107,1.681537,1.017507
69030.000000,33.578140,-117.064178,430.588641,33.578292,-117.064246,462.218701,1.681697,1.017805
69045.000000,33.578140,-117.064178,430.591819,33.578291,-117.064246,462.219295,1.681850,1.018104
69060.000000,33.578140,-117.064178,430.594098,33.578291,-117.064246,462.219889,1.682010,1.018403
69075.000000,33.578141,-117.064178,430.608286,33.578291,-117.064246,462.220483,1.682110,1.018701
69090.000000,33.578141,-117.064178,430.622441,33.578291,-117.064246,462.221077,1.682215,1.019000
69105.000000,33.578141,-117.064178,430.634895,33.578291,-117.064246,462.221671,1.682328,1.019299
69120.000000,33.578141,-117.064178,430.646901,33.578291,-117.064246,462.222265,1.682423,1.019598
69135.000000,33.578141,-117.064178,430.659892,33.578291,-117.064246,462.222859,1.682508,1.019898
69150.000000,33.578141,-117.064178,430.671785,33.578291,-117.064246,462.223453,1.682621,1.020197
69165.000000,33.578141,-117.064178,430.683354,33.578291,-117.064246,462.224047,1.682711,1.020497
69180.000000,33.578141,-117.064178,430.694429,33.578291,-117.064246,462.224641,1.682795,1.020797
69195.000000,33.578141,-117.064178,430.705744,33.578291,-117.064246,462.225235,1.682896,1.021097
69210.000000,33.578141,-117.064178,430.717159,33.578291,-117.064246,462.225829,1.683024,1.021397
69225.000000,33.578141,-117.064178,430.728305,33.578291,-117.064246,462.226423,1.683109,1.021697
69240.000000,33.578141,-117.064178,430.740034,33.578291,-117.064246,462.227017,1.683200,1.021997
69255.000000,33.578141,-117.064178,430.751339,33.578291,-117.064246,462.227611,1.683341,1.022298
69270.000000,33.578141,-117.064178,430.760955,33.578291,-117.064246,462.228205,1.683474,1.022599
69285.000000,33.578141,-117.064178,430.770829,33.578291,-117.064246,462.228799,1.683591,1.022899
69300.000000,33.578141,-117.064178,430.779321,33.578291,-117.064246,462.229393,1.683739,1.023200
69315.000000,33.578142,-117.064178,430.788001,33.578291,-117.064246,462.229987,1.683868,1.023502
69330.000000,33.578142,-117.064178,430.796911,33.578291,-117.064246,462.230581,1.683978,1.023803
69345.000000,33.578142,-117.064178,430.805534,33.578291,-117.064246,462.231175,1.684114,1.024104
69360.000000,33.578142,-117.064178,430.814199,33.578291,-117.064246,462.231769,1.684252,1.024406
69375.000000,33.578142,-117.064178,430.821492,33.578291,-117.064246,462.232363,1.684379,1.024708
69390.000000,33.578142,-117.064178,430.829712,33.578291,-117.064246,462.232957,1.684507,1.025009
69405.000000,33.578142,-117.064178,430.837233,33.578291,-117.064246,462.233551,1.684647,1.025312
69420.000000,33.578142,-117.064178,430.844793,33.578291,-117.064246,462.234145,1.684753,1.025614
69435.000000,33.578142,-117.064178,430.851726,33.578291,-117.064246,462.234739,1.684891,1.025916
69450.000000,33.578142,-117.064178,430.858043,33.578291,-117.064246,462.235333,1.685036,1.026218
69465.000000,33.578142,-117.064178,430.864620,33.578291,-117.064246,462.235927,1.685158,1.026521
69480.000000,33.578142,-117.064178,430.870643,33.578291,-117.064246,462.236521,1.685285,1.026824
69495.000000,33.578142,-117.064178,430.876578,33.578291,-117.064246,462.237115,1.685433,1.027127
69510.000000,33.578142,-117.064178,430.882301,33.578291,-117.064246,462.237709,1.685560,1.027430
69525.000000,33.578142,-117.064178,430.887623,33.578291,-117.064246,462.238303,1.685709,1.027733
69540.000000,33.578142,-117.064178,430.893083,33.578291,-117.064246,462.238897,1.685856,1.028036
69555.000000,33.578142,-117.064178,430.898462,33.578291,-117.064246,462.239491,1.685997,1.028340
69570.000000,33.578142,-117.064178,430.903531,33.578291,-117.064246,462.240085,1.686149,1.028643
69585.000000,33.578142,-117.064178,430.908800,33.578291,-117.064246,462.240679,1.686262,1.028947
69600.000000,33.578142,-117.064178,430.912296,33.578291,-117.064246,462.241273,1.686414,1.029251
69615.000000,33.578142,-117.064178,430.914881,33.578291,-117.064246,462.241867,1.686553,1.029555
69630.000000,33.578143,-117.064178,430.917662,33.578291,-117.064246,462.242461,1.686690,1.029859
69645.000000,33.578143,-117.064178,430.919092,33.578291,-117.064246,462.243055,1.686843,1.030164
69660.000000,33.578143,-117.064178,430.920967,33.578291,-117.064246,462.243649,1.686980,1.030468
69675.000000,33.578143,-117.064178,430.923367,33.578291,-117.064246,462.244243,1.687127,1.030773
69690.000000,33.578143,-117.064178,430.925856,33.578291,-117.064246,462.244837,1.687269,1.031078
69705.000000,33.578143,-117.064178,430.928471,33.578291,-117.064246,462.245431,1.687397,1.031383
69720.000000,33.578143,-117.064178,430.930615,33.578291,-117.064246,462.246025,1.687538,1.031688
69735.000000,33.578143,-117.064178,430.932068,33.578291,-117.064246,462.246619,1.687681,1.031993
69750.000000,33.578143,-117.064178,430.933102,33.578291,-117.064246,462.247213,1.687815,1.032298
69765.000000,33.578143,-117.064178,430.934552,33.578291,-117.064246,462.247807,1.687969,1.032604
69780.000000,33.578143,-117.064178,430.934836,33.578291,-117.064246,462.248401,1.688090,1.032909
69795.000000,33.578143,-117.064178,430.935137,33.578291,-117.064246,462.248995,1.688255,1.033215
69810.000000,33.578143,-117.064178,430.934596,33.578291,-117.064246,462.249589,1.688411,1.033521
69825.000000,33.578143,-117.064178,430.934292,33.578291,-117.064246,462.250183,1.688566,1.033827
69840.000000,33.578143,-117.064178,430.933572,33.578291,-117.064246,462.250777,1.688718,1.034133
69855.000000,33.578143,-117.064178,430.932574,33.578291,-117.064246,462.251371,1.688859,1.034440
69870.000000,33.578143,-117.064178,430.931767,33.578290,-117.064246,462.251965,1.689013,1.034746
69885.000000,33.578143,-117.064178,430.929600,33.578290,-117.064246,462.252559,1.689162,1.035053
69900.000000,33.578143,-117.064178,430.928168,33.578290,-117.064246,462.253153,1.689307,1.035360
69915.000000,33.578143,-117.064178,430.926882,33.578290,-117.064246,462.253747,1.689448,1.035667
69930.000000,33.578143,-117.064178,430.925195,33.578290,-117.064246,462.254341,1.689590,1.035974
69945.000000,33.578143,-117.064178,430.923974,33.578290,-117.064246,462.254935,1.689747,1.036281
69960.000000,33.578143,-117.064178,430.921554,33.578290,-117.064246,462.255529,1.689881,1.036588
69975.000000,33.578143,-117.064178,430.918300,33.578290,-117.064246,462.256123,1.690025,1.036896
69990.000000,33.578143,-117.064178,430.916006,33.578290,-117.064246,462.256717,1.690160,1.037203
70005.000000,33.578143,-117.064178,430.912657,33.578290,-117.064246,462.257311,1.690314,1.037511
70020.000000,33.578143,-117.064178,430.909655,33.578290,-117.064246,462.257904,1.690461,1.037819
70035.000000,33.578143,-117.064178,430.906275,33.578290,-117.064246,462.258498,1.690612,1.038127
70050.000000,33.578143,-117.064178,430.902824,33.578290,-117.064246,462.259092,1.690750,1.038435
70065.000000,33.578143,-117.064178,430.898528,33.578290,-117.064246,462.259686,1.690891,1.038744
70080.000000,33.578144,-117.064178,430.893875,33.578290,-117.064246,462.260280,1.691046,1.039052
70095.000000,33.578144,-117.064178,430.889379,33.578290,-117.064246,462.260874,1.691184,1.039361
70110.000000,33.578144,-117.064178,430.884689,33.578290,-117.064246,462.261468,1.691339,1.039670
70125.000000,33.578144,-117.064178,430.879680,33.578290,-117.064246,462.262062,1.691479,1.039979
70140.000000,33.578144,-117.064178,430.873864,33.578290,-117.064246,462.262656,1.691631,1.040288
70155.000000,33.578144,-117.064178,430.867838,33.578290,-117.064246,462.263250,1.691783,1.040597
70170.000000,33.578144,-117.064178,430.861669,33.578290,-117.064246,462.263844,1.691941,1.040906
70185.000000,33.578144,-117.064178,430.855508,33.578290,-117.064246,462.264438,1.692085,1.041216
70200.000000,33.578144,-117.064178,430.849169,33.578290,-117.064246,462.265032,1.692228,1.041525
70215.000000,33.578144,-117.064178,430.843168,33.578290,-117.064246,462.265626,1.692372,1.041835
70230.000000,33.578144,-117.064178,430.836573,33.578290,-117.064246,462.266220,1.692518,1.042145
70245.000000,33.578144,-117.064178,430.829489,33.578290,-117.064246,462.266814,1.692661,1.042455
70260.000000,33.578144,-117.064178,430.822006,33.578290,-117.064246,462.267408,1.692808,1.042765
70275.000000,33.578144,-117.064178,430.815377,33.578290,-117.064246,462.268002,1.692940,1.043076
70290.000000,33.578144,-117.064178,430.807953,33.578290,-117.064246,462.268596,1.693073,1.043386
70305.000000,33.578144,-117.064178,430.799894,33.578290,-117.064246,462.269190,1.693208,1.043697
70320.000000,33.578144,-117.064178,430.792131,33.578290,-117.064246,462.269784,1.693346,1.044007
70335.000000,33.578144,-117.064178,430.783812,33.578290,-117.064246,462.270378,1.693496,1.044318
70350.000000,33.578144,-117.064178,430.774952,33.578290,-117.064246,462.270972,1.693642,1.044629
70365.000000,33.578144,-117.064178,430.765290,33.578290,-117.064246,462.271566,1.693776,1.044940
70380.000000,33.578144,-117.064178,430.755788,33.578290,-117.064246,462.272160,1.693921,1.045252
70395.000000,33.578144,-117.064178,430.746669,33.578290,-117.064246,462.272754,1.694064,1.045563
70410.000000,33.578144,-117.064178,430.737317,33.578290,-117.064246,462.273348,1.694186,1.045875
70425.000000,33.578144,-117.064177,430.727563,33.578290,-117.064246,462.273942,1.694327,1.046186
70440.000000,33.578144,-117.064177,430.717369,33.578290,-117.064246,462.274536,1.694459,1.046498
70455.000000,33.578144,-117.064177,430.707744,33.578290,-117.064246,462.275130,1.694601,1.046810
70470.000000,33.578144,-117.064177,430.696767,33.578290,-117.064246,462.275724,1.694740,1.047122
70485.000000,33.578144,-117.064177,430.685530,33.578290,-117.064246,462.276318,1.694874,1.047435
70500.000000,33.578144,-117.064177,430.674903,33.578290,-117.064246,462.276912,1.694999,1.047747
70515.000000,33.578144,-117.064177,430.663921,33.578290,-117.064246,462.277506,1.695135,1.048060
70530.000000,33.578144,-117.064177,430.652451,33.578290,-117.064246,462.278100,1.695260,1.048372
70545.000000,33.578144,-117.064177,430.641167,33.578290,-117.064246,462.278694,1.695389,1.048685
70560.000000,33.578144,-117.064177,430.629188,33.578290,-117.064246,462.279288,1.695511,1.048998
70575.000000,33.578144,-117.064177,430.617634,33.578290,-117.064246,462.279882,1.695647,1.049311
70590.000000,33.578144,-117.064177,430.605081,33.578290,-117.064246,462.280476,1.695782,1.049624
70605.000000,33.578144,-117.064177,430.592524,33.578290,-117.064246,462.281070,1.695917,1.049938
70620.000000,33.578144,-117.064177,430.580408,33.578290,-117.064246,462.281664,1.696049,1.050251
70635.000000,33.578144,-117.064177,430.568406,33.578290,-117.064246,462.282258,1.696183,1.050565
70650.000000,33.578144,-117.064177,430.556402,33.578290,-117.064246,462.282852,1.696297,1.050879
70665.000000,33.578144,-117.064177,430.543191,33.578290,-117.064246,462.283446,1.696409,1.051193
70680.000000,33.578144,-117.064177,430.530576,33.578290,-117.064246,462.284040,1.696528,1.051507
70695.000000,33.578144,-117.064177,430.518456,33.578289,-117.064246,462.284634,1.696640,1.051821
70710.000000,33.578144,-117.064177,430.505193,33.578289,-117.064246,462.285228,1.696764,1.052135
70725.000000,33.578144,-117.064177,430.492190,33.578289,-117.064246,462.285822,1.696877,1.052450
70740.000000,33.578144,-117.064177,430.478981,33.578289,-117.064246,462.286416,1.696997,1.052764
70755.000000,33.578144,-117.064177,430.465328,33.578289,-117.064246,462.287010,1.697116,1.053079
70770.000000,33.578144,-117.064177,430.450697,33.578289,-117.064246,462.287604,1.697230,1.053394
70785.000000,33.578144,-117.064177,430.436648,33.578289,-117.064246,462.288198,1.697353,1.053709
70800.000000,33.578144,-117.064177,430.421673,33.578289,-117.064246,462.288792,1.697471,1.054024
70815.000000,33.578144,-117.064177,430.406578,33.578289,-117.064246,462.289386,1.697577,1.054339
70830.000000,33.578144,-117.064177,430.391685,33.578289,-117.064246,462.289980,1.697679,1.054654
70845.000000,33.578144,-117.064177,430.376072,33.578289,-117.064246,462.290574,1.697771,1.054970
70860.000000,33.578144,-117.064177,430.360551,33.578289,-117.064246,462.291168,1.697872,1.055286
70875.000000,33.578144,-117.064177,430.344893,33.578289,-117.064246,462.291762,1.697970,1.055601
70890.000000,33.578144,-117.064177,430.329035,33.578289,-117.064246,462.292356,1.698095,1.055917
70905.000000,33.578144,-117.064177,430.312852,33.578289,-117.064246,462.292950,1.698209,1.056233
70920.000000,33.578144,-117.064177,430.296291,33.578289,-117.064246,462.293544,1.698314,1.056550
70935.000000,33.578144,-117.064177,430.279276,33.578289,-117.064246,462.294138,1.698418,1.056866
70950.000000,33.578144,-117.064177,430.262407,33.578289,-117.064246,462.294732,1.698524,1.057182
70965.000000,33.578144,-117.064177,430.244631,33.578289,-117.064246,462.295326,1.698625,1.057499
70980.000000,33.578144,-117.064177,430.227225,33.578289,-117.064246,462.295920,1.698731,1.057816
70995.000000,33.578144,-117.064177,430.209154,33.578289,-117.064246,462.296514,1.698835,1.058133
71010.000000,33.578144,-117.064177,430.192383,33.578289,-117.064246,462.297108,1.698925,1.058450
71025.000000,33.578144,-117.064177,430.175092,33.578289,-117.064246,462.297702,1.699007,1.058767
71040.000000,33.578144,-117.064177,430.157223,33.578289,-117.064246,462.298296,1.699098,1.059084
71055.000000,33.578144,-117.064177,430.139208,33.578289,-117.064246,462.298890,1.699188,1.059402
71070.000000,33.578144,-117.064177,430.120823,33.578289,-117.064246,462.299484,1.699265,1.059719
71085.000000,33.578144,-117.064177,430.101446,33.578289,-117.064246,462.300078,1.699321,1.060037
71100.000000,33.578144,-117.064177,430.082153,33.578289,-117.064246,462.300672,1.699376,1.060355
71115.000000,33.578144,-117.064177,430.063397,33.578289,-117.064246,462.301266,1.699437,1.060673
71130.000000,33.578144,-117.064177,430.043704,33.578289,-117.064246,462.301860,1.699509,1.060991
71145.000000,33.578144,-117.064177,430.023913,33.578289,-117.064246,462.302454,1.699567,1.061309
71160.000000,33.578144,-117.064177,430.004338,33.578289,-117.064246,462.303048,1.699634,1.061627
71175.000000,33.578144,-117.064177,429.984761,33.578289,-117.064246,462.303642,1.699694,1.061946
71190.000000,33.578144,-117.064177,429.964895,33.578289,-117.064246,462.304236,1.699757,1.062264
71205.000000,33.578144,-117.064177,429.944092,33.578289,-117.064246,462.304830,1.699810,1.062583
71220.000000,33.578144,-117.064177,429.922965,33.578289,-117.064246,462.305424,1.699858,1.062902
71235.000000,33.578144,-117.064177,429.902217,33.578289,-117.064246,462.306018,1.699916,1.063221
71250.000000,33.578144,-117.064176,429.881293,33.578289,-117.064246,462.306612,1.699963,1.063540
71265.000000,33.578144,-117.064176,429.860376,33.578289,-117.064246,462.307206,1.700010,1.063859
71280.000000,33.578144,-117.064176,429.839452,33.578289,-117.064246,462.307800,1.700050,1.064179
71295.000000,33.578144,-117.064176,429.817943,33.578289,-117.064246,462.308394,1.700087,1.064498
71310.000000,33.578144,-117.064176,429.796360,33.578289,-117.064246,462.308988,1.700130,1.064818
71325.000000,33.578144,-117.064176,429.774058,33.578289,-117.064246,462.309582,1.700159,1.065138
71340.000000,33.578144,-117.064176,429.751882,33.578289,-117.064246,462.310176,1.700193,1.065457
71355.000000,33.578144,-117.064176,429.729319,33.578289,-117.064246,462.310770,1.700225,1.065778
71370.000000,33.578144,-117.064176,429.706359,33.578289,-117.064246,462.311364,1.700255,1.066098
71385.000000,33.578144,-117.064176,429.683596,33.578289,-117.064246,462.311958,1.700268,1.066418
71400.000000,33.578144,-117.064176,429.661016,33.578289,-117.064246,462.312552,1.700286,1.066738
71415.000000,33.578144,-117.064176,429.638448,33.578289,-117.064246,462.313146,1.700299,1.067059
71430.000000,33.578144,-117.064176,429.615606,33.578289,-117.064246,462.313740,1.700319,1.067380
71445.000000,33.578144,-117.064176,429.593055,33.578289,-117.064246,462.314334,1.700328,1.067701
71460.000000,33.578144,-117.064176,429.569782,33.578289,-117.064246,462.314928,1.700345,1.068022
71475.000000,33.578144,-117.064176,429.545361,33.578289,-117.064246,462.315522,1.700357,1.068343
71490.000000,33.578144,-117.064176,429.521882,33.578289,-117.064246,462.316116,1.700376,1.068664
71505.000000,33.578144,-117.064176,429.497781,33.578289,-117.064246,462.316710,1.700376,1.068985
71520.000000,33.578144,-117.064176,429.472775,33.578288,-117.064246,462.317304,1.700371,1.069307
71535.000000,33.578144,-117.064176,429.448693,33.578288,-117.064246,462.317898,1.700359,1.069628
71550.000000,33.578144,-117.064176,429.424391,33.578288,-117.064246,462.318492,1.700335,1.069950
71565.000000,33.578144,-117.064176,429.399295,33.578288,-117.064246,462.319086,1.700315,1.070272
71580.000000,33.578144,-117.064176,429.374212,33.578288,-117.064246,462.319680,1.700286,1.070594
71595.000000,33.578144,-117.064176,429.348641,33.578288,-117.064246,462.320274,1.700251,1.070916
71610.000000,33.578144,-117.064176,429.322206,33.578288,-117.064246,462.320868,1.700213,1.071238
71625.000000,33.578144,-117.064176,429.296659,33.578288,-117.064246,462.321461,1.700163,1.071561
71640.000000,33.578144,-117.064176,429.272177,33.578288,-117.064246,462.322055,1.700084,1.071883
71655.000000,33.578144,-117.064176,429.245570,33.578288,-117.064246,462.322649,1.700043,1.072206
71670.000000,33.578144,-117.064176,429.219075,33.578288,-117.064246,462.323243,1.699993,1.072529
71685.000000,33.578143,-117.064176,429.192555,33.578288,-117.064246,462.323837,1.699954,1.072851
71700.000000,33.578143,-117.064176,429.165453,33.578288,-117.064246,462.324431,1.699885,1.073175
71715.000000,33.578143,-117.064176,429.137388,33.578288,-117.064246,462.325025,1.699852,1.073498
71730.000000,33.578143,-117.064176,429.110422,33.578288,-117.064246,462.325619,1.699788,1.073821
71745.000000,33.578143,-117.064176,429.082860,33.578288,-117.064246,462.326213,1.699725,1.074144
71760.000000,33.578143,-117.064176,429.054922,33.578288,-117.064246,462.326807,1.699661,1.074468
71775.000000,33.578143,-117.064176,429.028680,33.578288,-117.064246,462.327401,1.699585,1.074792
71790.000000,33.578143,-117.064176,429.001092,33.578288,-117.064246,462.327995,1.699507,1.075115
71805.000000,33.578143,-117.064176,428.973351,33.578288,-117.064246,462.328589,1.699417,1.075439
71820.000000,33.578143,-117.064176,428.944193,33.578288,-117.064246,462.329183,1.699346,1.075763
71835.000000,33.578143,-117.064176,428.915417,33.578288,-117.064246,462.329777,1.699241,1.076087
71850.000000,33.578143,-117.064176,428.886133,33.578288,-117.064246,462.330371,1.699185,1.076412
71865.000000,33.578143,-117.064176,428.857309,33.578288,-117.064246,462.330965,1.699109,1.076736
71880.000000,33.578143,-117.064176,428.826504,33.578288,-117.064246,462.331559,1.699036,1.077061
71895.000000,33.578143,-117.064176,428.795882,33.578288,-117.064246,462.332153,1.698930,1.077385
71910.000000,33.578143,-117.064176,428.764587,33.578288,-117.064246,462.332747,1.698830,1.077710
71925.000000,33.578143,-117.064176,428.734021,33.578288,-117.064246,462.333341,1.698707,1.078035
71940.000000,33.578143,-117.064176,428.705529,33.578288,-117.064246,462.333935,1.698566,1.078360
71955.000000,33.578143,-117.064176,428.675375,33.578288,-117.064246,462.334529,1.698444,1.078685
71970.000000,33.578143,-117.064176,428.644939,33.578288,-117.064246,462.335123,1.698315,1.079011
71985.000000,33.578143,-117.064176,428.614369,33.578288,-117.064246,462.335717,1.698205,1.079336
72000.000000,33.578143,-117.064176,428.584749,33.578288,-117.064246,462.336311,1.698067,1.079662
72015.000000,33.578143,-117.064176,428.554198,33.578288,-117.064246,462.336905,1.697969,1.079987
72030.000000,33.578143,-117.064176,428.525200,33.578288,-117.064246,462.337499,1.697798,1.080313
72045.000000,33.578143,-117.064176,428.494770,33.578288,-117.064246,462.338093,1.697654,1.080639
72060.000000,33.578143,-117.064176,428.463803,33.578288,-117.064246,462.338687,1.697495,1.080965
72075.000000,33.578143,-117.064176,428.432180,33.578288,-117.064246,462.339281,1.697345,1.081291
72090.000000,33.578143,-117.064176,428.401405,33.578288,-117.064246,462.339875,1.697181,1.081618
72105.000000,33.578143,-117.064176,428.395121,33.578288,-117.064246,462.340469,1.697484,1.081944
72120.000000,33.578143,-117.064176,428.388031,33.578288,-117.064246,462.341063,1.697783,1.082271
72135.000000,33.578143,-117.064176,428.381561,33.578288,-117.064246,462.341657,1.698082,1.082597
72150.000000,33.578143,-117.064176,428.373519,33.578288,-117.064246,462.342251,1.698378,1.082924
72165.000000,33.578143,-117.064176,428.366151,33.578288,-117.064246,462.342845,1.698673,1.083251
72180.000000,33.578143,-117.064176,428.357569,33.578288,-117.064246,462.343439,1.698980,1.083578
72195.000000,33.578143,-117.064176,428.349457,33.578288,-117.064246,462.344033,1.699273,1.083905
72210.000000,33.578143,-117.064176,428.340668,33.578288,-117.064246,462.344627,1.699580,1.084233
72225.000000,33.578143,-117.064176,428.331939,33.578288,-117.064246,462.345221,1.699887,1.084560
72240.000000,33.578143,-117.064176,428.323569,33.578288,-117.064246,462.345815,1.700182,1.084888
72255.000000,33.578143,-117.064176,428.315054,33.578288,-117.064246,462.346409,1.700491,1.085215
72270.000000,33.578143,-117.064176,428.306000,33.578288,-117.064246,462.347003,1.700795,1.085543
72285.000000,33.578143,-117.064176,428.296482,33.578288,-117.064246,462.347597,1.701100,1.085871
72300.000000,33.578143,-117.064176,428.287481,33.578288,-117.064246,462.348191,1.701406,1.086199
72315.000000,33.578143,-117.064176,428.277194,33.578288,-117.064246,462.348785,1.701718,1.086527
72330.000000,33.578143,-117.064176,428.266133,33.578288,-117.064246,462.349379,1.702016,1.086856
72345.000000,33.578143,-117.064176,428.255936,33.578287,-117.064246,462.349973,1.702313,1.087184
72360.000000,33.578143,-117.064176,428.245601,33.578287,-117.064246,462.350567,1.702624,1.087513
72375.000000,33.578143,-117.064176,428.235670,33.578287,-117.064246,462.351161,1.702915,1.087841
72390.000000,33.578143,-117.064176,428.225425,33.578287,-117.064246,462.351755,1.703207,1.088170
72405.000000,33.578143,-117.064176,428.215402,33.578287,-117.064246,462.352349,1.703514,1.088499
72420.000000,33.578143,-117.064176,428.204764,33.578287,-117.064246,462.352943,1.703816,1.088828
72435.000000,33.578143,-117.064176,428.193696,33.578287,-117.064246,462.353537,1.704100,1.089157
72450.000000,33.578143,-117.064176,428.181929,33.578287,-117.064246,462.354131,1.704407,1.089487
72465.000000,33.578143,-117.064176,428.170877,33.578287,-117.064246,462.354725,1.704710,1.089816
72480.000000,33.578143,-117.064176,428.158504,33.578287,-117.064246,462.355319,1.705015,1.090146
72495.000000,33.578143,-117.064176,428.146276,33.578287,-117.064246,462.355913,1.705312,1.090475
72510.000000,33.578143,-117.064176,428.133749,33.578287,-117.064246,462.356507,1.705620,1.090805
72525.000000,33.578143,-117.064176,428.121991,33.578287,-117.064246,462.357101,1.705918,1.091135
72540.000000,33.578143,-117.064176,428.109713,33.578287,-117.064246,462.357695,1.706214,1.091465
72555.000000,33.578143,-117.064176,428.097218,33.578287,-117.064246,462.358289,1.706515,1.091795
72570.000000,33.578143,-117.064176,428.084867,33.578287,-117.064246,462.358883,1.706819,1.092125
72585.000000,33.578143,-117.064176,428.071769,33.578287,-117.064246,462.359477,1.707120,1.092456
72600.000000,33.578143,-117.064176,428.059008,33.578287,-117.064246,462.360071,1.707418,1.092786
72615.000000,33.578143,-117.064176,428.044730,33.578287,-117.064246,462.360665,1.707714,1.093117
72630.000000,33.578143,-117.064176,428.030469,33.578287,-117.064246,462.361259,1.708017,1.093448
72645.000000,33.578143,-117.064176,428.015852,33.578287,-117.064246,462.361853,1.708325,1.093778
72660.000000,33.578143,-117.064176,428.002327,33.578287,-117.064246,462.362447,1.708623,1.094109
72675.000000,33.578143,-117.064176,427.988865,33.578287,-117.064246,462.363041,1.708916,1.094441
72690.000000,33.578143,-117.064176,427.990415,33.578287,-117.064246,462.363635,1.709126,1.094772
72705.000000,33.578143,-117.064176,427.990452,33.578287,-117.064246,462.364229,1.709351,1.095103
72720.000000,33.578143,-117.064176,427.990260,33.578287,-117.064246,462.364823,1.709585,1.095435
72735.000000,33.578143,-117.064176,427.989936,33.578287,-117.064246,462.365417,1.709818,1.095766
72750.000000,33.578143,-117.064176,427.987904,33.578287,-117.064246,462.366011,1.710060,1.096098
72765.000000,33.578143,-117.064176,427.987438,33.578287,-117.064246,462.366605,1.710276,1.096430
72780.000000,33.578143,-117.064176,427.986183,33.578287,-117.064246,462.367199,1.710503,1.096762
72795.000000,33.578143,-117.064177,427.985336,33.578287,-117.064246,462.367793,1.710725,1.097094
72810.000000,33.578143,-117.064177,427.983185,33.578287,-117.064246,462.368387,1.710972,1.097426
72825.000000,33.578143,-117.064177,427.992614,33.578287,-117.064246,462.368981,1.711219,1.097758
72840.000000,33.578143,-117.064177,427.999824,33.578287,-117.064246,462.369575,1.711482,1.098091
72855.000000,33.578143,-117.064177,428.006819,33.578287,-117.064246,462.370169,1.711754,1.098423
72870.000000,33.578143,-117.064177,428.012068,33.578287,-117.064246,462.370763,1.712047,1.098756
72885.000000,33.578143,-117.064177,428.017753,33.578287,-117.064246,462.371357,1.712333,1.099089
72900.000000,33.578143,-117.064177,428.023562,33.578287,-117.064246,462.371951,1.712611,1.099422
72915.000000,33.578143,-117.064177,428.029730,33.578287,-117.064246,462.372545,1.712886,1.099755
72930.000000,33.578143,-117.064177,428.036037,33.578287,-117.064246,462.373139,1.713152,1.100088
72945.000000,33.578143,-117.064177,428.041191,33.578287,-117.064246,462.373733,1.713433,1.100421
72960.000000,33.578143,-117.064177,428.047280,33.578287,-117.064246,462.374327,1.713704,1.100755
72975.000000,33.578143,-117.064177,428.054007,33.578287,-117.064246,462.374921,1.713961,1.101088
72990.000000,33.578143,-117.064177,428.059363,33.578287,-117.064246,462.375515,1.714238,1.101422
73005.000000,33.578143,-117.064177,428.062762,33.578287,-117.064246,462.376109,1.714534,1.101755
73020.000000,33.578143,-117.064177,428.065651,33.578287,-117.064246,462.376703,1.714836,1.102089
73035.000000,33.578143,-117.064177,428.068963,33.578287,-117.064246,462.377297,1.715132,1.102423
73050.000000,33.578143,-117.064177,428.074000,33.578287,-117.064246,462.377891,1.715404,1.102757
73065.000000,33.578143,-117.064178,428.078782,33.578287,-117.064246,462.378485,1.715676,1.103092
73080.000000,33.578143,-117.064178,428.082938,33.578287,-117.064246,462.379079,1.715957,1.103426
73095.000000,33.578143,-117.064178,428.088278,33.578287,-117.064246,462.379673,1.716208,1.103760
73110.000000,33.578143,-117.064178,428.091434,33.578287,-117.064246,462.380267,1.716490,1.104095
73125.000000,33.578143,-117.064178,428.094495,33.578287,-117.064246,462.380861,1.716776,1.104430
73140.000000,33.578143,-117.064178,428.097064,33.578287,-117.064246,462.381455,1.717069,1.104764
73155.000000,33.578143,-117.064178,428.099245,33.578287,-117.064246,462.382049,1.717363,1.105099
73170.000000,33.578143,-117.064178,428.103686,33.578286,-117.064246,462.382643,1.717626,1.105434
73185.000000,33.578142,-117.064178,428.106850,33.578286,-117.064246,462.383237,1.717898,1.105769
73200.000000,33.578142,-117.064178,428.110192,33.578286,-117.064246,462.383831,1.718170,1.106105
73215.000000,33.578142,-117.064178,428.113111,33.578286,-117.064246,462.384425,1.718446,1.106440
73230.000000,33.578142,-117.064178,428.114978,33.578286,-117.064246,462.385019,1.718730,1.106776
73245.000000,33.578142,-117.064178,428.116180,33.578286,-117.064246,462.385612,1.719024,1.107111
73260.000000,33.578142,-117.064178,428.116525,33.578286,-117.064246,462.386206,1.719312,1.107447
73275.000000,33.578142,-117.064178,428.116465,33.578286,-117.064246,462.386800,1.719609,1.107783
73290.000000,33.578142,-117.064178,428.119801,33.578286,-117.064246,462.387394,1.719862,1.108119
73305.000000,33.578142,-117.064178,428.119963,33.578286,-117.064246,462.387988,1.720153,1.108455
73320.000000,33.578142,-117.064178,428.120035,33.578286,-117.064246,462.388582,1.720442,1.108791
73335.000000,33.578142,-117.064178,428.122511,33.578286,-117.064246,462.389176,1.720699,1.109127
73350.000000,33.578142,-117.064178,428.121872,33.578286,-117.064246,462.389770,1.720987,1.109464
73365.000000,33.578142,-117.064178,428.121422,33.578286,-117.064246,462.390364,1.721274,1.109800
73380.000000,33.578142,-117.064178,428.120507,33.578286,-117.064246,462.390958,1.721559,1.110137
73395.000000,33.578142,-117.064179,428.119847,33.578286,-117.064246,462.391552,1.721841,1.110474
73410.000000,33.578142,-117.064179,428.119390,33.578286,-117.064246,462.392146,1.722120,1.110811
73425.000000,33.578142,-117.064179,428.119717,33.578286,-117.064246,462.392740,1.722389,1.111148
73440.000000,33.578142,-117.064179,428.119070,33.578286,-117.064246,462.393334,1.722668,1.111485
73455.000000,33.578142,-117.064179,428.118500,33.578286,-117.064246,462.393928,1.722938,1.111822
73470.000000,33.578142,-117.064179,428.116030,33.578286,-117.064246,462.394522,1.723232,1.112160
73485.000000,33.578142,-117.064179,428.114108,33.578286,-117.064246,462.395116,1.723515,1.112497
73500.000000,33.578142,-117.064179,428.111076,33.578286,-117.064246,462.395710,1.723810,1.112835
73515.000000,33.578142,-117.064179,428.109555,33.578286,-117.064246,462.396304,1.724082,1.113172
73530.000000,33.578142,-117.064179,428.106155,33.578286,-117.064246,462.396898,1.724373,1.113510
73545.000000,33.578142,-117.064179,428.104485,33.578286,-117.064246,462.397492,1.724637,1.113848
73560.000000,33.578142,-117.064179,428.101885,33.578286,-117.064246,462.398086,1.724913,1.114186
73575.000000,33.578142,-117.064179,428.098964,33.578286,-117.064246,462.398680,1.725196,1.114524
73590.000000,33.578142,-117.064179,428.095456,33.578286,-117.064246,462.399274,1.725480,1.114863
73605.000000,33.578142,-117.064179,428.092045,33.578286,-117.064246,462.399868,1.725760,1.115201
73620.000000,33.578142,-117.064179,428.088257,33.578286,-117.064246,462.400462,1.726041,1.115539
73635.000000,33.578141,-117.064179,428.084511,33.578286,-117.064246,462.401056,1.726316,1.115878
73650.000000,33.578141,-117.064179,428.091183,33.578286,-117.064246,462.401650,1.726533,1.116217
73665.000000,33.578141,-117.064179,428.097840,33.578286,-117.064246,462.402244,1.726757,1.116556
73680.000000,33.578141,-117.064179,428.105317,33.578286,-117.064246,462.402838,1.726976,1.116895
73695.000000,33.578141,-117.064179,428.111757,33.578286,-117.064246,462.403432,1.727200,1.117234
73710.000000,33.578141,-117.064179,428.117756,33.578286,-117.064246,462.404026,1.727427,1.117573
73725.000000,33.578141,-117.064179,428.123957,33.578286,-117.064246,462.404620,1.727640,1.117912
73740.000000,33.578141,-117.064179,428.128987,33.578286,-117.064246,462.405214,1.727856,1.118252
73755.000000,33.578141,-117.064179,428.133830,33.578286,-117.064246,462.405808,1.728075,1.118591
73770.000000,33.578141,-117.064179,428.169067,33.578286,-117.064246,462.406402,1.728160,1.118931
73785.000000,33.578141,-117.064179,428.204058,33.578286,-117.064246,462.406996,1.728253,1.119271
73800.000000,33.578141,-117.064179,428.237695,33.578286,-117.064246,462.407590,1.728352,1.119610
73815.000000,33.578141,-117.064179,428.271941,33.578286,-117.064246,462.408184,1.728449,1.119950
73830.000000,33.578141,-117.064179,428.305492,33.578286,-117.064246,462.408778,1.728550,1.120290
73845.000000,33.578141,-117.064179,428.337917,33.578286,-117.064246,462.409372,1.728648,1.120631
73860.000000,33.578141,-117.064179,428.370125,33.578286,-117.064246,462.409966,1.728755,1.120971
73875.000000,33.578141,-117.064179,428.402555,33.578286,-117.064246,462.410560,1.728858,1.121311
73890.000000,33.578141,-117.064178,428.434349,33.578286,-117.064246,462.411154,1.728963,1.121652
73905.000000,33.578141,-117.064178,428.466187,33.578286,-117.064246,462.411748,1.729070,1.121993
73920.000000,33.578141,-117.064178,428.498048,33.578286,-117.064246,462.412342,1.729178,1.122333
73935.000000,33.578141,-117.064178,428.529185,33.578286,-117.064246,462.412936,1.729286,1.122674
73950.000000,33.578141,-117.064178,428.560257,33.578286,-117.064246,462.413530,1.729391,1.123015
73965.000000,33.578141,-117.064178,428.590682,33.578286,-117.064246,462.414124,1.729504,1.123356
73980.000000,33.578141,-117.064178,428.620893,33.578286,-117.064246,462.414718,1.729613,1.123698
73995.000000,33.578141,-117.064178,428.652256,33.578285,-117.064246,462.415312,1.729715,1.124039
74010.000000,33.578141,-117.064178,428.683488,33.578285,-117.064246,462.415906,1.729825,1.124380
74025.000000,33.578141,-117.064178,428.713268,33.578285,-117.064246,462.416500,1.729934,1.124722
74040.000000,33.578141,-117.064178,428.740860,33.578285,-117.064246,462.417094,1.730055,1.125064
74055.000000,33.578141,-117.064178,428.767499,33.578285,-117.064246,462.417688,1.730190,1.125405
74070.000000,33.578141,-117.064178,428.793699,33.578285,-117.064246,462.418282,1.730332,1.125747
74085.000000,33.578140,-117.064177,428.820396,33.578285,-117.064246,462.418876,1.730470,1.126089
74100.000000,33.578140,-117.064177,428.846340,33.578285,-117.064246,462.419470,1.730608,1.126431
74115.000000,33.578140,-117.064177,428.871593,33.578285,-117.064246,462.420064,1.730748,1.126773
74130.000000,33.578140,-117.064177,428.896292,33.578285,-117.064246,462.420658,1.730886,1.127116
74145.000000,33.578140,-117.064177,428.921231,33.578285,-117.064246,462.421252,1.731023,1.127458
74160.000000,33.578140,-117.064177,428.944577,33.578285,-117.064246,462.421846,1.731169,1.127801
74175.000000,33.578140,-117.064177,428.968673,33.578285,-117.064246,462.422440,1.731309,1.128143
74190.000000,33.578140,-117.064177,428.991618,33.578285,-117.064246,462.423034,1.731456,1.128486
74205.000000,33.578140,-117.064177,429.014481,33.578285,-117.064246,462.423628,1.731601,1.128829
74220.000000,33.578140,-117.064177,429.036970,33.578285,-117.064246,462.424222,1.731750,1.129172
74235.000000,33.578140,-117.064177,429.058630,33.578285,-117.064246,462.424816,1.731900,1.129515
74250.000000,33.578140,-117.064177,429.079740,33.578285,-117.064246,462.425410,1.732055,1.129858
74265.000000,33.578140,-117.064177,429.100882,33.578285,-117.064246,462.426004,1.732205,1.130202
74280.000000,33.578140,-117.064176,429.120752,33.578285,-117.064246,462.426598,1.732361,1.130545
74295.000000,33.578140,-117.064176,429.141351,33.578285,-117.064246,462.427192,1.732517,1.130889
74310.000000,33.578140,-117.064176,429.174258,33.578285,-117.064246,462.427786,1.732708,1.131232
74325.000000,33.578140,-117.064176,429.206185,33.578285,-117.064246,462.428380,1.732901,1.131576
74340.000000,33.578140,-117.064176,429.238413,33.578285,-117.064246,462.428974,1.733096,1.131920
74355.000000,33.578140,-117.064176,429.270669,33.578285,-117.064246,462.429568,1.733293,1.132264
74370.000000,33.578140,-117.064176,429.301474,33.578285,-117.064246,462.430162,1.733494,1.132608
74385.000000,33.578140,-117.064176,429.331808,33.578285,-117.064246,462.430756,1.733696,1.132952
74400.000000,33.578140,-117.064176,429.362678,33.578285,-117.064246,462.431350,1.733899,1.133296
74415.000000,33.578140,-117.064176,429.403273,33.578285,-117.064246,462.431944,1.734044,1.133641
74430.000000,33.578140,-117.064176,429.442490,33.578285,-117.064246,462.432538,1.734199,1.133985
74445.000000,33.578139,-117.064176,429.481804,33.578285,-117.064246,462.433132,1.734349,1.134330
74460.000000,33.578139,-117.064176,429.520667,33.578285,-117.064246,462.433726,1.734499,1.134675
74475.000000,33.578139,-117.064176,429.559279,33.578285,-117.064246,462.434320,1.734645,1.135020
74490.000000,33.578139,-117.064176,429.597658,33.578285,-117.064246,462.434914,1.734794,1.135365
74505.000000,33.578139,-117.064176,429.634901,33.578285,-117.064246,462.435508,1.734951,1.135710
74520.000000,33.578139,-117.064176,429.671525,33.578285,-117.064246,462.436102,1.735113,1.136055
74535.000000,33.578139,-117.064176,429.708213,33.578285,-117.064246,462.436696,1.735274,1.136400
74550.000000,33.578139,-117.064177,429.743645,33.578285,-117.064246,462.437290,1.735442,1.136745
74565.000000,33.578139,-117.064177,429.778663,33.578285,-117.064246,462.437884,1.735614,1.137091
74580.000000,33.578139,-117.064177,429.814206,33.578285,-117.064246,462.438478,1.735778,1.137436
74595.000000,33.578139,-117.064177,429.848688,33.578285,-117.064246,462.439072,1.735949,1.137782
74610.000000,33.578139,-117.064177,429.882409,33.578285,-117.064246,462.439666,1.736118,1.138128
74625.000000,33.578139,-117.064177,429.916030,33.578285,-117.064246,462.440260,1.736290,1.138474
74640.000000,33.578139,-117.064177,429.948755,33.578285,-117.064246,462.440854,1.736470,1.138820
74655.000000,33.578139,-117.064177,429.981194,33.578285,-117.064246,462.441448,1.736646,1.139166
74670.000000,33.578139,-117.064177,430.013475,33.578285,-117.064246,462.442042,1.736824,1.139512
74685.000000,33.578139,-117.064177,430.045305,33.578285,-117.064246,462.442636,1.737001,1.139859
74700.000000,33.578139,-117.064177,430.077426,33.578285,-117.064246,462.443230,1.737180,1.140205
74715.000000,33.578139,-117.064177,430.108053,33.578285,-117.064246,462.443824,1.737360,1.140552
74730.000000,33.578139,-117.064177,430.139479,33.578285,-117.064246,462.444418,1.737532,1.140898
74745.000000,33.578139,-117.064177,430.170242,33.578285,-117.064246,462.445012,1.737711,1.141245
74760.000000,33.578139,-117.064177,430.199922,33.578285,-117.064246,462.445606,1.737900,1.141592
74775.000000,33.578138,-117.064177,430.229886,33.578285,-117.064246,462.446200,1.738090,1.141939
74790.000000,33.578138,-117.064177,430.259023,33.578285,-117.064246,462.446794,1.738274,1.142286
74805.000000,33.578138,-117.064177,430.287609,33.578285,-117.064246,462.447388,1.738474,1.142633
74820.000000,33.578138,-117.064177,430.315739,33.578284,-117.064246,462.447982,1.738667,1.142981
74835.000000,33.578138,-117.064177,430.343899,33.578284,-117.064246,462.448576,1.738857,1.143328
74850.000000,33.578138,-117.064177,430.370930,33.578284,-117.064246,462.449170,1.739055,1.143676
74865.000000,33.578138,-117.064177,430.397629,33.578284,-117.064246,462.449764,1.739255,1.144023
74880.000000,33.578138,-117.064177,430.424109,33.578284,-117.064246,462.450357,1.739451,1.144371
74895.000000,33.578138,-117.064177,430.449729,33.578284,-117.064246,462.450951,1.739651,1.144719
74910.000000,33.578138,-117.064177,430.475462,33.578284,-117.064246,462.451545,1.739854,1.145067
74925.000000,33.578138,-117.064177,430.501344,33.578284,-117.064246,462.452139,1.740051,1.145415
74940.000000,33.578138,-117.064177,430.526444,33.578284,-117.064246,462.452733,1.740258,1.145763
74955.000000,33.578138,-117.064177,430.551147,33.578284,-117.064246,462.453327,1.740459,1.146111
74970.000000,33.578138,-117.064177,430.575844,33.578284,-117.064246,462.453921,1.740657,1.146459
74985.000000,33.578138,-117.064177,430.599929,33.578284,-117.064246,462.454515,1.740857,1.146808
75000.000000,33.578138,-117.064177,430.623428,33.578284,-117.064246,462.455109,1.741060,1.147157
75015.000000,33.578138,-117.064177,430.646012,33.578284,-117.064246,462.455703,1.741281,1.147505
75030.000000,33.578138,-117.064177,430.668538,33.578284,-117.064246,462.456297,1.741496,1.147854
75045.000000,33.578138,-117.064177,430.690684,33.578284,-117.064246,462.456891,1.741708,1.148203
75060.000000,33.578138,-117.064177,430.712584,33.578284,-117.064246,462.457485,1.741916,1.148552
75075.000000,33.578138,-117.064177,430.733943,33.578284,-117.064246,462.458079,1.742120,1.148901
75090.000000,33.578138,-117.064177,430.754918,33.578284,-117.064246,462.458673,1.742332,1.149250
75105.000000,33.578137,-117.064177,430.776430,33.578284,-117.064246,462.459267,1.742541,1.149599
75120.000000,33.578137,-117.064177,430.796964,33.578284,-117.064246,462.459861,1.742761,1.149949
75135.000000,33.578137,-117.064177,430.817049,33.578284,-117.064246,462.460455,1.742980,1.150298
75150.000000,33.578137,-117.064177,430.836737,33.578284,-117.064246,462.461049,1.743194,1.150648
75165.000000,33.578137,-117.064177,430.855868,33.578284,-117.064246,462.461643,1.743410,1.150998
75180.000000,33.578137,-117.064177,430.875463,33.578284,-117.064246,462.462237,1.743626,1.151347
75195.000000,33.578137,-117.064177,430.894487,33.578284,-117.064246,462.462831,1.743847,1.151697
75210.000000,33.578137,-117.064177,430.912977,33.578284,-117.064246,462.463425,1.744075,1.152047
75225.000000,33.578137,-117.064177,430.930594,33.578284,-117.064246,462.464019,1.744308,1.152398
75240.000000,33.578137,-117.064177,430.948168,33.578284,-117.064246,462.464613,1.744530,1.152748
75255.000000,33.578137,-117.064177,430.965632,33.578284,-117.064246,462.465207,1.744751,1.153098
75270.000000,33.578137,-117.064178,430.982566,33.578284,-117.064246,462.465801,1.744973,1.153449
75285.000000,33.578137,-117.064178,430.999424,33.578284,-117.064246,462.466395,1.745202,1.153799
75300.000000,33.578137,-117.064178,431.025298,33.578284,-117.064246,462.466989,1.745417,1.154150
75315.000000,33.578137,-117.064178,431.051020,33.578284,-117.064246,462.467583,1.745623,1.154501
75330.000000,33.578137,-117.064178,431.076457,33.578284,-117.064246,462.468177,1.745824,1.154851
75345.000000,33.578137,-117.064178,431.101214,33.578284,-117.064246,462.468771,1.746019,1.155202
75360.000000,33.578137,-117.064178,431.126119,33.578284,-117.064246,462.469365,1.746232,1.155553
75375.000000,33.578137,-117.064178,431.151243,33.578284,-117.064246,462.469959,1.746439,1.155905
75390.000000,33.578137,-117.064178,431.174729,33.578284,-117.064246,462.470553,1.746652,1.156256
75405.000000,33.578137,-117.064178,431.197840,33.578284,-117.064246,462.471147,1.746856,1.156607
75420.000000,33.578137,-117.064178,431.221211,33.578284,-117.064246,462.471741,1.747066,1.156959
75435.000000,33.578137,-117.064178,431.244278,33.578284,-117.064246,462.472335,1.747275,1.157310
75450.000000,33.578137,-117.064178,431.266700,33.578284,-117.064246,462.472929,1.747488,1.157662
75465.000000,33.578137,-117.064178,431.289147,33.578284,-117.064246,462.473523,1.747695,1.158014
75480.000000,33.578137,-117.064178,431.311489,33.578284,-117.064246,462.474117,1.747906,1.158366
75495.000000,33.578137,-117.064178,431.333089,33.578284,-117.064246,462.474711,1.748120,1.158718
75510.000000,33.578137,-117.064178,431.354146,33.578284,-117.064246,462.475305,1.748332,1.159070
75525.000000,33.578137,-117.064178,431.375373,33.578284,-117.064246,462.475899,1.748545,1.159422
75540.000000,33.578137,-117.064178,431.397067,33.578284,-117.064246,462.476493,1.748756,1.159774
75555.000000,33.578137,-117.064178,431.418543,33.578284,-117.064246,462.477087,1.748967,1.160127
75570.000000,33.578136,-117.064178,431.438827,33.578284,-117.064246,462.477681,1.749179,1.160479
75585.000000,33.578136,-117.064178,431.459910,33.578284,-117.064246,462.478275,1.749394,1.160832
75600.000000,33.578136,-117.064178,431.480207,33.578284,-117.064246,462.478869,1.749612,1.161184
75615.000000,33.578136,-117.064178,431.500350,33.578284,-117.064246,462.479463,1.749811,1.161537
75630.000000,33.578136,-117.064178,431.520002,33.578284,-117.064246,462.480057,1.750027,1.161890
75645.000000,33.578136,-117.064178,431.539443,33.578283,-117.064246,462.480651,1.750258,1.162243
75660.000000,33.578136,-117.064178,431.558263,33.578283,-117.064246,462.481245,1.750485,1.162596
75675.000000,33.578136,-117.064178,431.576463,33.578283,-117.064246,462.481839,1.750699,1.162949
75690.000000,33.578136,-117.064178,431.594968,33.578283,-117.064246,462.482433,1.750918,1.163303
75705.000000,33.578136,-117.064178,431.612998,33.578283,-117.064246,462.483027,1.751145,1.163656
75720.000000,33.578136,-117.064178,431.630828,33.578283,-117.064246,462.483621,1.751356,1.164009
75735.000000,33.578136,-117.064178,431.647922,33.578283,-117.064246,462.484215,1.751589,1.164363
75750.000000,33.578136,-117.064178,431.665055,33.578283,-117.064246,462.484809,1.751816,1.164717
75765.000000,33.578136,-117.064178,431.681492,33.578283,-117.064246,462.485403,1.752041,1.165071
75780.000000,33.578136,-117.064178,431.697547,33.578283,-117.064246,462.485997,1.752272,1.165424
75795.000000,33.578136,-117.064178,431.713405,33.578283,-117.064246,462.486591,1.752499,1.165778
75810.000000,33.578136,-117.064178,431.728763,33.578283,-117.064246,462.487185,1.752731,1.166133
75825.000000,33.578136,-117.064178,431.744178,33.578283,-117.064246,462.487779,1.752958,1.166487
75840.000000,33.578136,-117.064178,431.758940,33.578283,-117.064246,462.488373,1.753197,1.166841
75855.000000,33.578136,-117.064178,431.774009,33.578283,-117.064246,462.488967,1.753425,1.167195
75870.000000,33.578136,-117.064178,431.788442,33.578283,-117.064246,462.489561,1.753652,1.167550
75885.000000,33.578136,-117.064178,431.803114,33.578283,-117.064246,462.490155,1.753879,1.167904
75900.000000,33.578136,-117.064178,431.816855,33.578283,-117.064246,462.490749,1.754114,1.168259
75915.000000,33.578136,-117.064178,431.830492,33.578283,-117.064246,462.491343,1.754351,1.168614
75930.000000,33.578136,-117.064178,431.844372,33.578283,-117.064246,462.491937,1.754584,1.168969
75945.000000,33.578136,-117.064178,431.858006,33.578283,-117.064246,462.492531,1.754800,1.169324
75960.000000,33.578136,-117.064178,431.871543,33.578283,-117.064246,462.493125,1.755025,1.169679
75975.000000,33.578136,-117.064178,431.884818,33.578283,-117.064246,462.493719,1.755250,1.170034
75990.000000,33.578136,-117.064178,431.897407,33.578283,-117.064246,462.494313,1.755473,1.170389
76005.000000,33.578136,-117.064178,431.910321,33.578283,-117.064246,462.494907,1.755700,1.170745
76020.000000,33.578136,-117.064178,431.922751,33.578283,-117.064246,462.495501,1.755932,1.171100
76035.000000,33.578136,-117.064178,431.934701,33.578283,-117.064246,462.496095,1.756154,1.171456
76050.000000,33.578136,-117.064178,431.945885,33.578283,-117.064246,462.496689,1.756388,1.171812
76065.000000,33.578136,-117.064178,431.957375,33.578283,-117.064246,462.497283,1.756622,1.172167
76080.000000,33.578136,-117.064178,431.968365,33.578283,-117.064246,462.497877,1.756853,1.172523
76095.000000,33.578136,-117.064178,431.979765,33.578283,-117.064246,462.498471,1.757075,1.172879
76110.000000,33.578136,-117.064178,431.989879,33.578283,-117.064246,462.499065,1.757309,1.173235
76125.000000,33.578136,-117.064178,432.000862,33.578283,-117.064246,462.499659,1.757530,1.173591
76140.000000,33.578136,-117.064178,432.010556,33.578283,-117.064246,462.500253,1.757768,1.173948
76155.000000,33.578136,-117.064178,432.021009,33.578283,-117.064246,462.500847,1.757997,1.174304
76170.000000,33.578136,-117.064178,432.030738,33.578283,-117.064246,462.501441,1.758227,1.174661
76185.000000,33.578136,-117.064178,432.040379,33.578283,-117.064246,462.502035,1.758461,1.175017
76200.000000,33.578136,-117.064178,432.049614,33.578283,-117.064246,462.502629,1.758693,1.175374
76215.000000,33.578136,-117.064178,432.058189,33.578283,-117.064246,462.503223,1.758931,1.175731
76230.000000,33.578136,-117.064178,432.065758,33.578283,-117.064246,462.503817,1.759177,1.176087
76245.000000,33.578136,-117.064178,432.074429,33.578283,-117.064246,462.504411,1.759404,1.176444
76260.000000,33.578136,-117.064178,432.082153,33.578283,-117.064246,462.505005,1.759642,1.176801
76275.000000,33.578136,-117.064178,432.090792,33.578283,-117.064246,462.505599,1.759871,1.177159
76290.000000,33.578136,-117.064178,432.097601,33.578283,-117.064246,462.506193,1.760109,1.177516
76305.000000,33.578136,-117.064178,432.105599,33.578283,-117.064246,462.506787,1.760338,1.177873
76320.000000,33.578136,-117.064178,432.112330,33.578283,-117.064246,462.507381,1.760582,1.178231
76335.000000,33.578136,-117.064178,432.119349,33.578283,-117.064246,462.507975,1.760815,1.178588
76350.000000,33.578136,-117.064178,432.125952,33.578283,-117.064246,462.508569,1.761046,1.178946
76365.000000,33.578136,-117.064178,432.133258,33.578283,-117.064246,462.509163,1.761269,1.179303
76380.000000,33.578136,-117.064178,432.139491,33.578283,-117.064246,462.509757,1.761497,1.179661
76395.000000,33.578136,-117.064179,432.146661,33.578283,-117.064246,462.510351,1.761722,1.180019
76410.000000,33.578136,-117.064179,432.152686,33.578283,-117.064246,462.510945,1.761963,1.180377
76425.000000,33.578136,-117.064179,432.159054,33.578283,-117.064246,462.511539,1.762186,1.180735
76440.000000,33.578136,-117.064179,432.164010,33.578283,-117.064246,462.512133,1.762426,1.181094
76455.000000,33.578136,-117.064179,432.169151,33.578283,-117.064246,462.512727,1.762653,1.181452
76470.000000,33.578136,-117.064179,432.174726,33.578282,-117.064246,462.513321,1.762875,1.181810
76485.000000,33.578136,-117.064179,432.179972,33.578282,-117.064246,462.513915,1.763108,1.182169
76500.000000,33.578136,-117.064179,432.184693,33.578282,-117.064246,462.514509,1.763328,1.182527
76515.000000,33.578136,-117.064179,432.189464,33.578282,-117.064246,462.515103,1.763550,1.182886
76530.000000,33.578136,-117.064179,432.194175,33.578282,-117.064246,462.515696,1.763774,1.183245
76545.000000,33.578136,-117.064179,432.198444,33.578282,-117.064246,462.516290,1.764001,1.183604
76560.000000,33.578136,-117.064179,432.202969,33.578282,-117.064246,462.516884,1.764231,1.183963
76575.000000,33.578136,-117.064179,432.207080,33.578282,-117.064246,462.517478,1.764458,1.184322
76590.000000,33.578136,-117.064179,432.211163,33.578282,-117.064246,462.518072,1.764686,1.184681
76605.000000,33.578136,-117.064179,432.214404,33.578282,-117.064246,462.518666,1.764917,1.185040
76620.000000,33.578136,-117.064179,432.217042,33.578282,-117.064246,462.519260,1.765144,1.185400
76635.000000,33.578136,-117.064179,432.219253,33.578282,-117.064246,462.519854,1.765376,1.185759
76650.000000,33.578136,-117.064179,432.221964,33.578282,-117.064246,462.520448,1.765597,1.186119
76665.000000,33.578136,-117.064179,432.223632,33.578282,-117.064246,462.521042,1.765826,1.186478
76680.000000,33.578136,-117.064179,432.225519,33.578282,-117.064246,462.521636,1.766046,1.186838
76695.000000,33.578136,-117.064179,432.226786,33.578282,-117.064246,462.522230,1.766271,1.187198
76710.000000,33.578136,-117.064179,432.228077,33.578282,-117.064246,462.522824,1.766490,1.187558
76725.000000,33.578136,-117.064179,432.228983,33.578282,-117.064246,462.523418,1.766717,1.187918
76740.000000,33.578136,-117.064179,432.230519,33.578282,-117.064246,462.524012,1.766948,1.188278
76755.000000,33.578136,-117.064179,432.231173,33.578282,-117.064246,462.524606,1.767174,1.188638
76770.000000,33.578136,-117.064179,432.232763,33.578282,-117.064246,462.525200,1.767391,1.188998
76785.000000,33.578136,-117.064179,432.232942,33.578282,-117.064246,462.525794,1.767615,1.189359
76800.000000,33.578136,-117.064179,432.233997,33.578282,-117.064246,462.526388,1.767829,1.189719
76815.000000,33.578136,-117.064179,432.234771,33.578282,-117.064246,462.526982,1.768050,1.190080
76830.000000,33.578136,-117.064180,432.234994,33.578282,-117.064246,462.527576,1.768266,1.190441
76845.000000,33.578136,-117.064180,432.235033,33.578282,-117.064246,462.528170,1.768476,1.190801
76860.000000,33.578136,-117.064180,432.234657,33.578282,-117.064246,462.528764,1.768685,1.191162
76875.000000,33.578136,-117.064180,432.234293,33.578282,-117.064246,462.529358,1.768900,1.191523
76890.000000,33.578136,-117.064180,432.233495,33.578282,-117.064246,462.529952,1.769110,1.191884
76905.000000,33.578136,-117.064180,432.233281,33.578282,-117.064246,462.530546,1.769308,1.192245
76920.000000,33.578136,-117.064180,432.232611,33.578282,-117.064246,462.531140,1.769514,1.192607
76935.000000,33.578136,-117.064180,432.232464,33.578282,-117.064246,462.531734,1.769715,1.192968
76950.000000,33.578136,-117.064180,432.231533,33.578282,-117.064246,462.532328,1.769922,1.193329
76965.000000,33.578136,-117.064180,432.229789,33.578282,-117.064246,462.532922,1.770122,1.193691
76980.000000,33.578136,-117.064180,432.227705,33.578282,-117.064246,462.533516,1.770333,1.194052
76995.000000,33.578136,-117.064180,432.225693,33.578282,-117.064246,462.534110,1.770529,1.194414
77010.000000,33.578136,-117.064180,432.223618,33.578282,-117.064246,462.534704,1.770733,1.194776
77025.000000,33.578136,-117.064180,432.221675,33.578282,-117.064246,462.535298,1.770934,1.195138
77040.000000,33.578136,-117.064180,432.220001,33.578282,-117.064246,462.535892,1.771133,1.195500
77055.000000,33.578136,-117.064180,432.217464,33.578282,-117.064246,462.536486,1.771336,1.195862
77070.000000,33.578136,-117.064180,432.215320,33.578282,-117.064246,462.537080,1.771517,1.196224
77085.000000,33.578136,-117.064180,432.211991,33.578282,-117.064246,462.537674,1.771722,1.196586
77100.000000,33.578136,-117.064180,432.209034,33.578282,-117.064246,462.538268,1.771921,1.196949
77115.000000,33.578136,-117.064180,432.204877,33.578282,-117.064246,462.538862,1.772128,1.197311
77130.000000,33.578136,-117.064181,432.201171,33.578282,-117.064246,462.539456,1.772329,1.197674
77145.000000,33.578136,-117.064181,432.197311,33.578282,-117.064246,462.540050,1.772523,1.198036
77160.000000,33.578136,-117.064181,432.193065,33.578282,-117.064246,462.540644,1.772720,1.198399
77175.000000,33.578136,-117.064181,432.189386,33.578282,-117.064246,462.541238,1.772908,1.198762
77190.000000,33.578136,-117.064181,432.185109,33.578282,-117.064246,462.541832,1.773090,1.199125
77205.000000,33.578136,-117.064181,432.181558,33.578282,-117.064246,462.542426,1.773269,1.199488
77220.000000,33.578136,-117.064181,432.177300,33.578282,-117.064246,462.543020,1.773457,1.199851
77235.000000,33.578136,-117.064181,432.172973,33.578282,-117.064246,462.543614,1.773641,1.200214
77250.000000,33.578136,-117.064181,432.168831,33.578282,-117.064246,462.544208,1.773813,1.200577
77265.000000,33.578136,-117.064181,432.164496,33.578282,-117.064246,462.544802,1.773989,1.200941
77280.000000,33.578136,-117.064181,432.158726,33.578282,-117.064246,462.545396,1.774182,1.201304
77295.000000,33.578136,-117.064181,432.153426,33.578281,-117.064246,462.545990,1.774368,1.201668
77310.000000,33.578136,-117.064181,432.148623,33.578281,-117.064246,462.546584,1.774544,1.202031
77325.000000,33.578136,-117.064181,432.143010,33.578281,-117.064246,462.547178,1.774716,1.202395
77340.000000,33.578136,-117.064181,432.137681,33.578281,-117.064246,462.547772,1.774891,1.202759
77355.000000,33.578136,-117.064181,432.132105,33.578281,-117.064246,462.548366,1.775053,1.203123
77370.000000,33.578137,-117.064182,432.200373,33.578281,-117.064246,462.548960,1.774366,1.203487
77385.000000,33.578138,-117.064182,432.269114,33.578281,-117.064246,462.549554,1.773656,1.203851
77400.000000,33.578138,-117.064182,432.345424,33.578281,-117.064246,462.550148,1.772882,1.204215
77415.000000,33.578139,-117.064182,432.408628,33.578281,-117.064246,462.550742,1.772282,1.204579
77430.000000,33.578139,-117.064182,432.483575,33.578281,-117.064246,462.551336,1.771516,1.204944
77445.000000,33.578140,-117.064183,432.547304,33.578281,-117.064246,462.551930,1.770892,1.205308
77460.000000,33.578140,-117.064183,432.617448,33.578281,-117.064246,462.552524,1.770163,1.205673
77475.000000,33.578141,-117.064183,432.697310,33.578281,-117.064246,462.553118,1.769292,1.206037
77490.000000,33.578142,-117.064183,432.761735,33.578281,-117.064246,462.553712,1.768629,1.206402
77505.000000,33.578142,-117.064183,432.831333,33.578281,-117.064246,462.554306,1.767885,1.206767
77520.000000,33.578143,-117.064184,432.904988,33.578281,-117.064246,462.554900,1.767097,1.207132
77535.000000,33.578143,-117.064184,432.964412,33.578281,-117.064246,462.555494,1.766470,1.207497
77550.000000,33.578144,-117.064184,433.036810,33.578281,-117.064246,462.556088,1.765729,1.207862
77565.000000,33.578145,-117.064184,433.104117,33.578281,-117.064246,462.556682,1.765024,1.208227
77580.000000,33.578145,-117.064184,433.169602,33.578281,-117.064246,462.557276,1.764328,1.208592
77595.000000,33.578146,-117.064185,433.233560,33.578281,-117.064246,462.557870,1.763675,1.208958
77610.000000,33.578146,-117.064185,433.291780,33.578281,-117.064246,462.558464,1.763068,1.209323
77625.000000,33.578147,-117.064185,433.354348,33.578281,-117.064246,462.559058,1.762383,1.209689
77640.000000,33.578147,-117.064185,433.417567,33.578281,-117.064246,462.559652,1.761708,1.210054
77655.000000,33.578148,-117.064185,433.478208,33.578281,-117.064246,462.560246,1.761051,1.210420
77670.000000,33.578148,-117.064185,433.538766,33.578281,-117.064246,462.560840,1.760381,1.210786
77685.000000,33.578149,-117.064186,433.601589,33.578281,-117.064246,462.561434,1.759679,1.211152
77700.000000,33.578150,-117.064186,433.676043,33.578281,-117.064246,462.562028,1.758829,1.211518
77715.000000,33.578150,-117.064186,433.740614,33.578281,-117.064246,462.562622,1.758112,1.211884
77730.000000,33.578151,-117.064186,433.832846,33.578281,-117.064246,462.563216,1.757360,1.212250
77745.000000,33.578151,-117.064186,433.918233,33.578281,-117.064246,462.563810,1.756690,1.212616
77760.000000,33.578152,-117.064186,434.005520,33.578281,-117.064246,462.564404,1.755977,1.212983
77775.000000,33.578152,-117.064186,434.088970,33.578281,-117.064246,462.564998,1.755324,1.213349
77790.000000,33.578153,-117.064186,434.160488,33.578281,-117.064246,462.565592,1.754831,1.213715
77805.000000,33.578153,-117.064186,434.240284,33.578281,-117.064246,462.566186,1.754243,1.214082
77820.000000,33.578154,-117.064186,434.319850,33.578281,-117.064246,462.566780,1.753652,1.214449
77835.000000,33.578154,-117.064186,434.401192,33.578281,-117.064246,462.567374,1.753009,1.214816
77850.000000,33.578155,-117.064186,434.494154,33.578281,-117.064246,462.567968,1.752238,1.215182
77865.000000,33.578155,-117.064186,434.577835,33.578281,-117.064246,462.568562,1.751581,1.215549
77880.000000,33.578156,-117.064186,434.656363,33.578281,-117.064246,462.569156,1.750967,1.215916
77895.000000,33.578156,-117.064186,434.740381,33.578281,-117.064246,462.569750,1.750322,1.216284
77910.000000,33.578156,-117.064186,434.816703,33.578281,-117.064246,462.570344,1.749770,1.216651
77925.000000,33.578157,-117.064186,434.895043,33.578281,-117.064246,462.570938,1.749156,1.217018
77940.000000,33.578157,-117.064186,434.975355,33.578281,-117.064246,462.571532,1.748525,1.217385
77955.000000,33.578158,-117.064186,435.053970,33.578281,-117.064246,462.572126,1.747919,1.217753
77970.000000,33.578160,-117.064187,435.495879,33.578281,-117.064246,462.572720,1.743491,1.218121
77985.000000,33.578161,-117.064187,435.908748,33.578281,-117.064246,462.573314,1.739446,1.218488
78000.000000,33.578163,-117.064188,436.339482,33.578281,-117.064246,462.573908,1.735203,1.218856
78015.000000,33.578165,-117.064188,436.786397,33.578281,-117.064246,462.574502,1.730759,1.219224
78030.000000,33.578166,-117.064189,437.217476,33.578281,-117.064246,462.575096,1.726384,1.219592
78045.000000,33.578168,-117.064189,437.636219,33.578281,-117.064246,462.575690,1.722185,1.219960
78060.000000,33.578170,-117.064190,438.038752,33.578281,-117.064246,462.576284,1.718200,1.220328
78075.000000,33.578171,-117.064190,438.462162,33.578281,-117.064246,462.576878,1.713897,1.220696
78090.000000,33.578173,-117.064191,438.843455,33.578281,-117.064246,462.577472,1.710001,1.221064
78105.000000,33.578174,-117.064191,439.225641,33.578281,-117.064246,462.578066,1.706046,1.221433
78120.000000,33.578176,-117.064192,439.594979,33.578280,-117.064246,462.578660,1.702292,1.221801
78135.000000,33.578177,-117.064192,439.941619,33.578280,-117.064246,462.579254,1.698834,1.222170
78150.000000,33.578179,-117.064192,440.305041,33.578280,-117.064246,462.579848,1.695085,1.222538
78165.000000,33.578180,-117.064193,440.667856,33.578280,-117.064246,462.580442,1.691372,1.222907
78180.000000,33.578182,-117.064193,441.037404,33.578280,-117.064246,462.581036,1.687648,1.223276
78195.000000,33.578183,-117.064194,441.424094,33.578280,-117.064246,462.581629,1.683620,1.223645
78210.000000,33.578185,-117.064194,441.792169,33.578280,-117.064246,462.582223,1.679802,1.224014
78225.000000,33.578186,-117.064194,442.151870,33.578280,-117.064246,462.582817,1.676113,1.224383
78240.000000,33.578187,-117.064195,442.502316,33.578280,-117.064246,462.583411,1.672533,1.224752
78255.000000,33.578189,-117.064195,442.866524,33.578280,-117.064246,462.584005,1.668768,1.225121
78270.000000,33.578190,-117.064196,443.204304,33.578280,-117.064246,462.584599,1.665264,1.225490
78285.000000,33.578192,-117.064196,443.533112,33.578280,-117.064246,462.585193,1.661830,1.225860
78300.000000,33.578193,-117.064196,443.829811,33.578280,-117.064246,462.585787,1.658746,1.226229
78315.000000,33.578194,-117.064196,444.155123,33.578280,-117.064246,462.586381,1.655311,1.226599
78330.000000,33.578195,-117.064197,444.441947,33.578280,-117.064246,462.586975,1.652280,1.226968
78345.000000,33.578197,-117.064197,444.754057,33.578280,-117.064246,462.587569,1.648937,1.227338
78360.000000,33.578198,-117.064197,445.086615,33.578280,-117.064246,462.588163,1.645315,1.227708
78375.000000,33.578199,-117.064198,445.400541,33.578280,-117.064246,462.588757,1.641955,1.228078
78390.000000,33.578201,-117.064198,445.709358,33.578280,-117.064246,462.589351,1.638553,1.228448
78405.000000,33.578202,-117.064198,446.013133,33.578280,-117.064246,462.589945,1.635291,1.228818
78420.000000,33.578203,-117.064199,446.352178,33.578280,-117.064246,462.590539,1.631504,1.229188
78435.000000,33.578205,-117.064199,446.647129,33.578280,-117.064246,462.591133,1.628249,1.229558
78450.000000,33.578206,-117.064199,446.947074,33.578280,-117.064246,462.591727,1.624891,1.229929
78465.000000,33.578207,-117.064200,447.231948,33.578280,-117.064246,462.592321,1.621734,1.230299
78480.000000,33.578208,-117.064200,447.536709,33.578280,-117.064246,462.592915,1.618393,1.230670
78495.000000,33.578210,-117.064200,447.814185,33.578280,-117.064246,462.593509,1.615353,1.231040
78510.000000,33.578211,-117.064200,448.085807,33.578280,-117.064246,462.594103,1.612345,1.231411
78525.000000,33.578212,-117.064201,448.339813,33.578280,-117.064246,462.594697,1.609598,1.231782
78540.000000,33.578213,-117.064201,448.601857,33.578280,-117.064246,462.595291,1.606688,1.232152
78555.000000,33.578214,-117.064201,448.849067,33.578280,-117.064246,462.595885,1.604001,1.232523
78570.000000,33.578215,-117.064201,449.089107,33.578280,-117.064246,462.596479,1.601302,1.232894
78585.000000,33.578216,-117.064202,449.343385,33.578280,-117.064246,462.597073,1.598419,1.233265
78600.000000,33.578217,-117.064202,449.597298,33.578280,-117.064246,462.597667,1.595573,1.233637
78615.000000,33.578218,-117.064202,449.852419,33.578280,-117.064246,462.598261,1.592684,1.234008
78630.000000,33.578220,-117.064203,450.108793,33.578280,-117.064246,462.598855,1.589751,1.234379
78645.000000,33.578221,-117.064203,450.357472,33.578280,-117.064246,462.599449,1.586971,1.234751
78660.000000,33.578222,-117.064203,450.620974,33.578280,-117.064246,462.600043,1.583946,1.235122
78675.000000,33.578223,-117.064203,450.856217,33.578280,-117.064246,462.600637,1.581272,1.235494
78690.000000,33.578224,-117.064203,451.083311,33.578280,-117.064246,462.601231,1.578675,1.235865
78705.000000,33.578225,-117.064204,451.307448,33.578280,-117.064246,462.601825,1.576101,1.236237
78720.000000,33.578226,-117.064204,451.528309,33.578280,-117.064246,462.602419,1.573601,1.236609
78735.000000,33.578227,-117.064204,451.763594,33.578280,-117.064246,462.603013,1.570868,1.236981
78750.000000,33.578228,-117.064204,451.980276,33.578280,-117.064246,462.603607,1.568368,1.237353
78765.000000,33.578228,-117.064204,452.180341,33.578280,-117.064246,462.604201,1.566074,1.237725
78780.000000,33.578229,-117.064205,452.381956,33.578280,-117.064246,462.604795,1.563751,1.238097
78795.000000,33.578230,-117.064205,452.571817,33.578280,-117.064246,462.605389,1.561517,1.238470
78810.000000,33.578231,-117.064205,452.761696,33.578280,-117.064246,462.605983,1.559321,1.238842
78825.000000,33.578232,-117.064205,452.939386,33.578280,-117.064246,462.606577,1.557279,1.239214
78840.000000,33.578233,-117.064205,453.122061,33.578280,-117.064246,462.607171,1.555202,1.239587
78855.000000,33.578233,-117.064206,453.304900,33.578280,-117.064246,462.607765,1.553098,1.239960
78870.000000,33.578234,-117.064206,453.490577,33.578280,-117.064246,462.608359,1.550917,1.240332
78885.000000,33.578235,-117.064206,453.669775,33.578280,-117.064246,462.608953,1.548883,1.240705
78900.000000,33.578236,-117.064206,453.853683,33.578280,-117.064246,462.609547,1.546733,1.241078
78915.000000,33.578237,-117.064206,454.038847,33.578280,-117.064246,462.610141,1.544545,1.241451
78930.000000,33.578237,-117.064206,454.215624,33.578280,-117.064246,462.610735,1.542438,1.241824
78945.000000,33.578238,-117.064207,454.398928,33.578279,-117.064246,462.611329,1.540225,1.242197
78960.000000,33.578239,-117.064207,454.577868,33.578279,-117.064246,462.611923,1.538051,1.242570
78975.000000,33.578240,-117.064207,454.746489,33.578279,-117.064246,462.612517,1.535974,1.242943
78990.000000,33.578241,-117.064207,454.916553,33.578279,-117.064246,462.613111,1.533902,1.243317
79005.000000,33.578241,-117.064207,455.085999,33.578279,-117.064246,462.613705,1.531797,1.243690
79020.000000,33.578242,-117.064207,455.251122,33.578279,-117.064246,462.614299,1.529738,1.244064
79035.000000,33.578243,-117.064207,455.401719,33.578279,-117.064246,462.614893,1.527908,1.244437
79050.000000,33.578244,-117.064208,455.554785,33.578279,-117.064246,462.615487,1.525993,1.244811
79065.000000,33.578244,-117.064208,455.714988,33.578279,-117.064246,462.616081,1.523922,1.245185
79080.000000,33.578245,-117.064208,455.862541,33.578279,-117.064246,462.616675,1.522071,1.245559
79095.000000,33.578246,-117.064208,456.003249,33.578279,-117.064246,462.617269,1.520364,1.245932
79110.000000,33.578246,-117.064208,456.147958,33.578279,-117.064246,462.617863,1.518535,1.246306
79125.000000,33.578247,-117.064208,456.286537,33.578279,-117.064246,462.618457,1.516849,1.246681
79140.000000,33.578248,-117.064208,456.422626,33.578279,-117.064246,462.619051,1.515168,1.247055
79155.000000,33.578248,-117.064209,456.565198,33.578279,-117.064246,462.619645,1.513378,1.247429
79170.000000,33.578249,-117.064209,456.700233,33.578279,-117.064246,462.620239,1.511655,1.247803
79185.000000,33.578250,-117.064209,456.831513,33.578279,-117.064246,462.620833,1.510020,1.248178
79200.000000,33.578250,-117.064209,456.960744,33.578279,-117.064246,462.621427,1.508404,1.248552
79215.000000,33.578251,-117.064209,457.084327,33.578279,-117.064246,462.622021,1.506822,1.248927
79230.000000,33.578251,-117.064209,457.206837,33.578279,-117.064246,462.622615,1.505258,1.249301
79245.000000,33.578252,-117.064209,457.328911,33.578279,-117.064246,462.623209,1.503742,1.249676
79260.000000,33.578252,-117.064209,457.451104,33.578279,-117.064246,462.623803,1.502190,1.250051
79275.000000,33.578253,-117.064209,457.575311,33.578279,-117.064246,462.624397,1.500553,1.250426
79290.000000,33.578254,-117.064210,457.691275,33.578279,-117.064246,462.624991,1.499036,1.250801
79305.000000,33.578254,-117.064210,457.799761,33.578279,-117.064246,462.625585,1.497639,1.251176
79320.000000,33.578255,-117.064210,457.907355,33.578279,-117.064246,462.626179,1.496215,1.251551
79335.000000,33.578255,-117.064210,458.010468,33.578279,-117.064246,462.626773,1.494847,1.251926
79350.000000,33.578256,-117.064210,458.115034,33.578279,-117.064246,462.627367,1.493411,1.252302
79365.000000,33.578256,-117.064210,458.214102,33.578279,-117.064246,462.627961,1.492089,1.252677
79380.000000,33.578257,-117.064210,458.324682,33.578279,-117.064246,462.628555,1.490581,1.253052
79395.000000,33.578257,-117.064210,458.429940,33.578279,-117.064246,462.629149,1.489214,1.253428
79410.000000,33.578258,-117.064210,458.533989,33.578279,-117.064246,462.629743,1.487832,1.253804
79425.000000,33.578258,-117.064211,458.637521,33.578279,-117.064246,462.630337,1.486471,1.254179
79440.000000,33.578259,-117.064211,458.735343,33.578279,-117.064246,462.630931,1.485205,1.254555
79455.000000,33.578259,-117.064211,458.835027,33.578279,-117.064246,462.631525,1.483857,1.254931
79470.000000,33.578260,-117.064211,458.928662,33.578279,-117.064246,462.632119,1.482520,1.255307
79485.000000,33.578260,-117.064211,459.021527,33.578279,-117.064246,462.632713,1.481271,1.255683
79500.000000,33.578261,-117.064211,459.114010,33.578279,-117.064246,462.633307,1.479999,1.256059
79515.000000,33.578261,-117.064211,459.204219,33.578279,-117.064246,462.633901,1.478689,1.256435
79530.000000,33.578261,-117.064211,459.295385,33.578279,-117.064246,462.634495,1.477391,1.256811
79545.000000,33.578262,-117.064211,459.384763,33.578279,-117.064246,462.635089,1.476120,1.257188
79560.000000,33.578262,-117.064211,459.467104,33.578279,-117.064246,462.635683,1.474939,1.257564
79575.000000,33.578263,-117.064211,459.544109,33.578279,-117.064246,462.636277,1.473803,1.257941
79590.000000,33.578263,-117.064211,459.622655,33.578279,-117.064246,462.636871,1.472698,1.258317
79605.000000,33.578264,-117.064212,459.699335,33.578279,-117.064246,462.637465,1.471570,1.258694
79620.000000,33.578264,-117.064212,459.775578,33.578279,-117.064246,462.638059,1.470422,1.259071
79635.000000,33.578264,-117.064212,459.855193,33.578279,-117.064246,462.638653,1.469247,1.259448
79650.000000,33.578265,-117.064212,459.933306,33.578279,-117.064246,462.639247,1.468110,1.259824
79665.000000,33.578265,-117.064212,460.009761,33.578279,-117.064246,462.639841,1.466929,1.260201
79680.000000,33.578266,-117.064212,460.081824,33.578279,-117.064246,462.640435,1.465809,1.260579
79695.000000,33.578266,-117.064212,460.151173,33.578279,-117.064246,462.641029,1.464753,1.260956
79710.000000,33.578266,-117.064212,460.217985,33.578279,-117.064246,462.641623,1.463693,1.261333
79725.000000,33.578267,-117.064212,460.284537,33.578279,-117.064246,462.642217,1.462587,1.261710
79740.000000,33.578267,-117.064212,460.352707,33.578279,-117.064246,462.642811,1.461544,1.262088
79755.000000,33.578267,-117.064212,460.420985,33.578279,-117.064246,462.643405,1.460489,1.262465
79770.000000,33.578268,-117.064213,460.485165,33.578278,-117.064246,462.643999,1.459446,1.262843
79785.000000,33.578268,-117.064213,460.549244,33.578278,-117.064246,462.644593,1.458394,1.263220
79800.000000,33.578268,-117.064213,460.609399,33.578278,-117.064246,462.645187,1.457353,1.263598
79815.000000,33.578269,-117.064213,460.667470,33.578278,-117.064246,462.645781,1.456326,1.263976
79830.000000,33.578269,-117.064213,460.722953,33.578278,-117.064246,462.646375,1.455329,1.264353
79845.000000,33.578269,-117.064213,460.777467,33.578278,-117.064246,462.646969,1.454378,1.264731
79860.000000,33.578270,-117.064213,460.833967,33.578278,-117.064246,462.647563,1.453386,1.265109
79875.000000,33.578270,-117.064213,460.891274,33.578278,-117.064246,462.648156,1.452432,1.265487
79890.000000,33.578270,-117.064213,460.946841,33.578278,-117.064246,462.648750,1.451525,1.265866
79905.000000,33.578271,-117.064213,461.000456,33.578278,-117.064246,462.649344,1.450594,1.266244
79920.000000,33.578271,-117.064214,461.052799,33.578278,-117.064246,462.649938,1.449643,1.266622
79935.000000,33.578271,-117.064214,461.102193,33.578278,-117.064246,462.650532,1.448780,1.267001
79950.000000,33.578271,-117.064214,461.147478,33.578278,-117.064246,462.651126,1.447928,1.267379
79965.000000,33.578272,-117.064214,461.193710,33.578278,-117.064246,462.651720,1.447049,1.267758
79980.000000,33.578272,-117.064214,461.237847,33.578278,-117.064246,462.652314,1.446204,1.268136
79995.000000,33.578272,-117.064214,461.280199,33.578278,-117.064246,462.652908,1.445368,1.268515
80010.000000,33.578272,-117.064214,461.323213,33.578278,-117.064246,462.653502,1.444497,1.268894
80025.000000,33.578273,-117.064214,461.364153,33.578278,-117.064246,462.654096,1.443652,1.269273
80040.000000,33.578273,-117.064214,461.406876,33.578278,-117.064246,462.654690,1.442789,1.269652
80055.000000,33.578273,-117.064214,461.448767,33.578278,-117.064246,462.655284,1.441952,1.270031
80070.000000,33.578273,-117.064214,461.489024,33.578278,-117.064246,462.655878,1.441133,1.270410
80085.000000,33.578274,-117.064215,461.529417,33.578278,-117.064246,462.656472,1.440338,1.270789
80100.000000,33.578274,-117.064215,461.568646,33.578278,-117.064246,462.657066,1.439563,1.271168
80115.000000,33.578274,-117.064215,461.604321,33.578278,-117.064246,462.657660,1.438774,1.271547
80130.000000,33.578274,-117.064215,461.637162,33.578278,-117.064246,462.658254,1.438030,1.271927
80145.000000,33.578274,-117.064215,461.667593,33.578278,-117.064246,462.658848,1.437351,1.272306
80160.000000,33.578275,-117.064215,461.700080,33.578278,-117.064246,462.659442,1.436604,1.272686
80175.000000,33.578275,-117.064215,461.730208,33.578278,-117.064246,462.660036,1.435860,1.273065
80190.000000,33.578275,-117.064215,461.761240,33.578278,-117.064246,462.660630,1.435169,1.273445
80205.000000,33.578275,-117.064215,461.793975,33.578278,-117.064246,462.661224,1.434436,1.273825
80220.000000,33.578275,-117.064215,461.827942,33.578278,-117.064246,462.661818,1.433707,1.274205
80235.000000,33.578276,-117.064215,461.858944,33.578278,-117.064246,462.662412,1.433021,1.274585
80250.000000,33.578276,-117.064215,461.889917,33.578278,-117.064246,462.663006,1.432312,1.274965
80265.000000,33.578276,-117.064216,461.917518,33.578278,-117.064246,462.663600,1.431615,1.275345
80280.000000,33.578276,-117.064216,461.945037,33.578278,-117.064246,462.664194,1.430946,1.275725
80295.000000,33.578276,-117.064216,461.971343,33.578278,-117.064246,462.664788,1.430242,1.276105
80310.000000,33.578277,-117.064216,461.996273,33.578278,-117.064246,462.665382,1.429540,1.276486
80325.000000,33.578277,-117.064216,462.021003,33.578278,-117.064246,462.665976,1.428843,1.276866
80340.000000,33.578277,-117.064216,462.044682,33.578278,-117.064246,462.666570,1.428158,1.277246
80355.000000,33.578277,-117.064216,462.067181,33.578278,-117.064246,462.667164,1.427482,1.277627
80370.000000,33.578277,-117.064216,462.089244,33.578278,-117.064246,462.667758,1.426824,1.278008
80385.000000,33.578277,-117.064216,462.111197,33.578278,-117.064246,462.668352,1.426170,1.278388
80400.000000,33.578277,-117.064216,462.130371,33.578278,-117.064246,462.668946,1.425526,1.278769
80415.000000,33.578278,-117.064216,462.149447,33.578278,-117.064246,462.669540,1.424883,1.279150
80430.000000,33.578278,-117.064217,462.168778,33.578278,-117.064246,462.670134,1.424243,1.279531
80445.000000,33.578278,-117.064217,462.186880,33.578278,-117.064246,462.670728,1.423598,1.279912
80460.000000,33.578278,-117.064217,462.204165,33.578278,-117.064246,462.671322,1.422943,1.280293
80475.000000,33.578278,-117.064217,462.223047,33.578278,-117.064246,462.671916,1.422267,1.280674
80490.000000,33.578278,-117.064217,462.241234,33.578278,-117.064246,462.672510,1.421593,1.281055
80505.000000,33.578278,-117.064217,462.257168,33.578278,-117.064246,462.673104,1.420921,1.281437
80520.000000,33.578279,-117.064217,462.272151,33.578278,-117.064246,462.673698,1.420285,1.281818
80535.000000,33.578279,-117.064217,462.287524,33.578278,-117.064246,462.674292,1.419676,1.282199
80550.000000,33.578279,-117.064217,462.301857,33.578278,-117.064246,462.674886,1.419081,1.282581
80565.000000,33.578279,-117.064217,462.316920,33.578278,-117.064246,462.675480,1.418481,1.282963
80580.000000,33.578279,-117.064218,462.328788,33.578278,-117.064246,462.676074,1.417877,1.283344
80595.000000,33.578279,-117.064218,462.339797,33.578277,-117.064246,462.676668,1.417305,1.283726
80610.000000,33.578279,-117.064218,462.348773,33.578277,-117.064246,462.677262,1.416743,1.284108
80625.000000,33.578279,-117.064218,462.357675,33.578277,-117.064246,462.677856,1.416197,1.284490
80640.000000,33.578279,-117.064218,462.367698,33.578277,-117.064246,462.678450,1.415618,1.284872
80655.000000,33.578280,-117.064218,462.376915,33.578277,-117.064246,462.679044,1.415010,1.285254
80670.000000,33.578280,-117.064218,462.385177,33.578277,-117.064246,462.679638,1.414412,1.285636
80685.000000,33.578280,-117.064218,462.392213,33.578277,-117.064246,462.680232,1.413837,1.286018
80700.000000,33.578280,-117.064218,462.398277,33.578277,-117.064246,462.680826,1.413258,1.286400
80715.000000,33.578280,-117.064219,462.404230,33.578277,-117.064246,462.681420,1.412696,1.286783
80730.000000,33.578280,-117.064219,462.410375,33.578277,-117.064246,462.682014,1.412110,1.287165
80745.000000,33.578280,-117.064219,462.417823,33.578277,-117.064246,462.682608,1.411539,1.287548
80760.000000,33.578280,-117.064219,462.422212,33.578277,-117.064246,462.683202,1.410986,1.287930
80775.000000,33.578280,-117.064219,462.428198,33.578277,-117.064246,462.683796,1.410461,1.288313
80790.000000,33.578280,-117.064219,462.433367,33.578277,-117.064246,462.684390,1.409935,1.288696
80805.000000,33.578280,-117.064219,462.435352,33.578277,-117.064246,462.684984,1.409389,1.289078
80820.000000,33.578280,-117.064219,462.437489,33.578277,-117.064246,462.685578,1.408829,1.289461
80835.000000,33.578280,-117.064219,462.436795,33.578277,-117.064246,462.686172,1.408245,1.289844
80850.000000,33.578281,-117.064220,462.435677,33.578277,-117.064246,462.686766,1.407656,1.290227
80865.000000,33.578281,-117.064220,462.434602,33.578277,-117.064246,462.687360,1.407109,1.290610
80880.000000,33.578281,-117.064220,462.433457,33.578277,-117.064246,462.687954,1.406637,1.290993
80895.000000,33.578281,-117.064220,462.434486,33.578277,-117.064246,462.688548,1.406140,1.291377
80910.000000,33.578281,-117.064220,462.435154,33.578277,-117.064246,462.689142,1.405628,1.291760
80925.000000,33.578281,-117.064220,462.433652,33.578277,-117.064246,462.689736,1.405108,1.292143
80940.000000,33.578281,-117.064220,462.431343,33.578277,-117.064246,462.690330,1.404567,1.292527
80955.000000,33.578281,-117.064220,462.428408,33.578277,-117.064246,462.690924,1.404034,1.292910
80970.000000,33.578281,-117.064221,462.422805,33.578277,-117.064246,462.691518,1.403461,1.293294
80985.000000,33.578281,-117.064221,462.419161,33.578277,-117.064246,462.692112,1.402947,1.293678
81000.000000,33.578281,-117.064221,462.416286,33.578277,-117.064246,462.692706,1.402459,1.294061
81015.000000,33.578281,-117.064221,462.413236,33.578277,-117.064246,462.693300,1.401983,1.294445
81030.000000,33.578281,-117.064221,462.407901,33.578277,-117.064246,462.693894,1.401486,1.294829
81045.000000,33.578281,-117.064221,462.402575,33.578277,-117.064246,462.694488,1.400952,1.295213
81060.000000,33.578281,-117.064221,462.396355,33.578277,-117.064246,462.695082,1.400414,1.295597
81075.000000,33.578281,-117.064221,462.392607,33.578277,-117.064246,462.695676,1.400043,1.295981
81090.000000,33.578281,-117.064221,462.388524,33.578277,-117.064246,462.696270,1.399676,1.296365
81105.000000,33.578281,-117.064222,462.384182,33.578277,-117.064246,462.696864,1.399321,1.296750
81120.000000,33.578281,-117.064222,462.379857,33.578277,-117.064246,462.697458,1.398967,1.297134
81135.000000,33.578281,-117.064222,462.374858,33.578277,-117.064246,462.698052,1.398608,1.297518
81150.000000,33.578281,-117.064222,462.369649,33.578277,-117.064246,462.698646,1.398240,1.297903
81165.000000,33.578281,-117.064222,462.363493,33.578277,-117.064246,462.699240,1.397871,1.298287
81180.000000,33.578281,-117.064222,462.357020,33.578277,-117.064246,462.699834,1.397492,1.298672
81195.000000,33.578281,-117.064222,462.349665,33.578277,-117.064246,462.700428,1.397115,1.299057
81210.000000,33.578281,-117.064222,462.342812,33.578277,-117.064246,462.701022,1.396759,1.299441
81225.000000,33.578281,-117.064223,462.337174,33.578277,-117.064246,462.701616,1.396427,1.299826
81240.000000,33.578281,-117.064223,462.330234,33.578277,-117.064246,462.702210,1.396080,1.300211
81255.000000,33.578281,-117.064223,462.321678,33.578277,-117.064246,462.702804,1.395716,1.300596
81270.000000,33.578281,-117.064223,462.312378,33.578277,-117.064246,462.703398,1.395356,1.300981
81285.000000,33.578281,-117.064223,462.302334,33.578277,-117.064246,462.703992,1.394987,1.301366
81300.000000,33.578281,-117.064223,462.293996,33.578277,-117.064246,462.704586,1.394638,1.301752
81315.000000,33.578281,-117.064223,462.285774,33.578277,-117.064246,462.705180,1.394288,1.302137
81330.000000,33.578281,-117.064223,462.274400,33.578277,-117.064246,462.705774,1.393888,1.302522
81345.000000,33.578281,-117.064224,462.262975,33.578277,-117.064246,462.706368,1.393500,1.302908
81360.000000,33.578281,-117.064224,462.251028,33.578277,-117.064246,462.706962,1.393129,1.303293
81375.000000,33.578281,-117.064224,462.238380,33.578277,-117.064246,462.707556,1.392766,1.303679
81390.000000,33.578281,-117.064224,462.226397,33.578277,-117.064246,462.708150,1.392416,1.304064
81405.000000,33.578281,-117.064224,462.213898,33.578277,-117.064246,462.708744,1.392045,1.304450
81420.000000,33.578281,-117.064224,462.201518,33.578276,-117.064246,462.709338,1.391680,1.304836
81435.000000,33.578281,-117.064224,462.188831,33.578276,-117.064246,462.709932,1.391327,1.305222
81450.000000,33.578281,-117.064224,462.175331,33.578276,-117.064246,462.710526,1.390958,1.305607
81465.000000,33.578281,-117.064225,462.160613,33.578276,-117.064246,462.711120,1.390580,1.305993
81480.000000,33.578281,-117.064225,462.145094,33.578276,-117.064246,462.711714,1.390206,1.306379
81495.000000,33.578281,-117.064225,462.130795,33.578276,-117.064246,462.712308,1.389828,1.306766
81510.000000,33.578281,-117.064225,462.117299,33.578276,-117.064246,462.712902,1.389467,1.307152
81525.000000,33.578281,-117.064225,462.104132,33.578276,-117.064246,462.713496,1.389104,1.307538
81540.000000,33.578281,-117.064225,462.089311,33.578276,-117.064246,462.714090,1.388718,1.307924
81555.000000,33.578280,-117.064225,462.074001,33.578276,-117.064246,462.714684,1.388323,1.308311
81570.000000,33.578280,-117.064226,462.056835,33.578276,-117.064246,462.715277,1.387912,1.308697
81585.000000,33.578280,-117.064226,462.040827,33.578276,-117.064246,462.715871,1.387535,1.309084
81600.000000,33.578280,-117.064226,462.026931,33.578276,-117.064246,462.716465,1.387212,1.309470
81615.000000,33.578280,-117.064226,462.010824,33.578276,-117.064246,462.717059,1.386854,1.309857
81630.000000,33.578280,-117.064226,461.990881,33.578276,-117.064246,462.717653,1.386453,1.310244
81645.000000,33.578280,-117.064226,461.970614,33.578276,-117.064246,462.718247,1.386042,1.310631
81660.000000,33.578280,-117.064226,461.952880,33.578276,-117.064246,462.718841,1.385660,1.311018
81675.000000,33.578280,-117.064227,461.935294,33.578276,-117.064246,462.719435,1.385279,1.311405
81690.000000,33.578280,-117.064227,461.915686,33.578276,-117.064246,462.720029,1.384895,1.311792
81705.000000,33.578280,-117.064227,461.896321,33.578276,-117.064246,462.720623,1.384505,1.312179
81720.000000,33.578280,-117.064227,461.876902,33.578276,-117.064246,462.721217,1.384103,1.312566
81735.000000,33.578280,-117.064227,461.858195,33.578276,-117.064246,462.721811,1.383714,1.312953
81750.000000,33.578280,-117.064227,461.835833,33.578276,-117.064246,462.722405,1.383295,1.313340
81765.000000,33.578280,-117.064228,461.816228,33.578276,-117.064246,462.722999,1.382903,1.313728
81780.000000,33.578280,-117.064228,461.793502,33.578276,-117.064246,462.723593,1.382498,1.314115
81795.000000,33.578280,-117.064228,461.773585,33.578276,-117.064246,462.724187,1.382121,1.314503
81810.000000,33.578279,-117.064228,461.753761,33.578276,-117.064246,462.724781,1.381744,1.314890
81825.000000,33.578279,-117.064228,461.731428,33.578276,-117.064246,462.725375,1.381340,1.315278
81840.000000,33.578279,-117.064228,461.707500,33.578276,-117.064246,462.725969,1.380911,1.315666
81855.000000,33.578279,-117.064229,461.685198,33.578276,-117.064246,462.726563,1.380491,1.316054
81870.000000,33.578279,-117.064229,461.664746,33.578276,-117.064246,462.727157,1.380104,1.316442
81885.000000,33.578279,-117.064229,461.643334,33.578276,-117.064246,462.727751,1.379704,1.316830
81900.000000,33.578279,-117.064229,461.618453,33.578276,-117.064246,462.728345,1.379278,1.317218
81915.000000,33.578279,-117.064229,461.591760,33.578276,-117.064246,462.728939,1.378831,1.317606
81930.000000,33.578279,-117.064229,461.568368,33.578276,-117.064246,462.729533,1.378408,1.317994
81945.000000,33.578279,-117.064230,461.545422,33.578276,-117.064246,462.730127,1.378003,1.318382
81960.000000,33.578279,-117.064230,461.521781,33.578276,-117.064246,462.730721,1.377578,1.318770
81975.000000,33.578279,-117.064230,461.493682,33.578276,-117.064246,462.731315,1.377122,1.319159
81990.000000,33.578278,-117.064230,461.467066,33.578276,-117.064246,462.731909,1.376679,1.319547
82005.000000,33.578278,-117.064230,461.440552,33.578276,-117.064246,462.732503,1.376244,1.319936
82020.000000,33.578278,-117.064230,461.414043,33.578276,-117.064246,462.733097,1.375805,1.320324
82035.000000,33.578278,-117.064231,461.386379,33.578276,-117.064246,462.733691,1.375355,1.320713
82050.000000,33.578278,-117.064231,461.358737,33.578276,-117.064246,462.734285,1.374884,1.321102
82065.000000,33.578278,-117.064231,461.331670,33.578276,-117.064246,462.734879,1.374431,1.321490
82080.000000,33.578278,-117.064231,461.301579,33.578276,-117.064246,462.735473,1.373948,1.321879
82095.000000,33.578278,-117.064231,461.274114,33.578276,-117.064246,462.736067,1.373498,1.322268
82110.000000,33.578278,-117.064232,461.245465,33.578276,-117.064246,462.736661,1.373038,1.322657
82125.000000,33.578278,-117.064232,461.217562,33.578276,-117.064246,462.737255,1.372572,1.323046
82140.000000,33.578277,-117.064232,461.187856,33.578276,-117.064246,462.737849,1.372105,1.323435
82155.000000,33.578277,-117.064232,461.159397,33.578276,-117.064246,462.738443,1.371646,1.323824
82170.000000,33.578277,-117.064232,461.125807,33.578276,-117.064246,462.739037,1.371145,1.324214
82185.000000,33.578277,-117.064233,461.094944,33.578276,-117.064246,462.739631,1.370668,1.324603
82200.000000,33.578277,-117.064233,461.065565,33.578276,-117.064246,462.740225,1.370209,1.324992
82215.000000,33.578277,-117.064233,461.036487,33.578276,-117.064246,462.740819,1.369758,1.325382
82230.000000,33.578277,-117.064233,461.001994,33.578276,-117.064246,462.741413,1.369247,1.325771
82245.000000,33.578277,-117.064233,460.966034,33.578275,-117.064246,462.742007,1.368724,1.326161
82260.000000,33.578277,-117.064234,460.933176,33.578275,-117.064246,462.742601,1.368235,1.326551
82275.000000,33.578277,-117.064234,460.939978,33.578275,-117.064246,462.743195,1.368370,1.326940
82290.000000,33.578277,-117.064234,460.946111,33.578275,-117.064246,462.743789,1.368518,1.327330
82305.000000,33.578277,-117.064234,460.959249,33.578275,-117.064246,462.744383,1.368682,1.327720
82320.000000,33.578277,-117.064234,460.972167,33.578275,-117.064246,462.744977,1.368858,1.328110
82335.000000,33.578277,-117.064234,460.984462,33.578275,-117.064246,462.745571,1.369028,1.328500
82350.000000,33.578277,-117.064234,460.997029,33.578275,-117.064246,462.746165,1.369204,1.328890
82365.000000,33.578277,-117.064234,461.009768,33.578275,-117.064246,462.746759,1.369380,1.329280
82380.000000,33.578277,-117.064234,461.022551,33.578275,-117.064246,462.747353,1.369553,1.329670
82395.000000,33.578277,-117.064234,461.034366,33.578275,-117.064246,462.747947,1.369729,1.330061
82410.000000,33.578277,-117.064234,461.046290,33.578275,-117.064246,462.748541,1.369905,1.330451
82425.000000,33.578277,-117.064234,461.058692,33.578275,-117.064246,462.749135,1.370085,1.330841
82440.000000,33.578277,-117.064234,461.071357,33.578275,-117.064246,462.749729,1.370255,1.331232
82455.000000,33.578277,-117.064234,461.083129,33.578275,-117.064246,462.750323,1.370436,1.331622
82470.000000,33.578277,-117.064234,461.094296,33.578275,-117.064246,462.750917,1.370622,1.332013
82485.000000,33.578277,-117.064234,461.105792,33.578275,-117.064246,462.751511,1.370808,1.332404
82500.000000,33.578277,-117.064234,461.117025,33.578275,-117.064246,462.752105,1.370997,1.332794
82515.000000,33.578277,-117.064234,461.128409,33.578275,-117.064246,462.752699,1.371186,1.333185
82530.000000,33.578277,-117.064234,461.139694,33.578275,-117.064246,462.753293,1.371376,1.333576
82545.000000,33.578277,-117.064234,461.150624,33.578275,-117.064246,462.753887,1.371568,1.333967
82560.000000,33.578277,-117.064234,461.161162,33.578275,-117.064246,462.754481,1.371763,1.334358
82575.000000,33.578277,-117.064234,461.171912,33.578275,-117.064246,462.755075,1.371957,1.334749
82590.000000,33.578277,-117.064234,461.182320,33.578275,-117.064246,462.755669,1.372156,1.335140
82605.000000,33.578277,-117.064234,461.192744,33.578275,-117.064246,462.756263,1.372357,1.335531
82620.000000,33.578277,-117.064234,461.202950,33.578275,-117.064246,462.756857,1.372558,1.335923
82635.000000,33.578277,-117.064234,461.213270,33.578275,-117.064246,462.757451,1.372759,1.336314
82650.000000,33.578277,-117.064234,461.223275,33.578275,-117.064246,462.758045,1.372963,1.336705
82665.000000,33.578277,-117.064234,461.233413,33.578275,-117.064246,462.758639,1.373157,1.337097
82680.000000,33.578277,-117.064234,461.242938,33.578275,-117.064246,462.759233,1.373355,1.337488
82695.000000,33.578277,-117.064234,461.252761,33.578275,-117.064246,462.759827,1.373551,1.337880
82710.000000,33.578277,-117.064234,461.262190,33.578275,-117.064246,462.760421,1.373753,1.338272
82725.000000,33.578277,-117.064234,461.271558,33.578275,-117.064246,462.761015,1.373955,1.338663
82740.000000,33.578277,-117.064234,461.280632,33.578275,-117.064246,462.761609,1.374156,1.339055
82755.000000,33.578277,-117.064234,461.289728,33.578275,-117.064246,462.762203,1.374366,1.339447
82770.000000,33.578277,-117.064234,461.299038,33.578275,-117.064246,462.762797,1.374576,1.339839
82785.000000,33.578277,-117.064234,461.307931,33.578275,-117.064246,462.763391,1.374785,1.340231
82800.000000,33.578277,-117.064234,461.316995,33.578275,-117.064246,462.763985,1.374997,1.340623
82815.000000,33.578277,-117.064234,461.325549,33.578275,-117.064246,462.764579,1.375206,1.341015
82830.000000,33.578277,-117.064234,461.334064,33.578275,-117.064246,462.765173,1.375418,1.341407
82845.000000,33.578277,-117.064234,461.342552,33.578275,-117.064246,462.765767,1.375624,1.341800
82860.000000,33.578277,-117.064234,461.351543,33.578275,-117.064246,462.766361,1.375830,1.342192
82875.000000,33.578277,-117.064234,461.360116,33.578275,-117.064246,462.766955,1.376037,1.342584
82890.000000,33.578277,-117.064234,461.368102,33.578275,-117.064246,462.767549,1.376249,1.342977
82905.000000,33.578277,-117.064234,461.376052,33.578275,-117.064246,462.768143,1.376463,1.343369
82920.000000,33.578277,-117.064234,461.383375,33.578275,-117.064246,462.768737,1.376679,1.343762
82935.000000,33.578277,-117.064234,461.391031,33.578275,-117.064246,462.769331,1.376891,1.344155
82950.000000,33.578277,-117.064234,461.398697,33.578275,-117.064246,462.769925,1.377104,1.344547
82965.000000,33.578277,-117.064234,461.406469,33.578275,-117.064246,462.770519,1.377314,1.344940
82980.000000,33.578277,-117.064234,461.413404,33.578275,-117.064246,462.771113,1.377535,1.345333
82995.000000,33.578277,-117.064234,461.420210,33.578275,-117.064246,462.771707,1.377752,1.345726
83010.000000,33.578277,-117.064234,461.427327,33.578275,-117.064246,462.772301,1.377972,1.346119
83025.000000,33.578277,-117.064234,461.434265,33.578275,-117.064246,462.772895,1.378192,1.346512
83040.000000,33.578277,-117.064234,461.441394,33.578275,-117.064246,462.773489,1.378409,1.346905
83055.000000,33.578277,-117.064234,461.448298,33.578275,-117.064246,462.774083,1.378631,1.347298
83070.000000,33.578277,-117.064234,461.454948,33.578274,-117.064246,462.774677,1.378852,1.347691
83085.000000,33.578277,-117.064234,461.461578,33.578274,-117.064246,462.775271,1.379075,1.348085
83100.000000,33.578277,-117.064234,461.468410,33.578274,-117.064246,462.775865,1.379298,1.348478
83115.000000,33.578277,-117.064234,461.474995,33.578274,-117.064246,462.776459,1.379522,1.348872
83130.000000,33.578277,-117.064234,461.481267,33.578274,-117.064246,462.777053,1.379749,1.349265
83145.000000,33.578276,-117.064234,461.487545,33.578274,-117.064246,462.777647,1.379975,1.349659
83160.000000,33.578276,-117.064234,461.494308,33.578274,-117.064246,462.778241,1.380199,1.350052
83175.000000,33.578276,-117.064234,461.500455,33.578274,-117.064246,462.778835,1.380428,1.350446
83190.000000,33.578276,-117.064234,461.506246,33.578274,-117.064246,462.779429,1.380659,1.350840
83205.000000,33.578276,-117.064234,461.512068,33.578274,-117.064246,462.780023,1.380887,1.351234
83220.000000,33.578276,-117.064234,461.517957,33.578274,-117.064246,462.780617,1.381116,1.351627
83235.000000,33.578276,-117.064234,461.524071,33.578274,-117.064246,462.781211,1.381345,1.352021
83250.000000,33.578276,-117.064234,461.529799,33.578274,-117.064246,462.781805,1.381572,1.352415
83265.000000,33.578276,-117.064234,461.535407,33.578274,-117.064246,462.782399,1.381802,1.352809
83280.000000,33.578276,-117.064234,461.540777,33.578274,-117.064246,462.782992,1.382035,1.353204
83295.000000,33.578276,-117.064234,461.545971,33.578274,-117.064246,462.783586,1.382270,1.353598
83310.000000,33.578276,-117.064234,461.550923,33.578274,-117.064246,462.784180,1.382503,1.353992
83325.000000,33.578276,-117.064234,461.556062,33.578274,-117.064246,462.784774,1.382736,1.354386
83340.000000,33.578276,-117.064234,461.560791,33.578274,-117.064246,462.785368,1.382970,1.354781
83355.000000,33.578276,-117.064234,461.565547,33.578274,-117.064246,462.785962,1.383203,1.355175
83370.000000,33.578276,-117.064234,461.569889,33.578274,-117.064246,462.786556,1.383434,1.355570
83385.000000,33.578276,-117.064234,461.574687,33.578274,-117.064246,462.787150,1.383666,1.355964
83400.000000,33.578276,-117.064234,461.579225,33.578274,-117.064246,462.787744,1.383897,1.356359
83415.000000,33.578276,-117.064234,461.583705,33.578274,-117.064246,462.788338,1.384131,1.356754
83430.000000,33.578276,-117.064234,461.587897,33.578274,-117.064246,462.788932,1.384369,1.357148
83445.000000,33.578276,-117.064234,461.592282,33.578274,-117.064246,462.789526,1.384607,1.357543
83460.000000,33.578276,-117.064234,461.596734,33.578274,-117.064246,462.790120,1.384844,1.357938
83475.000000,33.578276,-117.064234,461.600538,33.578274,-117.064246,462.790714,1.385083,1.358333
83490.000000,33.578276,-117.064234,461.604452,33.578274,-117.064246,462.791308,1.385322,1.358728
83505.000000,33.578276,-117.064234,461.608110,33.578274,-117.064246,462.791902,1.385561,1.359123
83520.000000,33.578276,-117.064234,461.611881,33.578274,-117.064246,462.792496,1.385799,1.359518
83535.000000,33.578276,-117.064234,461.615208,33.578274,-117.064246,462.793090,1.386040,1.359914
83550.000000,33.578276,-117.064234,461.618639,33.578274,-117.064246,462.793684,1.386280,1.360309
83565.000000,33.578276,-117.064234,461.621988,33.578274,-117.064246,462.794278,1.386521,1.360704
83580.000000,33.578276,-117.064234,461.625051,33.578274,-117.064246,462.794872,1.386763,1.361100
83595.000000,33.578276,-117.064234,461.628305,33.578274,-117.064246,462.795466,1.387005,1.361495
83610.000000,33.578276,-117.064234,461.631402,33.578274,-117.064246,462.796060,1.387246,1.361891
83625.000000,33.578276,-117.064234,461.634266,33.578274,-117.064246,462.796654,1.387486,1.362286
83640.000000,33.578276,-117.064234,461.640772,33.578274,-117.064246,462.797248,1.387743,1.362682
83655.000000,33.578276,-117.064235,461.647138,33.578274,-117.064246,462.797842,1.388000,1.363078
83670.000000,33.578276,-117.064235,461.653528,33.578274,-117.064246,462.798436,1.388254,1.363473
83685.000000,33.578276,-117.064235,461.659549,33.578274,-117.064246,462.799030,1.388509,1.363869
83700.000000,33.578276,-117.064235,461.665652,33.578274,-117.064246,462.799624,1.388763,1.364265
83715.000000,33.578276,-117.064235,461.671489,33.578274,-117.064246,462.800218,1.389022,1.364661
83730.000000,33.578276,-117.064235,461.677471,33.578274,-117.064246,462.800812,1.389279,1.365057
83745.000000,33.578276,-117.064235,461.683264,33.578274,-117.064246,462.801406,1.389534,1.365453
83760.000000,33.578276,-117.064235,461.689037,33.578274,-117.064246,462.802000,1.389788,1.365849
83775.000000,33.578276,-117.064235,461.694708,33.578274,-117.064246,462.802594,1.390041,1.366246
83790.000000,33.578276,-117.064235,461.700307,33.578274,-117.064246,462.803188,1.390298,1.366642
83805.000000,33.578276,-117.064235,461.705670,33.578274,-117.064246,462.803782,1.390554,1.367038
83820.000000,33.578276,-117.064235,461.710818,33.578274,-117.064246,462.804376,1.390813,1.367435
83835.000000,33.578276,-117.064235,461.716158,33.578274,-117.064246,462.804970,1.391072,1.367831
83850.000000,33.578275,-117.064235,461.721263,33.578274,-117.064246,462.805564,1.391331,1.368228
83865.000000,33.578275,-117.064235,461.726372,33.578274,-117.064246,462.806158,1.391588,1.368624
83880.000000,33.578275,-117.064235,461.731403,33.578274,-117.064246,462.806752,1.391844,1.369021
83895.000000,33.578275,-117.064235,461.736399,33.578273,-117.064246,462.807346,1.392103,1.369418
83910.000000,33.578275,-117.064235,461.740958,33.578273,-117.064246,462.807940,1.392363,1.369814
83925.000000,33.578275,-117.064235,461.745570,33.578273,-117.064246,462.808534,1.392624,1.370211
83940.000000,33.578275,-117.064235,461.750069,33.578273,-117.064246,462.809128,1.392881,1.370608
83955.000000,33.578275,-117.064235,461.754535,33.578273,-117.064246,462.809722,1.393142,1.371005
83970.000000,33.578275,-117.064235,461.773105,33.578273,-117.064246,462.810316,1.393373,1.371402
83985.000000,33.578275,-117.064235,461.791601,33.578273,-117.064246,462.810910,1.393606,1.371799
84000.000000,33.578275,-117.064235,461.810132,33.578273,-117.064246,462.811504,1.393838,1.372196
84015.000000,33.578275,-117.064236,461.828392,33.578273,-117.064246,462.812098,1.394073,1.372594
84030.000000,33.578275,-117.064236,461.846348,33.578273,-117.064246,462.812692,1.394309,1.372991
84045.000000,33.578275,-117.064236,461.864275,33.578273,-117.064246,462.813286,1.394545,1.373388
84060.000000,33.578275,-117.064236,461.881731,33.578273,-117.064246,462.813880,1.394781,1.373786
84075.000000,33.578275,-117.064236,461.899124,33.578273,-117.064246,462.814474,1.395019,1.374183
84090.000000,33.578275,-117.064236,461.916603,33.578273,-117.064246,462.815068,1.395255,1.374580
84105.000000,33.578275,-117.064236,461.933876,33.578273,-117.064246,462.815662,1.395495,1.374978
84120.000000,33.578275,-117.064236,461.950790,33.578273,-117.064246,462.816256,1.395735,1.375376
84135.000000,33.578275,-117.064236,461.967490,33.578273,-117.064246,462.816850,1.395976,1.375773
84150.000000,33.578275,-117.064236,461.984213,33.578273,-117.064246,462.817444,1.396217,1.376171
84165.000000,33.578275,-117.064236,462.000571,33.578273,-117.064246,462.818038,1.396460,1.376569
84180.000000,33.578275,-117.064237,462.016850,33.578273,-117.064246,462.818632,1.396700,1.376967
84195.000000,33.578275,-117.064237,462.032847,33.578273,-117.064246,462.819226,1.396944,1.377365
84210.000000,33.578275,-117.064237,462.049000,33.578273,-117.064246,462.819820,1.397187,1.377763
84225.000000,33.578275,-117.064237,462.065107,33.578273,-117.064246,462.820414,1.397431,1.378161
84240.000000,33.578275,-117.064237,462.081042,33.578273,-117.064246,462.821008,1.397675,1.378559
84255.000000,33.578274,-117.064237,462.096799,33.578273,-117.064246,462.821602,1.397920,1.378957
84270.000000,33.578274,-117.064237,462.112426,33.578273,-117.064246,462.822196,1.398165,1.379355
84285.000000,33.578274,-117.064237,462.127670,33.578273,-117.064246,462.822790,1.398410,1.379754
84300.000000,33.578274,-117.064237,462.142810,33.578273,-117.064246,462.823384,1.398656,1.380152
84315.000000,33.578274,-117.064237,462.157884,33.578273,-117.064246,462.823978,1.398899,1.380550
84330.000000,33.578274,-117.064237,462.172726,33.578273,-117.064246,462.824572,1.399144,1.380949
84345.000000,33.578274,-117.064237,462.187524,33.578273,-117.064246,462.825166,1.399388,1.381347
84360.000000,33.578274,-117.064238,462.202183,33.578273,-117.064246,462.825760,1.399636,1.381746
84375.000000,33.578274,-117.064238,462.216594,33.578273,-117.064246,462.826354,1.399884,1.382145
84390.000000,33.578274,-117.064238,462.230616,33.578273,-117.064246,462.826948,1.400134,1.382543
84405.000000,33.578274,-117.064238,462.244815,33.578273,-117.064246,462.827542,1.400382,1.382942
84420.000000,33.578274,-117.064238,462.258636,33.578273,-117.064246,462.828136,1.400632,1.383341
84435.000000,33.578274,-117.064238,462.272526,33.578273,-117.064246,462.828730,1.400881,1.383740
84450.000000,33.578274,-117.064238,462.286187,33.578273,-117.064246,462.829324,1.401133,1.384139
84465.000000,33.578274,-117.064238,462.299895,33.578273,-117.064246,462.829918,1.401382,1.384538
84480.000000,33.578274,-117.064238,462.313300,33.578273,-117.064246,462.830512,1.401633,1.384937
84495.000000,33.578274,-117.064238,462.326628,33.578273,-117.064246,462.831106,1.401886,1.385336
84510.000000,33.578274,-117.064238,462.339456,33.578273,-117.064246,462.831700,1.402141,1.385735
84525.000000,33.578274,-117.064238,462.352140,33.578273,-117.064246,462.832294,1.402396,1.386135
84540.000000,33.578274,-117.064239,462.364483,33.578273,-117.064246,462.832888,1.402655,1.386534
84555.000000,33.578274,-117.064239,462.376934,33.578273,-117.064246,462.833482,1.402912,1.386933
84570.000000,33.578274,-117.064239,462.389322,33.578273,-117.064246,462.834076,1.403167,1.387333
84585.000000,33.578274,-117.064239,462.401541,33.578273,-117.064246,462.834670,1.403423,1.387732
84600.000000,33.578274,-117.064239,462.413514,33.578273,-117.064246,462.835264,1.403680,1.388132
84615.000000,33.578274,-117.064239,462.425347,33.578273,-117.064246,462.835858,1.403937,1.388531
84630.000000,33.578273,-117.064239,462.436915,33.578273,-117.064246,462.836452,1.404196,1.388931
84645.000000,33.578273,-117.064239,462.448041,33.578273,-117.064246,462.837046,1.404454,1.389331
84660.000000,33.578273,-117.064239,462.459218,33.578273,-117.064246,462.837640,1.404714,1.389730
84675.000000,33.578273,-117.064239,462.470326,33.578273,-117.064246,462.838234,1.404975,1.390130
84690.000000,33.578273,-117.064239,462.481157,33.578273,-117.064246,462.838828,1.405235,1.390530
84705.000000,33.578273,-117.064239,462.491944,33.578273,-117.064246,462.839422,1.405497,1.390930
84720.000000,33.578273,-117.064239,462.502539,33.578272,-117.064246,462.840016,1.405756,1.391330
84735.000000,33.578273,-117.064239,462.512864,33.578272,-117.064246,462.840610,1.406016,1.391730
84750.000000,33.578273,-117.064240,462.523177,33.578272,-117.064246,462.841204,1.406274,1.392130
84765.000000,33.578273,-117.064240,462.533305,33.578272,-117.064246,462.841798,1.406534,1.392531
84780.000000,33.578273,-117.064240,462.543474,33.578272,-117.064246,462.842392,1.406792,1.392931
84795.000000,33.578273,-117.064240,462.553293,33.578272,-117.064246,462.842986,1.407053,1.393331
84810.000000,33.578273,-117.064240,462.562922,33.578272,-117.064246,462.843580,1.407315,1.393732
84825.000000,33.578273,-117.064240,462.572525,33.578272,-117.064246,462.844174,1.407575,1.394132
84840.000000,33.578273,-117.064240,462.581942,33.578272,-117.064246,462.844768,1.407837,1.394533
84855.000000,33.578273,-117.064240,462.591331,33.578272,-117.064246,462.845362,1.408100,1.394933
84870.000000,33.578273,-117.064240,462.600579,33.578272,-117.064246,462.845956,1.408361,1.395334
84885.000000,33.578273,-117.064240,462.609706,33.578272,-117.064246,462.846550,1.408622,1.395734
84900.000000,33.578273,-117.064240,462.618752,33.578272,-117.064246,462.847144,1.408881,1.396135
84915.000000,33.578273,-117.064240,462.627436,33.578272,-117.064246,462.847738,1.409144,1.396536
84930.000000,33.578273,-117.064240,462.635762,33.578272,-117.064246,462.848332,1.409408,1.396937
84945.000000,33.578273,-117.064240,462.643903,33.578272,-117.064246,462.848926,1.409671,1.397338
84960.000000,33.578273,-117.064241,462.651745,33.578272,-117.064246,462.849520,1.409934,1.397739
84975.000000,33.578273,-117.064241,462.659440,33.578272,-117.064246,462.850114,1.410198,1.398140
84990.000000,33.578272,-117.064241,462.667215,33.578272,-117.064246,462.850708,1.410461,1.398541
85005.000000,33.578272,-117.064241,462.674728,33.578272,-117.064246,462.851301,1.410722,1.398942
85020.000000,33.578272,-117.064241,462.682265,33.578272,-117.064246,462.851895,1.410981,1.399343
85035.000000,33.578272,-117.064241,462.689508,33.578272,-117.064246,462.852489,1.411241,1.399744
85050.000000,33.578272,-117.064241,462.696184,33.578272,-117.064246,462.853083,1.411503,1.400145
85065.000000,33.578272,-117.064241,462.702663,33.578272,-117.064246,462.853677,1.411765,1.400547
85080.000000,33.578272,-117.064241,462.708957,33.578272,-117.064246,462.854271,1.412029,1.400948
85095.000000,33.578272,-117.064241,462.715087,33.578272,-117.064246,462.854865,1.412292,1.401350
85110.000000,33.578272,-117.064241,462.721133,33.578272,-117.064246,462.855459,1.412555,1.401751
85125.000000,33.578272,-117.064241,462.726966,33.578272,-117.064246,462.856053,1.412817,1.402153
85140.000000,33.578272,-117.064241,462.732602,33.578272,-117.064246,462.856647,1.413079,1.402555
85155.000000,33.578272,-117.064241,462.737762,33.578272,-117.064246,462.857241,1.413340,1.402956
85170.000000,33.578272,-117.064241,462.742656,33.578272,-117.064246,462.857835,1.413601,1.403358
85185.000000,33.578272,-117.064241,462.747504,33.578272,-117.064246,462.858429,1.413864,1.403760
85200.000000,33.578272,-117.064242,462.752001,33.578272,-117.064246,462.859023,1.414128,1.404162
85215.000000,33.578272,-117.064242,462.756276,33.578272,-117.064246,462.859617,1.414393,1.404564
85230.000000,33.578272,-117.064242,462.760273,33.578272,-117.064246,462.860211,1.414657,1.404966
85245.000000,33.578272,-117.064242,462.764308,33.578272,-117.064246,462.860805,1.414922,1.405368
85260.000000,33.578272,-117.064242,462.768003,33.578272,-117.064246,462.861399,1.415187,1.405770
85275.000000,33.578272,-117.064242,462.771645,33.578272,-117.064246,462.861993,1.415450,1.406172
85290.000000,33.578272,-117.064242,462.774996,33.578272,-117.064246,462.862587,1.415714,1.406574
85305.000000,33.578272,-117.064242,462.778233,33.578272,-117.064246,462.863181,1.415977,1.406976
85320.000000,33.578272,-117.064242,462.781054,33.578272,-117.064246,462.863775,1.416243,1.407379
85335.000000,33.578272,-117.064242,462.783841,33.578272,-117.064246,462.864369,1.416506,1.407781
85350.000000,33.578272,-117.064242,462.786390,33.578272,-117.064246,462.864963,1.416770,1.408184
85365.000000,33.578272,-117.064242,462.788855,33.578272,-117.064246,462.865557,1.417033,1.408586
85380.000000,33.578272,-117.064242,462.791367,33.578272,-117.064246,462.866151,1.417296,1.408989
85395.000000,33.578271,-117.064242,462.793269,33.578272,-117.064246,462.866745,1.417560,1.409391
85410.000000,33.578271,-117.064242,462.795140,33.578272,-117.064246,462.867339,1.417825,1.409794
85425.000000,33.578271,-117.064242,462.796720,33.578272,-117.064246,462.867933,1.418089,1.410197
85440.000000,33.578271,-117.064242,462.797976,33.578272,-117.064246,462.868527,1.418351,1.410599
85455.000000,33.578271,-117.064243,462.799156,33.578272,-117.064246,462.869121,1.418615,1.411002
85470.000000,33.578271,-117.064243,462.799803,33.578272,-117.064246,462.869715,1.418881,1.411405
85485.000000,33.578271,-117.064243,462.800406,33.578272,-117.064246,462.870309,1.419145,1.411808
85500.000000,33.578271,-117.064243,462.800978,33.578272,-117.064246,462.870903,1.419407,1.412211
85515.000000,33.578271,-117.064243,462.801322,33.578272,-117.064246,462.871497,1.419669,1.412614
85530.000000,33.578271,-117.064243,462.801560,33.578272,-117.064246,462.872091,1.419930,1.413017
85545.000000,33.578271,-117.064243,462.801514,33.578271,-117.064246,462.872685,1.420190,1.413421
85560.000000,33.578271,-117.064243,462.801148,33.578271,-117.064246,462.873279,1.420451,1.413824
85575.000000,33.578271,-117.064243,462.800287,33.578271,-117.064246,462.873873,1.420712,1.414227
85590.000000,33.578271,-117.064243,462.799287,33.578271,-117.064246,462.874467,1.420975,1.414630
85605.000000,33.578271,-117.064243,462.797896,33.578271,-117.064246,462.875061,1.421236,1.415034
85620.000000,33.578271,-117.064243,462.796428,33.578271,-117.064246,462.875655,1.421497,1.415437
85635.000000,33.578271,-117.064243,462.794828,33.578271,-117.064246,462.876249,1.421757,1.415841
85650.000000,33.578271,-117.064243,462.802706,33.578271,-117.064246,462.876843,1.422035,1.416244
85665.000000,33.578271,-117.064243,462.810459,33.578271,-117.064246,462.877437,1.422317,1.416648
85680.000000,33.578271,-117.064243,462.817967,33.578271,-117.064246,462.878031,1.422601,1.417052
85695.000000,33.578271,-117.064243,462.824911,33.578271,-117.064246,462.878625,1.422883,1.417455
85710.000000,33.578271,-117.064243,462.832049,33.578271,-117.064246,462.879219,1.423168,1.417859
85725.000000,33.578271,-117.064244,462.838838,33.578271,-117.064246,462.879813,1.423453,1.418263
85740.000000,33.578271,-117.064244,462.845227,33.578271,-117.064246,462.880407,1.423738,1.418667
85755.000000,33.578271,-117.064244,462.851757,33.578271,-117.064246,462.881001,1.424022,1.419071
85770.000000,33.578271,-117.064244,462.858057,33.578271,-117.064246,462.881595,1.424308,1.419475
85785.000000,33.578271,-117.064244,462.863962,33.578271,-117.064246,462.882189,1.424594,1.419879
85800.000000,33.578271,-117.064244,462.869668,33.578271,-117.064246,462.882783,1.424880,1.420283
85815.000000,33.578271,-117.064244,462.875207,33.578271,-117.064246,462.883377,1.425168,1.420687
85830.000000,33.578271,-117.064244,462.880357,33.578271,-117.064246,462.883971,1.425456,1.421092
85845.000000,33.578271,-117.064244,462.885346,33.578271,-117.064246,462.884565,1.425742,1.421496
85860.000000,33.578271,-117.064244,462.890187,33.578271,-117.064246,462.885159,1.426029,1.421900
85875.000000,33.578271,-117.064244,462.894790,33.578271,-117.064246,462.885753,1.426315,1.422305
85890.000000,33.578271,-117.064244,462.899162,33.578271,-117.064246,462.886347,1.426602,1.422709
85905.000000,33.578271,-117.064244,462.903333,33.578271,-117.064246,462.886941,1.426891,1.423114
85920.000000,33.578271,-117.064244,462.906979,33.578271,-117.064246,462.887535,1.427176,1.423518
85935.000000,33.578271,-117.064244,462.910750,33.578271,-117.064246,462.888129,1.427463,1.423923
85950.000000,33.578271,-117.064244,462.914389,33.578271,-117.064246,462.888723,1.427752,1.424327
85965.000000,33.578271,-117.064244,462.917261,33.578271,-117.064246,462.889317,1.428034,1.424732
85980.000000,33.578271,-117.064244,462.920606,33.578271,-117.064246,462.889911,1.428324,1.425137
85995.000000,33.578271,-117.064244,462.923460,33.578271,-117.064246,462.890505,1.428613,1.425542
86010.000000,33.578271,-117.064245,462.925622,33.578271,-117.064246,462.891099,1.428901,1.425947
86025.000000,33.578271,-117.064245,462.927686,33.578271,-117.064246,462.891693,1.429190,1.426352
86040.000000,33.578271,-117.064245,462.929828,33.578271,-117.064246,462.892287,1.429479,1.426757
86055.000000,33.578271,-117.064245,462.931439,33.578271,-117.064246,462.892881,1.429768,1.427162
86070.000000,33.578271,-117.064245,462.932808,33.578271,-117.064246,462.893475,1.430054,1.427567
86085.000000,33.578270,-117.064245,462.933776,33.578271,-117.064246,462.894069,1.430340,1.427972
86100.000000,33.578270,-117.064245,462.934775,33.578271,-117.064246,462.894663,1.430629,1.428377
86115.000000,33.578270,-117.064245,462.935584,33.578271,-117.064246,462.895257,1.430916,1.428783
86130.000000,33.578270,-117.064245,462.936033,33.578271,-117.064246,462.895851,1.431204,1.429188
86145.000000,33.578270,-117.064245,462.936610,33.578271,-117.064246,462.896445,1.431492,1.429593
86160.000000,33.578270,-117.064245,462.936836,33.578271,-117.064246,462.897039,1.431779,1.429999
86175.000000,33.578270,-117.064245,462.936461,33.578271,-117.064246,462.897633,1.432066,1.430404
86190.000000,33.578270,-117.064245,462.936103,33.578271,-117.064246,462.898227,1.432352,1.430810
86205.000000,33.578270,-117.064245,462.935546,33.578271,-117.064246,462.898821,1.432641,1.431215
86220.000000,33.578270,-117.064245,462.934636,33.578271,-117.064246,462.899415,1.432929,1.431621
86235.000000,33.578270,-117.064245,462.933454,33.578271,-117.064246,462.900009,1.433215,1.432027
86250.000000,33.578270,-117.064245,462.932060,33.578271,-117.064246,462.900603,1.433502,1.432432
86265.000000,33.578270,-117.064245,462.930118,33.578271,-117.064246,462.901197,1.433788,1.432838
86280.000000,33.578270,-117.064245,462.927958,33.578271,-117.064246,462.901791,1.434074,1.433244
86295.000000,33.578270,-117.064245,462.925817,33.578271,-117.064246,462.902385,1.434363,1.433650
86310.000000,33.578270,-117.064245,462.923236,33.578271,-117.064246,462.902979,1.434650,1.434056
86325.000000,33.578270,-117.064245,462.920214,33.578271,-117.064246,462.903573,1.434937,1.434462
86340.000000,33.578270,-117.064246,462.916827,33.578271,-117.064246,462.904167,1.435224,1.434868
86355.000000,33.578270,-117.064246,462.913556,33.578270,-117.064246,462.904761,1.435512,1.435274
86370.000000,33.578270,-117.064246,462.909860,33.578270,-117.064246,462.905355,1.435799,1.435681
86385.000000,33.578270,-117.064246,462.905949,33.578270,-117.064246,462.905949,1.436087,1.436087
