t_gps,kf_lat,kf_lon,kf_h,rts_lat,rts_lon,rts_h,kf_sigma,rts_sigma
0,33.578365,-117.064533,454.636594,33.578378,-117.064249,456.597292,45.610014,1.832342
15,33.578365,-117.064532,454.481517,33.578378,-117.064249,456.597896,44.041357,1.8319
30,33.578366,-117.064531,453.934781,33.578378,-117.064249,456.598499,45.867651,1.831458
45,33.578367,-117.06453,453.130658,33.578378,-117.064249,456.599102,49.087034,1.831015
60,33.57837,-117.064528,451.842853,33.578378,-117.064249,456.599705,52.109699,1.830573
75,33.578373,-117.064527,450.041999,33.578378,-117.064249,456.600309,54.209324,1.830131
90,33.578376,-117.064524,448.399873,33.578378,-117.064249,456.600912,55.307553,1.829689
105,33.57838,-117.064522,446.403037,33.578378,-117.064249,456.601515,55.565301,1.829247
120,33.578384,-117.06452,444.345719,33.578378,-117.064249,456.602119,55.226656,1.828804
135,33.578388,-117.064518,442.485299,33.578378,-117.064249,456.602722,54.535927,1.828362
150,33.578392,-117.064516,440.75706,33.578378,-117.064249,456.603325,53.627846,1.82792
165,33.578396,-117.064514,438.801359,33.578378,-117.064249,456.603929,52.594824,1.827478
180,33.5784,-117.064511,436.860936,33.578378,-117.064249,456.604532,51.472333,1.827036
195,33.578404,-117.064509,434.989622,33.578378,-117.064249,456.605135,50.361548,1.826594
210,33.578409,-117.064507,433.196047,33.578378,-117.064249,456.605739,49.25462,1.826152
225,33.578412,-117.064505,431.499219,33.578378,-117.064249,456.606342,48.177374,1.82571
240,33.578416,-117.064502,429.805702,33.578378,-117.064249,456.606945,47.102461,1.825268
255,33.57842,-117.0645,427.890173,33.578378,-117.064249,456.607549,46.082762,1.824826
270,33.578424,-117.064499,425.985778,33.578378,-117.064249,456.608152,45.126023,1.824384
285,33.578427,-117.064497,424.170272,33.578378,-117.064249,456.608755,44.180368,1.823943
300,33.578431,-117.064495,422.46472,33.578378,-117.064249,456.609359,43.289585,1.823501
315,33.578435,-117.064493,420.702851,33.578378,-117.064249,456.609962,42.454705,1.823059
330,33.578438,-117.064491,418.907787,33.578378,-117.064249,456.610565,41.652346,1.822617
345,33.578442,-117.06449,417.118353,33.578378,-117.064249,456.611169,40.898674,1.822175
360,33.578446,-117.064488,415.375611,33.578378,-117.064249,456.611772,40.200815,1.821734
375,33.57845,-117.064486,413.634192,33.578378,-117.064249,456.612375,39.514675,1.821292
390,33.578454,-117.064484,411.898579,33.578378,-117.064249,456.612979,38.846573,1.82085
405,33.578457,-117.064482,410.233377,33.578378,-117.064249,456.613582,38.218739,1.820409
420,33.578461,-117.06448,408.461109,33.578378,-117.064249,456.614185,37.595007,1.819967
435,33.578465,-117.064478,406.700139,33.578378,-117.064249,456.614789,36.989988,1.819525
450,33.578468,-117.064476,404.969167,33.578378,-117.064249,456.615392,36.422114,1.819084
465,33.578472,-117.064474,403.3083,33.578377,-117.064249,456.615995,35.879151,1.818642
480,33.578475,-117.064472,401.680022,33.578377,-117.064249,456.616599,35.341589,1.818201
495,33.578479,-117.06447,400.04465,33.578377,-117.064249,456.617202,34.835495,1.817759
510,33.578482,-117.064468,398.461518,33.578377,-117.064249,456.617805,34.335505,1.817318
525,33.578486,-117.064467,396.779207,33.578377,-117.064249,456.618409,33.859219,1.816876
540,33.578489,-117.064465,395.152362,33.578377,-117.064249,456.619012,33.391993,1.816435
555,33.578493,-117.064463,393.518057,33.578377,-117.064249,456.619615,32.94174,1.815994
570,33.578497,-117.064461,391.857835,33.578377,-117.064249,456.620219,32.503906,1.815552
585,33.5785,-117.06446,390.206374,33.578377,-117.064249,456.620822,32.093336,1.815111
600,33.578504,-117.064458,388.547118,33.578377,-117.064249,456.621425,31.675071,1.81467
615,33.578507,-117.064457,386.917578,33.578377,-117.064249,456.622029,31.29022,1.814228
630,33.578511,-117.064455,385.34477,33.578377,-117.064249,456.622632,30.902505,1.813787
645,33.578514,-117.064454,383.770446,33.578377,-117.064249,456.623235,30.534147,1.813346
660,33.578518,-117.064453,382.178273,33.578377,-117.064249,456.623839,30.166726,1.812905
675,33.578521,-117.064451,380.583003,33.578377,-117.064249,456.624442,29.815347,1.812463
690,33.578525,-117.06445,379.022919,33.578377,-117.064249,456.625045,29.470873,1.812022
705,33.578528,-117.064449,377.436329,33.578377,-117.064249,456.625649,29.134672,1.811581
720,33.578532,-117.064448,375.820801,33.578377,-117.064249,456.626252,28.809731,1.81114
735,33.578535,-117.064446,374.246598,33.578377,-117.064249,456.626855,28.492705,1.810699
750,33.578538,-117.064445,372.739172,33.578377,-117.064249,456.627459,28.176309,1.810258
765,33.578541,-117.064444,371.231072,33.578377,-117.064249,456.628062,27.865502,1.809817
780,33.578545,-117.064442,369.715634,33.578377,-117.064249,456.628665,27.567387,1.809376
795,33.578548,-117.064441,368.175126,33.578377,-117.064249,456.629269,27.276386,1.808935
810,33.578551,-117.06444,366.65398,33.578377,-117.064249,456.629872,26.984095,1.808494
825,33.578555,-117.064439,365.132814,33.578377,-117.064249,456.630475,26.703853,1.808053
840,33.578558,-117.064437,363.667558,33.578377,-117.064249,456.631079,26.428005,1.807612
855,33.578561,-117.064436,362.173426,33.578377,-117.064249,456.631682,26.157247,1.807171
870,33.578564,-117.064435,360.689324,33.578377,-117.064249,456.632285,25.883631,1.806731
885,33.578567,-117.064434,359.24284,33.578377,-117.064249,456.632889,25.628428,1.80629
900,33.578571,-117.064433,357.840683,33.578377,-117.064249,456.633492,25.368322,1.805849
915,33.578574,-117.064431,356.458911,33.578377,-117.064249,456.634095,25.114718,1.805408
930,33.578577,-117.06443,355.074869,33.578377,-117.064249,456.634699,24.863262,1.804968
945,33.57858,-117.064429,353.722604,33.578377,-117.064249,456.635302,24.617082,1.804527
960,33.578583,-117.064428,352.36995,33.578377,-117.064249,456.635905,24.376262,1.804086
975,33.578586,-117.064428,351.060035,33.578377,-117.064249,456.636509,24.140721,1.803646
990,33.578589,-117.064427,349.758738,33.578377,-117.064249,456.637112,23.910005,1.803205
1005,33.578591,-117.064426,348.482068,33.578377,-117.064249,456.637715,23.683634,1.802764
1020,33.578594,-117.064425,347.227237,33.578377,-117.064249,456.638319,23.45989,1.802324
1035,33.578597,-117.064424,345.933611,33.578377,-117.064249,456.638922,23.241803,1.801883
1050,33.5786,-117.064424,344.652751,33.578377,-117.064249,456.639525,23.02197,1.801443
1065,33.578603,-117.064423,343.419251,33.578377,-117.064249,456.640129,22.804412,1.801002
1080,33.578605,-117.064422,342.195409,33.578377,-117.064249,456.640732,22.58996,1.800562
1095,33.578608,-117.064422,340.991344,33.578377,-117.064249,456.641335,22.379919,1.800121
1110,33.578611,-117.064421,339.796651,33.578377,-117.064249,456.641939,22.175339,1.799681
1125,33.578613,-117.064421,338.591838,33.578377,-117.064249,456.642542,21.973523,1.799241
1140,33.578616,-117.06442,337.405348,33.578377,-117.064249,456.643145,21.773577,1.7988
1155,33.578619,-117.06442,336.214241,33.578377,-117.064249,456.643749,21.578855,1.79836
1170,33.578621,-117.064419,335.104771,33.578377,-117.064249,456.644352,21.382861,1.79792
1185,33.578624,-117.064419,334.006192,33.578377,-117.064249,456.644955,21.19557,1.797479
1200,33.578626,-117.064418,332.958388,33.578377,-117.064249,456.645559,21.004838,1.797039
1215,33.578628,-117.064418,331.89388,33.578377,-117.064249,456.646162,20.817504,1.796599
1230,33.578631,-117.064417,330.840122,33.578377,-117.064249,456.646765,20.631987,1.796159
1245,33.578633,-117.064417,329.841292,33.578377,-117.064249,456.647369,20.450445,1.795719
1260,33.578624,-117.064413,331.740899,33.578376,-117.064249,456.647972,20.423079,1.795279
1275,33.578615,-117.064409,333.61935,33.578376,-117.064249,456.648575,20.389028,1.794838
1290,33.578606,-117.064405,335.419027,33.578376,-117.064249,456.649179,20.355168,1.794398
1305,33.578598,-117.064401,337.183605,33.578376,-117.064249,456.649782,20.319049,1.793958
1320,33.578589,-117.064397,338.952794,33.578376,-117.064249,456.650385,20.271372,1.793518
1335,33.578581,-117.064394,340.618746,33.578376,-117.064249,456.650989,20.22887,1.793078
1350,33.578572,-117.06439,342.262862,33.578376,-117.064249,456.651592,20.179348,1.792638
1365,33.578564,-117.064387,343.853498,33.578376,-117.064249,456.652195,20.130763,1.792199
1380,33.578557,-117.064383,345.397904,33.578376,-117.064249,456.652799,20.077314,1.791759
1395,33.578549,-117.06438,346.886246,33.578376,-117.064249,456.653402,20.023835,1.791319
1410,33.578542,-117.064376,348.317537,33.578376,-117.064249,456.654005,19.96807,1.790879
1425,33.578535,-117.064373,349.732025,33.578376,-117.064249,456.654609,19.906092,1.790439
1440,33.578527,-117.06437,351.089169,33.578376,-117.064249,456.655212,19.846536,1.789999
1455,33.578521,-117.064367,352.406525,33.578376,-117.064249,456.655815,19.779067,1.78956
1470,33.578514,-117.064363,353.666842,33.578376,-117.064249,456.656419,19.713506,1.78912
1485,33.578507,-117.06436,354.870147,33.578376,-117.064249,456.657022,19.645334,1.78868
1500,33.578501,-117.064357,356.014788,33.578376,-117.064249,456.657625,19.575127,1.78824
1515,33.578495,-117.064354,357.145403,33.578376,-117.064249,456.658229,19.503102,1.787801
1530,33.578489,-117.064351,358.235808,33.578376,-117.064249,456.658832,19.425305,1.787361
1545,33.578483,-117.064348,359.289259,33.578376,-117.064249,456.659435,19.348276,1.786922
1560,33.578477,-117.064345,360.292438,33.578376,-117.064249,456.660039,19.268622,1.786482
1575,33.578472,-117.064343,361.241279,33.578376,-117.064249,456.660642,19.190834,1.786042
1590,33.578466,-117.06434,362.111146,33.578376,-117.064249,456.661245,19.115485,1.785603
1605,33.578461,-117.064337,362.955211,33.578376,-117.064249,456.661849,19.036332,1.785163
1620,33.578456,-117.064335,363.765152,33.578376,-117.064249,456.662452,18.958453,1.784724
1635,33.578451,-117.064332,364.542096,33.578376,-117.064249,456.663055,18.877528,1.784285
1650,33.578447,-117.06433,365.283015,33.578376,-117.064249,456.663659,18.797896,1.783845
1665,33.578442,-117.064327,365.991537,33.578376,-117.064249,456.664262,18.718167,1.783406
1680,33.578437,-117.064325,366.675686,33.578376,-117.064249,456.664865,18.634894,1.782966
1695,33.578433,-117.064323,367.308944,33.578376,-117.064249,456.665469,18.557996,1.782527
1710,33.578429,-117.06432,367.900433,33.578376,-117.064249,456.666072,18.477275,1.782088
1725,33.578425,-117.064318,368.482527,33.578376,-117.064249,456.666675,18.397346,1.781649
1740,33.578421,-117.064316,369.040359,33.578376,-117.064249,456.667278,18.319454,1.781209
1755,33.578417,-117.064314,369.582322,33.578376,-117.064249,456.667882,18.238647,1.78077
1770,33.578413,-117.064312,370.072574,33.578376,-117.064249,456.668485,18.161376,1.780331
1785,33.578409,-117.06431,370.546318,33.578376,-117.064249,456.669088,18.082429,1.779892
1800,33.578406,-117.064308,370.98676,33.578376,-117.064249,456.669692,18.006443,1.779453
1815,33.578402,-117.064306,371.414014,33.578376,-117.064249,456.670295,17.9273,1.779014
1830,33.578399,-117.064304,371.818346,33.578376,-117.064249,456.670898,17.847385,1.778574
1845,33.578396,-117.064302,372.202758,33.578376,-117.064249,456.671502,17.768842,1.778135
1860,33.578392,-117.0643,372.559754,33.578376,-117.064249,456.672105,17.688027,1.777696
1875,33.578389,-117.064299,372.90073,33.578376,-117.064249,456.672708,17.607834,1.777257
1890,33.578386,-117.064297,373.236828,33.578376,-117.064249,456.673312,17.523935,1.776818
1905,33.578383,-117.064296,373.547835,33.578376,-117.064249,456.673915,17.441895,1.77638
1920,33.578381,-117.064294,373.844114,33.578376,-117.064249,456.674518,17.358971,1.775941
1935,33.578378,-117.064292,374.127245,33.578376,-117.064249,456.675122,17.275914,1.775502
1950,33.578375,-117.064291,374.381479,33.578376,-117.064249,456.675725,17.19542,1.775063
1965,33.578372,-117.064289,374.625781,33.578376,-117.064249,456.676328,17.110963,1.774624
1980,33.57837,-117.064288,374.853393,33.578376,-117.064249,456.676932,17.027571,1.774185
1995,33.578368,-117.064286,375.054823,33.578376,-117.064249,456.677535,16.943222,1.773747
2010,33.578365,-117.064285,375.239898,33.578376,-117.064249,456.678138,16.858287,1.773308
2025,33.578363,-117.064283,375.411065,33.578376,-117.064249,456.678742,16.773317,1.772869
2040,33.578361,-117.064282,375.56818,33.578376,-117.064249,456.679345,16.691823,1.77243
2055,33.578359,-117.064281,375.699679,33.578375,-117.064249,456.679948,16.610518,1.771992
2070,33.578357,-117.06428,375.804402,33.578375,-117.064249,456.680552,16.531975,1.771553
2085,33.578355,-117.06428,376.267877,33.578375,-117.064249,456.681155,16.480414,1.771115
2100,33.578354,-117.064281,376.72259,33.578375,-117.064249,456.681758,16.429909,1.770676
2115,33.578353,-117.064281,377.144529,33.578375,-117.064249,456.682362,16.379626,1.770238
2130,33.578352,-117.064281,377.566211,33.578375,-117.064249,456.682965,16.325335,1.769799
2145,33.57835,-117.064282,377.984824,33.578375,-117.064249,456.683568,16.269894,1.769361
2160,33.578349,-117.064282,378.332638,33.578375,-117.064249,456.684172,16.218911,1.768922
2175,33.578349,-117.06428,379.314317,33.578375,-117.064249,456.684775,16.159403,1.768484
2190,33.578348,-117.064278,380.248394,33.578375,-117.064249,456.685378,16.102109,1.768045
2205,33.578347,-117.064277,381.181005,33.578375,-117.064249,456.685982,16.040636,1.767607
2220,33.578346,-117.064275,382.048773,33.578375,-117.064249,456.686585,15.983291,1.767169
2235,33.578346,-117.064273,382.905413,33.578375,-117.064249,456.687188,15.923663,1.76673
2250,33.578345,-117.064272,383.757954,33.578375,-117.064249,456.687792,15.861036,1.766292
2265,33.578344,-117.06427,384.554475,33.578375,-117.064249,456.688395,15.802305,1.765854
2280,33.578344,-117.064269,385.340121,33.578375,-117.064249,456.688998,15.741613,1.765416
2295,33.578343,-117.064267,386.100632,33.578375,-117.064249,456.689602,15.680173,1.764977
2310,33.578342,-117.064266,386.797878,33.578375,-117.064249,456.690205,15.62231,1.764539
2325,33.578342,-117.064264,387.496599,33.578375,-117.064249,456.690808,15.561027,1.764101
2340,33.578341,-117.064263,388.174307,33.578375,-117.064249,456.691412,15.50056,1.763663
2355,33.57834,-117.064261,388.805354,33.578375,-117.064249,456.692015,15.444217,1.763225
2370,33.578339,-117.06426,389.439679,33.578375,-117.064249,456.692618,15.385568,1.762787
2385,33.578339,-117.064258,390.05612,33.578375,-117.064249,456.693222,15.327872,1.762349
2400,33.578338,-117.064257,390.612765,33.578375,-117.064249,456.693825,15.273261,1.761911
2415,33.578337,-117.064256,391.165766,33.578375,-117.064249,456.694428,15.214589,1.761473
2430,33.578337,-117.064254,391.694378,33.578375,-117.064249,456.695032,15.157638,1.761035
2445,33.578336,-117.064253,392.195515,33.578375,-117.064249,456.695635,15.100319,1.760597
2460,33.578336,-117.064252,392.698288,33.578375,-117.064249,456.696238,15.040946,1.760159
2475,33.578335,-117.064251,393.186013,33.578375,-117.064249,456.696842,14.98031,1.759722
2490,33.578334,-117.06425,393.626516,33.578375,-117.064249,456.697445,14.922486,1.759284
2505,33.578334,-117.064249,394.062631,33.578375,-117.064249,456.698048,14.862606,1.758846
2520,33.578333,-117.064247,394.478932,33.578375,-117.064249,456.698652,14.802318,1.758408
2535,33.578333,-117.064246,394.855806,33.578375,-117.064249,456.699255,14.747432,1.757971
2550,33.578332,-117.064245,395.224601,33.578375,-117.064249,456.699858,14.691828,1.757533
2565,33.578332,-117.064244,395.5902,33.578375,-117.064249,456.700462,14.635124,1.757095
2580,33.578331,-117.064243,395.92073,33.578375,-117.064249,456.701065,14.579842,1.756658
2595,33.57833,-117.064242,396.224682,33.578375,-117.064249,456.701668,14.527638,1.75622
2610,33.57833,-117.064241,396.531118,33.578375,-117.064249,456.702272,14.472864,1.755782
2625,33.578329,-117.06424,396.827182,33.578375,-117.064249,456.702875,14.41807,1.755345
2640,33.578328,-117.064239,397.09488,33.578375,-117.064249,456.703478,14.366715,1.754907
2655,33.578328,-117.064239,397.366989,33.578375,-117.064249,456.704082,14.312172,1.75447
2670,33.578327,-117.064238,397.639925,33.578375,-117.064249,456.704685,14.256863,1.754032
2685,33.578327,-117.064237,397.883258,33.578375,-117.064249,456.705288,14.205244,1.753595
2700,33.578326,-117.064236,398.108132,33.578375,-117.064249,456.705892,14.151864,1.753158
2715,33.578325,-117.064235,398.336913,33.578375,-117.064249,456.706495,14.098757,1.75272
2730,33.578325,-117.064234,398.536029,33.578375,-117.064249,456.707098,14.047679,1.752283
2745,33.578324,-117.064234,398.74507,33.578375,-117.064249,456.707702,13.996416,1.751846
2760,33.578323,-117.064233,398.951233,33.578375,-117.064249,456.708305,13.940961,1.751408
2775,33.578323,-117.064232,399.136583,33.578375,-117.064249,456.708908,13.889778,1.750971
2790,33.578322,-117.064231,399.277384,33.578375,-117.064249,456.709512,13.84198,1.750534
2805,33.578321,-117.064231,399.448527,33.578375,-117.064249,456.710115,13.78864,1.750097
2820,33.578321,-117.06423,399.624594,33.578375,-117.064249,456.710718,13.733278,1.749659
2835,33.57832,-117.06423,399.766779,33.578374,-117.064249,456.711322,13.680812,1.749222
2850,33.57832,-117.064229,399.914224,33.578374,-117.064249,456.711925,13.626954,1.748785
2865,33.578319,-117.064228,400.057559,33.578374,-117.064249,456.712528,13.571835,1.748348
2880,33.578319,-117.064228,400.19986,33.578374,-117.064249,456.713132,13.515843,1.747911
2895,33.578318,-117.064227,400.317604,33.578374,-117.064249,456.713735,13.462589,1.747474
2910,33.578318,-117.064227,400.451297,33.578374,-117.064249,456.714338,13.407096,1.747037
2925,33.578317,-117.064227,400.575825,33.578374,-117.064249,456.714942,13.350821,1.7466
2940,33.578316,-117.064226,400.650788,33.578374,-117.064249,456.715545,13.301066,1.746163
2955,33.578316,-117.064226,400.711861,33.578374,-117.064249,456.716148,13.252002,1.745726
2970,33.578315,-117.064225,400.796982,33.578374,-117.064249,456.716752,13.198032,1.745289
2985,33.578315,-117.064225,400.882057,33.578374,-117.064249,456.717355,13.143195,1.744853
3000,33.578314,-117.064224,400.972591,33.578374,-117.064249,456.717958,13.089393,1.744416
3015,33.578314,-117.064224,401.046609,33.578374,-117.064249,456.718562,13.036708,1.743979
3030,33.578313,-117.064224,401.134211,33.578374,-117.064249,456.719165,12.98204,1.743542
3045,33.578313,-117.064223,401.194633,33.578374,-117.064249,456.719768,12.931526,1.743106
3060,33.578312,-117.064223,401.233803,33.578374,-117.064249,456.720372,12.883446,1.742669
3075,33.578312,-117.064223,401.281452,33.578374,-117.064249,456.720975,12.834923,1.742232
3090,33.578311,-117.064222,401.357981,33.578374,-117.064249,456.721578,12.78146,1.741796
3105,33.578311,-117.064222,401.425259,33.578374,-117.064249,456.722182,12.729583,1.741359
3120,33.57831,-117.064222,401.455466,33.578374,-117.064249,456.722785,12.682762,1.740922
3135,33.578309,-117.064222,401.483483,33.578374,-117.064249,456.723388,12.637638,1.740486
3150,33.578309,-117.064221,401.525883,33.578374,-117.064249,456.723992,12.589198,1.740049
3165,33.578308,-117.064221,401.5785,33.578374,-117.064249,456.724595,12.538666,1.739613
3180,33.578308,-117.064221,401.616249,33.578374,-117.064249,456.725198,12.490161,1.739177
3195,33.578307,-117.064221,401.632759,33.578374,-117.064249,456.725802,12.444702,1.73874
3210,33.578306,-117.06422,401.654244,33.578374,-117.064249,456.726405,12.397376,1.738304
3225,33.578335,-117.06421,409.311339,33.578374,-117.064249,456.727008,11.825341,1.737867
3240,33.578359,-117.064201,415.633378,33.578374,-117.064249,456.727612,11.337801,1.737431
3255,33.578379,-117.064193,420.870896,33.578374,-117.064249,456.728215,10.917803,1.736995
3270,33.578395,-117.064187,425.298016,33.578374,-117.064249,456.728818,10.554793,1.736558
3285,33.57841,-117.064181,429.123782,33.578374,-117.064249,456.729422,10.236259,1.736122
3300,33.578422,-117.064176,432.481954,33.578374,-117.064249,456.730025,9.948833,1.735686
3315,33.578433,-117.064172,435.467606,33.578374,-117.064249,456.730628,9.693262,1.73525
3330,33.578442,-117.064168,438.114786,33.578374,-117.064249,456.731232,9.464195,1.734814
3345,33.578451,-117.064164,440.46041,33.578374,-117.064249,456.731835,9.25901,1.734378
3360,33.578458,-117.064161,442.610325,33.578374,-117.064249,456.732438,9.069699,1.733942
3375,33.578465,-117.064158,444.57443,33.578374,-117.064249,456.733042,8.896371,1.733505
3390,33.578471,-117.064155,446.37548,33.578374,-117.064249,456.733645,8.736061,1.733069
3405,33.578476,-117.064152,448.011032,33.578374,-117.064249,456.734248,8.590156,1.732633
3420,33.578481,-117.06415,449.525152,33.578374,-117.064249,456.734852,8.456813,1.732198
3435,33.578486,-117.064147,450.961099,33.578374,-117.064249,456.735455,8.329776,1.731762
3450,33.57849,-117.064145,452.300811,33.578374,-117.064249,456.736058,8.210032,1.731326
3465,33.578494,-117.064143,453.536278,33.578374,-117.064249,456.736662,8.098266,1.73089
3480,33.578498,-117.064141,454.688178,33.578374,-117.064249,456.737265,7.996807,1.730454
3495,33.578501,-117.064139,455.784263,33.578374,-117.064249,456.737868,7.900071,1.730018
3510,33.578504,-117.064137,456.806416,33.578374,-117.064249,456.738471,7.811964,1.729582
3525,33.578507,-117.064135,457.767451,33.578374,-117.064249,456.739075,7.728688,1.729147
3540,33.57851,-117.064133,458.700829,33.578374,-117.064249,456.739678,7.649795,1.728711
3555,33.578513,-117.064131,459.571242,33.578374,-117.064249,456.740281,7.576313,1.728275
3570,33.578515,-117.06413,460.39688,33.578374,-117.064249,456.740885,7.507133,1.72784
3585,33.578517,-117.064128,461.18555,33.578374,-117.064249,456.741488,7.442226,1.727404
3600,33.578519,-117.064127,461.941776,33.578374,-117.064249,456.742091,7.381101,1.726968
3615,33.578521,-117.064125,462.680267,33.578374,-117.064249,456.742695,7.324158,1.726533
3630,33.578523,-117.064123,463.384336,33.578373,-117.064249,456.743298,7.270836,1.726097
3645,33.578525,-117.064122,464.073259,33.578373,-117.064249,456.743901,7.218785,1.725662
3660,33.578526,-117.064121,464.729559,33.578373,-117.064249,456.744505,7.170207,1.725226
3675,33.578528,-117.064119,465.357661,33.578373,-117.064249,456.745108,7.124728,1.724791
3690,33.578529,-117.064118,465.959309,33.578373,-117.064249,456.745711,7.080871,1.724356
3705,33.578531,-117.064117,466.539846,33.578373,-117.064249,456.746315,7.038582,1.72392
3720,33.578532,-117.064116,467.106977,33.578373,-117.064249,456.746918,6.998363,1.723485
3735,33.578533,-117.064114,467.654636,33.578373,-117.064249,456.747521,6.961842,1.723049
3750,33.578534,-117.064113,468.196159,33.578373,-117.064249,456.748125,6.926644,1.722614
3765,33.578535,-117.064112,468.715316,33.578373,-117.064249,456.748728,6.892728,1.722179
3780,33.578536,-117.064111,469.210666,33.578373,-117.064249,456.749331,6.861343,1.721744
3795,33.578537,-117.06411,469.698374,33.578373,-117.064249,456.749935,6.831222,1.721309
3810,33.578538,-117.064109,470.165935,33.578373,-117.064249,456.750538,6.802723,1.720873
3825,33.578539,-117.064108,470.616146,33.578373,-117.064249,456.751141,6.775769,1.720438
3840,33.578539,-117.064107,471.050977,33.578373,-117.064249,456.751745,6.749878,1.720003
3855,33.57854,-117.064106,471.4743,33.578373,-117.064249,456.752348,6.724533,1.719568
3870,33.578541,-117.064105,471.896799,33.578373,-117.064249,456.752951,6.700272,1.719133
3885,33.578541,-117.064104,472.301396,33.578373,-117.064249,456.753555,6.677367,1.718698
3900,33.578542,-117.064103,472.697704,33.578373,-117.064249,456.754158,6.656128,1.718263
3915,33.578543,-117.064102,473.081577,33.578373,-117.064249,456.754761,6.63565,1.717828
3930,33.578543,-117.064101,473.452691,33.578373,-117.064249,456.755365,6.616107,1.717393
3945,33.578543,-117.0641,473.816846,33.578373,-117.064249,456.755968,6.597362,1.716958
3960,33.578544,-117.064099,474.176028,33.578373,-117.064249,456.756571,6.579372,1.716524
3975,33.578544,-117.064098,474.52019,33.578373,-117.064249,456.757175,6.562475,1.716089
3990,33.578545,-117.064097,474.850193,33.578373,-117.064249,456.757778,6.547089,1.715654
4005,33.578545,-117.064096,475.185344,33.578373,-117.064249,456.758381,6.532113,1.715219
4020,33.578545,-117.064096,475.513547,33.578373,-117.064249,456.758985,6.517733,1.714784
4035,33.578545,-117.064095,475.831483,33.578373,-117.064249,456.759588,6.504269,1.71435
4050,33.578546,-117.064094,476.141205,33.578373,-117.064249,456.760191,6.491562,1.713915
4065,33.578546,-117.064093,476.44093,33.578373,-117.064249,456.760795,6.4795,1.71348
4080,33.578546,-117.064092,476.732163,33.578373,-117.064249,456.761398,6.467687,1.713046
4095,33.578546,-117.064092,477.020134,33.578373,-117.064249,456.762001,6.456571,1.712611
4110,33.578546,-117.064091,477.307173,33.578373,-117.064249,456.762605,6.445925,1.712177
4125,33.578546,-117.06409,477.575587,33.578373,-117.064249,456.763208,6.43589,1.711742
4140,33.578546,-117.06409,477.831917,33.578373,-117.064249,456.763811,6.426309,1.711308
4155,33.578546,-117.064089,478.078829,33.578373,-117.064249,456.764415,6.416901,1.710873
4170,33.578546,-117.064088,478.318672,33.578373,-117.064249,456.765018,6.408498,1.710439
4185,33.578546,-117.064088,478.55383,33.578373,-117.064249,456.765621,6.400293,1.710005
4200,33.578546,-117.064087,478.776014,33.578373,-117.064249,456.766225,6.392993,1.70957
4215,33.578546,-117.064086,478.98988,33.578373,-117.064249,456.766828,6.386046,1.709136
4230,33.578546,-117.064086,479.206331,33.578373,-117.064249,456.767431,6.379321,1.708702
4245,33.578545,-117.064085,479.414804,33.578373,-117.064249,456.768035,6.373354,1.708267
4260,33.578545,-117.064085,479.624763,33.578373,-117.064249,456.768638,6.367346,1.707833
4275,33.578545,-117.064084,479.823619,33.578373,-117.064249,456.769241,6.361727,1.707399
4290,33.578545,-117.064083,480.022307,33.578373,-117.064249,456.769845,6.356414,1.706965
4305,33.578545,-117.064083,480.210782,33.578373,-117.064249,456.770448,6.351226,1.706531
4320,33.578544,-117.064082,480.396836,33.578373,-117.064249,456.771051,6.346198,1.706097
4335,33.578544,-117.064082,480.586529,33.578373,-117.064249,456.771655,6.341483,1.705663
4350,33.578544,-117.064081,480.764395,33.578373,-117.064249,456.772258,6.337367,1.705229
4365,33.578543,-117.064081,480.936961,33.578373,-117.064249,456.772861,6.333197,1.704795
4380,33.578543,-117.064081,481.097466,33.578373,-117.064249,456.773465,6.329807,1.704361
4395,33.578542,-117.06408,481.254451,33.578373,-117.064249,456.774068,6.326389,1.703927
4410,33.578542,-117.06408,481.409445,33.578373,-117.064249,456.774671,6.323183,1.703493
4425,33.578542,-117.064079,481.560271,33.578372,-117.064249,456.775275,6.320472,1.703059
4440,33.578541,-117.064079,481.703957,33.578372,-117.064249,456.775878,6.317754,1.702625
4455,33.578541,-117.064079,481.845262,33.578372,-117.064249,456.776481,6.315043,1.702191
4470,33.57854,-117.064078,481.976178,33.578372,-117.064249,456.777085,6.312328,1.701758
4485,33.57854,-117.064078,482.099846,33.578372,-117.064249,456.777688,6.310152,1.701324
4500,33.578539,-117.064078,482.214735,33.578372,-117.064249,456.778291,6.308367,1.70089
4515,33.578539,-117.064077,482.324011,33.578372,-117.064249,456.778895,6.306815,1.700456
4530,33.578538,-117.064077,482.427464,33.578372,-117.064249,456.779498,6.305425,1.700023
4545,33.578537,-117.064077,482.520751,33.578372,-117.064249,456.780101,6.303972,1.699589
4560,33.578537,-117.064076,482.616413,33.578372,-117.064249,456.780705,6.302425,1.699156
4575,33.578536,-117.064076,482.704521,33.578372,-117.064249,456.781308,6.301478,1.698722
4590,33.578535,-117.064076,482.794754,33.578372,-117.064249,456.781911,6.300613,1.698289
4605,33.578535,-117.064076,482.883308,33.578372,-117.064249,456.782515,6.299668,1.697855
4620,33.578534,-117.064075,482.960467,33.578372,-117.064249,456.783118,6.299104,1.697422
4635,33.578533,-117.064075,483.036664,33.578372,-117.064249,456.783721,6.298789,1.696988
4650,33.578532,-117.064075,483.103307,33.578372,-117.064249,456.784325,6.298571,1.696555
4665,33.578532,-117.064075,483.161818,33.578372,-117.064249,456.784928,6.298316,1.696122
4680,33.578531,-117.064075,483.219338,33.578372,-117.064249,456.785531,6.297888,1.695688
4695,33.57853,-117.064075,483.278503,33.578372,-117.064249,456.786135,6.297551,1.695255
4710,33.578529,-117.064075,483.331591,33.578372,-117.064249,456.786738,6.29745,1.694822
4725,33.578528,-117.064074,483.375525,33.578372,-117.064249,456.787341,6.29731,1.694388
4740,33.578527,-117.064074,483.415612,33.578372,-117.064249,456.787945,6.297089,1.693955
4755,33.578526,-117.064074,483.454431,33.578372,-117.064249,456.788548,6.297229,1.693522
4770,33.578525,-117.064074,483.485209,33.578372,-117.064249,456.789151,6.296906,1.693089
4785,33.578525,-117.064074,483.514536,33.578372,-117.064249,456.789755,6.29685,1.692656
4800,33.578524,-117.064074,483.543044,33.578372,-117.064249,456.790358,6.296932,1.692223
4815,33.578523,-117.064074,483.565277,33.578372,-117.064249,456.790961,6.297048,1.69179
4830,33.578522,-117.064074,483.588138,33.578372,-117.064249,456.791565,6.29702,1.691357
4845,33.57852,-117.064074,483.602529,33.578372,-117.064249,456.792168,6.297027,1.690924
4860,33.578519,-117.064075,483.611147,33.578372,-117.064249,456.792771,6.297263,1.690491
4875,33.578518,-117.064075,483.613842,33.578372,-117.064249,456.793375,6.297684,1.690058
4890,33.578517,-117.064075,483.613438,33.578372,-117.064249,456.793978,6.298104,1.689625
4905,33.578516,-117.064075,483.61025,33.578372,-117.064249,456.794581,6.298626,1.689192
4920,33.578515,-117.064075,483.603948,33.578372,-117.064249,456.795185,6.29931,1.68876
4935,33.578514,-117.064075,483.59221,33.578372,-117.064249,456.795788,6.299762,1.688327
4950,33.578513,-117.064075,483.579608,33.578372,-117.064249,456.796391,6.300254,1.687894
4965,33.578512,-117.064075,483.558222,33.578372,-117.064249,456.796995,6.300976,1.687461
4980,33.57851,-117.064075,483.533187,33.578372,-117.064249,456.797598,6.301839,1.687029
4995,33.578509,-117.064076,483.50481,33.578372,-117.064249,456.798201,6.302303,1.686596
5010,33.578508,-117.064076,483.468205,33.578372,-117.064249,456.798805,6.302958,1.686164
5025,33.578507,-117.064076,483.431223,33.578372,-117.064249,456.799408,6.303539,1.685731
5040,33.578505,-117.064076,483.391709,33.578372,-117.064249,456.800011,6.304148,1.685299
5055,33.578504,-117.064077,483.349183,33.578372,-117.064249,456.800615,6.30453,1.684866
5070,33.578503,-117.064077,483.302155,33.578372,-117.064249,456.801218,6.305108,1.684434
5085,33.578501,-117.064077,483.251876,33.578372,-117.064249,456.801821,6.30555,1.684001
5100,33.5785,-117.064077,483.199123,33.578372,-117.064249,456.802425,6.305747,1.683569
5115,33.578499,-117.064078,483.137585,33.578372,-117.064249,456.803028,6.306394,1.683136
5130,33.578497,-117.064078,483.067715,33.578372,-117.064249,456.803631,6.307104,1.682704
5145,33.578496,-117.064078,483.000816,33.578372,-117.064249,456.804235,6.307701,1.682272
5160,33.578494,-117.064079,482.928164,33.578372,-117.064249,456.804838,6.308245,1.68184
5175,33.578493,-117.064079,482.85629,33.578372,-117.064249,456.805441,6.308722,1.681407
5190,33.578492,-117.06408,482.775235,33.578372,-117.064249,456.806045,6.309029,1.680975
5205,33.57849,-117.06408,482.687788,33.578371,-117.064249,456.806648,6.309235,1.680543
5220,33.578489,-117.06408,482.596821,33.578371,-117.064249,456.807251,6.309447,1.680111
5235,33.578487,-117.064081,482.500422,33.578371,-117.064249,456.807855,6.309753,1.679679
5250,33.578486,-117.064081,482.400088,33.578371,-117.064249,456.808458,6.309901,1.679247
5265,33.578484,-117.064082,482.295297,33.578371,-117.064249,456.809061,6.31018,1.678815
5280,33.578482,-117.064082,482.185604,33.578371,-117.064249,456.809665,6.310391,1.678383
5295,33.578481,-117.064083,482.06612,33.578371,-117.064249,456.810268,6.310481,1.677951
5310,33.578479,-117.064083,481.944195,33.578371,-117.064249,456.810871,6.31049,1.677519
5325,33.578478,-117.064084,481.820324,33.578371,-117.064249,456.811475,6.310489,1.677087
5340,33.578476,-117.064084,481.70006,33.578371,-117.064249,456.812078,6.310255,1.676655
5355,33.578476,-117.064084,481.972516,33.578371,-117.064249,456.812681,6.315361,1.676223
5370,33.578476,-117.064083,482.237121,33.578371,-117.064249,456.813284,6.320682,1.675791
5385,33.578477,-117.064083,482.501862,33.578371,-117.064249,456.813888,6.326045,1.67536
5400,33.578477,-117.064082,482.761858,33.578371,-117.064249,456.814491,6.331446,1.674928
5415,33.578477,-117.064082,483.02174,33.578371,-117.064249,456.815094,6.336836,1.674496
5430,33.578477,-117.064081,483.282475,33.578371,-117.064249,456.815698,6.342434,1.674065
5445,33.578477,-117.064081,483.534486,33.578371,-117.064249,456.816301,6.347922,1.673633
5460,33.578477,-117.06408,483.791225,33.578371,-117.064249,456.816904,6.353795,1.673201
5475,33.578477,-117.06408,484.03695,33.578371,-117.064249,456.817508,6.359597,1.67277
5490,33.578478,-117.06408,484.279271,33.578371,-117.064249,456.818111,6.365234,1.672338
5505,33.578478,-117.064079,484.518393,33.578371,-117.064249,456.818714,6.370893,1.671907
5520,33.578478,-117.064079,484.760962,33.578371,-117.064249,456.819318,6.376828,1.671475
5535,33.578478,-117.064078,484.999022,33.578371,-117.064249,456.819921,6.382942,1.671044
5550,33.578478,-117.064078,485.235478,33.578371,-117.064249,456.820524,6.388932,1.670613
5565,33.578478,-117.064077,485.464285,33.578371,-117.064249,456.821128,6.394692,1.670181
5580,33.578478,-117.064077,485.691462,33.578371,-117.064249,456.821731,6.400697,1.66975
5595,33.578478,-117.064077,485.917329,33.578371,-117.064249,456.822334,6.406652,1.669319
5610,33.578478,-117.064076,486.136444,33.578371,-117.064249,456.822938,6.412921,1.668887
5625,33.578478,-117.064076,486.354792,33.578371,-117.064249,456.823541,6.419431,1.668456
5640,33.578478,-117.064076,486.568798,33.578371,-117.064249,456.824144,6.42588,1.668025
5655,33.578478,-117.064075,486.78053,33.578371,-117.064249,456.824748,6.432285,1.667594
5670,33.578478,-117.064075,486.992274,33.578371,-117.064249,456.825351,6.438883,1.667163
5685,33.578478,-117.064074,487.201234,33.578371,-117.064249,456.825954,6.444852,1.666732
5700,33.578479,-117.064075,487.576828,33.578371,-117.064249,456.826558,6.447737,1.666301
5715,33.578479,-117.064075,487.946937,33.578371,-117.064249,456.827161,6.450632,1.66587
5730,33.578479,-117.064075,488.320331,33.578371,-117.064249,456.827764,6.453627,1.665439
5745,33.578479,-117.064076,488.694635,33.578371,-117.064249,456.828368,6.45685,1.665008
5760,33.57848,-117.064076,489.065023,33.578371,-117.064249,456.828971,6.459891,1.664577
5775,33.57848,-117.064076,489.427613,33.578371,-117.064249,456.829574,6.463022,1.664146
5790,33.57848,-117.064076,489.791842,33.578371,-117.064249,456.830178,6.466553,1.663715
5805,33.578481,-117.064077,490.151362,33.578371,-117.064249,456.830781,6.470312,1.663284
5820,33.578481,-117.064077,490.504528,33.578371,-117.064249,456.831384,6.473818,1.662853
5835,33.578481,-117.064077,490.851897,33.578371,-117.064249,456.831988,6.477465,1.662423
5850,33.578481,-117.064077,491.200291,33.578371,-117.064249,456.832591,6.481271,1.661992
5865,33.578481,-117.064078,491.543816,33.578371,-117.064249,456.833194,6.485041,1.661561
5880,33.578482,-117.064078,491.884773,33.578371,-117.064249,456.833798,6.488755,1.661131
5895,33.578482,-117.064078,492.220539,33.578371,-117.064249,456.834401,6.492572,1.6607
5910,33.578482,-117.064078,492.551603,33.578371,-117.064249,456.835004,6.496717,1.66027
5925,33.578482,-117.064079,492.880495,33.578371,-117.064249,456.835608,6.500781,1.659839
5940,33.578482,-117.064079,493.205343,33.578371,-117.064249,456.836211,6.504966,1.659409
5955,33.578483,-117.064079,493.525453,33.578371,-117.064249,456.836814,6.509253,1.658978
5970,33.578483,-117.064079,493.841301,33.578371,-117.064249,456.837418,6.513666,1.658548
5985,33.578483,-117.06408,494.153544,33.578371,-117.064249,456.838021,6.518267,1.658117
6000,33.578483,-117.06408,494.465651,33.57837,-117.064249,456.838624,6.522779,1.657687
6015,33.578483,-117.06408,494.772003,33.57837,-117.064249,456.839228,6.527513,1.657257
6030,33.578483,-117.06408,495.072558,33.57837,-117.064249,456.839831,6.532177,1.656826
6045,33.578483,-117.064081,495.369867,33.57837,-117.064249,456.840434,6.536965,1.656396
6060,33.578484,-117.064081,495.665823,33.57837,-117.064249,456.841038,6.541901,1.655966
6075,33.578484,-117.064081,495.960263,33.57837,-117.064249,456.841641,6.546932,1.655536
6090,33.578484,-117.064081,496.249526,33.57837,-117.064249,456.842244,6.551911,1.655105
6105,33.578484,-117.064082,496.534145,33.57837,-117.064249,456.842848,6.556871,1.654675
6120,33.578484,-117.064082,496.814435,33.57837,-117.064249,456.843451,6.561858,1.654245
6135,33.578484,-117.064082,497.090753,33.57837,-117.064249,456.844054,6.566892,1.653815
6150,33.578484,-117.064082,497.369736,33.57837,-117.064249,456.844658,6.572091,1.653385
6165,33.578484,-117.064083,497.642845,33.57837,-117.064249,456.845261,6.577194,1.652955
6180,33.578484,-117.064083,497.909977,33.57837,-117.064249,456.845864,6.582318,1.652525
6195,33.578484,-117.064083,498.169546,33.57837,-117.064249,456.846468,6.587322,1.652095
6210,33.578485,-117.064083,498.433252,33.57837,-117.064249,456.847071,6.592454,1.651666
6225,33.578485,-117.064084,498.689762,33.57837,-117.064249,456.847674,6.597587,1.651236
6240,33.578485,-117.064084,498.941681,33.57837,-117.064249,456.848278,6.602971,1.650806
6255,33.578485,-117.064084,499.191613,33.57837,-117.064249,456.848881,6.608303,1.650376
6270,33.578485,-117.064085,499.442156,33.57837,-117.064249,456.849484,6.613527,1.649946
6285,33.578485,-117.064085,499.686476,33.57837,-117.064249,456.850088,6.618891,1.649517
6300,33.578485,-117.064085,499.925987,33.57837,-117.064249,456.850691,6.624416,1.649087
6315,33.578485,-117.064085,500.165981,33.57837,-117.064249,456.851294,6.629814,1.648658
6330,33.578485,-117.064086,500.399936,33.57837,-117.064249,456.851898,6.635197,1.648228
6345,33.578485,-117.064086,500.625084,33.57837,-117.064249,456.852501,6.640742,1.647798
6360,33.578485,-117.064086,500.848238,33.57837,-117.064249,456.853104,6.646271,1.647369
6375,33.578485,-117.064087,501.074232,33.57837,-117.064249,456.853708,6.651971,1.646939
6390,33.578485,-117.064087,501.296716,33.57837,-117.064249,456.854311,6.657529,1.64651
6405,33.578485,-117.064087,501.513604,33.57837,-117.064249,456.854914,6.663259,1.646081
6420,33.578485,-117.064088,501.726919,33.57837,-117.064249,456.855518,6.668971,1.645651
6435,33.578485,-117.064088,501.938577,33.57837,-117.064249,456.856121,6.674855,1.645222
6450,33.578485,-117.064088,502.148212,33.57837,-117.064249,456.856724,6.680798,1.644793
6465,33.578485,-117.064089,502.355207,33.57837,-117.064249,456.857328,6.686668,1.644363
6480,33.578485,-117.064089,502.555756,33.57837,-117.064249,456.857931,6.692647,1.643934
6495,33.578485,-117.064089,502.756009,33.57837,-117.064249,456.858534,6.6987,1.643505
6510,33.578485,-117.06409,502.95362,33.57837,-117.064249,456.859138,6.704742,1.643076
6525,33.578485,-117.06409,503.147052,33.57837,-117.064249,456.859741,6.710593,1.642647
6540,33.578485,-117.06409,503.337794,33.57837,-117.064249,456.860344,6.716643,1.642218
6555,33.578485,-117.064091,503.525497,33.57837,-117.064249,456.860948,6.722587,1.641788
6570,33.578484,-117.064091,503.707332,33.57837,-117.064249,456.861551,6.728534,1.641359
6585,33.578484,-117.064091,503.882867,33.57837,-117.064249,456.862154,6.734454,1.640931
6600,33.578484,-117.064092,504.058417,33.57837,-117.064249,456.862758,6.74029,1.640502
6615,33.578484,-117.064092,504.23162,33.57837,-117.064249,456.863361,6.746189,1.640073
6630,33.578484,-117.064093,504.401906,33.57837,-117.064249,456.863964,6.752192,1.639644
6645,33.578484,-117.064093,504.566598,33.57837,-117.064249,456.864568,6.758046,1.639215
6660,33.578484,-117.064093,504.727573,33.57837,-117.064249,456.865171,6.764213,1.638786
6675,33.578484,-117.064094,504.884437,33.57837,-117.064249,456.865774,6.77022,1.638357
6690,33.578484,-117.064094,505.038554,33.57837,-117.064249,456.866378,6.776126,1.637929
6705,33.578484,-117.064095,505.190511,33.57837,-117.064249,456.866981,6.781956,1.6375
6720,33.578484,-117.064095,505.338985,33.57837,-117.064249,456.867584,6.78805,1.637071
6735,33.578483,-117.064096,505.485746,33.57837,-117.064249,456.868188,6.79399,1.636643
6750,33.578483,-117.064096,505.627388,33.57837,-117.064249,456.868791,6.799836,1.636214
6765,33.578483,-117.064097,505.763192,33.57837,-117.064249,456.869394,6.805694,1.635786
6780,33.578483,-117.064097,505.897195,33.57837,-117.064249,456.869998,6.811671,1.635357
6795,33.578483,-117.064098,506.024987,33.578369,-117.064249,456.870601,6.8178,1.634929
6810,33.578483,-117.064098,506.150639,33.578369,-117.064249,456.871204,6.823729,1.6345
6825,33.578483,-117.064099,506.276014,33.578369,-117.064249,456.871808,6.829708,1.634072
6840,33.578482,-117.064099,506.39699,33.578369,-117.064249,456.872411,6.835562,1.633643
6855,33.578482,-117.0641,506.514668,33.578369,-117.064249,456.873014,6.841525,1.633215
6870,33.578482,-117.0641,506.625327,33.578369,-117.064249,456.873618,6.847497,1.632787
6885,33.578482,-117.064101,506.731077,33.578369,-117.064249,456.874221,6.853488,1.632359
6900,33.578482,-117.064101,506.833481,33.578369,-117.064249,456.874824,6.859319,1.63193
6915,33.578482,-117.064102,506.939593,33.578369,-117.064249,456.875428,6.865047,1.631502
6930,33.578481,-117.064102,507.037995,33.578369,-117.064249,456.876031,6.870937,1.631074
6945,33.578481,-117.064103,507.133175,33.578369,-117.064249,456.876634,6.876813,1.630646
6960,33.578481,-117.064103,507.22209,33.578369,-117.064249,456.877238,6.882702,1.630218
6975,33.578481,-117.064104,507.309616,33.578369,-117.064249,456.877841,6.88849,1.62979
6990,33.578481,-117.064105,507.394636,33.578369,-117.064249,456.878444,6.894192,1.629362
7005,33.57848,-117.064105,507.596109,33.578369,-117.064249,456.879048,6.895895,1.628934
7020,33.57848,-117.064105,507.790751,33.578369,-117.064249,456.879651,6.897653,1.628506
7035,33.578479,-117.064105,507.982339,33.578369,-117.064249,456.880254,6.899563,1.628078
7050,33.578479,-117.064105,508.174648,33.578369,-117.064249,456.880858,6.901618,1.62765
7065,33.578478,-117.064105,508.3633,33.578369,-117.064249,456.881461,6.903478,1.627222
7080,33.578478,-117.064105,508.546226,33.578369,-117.064249,456.882064,6.905419,1.626795
7095,33.578477,-117.064105,508.722995,33.578369,-117.064249,456.882668,6.907454,1.626367
7110,33.578476,-117.064105,508.901105,33.578369,-117.064249,456.883271,6.909519,1.625939
7125,33.578476,-117.064105,509.07486,33.578369,-117.064249,456.883874,6.911705,1.625512
7140,33.578475,-117.064105,509.250049,33.578369,-117.064249,456.884478,6.9139,1.625084
7155,33.578475,-117.064105,509.419367,33.578369,-117.064249,456.885081,6.916165,1.624656
7170,33.578474,-117.064105,509.589423,33.578369,-117.064249,456.885684,6.918495,1.624229
7185,33.578473,-117.064105,509.756597,33.578369,-117.064249,456.886288,6.920872,1.623801
7200,33.578473,-117.064105,509.916511,33.578369,-117.064249,456.886891,6.923152,1.623374
7215,33.578472,-117.064105,510.077935,33.578369,-117.064249,456.887494,6.925586,1.622946
7230,33.578472,-117.064105,510.235637,33.578369,-117.064249,456.888097,6.927907,1.622519
7245,33.578471,-117.064105,510.389815,33.578369,-117.064249,456.888701,6.930077,1.622092
7260,33.57847,-117.064105,510.538881,33.578369,-117.064249,456.889304,6.932219,1.621664
7275,33.57847,-117.064105,510.691551,33.578369,-117.064249,456.889907,6.934662,1.621237
7290,33.578469,-117.064105,510.838968,33.578369,-117.064249,456.890511,6.937023,1.62081
7305,33.578468,-117.064105,510.985498,33.578369,-117.064249,456.891114,6.939582,1.620382
7320,33.578468,-117.064105,511.128493,33.578369,-117.064249,456.891717,6.942122,1.619955
7335,33.578467,-117.064105,511.267748,33.578369,-117.064249,456.892321,6.944649,1.619528
7350,33.578466,-117.064105,511.405231,33.578369,-117.064249,456.892924,6.94725,1.619101
7365,33.578466,-117.064106,511.542171,33.578369,-117.064249,456.893527,6.949649,1.618674
7380,33.578465,-117.064106,511.673209,33.578369,-117.064249,456.894131,6.952116,1.618247
7395,33.578464,-117.064106,511.800252,33.578369,-117.064249,456.894734,6.954512,1.61782
7410,33.578464,-117.064106,511.925603,33.578369,-117.064249,456.895337,6.957052,1.617393
7425,33.578463,-117.064106,512.050063,33.578369,-117.064249,456.895941,6.959543,1.616966
7440,33.578462,-117.064106,512.172237,33.578369,-117.064249,456.896544,6.962069,1.616539
7455,33.578462,-117.064106,512.292201,33.578369,-117.064249,456.897147,6.964574,1.616112
7470,33.578461,-117.064106,512.40643,33.578369,-117.064249,456.897751,6.96709,1.615685
7485,33.57846,-117.064106,512.521884,33.578369,-117.064249,456.898354,6.969673,1.615259
7500,33.578459,-117.064106,512.636584,33.578369,-117.064249,456.898957,6.972266,1.614832
7515,33.578459,-117.064106,512.750557,33.578369,-117.064249,456.899561,6.974868,1.614405
7530,33.578458,-117.064106,512.861446,33.578369,-117.064249,456.900164,6.977422,1.613979
7545,33.578457,-117.064107,512.969834,33.578369,-117.064249,456.900767,6.98009,1.613552
7560,33.578456,-117.064107,513.07152,33.578369,-117.064249,456.901371,6.982683,1.613125
7575,33.578456,-117.064107,513.170193,33.578368,-117.064249,456.901974,6.985265,1.612699
7590,33.578455,-117.064107,513.267168,33.578368,-117.064249,456.902577,6.987829,1.612272
7605,33.578454,-117.064107,513.359498,33.578368,-117.064249,456.903181,6.990381,1.611846
7620,33.578453,-117.064107,513.532341,33.578368,-117.064249,456.903784,6.996061,1.611419
7635,33.578452,-117.064108,513.703284,33.578368,-117.064249,456.904387,7.001783,1.610993
7650,33.578451,-117.064108,513.871105,33.578368,-117.064249,456.904991,7.007643,1.610567
7665,33.57845,-117.064108,514.03602,33.578368,-117.064249,456.905594,7.01343,1.61014
7680,33.57845,-117.064109,514.199551,33.578368,-117.064249,456.906197,7.019194,1.609714
7695,33.578449,-117.064109,514.359571,33.578368,-117.064249,456.906801,7.024916,1.609288
7710,33.578448,-117.06411,514.518611,33.578368,-117.064249,456.907404,7.030676,1.608862
7725,33.578447,-117.06411,514.676555,33.578368,-117.064249,456.908007,7.036484,1.608435
7740,33.578446,-117.06411,514.829549,33.578368,-117.064249,456.908611,7.042222,1.608009
7755,33.578445,-117.064111,514.981712,33.578368,-117.064249,456.909214,7.04797,1.607583
7770,33.578444,-117.064111,515.131445,33.578368,-117.064249,456.909817,7.053667,1.607157
7785,33.578443,-117.064111,515.280085,33.578368,-117.064249,456.910421,7.059376,1.606731
7800,33.578442,-117.064112,515.42302,33.578368,-117.064249,456.911024,7.064897,1.606305
7815,33.578441,-117.064112,515.562026,33.578368,-117.064249,456.911627,7.070438,1.605879
7830,33.57844,-117.064112,515.699378,33.578368,-117.064249,456.912231,7.076002,1.605453
7845,33.578439,-117.064113,515.833834,33.578368,-117.064249,456.912834,7.081502,1.605027
7860,33.578438,-117.064113,515.966266,33.578368,-117.064249,456.913437,7.087054,1.604602
7875,33.578438,-117.064113,516.095566,33.578368,-117.064249,456.914041,7.092563,1.604176
7890,33.578437,-117.064114,516.226475,33.578368,-117.064249,456.914644,7.098074,1.60375
7905,33.578436,-117.064114,516.354124,33.578368,-117.064249,456.915247,7.103547,1.603324
7920,33.578435,-117.064114,516.480505,33.578368,-117.064249,456.915851,7.108995,1.602899
7935,33.578434,-117.064115,516.60129,33.578368,-117.064249,456.916454,7.11435,1.602473
7950,33.578433,-117.064115,516.719041,33.578368,-117.064249,456.917057,7.11972,1.602048
7965,33.578432,-117.064116,516.834274,33.578368,-117.064249,456.917661,7.125052,1.601622
7980,33.578431,-117.064116,516.946759,33.578368,-117.064249,456.918264,7.130402,1.601196
7995,33.57843,-117.064116,517.056802,33.578368,-117.064249,456.918867,7.135694,1.600771
8010,33.578429,-117.064117,517.163277,33.578368,-117.06425,456.919471,7.140998,1.600346
8025,33.578428,-117.064117,517.269868,33.578368,-117.06425,456.920074,7.146303,1.59992
8040,33.578427,-117.064118,517.373487,33.578368,-117.06425,456.920677,7.151518,1.599495
8055,33.578426,-117.064118,517.474676,33.578368,-117.06425,456.921281,7.156783,1.599069
8070,33.578425,-117.064118,517.57444,33.578368,-117.06425,456.921884,7.162042,1.598644
8085,33.578424,-117.064119,517.670503,33.578368,-117.06425,456.922487,7.167309,1.598219
8100,33.578423,-117.064119,517.7638,33.578368,-117.06425,456.923091,7.172515,1.597794
8115,33.578422,-117.064119,517.854632,33.578368,-117.06425,456.923694,7.1777,1.597369
8130,33.578421,-117.06412,517.94166,33.578368,-117.06425,456.924297,7.182793,1.596943
8145,33.57842,-117.06412,518.027228,33.578368,-117.06425,456.924901,7.187833,1.596518
8160,33.578419,-117.064121,518.111151,33.578368,-117.06425,456.925504,7.192865,1.596093
8175,33.578418,-117.064121,518.192564,33.578368,-117.06425,456.926107,7.197853,1.595668
8190,33.578417,-117.064121,518.26951,33.578368,-117.06425,456.926711,7.202751,1.595243
8205,33.578416,-117.064122,518.341217,33.578368,-117.06425,456.927314,7.207564,1.594818
8220,33.578415,-117.064122,518.41366,33.578368,-117.06425,456.927917,7.21248,1.594394
8235,33.578414,-117.064123,518.483462,33.578368,-117.06425,456.928521,7.21736,1.593969
8250,33.578413,-117.064123,518.550733,33.578368,-117.06425,456.929124,7.222223,1.593544
8265,33.578412,-117.064124,518.614739,33.578368,-117.06425,456.929727,7.227065,1.593119
8280,33.578411,-117.064124,518.674389,33.578368,-117.06425,456.930331,7.231755,1.592694
8295,33.57841,-117.064124,518.732062,33.578368,-117.06425,456.930934,7.236493,1.59227
8310,33.578409,-117.064125,518.787123,33.578368,-117.06425,456.931537,7.241156,1.591845
8325,33.578408,-117.064125,518.838112,33.578368,-117.06425,456.932141,7.245866,1.59142
8340,33.578407,-117.064126,518.884399,33.578368,-117.06425,456.932744,7.250535,1.590996
8355,33.578405,-117.064126,518.928514,33.578368,-117.06425,456.933347,7.254984,1.590571
8370,33.578404,-117.064126,518.971217,33.578367,-117.06425,456.933951,7.259458,1.590147
8385,33.578403,-117.064127,519.008189,33.578367,-117.06425,456.934554,7.263985,1.589722
8400,33.578402,-117.064127,519.043337,33.578367,-117.06425,456.935157,7.268427,1.589298
8415,33.578401,-117.064128,519.076867,33.578367,-117.06425,456.935761,7.272894,1.588873
8430,33.5784,-117.064128,519.109405,33.578367,-117.06425,456.936364,7.277353,1.588449
8445,33.578399,-117.064129,519.138624,33.578367,-117.06425,456.936967,7.28165,1.588025
8460,33.578398,-117.064129,519.163989,33.578367,-117.06425,456.937571,7.285881,1.587601
8475,33.578397,-117.06413,519.188467,33.578367,-117.06425,456.938174,7.29017,1.587176
8490,33.578396,-117.06413,519.211225,33.578367,-117.06425,456.938777,7.294417,1.586752
8505,33.578395,-117.06413,519.229612,33.578367,-117.06425,456.939381,7.298552,1.586328
8520,33.578394,-117.064131,519.246307,33.578367,-117.06425,456.939984,7.302592,1.585904
8535,33.578393,-117.064131,519.259088,33.578367,-117.06425,456.940587,7.306625,1.58548
8550,33.578392,-117.064132,519.269255,33.578367,-117.06425,456.941191,7.310692,1.585056
8565,33.578391,-117.064132,519.275377,33.578367,-117.06425,456.941794,7.314679,1.584632
8580,33.578389,-117.064133,519.279906,33.578367,-117.06425,456.942397,7.318557,1.584208
8595,33.578388,-117.064133,519.279874,33.578367,-117.06425,456.943001,7.322348,1.583784
8610,33.578387,-117.064134,519.27886,33.578367,-117.06425,456.943604,7.32607,1.58336
8625,33.578386,-117.064134,519.275127,33.578367,-117.06425,456.944207,7.329826,1.582936
8640,33.578385,-117.064135,519.267679,33.578367,-117.06425,456.944811,7.333487,1.582513
8655,33.578384,-117.064135,519.256641,33.578367,-117.06425,456.945414,7.337147,1.582089
8670,33.578383,-117.064136,519.246141,33.578367,-117.06425,456.946017,7.340775,1.581665
8685,33.578382,-117.064136,519.23186,33.578367,-117.06425,456.946621,7.344407,1.581241
8700,33.578381,-117.064137,519.21397,33.578367,-117.06425,456.947224,7.347858,1.580818
8715,33.57838,-117.064137,519.192995,33.578367,-117.06425,456.947827,7.35135,1.580394
8730,33.578379,-117.064138,519.168887,33.578367,-117.06425,456.948431,7.354776,1.579971
8745,33.578377,-117.064139,519.142577,33.578367,-117.06425,456.949034,7.358141,1.579547
8760,33.578376,-117.064139,519.114022,33.578367,-117.06425,456.949637,7.361463,1.579124
8775,33.578375,-117.06414,519.08198,33.578367,-117.06425,456.950241,7.364728,1.5787
8790,33.578374,-117.06414,519.045237,33.578367,-117.06425,456.950844,7.368018,1.578277
8805,33.578373,-117.064141,519.009343,33.578367,-117.06425,456.951447,7.37121,1.577854
8820,33.578372,-117.064141,518.969002,33.578367,-117.06425,456.952051,7.374347,1.57743
8835,33.578371,-117.064142,518.926087,33.578367,-117.06425,456.952654,7.377409,1.577007
8850,33.57837,-117.064142,518.880279,33.578367,-117.06425,456.953257,7.3805,1.576584
8865,33.578369,-117.064143,518.835631,33.578367,-117.06425,456.953861,7.383605,1.576161
8880,33.578367,-117.064143,518.785301,33.578367,-117.06425,456.954464,7.386569,1.575737
8895,33.578366,-117.064144,518.731907,33.578367,-117.06425,456.955067,7.389523,1.575314
8910,33.578365,-117.064145,518.677544,33.578367,-117.06425,456.955671,7.392409,1.574891
8925,33.578364,-117.064145,518.618273,33.578367,-117.06425,456.956274,7.395194,1.574468
8940,33.578363,-117.064146,518.558858,33.578367,-117.06425,456.956877,7.397935,1.574045
8955,33.578362,-117.064146,518.493763,33.578367,-117.06425,456.957481,7.400646,1.573622
8970,33.578361,-117.064147,518.427144,33.578367,-117.06425,456.958084,7.403307,1.573199
8985,33.57836,-117.064147,518.358457,33.578367,-117.06425,456.958687,7.405906,1.572777
9000,33.578358,-117.064148,518.287778,33.578367,-117.06425,456.959291,7.408557,1.572354
9015,33.578357,-117.064149,518.213117,33.578367,-117.06425,456.959894,7.411038,1.571931
9030,33.578356,-117.064149,518.135747,33.578367,-117.06425,456.960497,7.413458,1.571508
9045,33.578355,-117.06415,518.053675,33.578367,-117.06425,456.961101,7.415793,1.571086
9060,33.578354,-117.064151,517.97161,33.578367,-117.06425,456.961704,7.418101,1.570663
9075,33.578353,-117.064151,517.888162,33.578367,-117.06425,456.962307,7.420365,1.57024
9090,33.578352,-117.064152,517.798984,33.578367,-117.06425,456.962911,7.422532,1.569818
9105,33.578351,-117.064152,517.706899,33.578367,-117.06425,456.963514,7.424655,1.569395
9120,33.578349,-117.064153,517.611355,33.578367,-117.06425,456.964117,7.426717,1.568973
9135,33.578348,-117.064154,517.510912,33.578367,-117.06425,456.964721,7.428674,1.56855
9150,33.578347,-117.064154,517.411052,33.578367,-117.06425,456.965324,7.430614,1.568128
9165,33.578346,-117.064155,517.310069,33.578366,-117.06425,456.965927,7.432528,1.567705
9180,33.578345,-117.064156,517.202329,33.578366,-117.06425,456.96653,7.434217,1.567283
9195,33.578344,-117.064156,517.094227,33.578366,-117.06425,456.967134,7.435925,1.566861
9210,33.578343,-117.064157,516.981884,33.578366,-117.06425,456.967737,7.437579,1.566439
9225,33.578341,-117.064158,516.867732,33.578366,-117.06425,456.96834,7.439181,1.566016
9240,33.57834,-117.064158,516.750986,33.578366,-117.06425,456.968944,7.440734,1.565594
9255,33.578339,-117.064159,516.629206,33.578366,-117.06425,456.969547,7.442276,1.565172
9270,33.578338,-117.06416,516.507222,33.578366,-117.06425,456.97015,7.443731,1.56475
9285,33.578337,-117.06416,516.380904,33.578366,-117.06425,456.970754,7.445089,1.564328
9300,33.578336,-117.064161,516.252124,33.578366,-117.06425,456.971357,7.446443,1.563906
9315,33.578335,-117.064162,516.12434,33.578366,-117.06425,456.97196,7.447828,1.563484
9330,33.578334,-117.064162,515.993511,33.578366,-117.06425,456.972564,7.449078,1.563062
9345,33.578332,-117.064163,515.859889,33.578366,-117.06425,456.973167,7.450248,1.56264
9360,33.578331,-117.064164,515.721929,33.578366,-117.06425,456.97377,7.451464,1.562218
9375,33.57833,-117.064164,515.580332,33.578366,-117.06425,456.974374,7.452579,1.561797
9390,33.578329,-117.064165,515.436401,33.578366,-117.06425,456.974977,7.453509,1.561375
9405,33.578328,-117.064166,515.290015,33.578366,-117.06425,456.97558,7.454375,1.560953
9420,33.578327,-117.064167,515.143291,33.578366,-117.06425,456.976184,7.455261,1.560532
9435,33.578326,-117.064167,514.991605,33.578366,-117.06425,456.976787,7.456094,1.56011
9450,33.578325,-117.064168,514.837372,33.578366,-117.06425,456.97739,7.456861,1.559688
9465,33.578324,-117.064169,514.810027,33.578366,-117.06425,456.977994,7.461716,1.559267
9480,33.578323,-117.06417,514.778961,33.578366,-117.06425,456.978597,7.466485,1.558845
9495,33.578322,-117.06417,514.746022,33.578366,-117.06425,456.9792,7.471209,1.558424
9510,33.578321,-117.064171,514.709313,33.578366,-117.06425,456.979804,7.475805,1.558002
9525,33.57832,-117.064172,514.668686,33.578366,-117.06425,456.980407,7.480418,1.557581
9540,33.57832,-117.064172,514.623286,33.578366,-117.06425,456.98101,7.484889,1.55716
9555,33.578319,-117.064173,514.574707,33.578366,-117.06425,456.981614,7.489305,1.556739
9570,33.578318,-117.064174,514.524582,33.578366,-117.06425,456.982217,7.493664,1.556317
9585,33.578317,-117.064174,514.470431,33.578366,-117.06425,456.98282,7.498026,1.555896
9600,33.578317,-117.064175,514.562205,33.578366,-117.06425,456.983424,7.501222,1.555475
9615,33.578317,-117.064176,514.648353,33.578366,-117.06425,456.984027,7.504284,1.555054
9630,33.578316,-117.064177,514.728578,33.578366,-117.06425,456.98463,7.50734,1.554633
9645,33.578316,-117.064177,514.808591,33.578366,-117.06425,456.985234,7.510246,1.554212
9660,33.578316,-117.064178,514.892246,33.578366,-117.06425,456.985837,7.513213,1.553791
9675,33.578315,-117.064179,514.970388,33.578366,-117.06425,456.98644,7.516259,1.55337
9690,33.578315,-117.06418,515.045384,33.578366,-117.06425,456.987044,7.519294,1.552949
9705,33.578315,-117.06418,515.118466,33.578366,-117.06425,456.987647,7.522303,1.552528
9720,33.578315,-117.064181,515.186635,33.578366,-117.06425,456.98825,7.52513,1.552107
9735,33.578314,-117.064182,515.253759,33.578366,-117.06425,456.988854,7.528095,1.551686
9750,33.578314,-117.064183,515.316795,33.578366,-117.06425,456.989457,7.531015,1.551266
9765,33.578314,-117.064183,515.376304,33.578366,-117.06425,456.99006,7.533879,1.550845
9780,33.578314,-117.064184,515.435303,33.578366,-117.06425,456.990664,7.536727,1.550424
9795,33.578313,-117.064185,515.492118,33.578366,-117.06425,456.991267,7.539613,1.550004
9810,33.578313,-117.064186,515.545914,33.578366,-117.06425,456.99187,7.542578,1.549583
9825,33.578313,-117.064187,515.598831,33.578366,-117.06425,456.992474,7.545495,1.549163
9840,33.578313,-117.064187,515.649429,33.578366,-117.06425,456.993077,7.548418,1.548742
9855,33.578313,-117.064188,515.698003,33.578366,-117.06425,456.99368,7.551381,1.548322
9870,33.578312,-117.064189,515.742351,33.578366,-117.06425,456.994284,7.554199,1.547901
9885,33.578312,-117.064189,515.783935,33.578366,-117.06425,456.994887,7.557009,1.547481
9900,33.578312,-117.06419,515.824532,33.578366,-117.06425,456.99549,7.559888,1.547061
9915,33.578312,-117.064191,515.861441,33.578366,-117.06425,456.996094,7.562672,1.54664
9930,33.578312,-117.064192,515.866688,33.578366,-117.06425,456.996697,7.561543,1.54622
9945,33.578311,-117.064193,515.872901,33.578365,-117.06425,456.9973,7.560605,1.5458
9960,33.578311,-117.064194,515.876152,33.578365,-117.06425,456.997904,7.559597,1.54538
9975,33.578311,-117.064195,515.881777,33.578365,-117.06425,456.998507,7.55874,1.54496
9990,33.578311,-117.064196,515.883056,33.578365,-117.06425,456.99911,7.557753,1.54454
10005,33.578311,-117.064196,515.880894,33.578365,-117.06425,456.999714,7.556817,1.54412
10020,33.578311,-117.064197,515.876179,33.578365,-117.06425,457.000317,7.555969,1.5437
10035,33.578311,-117.064198,515.867776,33.578365,-117.06425,457.00092,7.554931,1.54328
10050,33.57831,-117.064199,515.859994,33.578365,-117.06425,457.001524,7.553853,1.54286
10065,33.57831,-117.0642,515.847752,33.578365,-117.06425,457.002127,7.552734,1.54244
10080,33.57831,-117.064201,515.838014,33.578365,-117.06425,457.00273,7.55185,1.54202
10095,33.57831,-117.064202,515.825313,33.578365,-117.06425,457.003334,7.550808,1.541601
10110,33.57831,-117.064203,515.808354,33.578365,-117.06425,457.003937,7.549806,1.541181
10125,33.57831,-117.064203,515.790243,33.578365,-117.06425,457.00454,7.548821,1.540761
10140,33.57831,-117.064204,515.769586,33.578365,-117.06425,457.005144,7.547855,1.540342
10155,33.578309,-117.064205,515.747949,33.578365,-117.06425,457.005747,7.546876,1.539922
10170,33.578309,-117.064206,515.724718,33.578365,-117.06425,457.00635,7.545971,1.539502
10185,33.578309,-117.064207,515.698076,33.578365,-117.06425,457.006954,7.544981,1.539083
10200,33.578309,-117.064208,515.67163,33.578365,-117.06425,457.007557,7.543999,1.538663
10215,33.578309,-117.064208,515.644512,33.578365,-117.06425,457.00816,7.542973,1.538244
10230,33.578309,-117.064209,515.618059,33.578365,-117.06425,457.008764,7.541964,1.537825
10245,33.578309,-117.06421,515.582222,33.578365,-117.06425,457.009367,7.540897,1.537405
10260,33.578309,-117.064211,515.550299,33.578365,-117.06425,457.00997,7.539981,1.536986
10275,33.578309,-117.064212,515.509447,33.578365,-117.06425,457.010574,7.538812,1.536567
10290,33.578308,-117.064212,515.46673,33.578365,-117.06425,457.011177,7.537769,1.536148
10305,33.578308,-117.064213,515.420194,33.578365,-117.06425,457.01178,7.536646,1.535729
10320,33.578308,-117.064214,515.378679,33.578365,-117.06425,457.012384,7.53562,1.535309
10335,33.578308,-117.064215,515.33695,33.578365,-117.06425,457.012987,7.534727,1.53489
10350,33.578308,-117.064215,515.295474,33.578365,-117.06425,457.01359,7.533782,1.534471
10365,33.578308,-117.064216,515.254883,33.578365,-117.06425,457.014194,7.532858,1.534052
10380,33.578308,-117.064217,515.204722,33.578365,-117.06425,457.014797,7.531906,1.533634
10395,33.578308,-117.064218,515.149847,33.578365,-117.06425,457.0154,7.530837,1.533215
10410,33.578308,-117.064218,515.095138,33.578365,-117.06425,457.016004,7.529888,1.532796
10425,33.578308,-117.064219,515.038974,33.578365,-117.06425,457.016607,7.528812,1.532377
10440,33.578308,-117.06422,514.98351,33.578365,-117.06425,457.01721,7.527913,1.531958
10455,33.578307,-117.06422,514.922937,33.578365,-117.06425,457.017814,7.526809,1.53154
10470,33.578307,-117.064221,514.863052,33.578365,-117.06425,457.018417,7.525787,1.531121
10485,33.578307,-117.064222,514.798392,33.578365,-117.06425,457.01902,7.524601,1.530702
10500,33.578307,-117.064223,514.733818,33.578365,-117.06425,457.019624,7.52362,1.530284
10515,33.578307,-117.064223,514.667079,33.578365,-117.06425,457.020227,7.522483,1.529865
10530,33.578307,-117.064224,514.59808,33.578365,-117.06425,457.02083,7.52158,1.529447
10545,33.578307,-117.064225,514.525689,33.578365,-117.06425,457.021434,7.520382,1.529028
10560,33.578307,-117.064225,514.453327,33.578365,-117.06425,457.022037,7.5193,1.52861
10575,33.578307,-117.064226,514.378947,33.578365,-117.06425,457.02264,7.518016,1.528192
10590,33.578307,-117.064227,514.303377,33.578365,-117.06425,457.023244,7.516888,1.527773
10605,33.578307,-117.064227,514.222168,33.578365,-117.06425,457.023847,7.515681,1.527355
10620,33.578307,-117.064228,514.142906,33.578365,-117.06425,457.02445,7.514477,1.526937
10635,33.578307,-117.064229,514.062482,33.578365,-117.06425,457.025054,7.513231,1.526519
10650,33.578307,-117.064229,513.977193,33.578365,-117.06425,457.025657,7.511933,1.5261
10665,33.578307,-117.06423,513.889811,33.578365,-117.06425,457.02626,7.510552,1.525682
10680,33.578307,-117.064231,513.796848,33.578365,-117.06425,457.026864,7.509062,1.525264
10695,33.578306,-117.064231,513.699251,33.578365,-117.06425,457.027467,7.50752,1.524846
10710,33.578306,-117.064232,513.607319,33.578365,-117.06425,457.02807,7.506129,1.524428
10725,33.578306,-117.064233,513.514916,33.578365,-117.06425,457.028674,7.504744,1.524011
10740,33.578306,-117.064233,513.417104,33.578364,-117.06425,457.029277,7.503407,1.523593
10755,33.578306,-117.064234,513.315484,33.578364,-117.06425,457.02988,7.501997,1.523175
10770,33.578306,-117.064235,513.214234,33.578364,-117.06425,457.030484,7.500576,1.522757
10785,33.578306,-117.064235,513.11471,33.578364,-117.06425,457.031087,7.499284,1.522339
10800,33.578306,-117.064236,513.012334,33.578364,-117.06425,457.03169,7.497762,1.521922
10815,33.578306,-117.064236,512.907359,33.578364,-117.06425,457.032294,7.496348,1.521504
10830,33.578306,-117.064237,512.801795,33.578364,-117.06425,457.032897,7.494914,1.521086
10845,33.578306,-117.064238,512.693717,33.578364,-117.06425,457.0335,7.493523,1.520669
10860,33.578306,-117.064238,512.583047,33.578364,-117.06425,457.034104,7.492034,1.520251
10875,33.578306,-117.064239,512.468754,33.578364,-117.06425,457.034707,7.490518,1.519834
10890,33.578306,-117.064239,512.35439,33.578364,-117.06425,457.03531,7.489078,1.519417
10905,33.578306,-117.06424,512.239282,33.578364,-117.06425,457.035914,7.487612,1.518999
10920,33.578306,-117.064241,512.124108,33.578364,-117.06425,457.036517,7.486192,1.518582
10935,33.578306,-117.064241,512.004345,33.578364,-117.06425,457.03712,7.484715,1.518165
10950,33.578306,-117.064242,511.879875,33.578364,-117.06425,457.037724,7.483135,1.517747
10965,33.578306,-117.064242,511.749405,33.578364,-117.06425,457.038327,7.481389,1.51733
10980,33.578306,-117.064243,511.617725,33.578364,-117.06425,457.03893,7.479794,1.516913
10995,33.578306,-117.064244,511.485844,33.578364,-117.06425,457.039534,7.478064,1.516496
11010,33.578306,-117.064244,511.352001,33.578364,-117.06425,457.040137,7.476323,1.516079
11025,33.578306,-117.064245,511.217734,33.578364,-117.06425,457.04074,7.4745,1.515662
11040,33.578306,-117.064245,511.080395,33.578364,-117.06425,457.041344,7.472764,1.515245
11055,33.578306,-117.064246,510.940355,33.578364,-117.06425,457.041947,7.470909,1.514828
11070,33.578306,-117.064246,510.801287,33.578364,-117.06425,457.04255,7.469148,1.514411
11085,33.578306,-117.064247,510.661005,33.578364,-117.06425,457.043154,7.467188,1.513994
11100,33.578306,-117.064248,510.518147,33.578364,-117.06425,457.043757,7.465156,1.513578
11115,33.578306,-117.064248,510.37006,33.578364,-117.06425,457.04436,7.463154,1.513161
11130,33.578306,-117.064249,510.220237,33.578364,-117.06425,457.044964,7.461095,1.512744
11145,33.578306,-117.064249,510.068924,33.578364,-117.06425,457.045567,7.45908,1.512328
11160,33.578306,-117.06425,509.918395,33.578364,-117.06425,457.04617,7.457118,1.511911
11175,33.578306,-117.06425,509.765021,33.578364,-117.06425,457.046773,7.455012,1.511494
11190,33.578306,-117.064251,509.611102,33.578364,-117.06425,457.047377,7.45292,1.511078
11205,33.578306,-117.064252,509.453134,33.578364,-117.06425,457.04798,7.450734,1.510662
11220,33.578306,-117.064252,509.294392,33.578364,-117.06425,457.048583,7.448548,1.510245
11235,33.578306,-117.064253,509.136687,33.578364,-117.06425,457.049187,7.44646,1.509829
11250,33.578306,-117.064253,508.976602,33.578364,-117.06425,457.04979,7.444154,1.509412
11265,33.578306,-117.064254,508.813921,33.578364,-117.06425,457.050393,7.441923,1.508996
11280,33.578306,-117.064254,508.649755,33.578364,-117.06425,457.050997,7.439665,1.50858
11295,33.578306,-117.064255,508.484958,33.578364,-117.06425,457.0516,7.437397,1.508164
11310,33.578306,-117.064256,508.319751,33.578364,-117.06425,457.052203,7.435138,1.507748
11325,33.578306,-117.064256,508.151234,33.578364,-117.06425,457.052807,7.432835,1.507332
11340,33.578306,-117.064257,507.978467,33.578364,-117.06425,457.05341,7.43049,1.506916
11355,33.578306,-117.064257,507.80233,33.578364,-117.06425,457.054013,7.428005,1.5065
11370,33.578306,-117.064258,507.626612,33.578364,-117.06425,457.054617,7.425489,1.506084
11385,33.578306,-117.064258,507.448761,33.578364,-117.06425,457.05522,7.422946,1.505668
11400,33.578306,-117.064259,507.272347,33.578364,-117.06425,457.055823,7.420547,1.505252
11415,33.578306,-117.064259,507.09513,33.578364,-117.06425,457.056427,7.418195,1.504836
11430,33.578306,-117.06426,506.914791,33.578364,-117.06425,457.05703,7.415688,1.50442
11445,33.578306,-117.06426,506.732124,33.578364,-117.06425,457.057633,7.41318,1.504005
11460,33.578306,-117.064261,506.545864,33.578364,-117.06425,457.058237,7.410546,1.503589
11475,33.578306,-117.064261,506.355731,33.578364,-117.06425,457.05884,7.407755,1.503173
11490,33.578306,-117.064262,506.165239,33.578364,-117.06425,457.059443,7.405003,1.502758
11505,33.578306,-117.064263,505.97461,33.578364,-117.06425,457.060047,7.402098,1.502342
11520,33.578306,-117.064263,505.781407,33.578364,-117.06425,457.06065,7.399473,1.501927
11535,33.578306,-117.064264,505.582213,33.578363,-117.06425,457.061253,7.396541,1.501511
11550,33.578306,-117.064264,505.385359,33.578363,-117.06425,457.061857,7.393732,1.501096
11565,33.578306,-117.064265,505.189939,33.578363,-117.06425,457.06246,7.39075,1.500681
11580,33.578306,-117.064265,504.993894,33.578363,-117.06425,457.063063,7.38787,1.500265
11595,33.578306,-117.064266,504.795,33.578363,-117.06425,457.063667,7.384883,1.49985
11610,33.578306,-117.064266,504.587504,33.578363,-117.06425,457.06427,7.381727,1.499435
11625,33.578306,-117.064267,504.379077,33.578363,-117.06425,457.064873,7.378675,1.49902
11640,33.578306,-117.064267,504.171503,33.578363,-117.06425,457.065477,7.375447,1.498605
11655,33.578306,-117.064268,503.964845,33.578363,-117.06425,457.06608,7.372366,1.49819
11670,33.578306,-117.064268,503.76056,33.578363,-117.06425,457.066683,7.369177,1.497775
11685,33.578306,-117.064269,503.553512,33.578363,-117.06425,457.067287,7.365941,1.49736
11700,33.578306,-117.064269,503.341975,33.578363,-117.06425,457.06789,7.362757,1.496945
11715,33.578307,-117.06427,503.121589,33.578363,-117.06425,457.068493,7.359365,1.49653
11730,33.578307,-117.06427,502.905727,33.578363,-117.06425,457.069097,7.356032,1.496115
11745,33.578307,-117.064271,502.690531,33.578363,-117.06425,457.0697,7.352566,1.4957
11760,33.578307,-117.064271,502.476954,33.578363,-117.06425,457.070303,7.349045,1.495286
11775,33.578307,-117.064272,502.2597,33.578363,-117.06425,457.070907,7.345565,1.494871
11790,33.578307,-117.064272,502.040773,33.578363,-117.06425,457.07151,7.34196,1.494456
11805,33.578307,-117.064273,501.819098,33.578363,-117.06425,457.072113,7.338468,1.494042
11820,33.578307,-117.064273,501.59398,33.578363,-117.06425,457.072717,7.334847,1.493627
11835,33.578307,-117.064274,501.367139,33.578363,-117.06425,457.07332,7.331203,1.493213
11850,33.578307,-117.064274,501.14644,33.578363,-117.06425,457.073923,7.327612,1.492798
11865,33.578307,-117.064275,500.924508,33.578363,-117.06425,457.074527,7.323766,1.492384
11880,33.578307,-117.064275,500.698763,33.578363,-117.06425,457.07513,7.320067,1.491969
11895,33.578307,-117.064276,500.470688,33.578363,-117.06425,457.075733,7.31622,1.491555
11910,33.578307,-117.064276,500.237721,33.578363,-117.06425,457.076337,7.312353,1.491141
11925,33.578307,-117.064276,500.003883,33.578363,-117.06425,457.07694,7.308549,1.490727
11940,33.578307,-117.064277,499.831756,33.578363,-117.06425,457.077543,7.308193,1.490313
11955,33.578307,-117.064277,499.656449,33.578363,-117.06425,457.078147,7.30774,1.489899
11970,33.578307,-117.064278,499.478801,33.578363,-117.06425,457.07875,7.30735,1.489484
11985,33.578307,-117.064278,499.300637,33.578363,-117.06425,457.079353,7.306922,1.48907
12000,33.578307,-117.064278,499.117923,33.578363,-117.06425,457.079957,7.306403,1.488656
12015,33.578307,-117.064279,498.931847,33.578363,-117.06425,457.08056,7.305911,1.488243
12030,33.578307,-117.064279,498.744162,33.578363,-117.06425,457.081163,7.305422,1.487829
12045,33.578307,-117.06428,498.551672,33.578363,-117.06425,457.081767,7.304713,1.487415
12060,33.578307,-117.06428,498.357872,33.578363,-117.06425,457.08237,7.30411,1.487001
12075,33.578307,-117.06428,498.156048,33.578363,-117.06425,457.082973,7.303173,1.486587
12090,33.578307,-117.064281,497.954031,33.578363,-117.06425,457.083577,7.302278,1.486174
12105,33.578307,-117.064281,497.750933,33.578363,-117.06425,457.08418,7.301417,1.48576
12120,33.578307,-117.064281,497.542344,33.578363,-117.06425,457.084783,7.300324,1.485347
12135,33.578307,-117.064282,497.333942,33.578363,-117.06425,457.085387,7.299368,1.484933
12150,33.578307,-117.064282,497.11784,33.578363,-117.06425,457.08599,7.298111,1.48452
12165,33.578307,-117.064282,496.899405,33.578363,-117.06425,457.086593,7.296759,1.484106
12180,33.578307,-117.064283,496.679169,33.578363,-117.06425,457.087197,7.295454,1.483693
12195,33.578307,-117.064283,496.454516,33.578363,-117.06425,457.0878,7.293926,1.483279
12210,33.578307,-117.064283,496.228134,33.578363,-117.06425,457.088403,7.292465,1.482866
12225,33.578307,-117.064283,496.001563,33.578363,-117.06425,457.089007,7.291022,1.482453
12240,33.578307,-117.064284,495.772439,33.578363,-117.06425,457.08961,7.289405,1.48204
12255,33.578307,-117.064284,495.539305,33.578363,-117.06425,457.090213,7.287698,1.481627
12270,33.578307,-117.064284,495.307588,33.578363,-117.06425,457.090817,7.286187,1.481213
12285,33.578307,-117.064285,495.071405,33.578363,-117.06425,457.09142,7.284388,1.4808
12300,33.578307,-117.064285,494.833411,33.578363,-117.06425,457.092023,7.282564,1.480387
12315,33.578307,-117.064285,494.597099,33.578362,-117.06425,457.092627,7.280849,1.479975
12330,33.578307,-117.064285,494.354878,33.578362,-117.06425,457.09323,7.278874,1.479562
12345,33.578307,-117.064286,494.110506,33.578362,-117.06425,457.093833,7.276813,1.479149
12360,33.578307,-117.064286,493.86884,33.578362,-117.06425,457.094437,7.275013,1.478736
12375,33.578308,-117.064286,493.620689,33.578362,-117.06425,457.09504,7.272893,1.478323
12390,33.578308,-117.064286,493.371094,33.578362,-117.06425,457.095643,7.270718,1.477911
12405,33.578308,-117.064287,493.122234,33.578362,-117.06425,457.096247,7.2688,1.477498
12420,33.578308,-117.064287,492.866997,33.578362,-117.06425,457.09685,7.266467,1.477085
12435,33.578308,-117.064287,492.60786,33.578362,-117.06425,457.097453,7.264016,1.476673
12450,33.578308,-117.064287,492.350046,33.578362,-117.06425,457.098057,7.261838,1.47626
12465,33.578308,-117.064288,492.088914,33.578362,-117.06425,457.09866,7.25937,1.475848
12480,33.578308,-117.064288,491.819709,33.578362,-117.06425,457.099263,7.256622,1.475435
12495,33.578308,-117.064288,491.554448,33.578362,-117.06425,457.099867,7.254167,1.475023
12510,33.578308,-117.064288,491.287123,33.578362,-117.06425,457.10047,7.2515,1.474611
12525,33.578308,-117.064288,491.012712,33.578362,-117.06425,457.101073,7.248575,1.474199
12540,33.578308,-117.064289,490.744346,33.578362,-117.06425,457.101677,7.245982,1.473786
12555,33.578308,-117.064289,490.470359,33.578362,-117.06425,457.10228,7.243158,1.473374
12570,33.578308,-117.064289,490.192548,33.578362,-117.06425,457.102883,7.240116,1.472962
12585,33.578308,-117.064289,489.919926,33.578362,-117.06425,457.103487,7.237375,1.47255
12600,33.578308,-117.06429,489.638017,33.578362,-117.06425,457.10409,7.234375,1.472138
12615,33.578308,-117.06429,489.353178,33.578362,-117.06425,457.104693,7.230968,1.471726
12630,33.578308,-117.06429,489.069978,33.578362,-117.06425,457.105297,7.227773,1.471314
12645,33.578308,-117.06429,488.786677,33.578362,-117.06425,457.1059,7.224756,1.470902
12660,33.578309,-117.06429,488.496002,33.578362,-117.06425,457.106503,7.22118,1.47049
12675,33.578309,-117.06429,488.204703,33.578362,-117.06425,457.107107,7.217748,1.470079
12690,33.578309,-117.064291,487.916974,33.578362,-117.06425,457.10771,7.214664,1.469667
12705,33.578309,-117.064291,487.620547,33.578362,-117.06425,457.108313,7.210897,1.469255
12720,33.578309,-117.064291,487.32316,33.578362,-117.06425,457.108917,7.207085,1.468844
12735,33.578309,-117.064291,487.028754,33.578362,-117.06425,457.10952,7.203717,1.468432
12750,33.578309,-117.064291,486.730222,33.578362,-117.06425,457.110123,7.199832,1.468021
12765,33.578309,-117.064292,486.430772,33.578362,-117.06425,457.110727,7.195952,1.467609
12780,33.578309,-117.064292,486.130423,33.578362,-117.06425,457.11133,7.192258,1.467198
12795,33.578309,-117.064292,485.828482,33.578362,-117.06425,457.111933,7.188379,1.466786
12810,33.578309,-117.064292,485.524752,33.578362,-117.06425,457.112537,7.184374,1.466375
12825,33.578309,-117.064292,485.220001,33.578362,-117.06425,457.11314,7.180438,1.465964
12840,33.578309,-117.064292,484.919905,33.578362,-117.06425,457.113743,7.176653,1.465553
12855,33.578309,-117.064293,484.612898,33.578362,-117.06425,457.114347,7.172499,1.465142
12870,33.578309,-117.064293,484.304814,33.578362,-117.06425,457.11495,7.168248,1.46473
12885,33.578309,-117.064293,483.996348,33.578362,-117.06425,457.115553,7.163956,1.464319
12900,33.578309,-117.064293,483.686115,33.578362,-117.06425,457.116157,7.159688,1.463908
12915,33.578309,-117.064293,483.374136,33.578362,-117.06425,457.11676,7.155176,1.463497
12930,33.578309,-117.064293,483.063722,33.578362,-117.06425,457.117363,7.150731,1.463087
12945,33.578309,-117.064293,482.750934,33.578362,-117.06425,457.117967,7.146276,1.462676
12960,33.578309,-117.064294,482.43468,33.578362,-117.06425,457.11857,7.141635,1.462265
12975,33.578309,-117.064294,482.116402,33.578362,-117.06425,457.119173,7.136855,1.461854
12990,33.578309,-117.064294,481.801177,33.578362,-117.06425,457.119777,7.132174,1.461443
13005,33.57831,-117.064294,481.484088,33.578362,-117.06425,457.12038,7.127437,1.461033
13020,33.57831,-117.064294,481.164401,33.578362,-117.06425,457.120983,7.122393,1.460622
13035,33.57831,-117.064294,480.841943,33.578362,-117.06425,457.121587,7.11739,1.460212
13050,33.57831,-117.064294,480.521658,33.578362,-117.06425,457.12219,7.112473,1.459801
13065,33.57831,-117.064294,480.19906,33.578362,-117.06425,457.122793,7.107505,1.459391
13080,33.57831,-117.064295,479.87564,33.578362,-117.06425,457.123397,7.102486,1.45898
13095,33.57831,-117.064295,479.5516,33.578362,-117.06425,457.124,7.097495,1.45857
13110,33.57831,-117.064295,479.226793,33.578361,-117.06425,457.124603,7.092238,1.45816
13125,33.57831,-117.064295,478.902806,33.578361,-117.06425,457.125207,7.087115,1.457749
13140,33.57831,-117.064295,478.577377,33.578361,-117.06425,457.12581,7.081776,1.457339
13155,33.57831,-117.064295,478.249619,33.578361,-117.06425,457.126413,7.076294,1.456929
13170,33.57831,-117.064295,477.922641,33.578361,-117.06425,457.127017,7.070849,1.456519
13185,33.57831,-117.064296,477.595578,33.578361,-117.06425,457.12762,7.065356,1.456109
13200,33.57831,-117.064296,477.26845,33.578361,-117.06425,457.128223,7.059912,1.455699
13215,33.57831,-117.064296,476.938119,33.578361,-117.06425,457.128827,7.054207,1.455289
13230,33.57831,-117.064296,476.605923,33.578361,-117.06425,457.12943,7.048238,1.454879
13245,33.57831,-117.064296,476.279707,33.578361,-117.06425,457.130033,7.042659,1.454469
13260,33.57831,-117.064296,475.952183,33.578361,-117.06425,457.130636,7.037152,1.45406
13275,33.57831,-117.064296,475.618303,33.578361,-117.06425,457.13124,7.030994,1.45365
13290,33.57831,-117.064296,475.285638,33.578361,-117.06425,457.131843,7.024791,1.45324
13305,33.57831,-117.064297,474.956811,33.578361,-117.06425,457.132446,7.018972,1.452831
13320,33.57831,-117.064297,474.624497,33.578361,-117.06425,457.13305,7.012947,1.452421
13335,33.57831,-117.064297,474.292417,33.578361,-117.06425,457.133653,7.006664,1.452011
13350,33.57831,-117.064297,473.95607,33.578361,-117.06425,457.134256,7.000319,1.451602
13365,33.57831,-117.064297,473.62335,33.578361,-117.06425,457.13486,6.994002,1.451193
13380,33.57831,-117.064297,473.288499,33.578361,-117.06425,457.135463,6.9877,1.450783
13395,33.57831,-117.064297,472.958287,33.578361,-117.06425,457.136066,6.981368,1.450374
13410,33.57831,-117.064297,472.622831,33.578361,-117.06425,457.13667,6.974728,1.449965
13425,33.578309,-117.064297,472.291561,33.578361,-117.06425,457.137273,6.968291,1.449555
13440,33.578309,-117.064297,471.958168,33.578361,-117.06425,457.137876,6.96203,1.449146
13455,33.578309,-117.064298,471.624822,33.578361,-117.06425,457.13848,6.955439,1.448737
13470,33.578309,-117.064298,471.291343,33.578361,-117.06425,457.139083,6.948741,1.448328
13485,33.578309,-117.064298,470.956555,33.578361,-117.06425,457.139686,6.942002,1.447919
13500,33.578309,-117.064298,470.625852,33.578361,-117.06425,457.14029,6.93533,1.44751
13515,33.578309,-117.064298,470.289369,33.578361,-117.06425,457.140893,6.928505,1.447101
13530,33.578309,-117.064298,469.958398,33.578361,-117.06425,457.141496,6.921448,1.446692
13545,33.578309,-117.064298,469.621957,33.578361,-117.06425,457.1421,6.914446,1.446284
13560,33.578309,-117.064298,469.291708,33.578361,-117.06425,457.142703,6.907257,1.445875
13575,33.578309,-117.064298,468.957897,33.578361,-117.06425,457.143306,6.900453,1.445466
13590,33.578309,-117.064298,468.626173,33.578361,-117.06425,457.14391,6.8934,1.445058
13605,33.578309,-117.064299,468.288334,33.578361,-117.06425,457.144513,6.885913,1.444649
13620,33.578309,-117.064299,467.960988,33.578361,-117.06425,457.145116,6.878797,1.444241
13635,33.578309,-117.064299,467.626656,33.578361,-117.06425,457.14572,6.871411,1.443832
13650,33.578309,-117.064299,467.299049,33.578361,-117.06425,457.146323,6.864307,1.443424
13665,33.578309,-117.064299,466.966802,33.578361,-117.06425,457.146926,6.856838,1.443015
13680,33.578308,-117.064299,466.637663,33.578361,-117.06425,457.14753,6.849396,1.442607
13695,33.578308,-117.064299,466.309024,33.578361,-117.06425,457.148133,6.842017,1.442199
13710,33.578308,-117.064299,465.980256,33.578361,-117.06425,457.148736,6.834845,1.44179
13725,33.578308,-117.064299,465.653188,33.578361,-117.06425,457.14934,6.827392,1.441382
13740,33.57832,-117.064295,466.355475,33.578361,-117.06425,457.149943,6.73728,1.440974
13755,33.578331,-117.064292,467.02851,33.578361,-117.06425,457.150546,6.651181,1.440566
13770,33.578342,-117.064288,467.64462,33.578361,-117.06425,457.15115,6.56974,1.440158
13785,33.578352,-117.064284,468.256548,33.578361,-117.06425,457.151753,6.491442,1.43975
13800,33.578361,-117.064281,468.827544,33.578361,-117.06425,457.152356,6.417403,1.439342
13815,33.57837,-117.064278,469.381569,33.578361,-117.06425,457.15296,6.346424,1.438934
13830,33.578378,-117.064275,469.916447,33.578361,-117.06425,457.153563,6.278318,1.438527
13845,33.578386,-117.064272,470.453389,33.578361,-117.06425,457.154166,6.211926,1.438119
13860,33.578394,-117.06427,470.945123,33.578361,-117.06425,457.15477,6.149717,1.437711
13875,33.578401,-117.064267,471.441879,33.578361,-117.06425,457.155373,6.088559,1.437304
13890,33.578408,-117.064265,471.90471,33.57836,-117.06425,457.155976,6.030339,1.436896
13905,33.578415,-117.064262,472.371601,33.57836,-117.06425,457.15658,5.97363,1.436489
13920,33.578421,-117.06426,472.806999,33.57836,-117.06425,457.157183,5.919689,1.436081
13935,33.578427,-117.064258,473.235876,33.57836,-117.06425,457.157786,5.867452,1.435674
13950,33.578433,-117.064256,473.646261,33.57836,-117.06425,457.15839,5.817456,1.435266
13965,33.578439,-117.064254,474.037382,33.57836,-117.06425,457.158993,5.769927,1.434859
13980,33.578444,-117.064252,474.41585,33.57836,-117.06425,457.159596,5.723991,1.434452
13995,33.578449,-117.06425,474.777437,33.57836,-117.06425,457.1602,5.680084,1.434045
14010,33.578454,-117.064249,475.140784,33.57836,-117.06425,457.160803,5.637129,1.433637
14025,33.578459,-117.064247,475.495389,33.57836,-117.06425,457.161406,5.595747,1.43323
14040,33.578463,-117.064245,475.839989,33.57836,-117.06425,457.16201,5.555621,1.432823
14055,33.578467,-117.064244,476.179032,33.57836,-117.06425,457.162613,5.516465,1.432416
14070,33.578472,-117.064242,476.514862,33.57836,-117.06425,457.163216,5.478533,1.432009
14085,33.578476,-117.064241,476.835368,33.57836,-117.06425,457.16382,5.441963,1.431602
14100,33.57848,-117.064239,477.15428,33.57836,-117.06425,457.164423,5.406458,1.431196
14115,33.578483,-117.064238,477.453307,33.57836,-117.06425,457.165026,5.372558,1.430789
14130,33.578487,-117.064237,477.746041,33.57836,-117.06425,457.16563,5.339881,1.430382
14145,33.57849,-117.064235,478.02897,33.57836,-117.06425,457.166233,5.30832,1.429976
14160,33.578494,-117.064234,478.309216,33.57836,-117.06425,457.166836,5.277439,1.429569
14175,33.578497,-117.064233,478.576542,33.57836,-117.06425,457.16744,5.247921,1.429162
14190,33.5785,-117.064232,478.848984,33.57836,-117.06425,457.168043,5.218992,1.428756
14205,33.578503,-117.064231,479.119169,33.57836,-117.06425,457.168646,5.190696,1.428349
14220,33.578506,-117.06423,479.38268,33.57836,-117.06425,457.16925,5.16331,1.427943
14235,33.578509,-117.064229,479.639499,33.57836,-117.06425,457.169853,5.136744,1.427537
14250,33.578512,-117.064227,479.890047,33.57836,-117.06425,457.170456,5.111054,1.42713
14265,33.578514,-117.064226,480.14101,33.57836,-117.06425,457.17106,5.086098,1.426724
14280,33.578517,-117.064225,480.374089,33.57836,-117.06425,457.171663,5.062185,1.426318
14295,33.57852,-117.064224,480.602358,33.57836,-117.06425,457.172266,5.038912,1.425912
14310,33.578522,-117.064223,480.822577,33.57836,-117.06425,457.17287,5.016378,1.425506
14325,33.578524,-117.064223,481.042355,33.57836,-117.06425,457.173473,4.9944,1.4251
14340,33.578527,-117.064222,481.257705,33.57836,-117.06425,457.174076,4.973035,1.424694
14355,33.578529,-117.064221,481.476187,33.57836,-117.06425,457.17468,4.95195,1.424288
14370,33.578531,-117.06422,481.694011,33.57836,-117.06425,457.175283,4.931426,1.423882
14385,33.578533,-117.064219,481.908674,33.57836,-117.06425,457.175886,4.911526,1.423476
14400,33.578535,-117.064218,482.120114,33.57836,-117.06425,457.17649,4.892019,1.423071
14415,33.578537,-117.064217,482.324953,33.57836,-117.06425,457.177093,4.873189,1.422665
14430,33.578539,-117.064217,482.532111,33.57836,-117.06425,457.177696,4.854782,1.422259
14445,33.578541,-117.064216,482.7349,33.57836,-117.06425,457.1783,4.836884,1.421854
14460,33.578543,-117.064215,482.940346,33.57836,-117.06425,457.178903,4.81932,1.421448
14475,33.578545,-117.064214,483.132357,33.57836,-117.06425,457.179506,4.802438,1.421043
14490,33.578546,-117.064214,483.322569,33.57836,-117.06425,457.18011,4.785946,1.420637
14505,33.578548,-117.064213,483.50651,33.57836,-117.06425,457.180713,4.769996,1.420232
14520,33.57855,-117.064212,483.680962,33.57836,-117.06425,457.181316,4.754619,1.419827
14535,33.578551,-117.064212,483.862312,33.57836,-117.06425,457.18192,4.739421,1.419422
14550,33.578553,-117.064211,484.035559,33.57836,-117.06425,457.182523,4.72468,1.419016
14565,33.578554,-117.06421,484.204898,33.57836,-117.06425,457.183126,4.710427,1.418611
14580,33.578556,-117.06421,484.374893,33.57836,-117.06425,457.18373,4.696308,1.418206
14595,33.578557,-117.064209,484.534993,33.57836,-117.06425,457.184333,4.682879,1.417801
14610,33.578559,-117.064208,484.698884,33.57836,-117.06425,457.184936,4.669615,1.417396
14625,33.57856,-117.064208,484.860806,33.57836,-117.06425,457.18554,4.656663,1.416991
14640,33.578561,-117.064207,485.01823,33.57836,-117.06425,457.186143,4.644041,1.416586
14655,33.578562,-117.064207,485.17591,33.57836,-117.06425,457.186746,4.631538,1.416182
14670,33.578564,-117.064206,485.328208,33.57836,-117.06425,457.18735,4.61947,1.415777
14685,33.578565,-117.064205,485.483993,33.578359,-117.06425,457.187953,4.607794,1.415372
14700,33.578566,-117.064205,485.633858,33.578359,-117.06425,457.188556,4.596464,1.414968
14715,33.578567,-117.064204,485.767905,33.578359,-117.06425,457.18916,4.585682,1.414563
14730,33.578568,-117.064204,485.906971,33.578359,-117.06425,457.189763,4.575079,1.414159
14745,33.578569,-117.064203,486.04212,33.578359,-117.06425,457.190366,4.564825,1.413754
14760,33.57857,-117.064203,486.172684,33.578359,-117.06425,457.19097,4.554857,1.41335
14775,33.578571,-117.064202,486.311808,33.578359,-117.06425,457.191573,4.544762,1.412945
14790,33.578572,-117.064202,486.434798,33.578359,-117.06425,457.192176,4.535271,1.412541
14805,33.578573,-117.064202,486.407508,33.578359,-117.06425,457.19278,4.523915,1.412137
14820,33.578574,-117.064202,486.379417,33.578359,-117.06425,457.193383,4.512685,1.411733
14835,33.578575,-117.064202,486.345861,33.578359,-117.06425,457.193986,4.501831,1.411329
14850,33.578575,-117.064202,486.317397,33.578359,-117.06425,457.19459,4.491153,1.410925
14865,33.578576,-117.064203,486.283704,33.578359,-117.06425,457.195193,4.481037,1.410521
14880,33.578576,-117.064203,486.249685,33.578359,-117.06425,457.195796,4.471076,1.410117
14895,33.578577,-117.064203,486.213959,33.578359,-117.06425,457.1964,4.461413,1.409713
14910,33.578578,-117.064203,486.179325,33.578359,-117.06425,457.197003,4.451837,1.409309
14925,33.578578,-117.064203,486.14053,33.578359,-117.06425,457.197606,4.442541,1.408905
14940,33.578579,-117.064203,486.0998,33.578359,-117.06425,457.19821,4.433485,1.408501
14955,33.578579,-117.064203,486.059857,33.578359,-117.06425,457.198813,4.424614,1.408098
14970,33.57858,-117.064204,486.0215,33.578359,-117.06425,457.199416,4.415931,1.407694
14985,33.57858,-117.064204,485.981263,33.578359,-117.06425,457.20002,4.407532,1.407291
15000,33.57858,-117.064204,485.936125,33.578359,-117.06425,457.200623,4.399171,1.406887
15015,33.578581,-117.064204,485.89407,33.578359,-117.06425,457.201226,4.390947,1.406484
15030,33.578581,-117.064204,485.843813,33.578359,-117.06425,457.20183,4.38315,1.40608
15045,33.578582,-117.064205,485.790304,33.578359,-117.06425,457.202433,4.375576,1.405677
15060,33.578582,-117.064205,485.740459,33.578359,-117.06425,457.203036,4.367878,1.405274
15075,33.578582,-117.064205,485.685933,33.578359,-117.06425,457.20364,4.360518,1.40487
15090,33.578582,-117.064205,485.633851,33.578359,-117.06425,457.204243,4.353239,1.404467
15105,33.578583,-117.064205,485.574189,33.578359,-117.06425,457.204846,4.346317,1.404064
15120,33.578583,-117.064205,485.513129,33.578359,-117.06425,457.20545,4.339496,1.403661
15135,33.578583,-117.064206,485.45765,33.578359,-117.06425,457.206053,4.332734,1.403258
15150,33.578583,-117.064206,485.401985,33.578359,-117.06425,457.206656,4.326145,1.402855
15165,33.578583,-117.064206,485.340565,33.578359,-117.06425,457.20726,4.319732,1.402452
15180,33.578583,-117.064206,485.278709,33.578359,-117.06425,457.207863,4.313423,1.40205
15195,33.578583,-117.064206,485.219905,33.578359,-117.06425,457.208466,4.307229,1.401647
15210,33.578584,-117.064207,485.152736,33.578359,-117.06425,457.20907,4.301338,1.401244
15225,33.578584,-117.064207,485.173835,33.578359,-117.06425,457.209673,4.298051,1.400842
15240,33.578584,-117.064208,485.192697,33.578359,-117.06425,457.210276,4.29486,1.400439
15255,33.578584,-117.064208,485.208848,33.578359,-117.06425,457.21088,4.291759,1.400036
15270,33.578584,-117.064208,485.223107,33.578359,-117.06425,457.211483,4.288758,1.399634
15285,33.578584,-117.064209,485.235629,33.578359,-117.06425,457.212086,4.285813,1.399232
15300,33.578584,-117.06421,485.214437,33.578359,-117.06425,457.21269,4.280049,1.398829
15315,33.578583,-117.06421,485.188608,33.578359,-117.06425,457.213293,4.27439,1.398427
15330,33.578583,-117.064211,485.169653,33.578359,-117.06425,457.213896,4.2689,1.398025
15345,33.578583,-117.064211,485.146878,33.578359,-117.06425,457.2145,4.263416,1.397623
15360,33.578583,-117.064212,485.128927,33.578359,-117.06425,457.215103,4.258124,1.39722
15375,33.578583,-117.064212,485.106316,33.578359,-117.06425,457.215706,4.252968,1.396818
15390,33.578583,-117.064213,485.082504,33.578359,-117.06425,457.21631,4.247853,1.396416
15405,33.578582,-117.064214,485.06583,33.578359,-117.06425,457.216913,4.242832,1.396014
15420,33.578582,-117.064214,485.044895,33.578359,-117.06425,457.217516,4.237924,1.395613
15435,33.578582,-117.064215,485.016876,33.578359,-117.06425,457.21812,4.23297,1.395211
15450,33.578582,-117.064215,484.994328,33.578359,-117.06425,457.218723,4.228258,1.394809
15465,33.578582,-117.064216,484.972838,33.578359,-117.06425,457.219326,4.223616,1.394407
15480,33.578581,-117.064216,484.952607,33.578358,-117.06425,457.219929,4.219077,1.394006
15495,33.578581,-117.064217,484.93015,33.578358,-117.06425,457.220533,4.214615,1.393604
15510,33.578581,-117.064217,484.910377,33.578358,-117.06425,457.221136,4.210162,1.393203
15525,33.578581,-117.064218,484.88445,33.578358,-117.06425,457.221739,4.205798,1.392801
15540,33.578581,-117.064218,484.861935,33.578358,-117.06425,457.222343,4.201577,1.3924
15555,33.57858,-117.064219,484.839113,33.578358,-117.06425,457.222946,4.197445,1.391998
15570,33.57858,-117.064219,484.823278,33.578358,-117.06425,457.223549,4.193364,1.391597
15585,33.57858,-117.06422,484.799296,33.578358,-117.06425,457.224153,4.189401,1.391196
15600,33.57858,-117.06422,484.780616,33.578358,-117.06425,457.224756,4.185442,1.390795
15615,33.57858,-117.06422,484.754528,33.578358,-117.06425,457.225359,4.181636,1.390393
15630,33.578579,-117.064221,484.727722,33.578358,-117.06425,457.225963,4.177816,1.389992
15645,33.578579,-117.064221,484.703399,33.578358,-117.06425,457.226566,4.1741,1.389591
15660,33.578579,-117.064222,484.675351,33.578358,-117.06425,457.227169,4.170437,1.38919
15675,33.578579,-117.064222,484.648636,33.578358,-117.06425,457.227773,4.16688,1.38879
15690,33.578578,-117.064223,484.61989,33.578358,-117.06425,457.228376,4.163339,1.388389
15705,33.578578,-117.064223,484.595079,33.578358,-117.06425,457.228979,4.159979,1.387988
15720,33.578578,-117.064223,484.569175,33.578358,-117.06425,457.229583,4.156642,1.387587
15735,33.578578,-117.064224,484.54339,33.578358,-117.06425,457.230186,4.153394,1.387187
15750,33.578578,-117.064224,484.51693,33.578358,-117.06425,457.230789,4.150257,1.386786
15765,33.578577,-117.064225,484.485714,33.578358,-117.06425,457.231393,4.14712,1.386386
15780,33.578577,-117.064225,484.455827,33.578358,-117.06425,457.231996,4.144034,1.385985
15795,33.578577,-117.064225,484.425846,33.578358,-117.06425,457.232599,4.140984,1.385585
15810,33.578576,-117.064226,484.39639,33.578358,-117.06425,457.233203,4.138085,1.385184
15825,33.578576,-117.064226,484.36878,33.578358,-117.06425,457.233806,4.135225,1.384784
15840,33.578576,-117.064226,484.337613,33.578358,-117.06425,457.234409,4.13237,1.384384
15855,33.578576,-117.064227,484.306745,33.578358,-117.06425,457.235013,4.129597,1.383984
15870,33.578575,-117.064227,484.274156,33.578358,-117.06425,457.235616,4.126919,1.383584
15885,33.578575,-117.064227,484.241873,33.578358,-117.06425,457.236219,4.124295,1.383184
15900,33.578575,-117.064228,484.211975,33.578358,-117.06425,457.236823,4.121696,1.382784
15915,33.578575,-117.064228,484.180284,33.578358,-117.06425,457.237426,4.1192,1.382384
15930,33.578574,-117.064228,484.145758,33.578358,-117.06425,457.238029,4.116732,1.381984
15945,33.578574,-117.064229,484.110346,33.578358,-117.06425,457.238633,4.114277,1.381584
15960,33.578574,-117.064229,484.077938,33.578358,-117.06425,457.239236,4.111944,1.381184
15975,33.578573,-117.064229,484.042996,33.578358,-117.06425,457.239839,4.10965,1.380784
15990,33.578573,-117.06423,484.003468,33.578358,-117.06425,457.240443,4.107317,1.380385
16005,33.578573,-117.06423,483.966981,33.578358,-117.06425,457.241046,4.105125,1.379985
16020,33.578572,-117.06423,483.931892,33.578358,-117.06425,457.241649,4.102943,1.379586
16035,33.578572,-117.064231,483.895255,33.578358,-117.06425,457.242253,4.100879,1.379186
16050,33.578572,-117.064231,483.854159,33.578358,-117.06425,457.242856,4.098733,1.378787
16065,33.578571,-117.064231,483.816332,33.578358,-117.06425,457.243459,4.096748,1.378388
16080,33.578571,-117.064231,483.777251,33.578358,-117.06425,457.244063,4.094749,1.377988
16095,33.578571,-117.064232,483.738337,33.578358,-117.06425,457.244666,4.092881,1.377589
16110,33.57857,-117.064232,483.698782,33.578358,-117.06425,457.245269,4.090916,1.37719
16125,33.57857,-117.064232,483.656895,33.578358,-117.06425,457.245873,4.088996,1.376791
16140,33.57857,-117.064232,483.61612,33.578358,-117.06425,457.246476,4.087116,1.376392
16155,33.578569,-117.064233,483.572637,33.578358,-117.06425,457.247079,4.08522,1.375993
16170,33.578569,-117.064233,483.525572,33.578358,-117.06425,457.247683,4.083376,1.375594
16185,33.578569,-117.064233,483.481349,33.578358,-117.06425,457.248286,4.08165,1.375195
16200,33.578568,-117.064233,483.436701,33.578358,-117.06425,457.248889,4.079901,1.374796
16215,33.578568,-117.064234,483.390034,33.578358,-117.06425,457.249493,4.078227,1.374398
16230,33.578568,-117.064234,483.344174,33.578358,-117.06425,457.250096,4.076611,1.373999
16245,33.578567,-117.064234,483.295494,33.578358,-117.06425,457.250699,4.074993,1.3736
16260,33.578567,-117.064234,483.242214,33.578357,-117.06425,457.251303,4.073373,1.373202
16275,33.578566,-117.064235,483.187953,33.578357,-117.06425,457.251906,4.071818,1.372803
16290,33.578566,-117.064235,483.136503,33.578357,-117.06425,457.252509,4.070288,1.372405
16305,33.578566,-117.064235,483.082073,33.578357,-117.06425,457.253113,4.068796,1.372007
16320,33.578565,-117.064235,483.029012,33.578357,-117.06425,457.253716,4.06731,1.371608
16335,33.578565,-117.064235,482.977533,33.578357,-117.06425,457.254319,4.065877,1.37121
16350,33.578564,-117.064235,482.920599,33.578357,-117.06425,457.254923,4.064491,1.370812
16365,33.578564,-117.064236,482.862383,33.578357,-117.06425,457.255526,4.063089,1.370414
16380,33.578563,-117.064236,482.806286,33.578357,-117.06425,457.256129,4.061685,1.370016
16395,33.578563,-117.064236,482.746695,33.578357,-117.06425,457.256733,4.060296,1.369618
16410,33.578563,-117.064236,482.686808,33.578357,-117.06425,457.257336,4.058959,1.36922
16425,33.578562,-117.064236,482.628781,33.578357,-117.06425,457.257939,4.057642,1.368822
16440,33.578562,-117.064237,482.568348,33.578357,-117.06425,457.258543,4.056395,1.368424
16455,33.578561,-117.064237,482.50554,33.578357,-117.06425,457.259146,4.055103,1.368027
16470,33.578561,-117.064237,482.444749,33.578357,-117.06425,457.259749,4.053926,1.367629
16485,33.57856,-117.064237,482.381273,33.578357,-117.06425,457.260353,4.052744,1.367231
16500,33.57856,-117.064237,482.316976,33.578357,-117.06425,457.260956,4.051578,1.366834
16515,33.578559,-117.064237,482.250888,33.578357,-117.06425,457.261559,4.050491,1.366436
16530,33.578559,-117.064237,482.184568,33.578357,-117.06425,457.262163,4.049399,1.366039
16545,33.578558,-117.064238,482.11594,33.578357,-117.06425,457.262766,4.04825,1.365641
16560,33.578558,-117.064238,482.046566,33.578357,-117.06425,457.263369,4.047241,1.365244
16575,33.578557,-117.064238,481.976462,33.578357,-117.06425,457.263973,4.046213,1.364847
16590,33.578557,-117.064238,481.905717,33.578357,-117.06425,457.264576,4.045126,1.36445
16605,33.578556,-117.064238,481.832975,33.578357,-117.06425,457.265179,4.044038,1.364053
16620,33.578556,-117.064238,481.75935,33.578357,-117.06425,457.265783,4.042933,1.363656
16635,33.578555,-117.064238,481.682032,33.578357,-117.06425,457.266386,4.041836,1.363259
16650,33.578555,-117.064238,481.606546,33.578357,-117.06425,457.266989,4.040744,1.362862
16665,33.578554,-117.064238,481.527645,33.578357,-117.06425,457.267593,4.039645,1.362465
16680,33.578553,-117.064239,481.451154,33.578357,-117.06425,457.268196,4.038666,1.362068
16695,33.578553,-117.064239,481.370961,33.578357,-117.06425,457.268799,4.037708,1.361671
16710,33.578552,-117.064239,481.290097,33.578357,-117.06425,457.269403,4.036746,1.361275
16725,33.578552,-117.064239,481.208622,33.578357,-117.06425,457.270006,4.035806,1.360878
16740,33.578551,-117.064239,481.126485,33.578357,-117.06425,457.270609,4.034872,1.360481
16755,33.578551,-117.064239,481.043044,33.578357,-117.06425,457.271213,4.03395,1.360085
16770,33.57855,-117.064239,480.956651,33.578357,-117.06425,457.271816,4.033046,1.359689
16785,33.578549,-117.064239,480.869717,33.578357,-117.06425,457.272419,4.032113,1.359292
16800,33.578549,-117.064239,480.77983,33.578357,-117.06425,457.273023,4.031256,1.358896
16815,33.578548,-117.064239,480.691193,33.578357,-117.06425,457.273626,4.030436,1.3585
16830,33.578547,-117.064239,480.600263,33.578357,-117.06425,457.274229,4.029541,1.358104
16845,33.578547,-117.064239,480.59397,33.578357,-117.06425,457.274833,4.028287,1.357707
16860,33.578546,-117.064239,480.586896,33.578357,-117.06425,457.275436,4.027014,1.357311
16875,33.578545,-117.064239,480.57805,33.578357,-117.06425,457.276039,4.025772,1.356915
16890,33.578544,-117.064238,480.569333,33.578357,-117.06425,457.276643,4.024497,1.356519
16905,33.578543,-117.064238,480.557722,33.578357,-117.06425,457.277246,4.023243,1.356124
16920,33.578542,-117.064238,480.544781,33.578357,-117.06425,457.277849,4.021943,1.355728
16935,33.578541,-117.064238,480.529228,33.578357,-117.06425,457.278453,4.020642,1.355332
16950,33.57854,-117.064238,480.511321,33.578357,-117.06425,457.279056,4.019363,1.354936
16965,33.57854,-117.064237,480.492901,33.578357,-117.06425,457.279659,4.018036,1.354541
16980,33.578539,-117.064237,480.473312,33.578357,-117.06425,457.280263,4.016755,1.354145
16995,33.578538,-117.064237,480.453047,33.578357,-117.06425,457.280866,4.015432,1.35375
17010,33.578537,-117.064237,480.432287,33.578357,-117.06425,457.281469,4.014097,1.353354
17025,33.578536,-117.064236,480.40851,33.578357,-117.06425,457.282073,4.012777,1.352959
17040,33.578535,-117.064236,480.382341,33.578357,-117.06425,457.282676,4.011458,1.352564
17055,33.578534,-117.064236,480.355291,33.578356,-117.06425,457.283279,4.010131,1.352169
17070,33.578533,-117.064236,480.32846,33.578356,-117.06425,457.283883,4.008766,1.351773
17085,33.578532,-117.064235,480.301419,33.578356,-117.06425,457.284486,4.007408,1.351378
17100,33.578531,-117.064235,480.273531,33.578356,-117.06425,457.285089,4.006056,1.350983
17115,33.57853,-117.064235,480.243143,33.578356,-117.06425,457.285693,4.004634,1.350588
17130,33.578529,-117.064234,480.21157,33.578356,-117.06425,457.286296,4.003216,1.350193
17145,33.578528,-117.064234,480.177198,33.578356,-117.06425,457.286899,4.001827,1.349799
17160,33.578527,-117.064234,480.142495,33.578356,-117.06425,457.287503,4.000406,1.349404
17175,33.578526,-117.064234,480.106929,33.578356,-117.06425,457.288106,3.998979,1.349009
17190,33.578525,-117.064233,480.069125,33.578356,-117.06425,457.288709,3.997525,1.348615
17205,33.578524,-117.064233,480.030567,33.578356,-117.06425,457.289313,3.996055,1.34822
17220,33.578522,-117.064233,479.98937,33.578356,-117.06425,457.289916,3.994529,1.347825
17235,33.578521,-117.064232,479.947832,33.578356,-117.06425,457.290519,3.993037,1.347431
17250,33.57852,-117.064232,479.906385,33.578356,-117.06425,457.291123,3.991533,1.347037
17265,33.578519,-117.064232,479.863802,33.578356,-117.06425,457.291726,3.99,1.346642
17280,33.578518,-117.064231,479.818088,33.578356,-117.06425,457.292329,3.98844,1.346248
17295,33.578517,-117.064231,479.772534,33.578356,-117.06425,457.292933,3.986866,1.345854
17310,33.578516,-117.064231,479.724621,33.578356,-117.06425,457.293536,3.985253,1.34546
17325,33.578515,-117.06423,479.673864,33.578356,-117.06425,457.294139,3.983612,1.345066
17340,33.578514,-117.06423,479.62149,33.578356,-117.06425,457.294743,3.981924,1.344672
17355,33.578512,-117.06423,479.56788,33.578356,-117.06425,457.295346,3.980244,1.344278
17370,33.578511,-117.064229,479.513071,33.578356,-117.06425,457.295949,3.978551,1.343884
17385,33.57851,-117.064229,479.454945,33.578356,-117.06425,457.296553,3.97684,1.34349
17400,33.578509,-117.064228,479.394752,33.578356,-117.06425,457.297156,3.975065,1.343097
17415,33.578508,-117.064228,479.333852,33.578356,-117.06425,457.297759,3.973287,1.342703
17430,33.578506,-117.064228,479.272352,33.578356,-117.06425,457.298363,3.971527,1.342309
17445,33.578505,-117.064227,479.20989,33.578356,-117.06425,457.298966,3.969736,1.341916
17460,33.578504,-117.064227,479.147023,33.578356,-117.06425,457.299569,3.967932,1.341522
17475,33.578503,-117.064227,479.081179,33.578356,-117.06425,457.300173,3.96609,1.341129
17490,33.578501,-117.064226,479.01531,33.578356,-117.06425,457.300776,3.964245,1.340736
17505,33.5785,-117.064226,478.947003,33.578356,-117.06425,457.301379,3.962329,1.340342
17520,33.578499,-117.064225,478.877482,33.578356,-117.06425,457.301983,3.96038,1.339949
17535,33.578497,-117.064225,478.804663,33.578356,-117.06425,457.302586,3.958395,1.339556
17550,33.578496,-117.064224,478.730458,33.578356,-117.06425,457.303189,3.95641,1.339163
17565,33.578495,-117.064224,478.654667,33.578356,-117.06425,457.303793,3.954374,1.33877
17580,33.578493,-117.064224,478.578582,33.578356,-117.06425,457.304396,3.952335,1.338377
17595,33.578492,-117.064223,478.500829,33.578356,-117.06425,457.304999,3.950241,1.337984
17610,33.578491,-117.064223,478.424131,33.578356,-117.06425,457.305603,3.948178,1.337591
17625,33.578489,-117.064222,478.344879,33.578356,-117.06425,457.306206,3.946035,1.337199
17640,33.578488,-117.064222,478.262695,33.578356,-117.06425,457.306809,3.943866,1.336806
17655,33.578487,-117.064221,478.179624,33.578356,-117.06425,457.307413,3.941699,1.336413
17670,33.578485,-117.064221,478.09235,33.578356,-117.06425,457.308016,3.93949,1.336021
17685,33.578484,-117.06422,478.00303,33.578356,-117.06425,457.308619,3.937262,1.335628
17700,33.578482,-117.06422,477.91296,33.578356,-117.06425,457.309223,3.935058,1.335236
17715,33.578481,-117.06422,477.820347,33.578356,-117.06425,457.309826,3.932785,1.334844
17730,33.578479,-117.064219,477.727756,33.578356,-117.06425,457.310429,3.930418,1.334451
17745,33.578478,-117.064219,477.635609,33.578356,-117.06425,457.311033,3.928025,1.334059
17760,33.578476,-117.064218,477.544199,33.578356,-117.06425,457.311636,3.92561,1.333667
17775,33.578475,-117.064218,477.450372,33.578356,-117.06425,457.312239,3.923175,1.333275
17790,33.578473,-117.064217,477.35335,33.578356,-117.06425,457.312842,3.920715,1.332883
17805,33.578472,-117.064217,477.256628,33.578356,-117.06425,457.313446,3.918237,1.332491
17820,33.57847,-117.064216,477.158776,33.578356,-117.06425,457.314049,3.915715,1.332099
17835,33.578469,-117.064216,477.060384,33.578356,-117.06425,457.314652,3.913194,1.331707
17850,33.578467,-117.064215,476.957158,33.578355,-117.06425,457.315256,3.910576,1.331315
17865,33.578466,-117.064215,476.85307,33.578355,-117.06425,457.315859,3.907943,1.330924
17880,33.578464,-117.064214,476.749511,33.578355,-117.06425,457.316462,3.905259,1.330532
17895,33.578463,-117.064214,476.643938,33.578355,-117.06425,457.317066,3.902548,1.330141
17910,33.578461,-117.064213,476.537399,33.578355,-117.06425,457.317669,3.899792,1.329749
17925,33.578459,-117.064213,476.426558,33.578355,-117.06425,457.318272,3.896972,1.329358
17940,33.578458,-117.064212,476.316616,33.578355,-117.06425,457.318876,3.894118,1.328966
17955,33.578456,-117.064212,476.204321,33.578355,-117.06425,457.319479,3.891189,1.328575
17970,33.578454,-117.064211,476.093262,33.578355,-117.06425,457.320082,3.888201,1.328184
17985,33.578453,-117.06421,475.979073,33.578355,-117.06425,457.320686,3.885193,1.327793
18000,33.578451,-117.06421,475.865656,33.578355,-117.06425,457.321289,3.882168,1.327402
18015,33.578449,-117.064209,475.74729,33.578355,-117.06425,457.321892,3.879079,1.327011
18030,33.578448,-117.064209,475.625888,33.578355,-117.06425,457.322496,3.875936,1.32662
18045,33.578446,-117.064208,475.504576,33.578355,-117.06425,457.323099,3.872811,1.326229
18060,33.578444,-117.064208,475.38252,33.578355,-117.06425,457.323702,3.869675,1.325838
18075,33.578442,-117.064207,475.26059,33.578355,-117.06425,457.324306,3.866495,1.325448
18090,33.578441,-117.064207,475.135843,33.578355,-117.06425,457.324909,3.863243,1.325057
18105,33.578439,-117.064206,475.009465,33.578355,-117.06425,457.325512,3.859962,1.324666
18120,33.578437,-117.064205,474.881758,33.578355,-117.06425,457.326116,3.856632,1.324276
18135,33.578435,-117.064205,474.753753,33.578355,-117.06425,457.326719,3.85326,1.323885
18150,33.578434,-117.064204,474.626427,33.578355,-117.06425,457.327322,3.849841,1.323495
18165,33.578432,-117.064204,474.496667,33.578355,-117.06425,457.327926,3.84638,1.323105
18180,33.57843,-117.064203,474.364655,33.578355,-117.06425,457.328529,3.842815,1.322714
18195,33.578428,-117.064203,474.231435,33.578355,-117.06425,457.329132,3.839208,1.322324
18210,33.578426,-117.064202,474.098552,33.578355,-117.06425,457.329736,3.835636,1.321934
18225,33.578425,-117.064201,473.967565,33.578355,-117.06425,457.330339,3.832043,1.321544
18240,33.578423,-117.064201,473.831969,33.578355,-117.06425,457.330942,3.828351,1.321154
18255,33.578421,-117.0642,473.695472,33.578355,-117.06425,457.331546,3.824605,1.320764
18270,33.578419,-117.0642,473.558079,33.578355,-117.06425,457.332149,3.820819,1.320374
18285,33.578417,-117.064199,473.418391,33.578355,-117.06425,457.332752,3.817006,1.319985
18300,33.578415,-117.064198,473.278637,33.578355,-117.06425,457.333356,3.813124,1.319595
18315,33.578413,-117.064198,473.1358,33.578355,-117.06425,457.333959,3.809201,1.319205
18330,33.578411,-117.064197,472.992658,33.578355,-117.06425,457.334562,3.805188,1.318816
18345,33.578409,-117.064197,472.847109,33.578355,-117.06425,457.335166,3.801175,1.318426
18360,33.578407,-117.064196,472.699884,33.578355,-117.06425,457.335769,3.797095,1.318037
18375,33.578405,-117.064195,472.553383,33.578355,-117.06425,457.336372,3.793035,1.317647
18390,33.578403,-117.064195,472.405123,33.578355,-117.06425,457.336976,3.788927,1.317258
18405,33.578401,-117.064194,472.254706,33.578355,-117.06425,457.337579,3.784786,1.316869
18420,33.578399,-117.064194,472.102652,33.578355,-117.06425,457.338182,3.780532,1.31648
18435,33.578397,-117.064193,471.94971,33.578355,-117.06425,457.338786,3.776184,1.316091
18450,33.578395,-117.064192,471.796272,33.578355,-117.06425,457.339389,3.771749,1.315702
18465,33.578393,-117.064192,471.641038,33.578355,-117.06425,457.339992,3.767243,1.315313
18480,33.578391,-117.064191,471.483631,33.578355,-117.06425,457.340596,3.76262,1.314924
18495,33.578389,-117.06419,471.325572,33.578355,-117.06425,457.341199,3.758083,1.314535
18510,33.578387,-117.06419,471.170968,33.578355,-117.06425,457.341802,3.753527,1.314146
18525,33.578385,-117.064189,471.014622,33.578355,-117.06425,457.342406,3.748913,1.313758
18540,33.578383,-117.064189,470.857628,33.578355,-117.06425,457.343009,3.744225,1.313369
18555,33.578381,-117.064188,470.697061,33.578355,-117.06425,457.343612,3.73949,1.312981
18570,33.578379,-117.064187,470.539626,33.578355,-117.06425,457.344216,3.734728,1.312592
18585,33.578376,-117.064187,470.378629,33.578355,-117.06425,457.344819,3.729828,1.312204
18600,33.578374,-117.064186,470.215298,33.578355,-117.06425,457.345422,3.724869,1.311816
18615,33.578372,-117.064185,470.052481,33.578355,-117.06425,457.346026,3.719882,1.311427
18630,33.57837,-117.064185,469.887705,33.578354,-117.06425,457.346629,3.71486,1.311039
18645,33.578368,-117.064184,469.72041,33.578354,-117.06425,457.347232,3.709796,1.310651
18660,33.578366,-117.064183,469.554924,33.578354,-117.06425,457.347836,3.704679,1.310263
18675,33.578363,-117.064183,469.389377,33.578354,-117.06425,457.348439,3.699552,1.309875
18690,33.578361,-117.064182,469.222924,33.578354,-117.06425,457.349042,3.694415,1.309487
18705,33.578359,-117.064181,469.05503,33.578354,-117.06425,457.349646,3.689171,1.309099
18720,33.578357,-117.064181,468.887446,33.578354,-117.06425,457.350249,3.683857,1.308712
18735,33.578355,-117.06418,468.717984,33.578354,-117.06425,457.350852,3.678439,1.308324
18750,33.578352,-117.06418,468.549022,33.578354,-117.06425,457.351456,3.673017,1.307936
18765,33.57835,-117.064179,468.382342,33.578354,-117.06425,457.352059,3.667637,1.307549
18780,33.578348,-117.064178,468.218715,33.578354,-117.06425,457.352662,3.662184,1.307161
18795,33.578346,-117.064178,468.053438,33.578354,-117.06425,457.353266,3.656693,1.306774
18810,33.578344,-117.064177,467.887719,33.578354,-117.06425,457.353869,3.651092,1.306387
18825,33.578341,-117.064176,467.723589,33.578354,-117.06425,457.354472,3.645455,1.306
18840,33.578339,-117.064176,467.55795,33.578354,-117.06425,457.355076,3.639789,1.305612
18855,33.578337,-117.064175,467.391166,33.578354,-117.06425,457.355679,3.634092,1.305225
18870,33.578334,-117.064174,467.219256,33.578354,-117.06425,457.356282,3.628273,1.304838
18885,33.578332,-117.064174,467.045753,33.578354,-117.06425,457.356886,3.622362,1.304451
18900,33.578332,-117.064174,467.12358,33.578354,-117.06425,457.357489,3.624185,1.304064
18915,33.578332,-117.064174,467.201797,33.578354,-117.06425,457.358092,3.625994,1.303678
18930,33.578332,-117.064174,467.279498,33.578354,-117.06425,457.358696,3.62782,1.303291
18945,33.578331,-117.064174,467.35623,33.578354,-117.06425,457.359299,3.629659,1.302904
18960,33.578331,-117.064174,467.432293,33.578354,-117.06425,457.359902,3.631515,1.302518
18975,33.578331,-117.064174,467.507513,33.578354,-117.06425,457.360506,3.633379,1.302131
18990,33.578331,-117.064174,467.58294,33.578354,-117.06425,457.361109,3.635249,1.301745
19005,33.578331,-117.064174,467.658295,33.578354,-117.06425,457.361712,3.637118,1.301358
19020,33.57833,-117.064174,467.733091,33.578354,-117.06425,457.362316,3.638988,1.300972
19035,33.57833,-117.064174,467.806789,33.578354,-117.06425,457.362919,3.640879,1.300586
19050,33.57833,-117.064174,467.8798,33.578354,-117.06425,457.363522,3.642772,1.3002
19065,33.57833,-117.064174,467.951666,33.578354,-117.06425,457.364126,3.644685,1.299813
19080,33.57833,-117.064174,468.023177,33.578354,-117.06425,457.364729,3.646609,1.299427
19095,33.578329,-117.064174,468.095212,33.578354,-117.06425,457.365332,3.648523,1.299041
19110,33.578329,-117.064174,468.166319,33.578354,-117.06425,457.365936,3.650444,1.298656
19125,33.578329,-117.064174,468.237395,33.578354,-117.06425,457.366539,3.652362,1.29827
19140,33.578329,-117.064174,468.307549,33.578354,-117.06425,457.367142,3.654295,1.297884
19155,33.578329,-117.064174,468.376525,33.578354,-117.06425,457.367746,3.65625,1.297498
19170,33.578328,-117.064174,468.445479,33.578354,-117.06425,457.368349,3.658218,1.297113
19185,33.578328,-117.064174,468.513381,33.578354,-117.06425,457.368952,3.660186,1.296727
19200,33.578328,-117.064174,468.580822,33.578354,-117.06425,457.369556,3.662143,1.296342
19215,33.578328,-117.064174,468.647902,33.578354,-117.06425,457.370159,3.664104,1.295956
19230,33.578328,-117.064174,468.714654,33.578354,-117.06425,457.370762,3.666033,1.295571
19245,33.578327,-117.064174,468.781572,33.578354,-117.06425,457.371366,3.667988,1.295186
19260,33.578327,-117.064174,468.847319,33.578354,-117.06425,457.371969,3.669968,1.294801
19275,33.578327,-117.064174,468.911745,33.578354,-117.06425,457.372572,3.671969,1.294416
19290,33.578327,-117.064174,468.976182,33.578354,-117.06425,457.373176,3.673979,1.294031
19305,33.578327,-117.064174,469.039624,33.578354,-117.06425,457.373779,3.675998,1.293646
19320,33.578326,-117.064174,469.102968,33.578354,-117.06425,457.374382,3.678037,1.293261
19335,33.578326,-117.064174,469.165395,33.578354,-117.06425,457.374986,3.680075,1.292876
19350,33.578326,-117.064174,469.228047,33.578354,-117.06425,457.375589,3.682121,1.292491
19365,33.578326,-117.064174,469.289299,33.578354,-117.06425,457.376192,3.684162,1.292107
19380,33.578326,-117.064174,469.349994,33.578354,-117.06425,457.376796,3.68621,1.291722
19395,33.578325,-117.064174,469.410165,33.578354,-117.06425,457.377399,3.688266,1.291338
19410,33.578325,-117.064174,469.46982,33.578354,-117.06425,457.378002,3.690315,1.290953
19425,33.578325,-117.064174,469.528518,33.578353,-117.06425,457.378606,3.692364,1.290569
19440,33.578325,-117.064174,469.586778,33.578353,-117.06425,457.379209,3.694439,1.290185
19455,33.578325,-117.064174,469.645297,33.578353,-117.06425,457.379812,3.696492,1.2898
19470,33.578324,-117.064174,469.703257,33.578353,-117.06425,457.380416,3.698547,1.289416
19485,33.578324,-117.064174,469.760357,33.578353,-117.06425,457.381019,3.700614,1.289032
19500,33.578324,-117.064174,469.816647,33.578353,-117.06425,457.381622,3.70269,1.288648
19515,33.578324,-117.064174,469.872434,33.578353,-117.06425,457.382226,3.704777,1.288264
19530,33.578324,-117.064174,469.927679,33.578353,-117.06425,457.382829,3.706871,1.287881
19545,33.578323,-117.064174,469.982798,33.578353,-117.06425,457.383432,3.708963,1.287497
19560,33.578323,-117.064174,470.037543,33.578353,-117.06425,457.384036,3.711064,1.287113
19575,33.578323,-117.064174,470.091409,33.578353,-117.06425,457.384639,3.71317,1.28673
19590,33.578323,-117.064174,470.144395,33.578353,-117.06425,457.385242,3.715285,1.286346
19605,33.578322,-117.064174,470.196409,33.578353,-117.06425,457.385846,3.717408,1.285963
19620,33.578322,-117.064174,470.247682,33.578353,-117.06425,457.386449,3.719522,1.285579
19635,33.578322,-117.064174,470.298838,33.578353,-117.06425,457.387052,3.721653,1.285196
19650,33.578322,-117.064174,470.349732,33.578353,-117.06425,457.387656,3.723774,1.284813
19665,33.578322,-117.064175,470.399623,33.578353,-117.06425,457.388259,3.725905,1.28443
19680,33.578321,-117.064174,470.481442,33.578353,-117.06425,457.388862,3.727644,1.284046
19695,33.578321,-117.064174,470.560857,33.578353,-117.06425,457.389466,3.729395,1.283663
19710,33.578321,-117.064174,470.641039,33.578353,-117.06425,457.390069,3.731168,1.28328
19725,33.578321,-117.064174,470.720852,33.578353,-117.06425,457.390672,3.732962,1.282898
19740,33.578321,-117.064174,470.799375,33.578353,-117.06425,457.391276,3.734748,1.282515
19755,33.578321,-117.064174,470.877997,33.578353,-117.06425,457.391879,3.736517,1.282132
19770,33.57832,-117.064174,470.956101,33.578353,-117.064251,457.392482,3.738313,1.28175
19785,33.57832,-117.064174,471.033704,33.578353,-117.064251,457.393086,3.74012,1.281367
19800,33.57832,-117.064174,471.109781,33.578353,-117.064251,457.393689,3.741911,1.280984
19815,33.57832,-117.064174,471.186,33.578353,-117.064251,457.394292,3.743712,1.280602
19830,33.57832,-117.064174,471.26196,33.578353,-117.064251,457.394896,3.745532,1.28022
19845,33.578319,-117.064174,471.33645,33.578353,-117.064251,457.395499,3.747337,1.279837
19860,33.578319,-117.064174,471.409967,33.578353,-117.064251,457.396102,3.749129,1.279455
19875,33.578319,-117.064174,471.483586,33.578353,-117.064251,457.396706,3.750962,1.279073
19890,33.578319,-117.064174,471.556796,33.578353,-117.064251,457.397309,3.752789,1.278691
19905,33.578319,-117.064174,471.628492,33.578353,-117.064251,457.397912,3.7546,1.278309
19920,33.578319,-117.064174,471.701429,33.578353,-117.064251,457.398516,3.75644,1.277927
19935,33.578318,-117.064174,471.772607,33.578353,-117.064251,457.399119,3.75831,1.277546
19950,33.578318,-117.064173,471.842546,33.578353,-117.064251,457.399722,3.76016,1.277164
19965,33.578318,-117.064173,471.911277,33.578353,-117.064251,457.400326,3.762028,1.276782
19980,33.578318,-117.064173,471.980324,33.578353,-117.064251,457.400929,3.763902,1.276401
19995,33.578318,-117.064173,472.047427,33.578353,-117.064251,457.401532,3.765786,1.276019
20010,33.578318,-117.064173,472.114321,33.578353,-117.064251,457.402136,3.767664,1.275638
20025,33.578317,-117.064173,472.181623,33.578353,-117.064251,457.402739,3.769557,1.275256
20040,33.578317,-117.064173,472.247929,33.578353,-117.064251,457.403342,3.771447,1.274875
20055,33.578317,-117.064173,472.313903,33.578353,-117.064251,457.403946,3.773336,1.274494
20070,33.578317,-117.064173,472.379558,33.578353,-117.064251,457.404549,3.775251,1.274113
20085,33.578317,-117.064173,472.458103,33.578353,-117.064251,457.405152,3.777171,1.273732
20100,33.578317,-117.064173,472.536281,33.578353,-117.064251,457.405756,3.779116,1.273351
20115,33.578316,-117.064173,472.61516,33.578353,-117.064251,457.406359,3.781049,1.27297
20130,33.578316,-117.064174,472.691923,33.578353,-117.064251,457.406962,3.782998,1.272589
20145,33.578316,-117.064174,472.768241,33.578353,-117.064251,457.407566,3.784947,1.272208
20160,33.578316,-117.064174,472.844203,33.578353,-117.064251,457.408169,3.786919,1.271828
20175,33.578316,-117.064174,472.918268,33.578353,-117.064251,457.408772,3.788895,1.271447
20190,33.578316,-117.064174,472.991169,33.578353,-117.064251,457.409375,3.790887,1.271067
20205,33.578316,-117.064174,473.064624,33.578353,-117.064251,457.409979,3.792878,1.270686
20220,33.578316,-117.064174,473.136871,33.578352,-117.064251,457.410582,3.794867,1.270306
20235,33.578315,-117.064174,473.209375,33.578352,-117.064251,457.411185,3.796866,1.269926
20250,33.578315,-117.064174,473.280825,33.578352,-117.064251,457.411789,3.798863,1.269545
20265,33.578315,-117.064175,473.350229,33.578352,-117.064251,457.412392,3.800882,1.269165
20280,33.578315,-117.064175,473.42027,33.578352,-117.064251,457.412995,3.802905,1.268785
20295,33.578315,-117.064175,473.488384,33.578352,-117.064251,457.413599,3.804935,1.268405
20310,33.578315,-117.064175,473.556564,33.578352,-117.064251,457.414202,3.806949,1.268025
20325,33.578315,-117.064175,473.623775,33.578352,-117.064251,457.414805,3.808982,1.267646
20340,33.578315,-117.064175,473.690276,33.578352,-117.064251,457.415409,3.811015,1.267266
20355,33.578315,-117.064175,473.755353,33.578352,-117.064251,457.416012,3.813052,1.266886
20370,33.578314,-117.064175,473.820034,33.578352,-117.064251,457.416615,3.815095,1.266507
20385,33.578314,-117.064176,473.883484,33.578352,-117.064251,457.417219,3.817144,1.266127
20400,33.578314,-117.064176,473.946465,33.578352,-117.064251,457.417822,3.819193,1.265748
20415,33.578314,-117.064176,474.008749,33.578352,-117.064251,457.418425,3.821256,1.265369
20430,33.578314,-117.064176,474.069556,33.578352,-117.064251,457.419029,3.82332,1.264989
20445,33.578314,-117.064176,474.1299,33.578352,-117.064251,457.419632,3.825382,1.26461
20460,33.578314,-117.064176,474.189348,33.578352,-117.064251,457.420235,3.827461,1.264231
20475,33.578314,-117.064176,474.247992,33.578352,-117.064251,457.420839,3.829544,1.263852
20490,33.578314,-117.064177,474.30607,33.578352,-117.064251,457.421442,3.831622,1.263473
20505,33.578313,-117.064177,474.382976,33.578352,-117.064251,457.422045,3.833352,1.263094
20520,33.578313,-117.064177,474.458457,33.578352,-117.064251,457.422649,3.835108,1.262715
20535,33.578313,-117.064177,474.561833,33.578352,-117.064251,457.423252,3.836771,1.262337
20550,33.578313,-117.064177,474.664459,33.578352,-117.064251,457.423855,3.838435,1.261958
20565,33.578312,-117.064178,474.767094,33.578352,-117.064251,457.424459,3.840127,1.26158
20580,33.578312,-117.064178,474.868688,33.578352,-117.064251,457.425062,3.841817,1.261201
20595,33.578312,-117.064178,474.969769,33.578352,-117.064251,457.425665,3.843519,1.260823
20610,33.578312,-117.064178,475.069948,33.578352,-117.064251,457.426269,3.845216,1.260444
20625,33.578311,-117.064179,475.168864,33.578352,-117.064251,457.426872,3.846924,1.260066
20640,33.578311,-117.064179,475.266664,33.578352,-117.064251,457.427475,3.848666,1.259688
20655,33.578311,-117.064179,475.363863,33.578352,-117.064251,457.428079,3.850386,1.25931
20670,33.578311,-117.064179,475.46009,33.578352,-117.064251,457.428682,3.85213,1.258932
20685,33.57831,-117.06418,475.556161,33.578352,-117.064251,457.429285,3.853873,1.258554
20700,33.57831,-117.06418,475.650718,33.578352,-117.064251,457.429889,3.855624,1.258176
20715,33.57831,-117.06418,475.744953,33.578352,-117.064251,457.430492,3.857407,1.257798
20730,33.57831,-117.06418,475.837805,33.578352,-117.064251,457.431095,3.859179,1.257421
20745,33.578309,-117.064181,475.930024,33.578352,-117.064251,457.431699,3.860957,1.257043
20760,33.578309,-117.064181,476.021133,33.578352,-117.064251,457.432302,3.862752,1.256666
20775,33.578309,-117.064181,476.111283,33.578352,-117.064251,457.432905,3.864555,1.256288
20790,33.578309,-117.064181,476.200175,33.578352,-117.064251,457.433509,3.866368,1.255911
20805,33.578308,-117.064181,476.288431,33.578352,-117.064251,457.434112,3.868184,1.255534
20820,33.578308,-117.064182,476.376081,33.578352,-117.064251,457.434715,3.87001,1.255156
20835,33.578308,-117.064182,476.462151,33.578352,-117.064251,457.435319,3.871835,1.254779
20850,33.578308,-117.064182,476.548243,33.578352,-117.064251,457.435922,3.873663,1.254402
20865,33.578307,-117.064182,476.633674,33.578352,-117.064251,457.436525,3.875491,1.254025
20880,33.578307,-117.064183,476.71757,33.578352,-117.064251,457.437129,3.877346,1.253648
20895,33.578307,-117.064183,476.799996,33.578352,-117.064251,457.437732,3.879201,1.253272
20910,33.578307,-117.064183,476.881716,33.578352,-117.064251,457.438335,3.881055,1.252895
20925,33.578306,-117.064183,476.963329,33.578352,-117.064251,457.438939,3.882924,1.252518
20940,33.578306,-117.064184,477.043726,33.578352,-117.064251,457.439542,3.884781,1.252142
20955,33.578306,-117.064184,477.122968,33.578352,-117.064251,457.440145,3.886662,1.251765
20970,33.578306,-117.064184,477.201422,33.578352,-117.064251,457.440749,3.888543,1.251389
20985,33.578305,-117.064184,477.280011,33.578352,-117.064251,457.441352,3.890415,1.251013
21000,33.578305,-117.064184,477.357721,33.578351,-117.064251,457.441955,3.8923,1.250636
21015,33.578305,-117.064185,477.433885,33.578351,-117.064251,457.442559,3.894184,1.25026
21030,33.578305,-117.064185,477.508635,33.578351,-117.064251,457.443162,3.896076,1.249884
21045,33.578305,-117.064185,477.583379,33.578351,-117.064251,457.443765,3.897968,1.249508
21060,33.578304,-117.064185,477.657942,33.578351,-117.064251,457.444369,3.899859,1.249132
21075,33.578304,-117.064186,477.73113,33.578351,-117.064251,457.444972,3.901767,1.248756
21090,33.578304,-117.064186,477.802595,33.578351,-117.064251,457.445575,3.903675,1.248381
21105,33.578304,-117.064186,477.873225,33.578351,-117.064251,457.446179,3.905601,1.248005
21120,33.578303,-117.064186,477.943737,33.578351,-117.064251,457.446782,3.907519,1.247629
21135,33.578303,-117.064187,478.01366,33.578351,-117.064251,457.447385,3.909429,1.247254
21150,33.578303,-117.064187,478.08209,33.578351,-117.064251,457.447989,3.911356,1.246879
21165,33.578303,-117.064187,478.148898,33.578351,-117.064251,457.448592,3.9133,1.246503
21180,33.578302,-117.064187,478.214832,33.578351,-117.064251,457.449195,3.915241,1.246128
21195,33.578302,-117.064187,478.279145,33.578351,-117.064251,457.449799,3.917197,1.245753
21210,33.578302,-117.064188,478.343923,33.578351,-117.064251,457.450402,3.919149,1.245378
21225,33.578302,-117.064188,478.407782,33.578351,-117.064251,457.451005,3.921102,1.245003
21240,33.578301,-117.064188,478.470289,33.578351,-117.064251,457.451609,3.923059,1.244628
21255,33.578301,-117.064188,478.532335,33.578351,-117.064251,457.452212,3.925003,1.244253
21270,33.578301,-117.064189,478.593028,33.578351,-117.064251,457.452815,3.926965,1.243878
21285,33.578301,-117.064189,478.652775,33.578351,-117.064251,457.453419,3.928911,1.243504
21300,33.578301,-117.064189,478.711327,33.578351,-117.064251,457.454022,3.930878,1.243129
21315,33.5783,-117.064189,478.769392,33.578351,-117.064251,457.454625,3.932831,1.242754
21330,33.5783,-117.064189,478.826167,33.578351,-117.064251,457.455229,3.934791,1.24238
21345,33.5783,-117.06419,478.881722,33.578351,-117.064251,457.455832,3.936779,1.242006
21360,33.5783,-117.06419,478.936195,33.578351,-117.064251,457.456435,3.938759,1.241631
21375,33.578299,-117.06419,478.989682,33.578351,-117.064251,457.457039,3.940744,1.241257
21390,33.578299,-117.06419,479.042572,33.578351,-117.064251,457.457642,3.942723,1.240883
21405,33.578299,-117.064191,479.094646,33.578351,-117.064251,457.458245,3.944705,1.240509
21420,33.578299,-117.064191,479.146023,33.578351,-117.064251,457.458849,3.946708,1.240135
21435,33.578299,-117.064191,479.195875,33.578351,-117.064251,457.459452,3.948694,1.239761
21450,33.578298,-117.064191,479.245478,33.578351,-117.064251,457.460055,3.950677,1.239388
21465,33.578298,-117.064191,479.293842,33.578351,-117.064251,457.460659,3.952675,1.239014
21480,33.578298,-117.064192,479.34164,33.578351,-117.064251,457.461262,3.954647,1.23864
21495,33.578298,-117.064192,479.388261,33.578351,-117.064251,457.461865,3.956639,1.238267
21510,33.578297,-117.064192,479.43463,33.578351,-117.064251,457.462469,3.958625,1.237893
21525,33.578297,-117.064192,479.479021,33.578351,-117.064251,457.463072,3.960607,1.23752
21540,33.578297,-117.064192,479.522278,33.578351,-117.064251,457.463675,3.96259,1.237147
21555,33.578297,-117.064193,479.56518,33.578351,-117.064251,457.464279,3.964569,1.236774
21570,33.578297,-117.064193,479.606724,33.578351,-117.064251,457.464882,3.966562,1.2364
21585,33.578296,-117.064193,479.647783,33.578351,-117.064251,457.465485,3.968538,1.236027
21600,33.578296,-117.064193,479.687295,33.578351,-117.064251,457.466089,3.970535,1.235655
21615,33.578296,-117.064194,479.726518,33.578351,-117.064251,457.466692,3.972501,1.235282
21630,33.578296,-117.064194,479.76485,33.578351,-117.064251,457.467295,3.974492,1.234909
21645,33.578295,-117.064194,479.802146,33.578351,-117.064251,457.467899,3.976467,1.234536
21660,33.578295,-117.064194,479.837993,33.578351,-117.064251,457.468502,3.978448,1.234164
21675,33.578295,-117.064194,479.873593,33.578351,-117.064251,457.469105,3.980416,1.233791
21690,33.578295,-117.064195,479.908149,33.578351,-117.064251,457.469709,3.982388,1.233419
21705,33.578295,-117.064195,479.941256,33.578351,-117.064251,457.470312,3.98435,1.233046
21720,33.578294,-117.064195,479.973544,33.578351,-117.064251,457.470915,3.986333,1.232674
21735,33.578294,-117.064195,480.00506,33.578351,-117.064251,457.471519,3.988312,1.232302
21750,33.578294,-117.064196,480.035344,33.578351,-117.064251,457.472122,3.990283,1.23193
21765,33.578294,-117.064196,480.064408,33.578351,-117.064251,457.472725,3.992267,1.231558
21780,33.578293,-117.064196,480.093291,33.578351,-117.064251,457.473329,3.994234,1.231186
21795,33.578293,-117.064196,480.12054,33.57835,-117.064251,457.473932,3.996216,1.230814
21810,33.578293,-117.064197,480.147056,33.57835,-117.064251,457.474535,3.998181,1.230442
21825,33.578293,-117.064197,480.172248,33.57835,-117.064251,457.475139,4.00015,1.230071
21840,33.578293,-117.064197,480.196651,33.57835,-117.064251,457.475742,4.002125,1.229699
21855,33.578292,-117.064197,480.219896,33.57835,-117.064251,457.476345,4.004104,1.229328
21870,33.578292,-117.064197,480.242305,33.57835,-117.064251,457.476949,4.006058,1.228956
21885,33.578292,-117.064198,480.264102,33.57835,-117.064251,457.477552,4.008027,1.228585
21900,33.578292,-117.064198,480.284921,33.57835,-117.064251,457.478155,4.009966,1.228214
21915,33.578292,-117.064198,480.305224,33.57835,-117.064251,457.478759,4.01193,1.227843
21930,33.578291,-117.064198,480.323551,33.57835,-117.064251,457.479362,4.013871,1.227472
21945,33.578291,-117.064199,480.34112,33.57835,-117.064251,457.479965,4.015808,1.227101
21960,33.578291,-117.064199,480.357526,33.57835,-117.064251,457.480569,4.017731,1.22673
21975,33.578291,-117.064199,480.373169,33.57835,-117.064251,457.481172,4.019655,1.226359
21990,33.578291,-117.064199,480.3871,33.57835,-117.064251,457.481775,4.021577,1.225988
22005,33.57829,-117.0642,480.400181,33.57835,-117.064251,457.482379,4.023493,1.225618
22020,33.57829,-117.0642,480.412076,33.57835,-117.064251,457.482982,4.025395,1.225247
22035,33.57829,-117.0642,480.423406,33.57835,-117.064251,457.483585,4.027299,1.224877
22050,33.57829,-117.0642,480.433527,33.57835,-117.064251,457.484189,4.029215,1.224506
22065,33.57829,-117.064201,480.442684,33.57835,-117.064251,457.484792,4.031094,1.224136
22080,33.578289,-117.064201,480.450454,33.57835,-117.064251,457.485395,4.032997,1.223766
22095,33.578289,-117.064201,480.45792,33.57835,-117.064251,457.485999,4.034851,1.223396
22110,33.578289,-117.064201,480.463564,33.57835,-117.064251,457.486602,4.036737,1.223026
22125,33.578289,-117.064202,480.4683,33.57835,-117.064251,457.487205,4.038601,1.222656
22140,33.578288,-117.064202,480.472412,33.57835,-117.064251,457.487809,4.040474,1.222286
22155,33.578288,-117.064202,480.475363,33.57835,-117.064251,457.488412,4.042341,1.221916
22170,33.578288,-117.064202,480.476648,33.57835,-117.064251,457.489015,4.044215,1.221546
22185,33.578288,-117.064203,480.477167,33.57835,-117.064251,457.489619,4.046075,1.221177
22200,33.578288,-117.064203,480.476246,33.57835,-117.064251,457.490222,4.047932,1.220807
22215,33.578287,-117.064203,480.474296,33.57835,-117.064251,457.490825,4.049781,1.220438
22230,33.578287,-117.064203,480.471334,33.57835,-117.064251,457.491429,4.051615,1.220068
22245,33.578287,-117.064204,480.466938,33.57835,-117.064251,457.492032,4.053445,1.219699
22260,33.578287,-117.064204,480.461282,33.57835,-117.064251,457.492635,4.055281,1.21933
22275,33.578287,-117.064204,480.45562,33.57835,-117.064251,457.493239,4.057082,1.218961
22290,33.578286,-117.064204,480.448063,33.57835,-117.064251,457.493842,4.058909,1.218592
22305,33.578286,-117.064205,480.439786,33.57835,-117.064251,457.494445,4.060685,1.218223
22320,33.578286,-117.064205,480.430025,33.57835,-117.064251,457.495049,4.062478,1.217854
22335,33.578286,-117.064205,480.419646,33.57835,-117.064251,457.495652,4.064251,1.217486
22350,33.578286,-117.064205,480.408089,33.57835,-117.064251,457.496255,4.066026,1.217117
22365,33.578285,-117.064206,480.39513,33.57835,-117.064251,457.496859,4.067788,1.216748
22380,33.578285,-117.064206,480.381076,33.57835,-117.064251,457.497462,4.069527,1.21638
22395,33.578285,-117.064206,480.366088,33.57835,-117.064251,457.498065,4.071274,1.216012
22410,33.578285,-117.064206,480.349851,33.57835,-117.064251,457.498669,4.073004,1.215643
22425,33.578285,-117.064207,480.333158,33.57835,-117.064251,457.499272,4.074725,1.215275
22440,33.578284,-117.064207,480.31502,33.57835,-117.064251,457.499875,4.076446,1.214907
22455,33.578284,-117.064207,480.295464,33.57835,-117.064251,457.500479,4.078151,1.214539
22470,33.578284,-117.064208,480.275106,33.57835,-117.064251,457.501082,4.079832,1.214171
22485,33.578284,-117.064208,480.254148,33.57835,-117.064251,457.501685,4.081508,1.213803
22500,33.578284,-117.064208,480.231639,33.57835,-117.064251,457.502289,4.083177,1.213436
22515,33.578283,-117.064208,480.207833,33.57835,-117.064251,457.502892,4.084853,1.213068
22530,33.578283,-117.064209,480.183291,33.57835,-117.064251,457.503495,4.086516,1.2127
22545,33.578283,-117.064209,480.156978,33.57835,-117.064251,457.504099,4.088176,1.212333
22560,33.578283,-117.064209,480.129592,33.57835,-117.064251,457.504702,4.089818,1.211965
22575,33.578283,-117.06421,480.100664,33.57835,-117.064251,457.505305,4.091448,1.211598
22590,33.578282,-117.06421,480.071283,33.578349,-117.064251,457.505909,4.093078,1.211231
22605,33.578282,-117.06421,480.040491,33.578349,-117.064251,457.506512,4.094704,1.210864
22620,33.578282,-117.06421,480.008454,33.578349,-117.064251,457.507115,4.096305,1.210497
22635,33.578282,-117.064211,479.975055,33.578349,-117.064251,457.507719,4.097893,1.21013
22650,33.578282,-117.064211,479.940903,33.578349,-117.064251,457.508322,4.099476,1.209763
22665,33.578282,-117.064211,479.905737,33.578349,-117.064251,457.508925,4.101025,1.209396
22680,33.578281,-117.064212,479.869208,33.578349,-117.064251,457.509529,4.102575,1.20903
22695,33.578281,-117.064212,479.831321,33.578349,-117.064251,457.510132,4.104089,1.208663
22710,33.578281,-117.064212,479.792112,33.578349,-117.064251,457.510735,4.105623,1.208296
22725,33.578281,-117.064213,479.752012,33.578349,-117.064251,457.511339,4.10714,1.20793
22740,33.578281,-117.064213,479.710064,33.578349,-117.064251,457.511942,4.108649,1.207564
22755,33.57828,-117.064213,479.667606,33.578349,-117.064251,457.512545,4.110134,1.207197
22770,33.57828,-117.064214,479.623874,33.578349,-117.064251,457.513148,4.111606,1.206831
22785,33.57828,-117.064214,479.579161,33.578349,-117.064251,457.513752,4.113076,1.206465
22800,33.57828,-117.064214,479.533205,33.578349,-117.064251,457.514355,4.114526,1.206099
22815,33.57828,-117.064214,479.485674,33.578349,-117.064251,457.514958,4.115982,1.205733
22830,33.578279,-117.064215,479.437296,33.578349,-117.064251,457.515562,4.117414,1.205368
22845,33.578279,-117.064215,479.387632,33.578349,-117.064251,457.516165,4.118823,1.205002
22860,33.578279,-117.064215,479.336153,33.578349,-117.064251,457.516768,4.120224,1.204636
22875,33.578279,-117.064216,479.33276,33.578349,-117.064251,457.517372,4.121266,1.204271
22890,33.578279,-117.064216,479.328278,33.578349,-117.064251,457.517975,4.122301,1.203906
22905,33.578279,-117.064217,479.32312,33.578349,-117.064251,457.518578,4.123335,1.20354
22920,33.578279,-117.064217,479.316938,33.578349,-117.064251,457.519182,4.124365,1.203175
22935,33.578279,-117.064217,479.309963,33.578349,-117.064251,457.519785,4.125361,1.20281
22950,33.578279,-117.064218,479.30132,33.578349,-117.064251,457.520388,4.126371,1.202445
22965,33.578279,-117.064218,479.292161,33.578349,-117.064251,457.520992,4.127381,1.20208
22980,33.578279,-117.064218,479.280641,33.578349,-117.064251,457.521595,4.128381,1.201715
22995,33.578279,-117.064219,479.267358,33.578349,-117.064251,457.522198,4.129386,1.20135
23010,33.578279,-117.064219,479.252275,33.578349,-117.064251,457.522802,4.130389,1.200985
23025,33.578279,-117.06422,479.237036,33.578349,-117.064251,457.523405,4.131396,1.200621
23040,33.578279,-117.06422,479.219936,33.578349,-117.064251,457.524008,4.132396,1.200256
23055,33.578279,-117.06422,479.203171,33.578349,-117.064251,457.524612,4.133368,1.199892
23070,33.578279,-117.064221,479.184835,33.578349,-117.064251,457.525215,4.134335,1.199528
23085,33.578279,-117.064221,479.165171,33.578349,-117.064251,457.525818,4.135292,1.199163
23100,33.578279,-117.064221,479.145405,33.578349,-117.064251,457.526422,4.136218,1.198799
23115,33.578279,-117.064222,479.122879,33.578349,-117.064251,457.527025,4.137173,1.198435
23130,33.578279,-117.064222,479.099616,33.578349,-117.064251,457.527628,4.138122,1.198071
23145,33.578279,-117.064223,479.075427,33.578349,-117.064251,457.528232,4.139021,1.197707
23160,33.578279,-117.064223,479.049676,33.578349,-117.064251,457.528835,4.139931,1.197344
23175,33.578279,-117.064223,479.023109,33.578349,-117.064251,457.529438,4.140806,1.19698
23190,33.578279,-117.064224,478.995388,33.578349,-117.064251,457.530042,4.141648,1.196616
23205,33.578279,-117.064224,478.966215,33.578349,-117.064251,457.530645,4.142512,1.196253
23220,33.578279,-117.064225,478.93464,33.578349,-117.064251,457.531248,4.143367,1.19589
23235,33.578279,-117.064225,478.902995,33.578349,-117.064251,457.531852,4.144188,1.195526
23250,33.578279,-117.064226,478.943772,33.578349,-117.064251,457.532455,4.144989,1.195163
23265,33.578279,-117.064226,478.98243,33.578349,-117.064251,457.533058,4.145784,1.1948
23280,33.578279,-117.064227,479.019822,33.578349,-117.064251,457.533662,4.146563,1.194437
23295,33.578279,-117.064227,479.056387,33.578349,-117.064251,457.534265,4.147354,1.194074
23310,33.578278,-117.064228,479.091726,33.578349,-117.064251,457.534868,4.14815,1.193711
23325,33.578278,-117.064228,479.125935,33.578349,-117.064251,457.535472,4.148946,1.193348
23340,33.578278,-117.064229,479.158702,33.578349,-117.064251,457.536075,4.149748,1.192986
23355,33.578278,-117.064229,479.189116,33.578349,-117.064251,457.536678,4.150531,1.192623
23370,33.578278,-117.06423,479.218936,33.578348,-117.064251,457.537282,4.151324,1.192261
23385,33.578277,-117.06423,479.246474,33.578348,-117.064251,457.537885,4.152119,1.191898
23400,33.578277,-117.064231,479.272116,33.578348,-117.064251,457.538488,4.152912,1.191536
23415,33.578277,-117.064231,479.296371,33.578348,-117.064251,457.539092,4.153701,1.191174
23430,33.578277,-117.064232,479.319687,33.578348,-117.064251,457.539695,4.15449,1.190812
23445,33.578277,-117.064232,479.34217,33.578348,-117.064251,457.540298,4.155269,1.19045
23460,33.578276,-117.064233,479.362612,33.578348,-117.064251,457.540902,4.156038,1.190088
23475,33.578276,-117.064233,479.381454,33.578348,-117.064251,457.541505,4.156818,1.189726
23490,33.578276,-117.064234,479.398806,33.578348,-117.064251,457.542108,4.15759,1.189364
23505,33.578276,-117.064234,479.415632,33.578348,-117.064251,457.542712,4.158385,1.189003
23520,33.578276,-117.064235,479.430692,33.578348,-117.064251,457.543315,4.159168,1.188641
23535,33.578275,-117.064236,479.444174,33.578348,-117.064251,457.543918,4.15997,1.18828
23550,33.578275,-117.064236,479.454916,33.578348,-117.064251,457.544522,4.160746,1.187919
23565,33.578275,-117.064237,479.463924,33.578348,-117.064251,457.545125,4.161506,1.187557
23580,33.578275,-117.064237,479.472176,33.578348,-117.064251,457.545728,4.162261,1.187196
23595,33.578275,-117.064238,479.478249,33.578348,-117.064251,457.546332,4.163005,1.186835
23610,33.578274,-117.064238,479.483919,33.578348,-117.064251,457.546935,4.163754,1.186474
23625,33.578274,-117.064239,479.488236,33.578348,-117.064251,457.547538,4.164501,1.186113
23640,33.578274,-117.064239,479.490968,33.578348,-117.064251,457.548142,4.165249,1.185752
23655,33.578274,-117.06424,479.491885,33.578348,-117.064251,457.548745,4.165989,1.185392
23670,33.578274,-117.06424,479.490463,33.578348,-117.064251,457.549348,4.166703,1.185031
23685,33.578273,-117.064241,479.488012,33.578348,-117.064251,457.549952,4.167424,1.184671
23700,33.578273,-117.064241,479.484042,33.578348,-117.064251,457.550555,4.16813,1.18431
23715,33.578273,-117.064242,479.478662,33.578348,-117.064251,457.551158,4.168834,1.18395
23730,33.578273,-117.064242,479.47198,33.578348,-117.064251,457.551762,4.169527,1.18359
23745,33.578273,-117.064243,479.46367,33.578348,-117.064251,457.552365,4.170209,1.18323
23760,33.578273,-117.064243,479.453989,33.578348,-117.064251,457.552968,4.170868,1.18287
23775,33.578272,-117.064244,479.442481,33.578348,-117.064251,457.553572,4.171536,1.18251
23790,33.578272,-117.064244,479.429216,33.578348,-117.064251,457.554175,4.172175,1.18215
23805,33.578272,-117.064245,479.414594,33.578348,-117.064251,457.554778,4.17283,1.18179
23820,33.578272,-117.064245,479.399025,33.578348,-117.064251,457.555382,4.173471,1.181431
23835,33.578272,-117.064246,479.380523,33.578348,-117.064251,457.555985,4.1741,1.181071
23850,33.578271,-117.064246,479.361062,33.578348,-117.064251,457.556588,4.174709,1.180712
23865,33.578271,-117.064247,479.339728,33.578348,-117.064251,457.557192,4.175313,1.180352
23880,33.578271,-117.064247,479.317898,33.578348,-117.064251,457.557795,4.175901,1.179993
23895,33.578271,-117.064248,479.29479,33.578348,-117.064251,457.558398,4.176508,1.179634
23910,33.578271,-117.064248,479.269355,33.578348,-117.064251,457.559002,4.177073,1.179275
23925,33.578271,-117.064249,479.2421,33.578348,-117.064251,457.559605,4.177632,1.178916
23940,33.57827,-117.064249,479.213627,33.578348,-117.064251,457.560208,4.178187,1.178557
23955,33.57827,-117.06425,479.184878,33.578348,-117.064251,457.560812,4.178733,1.178199
23970,33.57827,-117.06425,479.154623,33.578348,-117.064251,457.561415,4.179282,1.17784
23985,33.57827,-117.064251,479.121577,33.578348,-117.064251,457.562018,4.179796,1.177481
24000,33.57827,-117.064252,479.085866,33.578348,-117.064251,457.562622,4.180299,1.177123
24015,33.578269,-117.064252,479.049437,33.578348,-117.064251,457.563225,4.180785,1.176764
24030,33.578269,-117.064253,479.01263,33.578348,-117.064251,457.563828,4.181272,1.176406
24045,33.578269,-117.064253,478.972493,33.578348,-117.064251,457.564432,4.18174,1.176048
24060,33.578269,-117.064254,478.93139,33.578348,-117.064251,457.565035,4.182193,1.17569
24075,33.578269,-117.064254,478.889293,33.578348,-117.064251,457.565638,4.182649,1.175332
24090,33.578268,-117.064255,478.846213,33.578348,-117.064251,457.566242,4.183098,1.174974
24105,33.578268,-117.064255,478.800783,33.578348,-117.064251,457.566845,4.183515,1.174616
24120,33.578268,-117.064256,478.75339,33.578348,-117.064251,457.567448,4.18391,1.174259
24135,33.578268,-117.064256,478.70579,33.578348,-117.064251,457.568052,4.184327,1.173901
24150,33.578268,-117.064257,478.655809,33.578348,-117.064251,457.568655,4.184698,1.173544
24165,33.578268,-117.064257,478.604109,33.578347,-117.064251,457.569258,4.185056,1.173186
24180,33.578267,-117.064258,478.551068,33.578347,-117.064251,457.569862,4.1854,1.172829
24195,33.578267,-117.064258,478.494998,33.578347,-117.064251,457.570465,4.185729,1.172472
24210,33.578267,-117.064259,478.437968,33.578347,-117.064251,457.571068,4.186017,1.172115
24225,33.578267,-117.064259,478.380546,33.578347,-117.064251,457.571672,4.186316,1.171758
24240,33.578267,-117.06426,478.321895,33.578347,-117.064251,457.572275,4.186607,1.171401
24255,33.578266,-117.06426,478.26094,33.578347,-117.064251,457.572878,4.186848,1.171044
24270,33.578266,-117.064261,478.253113,33.578347,-117.064251,457.573482,4.186758,1.170687
24285,33.578266,-117.064261,478.244545,33.578347,-117.064251,457.574085,4.186651,1.170331
24300,33.578265,-117.064262,478.232065,33.578347,-117.064251,457.574688,4.186507,1.169974
24315,33.578265,-117.064262,478.21992,33.578347,-117.064251,457.575292,4.18636,1.169618
24330,33.578265,-117.064263,478.206276,33.578347,-117.064251,457.575895,4.186195,1.169261
24345,33.578264,-117.064263,478.191385,33.578347,-117.064251,457.576498,4.18601,1.168905
24360,33.578264,-117.064264,478.176334,33.578347,-117.064251,457.577102,4.185848,1.168549
24375,33.578264,-117.064264,478.158139,33.578347,-117.064251,457.577705,4.18563,1.168193
24390,33.578263,-117.064265,478.138726,33.578347,-117.064251,457.578308,4.185398,1.167837
24405,33.578263,-117.064265,478.119231,33.578347,-117.064251,457.578912,4.185191,1.167481
24420,33.578262,-117.064266,478.096581,33.578347,-117.064251,457.579515,4.184953,1.167126
24435,33.578262,-117.064266,478.072374,33.578347,-117.064251,457.580118,4.1847,1.16677
24450,33.578262,-117.064266,478.047421,33.578347,-117.064251,457.580722,4.184439,1.166415
24465,33.578261,-117.064267,478.022208,33.578347,-117.064251,457.581325,4.184171,1.166059
24480,33.578261,-117.064267,477.994069,33.578347,-117.064251,457.581928,4.183874,1.165704
24495,33.578261,-117.064268,477.965588,33.578347,-117.064251,457.582532,4.183561,1.165349
24510,33.57826,-117.064268,477.93517,33.578347,-117.064251,457.583135,4.18325,1.164994
24525,33.57826,-117.064269,477.904424,33.578347,-117.064251,457.583738,4.182933,1.164639
24540,33.57826,-117.064269,477.92551,33.578347,-117.064251,457.584342,4.182734,1.164284
24555,33.578259,-117.064269,477.944169,33.578347,-117.064251,457.584945,4.182522,1.163929
24570,33.578259,-117.06427,477.962414,33.578347,-117.064251,457.585548,4.182306,1.163574
24585,33.578259,-117.06427,477.982151,33.578347,-117.064251,457.586152,4.182165,1.16322
24600,33.578259,-117.06427,477.999768,33.578347,-117.064251,457.586755,4.182007,1.162865
24615,33.578259,-117.064271,478.015452,33.578347,-117.064251,457.587358,4.181803,1.162511
24630,33.578259,-117.064271,478.029175,33.578347,-117.064251,457.587962,4.181562,1.162156
24645,33.578258,-117.064271,478.03895,33.578347,-117.064251,457.588565,4.181249,1.161802
24660,33.578258,-117.064272,478.051521,33.578347,-117.064251,457.589168,4.181055,1.161448
24675,33.578258,-117.064272,478.063505,33.578347,-117.064251,457.589772,4.180878,1.161094
24690,33.578258,-117.064272,478.072426,33.578347,-117.064251,457.590375,4.1806,1.16074
24705,33.578258,-117.064273,478.081529,33.578347,-117.064251,457.590978,4.18038,1.160386
24720,33.578258,-117.064273,478.088585,33.578347,-117.064251,457.591582,4.18012,1.160033
24735,33.578257,-117.064273,478.092,33.578347,-117.064251,457.592185,4.179788,1.159679
24750,33.578257,-117.064273,478.096848,33.578347,-117.064251,457.592788,4.179539,1.159326
24765,33.578257,-117.064274,478.100009,33.578347,-117.064251,457.593392,4.179239,1.158972
24780,33.578257,-117.064274,478.101893,33.578347,-117.064251,457.593995,4.178937,1.158619
24795,33.578257,-117.064274,478.102975,33.578347,-117.064251,457.594598,4.178688,1.158266
24810,33.578257,-117.064275,478.101292,33.578347,-117.064251,457.595202,4.178344,1.157913
24825,33.578256,-117.064275,478.098642,33.578347,-117.064251,457.595805,4.17798,1.15756
24840,33.578256,-117.064275,478.097525,33.578347,-117.064251,457.596408,4.177687,1.157207
24855,33.578256,-117.064275,478.092257,33.578347,-117.064251,457.597012,4.177337,1.156854
24870,33.578256,-117.064276,478.086913,33.578347,-117.064251,457.597615,4.176954,1.156501
24885,33.578256,-117.064276,478.082411,33.578347,-117.064251,457.598218,4.176684,1.156149
24900,33.578255,-117.064276,478.075236,33.578347,-117.064251,457.598822,4.176322,1.155796
24915,33.578255,-117.064277,478.065331,33.578347,-117.064251,457.599425,4.175948,1.155444
24930,33.578255,-117.064277,478.054211,33.578347,-117.064251,457.600028,4.175538,1.155092
24945,33.578255,-117.064277,478.043133,33.578347,-117.064251,457.600632,4.175167,1.15474
24960,33.578255,-117.064277,478.029931,33.578346,-117.064251,457.601235,4.174739,1.154388
24975,33.578255,-117.064278,478.013754,33.578346,-117.064251,457.601838,4.17424,1.154036
24990,33.578254,-117.064278,477.998816,33.578346,-117.064251,457.602442,4.173824,1.153684
25005,33.578254,-117.064278,477.98262,33.578346,-117.064251,457.603045,4.173358,1.153332
25020,33.578254,-117.064278,477.962486,33.578346,-117.064251,457.603648,4.172827,1.15298
25035,33.578254,-117.064279,477.943839,33.578346,-117.064251,457.604252,4.172393,1.152629
25050,33.578254,-117.064279,477.923642,33.578346,-117.064251,457.604855,4.171911,1.152277
25065,33.578254,-117.064279,477.901487,33.578346,-117.064251,457.605458,4.171398,1.151926
25080,33.578253,-117.064279,477.880849,33.578346,-117.064251,457.606062,4.170977,1.151575
25095,33.578253,-117.06428,477.854223,33.578346,-117.064251,457.606665,4.170381,1.151224
25110,33.578253,-117.06428,477.82939,33.578346,-117.064251,457.607268,4.169857,1.150873
25125,33.578253,-117.06428,477.803613,33.578346,-117.064251,457.607872,4.169346,1.150522
25140,33.578253,-117.06428,477.7737,33.578346,-117.064251,457.608475,4.168711,1.150171
25155,33.578252,-117.064281,477.744992,33.578346,-117.064251,457.609078,4.168134,1.14982
25170,33.578252,-117.064281,477.714082,33.578346,-117.064251,457.609682,4.167544,1.14947
25185,33.578252,-117.064281,477.681442,33.578346,-117.064251,457.610285,4.166956,1.149119
25200,33.578252,-117.064281,477.648252,33.578346,-117.064251,457.610888,4.1663,1.148769
25215,33.578252,-117.064281,477.610955,33.578346,-117.064251,457.611492,4.165578,1.148418
25230,33.578252,-117.064282,477.574746,33.578346,-117.064251,457.612095,4.16494,1.148068
25245,33.578251,-117.064282,477.536373,33.578346,-117.064251,457.612698,4.164281,1.147718
25260,33.578251,-117.064282,477.494174,33.578346,-117.064251,457.613302,4.163529,1.147368
25275,33.578251,-117.064282,477.455185,33.578346,-117.064251,457.613905,4.162875,1.147018
25290,33.578251,-117.064283,477.414481,33.578346,-117.064251,457.614508,4.162197,1.146669
25305,33.578251,-117.064283,477.36919,33.578346,-117.064251,457.615112,4.16142,1.146319
25320,33.578251,-117.064283,477.324977,33.578346,-117.064251,457.615715,4.160715,1.145969
25335,33.57825,-117.064283,477.278685,33.578346,-117.064251,457.616318,4.159908,1.14562
25350,33.57825,-117.064283,477.231645,33.578346,-117.064251,457.616922,4.159097,1.145271
25365,33.57825,-117.064284,477.182144,33.578346,-117.064251,457.617525,4.158289,1.144921
25380,33.57825,-117.064284,477.131073,33.578346,-117.064251,457.618128,4.157385,1.144572
25395,33.57825,-117.064284,477.079728,33.578346,-117.064251,457.618732,4.156506,1.144223
25410,33.578249,-117.064284,477.027129,33.578346,-117.064251,457.619335,4.155636,1.143874
25425,33.578249,-117.064285,476.974285,33.578346,-117.064251,457.619938,4.154759,1.143525
25440,33.578249,-117.064285,476.917858,33.578346,-117.064251,457.620542,4.153792,1.143177
25455,33.578249,-117.064285,476.861567,33.578346,-117.064251,457.621145,4.152851,1.142828
25470,33.578249,-117.064285,476.804132,33.578346,-117.064251,457.621748,4.151946,1.14248
25485,33.578248,-117.064285,476.746287,33.578346,-117.064251,457.622351,4.151,1.142131
25500,33.578248,-117.064286,476.685769,33.578346,-117.064251,457.622955,4.149969,1.141783
25515,33.578248,-117.064286,476.624772,33.578346,-117.064251,457.623558,4.148993,1.141435
25530,33.578248,-117.064286,476.562243,33.578346,-117.064251,457.624161,4.147986,1.141087
25545,33.578248,-117.064286,476.500255,33.578346,-117.064251,457.624765,4.147001,1.140739
25560,33.578248,-117.064286,476.434981,33.578346,-117.064251,457.625368,4.145959,1.140391
25575,33.578247,-117.064287,476.368823,33.578346,-117.064251,457.625971,4.144912,1.140043
25590,33.578247,-117.064287,476.302455,33.578346,-117.064251,457.626575,4.143834,1.139696
25605,33.578247,-117.064287,476.233773,33.578346,-117.064251,457.627178,4.142691,1.139348
25620,33.578247,-117.064287,476.16388,33.578346,-117.064251,457.627781,4.141604,1.139001
25635,33.578247,-117.064287,476.093365,33.578346,-117.064251,457.628385,4.140466,1.138653
25650,33.578246,-117.064288,476.020442,33.578346,-117.064251,457.628988,4.139207,1.138306
25665,33.578246,-117.064288,475.946509,33.578346,-117.064251,457.629591,4.137979,1.137959
25680,33.578246,-117.064288,475.871429,33.578346,-117.064251,457.630195,4.136781,1.137612
25695,33.578246,-117.064288,475.795836,33.578346,-117.064251,457.630798,4.135606,1.137265
25710,33.578246,-117.064288,475.718747,33.578346,-117.064251,457.631401,4.134415,1.136918
25725,33.578245,-117.064288,475.639042,33.578346,-117.064251,457.632005,4.133247,1.136572
25740,33.578245,-117.064289,475.559662,33.578345,-117.064251,457.632608,4.131994,1.136225
25755,33.578245,-117.064289,475.477407,33.578345,-117.064251,457.633211,4.130675,1.135879
25770,33.578245,-117.064289,475.395113,33.578345,-117.064251,457.633815,4.129275,1.135532
25785,33.578245,-117.064289,475.311921,33.578345,-117.064251,457.634418,4.127871,1.135186
25800,33.578244,-117.064289,475.226707,33.578345,-117.064251,457.635021,4.126474,1.13484
25815,33.578244,-117.064289,475.141561,33.578345,-117.064251,457.635625,4.125093,1.134494
25830,33.578244,-117.06429,475.054038,33.578345,-117.064251,457.636228,4.123585,1.134148
25845,33.578244,-117.06429,474.965996,33.578345,-117.064251,457.636831,4.122121,1.133802
25860,33.578244,-117.06429,474.875668,33.578345,-117.064251,457.637435,4.120665,1.133456
25875,33.578243,-117.06429,474.7853,33.578345,-117.064251,457.638038,4.119199,1.133111
25890,33.578243,-117.06429,474.691741,33.578345,-117.064251,457.638641,4.117593,1.132765
25905,33.578243,-117.06429,474.597628,33.578345,-117.064251,457.639245,4.116011,1.13242
25920,33.578243,-117.064291,474.503086,33.578345,-117.064251,457.639848,4.11448,1.132075
25935,33.578243,-117.064291,474.406717,33.578345,-117.064251,457.640451,4.112851,1.131729
25950,33.578242,-117.064291,474.309,33.578345,-117.064251,457.641055,4.111192,1.131384
25965,33.578242,-117.064291,474.209813,33.578345,-117.064251,457.641658,4.109528,1.131039
25980,33.578242,-117.064291,474.107994,33.578345,-117.064251,457.642261,4.107806,1.130695
25995,33.578242,-117.064291,474.006062,33.578345,-117.064251,457.642865,4.106082,1.13035
26010,33.578242,-117.064292,473.903581,33.578345,-117.064251,457.643468,4.104332,1.130005
26025,33.578241,-117.064292,473.800241,33.578345,-117.064251,457.644071,4.102562,1.129661
26040,33.578241,-117.064292,473.695112,33.578345,-117.064251,457.644675,4.100786,1.129316
26055,33.578241,-117.064292,473.587123,33.578345,-117.064251,457.645278,4.098927,1.128972
26070,33.578241,-117.064292,473.47857,33.578345,-117.064251,457.645881,4.097104,1.128628
26085,33.578241,-117.064292,473.367846,33.578345,-117.064251,457.646485,4.095091,1.128284
26100,33.57824,-117.064292,473.258429,33.578345,-117.064251,457.647088,4.093213,1.12794
26115,33.57824,-117.064293,473.146531,33.578345,-117.064251,457.647691,4.091176,1.127596
26130,33.57824,-117.064293,473.034888,33.578345,-117.064251,457.648295,4.089256,1.127252
26145,33.57824,-117.064293,472.920304,33.578345,-117.064251,457.648898,4.087175,1.126909
26160,33.57824,-117.064293,472.805598,33.578345,-117.064251,457.649501,4.085187,1.126565
26175,33.578239,-117.064293,472.688757,33.578345,-117.064251,457.650105,4.083094,1.126222
26190,33.578239,-117.064293,472.571709,33.578345,-117.064251,457.650708,4.08108,1.125879
26205,33.578239,-117.064294,472.452993,33.578345,-117.064251,457.651311,4.078945,1.125535
26220,33.578239,-117.064294,472.333518,33.578345,-117.064251,457.651915,4.076836,1.125192
26235,33.578238,-117.064294,472.213047,33.578345,-117.064251,457.652518,4.074662,1.124849
26250,33.578238,-117.064294,472.091774,33.578345,-117.064251,457.653121,4.072436,1.124507
26265,33.578238,-117.064294,471.968045,33.578345,-117.064251,457.653725,4.070132,1.124164
26280,33.578238,-117.064294,471.845368,33.578345,-117.064251,457.654328,4.067811,1.123821
26295,33.578239,-117.064295,471.883533,33.578345,-117.064251,457.654931,4.06096,1.123479
26310,33.57824,-117.064295,471.916596,33.578345,-117.064251,457.655535,4.054071,1.123136
26325,33.578241,-117.064296,471.949747,33.578345,-117.064251,457.656138,4.047342,1.122794
26340,33.578243,-117.064297,471.981293,33.578345,-117.064251,457.656741,4.040697,1.122452
26355,33.578244,-117.064297,472.010257,33.578345,-117.064251,457.657345,4.03399,1.12211
26370,33.578245,-117.064298,472.035532,33.578345,-117.064251,457.657948,4.027391,1.121768
26385,33.578246,-117.064298,472.059574,33.578345,-117.064251,457.658551,4.020898,1.121426
26400,33.578247,-117.064299,472.079333,33.578345,-117.064251,457.659155,4.014444,1.121084
26415,33.578248,-117.0643,472.09671,33.578345,-117.064251,457.659758,4.008073,1.120743
26430,33.578249,-117.0643,472.115767,33.578345,-117.064251,457.660361,4.001729,1.120401
26445,33.57825,-117.064301,472.13,33.578345,-117.064251,457.660965,3.995469,1.12006
26460,33.578251,-117.064301,472.141847,33.578345,-117.064251,457.661568,3.989217,1.119719
26475,33.578252,-117.064302,472.152795,33.578345,-117.064251,457.662171,3.983003,1.119378
26490,33.578253,-117.064302,472.160712,33.578345,-117.064251,457.662775,3.976887,1.119036
26505,33.578254,-117.064303,472.167144,33.578345,-117.064251,457.663378,3.970854,1.118696
26520,33.578255,-117.064303,472.168933,33.578345,-117.064251,457.663981,3.96487,1.118355
26535,33.578256,-117.064304,472.171829,33.578344,-117.064251,457.664585,3.958923,1.118014
26550,33.578257,-117.064304,472.172835,33.578344,-117.064251,457.665188,3.952887,1.117673
26565,33.578258,-117.064305,472.170272,33.578344,-117.064251,457.665791,3.94696,1.117333
26580,33.578259,-117.064305,472.164351,33.578344,-117.064251,457.666395,3.941078,1.116993
26595,33.57826,-117.064306,472.158425,33.578344,-117.064251,457.666998,3.935339,1.116652
26610,33.578261,-117.064306,472.151578,33.578344,-117.064251,457.667601,3.929641,1.116312
26625,33.578261,-117.064307,472.143482,33.578344,-117.064251,457.668205,3.923992,1.115972
26640,33.578262,-117.064307,472.133869,33.578344,-117.064251,457.668808,3.91839,1.115632
26655,33.578263,-117.064308,472.121743,33.578344,-117.064251,457.669411,3.912783,1.115293
26670,33.578264,-117.064308,472.107824,33.578344,-117.064251,457.670015,3.907312,1.114953
26685,33.578265,-117.064309,472.091855,33.578344,-117.064251,457.670618,3.901872,1.114613
26700,33.578265,-117.064309,472.071131,33.578344,-117.064251,457.671221,3.896343,1.114274
26715,33.578266,-117.06431,472.050887,33.578344,-117.064251,457.671825,3.890954,1.113934
26730,33.578267,-117.06431,472.029173,33.578344,-117.064251,457.672428,3.885607,1.113595
26745,33.578268,-117.06431,472.00495,33.578344,-117.064251,457.673031,3.880325,1.113256
26760,33.578268,-117.064311,471.97908,33.578344,-117.064251,457.673635,3.874996,1.112917
26775,33.578269,-117.064311,471.951227,33.578344,-117.064251,457.674238,3.869778,1.112578
26790,33.57827,-117.064312,471.92189,33.578344,-117.064251,457.674841,3.864554,1.11224
26805,33.57827,-117.064312,471.89407,33.578344,-117.064251,457.675445,3.859484,1.111901
26820,33.578271,-117.064312,471.861385,33.578344,-117.064251,457.676048,3.854339,1.111562
26835,33.578272,-117.064313,471.827423,33.578344,-117.064251,457.676651,3.849176,1.111224
26850,33.578272,-117.064313,471.78969,33.578344,-117.064251,457.677255,3.844084,1.110886
26865,33.578273,-117.064314,471.75139,33.578344,-117.064251,457.677858,3.839065,1.110548
26880,33.578274,-117.064314,471.711088,33.578344,-117.064251,457.678461,3.834099,1.110209
26895,33.578274,-117.064314,471.667956,33.578344,-117.064251,457.679065,3.829059,1.109871
26910,33.578275,-117.064315,471.624912,33.578344,-117.064251,457.679668,3.824122,1.109534
26925,33.578275,-117.064315,471.579488,33.578344,-117.064251,457.680271,3.819177,1.109196
26940,33.578276,-117.064316,471.53076,33.578344,-117.064251,457.680875,3.814281,1.108858
26955,33.578276,-117.064316,471.479772,33.578344,-117.064251,457.681478,3.809381,1.108521
26970,33.578277,-117.064316,471.42688,33.578344,-117.064251,457.682081,3.804465,1.108183
26985,33.578277,-117.064317,471.373702,33.578344,-117.064251,457.682685,3.799727,1.107846
27000,33.578278,-117.064317,471.318148,33.578344,-117.064251,457.683288,3.794917,1.107509
27015,33.578278,-117.064317,471.261944,33.578344,-117.064251,457.683891,3.790249,1.107172
27030,33.578279,-117.064318,471.202723,33.578344,-117.064251,457.684495,3.785442,1.106835
27045,33.578279,-117.064318,471.143441,33.578344,-117.064251,457.685098,3.780728,1.106498
27060,33.57828,-117.064319,471.083278,33.578344,-117.064251,457.685701,3.77596,1.106162
27075,33.57828,-117.064319,471.02039,33.578344,-117.064251,457.686305,3.771311,1.105825
27090,33.578281,-117.064319,470.957107,33.578344,-117.064251,457.686908,3.766652,1.105489
27105,33.578281,-117.06432,470.892932,33.578344,-117.064251,457.687511,3.762114,1.105152
27120,33.578281,-117.06432,470.825736,33.578344,-117.064251,457.688115,3.757488,1.104816
27135,33.578282,-117.06432,470.755816,33.578344,-117.064251,457.688718,3.752924,1.10448
27150,33.578282,-117.064321,470.686604,33.578344,-117.064251,457.689321,3.748441,1.104144
27165,33.578283,-117.064321,470.614784,33.578344,-117.064251,457.689925,3.743976,1.103808
27180,33.578283,-117.064321,470.540765,33.578344,-117.064251,457.690528,3.739444,1.103473
27195,33.578283,-117.064321,470.46663,33.578344,-117.064251,457.691131,3.735039,1.103137
27210,33.578284,-117.064322,470.390174,33.578344,-117.064251,457.691735,3.730568,1.102802
27225,33.578284,-117.064322,470.310506,33.578344,-117.064251,457.692338,3.726172,1.102466
27240,33.578284,-117.064322,470.22889,33.578344,-117.064251,457.692941,3.72183,1.102131
27255,33.578284,-117.064323,470.147393,33.578344,-117.064251,457.693545,3.717562,1.101796
27270,33.578285,-117.064323,470.065372,33.578344,-117.064251,457.694148,3.713244,1.101461
27285,33.578285,-117.064323,469.98004,33.578344,-117.064251,457.694751,3.708943,1.101126
27300,33.578285,-117.064324,469.893125,33.578344,-117.064251,457.695355,3.704561,1.100791
27315,33.578285,-117.064324,469.802835,33.578344,-117.064251,457.695958,3.700243,1.100456
27330,33.578286,-117.064324,469.713444,33.578343,-117.064251,457.696561,3.695957,1.100122
27345,33.578286,-117.064324,469.621745,33.578343,-117.064251,457.697165,3.691715,1.099787
27360,33.578286,-117.064325,469.530858,33.578343,-117.064251,457.697768,3.687454,1.099453
27375,33.578286,-117.064325,469.437095,33.578343,-117.064251,457.698371,3.683248,1.099119
27390,33.578286,-117.064325,469.340464,33.578343,-117.064251,457.698975,3.67895,1.098785
27405,33.578287,-117.064325,469.244439,33.578343,-117.064251,457.699578,3.674746,1.098451
27420,33.578287,-117.064326,469.145172,33.578343,-117.064251,457.700181,3.670455,1.098117
27435,33.578287,-117.064326,469.043387,33.578343,-117.064251,457.700785,3.666235,1.097783
27450,33.578287,-117.064326,468.942989,33.578343,-117.064251,457.701388,3.662028,1.09745
27465,33.578287,-117.064327,468.838817,33.578343,-117.064251,457.701991,3.657883,1.097116
27480,33.578287,-117.064327,468.734366,33.578343,-117.064251,457.702595,3.653716,1.096783
27495,33.578287,-117.064327,468.628292,33.578343,-117.064251,457.703198,3.649568,1.09645
27510,33.578287,-117.064327,468.519244,33.578343,-117.064251,457.703801,3.645358,1.096117
27525,33.578288,-117.064328,468.409388,33.578343,-117.064251,457.704405,3.641183,1.095784
27540,33.578288,-117.064328,468.298806,33.578343,-117.064251,457.705008,3.636971,1.095451
27555,33.578288,-117.064328,468.185031,33.578343,-117.064251,457.705611,3.632778,1.095118
27570,33.578288,-117.064328,468.070617,33.578343,-117.064251,457.706215,3.628578,1.094785
27585,33.578288,-117.064329,467.954312,33.578343,-117.064251,457.706818,3.62437,1.094453
27600,33.578288,-117.064329,467.836592,33.578343,-117.064251,457.707421,3.620192,1.094121
27615,33.578288,-117.064329,467.718135,33.578343,-117.064251,457.708025,3.615992,1.093788
27630,33.578288,-117.064329,467.59828,33.578343,-117.064251,457.708628,3.611872,1.093456
27645,33.578288,-117.064329,467.476731,33.578343,-117.064251,457.709231,3.607676,1.093124
27660,33.578288,-117.06433,467.351815,33.578343,-117.064251,457.709835,3.603537,1.092792
27675,33.578288,-117.06433,467.227578,33.578343,-117.064251,457.710438,3.599321,1.09246
27690,33.578288,-117.06433,467.101929,33.578343,-117.064251,457.711041,3.595188,1.092129
27705,33.578288,-117.06433,466.972746,33.578343,-117.064251,457.711645,3.590967,1.091797
27720,33.578288,-117.064331,466.843063,33.578343,-117.064251,457.712248,3.586722,1.091466
27735,33.578287,-117.064331,466.712284,33.578343,-117.064251,457.712851,3.582502,1.091135
27750,33.578287,-117.064331,466.580125,33.578343,-117.064251,457.713455,3.5783,1.090803
27765,33.578287,-117.064331,466.445771,33.578343,-117.064251,457.714058,3.574076,1.090472
27780,33.578287,-117.064331,466.309537,33.578343,-117.064251,457.714661,3.569837,1.090141
27795,33.578287,-117.064332,466.172557,33.578343,-117.064251,457.715265,3.565665,1.089811
27810,33.578287,-117.064332,466.031034,33.578343,-117.064251,457.715868,3.561404,1.08948
27825,33.578287,-117.064332,465.892104,33.578343,-117.064251,457.716471,3.557187,1.089149
27840,33.578287,-117.064332,465.749034,33.578343,-117.064251,457.717075,3.552919,1.088819
27855,33.578287,-117.064332,465.60456,33.578343,-117.064251,457.717678,3.548602,1.088489
27870,33.578286,-117.064333,465.460476,33.578343,-117.064251,457.718281,3.544323,1.088158
27885,33.578286,-117.064333,465.316472,33.578343,-117.064251,457.718885,3.540008,1.087828
27900,33.578286,-117.064333,465.169402,33.578343,-117.064251,457.719488,3.535617,1.087498
27915,33.578286,-117.064333,465.023827,33.578343,-117.064251,457.720091,3.531312,1.087169
27930,33.578286,-117.064333,464.87742,33.578343,-117.064251,457.720695,3.52712,1.086839
27945,33.578285,-117.064334,464.727874,33.578343,-117.064251,457.721298,3.522859,1.086509
27960,33.578285,-117.064334,464.577543,33.578343,-117.064251,457.721901,3.518604,1.08618
27975,33.578285,-117.064334,464.424234,33.578343,-117.064251,457.722505,3.514302,1.085851
27990,33.578285,-117.064334,464.269855,33.578343,-117.064251,457.723108,3.50997,1.085521
28005,33.578284,-117.064334,464.112666,33.578343,-117.064251,457.723711,3.505579,1.085192
28020,33.578284,-117.064334,463.954329,33.578343,-117.064251,457.724315,3.501221,1.084863
28035,33.578284,-117.064335,463.795049,33.578343,-117.064251,457.724918,3.496866,1.084535
28050,33.578284,-117.064335,463.637046,33.578343,-117.064251,457.725521,3.492545,1.084206
28065,33.578283,-117.064335,463.4765,33.578343,-117.064251,457.726125,3.488157,1.083877
28080,33.578283,-117.064335,463.316335,33.578343,-117.064251,457.726728,3.483744,1.083549
28095,33.578283,-117.064335,463.154596,33.578343,-117.064251,457.727331,3.479364,1.083221
28110,33.578282,-117.064335,462.992062,33.578342,-117.064251,457.727935,3.475032,1.082892
28125,33.578282,-117.064336,462.826166,33.578342,-117.064251,457.728538,3.470578,1.082564
28140,33.578282,-117.064336,462.660238,33.578342,-117.064251,457.729141,3.466101,1.082236
28155,33.578281,-117.064336,462.493866,33.578342,-117.064251,457.729745,3.461624,1.081908
28170,33.578281,-117.064336,462.324438,33.578342,-117.064251,457.730348,3.457127,1.081581
28185,33.578281,-117.064336,462.154336,33.578342,-117.064251,457.730951,3.452627,1.081253
28200,33.57828,-117.064336,461.981689,33.578342,-117.064251,457.731555,3.448077,1.080926
28215,33.57828,-117.064337,461.805902,33.578342,-117.064251,457.732158,3.443551,1.080598
28230,33.578279,-117.064337,461.63308,33.578342,-117.064251,457.732761,3.439129,1.080271
28245,33.578279,-117.064337,461.459076,33.578342,-117.064251,457.733365,3.43465,1.079944
28260,33.578279,-117.064337,461.283851,33.578342,-117.064251,457.733968,3.430134,1.079617
28275,33.578278,-117.064337,461.106506,33.578342,-117.064251,457.734571,3.425585,1.07929
28290,33.578278,-117.064337,460.930536,33.578342,-117.064251,457.735175,3.42098,1.078964
28305,33.578277,-117.064337,460.750081,33.578342,-117.064251,457.735778,3.416308,1.078637
28320,33.578277,-117.064338,460.570847,33.578342,-117.064251,457.736381,3.411713,1.078311
28335,33.578276,-117.064338,460.387239,33.578342,-117.064251,457.736985,3.407014,1.077984
28350,33.578276,-117.064338,460.204253,33.578342,-117.064251,457.737588,3.402332,1.077658
28365,33.578276,-117.064338,460.020322,33.578342,-117.064251,457.738191,3.397498,1.077332
28380,33.578275,-117.064338,459.834462,33.578342,-117.064251,457.738795,3.392721,1.077006
28395,33.578275,-117.064338,459.648646,33.578342,-117.064251,457.739398,3.387943,1.07668
28410,33.578274,-117.064338,459.460478,33.578342,-117.064251,457.740001,3.383071,1.076355
28425,33.578274,-117.064339,459.271988,33.578342,-117.064251,457.740604,3.37816,1.076029
28440,33.578273,-117.064339,459.081898,33.578342,-117.064251,457.741208,3.373225,1.075704
28455,33.578273,-117.064339,458.893248,33.578342,-117.064251,457.741811,3.36828,1.075378
28470,33.578272,-117.064339,458.703003,33.578342,-117.064251,457.742414,3.363361,1.075053
28485,33.578271,-117.064339,458.511305,33.578342,-117.064251,457.743018,3.358521,1.074728
28500,33.578271,-117.064339,458.321808,33.578342,-117.064251,457.743621,3.35368,1.074403
28515,33.57827,-117.064339,458.12961,33.578342,-117.064251,457.744224,3.348787,1.074078
28530,33.57827,-117.064339,457.936404,33.578342,-117.064251,457.744828,3.343905,1.073754
28545,33.578269,-117.06434,457.73903,33.578342,-117.064251,457.745431,3.338918,1.073429
28560,33.578269,-117.06434,457.542959,33.578342,-117.064251,457.746034,3.333914,1.073105
28575,33.578268,-117.06434,457.347457,33.578342,-117.064251,457.746638,3.328816,1.072781
28590,33.578267,-117.06434,457.149435,33.578342,-117.064251,457.747241,3.32379,1.072456
28605,33.578267,-117.06434,456.952108,33.578342,-117.064251,457.747844,3.318747,1.072132
28620,33.578266,-117.06434,456.754561,33.578342,-117.064251,457.748448,3.313725,1.071808
28635,33.578266,-117.06434,456.554101,33.578342,-117.064251,457.749051,3.308657,1.071485
28650,33.578265,-117.064341,456.415909,33.578342,-117.064251,457.749654,3.304867,1.071161
28665,33.578265,-117.064341,456.274301,33.578342,-117.064251,457.750258,3.301023,1.070838
28680,33.578264,-117.064341,456.131929,33.578342,-117.064251,457.750861,3.297143,1.070514
28695,33.578263,-117.064341,455.989119,33.578342,-117.064251,457.751464,3.293271,1.070191
28710,33.578263,-117.064341,455.844359,33.578342,-117.064251,457.752068,3.289423,1.069868
28725,33.578262,-117.064342,455.699336,33.578342,-117.064251,457.752671,3.285578,1.069545
28740,33.578262,-117.064342,455.553222,33.578342,-117.064251,457.753274,3.281716,1.069222
28755,33.578261,-117.064342,455.408172,33.578342,-117.064251,457.753878,3.277812,1.068899
28770,33.57826,-117.064342,455.256687,33.578342,-117.064251,457.754481,3.273825,1.068577
28785,33.57826,-117.064342,455.107117,33.578342,-117.064251,457.755084,3.269844,1.068254
28800,33.578259,-117.064342,454.95892,33.578342,-117.064251,457.755688,3.265919,1.067932
28815,33.578259,-117.064343,454.808778,33.578342,-117.064251,457.756291,3.26199,1.06761
28830,33.578258,-117.064343,454.656136,33.578342,-117.064251,457.756894,3.258058,1.067288
28845,33.578257,-117.064343,454.499002,33.578342,-117.064251,457.757498,3.253955,1.066966
28860,33.578257,-117.064343,454.343585,33.578342,-117.064251,457.758101,3.24986,1.066644
28875,33.578256,-117.064343,454.187769,33.578342,-117.064251,457.758704,3.24577,1.066322
28890,33.578255,-117.064343,454.029213,33.578342,-117.064251,457.759308,3.241665,1.066001
28905,33.578255,-117.064344,453.870705,33.578341,-117.064251,457.759911,3.23749,1.065679
28920,33.578254,-117.064344,453.708212,33.578341,-117.064251,457.760514,3.233299,1.065358
28935,33.578253,-117.064344,453.543803,33.578341,-117.064251,457.761118,3.229074,1.065037
28950,33.578253,-117.064344,453.381803,33.578341,-117.064251,457.761721,3.22489,1.064716
28965,33.578252,-117.064344,453.218191,33.578341,-117.064251,457.762324,3.220665,1.064395
28980,33.578251,-117.064344,453.053557,33.578341,-117.064251,457.762928,3.216457,1.064074
28995,33.578251,-117.064345,452.890514,33.578341,-117.064251,457.763531,3.212232,1.063753
29010,33.57825,-117.064345,452.725892,33.578341,-117.064251,457.764134,3.20798,1.063433
29025,33.578249,-117.064345,452.561051,33.578341,-117.064251,457.764738,3.203738,1.063112
29040,33.578249,-117.064345,452.393137,33.578341,-117.064251,457.765341,3.199523,1.062792
29055,33.578248,-117.064345,452.224904,33.578341,-117.064251,457.765944,3.19524,1.062472
29070,33.578247,-117.064345,452.056351,33.578341,-117.064251,457.766548,3.190848,1.062152
29085,33.578247,-117.064345,451.883779,33.578341,-117.064251,457.767151,3.186448,1.061832
29100,33.578246,-117.064346,451.711121,33.578341,-117.064251,457.767754,3.182011,1.061512
29115,33.578245,-117.064346,451.540337,33.578341,-117.064251,457.768358,3.177721,1.061193
29130,33.578245,-117.064346,451.369541,33.578341,-117.064251,457.768961,3.173364,1.060873
29145,33.578244,-117.064346,451.197231,33.578341,-117.064251,457.769564,3.169039,1.060554
29160,33.578243,-117.064346,451.021703,33.578341,-117.064251,457.770168,3.16457,1.060235
29175,33.578243,-117.064346,450.847132,33.578341,-117.064251,457.770771,3.160055,1.059916
29190,33.578242,-117.064346,450.668093,33.578341,-117.064251,457.771374,3.155462,1.059597
29205,33.578241,-117.064346,450.488304,33.578341,-117.064251,457.771978,3.150823,1.059278
29220,33.57824,-117.064347,450.309176,33.578341,-117.064251,457.772581,3.146273,1.05896
29235,33.57824,-117.064347,450.128581,33.578341,-117.064251,457.773184,3.141709,1.058641
29250,33.578239,-117.064347,449.946953,33.578341,-117.064251,457.773788,3.137087,1.058323
29265,33.578238,-117.064347,449.76469,33.578341,-117.064251,457.774391,3.132461,1.058004
29280,33.578238,-117.064347,449.58111,33.578341,-117.064251,457.774994,3.127754,1.057686
29295,33.578237,-117.064347,449.396781,33.578341,-117.064251,457.775598,3.122974,1.057368
29310,33.578236,-117.064347,449.212683,33.578341,-117.064251,457.776201,3.118217,1.05705
29325,33.578235,-117.064347,449.028045,33.578341,-117.064251,457.776804,3.11341,1.056733
29340,33.578235,-117.064347,448.844015,33.578341,-117.064251,457.777408,3.108632,1.056415
29355,33.578234,-117.064347,448.658113,33.578341,-117.064251,457.778011,3.103866,1.056098
29370,33.578233,-117.064348,448.468437,33.578341,-117.064251,457.778614,3.099051,1.05578
29385,33.578232,-117.064348,448.279192,33.578341,-117.064251,457.779218,3.094184,1.055463
29400,33.578232,-117.064348,448.090475,33.578341,-117.064251,457.779821,3.089313,1.055146
29415,33.578231,-117.064348,447.900378,33.578341,-117.064251,457.780424,3.084323,1.054829
29430,33.57823,-117.064348,447.70623,33.578341,-117.064251,457.781028,3.079266,1.054513
29445,33.578229,-117.064348,447.513848,33.578341,-117.064251,457.781631,3.074312,1.054196
29460,33.578229,-117.064348,447.322108,33.578341,-117.064251,457.782234,3.069405,1.053879
29475,33.578228,-117.064348,447.128851,33.578341,-117.064251,457.782838,3.064432,1.053563
29490,33.578227,-117.064348,446.938568,33.578341,-117.064251,457.783441,3.059438,1.053247
29505,33.578226,-117.064348,446.747029,33.578341,-117.064251,457.784044,3.054454,1.052931
29520,33.578226,-117.064348,446.551941,33.578341,-117.064251,457.784648,3.04929,1.052615
29535,33.578225,-117.064349,446.359635,33.578341,-117.064251,457.785251,3.044258,1.052299
29550,33.578224,-117.064349,446.167187,33.578341,-117.064251,457.785854,3.039169,1.051983
29565,33.578224,-117.064349,445.967261,33.578341,-117.064251,457.786458,3.034062,1.051668
29580,33.578223,-117.064349,445.772403,33.578341,-117.064251,457.787061,3.028911,1.051352
29595,33.578222,-117.064349,445.579815,33.578341,-117.064251,457.787664,3.023775,1.051037
29610,33.578221,-117.064349,445.381087,33.578341,-117.064251,457.788268,3.018557,1.050722
29625,33.578221,-117.064349,445.18409,33.578341,-117.064251,457.788871,3.013391,1.050407
29640,33.57822,-117.064349,444.985591,33.578341,-117.064251,457.789474,3.00825,1.050092
29655,33.578219,-117.064349,444.787868,33.578341,-117.064251,457.790078,3.003207,1.049777
29670,33.578218,-117.064349,444.589653,33.578341,-117.064251,457.790681,2.998069,1.049463
29685,33.578218,-117.064349,444.394313,33.578341,-117.064251,457.791284,2.992872,1.049148
29700,33.578217,-117.064349,444.194128,33.57834,-117.064251,457.791888,2.987503,1.048834
29715,33.578216,-117.064349,443.994299,33.57834,-117.064251,457.792491,2.982211,1.04852
29730,33.578215,-117.06435,443.793691,33.57834,-117.064251,457.793094,2.976895,1.048206
29745,33.578215,-117.06435,443.594423,33.57834,-117.064251,457.793698,2.971593,1.047892
29760,33.578214,-117.06435,443.39535,33.57834,-117.064251,457.794301,2.966223,1.047578
29775,33.578213,-117.06435,443.19677,33.57834,-117.064251,457.794904,2.960862,1.047264
29790,33.578212,-117.06435,442.996296,33.57834,-117.064251,457.795508,2.955404,1.046951
29805,33.578212,-117.06435,442.798581,33.57834,-117.064251,457.796111,2.94995,1.046638
29820,33.578211,-117.06435,442.593364,33.57834,-117.064251,457.796714,2.9445,1.046324
29835,33.57821,-117.06435,442.391488,33.57834,-117.064251,457.797318,2.939075,1.046011
29850,33.578209,-117.06435,442.192653,33.57834,-117.064251,457.797921,2.933726,1.045698
29865,33.578209,-117.06435,441.988654,33.57834,-117.064251,457.798524,2.928205,1.045385
29880,33.578208,-117.06435,441.784541,33.57834,-117.064251,457.799128,2.922587,1.045073
29895,33.578207,-117.06435,441.580024,33.57834,-117.064251,457.799731,2.916951,1.04476
29910,33.578206,-117.06435,441.378117,33.57834,-117.064251,457.800334,2.911421,1.044448
29925,33.578206,-117.06435,441.174483,33.57834,-117.064251,457.800938,2.90586,1.044136
29940,33.578205,-117.06435,440.967429,33.57834,-117.064251,457.801541,2.90021,1.043824
29955,33.578204,-117.06435,440.76374,33.57834,-117.064251,457.802144,2.89439,1.043512
29970,33.578203,-117.06435,440.562269,33.57834,-117.064251,457.802748,2.888629,1.0432
29985,33.578203,-117.064351,440.357294,33.57834,-117.064251,457.803351,2.882851,1.042888
30000,33.578202,-117.064351,440.152525,33.57834,-117.064251,457.803954,2.877204,1.042577
30015,33.578201,-117.064351,439.952915,33.57834,-117.064251,457.804558,2.871596,1.042265
30030,33.578201,-117.064351,439.748535,33.57834,-117.064251,457.805161,2.865788,1.041954
30045,33.5782,-117.064351,439.541071,33.57834,-117.064251,457.805764,2.859901,1.041643
30060,33.578199,-117.064351,439.335861,33.57834,-117.064251,457.806368,2.854031,1.041332
30075,33.578198,-117.064351,439.133191,33.57834,-117.064251,457.806971,2.848237,1.041021
30090,33.578198,-117.064351,438.929918,33.57834,-117.064251,457.807574,2.842462,1.04071
30105,33.578197,-117.064351,438.727574,33.57834,-117.064251,457.808178,2.836668,1.0404
30120,33.578196,-117.064351,438.518323,33.57834,-117.064251,457.808781,2.830687,1.040089
30135,33.578196,-117.064351,438.513034,33.57834,-117.064251,457.809384,2.831333,1.039779
30150,33.578197,-117.064351,438.507554,33.57834,-117.064251,457.809988,2.831977,1.039469
30165,33.578197,-117.064352,438.500608,33.57834,-117.064251,457.810591,2.832627,1.039159
30180,33.578197,-117.064352,438.493382,33.57834,-117.064251,457.811194,2.833276,1.038849
30195,33.578197,-117.064352,438.486039,33.57834,-117.064251,457.811798,2.833933,1.038539
30210,33.578197,-117.064352,438.478685,33.57834,-117.064251,457.812401,2.834577,1.03823
30225,33.578197,-117.064353,438.47026,33.57834,-117.064251,457.813004,2.835201,1.03792
30240,33.578197,-117.064353,438.461993,33.57834,-117.064251,457.813608,2.835861,1.037611
30255,33.578197,-117.064353,438.453474,33.57834,-117.064251,457.814211,2.836531,1.037302
30270,33.578197,-117.064353,438.444249,33.57834,-117.064251,457.814814,2.837176,1.036993
30285,33.578197,-117.064353,438.434002,33.57834,-117.064251,457.815418,2.837794,1.036684
30300,33.578198,-117.064354,438.42433,33.57834,-117.064251,457.816021,2.838444,1.036375
30315,33.578198,-117.064354,438.4148,33.57834,-117.064251,457.816624,2.839107,1.036067
30330,33.578198,-117.064354,438.404186,33.57834,-117.064251,457.817228,2.839751,1.035758
30345,33.578198,-117.064354,438.392637,33.57834,-117.064251,457.817831,2.840376,1.03545
30360,33.578198,-117.064354,438.380937,33.57834,-117.064251,457.818434,2.841034,1.035142
30375,33.578198,-117.064355,438.369755,33.57834,-117.064251,457.819038,2.84168,1.034834
30390,33.578198,-117.064355,438.357357,33.57834,-117.064251,457.819641,2.842309,1.034526
30405,33.578198,-117.064355,438.344411,33.57834,-117.064251,457.820244,2.842961,1.034218
30420,33.578198,-117.064355,438.331803,33.57834,-117.064251,457.820848,2.843613,1.033911
30435,33.578198,-117.064355,438.31896,33.57834,-117.064251,457.821451,2.844248,1.033603
30450,33.578199,-117.064356,438.304429,33.57834,-117.064251,457.822054,2.844866,1.033296
30465,33.578199,-117.064356,438.289717,33.57834,-117.064251,457.822658,2.84551,1.032989
30480,33.578199,-117.064356,438.275165,33.578339,-117.064251,457.823261,2.846159,1.032682
30495,33.578199,-117.064356,438.259999,33.578339,-117.064251,457.823864,2.8468,1.032375
30510,33.578199,-117.064356,438.244597,33.578339,-117.064251,457.824468,2.84743,1.032068
30525,33.578199,-117.064357,438.228561,33.578339,-117.064251,457.825071,2.84811,1.031762
30540,33.578199,-117.064357,438.211638,33.578339,-117.064251,457.825674,2.848774,1.031455
30555,33.578199,-117.064357,438.194591,33.578339,-117.064251,457.826278,2.849415,1.031149
30570,33.578199,-117.064357,438.177472,33.578339,-117.064251,457.826881,2.850082,1.030843
30585,33.578199,-117.064357,438.159505,33.578339,-117.064251,457.827484,2.850728,1.030537
30600,33.5782,-117.064358,438.141518,33.578339,-117.064251,457.828088,2.851354,1.030231
30615,33.5782,-117.064358,438.12367,33.578339,-117.064251,457.828691,2.852004,1.029925
30630,33.5782,-117.064358,438.10585,33.578339,-117.064251,457.829294,2.852656,1.02962
30645,33.5782,-117.064358,438.087,33.578339,-117.064251,457.829898,2.853282,1.029314
30660,33.5782,-117.064358,438.067342,33.578339,-117.064251,457.830501,2.853912,1.029009
30675,33.5782,-117.064359,438.048018,33.578339,-117.064251,457.831104,2.85455,1.028704
30690,33.5782,-117.064359,438.028037,33.578339,-117.064251,457.831708,2.855193,1.028399
30705,33.5782,-117.064359,438.007896,33.578339,-117.064251,457.832311,2.85582,1.028094
30720,33.5782,-117.064359,437.986914,33.578339,-117.064251,457.832914,2.856432,1.027789
30735,33.5782,-117.064359,437.965854,33.578339,-117.064251,457.833518,2.857047,1.027485
30750,33.578201,-117.06436,437.944335,33.578339,-117.064251,457.834121,2.857673,1.02718
30765,33.578201,-117.06436,437.909887,33.578339,-117.064251,457.834724,2.858568,1.026876
30780,33.578201,-117.06436,437.874634,33.578339,-117.064251,457.835328,2.859467,1.026572
30795,33.578201,-117.06436,437.83874,33.578339,-117.064251,457.835931,2.860349,1.026268
30810,33.578201,-117.06436,437.801952,33.578339,-117.064251,457.836534,2.86123,1.025964
30825,33.578201,-117.06436,437.764864,33.578339,-117.064251,457.837138,2.86213,1.025661
30840,33.578201,-117.06436,437.727431,33.578339,-117.064251,457.837741,2.863012,1.025357
30855,33.578201,-117.064361,437.689176,33.578339,-117.064251,457.838344,2.863885,1.025054
30870,33.578201,-117.064361,437.650233,33.578339,-117.064251,457.838948,2.864757,1.02475
30885,33.578202,-117.064361,437.610562,33.578339,-117.064251,457.839551,2.865631,1.024447
30900,33.578202,-117.064361,437.570035,33.578339,-117.064251,457.840154,2.866502,1.024144
30915,33.578202,-117.064361,437.528171,33.578339,-117.064251,457.840758,2.867362,1.023842
30930,33.578202,-117.064361,437.486653,33.578339,-117.064251,457.841361,2.86821,1.023539
30945,33.578202,-117.064361,437.444647,33.578339,-117.064251,457.841964,2.869058,1.023237
30960,33.578202,-117.064362,437.401884,33.578339,-117.064251,457.842568,2.869904,1.022934
30975,33.578202,-117.064362,437.357421,33.578339,-117.064251,457.843171,2.870747,1.022632
30990,33.578203,-117.064362,437.311958,33.578339,-117.064251,457.843774,2.871589,1.02233
31005,33.578203,-117.064362,437.266007,33.578339,-117.064251,457.844378,2.872428,1.022028
31020,33.578203,-117.064362,437.219984,33.578339,-117.064251,457.844981,2.873249,1.021726
31035,33.578203,-117.064362,437.173171,33.578339,-117.064251,457.845584,2.874061,1.021425
31050,33.578203,-117.064362,437.126262,33.578339,-117.064251,457.846188,2.874876,1.021123
31065,33.578203,-117.064362,437.078006,33.578339,-117.064251,457.846791,2.875692,1.020822
31080,33.578203,-117.064363,437.029208,33.578339,-117.064251,457.847394,2.876505,1.020521
31095,33.578204,-117.064363,436.980177,33.578339,-117.064251,457.847998,2.877318,1.02022
31110,33.578204,-117.064363,436.9301,33.578339,-117.064251,457.848601,2.878136,1.019919
31125,33.578204,-117.064363,436.878715,33.578339,-117.064251,457.849204,2.878932,1.019618
31140,33.578204,-117.064363,436.882005,33.578339,-117.064251,457.849808,2.879932,1.019318
31155,33.578204,-117.064364,436.884594,33.578339,-117.064251,457.850411,2.880923,1.019017
31170,33.578204,-117.064364,436.887808,33.578339,-117.064251,457.851014,2.881912,1.018717
31185,33.578204,-117.064364,436.890013,33.578339,-117.064251,457.851618,2.882898,1.018417
31200,33.578204,-117.064365,436.892266,33.578339,-117.064251,457.852221,2.883877,1.018117
31215,33.578204,-117.064365,436.893914,33.578339,-117.064251,457.852824,2.884875,1.017817
31230,33.578204,-117.064365,436.895033,33.578339,-117.064251,457.853428,2.885869,1.017518
31245,33.578204,-117.064366,436.895904,33.578339,-117.064251,457.854031,2.886855,1.017218
31260,33.578204,-117.064366,436.896428,33.578339,-117.064251,457.854634,2.887847,1.016919
31275,33.578204,-117.064366,436.89644,33.578338,-117.064251,457.855238,2.888843,1.01662
31290,33.578204,-117.064367,436.895889,33.578338,-117.064251,457.855841,2.889839,1.016321
31305,33.578204,-117.064367,436.895238,33.578338,-117.064251,457.856444,2.89083,1.016022
31320,33.578204,-117.064367,436.893585,33.578338,-117.064251,457.857048,2.891828,1.015723
31335,33.578204,-117.064367,436.891291,33.578338,-117.064251,457.857651,2.892819,1.015424
31350,33.578204,-117.064368,436.889108,33.578338,-117.064251,457.858254,2.893805,1.015126
31365,33.578204,-117.064368,436.88707,33.578338,-117.064251,457.858858,2.894789,1.014828
31380,33.578204,-117.064368,436.88435,33.578338,-117.064251,457.859461,2.895774,1.014529
31395,33.578204,-117.064369,436.881193,33.578338,-117.064251,457.860064,2.896757,1.014232
31410,33.578204,-117.064369,436.878043,33.578338,-117.064251,457.860668,2.897732,1.013934
31425,33.578204,-117.064369,436.875191,33.578338,-117.064251,457.861271,2.898692,1.013636
31440,33.578204,-117.06437,436.87169,33.578338,-117.064251,457.861874,2.899671,1.013338
31455,33.578204,-117.06437,436.86725,33.578338,-117.064251,457.862478,2.900647,1.013041
31470,33.578204,-117.06437,436.861805,33.578338,-117.064251,457.863081,2.901619,1.012744
31485,33.578204,-117.064371,436.856608,33.578338,-117.064251,457.863684,2.902589,1.012447
31500,33.578204,-117.064371,436.850793,33.578338,-117.064251,457.864288,2.90356,1.01215
31515,33.578204,-117.064371,436.843608,33.578338,-117.064251,457.864891,2.904537,1.011853
31530,33.578204,-117.064372,436.836594,33.578338,-117.064252,457.865494,2.905508,1.011557
31545,33.578204,-117.064372,436.829015,33.578338,-117.064252,457.866098,2.906491,1.01126
31560,33.578204,-117.064372,436.821152,33.578338,-117.064252,457.866701,2.907461,1.010964
31575,33.578204,-117.064373,436.812606,33.578338,-117.064252,457.867304,2.908437,1.010668
31590,33.578204,-117.064373,436.804268,33.578338,-117.064252,457.867908,2.909418,1.010372
31605,33.578204,-117.064373,436.795709,33.578338,-117.064252,457.868511,2.910395,1.010076
31620,33.578204,-117.064374,436.786959,33.578338,-117.064252,457.869114,2.911371,1.00978
31635,33.578204,-117.064374,436.776987,33.578338,-117.064252,457.869718,2.912334,1.009485
31650,33.578204,-117.064374,436.767264,33.578338,-117.064252,457.870321,2.913287,1.009189
31665,33.578204,-117.064375,436.756842,33.578338,-117.064252,457.870924,2.91424,1.008894
31680,33.578204,-117.064375,436.746036,33.578338,-117.064252,457.871527,2.915206,1.008599
31695,33.578204,-117.064375,436.734371,33.578338,-117.064252,457.872131,2.916174,1.008304
31710,33.578205,-117.064376,436.72208,33.578338,-117.064252,457.872734,2.917132,1.008009
31725,33.578205,-117.064376,436.709338,33.578338,-117.064252,457.873337,2.918095,1.007715
31740,33.578205,-117.064376,436.696378,33.578338,-117.064252,457.873941,2.919046,1.00742
31755,33.578205,-117.064377,436.683478,33.578338,-117.064252,457.874544,2.919992,1.007126
31770,33.578205,-117.064377,436.669838,33.578338,-117.064252,457.875147,2.920943,1.006832
31785,33.578205,-117.064377,436.656232,33.578338,-117.064252,457.875751,2.921886,1.006538
31800,33.578205,-117.064377,436.642191,33.578338,-117.064252,457.876354,2.922837,1.006244
31815,33.578205,-117.064378,436.62763,33.578338,-117.064252,457.876957,2.923786,1.00595
31830,33.578205,-117.064378,436.612286,33.578338,-117.064252,457.877561,2.924733,1.005657
31845,33.578205,-117.064378,436.609698,33.578338,-117.064252,457.878164,2.925824,1.005363
31860,33.578205,-117.064379,436.606474,33.578338,-117.064252,457.878767,2.926913,1.00507
31875,33.578205,-117.064379,436.602895,33.578338,-117.064252,457.879371,2.928001,1.004777
31890,33.578205,-117.064379,436.598837,33.578338,-117.064252,457.879974,2.929095,1.004484
31905,33.578205,-117.064379,436.594961,33.578338,-117.064252,457.880577,2.930196,1.004191
31920,33.578205,-117.06438,436.5907,33.578338,-117.064252,457.881181,2.931286,1.003899
31935,33.578205,-117.06438,436.586119,33.578338,-117.064252,457.881784,2.932363,1.003606
31950,33.578205,-117.06438,436.580708,33.578338,-117.064252,457.882387,2.933444,1.003314
31965,33.578205,-117.06438,436.57507,33.578338,-117.064252,457.882991,2.934526,1.003022
31980,33.578205,-117.064381,436.568829,33.578338,-117.064252,457.883594,2.935619,1.00273
31995,33.578205,-117.064381,436.56174,33.578338,-117.064252,457.884197,2.9367,1.002438
32010,33.578205,-117.064381,436.554688,33.578338,-117.064252,457.884801,2.937784,1.002147
32025,33.578205,-117.064381,436.546968,33.578338,-117.064252,457.885404,2.938859,1.001855
32040,33.578205,-117.064382,436.539028,33.578338,-117.064252,457.886007,2.939936,1.001564
32055,33.578205,-117.064382,436.530281,33.578337,-117.064252,457.886611,2.941007,1.001273
32070,33.578205,-117.064382,436.521487,33.578337,-117.064252,457.887214,2.942065,1.000982
32085,33.578205,-117.064382,436.512258,33.578337,-117.064252,457.887817,2.943144,1.000691
32100,33.578205,-117.064383,436.502291,33.578337,-117.064252,457.888421,2.944224,1.0004
32115,33.578205,-117.064383,436.491536,33.578337,-117.064252,457.889024,2.945301,1.000109
32130,33.578205,-117.064383,436.480508,33.578337,-117.064252,457.889627,2.94637,0.999819
32145,33.578205,-117.064383,436.469072,33.578337,-117.064252,457.890231,2.947443,0.999529
32160,33.578205,-117.064384,436.457942,33.578337,-117.064252,457.890834,2.94852,0.999239
32175,33.578205,-117.064384,436.445716,33.578337,-117.064252,457.891437,2.949587,0.998949
32190,33.578205,-117.064384,436.433439,33.578337,-117.064252,457.892041,2.950646,0.998659
32205,33.578205,-117.064384,436.420834,33.578337,-117.064252,457.892644,2.95171,0.99837
32220,33.578205,-117.064385,436.407352,33.578337,-117.064252,457.893247,2.95278,0.99808
32235,33.578205,-117.064385,436.392936,33.578337,-117.064252,457.893851,2.953845,0.997791
32250,33.578205,-117.064385,436.378628,33.578337,-117.064252,457.894454,2.954903,0.997502
32265,33.578205,-117.064385,436.364243,33.578337,-117.064252,457.895057,2.955961,0.997213
32280,33.578205,-117.064386,436.349307,33.578337,-117.064252,457.895661,2.957007,0.996924
32295,33.578205,-117.064386,436.333992,33.578337,-117.064252,457.896264,2.958065,0.996635
32310,33.578205,-117.064386,436.318276,33.578337,-117.064252,457.896867,2.959107,0.996347
32325,33.578205,-117.064386,436.302531,33.578337,-117.064252,457.897471,2.960164,0.996059
32340,33.578205,-117.064387,436.285754,33.578337,-117.064252,457.898074,2.9612,0.995771
32355,33.578205,-117.064387,436.2685,33.578337,-117.064252,457.898677,2.962249,0.995483
32370,33.578205,-117.064387,436.250487,33.578337,-117.064252,457.899281,2.963278,0.995195
32385,33.578205,-117.064387,436.232045,33.578337,-117.064252,457.899884,2.964312,0.994907
32400,33.578205,-117.064388,436.213995,33.578337,-117.064252,457.900487,2.965349,0.99462
32415,33.578205,-117.064388,436.195451,33.578337,-117.064252,457.901091,2.966381,0.994332
32430,33.578205,-117.064388,436.176063,33.578337,-117.064252,457.901694,2.967414,0.994045
32445,33.578205,-117.064388,436.156101,33.578337,-117.064252,457.902297,2.968443,0.993758
32460,33.578205,-117.064389,436.135619,33.578337,-117.064252,457.902901,2.969475,0.993471
32475,33.578205,-117.064389,436.114462,33.578337,-117.064252,457.903504,2.970501,0.993184
32490,33.578205,-117.064389,436.093429,33.578337,-117.064252,457.904107,2.971516,0.992898
32505,33.578205,-117.064389,436.072443,33.578337,-117.064252,457.904711,2.972534,0.992612
32520,33.578205,-117.06439,436.050903,33.578337,-117.064252,457.905314,2.973556,0.992325
32535,33.578206,-117.06439,436.029078,33.578337,-117.064252,457.905917,2.974563,0.992039
32550,33.578206,-117.06439,436.006448,33.578337,-117.064252,457.906521,2.975572,0.991753
32565,33.578206,-117.064391,435.983147,33.578337,-117.064252,457.907124,2.976566,0.991468
32580,33.578206,-117.064391,435.959621,33.578337,-117.064252,457.907727,2.977568,0.991182
32595,33.578206,-117.064391,435.935517,33.578337,-117.064252,457.908331,2.978573,0.990897
32610,33.578206,-117.064391,435.910874,33.578337,-117.064252,457.908934,2.97957,0.990611
32625,33.578206,-117.064392,435.885589,33.578337,-117.064252,457.909537,2.980574,0.990326
32640,33.578206,-117.064392,435.860492,33.578337,-117.064252,457.910141,2.981562,0.990042
32655,33.578206,-117.064392,435.834631,33.578337,-117.064252,457.910744,2.982552,0.989757
32670,33.578206,-117.064392,435.808179,33.578337,-117.064252,457.911347,2.983543,0.989472
32685,33.578206,-117.064393,435.781038,33.578337,-117.064252,457.911951,2.984534,0.989188
32700,33.578206,-117.064393,435.753521,33.578337,-117.064252,457.912554,2.985501,0.988904
32715,33.578206,-117.064393,435.726281,33.578337,-117.064252,457.913157,2.986471,0.988619
32730,33.578206,-117.064394,435.699463,33.578337,-117.064252,457.913761,2.987443,0.988336
32745,33.578206,-117.064394,435.671527,33.578337,-117.064252,457.914364,2.988416,0.988052
32760,33.578206,-117.064394,435.642753,33.578337,-117.064252,457.914967,2.989387,0.987768
32775,33.578206,-117.064394,435.613866,33.578337,-117.064252,457.915571,2.990346,0.987485
32790,33.578206,-117.064395,435.585255,33.578337,-117.064252,457.916174,2.991301,0.987201
32805,33.578206,-117.064395,435.55558,33.578337,-117.064252,457.916777,2.992242,0.986918
32820,33.578206,-117.064395,435.526416,33.578337,-117.064252,457.917381,2.993184,0.986635
32835,33.578206,-117.064395,435.496429,33.578337,-117.064252,457.917984,2.994115,0.986353
32850,33.578206,-117.064396,435.465854,33.578336,-117.064252,457.918587,2.995047,0.98607
32865,33.578206,-117.064396,435.434412,33.578336,-117.064252,457.919191,2.995969,0.985788
32880,33.578206,-117.064396,435.402482,33.578336,-117.064252,457.919794,2.996891,0.985505
32895,33.578207,-117.064397,435.371691,33.578336,-117.064252,457.920397,2.997822,0.985223
32910,33.578207,-117.064397,435.339986,33.578336,-117.064252,457.921001,2.998739,0.984941
32925,33.578207,-117.064397,435.308168,33.578336,-117.064252,457.921604,2.99966,0.98466
32940,33.578207,-117.064397,435.275078,33.578336,-117.064252,457.922207,3.000568,0.984378
32955,33.578207,-117.064398,435.242393,33.578336,-117.064252,457.922811,3.001483,0.984096
32970,33.578207,-117.064398,435.208622,33.578336,-117.064252,457.923414,3.002394,0.983815
32985,33.578207,-117.064398,435.174498,33.578336,-117.064252,457.924017,3.003299,0.983534
33000,33.578207,-117.064399,435.139096,33.578336,-117.064252,457.924621,3.004181,0.983253
33015,33.578207,-117.064399,435.104694,33.578336,-117.064252,457.925224,3.005064,0.982972
33030,33.578207,-117.064399,435.06985,33.578336,-117.064252,457.925827,3.00594,0.982692
33045,33.578207,-117.064399,435.035087,33.578336,-117.064252,457.926431,3.006824,0.982411
33060,33.578207,-117.0644,434.999748,33.578336,-117.064252,457.927034,3.007707,0.982131
33075,33.578207,-117.0644,434.963467,33.578336,-117.064252,457.927637,3.00857,0.981851
33090,33.578207,-117.0644,434.926176,33.578336,-117.064252,457.928241,3.009422,0.981571
33105,33.578207,-117.064401,434.888417,33.578336,-117.064252,457.928844,3.010266,0.981291
33120,33.578207,-117.064401,434.851162,33.578336,-117.064252,457.929447,3.011099,0.981012
33135,33.578207,-117.064401,434.813731,33.578336,-117.064252,457.930051,3.011929,0.980732
33150,33.578207,-117.064401,434.775396,33.578336,-117.064252,457.930654,3.012759,0.980453
33165,33.578208,-117.064402,434.736183,33.578336,-117.064252,457.931257,3.013575,0.980174
33180,33.578208,-117.064402,434.696489,33.578336,-117.064252,457.931861,3.014392,0.979895
33195,33.578208,-117.064402,434.655462,33.578336,-117.064252,457.932464,3.015188,0.979616
33210,33.578208,-117.064403,434.616085,33.578336,-117.064252,457.933067,3.015996,0.979337
33225,33.578208,-117.064403,434.576258,33.578336,-117.064252,457.933671,3.016795,0.979059
33240,33.578208,-117.064403,434.535091,33.578336,-117.064252,457.934274,3.017587,0.978781
33255,33.578208,-117.064404,434.494661,33.578336,-117.064252,457.934877,3.018394,0.978503
33270,33.578208,-117.064404,434.454007,33.578336,-117.064252,457.935481,3.019195,0.978225
33285,33.578208,-117.064404,434.412395,33.578336,-117.064252,457.936084,3.019986,0.977947
33300,33.578208,-117.064404,434.370347,33.578336,-117.064252,457.936687,3.020758,0.977669
33315,33.578208,-117.064405,434.328425,33.578336,-117.064252,457.937291,3.021527,0.977392
33330,33.578208,-117.064405,434.285899,33.578336,-117.064252,457.937894,3.022289,0.977115
33345,33.578208,-117.064405,434.242862,33.578336,-117.064252,457.938497,3.02304,0.976838
33360,33.578208,-117.064406,434.20016,33.578336,-117.064252,457.939101,3.023786,0.976561
33375,33.578209,-117.064406,434.156224,33.578336,-117.064252,457.939704,3.024534,0.976284
33390,33.578209,-117.064406,434.111196,33.578336,-117.064252,457.940307,3.025272,0.976007
33405,33.578209,-117.064407,434.067141,33.578336,-117.064252,457.940911,3.025999,0.975731
33420,33.578209,-117.064407,434.023122,33.578336,-117.064252,457.941514,3.026727,0.975455
33435,33.578209,-117.064407,433.977863,33.578336,-117.064252,457.942117,3.027444,0.975179
33450,33.578209,-117.064407,433.932799,33.578336,-117.064252,457.942721,3.02815,0.974903
33465,33.578209,-117.064408,433.88551,33.578336,-117.064252,457.943324,3.028852,0.974627
33480,33.578209,-117.064408,433.83838,33.578336,-117.064252,457.943927,3.029551,0.974352
33495,33.578209,-117.064408,433.79217,33.578336,-117.064252,457.944531,3.030235,0.974076
33510,33.578209,-117.064409,433.745156,33.578336,-117.064252,457.945134,3.030913,0.973801
33525,33.578209,-117.064409,433.698875,33.578336,-117.064252,457.945737,3.031577,0.973526
33540,33.578209,-117.064409,433.652584,33.578336,-117.064252,457.946341,3.032258,0.973251
33555,33.578209,-117.06441,433.605111,33.578336,-117.064252,457.946944,3.032932,0.972977
33570,33.578209,-117.06441,433.556172,33.578336,-117.064252,457.947547,3.033579,0.972702
33585,33.57821,-117.06441,433.507915,33.578336,-117.064252,457.948151,3.034239,0.972428
33600,33.57821,-117.064411,433.458163,33.578336,-117.064252,457.948754,3.034866,0.972154
33615,33.57821,-117.064411,433.410011,33.578336,-117.064252,457.949357,3.035493,0.97188
33630,33.57821,-117.064411,433.361648,33.578336,-117.064252,457.949961,3.036121,0.971606
33645,33.57821,-117.064412,433.311567,33.578335,-117.064252,457.950564,3.036744,0.971332
33660,33.57821,-117.064412,433.261445,33.578335,-117.064252,457.951167,3.037356,0.971059
33675,33.57821,-117.064412,433.209954,33.578335,-117.064252,457.951771,3.037945,0.970785
33690,33.57821,-117.064413,433.159179,33.578335,-117.064252,457.952374,3.038539,0.970512
33705,33.578211,-117.064413,433.124254,33.578335,-117.064252,457.952977,3.037341,0.970239
33720,33.578212,-117.064414,433.084721,33.578335,-117.064252,457.953581,3.036184,0.969967
33735,33.578213,-117.064415,433.045497,33.578335,-117.064252,457.954184,3.035091,0.969694
33750,33.578214,-117.064416,433.009612,33.578335,-117.064252,457.954787,3.033926,0.969421
33765,33.578215,-117.064417,432.970096,33.578335,-117.064252,457.955391,3.032871,0.969149
33780,33.578216,-117.064418,432.933002,33.578335,-117.064252,457.955994,3.031694,0.968877
33795,33.578217,-117.064419,432.894004,33.578335,-117.064252,457.956597,3.030597,0.968605
33810,33.578218,-117.06442,432.853743,33.578335,-117.064252,457.957201,3.029497,0.968334
33825,33.578219,-117.06442,432.814964,33.578335,-117.064252,457.957804,3.028468,0.968062
33840,33.57822,-117.064421,432.777164,33.578335,-117.064252,457.958407,3.027493,0.967791
33855,33.57822,-117.064421,432.787799,33.578335,-117.064252,457.959011,3.028361,0.967519
33870,33.57822,-117.064422,432.797673,33.578335,-117.064252,457.959614,3.029222,0.967248
33885,33.57822,-117.064422,432.806868,33.578335,-117.064252,457.960217,3.030092,0.966977
33900,33.57822,-117.064422,432.815192,33.578335,-117.064252,457.960821,3.030976,0.966707
33915,33.57822,-117.064422,432.823631,33.578335,-117.064252,457.961424,3.031849,0.966436
33930,33.57822,-117.064422,432.831582,33.578335,-117.064252,457.962027,3.032709,0.966166
33945,33.57822,-117.064423,432.83987,33.578335,-117.064252,457.962631,3.033561,0.965896
33960,33.57822,-117.064423,432.846675,33.578335,-117.064252,457.963234,3.034454,0.965626
33975,33.57822,-117.064423,432.853715,33.578335,-117.064252,457.963837,3.035305,0.965356
33990,33.57822,-117.064423,432.859099,33.578335,-117.064252,457.964441,3.036183,0.965086
34005,33.57822,-117.064423,432.865773,33.578335,-117.064252,457.965044,3.037026,0.964817
34020,33.57822,-117.064423,432.871571,33.578335,-117.064252,457.965647,3.037881,0.964548
34035,33.57822,-117.064424,432.876782,33.578335,-117.064252,457.966251,3.038738,0.964279
34050,33.57822,-117.064424,432.880788,33.578335,-117.064252,457.966854,3.0396,0.96401
34065,33.57822,-117.064424,432.884559,33.578335,-117.064252,457.967457,3.040454,0.963741
34080,33.57822,-117.064424,432.888911,33.578335,-117.064252,457.968061,3.041282,0.963472
34095,33.57822,-117.064424,432.89366,33.578335,-117.064252,457.968664,3.0421,0.963204
34110,33.57822,-117.064425,432.898398,33.578335,-117.064252,457.969267,3.04292,0.962936
34125,33.57822,-117.064425,432.900939,33.578335,-117.064252,457.969871,3.043761,0.962668
34140,33.57822,-117.064425,432.904421,33.578335,-117.064252,457.970474,3.044569,0.9624
34155,33.57822,-117.064425,432.907194,33.578335,-117.064252,457.971077,3.045396,0.962132
34170,33.57822,-117.064425,432.911307,33.578335,-117.064252,457.971681,3.046183,0.961865
34185,33.578219,-117.064425,432.91387,33.578335,-117.064252,457.972284,3.046988,0.961597
34200,33.57822,-117.064425,433.115379,33.578335,-117.064252,457.972887,3.0453,0.96133
34215,33.578221,-117.064424,433.31203,33.578335,-117.064252,457.973491,3.04369,0.961063
34230,33.578222,-117.064424,433.510183,33.578335,-117.064252,457.974094,3.042028,0.960796
34245,33.578223,-117.064424,433.694448,33.578335,-117.064252,457.974697,3.040592,0.96053
34260,33.578223,-117.064423,433.88041,33.578335,-117.064252,457.975301,3.039117,0.960263
34275,33.578224,-117.064423,434.072081,33.578335,-117.064252,457.975904,3.037522,0.959997
34290,33.578225,-117.064422,434.260685,33.578335,-117.064252,457.976507,3.035989,0.959731
34305,33.578226,-117.064422,434.448611,33.578335,-117.064252,457.977111,3.034416,0.959465
34320,33.578226,-117.064421,434.635037,33.578335,-117.064252,457.977714,3.032842,0.959199
34335,33.578227,-117.064421,434.823289,33.578335,-117.064252,457.978317,3.031262,0.958934
34350,33.578228,-117.06442,435.0027,33.578335,-117.064252,457.978921,3.029837,0.958669
34365,33.578229,-117.06442,435.182016,33.578335,-117.064252,457.979524,3.028375,0.958403
34380,33.578229,-117.06442,435.354554,33.578335,-117.064252,457.980127,3.027017,0.958138
34395,33.57823,-117.064419,435.535728,33.578335,-117.064252,457.980731,3.025459,0.957874
34410,33.578231,-117.064419,435.709388,33.578335,-117.064252,457.981334,3.024054,0.957609
34425,33.578231,-117.064418,435.878654,33.578334,-117.064252,457.981937,3.022731,0.957345
34440,33.578232,-117.064418,436.057723,33.578334,-117.064252,457.982541,3.021175,0.95708
34455,33.578233,-117.064417,436.230853,33.578334,-117.064252,457.983144,3.0197,0.956816
34470,33.578234,-117.064417,436.400973,33.578334,-117.064252,457.983747,3.018276,0.956552
34485,33.578234,-117.064416,436.569337,33.578334,-117.064252,457.984351,3.016856,0.956289
34500,33.578235,-117.064416,436.738315,33.578334,-117.064252,457.984954,3.015394,0.956025
34515,33.578236,-117.064416,436.906599,33.578334,-117.064252,457.985557,3.013931,0.955762
34530,33.578237,-117.064415,437.071706,33.578334,-117.064252,457.986161,3.012511,0.955498
34545,33.578237,-117.064415,437.235834,33.578334,-117.064252,457.986764,3.011113,0.955235
34560,33.578238,-117.064414,437.395993,33.578334,-117.064252,457.987367,3.009765,0.954973
34575,33.578239,-117.064414,437.559821,33.578334,-117.064252,457.987971,3.008326,0.95471
34590,33.578239,-117.064413,437.719387,33.578334,-117.064252,457.988574,3.006962,0.954448
34605,33.57824,-117.064413,437.881932,33.578334,-117.064252,457.989177,3.005529,0.954185
34620,33.578241,-117.064413,438.038706,33.578334,-117.064252,457.989781,3.004198,0.953923
34635,33.578241,-117.064412,438.191759,33.578334,-117.064252,457.990384,3.002898,0.953661
34650,33.578242,-117.064412,438.3404,33.578334,-117.064252,457.990987,3.001683,0.9534
34665,33.578243,-117.064411,438.48855,33.578334,-117.064252,457.991591,3.00044,0.953138
34680,33.578243,-117.064411,438.631586,33.578334,-117.064252,457.992194,2.999281,0.952877
34695,33.578244,-117.06441,438.780179,33.578334,-117.064252,457.992797,2.998001,0.952615
34710,33.578245,-117.06441,438.930161,33.578334,-117.064252,457.993401,2.99669,0.952354
34725,33.578245,-117.06441,439.076073,33.578334,-117.064252,457.994004,2.99545,0.952094
34740,33.578246,-117.064409,439.224929,33.578334,-117.064252,457.994607,2.994169,0.951833
34755,33.578247,-117.064409,439.368325,33.578334,-117.064252,457.995211,2.992931,0.951573
34770,33.578247,-117.064408,439.513595,33.578334,-117.064252,457.995814,2.99166,0.951312
34785,33.578248,-117.064408,439.653444,33.578334,-117.064252,457.996417,2.990479,0.951052
34800,33.578248,-117.064408,439.792174,33.578334,-117.064252,457.997021,2.989286,0.950792
34815,33.578249,-117.064407,439.928857,33.578334,-117.064252,457.997624,2.988087,0.950533
34830,33.57825,-117.064407,440.058857,33.578334,-117.064252,457.998227,2.986997,0.950273
34845,33.57825,-117.064406,440.193773,33.578334,-117.064252,457.998831,2.985832,0.950014
34860,33.578251,-117.064406,440.32732,33.578334,-117.064252,457.999434,2.984654,0.949755
34875,33.578251,-117.064405,440.459022,33.578334,-117.064252,458.000037,2.983468,0.949496
34890,33.578252,-117.064405,440.594698,33.578334,-117.064252,458.000641,2.982199,0.949237
34905,33.578253,-117.064405,440.727434,33.578334,-117.064252,458.001244,2.980996,0.948978
34920,33.578253,-117.064404,440.859421,33.578334,-117.064252,458.001847,2.979806,0.94872
34935,33.578254,-117.064404,440.993374,33.578334,-117.064252,458.002451,2.978544,0.948462
34950,33.578254,-117.064403,441.117118,33.578334,-117.064252,458.003054,2.977459,0.948204
34965,33.578255,-117.064403,441.244325,33.578334,-117.064252,458.003657,2.976302,0.947946
34980,33.578256,-117.064402,441.373095,33.578334,-117.064252,458.004261,2.975087,0.947688
34995,33.578256,-117.064402,441.500556,33.578334,-117.064252,458.004864,2.973852,0.947431
35010,33.578257,-117.064402,441.627618,33.578334,-117.064252,458.005467,2.972658,0.947173
35025,33.578257,-117.064401,441.744476,33.578334,-117.064252,458.006071,2.971637,0.946916
35040,33.578258,-117.064401,441.867251,33.578334,-117.064252,458.006674,2.970455,0.946659
35055,33.578258,-117.0644,441.986793,33.578334,-117.064252,458.007277,2.969316,0.946403
35070,33.578259,-117.0644,442.103259,33.578334,-117.064252,458.007881,2.968258,0.946146
35085,33.57826,-117.0644,442.221424,33.578334,-117.064252,458.008484,2.967097,0.94589
35100,33.57826,-117.064399,442.336452,33.578334,-117.064252,458.009087,2.966023,0.945634
35115,33.578261,-117.064399,442.447842,33.578334,-117.064252,458.009691,2.964994,0.945378
35130,33.578261,-117.064398,442.563618,33.578334,-117.064252,458.010294,2.963839,0.945122
35145,33.578262,-117.064398,442.679191,33.578334,-117.064252,458.010897,2.962662,0.944866
35160,33.578262,-117.064398,442.78975,33.578334,-117.064252,458.011501,2.961585,0.944611
35175,33.578263,-117.064397,442.899805,33.578334,-117.064252,458.012104,2.960501,0.944356
35190,33.578263,-117.064397,443.006883,33.578334,-117.064252,458.012707,2.959434,0.9441
35205,33.578264,-117.064396,443.11399,33.578334,-117.064252,458.013311,2.95832,0.943846
35220,33.578264,-117.064396,443.222619,33.578333,-117.064252,458.013914,2.957202,0.943591
35235,33.578265,-117.064395,443.324915,33.578333,-117.064252,458.014517,2.956207,0.943336
35250,33.578265,-117.064395,443.428291,33.578333,-117.064252,458.015121,2.955169,0.943082
35265,33.578266,-117.064395,443.53109,33.578333,-117.064252,458.015724,2.954104,0.942828
35280,33.578266,-117.064394,443.62617,33.578333,-117.064252,458.016327,2.95318,0.942574
35295,33.578267,-117.064394,443.72596,33.578333,-117.064252,458.01693,2.952113,0.94232
35310,33.578267,-117.064394,443.82305,33.578333,-117.064252,458.017534,2.951062,0.942067
35325,33.578268,-117.064393,443.918516,33.578333,-117.064252,458.018137,2.950037,0.941814
35340,33.578268,-117.064393,444.016318,33.578333,-117.064252,458.01874,2.948966,0.94156
35355,33.578269,-117.064392,444.109695,33.578333,-117.064252,458.019344,2.947947,0.941307
35370,33.578271,-117.064391,444.917079,33.578333,-117.064252,458.019947,2.9362,0.941055
35385,33.578272,-117.06439,445.69034,33.578333,-117.064252,458.02055,2.924972,0.940802
35400,33.578274,-117.064389,446.437563,33.578333,-117.064252,458.021154,2.914084,0.94055
35415,33.578276,-117.064388,447.152899,33.578333,-117.064252,458.021757,2.903624,0.940298
35430,33.578277,-117.064386,447.840912,33.578333,-117.064252,458.02236,2.893494,0.940046
35445,33.578279,-117.064385,448.496396,33.578333,-117.064252,458.022964,2.883857,0.939794
35460,33.57828,-117.064384,449.144905,33.578333,-117.064252,458.023567,2.874253,0.939542
35475,33.578281,-117.064383,449.803815,33.578333,-117.064252,458.02417,2.864215,0.939291
35490,33.578283,-117.064382,450.426233,33.578333,-117.064252,458.024774,2.854832,0.939039
35505,33.578284,-117.064381,451.034003,33.578333,-117.064252,458.025377,2.845677,0.938788
35520,33.578285,-117.06438,451.620268,33.578333,-117.064252,458.02598,2.836748,0.938537
35535,33.578287,-117.064379,452.18294,33.578333,-117.064252,458.026584,2.828108,0.938287
35550,33.578288,-117.064378,452.724966,33.578333,-117.064252,458.027187,2.819853,0.938036
35565,33.578289,-117.064377,453.260573,33.578333,-117.064252,458.02779,2.81161,0.937786
35580,33.57829,-117.064376,453.795274,33.578333,-117.064252,458.028394,2.803331,0.937536
35595,33.578291,-117.064375,454.296481,33.578333,-117.064252,458.028997,2.79559,0.937286
35610,33.578292,-117.064374,454.786651,33.578333,-117.064252,458.0296,2.787876,0.937036
35625,33.578293,-117.064374,455.277357,33.578333,-117.064252,458.030204,2.780148,0.936787
35640,33.578294,-117.064373,455.752173,33.578333,-117.064252,458.030807,2.772666,0.936538
35655,33.578295,-117.064372,456.191759,33.578333,-117.064252,458.03141,2.765863,0.936288
35670,33.578296,-117.064371,456.628245,33.578333,-117.064252,458.032014,2.759019,0.936039
35685,33.578297,-117.06437,457.054041,33.578333,-117.064252,458.032617,2.752295,0.935791
35700,33.578298,-117.06437,457.459569,33.578333,-117.064252,458.03322,2.745901,0.935542
35715,33.578299,-117.064369,457.864728,33.578333,-117.064252,458.033824,2.739449,0.935294
35730,33.5783,-117.064368,458.262634,33.578333,-117.064252,458.034427,2.733004,0.935046
35745,33.578301,-117.064367,458.644128,33.578333,-117.064252,458.03503,2.726896,0.934798
35760,33.578301,-117.064367,459.015874,33.578333,-117.064252,458.035634,2.72086,0.93455
35775,33.578302,-117.064366,459.369757,33.578333,-117.064252,458.036237,2.715162,0.934302
35790,33.578303,-117.064365,459.728431,33.578333,-117.064252,458.03684,2.709213,0.934055
35805,33.578304,-117.064365,460.077217,33.578333,-117.064252,458.037444,2.703498,0.933808
35820,33.578304,-117.064364,460.410851,33.578333,-117.064252,458.038047,2.698003,0.933561
35835,33.578305,-117.064363,460.738192,33.578333,-117.064252,458.03865,2.692537,0.933314
35850,33.578306,-117.064363,461.058564,33.578333,-117.064252,458.039254,2.687184,0.933067
35865,33.578306,-117.064362,461.377491,33.578333,-117.064252,458.039857,2.681795,0.932821
35880,33.578307,-117.064361,461.682871,33.578333,-117.064252,458.04046,2.676633,0.932575
35895,33.578307,-117.064361,461.989798,33.578333,-117.064252,458.041064,2.671246,0.932329
35910,33.578308,-117.06436,462.278036,33.578333,-117.064252,458.041667,2.666233,0.932083
35925,33.578309,-117.06436,462.559868,33.578333,-117.064252,458.04227,2.661274,0.931837
35940,33.578309,-117.064359,462.834633,33.578333,-117.064252,458.042874,2.656475,0.931592
35955,33.57831,-117.064358,463.109842,33.578333,-117.064252,458.043477,2.651598,0.931347
35970,33.57831,-117.064358,463.374293,33.578333,-117.064252,458.04408,2.646989,0.931102
35985,33.578311,-117.064357,463.636755,33.578333,-117.064252,458.044684,2.642314,0.930857
36000,33.578311,-117.064357,463.890513,33.578333,-117.064252,458.045287,2.637695,0.930612
36015,33.578312,-117.064356,464.133239,33.578332,-117.064252,458.04589,2.633363,0.930368
36030,33.578312,-117.064356,464.376231,33.578332,-117.064252,458.046494,2.628884,0.930123
36045,33.578313,-117.064355,464.616328,33.578332,-117.064252,458.047097,2.624425,0.929879
36060,33.578313,-117.064354,464.842349,33.578332,-117.064252,458.0477,2.620251,0.929635
36075,33.578313,-117.064354,465.071525,33.578332,-117.064252,458.048304,2.615879,0.929392
36090,33.578314,-117.064353,465.294142,33.578332,-117.064252,458.048907,2.611604,0.929148
36105,33.578314,-117.064353,465.510172,33.578332,-117.064252,458.04951,2.607521,0.928905
36120,33.578315,-117.064352,465.722792,33.578332,-117.064252,458.050114,2.603459,0.928662
36135,33.578315,-117.064352,465.930169,33.578332,-117.064252,458.050717,2.599401,0.928419
36150,33.578315,-117.064351,466.129522,33.578332,-117.064252,458.05132,2.595516,0.928176
36165,33.578316,-117.064351,466.323403,33.578332,-117.064252,458.051924,2.591731,0.927934
36180,33.578316,-117.06435,466.514564,33.578332,-117.064252,458.052527,2.587852,0.927692
36195,33.578316,-117.06435,466.702175,33.578332,-117.064252,458.05313,2.584034,0.92745
36210,33.578317,-117.064349,466.883765,33.578332,-117.064252,458.053734,2.580304,0.927208
36225,33.578317,-117.064349,467.057208,33.578332,-117.064252,458.054337,2.576767,0.926966
36240,33.578317,-117.064349,467.230184,33.578332,-117.064252,458.05494,2.573169,0.926725
36255,33.578317,-117.064348,467.394931,33.578332,-117.064252,458.055544,2.569648,0.926483
36270,33.578318,-117.064348,467.559851,33.578332,-117.064252,458.056147,2.566167,0.926242
36285,33.578318,-117.064347,467.721632,33.578332,-117.064252,458.05675,2.56271,0.926001
36300,33.578318,-117.064347,467.879864,33.578332,-117.064252,458.057354,2.5592,0.925761
36315,33.578318,-117.064346,468.029815,33.578332,-117.064252,458.057957,2.555891,0.92552
36330,33.578319,-117.064346,468.178325,33.578332,-117.064252,458.05856,2.552555,0.92528
36345,33.578319,-117.064346,468.325279,33.578332,-117.064252,458.059164,2.549184,0.92504
36360,33.578319,-117.064345,468.467648,33.578332,-117.064252,458.059767,2.545863,0.9248
36375,33.578319,-117.064345,468.606696,33.578332,-117.064252,458.06037,2.542559,0.92456
36390,33.578319,-117.064344,468.741587,33.578332,-117.064252,458.060974,2.539339,0.924321
36405,33.57832,-117.064344,468.875412,33.578332,-117.064252,458.061577,2.536093,0.924081
36420,33.57832,-117.064344,469.006626,33.578332,-117.064252,458.06218,2.532872,0.923842
36435,33.57832,-117.064343,469.13301,33.578332,-117.064252,458.062784,2.529804,0.923603
36450,33.57832,-117.064343,469.254988,33.578332,-117.064252,458.063387,2.526781,0.923365
36465,33.57832,-117.064342,469.377641,33.578332,-117.064252,458.06399,2.523661,0.923126
36480,33.57832,-117.064342,469.492928,33.578332,-117.064252,458.064594,2.520571,0.922888
36495,33.57832,-117.064342,469.60685,33.578332,-117.064252,458.065197,2.517544,0.92265
36510,33.57832,-117.064341,469.715228,33.578332,-117.064252,458.0658,2.514543,0.922412
36525,33.578321,-117.064341,469.818989,33.578332,-117.064252,458.066404,2.511646,0.922174
36540,33.578321,-117.064341,469.921957,33.578332,-117.064252,458.067007,2.508756,0.921937
36555,33.578321,-117.06434,470.020403,33.578332,-117.064252,458.06761,2.505859,0.9217
36570,33.578321,-117.06434,470.118721,33.578332,-117.064252,458.068214,2.503013,0.921463
36585,33.578321,-117.06434,470.216886,33.578332,-117.064252,458.068817,2.50009,0.921226
36600,33.578321,-117.064339,470.311512,33.578332,-117.064252,458.06942,2.497202,0.920989
36615,33.578321,-117.064339,470.40318,33.578332,-117.064252,458.070024,2.494396,0.920753
36630,33.578321,-117.064339,470.493415,33.578332,-117.064252,458.070627,2.491516,0.920516
36645,33.578321,-117.064338,470.579238,33.578332,-117.064252,458.07123,2.488753,0.92028
36660,33.578321,-117.064338,470.663755,33.578332,-117.064252,458.071834,2.485939,0.920044
36675,33.578321,-117.064338,470.74493,33.578332,-117.064252,458.072437,2.483115,0.919809
36690,33.578321,-117.064337,470.824232,33.578332,-117.064252,458.07304,2.48027,0.919573
36705,33.578321,-117.064337,470.900269,33.578332,-117.064252,458.073644,2.477383,0.919338
36720,33.578321,-117.064337,470.97335,33.578332,-117.064252,458.074247,2.474581,0.919103
36735,33.578321,-117.064336,471.044979,33.578332,-117.064252,458.07485,2.471763,0.918868
36750,33.578321,-117.064336,471.113838,33.578332,-117.064252,458.075454,2.468958,0.918634
36765,33.578321,-117.064336,471.179988,33.578332,-117.064252,458.076057,2.466209,0.918399
36780,33.578321,-117.064335,471.242225,33.578332,-117.064252,458.07666,2.463412,0.918165
36795,33.578321,-117.064335,471.303196,33.578331,-117.064252,458.077264,2.460708,0.917931
36810,33.578321,-117.064335,471.363002,33.578331,-117.064252,458.077867,2.457944,0.917697
36825,33.578321,-117.064335,471.419419,33.578331,-117.064252,458.07847,2.455158,0.917464
36840,33.578321,-117.064334,471.475303,33.578331,-117.064252,458.079074,2.452497,0.91723
36855,33.578321,-117.064334,471.528502,33.578331,-117.064252,458.079677,2.449893,0.916997
36870,33.578321,-117.064334,471.580656,33.578331,-117.064252,458.08028,2.447138,0.916764
36885,33.578321,-117.064333,471.630876,33.578331,-117.064252,458.080884,2.444398,0.916531
36900,33.578321,-117.064333,471.678285,33.578331,-117.064252,458.081487,2.441685,0.916299
36915,33.578321,-117.064333,471.722071,33.578331,-117.064252,458.08209,2.438892,0.916066
36930,33.57832,-117.064333,471.763596,33.578331,-117.064252,458.082694,2.436097,0.915834
36945,33.57832,-117.064332,471.80468,33.578331,-117.064252,458.083297,2.433392,0.915602
36960,33.57832,-117.064332,471.844024,33.578331,-117.064252,458.0839,2.430696,0.915371
36975,33.57832,-117.064332,471.879383,33.578331,-117.064252,458.084504,2.428023,0.915139
36990,33.57832,-117.064332,471.912981,33.578331,-117.064252,458.085107,2.425284,0.914908
37005,33.57832,-117.064331,471.944055,33.578331,-117.064252,458.08571,2.422448,0.914677
37020,33.57832,-117.064331,471.972871,33.578331,-117.064252,458.086314,2.419615,0.914446
37035,33.57832,-117.064331,472.001183,33.578331,-117.064252,458.086917,2.416803,0.914215
37050,33.578319,-117.06433,472.024246,33.578331,-117.064252,458.08752,2.41396,0.913984
37065,33.578319,-117.06433,472.045767,33.578331,-117.064252,458.088124,2.411184,0.913754
37080,33.578319,-117.06433,472.066217,33.578331,-117.064252,458.088727,2.408534,0.913524
37095,33.578319,-117.06433,472.084575,33.578331,-117.064252,458.08933,2.405806,0.913294
37110,33.578319,-117.06433,472.099633,33.578331,-117.064252,458.089934,2.402994,0.913065
37125,33.578318,-117.064329,472.113792,33.578331,-117.064252,458.090537,2.40024,0.912835
37140,33.578318,-117.064329,472.126678,33.578331,-117.064252,458.09114,2.397509,0.912606
37155,33.578318,-117.064329,472.135259,33.578331,-117.064252,458.091744,2.394723,0.912377
37170,33.578318,-117.064329,472.142744,33.578331,-117.064252,458.092347,2.391929,0.912148
37185,33.578318,-117.064328,472.147816,33.578331,-117.064252,458.09295,2.389041,0.911919
37200,33.578317,-117.064328,472.15048,33.578331,-117.064252,458.093554,2.386108,0.911691
37215,33.578317,-117.064328,472.153003,33.578331,-117.064252,458.094157,2.383332,0.911463
37230,33.578317,-117.064328,472.153095,33.578331,-117.064252,458.09476,2.380508,0.911235
37245,33.578317,-117.064327,472.149984,33.578331,-117.064252,458.095364,2.377562,0.911007
37260,33.578316,-117.064327,472.146224,33.578331,-117.064252,458.095967,2.374643,0.910779
37275,33.578316,-117.064327,472.140723,33.578331,-117.064252,458.09657,2.371776,0.910552
37290,33.578316,-117.064327,472.131006,33.578331,-117.064252,458.097174,2.368809,0.910325
37305,33.578316,-117.064327,472.120869,33.578331,-117.064252,458.097777,2.365912,0.910098
37320,33.578315,-117.064326,472.1103,33.578331,-117.064252,458.09838,2.363096,0.909871
37335,33.578315,-117.064326,472.16594,33.578331,-117.064252,458.098984,2.35979,0.909645
37350,33.578315,-117.064326,472.218368,33.578331,-117.064252,458.099587,2.356521,0.909418
37365,33.578314,-117.064325,472.268455,33.578331,-117.064252,458.10019,2.353205,0.909192
37380,33.578314,-117.064325,472.31818,33.578331,-117.064252,458.100794,2.349999,0.908966
37395,33.578314,-117.064324,472.365692,33.578331,-117.064252,458.101397,2.346696,0.908741
37410,33.578313,-117.064324,472.410815,33.578331,-117.064252,458.102,2.343535,0.908515
37425,33.578313,-117.064323,472.456034,33.578331,-117.064252,458.102604,2.340537,0.90829
37440,33.578313,-117.064323,472.49774,33.578331,-117.064252,458.103207,2.337355,0.908065
37455,33.578312,-117.064322,472.538025,33.578331,-117.064252,458.10381,2.334228,0.90784
37470,33.578312,-117.064322,472.575823,33.578331,-117.064252,458.104414,2.331113,0.907615
37485,33.578312,-117.064321,472.611068,33.578331,-117.064252,458.105017,2.327942,0.907391
37500,33.578311,-117.064321,472.645939,33.578331,-117.064252,458.10562,2.324825,0.907167
37515,33.578311,-117.064321,472.679813,33.578331,-117.064252,458.106224,2.321762,0.906943
37530,33.578311,-117.06432,472.713975,33.578331,-117.064252,458.106827,2.318663,0.906719
37545,33.57831,-117.06432,472.744246,33.578331,-117.064252,458.10743,2.315574,0.906495
37560,33.57831,-117.064319,472.774154,33.578331,-117.064252,458.108034,2.31255,0.906272
37575,33.57831,-117.064319,472.802811,33.578331,-117.064252,458.108637,2.309562,0.906049
37590,33.578309,-117.064318,472.830253,33.57833,-117.064252,458.10924,2.306615,0.905826
37605,33.578309,-117.064318,472.858135,33.57833,-117.064252,458.109844,2.303672,0.905603
37620,33.578308,-117.064318,472.885252,33.57833,-117.064252,458.110447,2.300842,0.905381
37635,33.578308,-117.064317,472.909379,33.57833,-117.064252,458.11105,2.297992,0.905159
37650,33.578308,-117.064317,472.933686,33.57833,-117.064252,458.111654,2.29529,0.904936
37665,33.578307,-117.064316,472.956801,33.57833,-117.064252,458.112257,2.292578,0.904715
37680,33.578307,-117.064316,472.979712,33.57833,-117.064252,458.11286,2.289861,0.904493
37695,33.578306,-117.064316,473.00161,33.57833,-117.064252,458.113464,2.287212,0.904272
37710,33.578306,-117.064315,473.021571,33.57833,-117.064252,458.114067,2.284491,0.90405
37725,33.578306,-117.064315,473.037965,33.57833,-117.064252,458.11467,2.281754,0.903829
37740,33.578305,-117.064315,473.055054,33.57833,-117.064252,458.115274,2.279044,0.903609
37755,33.578305,-117.064314,473.070826,33.57833,-117.064252,458.115877,2.276344,0.903388
37770,33.578304,-117.064314,473.084372,33.57833,-117.064252,458.11648,2.273665,0.903168
37785,33.578304,-117.064313,473.096114,33.57833,-117.064252,458.117084,2.270956,0.902947
37800,33.578303,-117.064313,473.108141,33.57833,-117.064252,458.117687,2.268364,0.902728
37815,33.578303,-117.064313,473.117621,33.57833,-117.064252,458.11829,2.26573,0.902508
37830,33.578302,-117.064312,473.125662,33.57833,-117.064252,458.118894,2.263114,0.902288
37845,33.578302,-117.064312,473.133979,33.57833,-117.064252,458.119497,2.260569,0.902069
37860,33.578302,-117.064312,473.139233,33.57833,-117.064252,458.1201,2.257921,0.90185
37875,33.578301,-117.064311,473.145586,33.57833,-117.064252,458.120704,2.255342,0.901631
37890,33.578301,-117.064311,473.152316,33.57833,-117.064252,458.121307,2.252858,0.901413
37905,33.5783,-117.064311,473.154997,33.57833,-117.064252,458.12191,2.250282,0.901194
37920,33.5783,-117.06431,473.156116,33.57833,-117.064252,458.122514,2.247762,0.900976
37935,33.578299,-117.06431,473.154997,33.57833,-117.064252,458.123117,2.245252,0.900758
37950,33.578299,-117.06431,473.154634,33.57833,-117.064252,458.12372,2.242796,0.90054
37965,33.578298,-117.064309,473.150271,33.57833,-117.064252,458.124324,2.240249,0.900323
37980,33.578298,-117.064309,473.145041,33.57833,-117.064252,458.124927,2.237676,0.900105
37995,33.578297,-117.064309,473.141284,33.57833,-117.064252,458.12553,2.235265,0.899888
38010,33.578297,-117.064308,473.1367,33.57833,-117.064252,458.126134,2.23293,0.899671
38025,33.578296,-117.064308,473.131391,33.57833,-117.064252,458.126737,2.230546,0.899455
38040,33.578296,-117.064308,473.124263,33.57833,-117.064252,458.12734,2.228134,0.899238
38055,33.578295,-117.064307,473.1173,33.57833,-117.064252,458.127944,2.225771,0.899022
38070,33.578295,-117.064307,473.108246,33.57833,-117.064252,458.128547,2.223388,0.898806
38085,33.578294,-117.064307,473.098678,33.57833,-117.064252,458.12915,2.221037,0.89859
38100,33.578294,-117.064306,473.088873,33.57833,-117.064252,458.129754,2.218722,0.898375
38115,33.578293,-117.064306,473.077498,33.57833,-117.064252,458.130357,2.216419,0.898159
38130,33.578293,-117.064306,473.064345,33.57833,-117.064252,458.13096,2.214116,0.897944
38145,33.578293,-117.064306,473.120538,33.57833,-117.064252,458.131564,2.213626,0.897729
38160,33.578293,-117.064305,473.175282,33.57833,-117.064252,458.132167,2.213154,0.897514
38175,33.578293,-117.064305,473.230129,33.57833,-117.064252,458.13277,2.212727,0.8973
38190,33.578293,-117.064305,473.283282,33.57833,-117.064252,458.133374,2.212339,0.897086
38205,33.578293,-117.064305,473.335594,33.57833,-117.064252,458.133977,2.211973,0.896872
38220,33.578293,-117.064304,473.387783,33.57833,-117.064252,458.13458,2.211613,0.896658
38235,33.578294,-117.064304,473.439507,33.57833,-117.064252,458.135184,2.211282,0.896444
38250,33.578294,-117.064304,473.489886,33.57833,-117.064252,458.135787,2.210956,0.896231
38265,33.578294,-117.064304,473.539587,33.57833,-117.064252,458.13639,2.210636,0.896018
38280,33.578294,-117.064304,473.588908,33.57833,-117.064252,458.136994,2.210323,0.895805
38295,33.578294,-117.064303,473.63784,33.57833,-117.064252,458.137597,2.210035,0.895592
38310,33.578294,-117.064303,473.685847,33.57833,-117.064252,458.1382,2.209782,0.895379
38325,33.578294,-117.064303,473.732936,33.57833,-117.064252,458.138804,2.209562,0.895167
38340,33.578294,-117.064303,473.779265,33.57833,-117.064252,458.139407,2.209378,0.894955
38355,33.578294,-117.064303,473.824975,33.57833,-117.064252,458.14001,2.20919,0.894743
38370,33.578295,-117.064303,473.870095,33.57833,-117.064252,458.140614,2.209017,0.894532
38385,33.578295,-117.064302,473.914285,33.578329,-117.064252,458.141217,2.208854,0.89432
38400,33.578295,-117.064302,473.957951,33.578329,-117.064252,458.14182,2.208688,0.894109
38415,33.578295,-117.064302,474.001297,33.578329,-117.064252,458.142424,2.208549,0.893898
38430,33.578295,-117.064302,474.044251,33.578329,-117.064252,458.143027,2.208421,0.893687
38445,33.578295,-117.064302,474.085612,33.578329,-117.064252,458.14363,2.208316,0.893477
38460,33.578295,-117.064301,474.12688,33.578329,-117.064252,458.144234,2.208224,0.893267
38475,33.578295,-117.064301,474.168429,33.578329,-117.064252,458.144837,2.208138,0.893056
38490,33.578295,-117.064301,474.207965,33.578329,-117.064252,458.14544,2.208067,0.892847
38505,33.578295,-117.064301,474.24738,33.578329,-117.064252,458.146044,2.208017,0.892637
38520,33.578296,-117.064301,474.286453,33.578329,-117.064252,458.146647,2.207976,0.892428
38535,33.578296,-117.064301,474.325197,33.578329,-117.064252,458.14725,2.207939,0.892218
38550,33.578296,-117.0643,474.362412,33.578329,-117.064252,458.147854,2.207927,0.892009
38565,33.578296,-117.0643,474.399995,33.578329,-117.064252,458.148457,2.207927,0.891801
38580,33.578296,-117.0643,474.43656,33.578329,-117.064252,458.14906,2.207952,0.891592
38595,33.578296,-117.0643,474.472391,33.578329,-117.064252,458.149664,2.207969,0.891384
38610,33.578296,-117.0643,474.508115,33.578329,-117.064252,458.150267,2.208015,0.891176
38625,33.578296,-117.0643,474.542939,33.578329,-117.064252,458.15087,2.208077,0.890968
38640,33.578296,-117.0643,474.576929,33.578329,-117.064252,458.151474,2.208131,0.89076
38655,33.578296,-117.064299,474.61076,33.578329,-117.064252,458.152077,2.20819,0.890553
38670,33.578296,-117.064299,474.644717,33.578329,-117.064252,458.15268,2.208265,0.890346
38685,33.578296,-117.064299,474.677687,33.578329,-117.064252,458.153284,2.208351,0.890139
38700,33.578296,-117.064299,474.709678,33.578329,-117.064252,458.153887,2.208445,0.889932
38715,33.578296,-117.064299,474.741795,33.578329,-117.064252,458.15449,2.208561,0.889726
38730,33.578297,-117.064299,474.773687,33.578329,-117.064252,458.155094,2.208681,0.889519
38745,33.578297,-117.064299,474.80474,33.578329,-117.064252,458.155697,2.208814,0.889313
38760,33.578297,-117.064298,474.834671,33.578329,-117.064252,458.1563,2.208952,0.889108
38775,33.578297,-117.064298,474.864172,33.578329,-117.064252,458.156904,2.209106,0.888902
38790,33.578297,-117.064298,474.893145,33.578329,-117.064252,458.157507,2.209279,0.888697
38805,33.578297,-117.064298,474.921938,33.578329,-117.064252,458.15811,2.209442,0.888492
38820,33.578297,-117.064298,474.950289,33.578329,-117.064252,458.158714,2.209622,0.888287
38835,33.578297,-117.064298,474.97804,33.578329,-117.064252,458.159317,2.209819,0.888082
38850,33.578297,-117.064298,475.005309,33.578329,-117.064252,458.15992,2.210011,0.887877
38865,33.578297,-117.064298,475.032464,33.578329,-117.064252,458.160524,2.210223,0.887673
38880,33.578297,-117.064297,475.05861,33.578329,-117.064252,458.161127,2.210446,0.887469
38895,33.578297,-117.064297,475.08459,33.578329,-117.064252,458.16173,2.210677,0.887265
38910,33.578297,-117.064297,475.110036,33.578329,-117.064252,458.162334,2.210913,0.887062
38925,33.578297,-117.064297,475.135249,33.578329,-117.064252,458.162937,2.211167,0.886859
38940,33.578297,-117.064297,475.160253,33.578329,-117.064252,458.16354,2.211426,0.886656
38955,33.578297,-117.064297,475.18473,33.578329,-117.064252,458.164144,2.211698,0.886453
38970,33.578297,-117.064297,475.209037,33.578329,-117.064252,458.164747,2.211959,0.88625
38985,33.578298,-117.064297,475.232863,33.578329,-117.064252,458.16535,2.212228,0.886048
39000,33.578298,-117.064297,475.255596,33.578329,-117.064252,458.165954,2.21251,0.885845
39015,33.578298,-117.064296,475.277549,33.578329,-117.064252,458.166557,2.212805,0.885643
39030,33.578298,-117.064296,475.299727,33.578329,-117.064252,458.16716,2.213105,0.885442
39045,33.578298,-117.064296,475.321349,33.578329,-117.064252,458.167764,2.213402,0.88524
39060,33.578298,-117.064296,475.342486,33.578329,-117.064252,458.168367,2.213703,0.885039
39075,33.578298,-117.064296,475.363222,33.578329,-117.064252,458.16897,2.214024,0.884838
39090,33.578298,-117.064296,475.383846,33.578329,-117.064252,458.169574,2.214354,0.884637
39105,33.578298,-117.064296,475.404096,33.578329,-117.064252,458.170177,2.214693,0.884437
39120,33.578298,-117.064296,475.423489,33.578329,-117.064252,458.17078,2.215047,0.884236
39135,33.578298,-117.064296,475.442845,33.578329,-117.064252,458.171384,2.215406,0.884036
39150,33.578298,-117.064296,475.461546,33.578329,-117.064252,458.171987,2.215768,0.883836
39165,33.578298,-117.064295,475.480069,33.578328,-117.064252,458.17259,2.216131,0.883636
39180,33.578298,-117.064295,475.498553,33.578328,-117.064252,458.173194,2.216496,0.883437
39195,33.578298,-117.064295,475.516149,33.578328,-117.064252,458.173797,2.21687,0.883238
39210,33.578298,-117.064295,475.533644,33.578328,-117.064252,458.1744,2.217245,0.883039
39225,33.578298,-117.064295,475.551105,33.578328,-117.064252,458.175004,2.217628,0.88284
39240,33.578298,-117.064295,475.567886,33.578328,-117.064252,458.175607,2.218014,0.882642
39255,33.578298,-117.064295,475.584401,33.578328,-117.064252,458.17621,2.218409,0.882443
39270,33.578298,-117.064295,475.600041,33.578328,-117.064252,458.176814,2.21882,0.882245
39285,33.578298,-117.064295,475.615676,33.578328,-117.064252,458.177417,2.219217,0.882047
39300,33.578298,-117.064295,475.630365,33.578328,-117.064252,458.17802,2.219617,0.88185
39315,33.578298,-117.064295,475.645033,33.578328,-117.064252,458.178624,2.220027,0.881652
39330,33.578298,-117.064295,475.659961,33.578328,-117.064252,458.179227,2.220444,0.881455
39345,33.578298,-117.064294,475.674244,33.578328,-117.064252,458.17983,2.220868,0.881258
39360,33.578298,-117.064294,475.687984,33.578328,-117.064252,458.180434,2.221305,0.881062
39375,33.578299,-117.064294,475.700831,33.578328,-117.064252,458.181037,2.221746,0.880865
39390,33.578299,-117.064294,475.714235,33.578328,-117.064252,458.18164,2.222186,0.880669
39405,33.578299,-117.064294,475.726667,33.578328,-117.064252,458.182244,2.222637,0.880473
39420,33.578299,-117.064294,475.739068,33.578328,-117.064252,458.182847,2.223085,0.880277
39435,33.578299,-117.064294,475.751249,33.578328,-117.064252,458.18345,2.223543,0.880082
39450,33.578299,-117.064294,475.762894,33.578328,-117.064252,458.184053,2.224011,0.879887
39465,33.578299,-117.064294,475.773833,33.578328,-117.064252,458.184657,2.22448,0.879692
39480,33.578299,-117.064294,475.796985,33.578328,-117.064252,458.18526,2.224844,0.879497
39495,33.578299,-117.064294,475.819498,33.578328,-117.064252,458.185863,2.225213,0.879302
39510,33.578299,-117.064294,475.841856,33.578328,-117.064252,458.186467,2.225589,0.879108
39525,33.578299,-117.064293,475.863145,33.578328,-117.064252,458.18707,2.225982,0.878914
39540,33.578299,-117.064293,475.884609,33.578328,-117.064252,458.187673,2.226369,0.87872
39555,33.578299,-117.064293,475.905147,33.578328,-117.064252,458.188277,2.226768,0.878526
39570,33.578299,-117.064293,475.925506,33.578328,-117.064252,458.18888,2.227163,0.878333
39585,33.578299,-117.064293,475.945348,33.578328,-117.064252,458.189483,2.227569,0.87814
39600,33.578299,-117.064293,475.965213,33.578328,-117.064252,458.190087,2.227971,0.877947
39615,33.578299,-117.064293,475.984955,33.578328,-117.064252,458.19069,2.228376,0.877754
39630,33.578299,-117.064293,476.004075,33.578328,-117.064252,458.191293,2.228782,0.877562
39645,33.578299,-117.064293,476.022618,33.578328,-117.064252,458.191897,2.229205,0.877369
39660,33.578299,-117.064292,476.041393,33.578328,-117.064252,458.1925,2.229628,0.877177
39675,33.578299,-117.064292,476.059404,33.578328,-117.064252,458.193103,2.230059,0.876986
39690,33.578299,-117.064292,476.077045,33.578328,-117.064252,458.193707,2.230492,0.876794
39705,33.578299,-117.064292,476.094513,33.578328,-117.064252,458.19431,2.230921,0.876603
39720,33.578299,-117.064292,476.111856,33.578328,-117.064252,458.194913,2.231356,0.876412
39735,33.578299,-117.064292,476.128306,33.578328,-117.064252,458.195517,2.231797,0.876221
39750,33.578299,-117.064292,476.150238,33.578328,-117.064252,458.19612,2.232382,0.87603
39765,33.578299,-117.064292,476.172136,33.578328,-117.064252,458.196723,2.232969,0.87584
39780,33.578299,-117.064292,476.193915,33.578328,-117.064252,458.197327,2.233563,0.87565
39795,33.578299,-117.064292,476.215299,33.578328,-117.064252,458.19793,2.234159,0.87546
39810,33.578299,-117.064292,476.23638,33.578328,-117.064252,458.198533,2.234762,0.87527
39825,33.578298,-117.064292,476.257162,33.578328,-117.064252,458.199137,2.235372,0.875081
39840,33.578298,-117.064292,476.277952,33.578328,-117.064252,458.19974,2.235978,0.874892
39855,33.578298,-117.064292,476.298332,33.578328,-117.064252,458.200343,2.236593,0.874703
39870,33.578298,-117.064292,476.318578,33.578328,-117.064252,458.200947,2.237209,0.874514
39885,33.578298,-117.064291,476.338683,33.578328,-117.064252,458.20155,2.237827,0.874326
39900,33.578298,-117.064291,476.358502,33.578328,-117.064252,458.202153,2.238444,0.874137
39915,33.578298,-117.064291,476.378015,33.578328,-117.064252,458.202757,2.239069,0.873949
39930,33.578298,-117.064291,476.397465,33.578328,-117.064252,458.20336,2.239695,0.873762
39945,33.578298,-117.064291,476.416529,33.578328,-117.064252,458.203963,2.240327,0.873574
39960,33.578298,-117.064291,476.435266,33.578327,-117.064252,458.204567,2.240963,0.873387
39975,33.578298,-117.064291,476.453828,33.578327,-117.064252,458.20517,2.241601,0.8732
39990,33.578298,-117.064291,476.472255,33.578327,-117.064252,458.205773,2.242233,0.873013
40005,33.578298,-117.064291,476.490503,33.578327,-117.064252,458.206377,2.242876,0.872826
40020,33.578298,-117.064291,476.508651,33.578327,-117.064252,458.20698,2.243527,0.87264
40035,33.578298,-117.064291,476.526448,33.578327,-117.064252,458.207583,2.244176,0.872454
40050,33.578298,-117.064291,476.543855,33.578327,-117.064252,458.208187,2.24483,0.872268
40065,33.578298,-117.064291,476.561179,33.578327,-117.064252,458.20879,2.245484,0.872083
40080,33.578297,-117.064291,476.578145,33.578327,-117.064252,458.209393,2.246143,0.871897
40095,33.578297,-117.064291,476.594997,33.578327,-117.064252,458.209997,2.246801,0.871712
40110,33.578297,-117.064291,476.611525,33.578327,-117.064252,458.2106,2.247458,0.871527
40125,33.578297,-117.064291,476.628022,33.578327,-117.064252,458.211203,2.24812,0.871343
40140,33.578297,-117.064291,476.644188,33.578327,-117.064252,458.211807,2.248786,0.871158
40155,33.578297,-117.064291,476.659962,33.578327,-117.064252,458.21241,2.249451,0.870974
40170,33.578297,-117.064291,476.675419,33.578327,-117.064252,458.213013,2.250115,0.87079
40185,33.578297,-117.064291,476.690588,33.578327,-117.064252,458.213617,2.250784,0.870606
40200,33.578297,-117.064291,476.705833,33.578327,-117.064252,458.21422,2.25145,0.870423
40215,33.578297,-117.064291,476.720856,33.578327,-117.064252,458.214823,2.252123,0.87024
40230,33.578297,-117.064291,476.735672,33.578327,-117.064252,458.215427,2.252799,0.870057
40245,33.578297,-117.064291,476.750131,33.578327,-117.064252,458.21603,2.253479,0.869874
40260,33.578297,-117.064291,476.764406,33.578327,-117.064252,458.216633,2.254162,0.869692
40275,33.578297,-117.064291,476.778491,33.578327,-117.064252,458.217237,2.254844,0.869509
40290,33.578297,-117.064291,476.792279,33.578327,-117.064252,458.21784,2.255524,0.869327
40305,33.578296,-117.064291,476.805961,33.578327,-117.064252,458.218443,2.256203,0.869146
40320,33.578296,-117.064291,476.819519,33.578327,-117.064252,458.219047,2.256886,0.868964
40335,33.578296,-117.064291,476.832719,33.578327,-117.064252,458.21965,2.257573,0.868783
40350,33.578296,-117.064291,476.84552,33.578327,-117.064252,458.220253,2.258264,0.868602
40365,33.578296,-117.064291,476.857941,33.578327,-117.064252,458.220857,2.25896,0.868421
40380,33.578296,-117.064291,476.87021,33.578327,-117.064252,458.22146,2.259667,0.86824
40395,33.578296,-117.064291,476.882118,33.578327,-117.064252,458.222063,2.260375,0.86806
40410,33.578296,-117.064291,476.893688,33.578327,-117.064252,458.222667,2.261085,0.86788
40425,33.578296,-117.064291,476.905194,33.578327,-117.064252,458.22327,2.261788,0.8677
40440,33.578296,-117.064291,476.916503,33.578327,-117.064252,458.223873,2.262491,0.867521
40455,33.578296,-117.064291,476.927722,33.578327,-117.064252,458.224477,2.26319,0.867341
40470,33.578296,-117.064291,476.938605,33.578327,-117.064252,458.22508,2.263893,0.867162
40485,33.578296,-117.064291,476.9494,33.578327,-117.064252,458.225683,2.264596,0.866983
40500,33.578295,-117.064291,476.960019,33.578327,-117.064252,458.226287,2.265302,0.866805
40515,33.578295,-117.064291,476.970238,33.578327,-117.064252,458.22689,2.266008,0.866626
40530,33.578295,-117.064291,476.980322,33.578327,-117.064252,458.227493,2.266721,0.866448
40545,33.578295,-117.064291,476.990155,33.578327,-117.064252,458.228097,2.267431,0.86627
40560,33.578295,-117.064291,476.999629,33.578327,-117.064252,458.2287,2.268139,0.866093
40575,33.578295,-117.064291,477.008938,33.578327,-117.064252,458.229303,2.26885,0.865915
40590,33.578295,-117.064291,477.01811,33.578327,-117.064252,458.229907,2.269565,0.865738
40605,33.578295,-117.064291,477.026981,33.578327,-117.064252,458.23051,2.270279,0.865561
40620,33.578295,-117.064291,477.035453,33.578327,-117.064252,458.231113,2.270993,0.865385
40635,33.578295,-117.064291,477.0435,33.578327,-117.064252,458.231717,2.271702,0.865208
40650,33.578295,-117.064291,477.051406,33.578327,-117.064252,458.23232,2.272414,0.865032
40665,33.578295,-117.064291,477.059216,33.578327,-117.064252,458.232923,2.273129,0.864856
40680,33.578295,-117.064291,477.066907,33.578327,-117.064252,458.233527,2.273844,0.86468
40695,33.578294,-117.064291,477.074318,33.578327,-117.064252,458.23413,2.274565,0.864505
40710,33.578294,-117.064291,477.081359,33.578327,-117.064252,458.234733,2.275285,0.86433
40725,33.578294,-117.064291,477.088028,33.578327,-117.064252,458.235337,2.276004,0.864155
40740,33.578294,-117.064291,477.094433,33.578327,-117.064252,458.23594,2.276722,0.86398
40755,33.578294,-117.064291,477.100804,33.578326,-117.064252,458.236543,2.277441,0.863806
40770,33.578294,-117.064291,477.106984,33.578326,-117.064252,458.237147,2.27816,0.863632
40785,33.578294,-117.064291,477.1129,33.578326,-117.064252,458.23775,2.278881,0.863458
40800,33.578294,-117.064291,477.1185,33.578326,-117.064252,458.238353,2.2796,0.863284
40815,33.578294,-117.064291,477.123998,33.578326,-117.064252,458.238957,2.280325,0.86311
40830,33.578294,-117.064291,477.129141,33.578326,-117.064252,458.23956,2.281051,0.862937
40845,33.578294,-117.064291,477.134082,33.578326,-117.064252,458.240163,2.281778,0.862764
40860,33.578294,-117.064291,477.138768,33.578326,-117.064252,458.240767,2.282505,0.862592
40875,33.578293,-117.064291,477.143113,33.578326,-117.064252,458.24137,2.283234,0.862419
40890,33.578293,-117.064291,477.147118,33.578326,-117.064252,458.241973,2.28396,0.862247
40905,33.578293,-117.064291,477.150965,33.578326,-117.064252,458.242577,2.284687,0.862075
40920,33.578293,-117.064291,477.154618,33.578326,-117.064252,458.24318,2.285409,0.861903
40935,33.578293,-117.064291,477.158055,33.578326,-117.064252,458.243783,2.286133,0.861732
40950,33.578293,-117.064291,477.16113,33.578326,-117.064252,458.244387,2.286857,0.86156
40965,33.578293,-117.064291,477.163906,33.578326,-117.064252,458.24499,2.287582,0.861389
40980,33.578293,-117.064291,477.166471,33.578326,-117.064252,458.245593,2.288306,0.861219
40995,33.578293,-117.064291,477.168742,33.578326,-117.064252,458.246197,2.289031,0.861048
41010,33.578293,-117.064291,477.17063,33.578326,-117.064252,458.2468,2.289756,0.860878
41025,33.578293,-117.064291,477.172349,33.578326,-117.064252,458.247403,2.290482,0.860708
41040,33.578292,-117.064291,477.173974,33.578326,-117.064252,458.248007,2.291209,0.860538
41055,33.578292,-117.064291,477.175294,33.578326,-117.064252,458.24861,2.291936,0.860369
41070,33.578292,-117.064291,477.184208,33.578326,-117.064252,458.249213,2.292684,0.860199
41085,33.578292,-117.064291,477.192986,33.578326,-117.064252,458.249817,2.293432,0.86003
41100,33.578292,-117.064291,477.200958,33.578326,-117.064252,458.25042,2.294176,0.859862
41115,33.578292,-117.064291,477.208714,33.578326,-117.064252,458.251023,2.294923,0.859693
41130,33.578292,-117.064291,477.216634,33.578326,-117.064252,458.251627,2.295683,0.859525
41145,33.578292,-117.064291,477.223848,33.578326,-117.064252,458.25223,2.296424,0.859357
41160,33.578292,-117.064291,477.23117,33.578326,-117.064252,458.252833,2.297188,0.859189
41175,33.578292,-117.064291,477.237965,33.578326,-117.064252,458.253437,2.297937,0.859022
41190,33.578292,-117.064291,477.244646,33.578326,-117.064252,458.25404,2.298695,0.858854
41205,33.578292,-117.064291,477.250713,33.578326,-117.064252,458.254643,2.299443,0.858687
41220,33.578292,-117.064291,477.256663,33.578326,-117.064252,458.255247,2.300202,0.858521
41235,33.578292,-117.064291,477.262199,33.578326,-117.064252,458.25585,2.300955,0.858354
41250,33.578292,-117.06429,477.267651,33.578326,-117.064252,458.256453,2.301713,0.858188
41265,33.578292,-117.06429,477.27251,33.578326,-117.064252,458.257057,2.302473,0.858022
41280,33.578292,-117.06429,477.277329,33.578326,-117.064252,458.25766,2.303237,0.857856
41295,33.578292,-117.06429,477.281546,33.578326,-117.064252,458.258263,2.303987,0.857691
41310,33.578292,-117.064291,477.313491,33.578326,-117.064252,458.258867,2.304469,0.857525
41325,33.578292,-117.064291,477.345291,33.578326,-117.064252,458.25947,2.304953,0.85736
41340,33.578292,-117.064291,477.376572,33.578326,-117.064252,458.260073,2.305439,0.857196
41355,33.578292,-117.064291,477.407678,33.578326,-117.064252,458.260677,2.305934,0.857031
41370,33.578292,-117.064291,477.43817,33.578326,-117.064252,458.26128,2.306432,0.856867
41385,33.578292,-117.064291,477.468658,33.578326,-117.064252,458.261883,2.306931,0.856703
41400,33.578292,-117.064291,477.498408,33.578326,-117.064252,458.262487,2.307434,0.856539
41415,33.578292,-117.064291,477.527868,33.578326,-117.064252,458.26309,2.307939,0.856376
41430,33.578293,-117.064291,477.55696,33.578326,-117.064252,458.263693,2.308452,0.856212
41445,33.578293,-117.064291,477.585305,33.578326,-117.064252,458.264297,2.308972,0.856049
41460,33.578293,-117.064291,477.613386,33.578326,-117.064252,458.2649,2.309484,0.855887
41475,33.578293,-117.064291,477.641608,33.578326,-117.064252,458.265503,2.309999,0.855724
41490,33.578293,-117.064291,477.669279,33.578326,-117.064252,458.266107,2.31053,0.855562
41505,33.578293,-117.064291,477.696509,33.578326,-117.064252,458.26671,2.311058,0.8554
41520,33.578293,-117.064292,477.72366,33.578326,-117.064252,458.267313,2.311583,0.855238
41535,33.578293,-117.064292,477.750529,33.578325,-117.064252,458.267917,2.312112,0.855077
41550,33.578293,-117.064292,477.777162,33.578325,-117.064252,458.26852,2.31265,0.854916
41565,33.578293,-117.064292,477.803481,33.578325,-117.064252,458.269123,2.313185,0.854755
41580,33.578293,-117.064292,477.828916,33.578325,-117.064252,458.269727,2.313722,0.854594
41595,33.578293,-117.064292,477.853935,33.578325,-117.064252,458.27033,2.314259,0.854434
41610,33.578293,-117.064292,477.878699,33.578325,-117.064252,458.270933,2.314804,0.854273
41625,33.578293,-117.064292,477.903375,33.578325,-117.064252,458.271537,2.315358,0.854113
41640,33.578293,-117.064292,477.92787,33.578325,-117.064252,458.27214,2.315907,0.853954
41655,33.578293,-117.064292,477.951665,33.578325,-117.064252,458.272743,2.316452,0.853794
41670,33.578293,-117.064292,477.975093,33.578325,-117.064252,458.273347,2.317005,0.853635
41685,33.578293,-117.064292,477.998037,33.578325,-117.064252,458.27395,2.317563,0.853476
41700,33.578293,-117.064292,478.020577,33.578325,-117.064252,458.274553,2.318122,0.853318
41715,33.578293,-117.064292,478.042828,33.578325,-117.064252,458.275157,2.318681,0.853159
41730,33.578293,-117.064293,478.064334,33.578325,-117.064252,458.27576,2.319247,0.853001
41745,33.578293,-117.064293,478.085332,33.578325,-117.064252,458.276363,2.319811,0.852843
41760,33.578293,-117.064293,478.106263,33.578325,-117.064252,458.276967,2.320381,0.852685
41775,33.578293,-117.064293,478.126631,33.578325,-117.064252,458.27757,2.320957,0.852528
41790,33.578293,-117.064293,478.146608,33.578325,-117.064252,458.278173,2.321532,0.852371
41805,33.578294,-117.064293,478.166357,33.578325,-117.064252,458.278777,2.322112,0.852214
41820,33.578294,-117.064293,478.185486,33.578325,-117.064252,458.27938,2.322687,0.852057
41835,33.578294,-117.064293,478.204003,33.578325,-117.064252,458.279983,2.323265,0.851901
41850,33.578294,-117.064293,478.222138,33.578325,-117.064252,458.280587,2.323846,0.851745
41865,33.578294,-117.064293,478.240217,33.578325,-117.064252,458.28119,2.324426,0.851589
41880,33.578294,-117.064293,478.258111,33.578325,-117.064252,458.281793,2.32501,0.851434
41895,33.578294,-117.064293,478.275841,33.578325,-117.064252,458.282397,2.325594,0.851278
41910,33.578294,-117.064293,478.293031,33.578325,-117.064252,458.283,2.32618,0.851123
41925,33.578294,-117.064293,478.309455,33.578325,-117.064252,458.283603,2.326768,0.850968
41940,33.578294,-117.064293,478.325569,33.578325,-117.064252,458.284207,2.327365,0.850814
41955,33.578294,-117.064294,478.341411,33.578325,-117.064252,458.28481,2.327953,0.850659
41970,33.578294,-117.064294,478.357043,33.578325,-117.064252,458.285413,2.328549,0.850505
41985,33.578294,-117.064294,478.372079,33.578325,-117.064252,458.286017,2.329146,0.850352
42000,33.578294,-117.064294,478.386384,33.578325,-117.064252,458.28662,2.32975,0.850198
42015,33.578294,-117.064294,478.400372,33.578325,-117.064252,458.287223,2.330354,0.850045
42030,33.578294,-117.064294,478.413838,33.578325,-117.064252,458.287827,2.330963,0.849892
42045,33.578294,-117.064294,478.427003,33.578325,-117.064252,458.28843,2.331569,0.849739
42060,33.578294,-117.064294,478.439923,33.578325,-117.064252,458.289033,2.332183,0.849586
42075,33.578294,-117.064294,478.45263,33.578325,-117.064252,458.289637,2.332796,0.849434
42090,33.578294,-117.064294,478.464642,33.578325,-117.064252,458.29024,2.333409,0.849282
42105,33.578294,-117.064294,478.475987,33.578325,-117.064252,458.290843,2.334023,0.849131
42120,33.578294,-117.064294,478.486815,33.578325,-117.064252,458.291447,2.334635,0.848979
42135,33.578295,-117.064294,478.4972,33.578325,-117.064252,458.29205,2.335255,0.848828
42150,33.578295,-117.064294,478.507377,33.578325,-117.064252,458.292653,2.335875,0.848677
42165,33.578295,-117.064294,478.517113,33.578325,-117.064252,458.293257,2.336502,0.848526
42180,33.578295,-117.064295,478.526482,33.578325,-117.064252,458.29386,2.33713,0.848376
42195,33.578295,-117.064295,478.535207,33.578325,-117.064252,458.294463,2.337759,0.848226
42210,33.578295,-117.064295,478.54352,33.578325,-117.064252,458.295067,2.338385,0.848076
42225,33.578295,-117.064295,478.55167,33.578325,-117.064252,458.29567,2.339009,0.847926
42240,33.578295,-117.064295,478.559521,33.578325,-117.064252,458.296273,2.339629,0.847777
42255,33.578295,-117.064295,478.566757,33.578325,-117.064252,458.296877,2.34025,0.847628
42270,33.578295,-117.064295,478.573287,33.578325,-117.064252,458.29748,2.340879,0.847479
42285,33.578295,-117.064295,478.579057,33.578325,-117.064252,458.298083,2.341507,0.84733
42300,33.578295,-117.064295,478.584791,33.578325,-117.064252,458.298687,2.342136,0.847182
42315,33.578295,-117.064295,478.590066,33.578325,-117.064252,458.29929,2.342765,0.847034
42330,33.578295,-117.064295,478.595148,33.578324,-117.064252,458.299893,2.343392,0.846886
42345,33.578295,-117.064295,478.599579,33.578324,-117.064252,458.300497,2.344019,0.846738
42360,33.578295,-117.064295,478.603724,33.578324,-117.064252,458.3011,2.344648,0.846591
42375,33.578295,-117.064295,478.607566,33.578324,-117.064252,458.301703,2.345277,0.846444
42390,33.578295,-117.064295,478.610619,33.578324,-117.064252,458.302307,2.345909,0.846297
42405,33.578295,-117.064296,478.613323,33.578324,-117.064252,458.30291,2.346539,0.846151
42420,33.578295,-117.064296,478.615432,33.578324,-117.064252,458.303513,2.34717,0.846004
42435,33.578296,-117.064296,478.617278,33.578324,-117.064252,458.304117,2.347798,0.845858
42450,33.578296,-117.064296,478.618696,33.578324,-117.064252,458.30472,2.348422,0.845713
42465,33.578296,-117.064296,478.619183,33.578324,-117.064252,458.305323,2.349052,0.845567
42480,33.578296,-117.064296,478.619565,33.578324,-117.064252,458.305927,2.34968,0.845422
42495,33.578296,-117.064296,478.619272,33.578324,-117.064252,458.30653,2.350308,0.845277
42510,33.578296,-117.064296,478.618765,33.578324,-117.064252,458.307133,2.350937,0.845132
42525,33.578296,-117.064296,478.617754,33.578324,-117.064252,458.307737,2.351566,0.844988
42540,33.578296,-117.064296,478.616592,33.578324,-117.064252,458.30834,2.352192,0.844844
42555,33.578296,-117.064296,478.614668,33.578324,-117.064252,458.308943,2.352822,0.8447
42570,33.578296,-117.064296,478.612288,33.578324,-117.064252,458.309547,2.353447,0.844556
42585,33.578296,-117.064296,478.609093,33.578324,-117.064252,458.31015,2.354074,0.844413
42600,33.578296,-117.064296,478.605472,33.578324,-117.064252,458.310753,2.354701,0.84427
42615,33.578296,-117.064297,478.601541,33.578324,-117.064252,458.311357,2.35533,0.844127
42630,33.578296,-117.064297,478.596945,33.578324,-117.064252,458.31196,2.355955,0.843984
42645,33.578296,-117.064297,478.592112,33.578324,-117.064252,458.312563,2.356578,0.843842
42660,33.578296,-117.064297,478.586619,33.578324,-117.064252,458.313167,2.3572,0.8437
42675,33.578297,-117.064297,478.580471,33.578324,-117.064252,458.31377,2.357819,0.843558
42690,33.578297,-117.064297,478.573728,33.578324,-117.064252,458.314373,2.358439,0.843417
42705,33.578297,-117.064297,478.566441,33.578324,-117.064252,458.314977,2.359061,0.843275
42720,33.578297,-117.064297,478.558563,33.578324,-117.064252,458.31558,2.359683,0.843134
42735,33.578297,-117.064297,478.550434,33.578324,-117.064252,458.316183,2.360305,0.842994
42750,33.578297,-117.064297,478.542013,33.578324,-117.064252,458.316787,2.360923,0.842853
42765,33.578297,-117.064297,478.532861,33.578324,-117.064252,458.31739,2.361536,0.842713
42780,33.578297,-117.064297,478.523244,33.578324,-117.064252,458.317993,2.362149,0.842573
42795,33.578297,-117.064297,478.512757,33.578324,-117.064252,458.318597,2.362763,0.842433
42810,33.578297,-117.064297,478.501977,33.578324,-117.064252,458.3192,2.363375,0.842294
42825,33.578297,-117.064298,478.490372,33.578324,-117.064252,458.319803,2.363985,0.842155
42840,33.578297,-117.064298,478.478433,33.578324,-117.064252,458.320407,2.364594,0.842016
42855,33.578297,-117.064298,478.466167,33.578324,-117.064252,458.32101,2.3652,0.841877
42870,33.578297,-117.064298,478.45326,33.578324,-117.064252,458.321613,2.365808,0.841739
42885,33.578298,-117.064298,478.439666,33.578324,-117.064252,458.322217,2.366415,0.841601
42900,33.578298,-117.064298,478.425369,33.578324,-117.064252,458.32282,2.367017,0.841463
42915,33.578298,-117.064298,478.410551,33.578324,-117.064252,458.323423,2.367619,0.841326
42930,33.578298,-117.064298,478.395244,33.578324,-117.064252,458.324027,2.368224,0.841188
42945,33.578298,-117.064298,478.379736,33.578324,-117.064252,458.32463,2.368826,0.841051
42960,33.578298,-117.064298,478.363397,33.578324,-117.064252,458.325233,2.369423,0.840915
42975,33.578298,-117.064298,478.346543,33.578324,-117.064252,458.325837,2.37002,0.840778
42990,33.578298,-117.064298,478.329335,33.578324,-117.064252,458.32644,2.370619,0.840642
43005,33.578298,-117.064298,478.311377,33.578324,-117.064252,458.327043,2.371218,0.840506
43020,33.578298,-117.064298,478.292739,33.578324,-117.064252,458.327647,2.371812,0.84037
43035,33.578298,-117.064299,478.273511,33.578324,-117.064252,458.32825,2.372404,0.840235
43050,33.578298,-117.064299,478.25386,33.578324,-117.064252,458.328853,2.372995,0.8401
43065,33.578299,-117.064299,478.233772,33.578324,-117.064252,458.329457,2.373586,0.839965
43080,33.578299,-117.064299,478.213137,33.578324,-117.064252,458.33006,2.374171,0.83983
43095,33.578299,-117.064299,478.191655,33.578324,-117.064252,458.330663,2.374756,0.839696
43110,33.578299,-117.064299,478.169693,33.578324,-117.064252,458.331267,2.375336,0.839562
43125,33.578299,-117.064299,478.147327,33.578323,-117.064252,458.33187,2.375916,0.839428
43140,33.578299,-117.064299,478.124481,33.578323,-117.064252,458.332473,2.376502,0.839294
43155,33.578299,-117.064299,478.100889,33.578323,-117.064252,458.333077,2.377079,0.839161
43170,33.578299,-117.064299,478.076691,33.578323,-117.064252,458.33368,2.377652,0.839028
43185,33.578299,-117.064299,478.052012,33.578323,-117.064252,458.334283,2.378226,0.838895
43200,33.578299,-117.064299,478.02651,33.578323,-117.064252,458.334887,2.378788,0.838763
43215,33.578299,-117.0643,478.000587,33.578323,-117.064252,458.33549,2.379352,0.838631
43230,33.5783,-117.0643,477.973982,33.578323,-117.064252,458.336093,2.379917,0.838499
43245,33.5783,-117.0643,477.946982,33.578323,-117.064252,458.336697,2.380477,0.838367
43260,33.5783,-117.0643,477.919469,33.578323,-117.064252,458.3373,2.381034,0.838236
43275,33.5783,-117.0643,477.891285,33.578323,-117.064252,458.337903,2.381589,0.838105
43290,33.5783,-117.0643,477.86216,33.578323,-117.064253,458.338507,2.382139,0.837974
43305,33.5783,-117.0643,477.83231,33.578323,-117.064253,458.33911,2.382683,0.837843
43320,33.5783,-117.0643,477.801807,33.578323,-117.064253,458.339713,2.383225,0.837713
43335,33.5783,-117.0643,477.770464,33.578323,-117.064253,458.340317,2.38377,0.837583
43350,33.5783,-117.0643,477.739242,33.578323,-117.064253,458.34092,2.384315,0.837453
43365,33.5783,-117.0643,477.707401,33.578323,-117.064253,458.341523,2.384855,0.837324
43380,33.578301,-117.0643,477.675138,33.578323,-117.064253,458.342127,2.38539,0.837194
43395,33.578301,-117.064301,477.642307,33.578323,-117.064253,458.34273,2.385924,0.837065
43410,33.578301,-117.064301,477.608156,33.578323,-117.064253,458.343333,2.386452,0.836937
43425,33.578301,-117.064301,477.573231,33.578323,-117.064253,458.343937,2.386979,0.836808
43440,33.578301,-117.064301,477.537951,33.578323,-117.064253,458.34454,2.387506,0.83668
43455,33.578301,-117.064301,477.502096,33.578323,-117.064253,458.345143,2.388026,0.836552
43470,33.578301,-117.064301,477.465108,33.578323,-117.064253,458.345747,2.38854,0.836425
43485,33.578301,-117.064301,477.427935,33.578323,-117.064253,458.34635,2.389047,0.836297
43500,33.578301,-117.064301,477.390239,33.578323,-117.064253,458.346953,2.389547,0.83617
43515,33.578302,-117.064301,477.351325,33.578323,-117.064253,458.347557,2.390045,0.836043
43530,33.578302,-117.064301,477.311711,33.578323,-117.064253,458.34816,2.390541,0.835917
43545,33.578302,-117.064302,477.271006,33.578323,-117.064253,458.348763,2.391024,0.835791
43560,33.578302,-117.064302,477.229961,33.578323,-117.064253,458.349367,2.391506,0.835665
43575,33.578302,-117.064302,477.188421,33.578323,-117.064253,458.34997,2.391993,0.835539
43590,33.578302,-117.064302,477.145942,33.578323,-117.064253,458.350573,2.392478,0.835414
43605,33.578302,-117.064302,477.102846,33.578323,-117.064253,458.351177,2.392946,0.835288
43620,33.578302,-117.064302,477.05873,33.578323,-117.064253,458.35178,2.393404,0.835164
43635,33.578303,-117.064302,477.014104,33.578323,-117.064253,458.352383,2.393863,0.835039
43650,33.578303,-117.064302,476.968948,33.578323,-117.064253,458.352987,2.394321,0.834915
43665,33.578303,-117.064302,476.923128,33.578323,-117.064253,458.35359,2.394778,0.83479
43680,33.578303,-117.064302,476.875916,33.578323,-117.064253,458.354193,2.395226,0.834667
43695,33.578303,-117.064303,476.828286,33.578323,-117.064253,458.354797,2.395664,0.834543
43710,33.578303,-117.064303,476.780241,33.578323,-117.064253,458.3554,2.396102,0.83442
43725,33.578303,-117.064303,476.731208,33.578323,-117.064253,458.356003,2.396532,0.834297
43740,33.578304,-117.064303,476.681118,33.578323,-117.064253,458.356607,2.396955,0.834174
43755,33.578304,-117.064303,476.630349,33.578323,-117.064253,458.35721,2.39737,0.834052
43770,33.578304,-117.064303,476.579168,33.578323,-117.064253,458.357813,2.397785,0.83393
43785,33.578304,-117.064303,476.527228,33.578323,-117.064253,458.358417,2.398192,0.833808
43800,33.578304,-117.064303,476.4747,33.578323,-117.064253,458.35902,2.398595,0.833686
43815,33.578304,-117.064303,476.421677,33.578323,-117.064253,458.359623,2.399002,0.833565
43830,33.578304,-117.064304,476.367669,33.578323,-117.064253,458.360227,2.399401,0.833444
43845,33.578305,-117.064304,476.312534,33.578323,-117.064253,458.36083,2.399792,0.833323
43860,33.578305,-117.064304,476.257761,33.578323,-117.064253,458.361433,2.400178,0.833202
43875,33.578305,-117.064304,476.201314,33.578323,-117.064253,458.362037,2.400556,0.833082
43890,33.578305,-117.064304,476.144298,33.578323,-117.064253,458.36264,2.400935,0.832962
43905,33.578305,-117.064304,476.086939,33.578322,-117.064253,458.363243,2.401307,0.832842
43920,33.578305,-117.064304,476.028909,33.578322,-117.064253,458.363847,2.401674,0.832723
43935,33.578305,-117.064304,475.968582,33.578322,-117.064253,458.36445,2.402031,0.832604
43950,33.578306,-117.064305,475.908415,33.578322,-117.064253,458.365053,2.402384,0.832485
43965,33.578306,-117.064305,475.847151,33.578322,-117.064253,458.365657,2.40273,0.832366
43980,33.578306,-117.064305,475.784963,33.578322,-117.064253,458.36626,2.403062,0.832248
43995,33.578306,-117.064305,475.722168,33.578322,-117.064253,458.366863,2.403381,0.83213
44010,33.578306,-117.064305,475.657491,33.578322,-117.064253,458.367467,2.403695,0.832012
44025,33.578306,-117.064305,475.592048,33.578322,-117.064253,458.36807,2.404,0.831895
44040,33.578307,-117.064305,475.525933,33.578322,-117.064253,458.368673,2.404302,0.831777
44055,33.578307,-117.064306,475.459351,33.578322,-117.064253,458.369277,2.404589,0.831661
44070,33.578307,-117.064306,475.392156,33.578322,-117.064253,458.36988,2.404869,0.831544
44085,33.578307,-117.064306,475.324745,33.578322,-117.064253,458.370483,2.405151,0.831427
44100,33.578307,-117.064306,475.255574,33.578322,-117.064253,458.371087,2.405429,0.831311
44115,33.578308,-117.064306,475.185601,33.578322,-117.064253,458.37169,2.405694,0.831195
44130,33.578308,-117.064306,475.11586,33.578322,-117.064253,458.372293,2.405954,0.83108
44145,33.578308,-117.064306,475.043977,33.578322,-117.064253,458.372897,2.406201,0.830965
44160,33.578308,-117.064307,474.971913,33.578322,-117.064253,458.3735,2.406442,0.83085
44175,33.578308,-117.064307,474.900044,33.578322,-117.064253,458.374103,2.406688,0.830735
44190,33.578308,-117.064307,474.827136,33.578322,-117.064253,458.374707,2.406923,0.83062
44205,33.578309,-117.064307,474.753216,33.578322,-117.064253,458.37531,2.407151,0.830506
44220,33.578309,-117.064307,474.678103,33.578322,-117.064253,458.375913,2.407369,0.830392
44235,33.578309,-117.064307,474.601414,33.578322,-117.064253,458.376517,2.407579,0.830279
44250,33.578309,-117.064307,474.524331,33.578322,-117.064253,458.37712,2.407789,0.830165
44265,33.578309,-117.064308,474.446314,33.578322,-117.064253,458.377723,2.407973,0.830052
44280,33.57831,-117.064308,474.367777,33.578322,-117.064253,458.378327,2.408156,0.829939
44295,33.57831,-117.064308,474.28741,33.578322,-117.064253,458.37893,2.408324,0.829827
44310,33.57831,-117.064308,474.205638,33.578322,-117.064253,458.379533,2.40848,0.829715
44325,33.57831,-117.064308,474.122746,33.578322,-117.064253,458.380137,2.408625,0.829603
44340,33.57831,-117.064308,474.040767,33.578322,-117.064253,458.38074,2.408775,0.829491
44355,33.578311,-117.064309,473.957588,33.578322,-117.064253,458.381343,2.408906,0.82938
44370,33.578311,-117.064309,473.872457,33.578322,-117.064253,458.381947,2.409035,0.829268
44385,33.578311,-117.064309,473.78628,33.578322,-117.064253,458.38255,2.409142,0.829158
44400,33.578311,-117.064309,473.699488,33.578322,-117.064253,458.383153,2.409242,0.829047
44415,33.578312,-117.064309,473.612836,33.578322,-117.064253,458.383756,2.409338,0.828937
44430,33.578312,-117.064309,473.523811,33.578322,-117.064253,458.38436,2.409421,0.828827
44445,33.578312,-117.06431,473.43482,33.578322,-117.064253,458.384963,2.409495,0.828717
44460,33.578312,-117.06431,473.344927,33.578322,-117.064253,458.385566,2.40956,0.828607
44475,33.578312,-117.06431,473.253618,33.578322,-117.064253,458.38617,2.409604,0.828498
44490,33.578313,-117.06431,473.161595,33.578322,-117.064253,458.386773,2.409643,0.828389
44505,33.578313,-117.06431,473.047705,33.578322,-117.064253,458.387376,2.409909,0.828281
44520,33.578313,-117.06431,472.931767,33.578322,-117.064253,458.38798,2.410159,0.828172
44535,33.578313,-117.06431,472.813834,33.578322,-117.064253,458.388583,2.410391,0.828064
44550,33.578314,-117.06431,472.694091,33.578322,-117.064253,458.389186,2.410616,0.827957
44565,33.578314,-117.064311,472.572957,33.578322,-117.064253,458.38979,2.41083,0.827849
44580,33.578314,-117.064311,472.449793,33.578322,-117.064253,458.390393,2.411035,0.827742
44595,33.578314,-117.064311,472.32439,33.578322,-117.064253,458.390996,2.411221,0.827635
44610,33.578315,-117.064311,472.19728,33.578322,-117.064253,458.3916,2.411392,0.827528
44625,33.578315,-117.064311,472.068606,33.578322,-117.064253,458.392203,2.411555,0.827422
44640,33.578315,-117.064311,471.938162,33.578322,-117.064253,458.392806,2.411699,0.827316
44655,33.578316,-117.064311,471.805913,33.578322,-117.064253,458.39341,2.411831,0.82721
44670,33.578316,-117.064311,471.671887,33.578322,-117.064253,458.394013,2.411953,0.827104
44685,33.578316,-117.064311,471.53584,33.578322,-117.064253,458.394616,2.412048,0.826999
44700,33.578316,-117.064311,471.399243,33.578321,-117.064253,458.39522,2.412147,0.826894
44715,33.578317,-117.064311,471.26127,33.578321,-117.064253,458.395823,2.412236,0.826789
44730,33.578317,-117.064311,471.121349,33.578321,-117.064253,458.396426,2.412304,0.826685
44745,33.578317,-117.064311,470.978841,33.578321,-117.064253,458.39703,2.412357,0.826581
44760,33.578318,-117.064311,470.834242,33.578321,-117.064253,458.397633,2.412394,0.826477
44775,33.578318,-117.064311,470.688603,33.578321,-117.064253,458.398236,2.412419,0.826373
44790,33.578318,-117.064312,470.541437,33.578321,-117.064253,458.39884,2.41243,0.82627
44805,33.578318,-117.064312,470.393085,33.578321,-117.064253,458.399443,2.412432,0.826167
44820,33.578319,-117.064312,470.242159,33.578321,-117.064253,458.400046,2.41241,0.826064
44835,33.578319,-117.064312,470.08895,33.578321,-117.064253,458.40065,2.412366,0.825962
44850,33.578319,-117.064312,469.934103,33.578321,-117.064253,458.401253,2.4123,0.825859
44865,33.57832,-117.064312,469.778116,33.578321,-117.064253,458.401856,2.412236,0.825758
44880,33.57832,-117.064312,469.77051,33.578321,-117.064253,458.40246,2.412813,0.825656
44895,33.57832,-117.064312,469.762233,33.578321,-117.064253,458.403063,2.413383,0.825555
44910,33.57832,-117.064312,469.753965,33.578321,-117.064253,458.403666,2.413951,0.825454
44925,33.57832,-117.064312,469.745365,33.578321,-117.064253,458.40427,2.414528,0.825353
44940,33.57832,-117.064312,469.736808,33.578321,-117.064253,458.404873,2.41511,0.825252
44955,33.57832,-117.064312,469.72775,33.578321,-117.064253,458.405476,2.415686,0.825152
44970,33.57832,-117.064313,469.718232,33.578321,-117.064253,458.40608,2.416253,0.825052
44985,33.57832,-117.064313,469.708503,33.578321,-117.064253,458.406683,2.416823,0.824952
45000,33.578319,-117.064313,469.697995,33.578321,-117.064253,458.407286,2.417385,0.824853
45015,33.578319,-117.064313,469.687249,33.578321,-117.064253,458.40789,2.41795,0.824754
45030,33.578319,-117.064313,469.675707,33.578321,-117.064253,458.408493,2.418503,0.824655
45045,33.578319,-117.064313,469.664489,33.578321,-117.064253,458.409096,2.419063,0.824557
45060,33.578319,-117.064313,469.653095,33.578321,-117.064253,458.4097,2.419619,0.824458
45075,33.578319,-117.064313,469.641282,33.578321,-117.064253,458.410303,2.42019,0.82436
45090,33.578319,-117.064313,469.628895,33.578321,-117.064253,458.410906,2.420749,0.824263
45105,33.578319,-117.064313,469.615944,33.578321,-117.064253,458.41151,2.421301,0.824165
45120,33.578319,-117.064313,469.602836,33.578321,-117.064253,458.412113,2.421857,0.824068
45135,33.578319,-117.064313,469.589302,33.578321,-117.064253,458.412716,2.422403,0.823972
45150,33.578319,-117.064314,469.575554,33.578321,-117.064253,458.41332,2.422949,0.823875
45165,33.578319,-117.064314,469.561389,33.578321,-117.064253,458.413923,2.423492,0.823779
45180,33.578319,-117.064314,469.547414,33.578321,-117.064253,458.414526,2.424046,0.823683
45195,33.578319,-117.064314,469.532564,33.578321,-117.064253,458.41513,2.424587,0.823587
45210,33.578319,-117.064314,469.517572,33.578321,-117.064253,458.415733,2.425126,0.823492
45225,33.578319,-117.064314,469.50217,33.578321,-117.064253,458.416336,2.425667,0.823397
45240,33.578319,-117.064314,469.486423,33.578321,-117.064253,458.41694,2.426201,0.823302
45255,33.578319,-117.064314,469.470637,33.578321,-117.064253,458.417543,2.426738,0.823207
45270,33.578319,-117.064314,469.454053,33.578321,-117.064253,458.418146,2.427264,0.823113
45285,33.578319,-117.064314,469.437399,33.578321,-117.064253,458.41875,2.427796,0.823019
45300,33.578319,-117.064314,469.420128,33.578321,-117.064253,458.419353,2.42832,0.822925
45315,33.578319,-117.064314,469.402418,33.578321,-117.064253,458.419956,2.428846,0.822832
45330,33.578319,-117.064315,469.384465,33.578321,-117.064253,458.42056,2.429365,0.822739
45345,33.578319,-117.064315,469.366748,33.578321,-117.064253,458.421163,2.429879,0.822646
45360,33.578319,-117.064315,469.348236,33.578321,-117.064253,458.421766,2.430394,0.822553
45375,33.578319,-117.064315,469.32923,33.578321,-117.064253,458.42237,2.430897,0.822461
45390,33.578319,-117.064315,469.309885,33.578321,-117.064253,458.422973,2.431398,0.822369
45405,33.578318,-117.064315,469.290088,33.578321,-117.064253,458.423576,2.431905,0.822277
45420,33.578318,-117.064315,469.270263,33.578321,-117.064253,458.42418,2.432417,0.822186
45435,33.578318,-117.064315,469.249387,33.578321,-117.064253,458.424783,2.432911,0.822095
45450,33.578318,-117.064315,469.22868,33.578321,-117.064253,458.425386,2.433411,0.822004
45465,33.578318,-117.064315,469.207815,33.578321,-117.064253,458.42599,2.433899,0.821913
45480,33.578318,-117.064315,469.186411,33.578321,-117.064253,458.426593,2.434397,0.821823
45495,33.578318,-117.064315,469.16479,33.57832,-117.064253,458.427196,2.434884,0.821733
45510,33.578318,-117.064315,469.142646,33.57832,-117.064253,458.4278,2.435371,0.821643
45525,33.578318,-117.064315,469.120584,33.57832,-117.064253,458.428403,2.435849,0.821554
45540,33.578318,-117.064316,469.097849,33.57832,-117.064253,458.429006,2.436322,0.821465
45555,33.578318,-117.064316,469.075263,33.57832,-117.064253,458.42961,2.436804,0.821376
45570,33.578318,-117.064316,469.052182,33.57832,-117.064253,458.430213,2.437281,0.821287
45585,33.578318,-117.064316,469.028597,33.57832,-117.064253,458.430816,2.437763,0.821199
45600,33.578318,-117.064316,469.005091,33.57832,-117.064253,458.43142,2.438228,0.821111
45615,33.578318,-117.064316,468.981342,33.57832,-117.064253,458.432023,2.438697,0.821023
45630,33.578318,-117.064316,468.956914,33.57832,-117.064253,458.432626,2.439162,0.820936
45645,33.578318,-117.064316,468.932255,33.57832,-117.064253,458.43323,2.439625,0.820849
45660,33.578318,-117.064316,468.907744,33.57832,-117.064253,458.433833,2.440085,0.820762
45675,33.578317,-117.064316,468.883276,33.57832,-117.064253,458.434436,2.440553,0.820676
45690,33.578317,-117.064316,468.858236,33.57832,-117.064253,458.43504,2.441008,0.820589
45705,33.578317,-117.064316,468.833271,33.57832,-117.064253,458.435643,2.441474,0.820503
45720,33.578317,-117.064316,468.807613,33.57832,-117.064253,458.436246,2.441932,0.820418
45735,33.578317,-117.064316,468.781941,33.57832,-117.064253,458.43685,2.442392,0.820332
45750,33.578317,-117.064317,468.756064,33.57832,-117.064253,458.437453,2.442839,0.820247
45765,33.578317,-117.064317,468.729812,33.57832,-117.064253,458.438056,2.443272,0.820162
45780,33.578317,-117.064317,468.70298,33.57832,-117.064253,458.43866,2.443709,0.820078
45795,33.578317,-117.064317,468.675435,33.57832,-117.064253,458.439263,2.444134,0.819993
45810,33.578317,-117.064317,468.648048,33.57832,-117.064253,458.439866,2.444568,0.819909
45825,33.578317,-117.064317,468.62014,33.57832,-117.064253,458.44047,2.444994,0.819826
45840,33.578317,-117.064317,468.591929,33.57832,-117.064253,458.441073,2.445414,0.819742
45855,33.578317,-117.064317,468.56284,33.57832,-117.064253,458.441676,2.445831,0.819659
45870,33.578316,-117.064317,468.533555,33.57832,-117.064253,458.44228,2.446238,0.819576
45885,33.578316,-117.064317,468.504479,33.57832,-117.064253,458.442883,2.446647,0.819494
45900,33.578316,-117.064317,468.474742,33.57832,-117.064253,458.443486,2.447051,0.819412
45915,33.578316,-117.064317,468.444975,33.57832,-117.064253,458.44409,2.447456,0.81933
45930,33.578316,-117.064317,468.414515,33.57832,-117.064253,458.444693,2.447844,0.819248
45945,33.578316,-117.064317,468.38323,33.57832,-117.064253,458.445296,2.44822,0.819167
45960,33.578316,-117.064317,468.352181,33.57832,-117.064253,458.4459,2.448609,0.819086
45975,33.578316,-117.064318,468.320182,33.57832,-117.064253,458.446503,2.44899,0.819005
45990,33.578316,-117.064318,468.288559,33.57832,-117.064253,458.447106,2.449366,0.818924
46005,33.578316,-117.064318,468.256768,33.57832,-117.064253,458.44771,2.449737,0.818844
46020,33.578316,-117.064318,468.224954,33.57832,-117.064253,458.448313,2.450118,0.818764
46035,33.578316,-117.064318,468.192625,33.57832,-117.064253,458.448916,2.45049,0.818684
46050,33.578315,-117.064318,468.160247,33.57832,-117.064253,458.44952,2.450867,0.818605
46065,33.578315,-117.064318,468.127505,33.57832,-117.064253,458.450123,2.451243,0.818526
46080,33.578315,-117.064318,468.094849,33.57832,-117.064253,458.450726,2.451611,0.818447
46095,33.578315,-117.064318,468.061782,33.57832,-117.064253,458.45133,2.451963,0.818369
46110,33.578315,-117.064318,468.028546,33.57832,-117.064253,458.451933,2.452322,0.818291
46125,33.578315,-117.064318,467.995195,33.57832,-117.064253,458.452536,2.452667,0.818213
46140,33.578315,-117.064318,467.961684,33.57832,-117.064253,458.45314,2.453001,0.818135
46155,33.578315,-117.064318,467.927553,33.57832,-117.064253,458.453743,2.453342,0.818058
46170,33.578315,-117.064318,467.893518,33.57832,-117.064253,458.454346,2.453684,0.817981
46185,33.578314,-117.064318,467.858791,33.57832,-117.064253,458.45495,2.45402,0.817904
46200,33.578314,-117.064319,467.823458,33.57832,-117.064253,458.455553,2.454354,0.817827
46215,33.578314,-117.064319,467.787967,33.57832,-117.064253,458.456156,2.454678,0.817751
46230,33.578314,-117.064319,467.752218,33.57832,-117.064253,458.45676,2.45499,0.817675
46245,33.578314,-117.064319,467.716322,33.57832,-117.064253,458.457363,2.455303,0.8176
46260,33.578314,-117.064319,467.679967,33.57832,-117.064253,458.457966,2.455621,0.817524
46275,33.578314,-117.064319,467.643429,33.578319,-117.064253,458.45857,2.455921,0.817449
46290,33.578314,-117.064319,467.605956,33.578319,-117.064253,458.459173,2.456213,0.817375
46305,33.578314,-117.064319,467.568055,33.578319,-117.064253,458.459776,2.4565,0.8173
46320,33.578313,-117.064319,467.529812,33.578319,-117.064253,458.46038,2.456778,0.817226
46335,33.578313,-117.064319,467.49164,33.578319,-117.064253,458.460983,2.457059,0.817152
46350,33.578313,-117.064319,467.453495,33.578319,-117.064253,458.461586,2.457342,0.817079
46365,33.578313,-117.064319,467.415225,33.578319,-117.064253,458.46219,2.457604,0.817005
46380,33.578313,-117.064319,467.376385,33.578319,-117.064253,458.462793,2.457862,0.816933
46395,33.578313,-117.064319,467.337489,33.578319,-117.064253,458.463396,2.458126,0.81686
46410,33.578313,-117.064319,467.298297,33.578319,-117.064253,458.464,2.45839,0.816787
46425,33.578312,-117.064319,467.258995,33.578319,-117.064253,458.464603,2.458644,0.816715
46440,33.578312,-117.06432,467.219424,33.578319,-117.064253,458.465206,2.458898,0.816644
46455,33.578312,-117.06432,467.179436,33.578319,-117.064253,458.46581,2.459148,0.816572
46470,33.578312,-117.06432,467.13873,33.578319,-117.064253,458.466413,2.459373,0.816501
46485,33.578312,-117.06432,467.098504,33.578319,-117.064253,458.467016,2.459604,0.81643
46500,33.578313,-117.064319,467.277972,33.578319,-117.064253,458.46762,2.456744,0.816359
46515,33.578314,-117.064319,467.453278,33.578319,-117.064253,458.468223,2.453977,0.816289
46530,33.578315,-117.064319,467.626877,33.578319,-117.064253,458.468826,2.451261,0.816219
46545,33.578316,-117.064318,467.794632,33.578319,-117.064253,458.46943,2.448636,0.816149
46560,33.578317,-117.064318,467.961675,33.578319,-117.064253,458.470033,2.446046,0.816079
46575,33.578318,-117.064317,468.123868,33.578319,-117.064253,458.470636,2.443535,0.81601
46590,33.578319,-117.064317,468.28183,33.578319,-117.064253,458.47124,2.441092,0.815941
46605,33.57832,-117.064317,468.435809,33.578319,-117.064253,458.471843,2.438752,0.815873
46620,33.578321,-117.064316,468.586951,33.578319,-117.064253,458.472446,2.436444,0.815804
46635,33.578322,-117.064316,468.733297,33.578319,-117.064253,458.47305,2.434208,0.815736
46650,33.578322,-117.064316,468.876455,33.578319,-117.064253,458.473653,2.432048,0.815669
46665,33.578323,-117.064315,469.017892,33.578319,-117.064253,458.474256,2.429931,0.815601
46680,33.578324,-117.064315,469.156107,33.578319,-117.064253,458.47486,2.42788,0.815534
46695,33.578325,-117.064315,469.291407,33.578319,-117.064253,458.475463,2.425883,0.815467
46710,33.578326,-117.064314,469.423267,33.578319,-117.064253,458.476066,2.42389,0.815401
46725,33.578326,-117.064314,469.553062,33.578319,-117.064253,458.47667,2.42199,0.815334
46740,33.578327,-117.064314,469.680827,33.578319,-117.064253,458.477273,2.420109,0.815268
46755,33.578328,-117.064313,469.804703,33.578319,-117.064253,458.477876,2.418313,0.815203
46770,33.578328,-117.064313,469.925876,33.578319,-117.064253,458.47848,2.416583,0.815137
46785,33.578329,-117.064313,470.044162,33.578319,-117.064253,458.479083,2.414887,0.815072
46800,33.57833,-117.064313,470.160055,33.578319,-117.064253,458.479686,2.413135,0.815007
46815,33.57833,-117.064312,470.27378,33.578319,-117.064253,458.48029,2.411411,0.814943
46830,33.578331,-117.064312,470.383901,33.578319,-117.064253,458.480893,2.409768,0.814879
46845,33.578332,-117.064312,470.491841,33.578319,-117.064253,458.481496,2.408166,0.814815
46860,33.578332,-117.064312,470.595739,33.578319,-117.064253,458.4821,2.406603,0.814751
46875,33.578333,-117.064311,470.697331,33.578319,-117.064253,458.482703,2.4051,0.814688
46890,33.578333,-117.064311,470.798341,33.578319,-117.064253,458.483306,2.403626,0.814625
46905,33.578334,-117.064311,470.897091,33.578319,-117.064253,458.48391,2.402192,0.814562
46920,33.578334,-117.064311,470.993014,33.578319,-117.064253,458.484513,2.400792,0.8145
46935,33.578335,-117.064311,471.086242,33.578319,-117.064253,458.485116,2.399452,0.814437
46950,33.578335,-117.06431,471.17706,33.578319,-117.064253,458.48572,2.398166,0.814376
46965,33.578336,-117.06431,471.266183,33.578319,-117.064253,458.486323,2.396881,0.814314
46980,33.578336,-117.06431,471.352711,33.578319,-117.064253,458.486926,2.395646,0.814253
46995,33.578337,-117.06431,471.437403,33.578319,-117.064253,458.48753,2.394434,0.814192
47010,33.578337,-117.06431,471.52079,33.578319,-117.064253,458.488133,2.393245,0.814131
47025,33.578338,-117.064309,471.601848,33.578319,-117.064253,458.488736,2.392083,0.814071
47040,33.578338,-117.064309,471.680744,33.578319,-117.064253,458.48934,2.390962,0.81401
47055,33.578338,-117.064309,471.758032,33.578319,-117.064253,458.489943,2.389878,0.813951
47070,33.578339,-117.064309,471.832722,33.578318,-117.064253,458.490546,2.38882,0.813891
47085,33.578339,-117.064309,471.906557,33.578318,-117.064253,458.49115,2.387785,0.813832
47100,33.57834,-117.064309,471.978077,33.578318,-117.064253,458.491753,2.38679,0.813773
47115,33.57834,-117.064308,472.047823,33.578318,-117.064253,458.492356,2.385818,0.813714
47130,33.57834,-117.064308,472.116249,33.578318,-117.064253,458.49296,2.384878,0.813656
47145,33.578341,-117.064308,472.183243,33.578318,-117.064253,458.493563,2.38396,0.813598
47160,33.578341,-117.064308,472.249355,33.578318,-117.064253,458.494166,2.38306,0.81354
47175,33.578341,-117.064308,472.313387,33.578318,-117.064253,458.49477,2.382173,0.813483
47190,33.578341,-117.064308,472.376123,33.578318,-117.064253,458.495373,2.381323,0.813425
47205,33.578342,-117.064307,472.435606,33.578318,-117.064253,458.495976,2.380488,0.813369
47220,33.578342,-117.064307,472.494268,33.578318,-117.064253,458.49658,2.379696,0.813312
47235,33.578342,-117.064307,472.550887,33.578318,-117.064253,458.497183,2.378911,0.813256
47250,33.578343,-117.064307,472.605889,33.578318,-117.064253,458.497786,2.378145,0.8132
47265,33.578343,-117.064307,472.624866,33.578318,-117.064253,458.49839,2.376944,0.813144
47280,33.578343,-117.064307,472.644046,33.578318,-117.064253,458.498993,2.37575,0.813089
47295,33.578343,-117.064307,472.664841,33.578318,-117.064253,458.499596,2.374573,0.813034
47310,33.578343,-117.064307,472.686666,33.578318,-117.064253,458.5002,2.373401,0.812979
47325,33.578343,-117.064307,472.706354,33.578318,-117.064253,458.500803,2.372256,0.812924
47340,33.578343,-117.064307,472.726782,33.578318,-117.064253,458.501406,2.371097,0.81287
47355,33.578343,-117.064307,472.746531,33.578318,-117.064253,458.50201,2.369963,0.812816
47370,33.578343,-117.064307,472.76661,33.578318,-117.064253,458.502613,2.368824,0.812762
47385,33.578343,-117.064306,472.785832,33.578318,-117.064253,458.503216,2.367717,0.812709
47400,33.578344,-117.064306,472.807512,33.578318,-117.064253,458.50382,2.366621,0.812656
47415,33.578344,-117.064306,472.827406,33.578318,-117.064253,458.504423,2.365536,0.812603
47430,33.578344,-117.064306,472.847695,33.578318,-117.064253,458.505026,2.364449,0.812551
47445,33.578344,-117.064306,472.867288,33.578318,-117.064253,458.50563,2.363381,0.812499
47460,33.578344,-117.064306,472.885446,33.578318,-117.064253,458.506233,2.362326,0.812447
47475,33.578344,-117.064306,472.90332,33.578318,-117.064253,458.506836,2.361283,0.812395
47490,33.578344,-117.064306,472.922008,33.578318,-117.064253,458.50744,2.360254,0.812344
47505,33.578344,-117.064306,472.940958,33.578318,-117.064253,458.508043,2.359226,0.812293
47520,33.578344,-117.064306,472.960601,33.578318,-117.064253,458.508646,2.358225,0.812242
47535,33.578344,-117.064306,472.97891,33.578318,-117.064253,458.50925,2.357247,0.812192
47550,33.578344,-117.064306,472.995571,33.578318,-117.064253,458.509853,2.356257,0.812142
47565,33.578344,-117.064306,473.012883,33.578318,-117.064253,458.510456,2.355281,0.812092
47580,33.578344,-117.064306,473.0312,33.578318,-117.064253,458.51106,2.354317,0.812043
47595,33.578344,-117.064306,473.049573,33.578318,-117.064253,458.511663,2.35337,0.811993
47610,33.578344,-117.064306,473.067557,33.578318,-117.064253,458.512266,2.352431,0.811945
47625,33.578344,-117.064305,473.085181,33.578318,-117.064253,458.51287,2.351505,0.811896
47640,33.578344,-117.064305,473.100191,33.578318,-117.064253,458.513473,2.350584,0.811848
47655,33.578344,-117.064305,473.116221,33.578318,-117.064253,458.514076,2.349667,0.8118
47670,33.578344,-117.064305,473.132908,33.578318,-117.064253,458.51468,2.348758,0.811752
47685,33.578344,-117.064305,473.14936,33.578318,-117.064253,458.515283,2.34786,0.811704
47700,33.578344,-117.064305,473.166189,33.578318,-117.064253,458.515886,2.346972,0.811657
47715,33.578344,-117.064305,473.182027,33.578318,-117.064253,458.51649,2.3461,0.811611
47730,33.578344,-117.064305,473.198634,33.578318,-117.064253,458.517093,2.345225,0.811564
47745,33.578344,-117.064305,473.213663,33.578318,-117.064253,458.517696,2.344365,0.811518
47760,33.578344,-117.064305,473.228712,33.578318,-117.064253,458.5183,2.343515,0.811472
47775,33.578344,-117.064305,473.244706,33.578318,-117.064253,458.518903,2.342657,0.811426
47790,33.578344,-117.064305,473.260077,33.578318,-117.064253,458.519506,2.341812,0.811381
47805,33.578344,-117.064305,473.274249,33.578318,-117.064253,458.52011,2.340973,0.811336
47820,33.578344,-117.064305,473.288414,33.578318,-117.064253,458.520713,2.34014,0.811291
47835,33.578344,-117.064305,473.301734,33.578318,-117.064253,458.521316,2.33933,0.811247
47850,33.578344,-117.064305,473.316478,33.578317,-117.064253,458.52192,2.338513,0.811202
47865,33.578344,-117.064305,473.330574,33.578317,-117.064253,458.522523,2.337695,0.811159
47880,33.578344,-117.064304,473.344069,33.578317,-117.064253,458.523126,2.336888,0.811115
47895,33.578344,-117.064304,473.35692,33.578317,-117.064253,458.52373,2.336076,0.811072
47910,33.578343,-117.064304,473.370242,33.578317,-117.064253,458.524333,2.335284,0.811029
47925,33.578343,-117.064304,473.382807,33.578317,-117.064253,458.524936,2.334489,0.810986
47940,33.578343,-117.064304,473.395799,33.578317,-117.064253,458.52554,2.333699,0.810944
47955,33.578343,-117.064304,473.40868,33.578317,-117.064253,458.526143,2.332925,0.810902
47970,33.578343,-117.064304,473.422402,33.578317,-117.064253,458.526746,2.332149,0.81086
47985,33.578343,-117.064304,473.435556,33.578317,-117.064253,458.52735,2.331381,0.810818
48000,33.578343,-117.064304,473.447415,33.578317,-117.064253,458.527953,2.330627,0.810777
48015,33.578343,-117.064304,473.457811,33.578317,-117.064253,458.528556,2.329859,0.810736
48030,33.578343,-117.064304,473.46938,33.578317,-117.064253,458.52916,2.329105,0.810696
48045,33.578343,-117.064304,473.481024,33.578317,-117.064253,458.529763,2.328362,0.810656
48060,33.578342,-117.064304,473.492187,33.578317,-117.064253,458.530366,2.327622,0.810616
48075,33.578342,-117.064304,473.502786,33.578317,-117.064253,458.53097,2.326878,0.810576
48090,33.578342,-117.064304,473.514266,33.578317,-117.064253,458.531573,2.326158,0.810536
48105,33.578342,-117.064304,473.525622,33.578317,-117.064253,458.532176,2.325439,0.810497
48120,33.578342,-117.064304,473.535563,33.578317,-117.064253,458.53278,2.324707,0.810459
48135,33.578342,-117.064304,473.544961,33.578317,-117.064253,458.533383,2.323988,0.81042
48150,33.578342,-117.064304,473.553841,33.578317,-117.064253,458.533986,2.323268,0.810382
48165,33.578342,-117.064303,473.562128,33.578317,-117.064253,458.53459,2.322545,0.810344
48180,33.578341,-117.064303,473.572605,33.578317,-117.064253,458.535193,2.321836,0.810306
48195,33.578341,-117.064303,473.582373,33.578317,-117.064253,458.535796,2.321137,0.810269
48210,33.578341,-117.064303,473.592007,33.578317,-117.064253,458.5364,2.320442,0.810232
48225,33.578341,-117.064303,473.637456,33.578317,-117.064253,458.537003,2.32005,0.810195
48240,33.578341,-117.064303,473.681908,33.578317,-117.064253,458.537606,2.31968,0.810159
48255,33.578341,-117.064303,473.726525,33.578317,-117.064253,458.53821,2.319326,0.810123
48270,33.578342,-117.064303,473.771206,33.578317,-117.064253,458.538813,2.318992,0.810087
48285,33.578342,-117.064303,473.815397,33.578317,-117.064253,458.539416,2.31866,0.810051
48300,33.578342,-117.064303,473.859519,33.578317,-117.064253,458.54002,2.318339,0.810016
48315,33.578342,-117.064303,473.903717,33.578317,-117.064253,458.540623,2.318019,0.809981
48330,33.578342,-117.064304,473.947342,33.578317,-117.064253,458.541226,2.317709,0.809947
48345,33.578342,-117.064304,473.99106,33.578317,-117.064253,458.54183,2.317404,0.809912
48360,33.578342,-117.064304,474.033942,33.578317,-117.064253,458.542433,2.317121,0.809878
48375,33.578342,-117.064304,474.076761,33.578317,-117.064253,458.543036,2.316847,0.809845
48390,33.578342,-117.064304,474.119864,33.578317,-117.064253,458.54364,2.316572,0.809811
48405,33.578342,-117.064304,474.162603,33.578317,-117.064253,458.544243,2.316313,0.809778
48420,33.578342,-117.064304,474.205183,33.578317,-117.064253,458.544846,2.316059,0.809745
48435,33.578343,-117.064304,474.247588,33.578317,-117.064253,458.54545,2.315815,0.809713
48450,33.578343,-117.064304,474.289589,33.578317,-117.064253,458.546053,2.315583,0.80968
48465,33.578343,-117.064304,474.332058,33.578317,-117.064253,458.546656,2.315347,0.809648
48480,33.578343,-117.064304,474.373461,33.578317,-117.064253,458.54726,2.315132,0.809617
48495,33.578343,-117.064304,474.414265,33.578317,-117.064253,458.547863,2.314933,0.809585
48510,33.578343,-117.064304,474.454838,33.578317,-117.064253,458.548466,2.314741,0.809554
48525,33.578343,-117.064304,474.495658,33.578317,-117.064253,458.54907,2.31456,0.809524
48540,33.578343,-117.064304,474.536781,33.578317,-117.064253,458.549673,2.314382,0.809493
48555,33.578343,-117.064304,474.577464,33.578317,-117.064253,458.550276,2.314212,0.809463
48570,33.578343,-117.064304,474.618269,33.578317,-117.064253,458.55088,2.314048,0.809433
48585,33.578343,-117.064304,474.658549,33.578317,-117.064253,458.551483,2.313887,0.809404
48600,33.578343,-117.064304,474.698279,33.578317,-117.064253,458.552086,2.313744,0.809374
48615,33.578343,-117.064304,474.738153,33.578317,-117.064253,458.55269,2.313608,0.809345
48630,33.578343,-117.064304,474.777673,33.578317,-117.064253,458.553293,2.31347,0.809317
48645,33.578343,-117.064304,474.817067,33.578316,-117.064253,458.553896,2.313329,0.809288
48660,33.578343,-117.064304,474.855904,33.578316,-117.064253,458.5545,2.313198,0.80926
48675,33.578344,-117.064304,474.894516,33.578316,-117.064253,458.555103,2.313087,0.809233
48690,33.578344,-117.064304,474.933051,33.578316,-117.064253,458.555706,2.312971,0.809205
48705,33.578344,-117.064304,474.971399,33.578316,-117.064253,458.55631,2.312858,0.809178
48720,33.578344,-117.064304,475.009756,33.578316,-117.064253,458.556913,2.312767,0.809151
48735,33.578344,-117.064304,475.047932,33.578316,-117.064253,458.557516,2.312682,0.809125
48750,33.578344,-117.064304,475.085859,33.578316,-117.064253,458.55812,2.312596,0.809098
48765,33.578344,-117.064304,475.123227,33.578316,-117.064253,458.558723,2.31254,0.809072
48780,33.578344,-117.064304,475.160245,33.578316,-117.064253,458.559326,2.312491,0.809047
48795,33.578344,-117.064304,475.197326,33.578316,-117.064253,458.55993,2.312443,0.809021
48810,33.578344,-117.064304,475.234476,33.578316,-117.064253,458.560533,2.312399,0.808996
48825,33.578344,-117.064305,475.271589,33.578316,-117.064253,458.561136,2.312365,0.808972
48840,33.578344,-117.064305,475.30818,33.578316,-117.064253,458.56174,2.312341,0.808947
48855,33.578344,-117.064305,475.344279,33.578316,-117.064253,458.562343,2.312327,0.808923
48870,33.578344,-117.064305,475.380595,33.578316,-117.064253,458.562946,2.312312,0.808899
48885,33.578344,-117.064305,475.41676,33.578316,-117.064253,458.56355,2.312302,0.808876
48900,33.578344,-117.064305,475.452544,33.578316,-117.064253,458.564153,2.312297,0.808852
48915,33.578344,-117.064305,475.488234,33.578316,-117.064253,458.564756,2.312296,0.808829
48930,33.578344,-117.064305,475.523898,33.578316,-117.064253,458.56536,2.312297,0.808807
48945,33.578344,-117.064305,475.559208,33.578316,-117.064253,458.565963,2.312305,0.808784
48960,33.578344,-117.064305,475.594668,33.578316,-117.064253,458.566566,2.312314,0.808762
48975,33.578344,-117.064305,475.629474,33.578316,-117.064253,458.56717,2.31234,0.80874
48990,33.578344,-117.064305,475.664024,33.578316,-117.064253,458.567773,2.312368,0.808719
49005,33.578344,-117.064305,475.698326,33.578316,-117.064253,458.568376,2.312405,0.808698
49020,33.578344,-117.064305,475.732553,33.578316,-117.064253,458.56898,2.312449,0.808677
49035,33.578344,-117.064305,475.766366,33.578316,-117.064253,458.569583,2.312501,0.808656
49050,33.578344,-117.064305,475.800168,33.578316,-117.064253,458.570186,2.312556,0.808636
49065,33.578344,-117.064305,475.833386,33.578316,-117.064253,458.57079,2.312618,0.808616
49080,33.578344,-117.064305,475.866643,33.578316,-117.064253,458.571393,2.312684,0.808597
49095,33.578344,-117.064305,475.899826,33.578316,-117.064253,458.571996,2.312752,0.808577
49110,33.578344,-117.064305,475.932687,33.578316,-117.064253,458.5726,2.312831,0.808558
49125,33.578344,-117.064305,475.965097,33.578316,-117.064253,458.573203,2.312914,0.808539
49140,33.578344,-117.064305,475.997357,33.578316,-117.064253,458.573806,2.313002,0.808521
49155,33.578344,-117.064305,476.029518,33.578316,-117.064253,458.57441,2.313091,0.808503
49170,33.578344,-117.064305,476.061746,33.578316,-117.064253,458.575013,2.313172,0.808485
49185,33.578344,-117.064305,476.093654,33.578316,-117.064253,458.575616,2.313278,0.808467
49200,33.578344,-117.064305,476.125248,33.578316,-117.064253,458.57622,2.313383,0.80845
49215,33.578344,-117.064305,476.15645,33.578316,-117.064253,458.576823,2.313488,0.808433
49230,33.578344,-117.064305,476.18779,33.578316,-117.064253,458.577426,2.313595,0.808416
49245,33.578344,-117.064306,476.218913,33.578316,-117.064253,458.57803,2.313717,0.8084
49260,33.578344,-117.064306,476.249888,33.578316,-117.064253,458.578633,2.313834,0.808384
49275,33.578344,-117.064306,476.280302,33.578316,-117.064253,458.579236,2.313963,0.808368
49290,33.578344,-117.064306,476.310602,33.578316,-117.064253,458.57984,2.314099,0.808353
49305,33.578344,-117.064306,476.340791,33.578316,-117.064253,458.580443,2.31424,0.808338
49320,33.578344,-117.064306,476.370869,33.578316,-117.064253,458.581046,2.314379,0.808323
49335,33.578344,-117.064306,476.400786,33.578316,-117.064253,458.58165,2.314528,0.808308
49350,33.578344,-117.064306,476.430358,33.578316,-117.064253,458.582253,2.314678,0.808294
49365,33.578344,-117.064306,476.459645,33.578316,-117.064253,458.582856,2.314828,0.80828
49380,33.578344,-117.064306,476.48891,33.578316,-117.064253,458.58346,2.314992,0.808266
49395,33.578344,-117.064306,476.51804,33.578316,-117.064253,458.584063,2.315145,0.808253
49410,33.578344,-117.064306,476.546728,33.578316,-117.064253,458.584666,2.315315,0.80824
49425,33.578344,-117.064306,476.575073,33.578316,-117.064253,458.58527,2.315491,0.808227
49440,33.578344,-117.064306,476.603407,33.578315,-117.064253,458.585873,2.31566,0.808215
49455,33.578344,-117.064306,476.631818,33.578315,-117.064253,458.586476,2.315834,0.808202
49470,33.578344,-117.064306,476.659598,33.578315,-117.064253,458.58708,2.316021,0.808191
49485,33.578344,-117.064306,476.687063,33.578315,-117.064253,458.587683,2.316213,0.808179
49500,33.578344,-117.064306,476.714149,33.578315,-117.064253,458.588286,2.316412,0.808168
49515,33.578344,-117.064306,476.741414,33.578315,-117.064253,458.58889,2.316609,0.808157
49530,33.578344,-117.064306,476.768835,33.578315,-117.064253,458.589493,2.316802,0.808146
49545,33.578344,-117.064306,476.795735,33.578315,-117.064253,458.590096,2.317005,0.808136
49560,33.578344,-117.064306,476.822719,33.578315,-117.064253,458.5907,2.317209,0.808126
49575,33.578344,-117.064306,476.849199,33.578315,-117.064253,458.591303,2.317421,0.808116
49590,33.578344,-117.064306,476.87547,33.578315,-117.064253,458.591906,2.317634,0.808106
49605,33.578344,-117.064306,476.901512,33.578315,-117.064253,458.59251,2.317851,0.808097
49620,33.578344,-117.064307,476.927506,33.578315,-117.064253,458.593113,2.31807,0.808088
49635,33.578343,-117.064307,476.953051,33.578315,-117.064253,458.593716,2.318291,0.80808
49650,33.578343,-117.064307,476.978434,33.578315,-117.064253,458.59432,2.318519,0.808072
49665,33.578343,-117.064307,477.003411,33.578315,-117.064253,458.594923,2.318751,0.808064
49680,33.578343,-117.064307,477.028363,33.578315,-117.064253,458.595526,2.318979,0.808056
49695,33.578343,-117.064307,477.05321,33.578315,-117.064253,458.59613,2.319211,0.808049
49710,33.578343,-117.064307,477.077494,33.578315,-117.064253,458.596733,2.319452,0.808042
49725,33.578343,-117.064307,477.101371,33.578315,-117.064253,458.597336,2.319693,0.808035
49740,33.578343,-117.064307,477.124841,33.578315,-117.064253,458.59794,2.319936,0.808028
49755,33.578343,-117.064307,477.148434,33.578315,-117.064253,458.598543,2.320181,0.808022
49770,33.578343,-117.064307,477.172042,33.578315,-117.064253,458.599146,2.320432,0.808016
49785,33.578343,-117.064307,477.194906,33.578315,-117.064253,458.59975,2.320695,0.808011
49800,33.578343,-117.064307,477.217705,33.578315,-117.064253,458.600353,2.320953,0.808006
49815,33.578343,-117.064307,477.240362,33.578315,-117.064253,458.600956,2.321209,0.808001
49830,33.578343,-117.064307,477.263021,33.578315,-117.064253,458.60156,2.321466,0.807996
49845,33.578343,-117.064307,477.285148,33.578315,-117.064253,458.602163,2.321726,0.807992
49860,33.578343,-117.064307,477.3071,33.578315,-117.064253,458.602766,2.321996,0.807988
49875,33.578343,-117.064307,477.329485,33.578315,-117.064253,458.60337,2.32226,0.807984
49890,33.578343,-117.064307,477.351841,33.578315,-117.064253,458.603973,2.322524,0.80798
49905,33.578343,-117.064307,477.373555,33.578315,-117.064253,458.604576,2.322794,0.807977
49920,33.578342,-117.064307,477.394837,33.578315,-117.064253,458.60518,2.323066,0.807974
49935,33.578342,-117.064307,477.416016,33.578315,-117.064253,458.605783,2.323344,0.807972
49950,33.578342,-117.064308,477.437105,33.578315,-117.064253,458.606386,2.32362,0.80797
49965,33.578342,-117.064308,477.457648,33.578315,-117.064253,458.60699,2.323903,0.807968
49980,33.578342,-117.064308,477.478316,33.578315,-117.064253,458.607593,2.324187,0.807966
49995,33.578342,-117.064308,477.498675,33.578315,-117.064253,458.608196,2.324476,0.807965
50010,33.578342,-117.064308,477.518879,33.578315,-117.064253,458.6088,2.324763,0.807964
50025,33.578342,-117.064308,477.53876,33.578315,-117.064253,458.609403,2.325052,0.807963
50040,33.578342,-117.064308,477.558421,33.578315,-117.064253,458.610006,2.325345,0.807963
50055,33.578342,-117.064308,477.578018,33.578315,-117.064253,458.61061,2.325636,0.807962
50070,33.578342,-117.064308,477.597393,33.578315,-117.064253,458.611213,2.325932,0.807963
50085,33.578342,-117.064308,477.616628,33.578315,-117.064253,458.611816,2.326228,0.807963
50100,33.578342,-117.064308,477.635362,33.578315,-117.064253,458.61242,2.326532,0.807964
50115,33.578342,-117.064308,477.653788,33.578315,-117.064253,458.613023,2.326837,0.807965
50130,33.578342,-117.064308,477.671993,33.578315,-117.064253,458.613626,2.327148,0.807966
50145,33.578342,-117.064308,477.689894,33.578315,-117.064253,458.61423,2.327463,0.807968
50160,33.578341,-117.064308,477.707707,33.578315,-117.064253,458.614833,2.327779,0.80797
50175,33.578341,-117.064308,477.725395,33.578315,-117.064253,458.615436,2.328094,0.807972
50190,33.578341,-117.064308,477.742753,33.578315,-117.064253,458.61604,2.328411,0.807975
50205,33.578341,-117.064308,477.759774,33.578315,-117.064253,458.616643,2.328733,0.807978
50220,33.578341,-117.064308,477.776505,33.578314,-117.064253,458.617246,2.329054,0.807981
50235,33.578341,-117.064308,477.793149,33.578314,-117.064253,458.61785,2.329377,0.807984
50250,33.578341,-117.064309,477.809566,33.578314,-117.064253,458.618453,2.329698,0.807988
50265,33.578341,-117.064309,477.825793,33.578314,-117.064253,458.619056,2.330019,0.807992
50280,33.578341,-117.064309,477.841646,33.578314,-117.064253,458.61966,2.330348,0.807996
50295,33.578341,-117.064309,477.857525,33.578314,-117.064253,458.620263,2.330672,0.808001
50310,33.578341,-117.064309,477.872933,33.578314,-117.064253,458.620866,2.331003,0.808006
50325,33.578341,-117.064309,477.888436,33.578314,-117.064253,458.62147,2.33133,0.808011
50340,33.578341,-117.064309,477.903711,33.578314,-117.064253,458.622073,2.331654,0.808017
50355,33.57834,-117.064309,477.918888,33.578314,-117.064253,458.622676,2.331981,0.808023
50370,33.57834,-117.064309,477.933673,33.578314,-117.064253,458.62328,2.332315,0.808029
50385,33.57834,-117.064309,477.948243,33.578314,-117.064253,458.623883,2.33265,0.808035
50400,33.57834,-117.064309,477.962513,33.578314,-117.064253,458.624486,2.332997,0.808042
50415,33.57834,-117.064309,477.976553,33.578314,-117.064253,458.62509,2.333341,0.808049
50430,33.57834,-117.064309,477.990511,33.578314,-117.064253,458.625693,2.333688,0.808057
50445,33.57834,-117.064309,478.004283,33.578314,-117.064253,458.626296,2.334036,0.808064
50460,33.57834,-117.064309,478.017642,33.578314,-117.064253,458.6269,2.334387,0.808072
50475,33.57834,-117.064309,478.030751,33.578314,-117.064253,458.627503,2.334736,0.80808
50490,33.57834,-117.064309,478.043752,33.578314,-117.064253,458.628106,2.335082,0.808089
50505,33.57834,-117.06431,478.056417,33.578314,-117.064253,458.62871,2.335434,0.808098
50520,33.578339,-117.06431,478.068423,33.578314,-117.064253,458.629313,2.335787,0.808107
50535,33.578339,-117.06431,478.080481,33.578314,-117.064253,458.629916,2.33614,0.808117
50550,33.578339,-117.06431,478.092158,33.578314,-117.064253,458.63052,2.336495,0.808126
50565,33.578339,-117.06431,478.103619,33.578314,-117.064253,458.631123,2.33685,0.808136
50580,33.578339,-117.06431,478.114742,33.578314,-117.064253,458.631726,2.33721,0.808147
50595,33.578339,-117.06431,478.125574,33.578314,-117.064253,458.63233,2.337571,0.808158
50610,33.578339,-117.06431,478.135847,33.578314,-117.064253,458.632933,2.337935,0.808168
50625,33.578339,-117.06431,478.1463,33.578314,-117.064253,458.633536,2.338295,0.80818
50640,33.578339,-117.06431,478.156704,33.578314,-117.064253,458.63414,2.338656,0.808191
50655,33.578339,-117.06431,478.166786,33.578314,-117.064253,458.634743,2.33902,0.808203
50670,33.578339,-117.06431,478.176167,33.578314,-117.064253,458.635346,2.339387,0.808215
50685,33.578338,-117.06431,478.185321,33.578314,-117.064253,458.63595,2.339755,0.808228
50700,33.578338,-117.06431,478.194602,33.578314,-117.064253,458.636553,2.340123,0.808241
50715,33.578338,-117.06431,478.203549,33.578314,-117.064253,458.637156,2.340489,0.808254
50730,33.578338,-117.06431,478.21222,33.578314,-117.064253,458.63776,2.340854,0.808267
50745,33.578338,-117.06431,478.220289,33.578314,-117.064253,458.638363,2.341229,0.808281
50760,33.578338,-117.064311,478.22834,33.578314,-117.064253,458.638966,2.341598,0.808295
50775,33.578338,-117.064311,478.235759,33.578314,-117.064253,458.63957,2.34197,0.808309
50790,33.578338,-117.064311,478.243266,33.578314,-117.064253,458.640173,2.34234,0.808324
50805,33.578338,-117.064311,478.250655,33.578314,-117.064253,458.640776,2.342709,0.808339
50820,33.578338,-117.064311,478.257897,33.578314,-117.064253,458.64138,2.343074,0.808354
50835,33.578337,-117.064311,478.264918,33.578314,-117.064253,458.641983,2.343439,0.808369
50850,33.578337,-117.064311,478.289901,33.578314,-117.064253,458.642586,2.343819,0.808385
50865,33.578337,-117.064311,478.314649,33.578314,-117.064253,458.64319,2.344201,0.808401
50880,33.578337,-117.064311,478.339219,33.578314,-117.064253,458.643793,2.344582,0.808417
50895,33.578337,-117.064311,478.363755,33.578314,-117.064253,458.644396,2.344963,0.808434
50910,33.578337,-117.064311,478.387783,33.578314,-117.064253,458.645,2.345348,0.808451
50925,33.578337,-117.064312,478.411617,33.578314,-117.064253,458.645603,2.345736,0.808468
50940,33.578337,-117.064312,478.434419,33.578314,-117.064253,458.646206,2.346131,0.808486
50955,33.578337,-117.064312,478.457636,33.578314,-117.064253,458.64681,2.346521,0.808504
50970,33.578337,-117.064312,478.480497,33.578314,-117.064253,458.647413,2.346911,0.808522
50985,33.578337,-117.064312,478.50278,33.578314,-117.064253,458.648016,2.347308,0.808541
51000,33.578337,-117.064312,478.524902,33.578314,-117.064253,458.64862,2.347707,0.808559
51015,33.578337,-117.064312,478.546426,33.578313,-117.064253,458.649223,2.348106,0.808578
51030,33.578337,-117.064312,478.567386,33.578313,-117.064253,458.649826,2.348511,0.808598
51045,33.578337,-117.064312,478.588287,33.578313,-117.064253,458.65043,2.348917,0.808618
51060,33.578337,-117.064313,478.609202,33.578313,-117.064253,458.651033,2.349317,0.808638
51075,33.578337,-117.064313,478.629424,33.578313,-117.064253,458.651636,2.349719,0.808658
51090,33.578336,-117.064313,478.649246,33.578313,-117.064253,458.65224,2.350125,0.808678
51105,33.578336,-117.064313,478.66883,33.578313,-117.064253,458.652843,2.350531,0.808699
51120,33.578336,-117.064313,478.688277,33.578313,-117.064253,458.653446,2.35094,0.80872
51135,33.578336,-117.064313,478.707223,33.578313,-117.064253,458.65405,2.351349,0.808742
51150,33.578336,-117.064313,478.72593,33.578313,-117.064253,458.654653,2.35176,0.808764
51165,33.578336,-117.064313,478.744561,33.578313,-117.064253,458.655256,2.352172,0.808786
51180,33.578336,-117.064313,478.762258,33.578313,-117.064253,458.65586,2.352591,0.808808
51195,33.578336,-117.064314,478.780018,33.578313,-117.064253,458.656463,2.353012,0.808831
51210,33.578336,-117.064314,478.797484,33.578313,-117.064253,458.657066,2.353432,0.808854
51225,33.578336,-117.064314,478.814445,33.578313,-117.064253,458.65767,2.353853,0.808877
51240,33.578336,-117.064314,478.831549,33.578313,-117.064253,458.658273,2.354269,0.808901
51255,33.578336,-117.064314,478.848809,33.578313,-117.064253,458.658876,2.35468,0.808925
51270,33.578336,-117.064314,478.864797,33.578313,-117.064253,458.65948,2.355104,0.808949
51285,33.578336,-117.064314,478.880409,33.578313,-117.064253,458.660083,2.355529,0.808973
51300,33.578336,-117.064314,478.89583,33.578313,-117.064253,458.660686,2.355955,0.808998
51315,33.578335,-117.064314,478.91081,33.578313,-117.064253,458.66129,2.356382,0.809023
51330,33.578335,-117.064315,478.925668,33.578313,-117.064253,458.661893,2.356805,0.809048
51345,33.578335,-117.064315,478.940252,33.578313,-117.064253,458.662496,2.357229,0.809074
51360,33.578335,-117.064315,478.953569,33.578313,-117.064253,458.6631,2.357664,0.8091
51375,33.578335,-117.064315,478.966698,33.578313,-117.064253,458.663703,2.358096,0.809126
51390,33.578335,-117.064315,478.979941,33.578313,-117.064253,458.664306,2.358526,0.809153
51405,33.578335,-117.064315,478.992485,33.578313,-117.064253,458.66491,2.358961,0.80918
51420,33.578335,-117.064315,479.005059,33.578313,-117.064253,458.665513,2.359389,0.809207
51435,33.578335,-117.064315,479.017363,33.578313,-117.064253,458.666116,2.359821,0.809235
51450,33.578335,-117.064315,479.029199,33.578313,-117.064253,458.66672,2.360254,0.809262
51465,33.578335,-117.064316,479.040699,33.578313,-117.064253,458.667323,2.360686,0.80929
51480,33.578335,-117.064316,479.051532,33.578313,-117.064253,458.667926,2.361122,0.809319
51495,33.578335,-117.064316,479.062479,33.578313,-117.064253,458.668529,2.361553,0.809347
51510,33.578335,-117.064316,479.072888,33.578313,-117.064253,458.669133,2.361986,0.809376
51525,33.578334,-117.064316,479.082882,33.578313,-117.064253,458.669736,2.362422,0.809406
51540,33.578334,-117.064316,479.092346,33.578313,-117.064253,458.670339,2.362859,0.809435
51555,33.578334,-117.064316,479.119423,33.578313,-117.064253,458.670943,2.363272,0.809465
51570,33.578334,-117.064316,479.146678,33.578313,-117.064253,458.671546,2.363685,0.809495
51585,33.578334,-117.064317,479.173096,33.578313,-117.064253,458.672149,2.364106,0.809526
51600,33.578334,-117.064317,479.199215,33.578313,-117.064253,458.672753,2.364526,0.809556
51615,33.578334,-117.064317,479.224866,33.578313,-117.064253,458.673356,2.364947,0.809588
51630,33.578334,-117.064317,479.250024,33.578313,-117.064253,458.673959,2.365374,0.809619
51645,33.578334,-117.064317,479.274582,33.578313,-117.064253,458.674563,2.365808,0.809651
51660,33.578334,-117.064317,479.299231,33.578313,-117.064253,458.675166,2.366237,0.809683
51675,33.578334,-117.064317,479.323427,33.578313,-117.064253,458.675769,2.366668,0.809715
51690,33.578334,-117.064318,479.347335,33.578313,-117.064253,458.676373,2.3671,0.809747
51705,33.578334,-117.064318,479.370473,33.578313,-117.064253,458.676976,2.367536,0.80978
51720,33.578334,-117.064318,479.393594,33.578313,-117.064253,458.677579,2.367972,0.809813
51735,33.578334,-117.064318,479.416308,33.578313,-117.064253,458.678183,2.368412,0.809847
51750,33.578334,-117.064318,479.438408,33.578313,-117.064253,458.678786,2.368853,0.809881
51765,33.578334,-117.064318,479.460315,33.578313,-117.064253,458.679389,2.369296,0.809915
51780,33.578334,-117.064318,479.481844,33.578313,-117.064253,458.679993,2.369742,0.809949
51795,33.578334,-117.064318,479.502788,33.578313,-117.064253,458.680596,2.370192,0.809984
51810,33.578334,-117.064319,479.523453,33.578312,-117.064253,458.681199,2.370643,0.810019
51825,33.578334,-117.064319,479.544112,33.578312,-117.064253,458.681803,2.371093,0.810054
51840,33.578334,-117.064319,479.564162,33.578312,-117.064253,458.682406,2.371541,0.810089
51855,33.578334,-117.064319,479.583641,33.578312,-117.064253,458.683009,2.371993,0.810125
51870,33.578334,-117.064319,479.602564,33.578312,-117.064253,458.683613,2.372451,0.810161
51885,33.578334,-117.064319,479.621318,33.578312,-117.064253,458.684216,2.37291,0.810198
51900,33.578334,-117.064319,479.639888,33.578312,-117.064253,458.684819,2.373368,0.810234
51915,33.578334,-117.06432,479.65828,33.578312,-117.064253,458.685423,2.373829,0.810271
51930,33.578334,-117.06432,479.676447,33.578312,-117.064253,458.686026,2.37429,0.810309
51945,33.578334,-117.06432,479.693443,33.578312,-117.064253,458.686629,2.374757,0.810346
51960,33.578334,-117.06432,479.710466,33.578312,-117.064253,458.687233,2.37522,0.810384
51975,33.578334,-117.06432,479.726963,33.578312,-117.064253,458.687836,2.375688,0.810423
51990,33.578334,-117.06432,479.743525,33.578312,-117.064253,458.688439,2.376151,0.810461
52005,33.578334,-117.06432,479.759177,33.578312,-117.064253,458.689043,2.376619,0.8105
52020,33.578334,-117.064321,479.774681,33.578312,-117.064253,458.689646,2.377091,0.810539
52035,33.578334,-117.064321,479.789343,33.578312,-117.064253,458.690249,2.377563,0.810578
52050,33.578334,-117.064321,479.803678,33.578312,-117.064253,458.690853,2.378037,0.810618
52065,33.578334,-117.064321,479.817622,33.578312,-117.064253,458.691456,2.378511,0.810658
52080,33.578334,-117.064321,479.831124,33.578312,-117.064253,458.692059,2.37899,0.810699
52095,33.578334,-117.064321,479.84439,33.578312,-117.064253,458.692663,2.379469,0.810739
52110,33.578334,-117.064321,479.857059,33.578312,-117.064253,458.693266,2.37995,0.81078
52125,33.578334,-117.064322,479.869323,33.578312,-117.064253,458.693869,2.38043,0.810821
52140,33.578334,-117.064322,479.881277,33.578312,-117.064253,458.694473,2.380912,0.810863
52155,33.578334,-117.064322,479.893129,33.578312,-117.064253,458.695076,2.381393,0.810905
52170,33.578334,-117.064322,479.904161,33.578312,-117.064253,458.695679,2.381878,0.810947
52185,33.578334,-117.064322,479.914857,33.578312,-117.064253,458.696283,2.382361,0.810989
52200,33.578334,-117.064322,479.924718,33.578312,-117.064253,458.696886,2.382846,0.811032
52215,33.578334,-117.064322,479.934439,33.578312,-117.064253,458.697489,2.383332,0.811075
52230,33.578334,-117.064323,479.943577,33.578312,-117.064253,458.698093,2.383821,0.811118
52245,33.578334,-117.064323,479.952327,33.578312,-117.064253,458.698696,2.384311,0.811162
52260,33.578334,-117.064323,479.959967,33.578312,-117.064253,458.699299,2.384805,0.811205
52275,33.578334,-117.064323,479.967608,33.578312,-117.064253,458.699903,2.385297,0.81125
52290,33.578334,-117.064323,479.974817,33.578312,-117.064253,458.700506,2.385789,0.811294
52305,33.578334,-117.064323,479.981978,33.578312,-117.064253,458.701109,2.386278,0.811339
52320,33.578334,-117.064324,479.988117,33.578312,-117.064253,458.701713,2.386768,0.811384
52335,33.578334,-117.064324,479.994274,33.578312,-117.064253,458.702316,2.38726,0.811429
52350,33.578334,-117.064324,479.999745,33.578312,-117.064253,458.702919,2.387753,0.811475
52365,33.578334,-117.064324,480.004768,33.578312,-117.064253,458.703523,2.388244,0.811521
52380,33.578334,-117.064324,480.009549,33.578312,-117.064253,458.704126,2.388737,0.811567
52395,33.578334,-117.064324,480.013894,33.578312,-117.064253,458.704729,2.389227,0.811614
52410,33.578334,-117.064324,480.017279,33.578312,-117.064253,458.705333,2.389726,0.81166
52425,33.578334,-117.064325,480.020243,33.578312,-117.064253,458.705936,2.390219,0.811708
52440,33.578334,-117.064325,480.023029,33.578312,-117.064253,458.706539,2.390713,0.811755
52455,33.578334,-117.064325,480.025463,33.578312,-117.064253,458.707143,2.391209,0.811803
52470,33.578334,-117.064325,480.027672,33.578312,-117.064253,458.707746,2.3917,0.811851
52485,33.578334,-117.064325,480.02943,33.578312,-117.064253,458.708349,2.392192,0.811899
52500,33.578334,-117.064325,480.030825,33.578312,-117.064253,458.708953,2.392683,0.811948
52515,33.578334,-117.064326,480.03141,33.578312,-117.064253,458.709556,2.393177,0.811997
52530,33.578334,-117.064326,480.031725,33.578312,-117.064253,458.710159,2.393672,0.812046
52545,33.578334,-117.064326,480.031275,33.578312,-117.064253,458.710763,2.394165,0.812095
52560,33.578334,-117.064326,480.030661,33.578312,-117.064253,458.711366,2.394658,0.812145
52575,33.578334,-117.064326,480.02987,33.578312,-117.064253,458.711969,2.39515,0.812195
52590,33.578334,-117.064326,480.02836,33.578311,-117.064253,458.712573,2.395641,0.812246
52605,33.578334,-117.064327,480.026004,33.578311,-117.064253,458.713176,2.396138,0.812296
52620,33.578334,-117.064327,480.022865,33.578311,-117.064253,458.713779,2.396634,0.812347
52635,33.578334,-117.064327,480.019932,33.578311,-117.064253,458.714383,2.397128,0.812399
52650,33.578334,-117.064327,480.01638,33.578311,-117.064253,458.714986,2.397621,0.81245
52665,33.578334,-117.064327,480.012803,33.578311,-117.064253,458.715589,2.398113,0.812502
52680,33.578334,-117.064328,480.008177,33.578311,-117.064253,458.716193,2.398607,0.812554
52695,33.578334,-117.064328,480.002615,33.578311,-117.064253,458.716796,2.399101,0.812607
52710,33.578335,-117.064328,479.996328,33.578311,-117.064253,458.717399,2.399595,0.81266
52725,33.578335,-117.064328,479.990128,33.578311,-117.064253,458.718003,2.400087,0.812713
52740,33.578335,-117.064328,479.984276,33.578311,-117.064253,458.718606,2.400574,0.812766
52755,33.578335,-117.064328,479.977499,33.578311,-117.064253,458.719209,2.401067,0.81282
52770,33.578335,-117.064329,479.970097,33.578311,-117.064253,458.719813,2.401555,0.812874
52785,33.578335,-117.064329,479.961786,33.578311,-117.064253,458.720416,2.402042,0.812928
52800,33.578335,-117.064329,479.95314,33.578311,-117.064253,458.721019,2.402532,0.812982
52815,33.578335,-117.064329,479.943914,33.578311,-117.064253,458.721623,2.40302,0.813037
52830,33.578335,-117.064329,479.934119,33.578311,-117.064253,458.722226,2.403511,0.813092
52845,33.578335,-117.064329,479.92423,33.578311,-117.064253,458.722829,2.403995,0.813148
52860,33.578335,-117.06433,479.914218,33.578311,-117.064253,458.723433,2.40448,0.813203
52875,33.578335,-117.06433,479.903428,33.578311,-117.064253,458.724036,2.404963,0.813259
52890,33.578335,-117.06433,479.891429,33.578311,-117.064253,458.724639,2.405446,0.813316
52905,33.578335,-117.06433,479.878774,33.578311,-117.064253,458.725243,2.405925,0.813372
52920,33.578335,-117.06433,479.865783,33.578311,-117.064253,458.725846,2.406401,0.813429
52935,33.578335,-117.064331,479.852643,33.578311,-117.064253,458.726449,2.406875,0.813486
52950,33.578335,-117.064331,479.838667,33.578311,-117.064253,458.727053,2.407348,0.813544
52965,33.578335,-117.064331,479.824546,33.578311,-117.064253,458.727656,2.40782,0.813602
52980,33.578335,-117.064331,479.810223,33.578311,-117.064253,458.728259,2.408287,0.81366
52995,33.578335,-117.064331,479.794627,33.578311,-117.064253,458.728863,2.408757,0.813718
53010,33.578335,-117.064332,479.777895,33.578311,-117.064253,458.729466,2.409229,0.813777
53025,33.578335,-117.064332,479.761364,33.578311,-117.064253,458.730069,2.409701,0.813836
53040,33.578335,-117.064332,479.744936,33.578311,-117.064253,458.730673,2.410167,0.813895
53055,33.578335,-117.064332,479.727611,33.578311,-117.064253,458.731276,2.410632,0.813955
53070,33.578335,-117.064332,479.739948,33.578311,-117.064253,458.731879,2.411177,0.814014
53085,33.578335,-117.064333,479.751431,33.578311,-117.064253,458.732483,2.411718,0.814075
53100,33.578335,-117.064333,479.76135,33.578311,-117.064253,458.733086,2.41226,0.814135
53115,33.578335,-117.064333,479.770638,33.578311,-117.064253,458.733689,2.412799,0.814196
53130,33.578335,-117.064333,479.779044,33.578311,-117.064253,458.734293,2.413341,0.814257
53145,33.578335,-117.064333,479.786549,33.578311,-117.064253,458.734896,2.413877,0.814318
53160,33.578335,-117.064334,479.793176,33.578311,-117.064253,458.735499,2.414419,0.81438
53175,33.578335,-117.064334,479.798644,33.578311,-117.064253,458.736103,2.414958,0.814442
53190,33.578335,-117.064334,479.803176,33.578311,-117.064253,458.736706,2.4155,0.814504
53205,33.578335,-117.064334,479.806648,33.578311,-117.064253,458.737309,2.41604,0.814566
53220,33.578335,-117.064334,479.809302,33.578311,-117.064253,458.737913,2.416581,0.814629
53235,33.578335,-117.064335,479.811029,33.578311,-117.064253,458.738516,2.417123,0.814692
53250,33.578335,-117.064335,479.811675,33.578311,-117.064253,458.739119,2.417661,0.814755
53265,33.578335,-117.064335,479.811329,33.578311,-117.064253,458.739723,2.418199,0.814819
53280,33.578335,-117.064335,479.810208,33.578311,-117.064253,458.740326,2.418737,0.814883
53295,33.578335,-117.064336,479.808308,33.578311,-117.064253,458.740929,2.419276,0.814947
53310,33.578335,-117.064336,479.805489,33.578311,-117.064253,458.741533,2.419814,0.815012
53325,33.578335,-117.064336,479.801623,33.578311,-117.064253,458.742136,2.420353,0.815077
53340,33.578335,-117.064336,479.796689,33.578311,-117.064253,458.742739,2.420889,0.815142
53355,33.578335,-117.064336,479.790777,33.578311,-117.064253,458.743343,2.421428,0.815207
53370,33.578335,-117.064337,479.783933,33.578311,-117.064253,458.743946,2.42196,0.815273
53385,33.578335,-117.064337,479.776193,33.57831,-117.064253,458.744549,2.422492,0.815339
53400,33.578335,-117.064337,479.767509,33.57831,-117.064253,458.745153,2.423023,0.815405
53415,33.578335,-117.064337,479.757645,33.57831,-117.064253,458.745756,2.423553,0.815472
53430,33.578335,-117.064337,479.746914,33.57831,-117.064253,458.746359,2.424081,0.815539
53445,33.578335,-117.064338,479.735213,33.57831,-117.064253,458.746963,2.42461,0.815606
53460,33.578335,-117.064338,479.722566,33.57831,-117.064253,458.747566,2.425134,0.815673
53475,33.578335,-117.064338,479.708917,33.57831,-117.064253,458.748169,2.425656,0.815741
53490,33.578335,-117.064338,479.694334,33.57831,-117.064253,458.748773,2.426177,0.815809
53505,33.578335,-117.064339,479.678637,33.57831,-117.064253,458.749376,2.426695,0.815877
53520,33.578335,-117.064339,479.662243,33.57831,-117.064253,458.749979,2.42721,0.815946
53535,33.578335,-117.064339,479.644614,33.57831,-117.064253,458.750583,2.427722,0.816015
53550,33.578335,-117.064339,479.626118,33.57831,-117.064253,458.751186,2.428234,0.816084
53565,33.578335,-117.064339,479.60673,33.57831,-117.064253,458.751789,2.428745,0.816154
53580,33.578335,-117.06434,479.58631,33.57831,-117.064253,458.752393,2.429251,0.816223
53595,33.578335,-117.06434,479.565201,33.57831,-117.064253,458.752996,2.42976,0.816294
53610,33.578335,-117.06434,479.54344,33.57831,-117.064253,458.753599,2.430269,0.816364
53625,33.578335,-117.06434,479.520769,33.57831,-117.064253,458.754203,2.430775,0.816435
53640,33.578335,-117.064341,479.497174,33.57831,-117.064253,458.754806,2.43128,0.816506
53655,33.578335,-117.064341,479.472654,33.57831,-117.064253,458.755409,2.431782,0.816577
53670,33.578335,-117.064341,479.447585,33.57831,-117.064253,458.756013,2.432284,0.816648
53685,33.578335,-117.064341,479.421395,33.57831,-117.064253,458.756616,2.432779,0.81672
53700,33.578335,-117.064341,479.394373,33.57831,-117.064253,458.757219,2.433276,0.816792
53715,33.578335,-117.064342,479.36651,33.57831,-117.064253,458.757823,2.433768,0.816865
53730,33.578335,-117.064342,479.337582,33.57831,-117.064253,458.758426,2.434259,0.816937
53745,33.578335,-117.064342,479.307624,33.57831,-117.064253,458.759029,2.434743,0.81701
53760,33.578335,-117.064342,479.276978,33.57831,-117.064253,458.759633,2.435226,0.817084
53775,33.578335,-117.064343,479.245398,33.57831,-117.064253,458.760236,2.435704,0.817157
53790,33.578335,-117.064343,479.212612,33.57831,-117.064253,458.760839,2.436179,0.817231
53805,33.578335,-117.064343,479.179229,33.57831,-117.064253,458.761443,2.436652,0.817305
53820,33.578335,-117.064343,479.14494,33.57831,-117.064253,458.762046,2.437124,0.81738
53835,33.578335,-117.064343,479.109784,33.57831,-117.064253,458.762649,2.43759,0.817454
53850,33.578336,-117.064344,479.073962,33.57831,-117.064253,458.763253,2.438056,0.81753
53865,33.578336,-117.064344,479.037379,33.57831,-117.064253,458.763856,2.438519,0.817605
53880,33.578336,-117.064344,479.000012,33.57831,-117.064253,458.764459,2.438975,0.81768
53895,33.578336,-117.064344,478.962076,33.57831,-117.064253,458.765063,2.439432,0.817756
53910,33.578336,-117.064345,478.92299,33.57831,-117.064253,458.765666,2.439881,0.817833
53925,33.578336,-117.064345,478.883398,33.57831,-117.064253,458.766269,2.440331,0.817909
53940,33.578336,-117.064345,478.842639,33.57831,-117.064253,458.766873,2.440774,0.817986
53955,33.578336,-117.064345,478.801136,33.57831,-117.064253,458.767476,2.441215,0.818063
53970,33.578336,-117.064346,478.758811,33.57831,-117.064253,458.768079,2.44165,0.81814
53985,33.578336,-117.064346,478.715506,33.57831,-117.064253,458.768683,2.442083,0.818218
54000,33.578336,-117.064346,478.672838,33.57831,-117.064253,458.769286,2.442511,0.818296
54015,33.578336,-117.064346,478.62903,33.57831,-117.064253,458.769889,2.442932,0.818374
54030,33.578336,-117.064347,478.584619,33.57831,-117.064253,458.770493,2.443354,0.818453
54045,33.578336,-117.064347,478.539288,33.57831,-117.064253,458.771096,2.44377,0.818531
54060,33.578336,-117.064347,478.49287,33.57831,-117.064253,458.771699,2.444179,0.81861
54075,33.578336,-117.064347,478.445964,33.57831,-117.064253,458.772303,2.444591,0.81869
54090,33.578337,-117.064348,478.39803,33.57831,-117.064253,458.772906,2.444995,0.818769
54105,33.578337,-117.064348,478.349801,33.57831,-117.064253,458.773509,2.445398,0.818849
54120,33.578337,-117.064348,478.300587,33.57831,-117.064253,458.774113,2.445792,0.81893
54135,33.578337,-117.064348,478.250553,33.57831,-117.064253,458.774716,2.446183,0.81901
54150,33.578337,-117.064349,478.199811,33.57831,-117.064253,458.775319,2.446569,0.819091
54165,33.578337,-117.064349,478.148496,33.57831,-117.064253,458.775923,2.446955,0.819172
54180,33.578337,-117.064349,478.095737,33.578309,-117.064253,458.776526,2.447327,0.819253
54195,33.578337,-117.06435,478.042377,33.578309,-117.064253,458.777129,2.447701,0.819335
54210,33.578337,-117.06435,477.988336,33.578309,-117.064253,458.777733,2.448072,0.819417
54225,33.578337,-117.06435,477.933285,33.578309,-117.064253,458.778336,2.448431,0.819499
54240,33.578337,-117.06435,477.877697,33.578309,-117.064253,458.778939,2.448792,0.819582
54255,33.578337,-117.064351,477.821014,33.578309,-117.064253,458.779543,2.449141,0.819665
54270,33.578337,-117.064351,477.763894,33.578309,-117.064253,458.780146,2.449493,0.819748
54285,33.578338,-117.064351,477.706153,33.578309,-117.064253,458.780749,2.449836,0.819831
54300,33.578338,-117.064351,477.647683,33.578309,-117.064253,458.781353,2.450179,0.819915
54315,33.578338,-117.064352,477.588433,33.578309,-117.064253,458.781956,2.450514,0.819999
54330,33.578338,-117.064352,477.528549,33.578309,-117.064253,458.782559,2.450842,0.820083
54345,33.578338,-117.064352,477.467955,33.578309,-117.064253,458.783163,2.451168,0.820168
54360,33.578338,-117.064353,477.406633,33.578309,-117.064253,458.783766,2.451489,0.820253
54375,33.578338,-117.064353,477.345132,33.578309,-117.064253,458.784369,2.451811,0.820338
54390,33.578338,-117.064353,477.282535,33.578309,-117.064253,458.784973,2.452127,0.820423
54405,33.578338,-117.064353,477.21975,33.578309,-117.064253,458.785576,2.452437,0.820509
54420,33.578338,-117.064354,477.156155,33.578309,-117.064253,458.786179,2.452744,0.820595
54435,33.578338,-117.064354,477.091738,33.578309,-117.064253,458.786783,2.453041,0.820681
54450,33.578339,-117.064354,477.026392,33.578309,-117.064253,458.787386,2.453329,0.820768
54465,33.578339,-117.064355,476.960343,33.578309,-117.064253,458.787989,2.453614,0.820855
54480,33.578339,-117.064355,476.893239,33.578309,-117.064253,458.788593,2.453889,0.820942
54495,33.578339,-117.064355,476.825886,33.578309,-117.064253,458.789196,2.454164,0.821029
54510,33.578339,-117.064355,476.75765,33.578309,-117.064253,458.789799,2.454429,0.821117
54525,33.578339,-117.064356,476.688708,33.578309,-117.064253,458.790403,2.454692,0.821205
54540,33.578339,-117.064356,476.619009,33.578309,-117.064253,458.791006,2.454952,0.821293
54555,33.578339,-117.064356,476.549061,33.578309,-117.064253,458.791609,2.455205,0.821382
54570,33.578339,-117.064357,476.478236,33.578309,-117.064253,458.792213,2.455455,0.821471
54585,33.578339,-117.064357,476.40711,33.578309,-117.064253,458.792816,2.455702,0.82156
54600,33.57834,-117.064357,476.335374,33.578309,-117.064253,458.793419,2.455941,0.821649
54615,33.57834,-117.064358,476.263537,33.578309,-117.064253,458.794023,2.456175,0.821739
54630,33.57834,-117.064358,476.257176,33.578309,-117.064253,458.794626,2.456654,0.821829
54645,33.57834,-117.064358,476.250407,33.578309,-117.064253,458.795229,2.45713,0.821919
54660,33.57834,-117.064358,476.243295,33.578309,-117.064253,458.795833,2.45761,0.82201
54675,33.578339,-117.064358,476.235777,33.578309,-117.064253,458.796436,2.458084,0.822101
54690,33.578339,-117.064358,476.22762,33.578309,-117.064253,458.797039,2.458553,0.822192
54705,33.578339,-117.064358,476.219134,33.578309,-117.064253,458.797643,2.459025,0.822283
54720,33.578339,-117.064358,476.210164,33.578309,-117.064253,458.798246,2.459493,0.822375
54735,33.578339,-117.064358,476.201066,33.578309,-117.064253,458.798849,2.459964,0.822467
54750,33.578339,-117.064358,476.191257,33.578309,-117.064253,458.799453,2.460428,0.822559
54765,33.578339,-117.064359,476.181352,33.578309,-117.064253,458.800056,2.460891,0.822652
54780,33.578339,-117.064359,476.170756,33.578309,-117.064253,458.800659,2.461348,0.822745
54795,33.578339,-117.064359,476.159867,33.578309,-117.064253,458.801263,2.461803,0.822838
54810,33.578339,-117.064359,476.148382,33.578309,-117.064253,458.801866,2.462253,0.822931
54825,33.578339,-117.064359,476.136939,33.578309,-117.064253,458.802469,2.462711,0.823025
54840,33.578339,-117.064359,476.12513,33.578309,-117.064253,458.803073,2.463158,0.823119
54855,33.578339,-117.064359,476.112797,33.578309,-117.064253,458.803676,2.463607,0.823213
54870,33.578339,-117.064359,476.100283,33.578309,-117.064253,458.804279,2.464063,0.823308
54885,33.578339,-117.064359,476.087491,33.578309,-117.064253,458.804883,2.464507,0.823403
54900,33.578339,-117.064359,476.074348,33.578309,-117.064253,458.805486,2.46496,0.823498
54915,33.578339,-117.06436,476.060398,33.578309,-117.064253,458.806089,2.465405,0.823593
54930,33.578339,-117.06436,476.046058,33.578309,-117.064253,458.806693,2.465842,0.823689
54945,33.578338,-117.06436,476.031287,33.578309,-117.064253,458.807296,2.46628,0.823785
54960,33.578338,-117.06436,476.016024,33.578308,-117.064253,458.807899,2.46672,0.823881
54975,33.578338,-117.06436,476.000414,33.578308,-117.064253,458.808503,2.467148,0.823978
54990,33.578338,-117.06436,475.984483,33.578308,-117.064253,458.809106,2.467581,0.824075
55005,33.578338,-117.06436,475.968149,33.578308,-117.064253,458.809709,2.468011,0.824172
55020,33.578338,-117.06436,475.951606,33.578308,-117.064253,458.810313,2.468434,0.824269
55035,33.578338,-117.06436,475.93482,33.578308,-117.064253,458.810916,2.468861,0.824367
55050,33.578338,-117.06436,475.917722,33.578308,-117.064254,458.811519,2.469286,0.824465
55065,33.578338,-117.06436,475.900086,33.578308,-117.064254,458.812123,2.469708,0.824563
55080,33.578338,-117.06436,475.882244,33.578308,-117.064254,458.812726,2.470123,0.824662
55095,33.578338,-117.064361,475.863989,33.578308,-117.064254,458.813329,2.470546,0.824761
55110,33.578338,-117.064361,475.845064,33.578308,-117.064254,458.813933,2.470952,0.82486
55125,33.578338,-117.064361,475.826015,33.578308,-117.064254,458.814536,2.471365,0.824959
55140,33.578338,-117.064361,475.80662,33.578308,-117.064254,458.815139,2.471783,0.825059
55155,33.578338,-117.064361,475.787002,33.578308,-117.064254,458.815743,2.472187,0.825159
55170,33.578338,-117.064361,475.766836,33.578308,-117.064254,458.816346,2.47259,0.825259
55185,33.578338,-117.064361,475.745925,33.578308,-117.064254,458.816949,2.472987,0.825359
55200,33.578337,-117.064361,475.725158,33.578308,-117.064254,458.817553,2.473382,0.82546
55215,33.578337,-117.064361,475.703848,33.578308,-117.064254,458.818156,2.473774,0.825561
55230,33.578337,-117.064361,475.682262,33.578308,-117.064254,458.818759,2.474171,0.825663
55245,33.578337,-117.064361,475.659967,33.578308,-117.064254,458.819363,2.474553,0.825764
55260,33.578337,-117.064361,475.637748,33.578308,-117.064254,458.819966,2.474941,0.825866
55275,33.578337,-117.064362,475.615121,33.578308,-117.064254,458.820569,2.475333,0.825968
55290,33.578337,-117.064362,475.591976,33.578308,-117.064254,458.821173,2.47572,0.826071
55305,33.578337,-117.064362,475.568512,33.578308,-117.064254,458.821776,2.476093,0.826174
55320,33.578337,-117.064362,475.544675,33.578308,-117.064254,458.822379,2.47647,0.826277
55335,33.578337,-117.064362,475.520566,33.578308,-117.064254,458.822983,2.476839,0.82638
55350,33.578337,-117.064362,475.496511,33.578308,-117.064254,458.823586,2.477208,0.826484
55365,33.578337,-117.064362,475.471954,33.578308,-117.064254,458.824189,2.477574,0.826588
55380,33.578337,-117.064362,475.447067,33.578308,-117.064254,458.824793,2.477946,0.826692
55395,33.578337,-117.064362,475.421763,33.578308,-117.064254,458.825396,2.478309,0.826796
55410,33.578337,-117.064362,475.396436,33.578308,-117.064254,458.825999,2.478673,0.826901
55425,33.578337,-117.064362,475.37065,33.578308,-117.064254,458.826603,2.479042,0.827006
55440,33.578336,-117.064362,475.344125,33.578308,-117.064254,458.827206,2.479394,0.827111
55455,33.578336,-117.064362,475.31803,33.578308,-117.064254,458.827809,2.479749,0.827217
55470,33.578336,-117.064362,475.291254,33.578308,-117.064254,458.828413,2.480098,0.827323
55485,33.578336,-117.064363,475.26417,33.578308,-117.064254,458.829016,2.480451,0.827429
55500,33.578336,-117.064363,475.236619,33.578308,-117.064254,458.829619,2.480795,0.827535
55515,33.578336,-117.064363,475.208475,33.578308,-117.064254,458.830223,2.481128,0.827642
55530,33.578336,-117.064363,475.180496,33.578308,-117.064254,458.830826,2.481467,0.827749
55545,33.578336,-117.064363,475.152022,33.578308,-117.064254,458.831429,2.481797,0.827856
55560,33.578336,-117.064363,475.123269,33.578308,-117.064254,458.832033,2.482115,0.827964
55575,33.578336,-117.064363,475.094143,33.578308,-117.064254,458.832636,2.482437,0.828072
55590,33.578336,-117.064363,475.064282,33.578308,-117.064254,458.833239,2.482753,0.82818
55605,33.578336,-117.064363,475.034225,33.578308,-117.064254,458.833843,2.483063,0.828288
55620,33.578336,-117.064363,475.003811,33.578308,-117.064254,458.834446,2.483372,0.828397
55635,33.578336,-117.064363,474.973028,33.578308,-117.064254,458.835049,2.48368,0.828506
55650,33.578336,-117.064363,474.941789,33.578308,-117.064254,458.835653,2.483985,0.828615
55665,33.578335,-117.064363,474.910307,33.578308,-117.064254,458.836256,2.484281,0.828724
55680,33.578335,-117.064363,474.878003,33.578308,-117.064254,458.836859,2.48457,0.828834
55695,33.578335,-117.064363,474.845422,33.578308,-117.064254,458.837463,2.484857,0.828944
55710,33.578335,-117.064363,474.812657,33.578308,-117.064254,458.838066,2.485148,0.829054
55725,33.578335,-117.064364,474.77948,33.578308,-117.064254,458.838669,2.485427,0.829165
55740,33.578335,-117.064364,474.746352,33.578308,-117.064254,458.839273,2.485703,0.829276
55755,33.578335,-117.064364,474.712437,33.578307,-117.064254,458.839876,2.485977,0.829387
55770,33.578335,-117.064364,474.678672,33.578307,-117.064254,458.840479,2.486243,0.829498
55785,33.578335,-117.064364,474.644227,33.578307,-117.064254,458.841083,2.486512,0.82961
55800,33.578335,-117.064364,474.609184,33.578307,-117.064254,458.841686,2.486765,0.829722
55815,33.578335,-117.064364,474.573858,33.578307,-117.064254,458.842289,2.487025,0.829834
55830,33.578335,-117.064364,474.538854,33.578307,-117.064254,458.842893,2.487284,0.829947
55845,33.578335,-117.064364,474.503273,33.578307,-117.064254,458.843496,2.48753,0.83006
55860,33.578334,-117.064364,474.467857,33.578307,-117.064254,458.844099,2.487785,0.830173
55875,33.578334,-117.064364,474.431783,33.578307,-117.064254,458.844703,2.488032,0.830286
55890,33.578334,-117.064364,474.395395,33.578307,-117.064254,458.845306,2.488267,0.8304
55905,33.578334,-117.064364,474.358753,33.578307,-117.064254,458.845909,2.488505,0.830514
55920,33.578334,-117.064364,474.321993,33.578307,-117.064254,458.846513,2.488737,0.830628
55935,33.578334,-117.064364,474.284497,33.578307,-117.064254,458.847116,2.488957,0.830743
55950,33.578334,-117.064364,474.247613,33.578307,-117.064254,458.847719,2.489192,0.830857
55965,33.578334,-117.064364,474.210094,33.578307,-117.064254,458.848323,2.489413,0.830972
55980,33.578334,-117.064364,474.172247,33.578307,-117.064254,458.848926,2.489627,0.831088
55995,33.578334,-117.064364,474.13408,33.578307,-117.064254,458.849529,2.489847,0.831203
56010,33.578334,-117.064364,474.095291,33.578307,-117.064254,458.850133,2.490047,0.831319
56025,33.578334,-117.064365,474.056251,33.578307,-117.064254,458.850736,2.490247,0.831435
56040,33.578334,-117.064365,474.01702,33.578307,-117.064254,458.851339,2.490446,0.831552
56055,33.578333,-117.064365,473.976802,33.578307,-117.064254,458.851943,2.490631,0.831668
56070,33.578333,-117.064365,473.936029,33.578307,-117.064254,458.852546,2.490815,0.831785
56085,33.578333,-117.064365,473.89549,33.578307,-117.064254,458.853149,2.491001,0.831903
56100,33.578333,-117.064365,473.854224,33.578307,-117.064254,458.853753,2.491174,0.83202
56115,33.578333,-117.064365,473.812847,33.578307,-117.064254,458.854356,2.491336,0.832138
56130,33.578333,-117.064365,473.771349,33.578307,-117.064254,458.854959,2.491498,0.832256
56145,33.578333,-117.064365,473.743128,33.578307,-117.064254,458.855563,2.491785,0.832374
56160,33.578333,-117.064365,473.714525,33.578307,-117.064254,458.856166,2.492067,0.832493
56175,33.578333,-117.064365,473.685526,33.578307,-117.064254,458.856769,2.492341,0.832612
56190,33.578333,-117.064365,473.656289,33.578307,-117.064254,458.857373,2.492611,0.832731
56205,33.578333,-117.064365,473.626803,33.578307,-117.064254,458.857976,2.492884,0.83285
56220,33.578333,-117.064365,473.59693,33.578307,-117.064254,458.858579,2.49315,0.83297
56235,33.578333,-117.064365,473.56679,33.578307,-117.064254,458.859183,2.493412,0.83309
56250,33.578333,-117.064365,473.536023,33.578307,-117.064254,458.859786,2.49367,0.83321
56265,33.578333,-117.064365,473.504998,33.578307,-117.064254,458.860389,2.493919,0.833331
56280,33.578333,-117.064365,473.473836,33.578307,-117.064254,458.860993,2.494172,0.833452
56295,33.578333,-117.064365,473.44251,33.578307,-117.064254,458.861596,2.494416,0.833573
56310,33.578332,-117.064365,473.410974,33.578307,-117.064254,458.862199,2.494656,0.833694
56325,33.578332,-117.064365,473.3794,33.578307,-117.064254,458.862803,2.494894,0.833816
56340,33.578332,-117.064365,473.34751,33.578307,-117.064254,458.863406,2.49513,0.833938
56355,33.578332,-117.064365,473.3154,33.578307,-117.064254,458.864009,2.495362,0.83406
56370,33.578332,-117.064365,473.28268,33.578307,-117.064254,458.864613,2.495586,0.834182
56385,33.578332,-117.064365,473.250223,33.578307,-117.064254,458.865216,2.495817,0.834305
56400,33.578332,-117.064365,473.217355,33.578307,-117.064254,458.865819,2.49604,0.834428
56415,33.578332,-117.064365,473.18421,33.578307,-117.064254,458.866423,2.496256,0.834551
56430,33.578332,-117.064365,473.151145,33.578307,-117.064254,458.867026,2.496475,0.834675
56445,33.578332,-117.064365,473.117608,33.578307,-117.064254,458.867629,2.496694,0.834799
56460,33.578332,-117.064365,473.083574,33.578307,-117.064254,458.868233,2.496894,0.834923
56475,33.578332,-117.064365,473.049343,33.578307,-117.064254,458.868836,2.497087,0.835047
56490,33.578332,-117.064365,473.015218,33.578307,-117.064254,458.869439,2.497299,0.835172
56505,33.578332,-117.064366,472.980426,33.578307,-117.064254,458.870043,2.497488,0.835297
56520,33.578332,-117.064366,472.945137,33.578307,-117.064254,458.870646,2.497671,0.835422
56535,33.578332,-117.064366,472.909704,33.578307,-117.064254,458.871249,2.497857,0.835547
56550,33.578332,-117.064366,472.873687,33.578306,-117.064254,458.871853,2.49803,0.835673
56565,33.578331,-117.064366,472.837531,33.578306,-117.064254,458.872456,2.49819,0.835799
56580,33.578331,-117.064366,472.801037,33.578306,-117.064254,458.873059,2.498351,0.835925
56595,33.578331,-117.064366,472.764332,33.578306,-117.064254,458.873663,2.498526,0.836052
56610,33.578331,-117.064366,472.727225,33.578306,-117.064254,458.874266,2.498678,0.836179
56625,33.578331,-117.064366,472.690247,33.578306,-117.064254,458.874869,2.498827,0.836306
56640,33.578331,-117.064366,472.652857,33.578306,-117.064254,458.875473,2.498992,0.836433
56655,33.578331,-117.064366,472.6149,33.578306,-117.064254,458.876076,2.499135,0.836561
56670,33.578331,-117.064366,472.576658,33.578306,-117.064254,458.876679,2.499266,0.836689
56685,33.578331,-117.064366,472.538343,33.578306,-117.064254,458.877283,2.499399,0.836817
56700,33.578331,-117.064366,472.499253,33.578306,-117.064254,458.877886,2.499534,0.836945
56715,33.578331,-117.064366,472.460014,33.578306,-117.064254,458.878489,2.499644,0.837074
56730,33.578331,-117.064366,472.421045,33.578306,-117.064254,458.879093,2.499755,0.837203
56745,33.578331,-117.064366,472.381919,33.578306,-117.064254,458.879696,2.499885,0.837332
56760,33.578331,-117.064366,472.342156,33.578306,-117.064254,458.880299,2.500004,0.837462
56775,33.57833,-117.064366,472.301761,33.578306,-117.064254,458.880903,2.500096,0.837592
56790,33.57833,-117.064366,472.261661,33.578306,-117.064254,458.881506,2.500191,0.837722
56805,33.57833,-117.064366,472.221108,33.578306,-117.064254,458.882109,2.50029,0.837852
56820,33.57833,-117.064366,472.18014,33.578306,-117.064254,458.882713,2.500384,0.837983
56835,33.57833,-117.064366,472.139235,33.578306,-117.064254,458.883316,2.500468,0.838113
56850,33.57833,-117.064366,472.098568,33.578306,-117.064254,458.883919,2.500554,0.838245
56865,33.57833,-117.064366,472.057416,33.578306,-117.064254,458.884523,2.500636,0.838376
56880,33.57833,-117.064366,472.015526,33.578306,-117.064254,458.885126,2.500714,0.838508
56895,33.57833,-117.064366,471.973243,33.578306,-117.064254,458.885729,2.500771,0.83864
56910,33.57833,-117.064366,471.931348,33.578306,-117.064254,458.886333,2.500839,0.838772
56925,33.57833,-117.064366,471.889065,33.578306,-117.064254,458.886936,2.50091,0.838904
56940,33.578329,-117.064366,471.845562,33.578306,-117.064254,458.887539,2.500959,0.839037
56955,33.578329,-117.064366,471.802523,33.578306,-117.064254,458.888143,2.501,0.83917
56970,33.578329,-117.064366,471.758828,33.578306,-117.064254,458.888746,2.501044,0.839303
56985,33.578329,-117.064366,471.714865,33.578306,-117.064254,458.889349,2.501088,0.839437
57000,33.578329,-117.064366,471.670619,33.578306,-117.064254,458.889953,2.501119,0.839571
57015,33.578329,-117.064366,471.626384,33.578306,-117.064254,458.890556,2.501133,0.839705
57030,33.578329,-117.064366,471.58185,33.578306,-117.064254,458.891159,2.501139,0.839839
57045,33.578329,-117.064366,471.536734,33.578306,-117.064254,458.891763,2.50115,0.839974
57060,33.57833,-117.064366,471.592341,33.578306,-117.064254,458.892366,2.499582,0.840109
57075,33.578331,-117.064365,471.645284,33.578306,-117.064254,458.892969,2.498071,0.840244
57090,33.578332,-117.064365,471.694995,33.578306,-117.064254,458.893573,2.496622,0.840379
57105,33.578332,-117.064364,471.745265,33.578306,-117.064254,458.894176,2.495181,0.840515
57120,33.578333,-117.064364,471.794877,33.578306,-117.064254,458.894779,2.493768,0.840651
57135,33.578334,-117.064364,471.842948,33.578306,-117.064254,458.895383,2.492406,0.840787
57150,33.578335,-117.064363,471.890045,33.578306,-117.064254,458.895986,2.491087,0.840924
57165,33.578336,-117.064363,471.937161,33.578306,-117.064254,458.896589,2.489763,0.84106
57180,33.578337,-117.064362,471.983448,33.578306,-117.064254,458.897193,2.488468,0.841197
57195,33.578337,-117.064362,472.029659,33.578306,-117.064254,458.897796,2.487204,0.841335
57210,33.578338,-117.064362,472.074209,33.578306,-117.064254,458.898399,2.485976,0.841472
57225,33.578339,-117.064361,472.117552,33.578306,-117.064254,458.899003,2.484787,0.84161
57240,33.578339,-117.064361,472.204639,33.578306,-117.064254,458.899606,2.483832,0.841748
57255,33.57834,-117.064361,472.290938,33.578306,-117.064254,458.900209,2.48289,0.841887
57270,33.578341,-117.064361,472.376698,33.578306,-117.064254,458.900813,2.481968,0.842025
57285,33.578341,-117.064361,472.460376,33.578306,-117.064254,458.901416,2.481084,0.842164
57300,33.578342,-117.064361,472.544358,33.578306,-117.064254,458.902019,2.480203,0.842303
57315,33.578342,-117.06436,472.627248,33.578306,-117.064254,458.902623,2.479341,0.842443
57330,33.578343,-117.06436,472.7081,33.578305,-117.064254,458.903226,2.478515,0.842582
57345,33.578343,-117.06436,472.789619,33.578305,-117.064254,458.903829,2.477687,0.842722
57360,33.578344,-117.06436,472.869904,33.578305,-117.064254,458.904433,2.476887,0.842863
57375,33.578345,-117.06436,472.948932,33.578305,-117.064254,458.905036,2.47611,0.843003
57390,33.578345,-117.06436,473.026675,33.578305,-117.064254,458.905639,2.475353,0.843144
57405,33.578346,-117.064359,473.103077,33.578305,-117.064254,458.906243,2.474619,0.843285
57420,33.578346,-117.064359,473.114412,33.578305,-117.064254,458.906846,2.473833,0.843426
57435,33.578346,-117.064359,473.126246,33.578305,-117.064254,458.907449,2.473056,0.843568
57450,33.578346,-117.064359,473.136128,33.578305,-117.064254,458.908053,2.472306,0.843709
57465,33.578346,-117.064359,473.147402,33.578305,-117.064254,458.908656,2.471533,0.843852
57480,33.578346,-117.064359,473.159153,33.578305,-117.064254,458.909259,2.470771,0.843994
57495,33.578347,-117.064359,473.169751,33.578305,-117.064254,458.909863,2.470025,0.844136
57510,33.578347,-117.064359,473.181051,33.578305,-117.064254,458.910466,2.469276,0.844279
57525,33.578347,-117.064359,473.192458,33.578305,-117.064254,458.911069,2.468523,0.844422
57540,33.578347,-117.064359,473.203906,33.578305,-117.064254,458.911673,2.467772,0.844566
57555,33.578347,-117.064359,473.214659,33.578305,-117.064254,458.912276,2.467032,0.844709
57570,33.578347,-117.064359,473.22547,33.578305,-117.064254,458.912879,2.466299,0.844853
57585,33.578348,-117.064359,473.235724,33.578305,-117.064254,458.913483,2.465587,0.844998
57600,33.578348,-117.064359,473.245264,33.578305,-117.064254,458.914086,2.464883,0.845142
57615,33.578348,-117.064359,473.254394,33.578305,-117.064254,458.914689,2.464184,0.845287
57630,33.578348,-117.064359,473.262634,33.578305,-117.064254,458.915293,2.463513,0.845432
57645,33.578348,-117.064358,473.272003,33.578305,-117.064254,458.915896,2.462831,0.845577
57660,33.578348,-117.064358,473.281166,33.578305,-117.064254,458.916499,2.46216,0.845722
57675,33.578348,-117.064358,473.290365,33.578305,-117.064254,458.917103,2.461476,0.845868
57690,33.578349,-117.064358,473.300849,33.578305,-117.064254,458.917706,2.46078,0.846014
57705,33.578349,-117.064358,473.310247,33.578305,-117.064254,458.918309,2.460105,0.84616
57720,33.578349,-117.064358,473.31844,33.578305,-117.064254,458.918913,2.459452,0.846307
57735,33.578349,-117.064358,473.327519,33.578305,-117.064254,458.919516,2.458791,0.846454
57750,33.578349,-117.064358,473.334867,33.578305,-117.064254,458.920119,2.458154,0.846601
57765,33.578349,-117.064358,473.344103,33.578305,-117.064254,458.920723,2.457497,0.846748
57780,33.578349,-117.064358,473.352666,33.578305,-117.064254,458.921326,2.456856,0.846896
57795,33.578349,-117.064358,473.360742,33.578305,-117.064254,458.921929,2.456217,0.847044
57810,33.57835,-117.064358,473.367918,33.578305,-117.064254,458.922533,2.455583,0.847192
57825,33.57835,-117.064358,473.375218,33.578305,-117.064254,458.923136,2.45496,0.84734
57840,33.57835,-117.064358,473.382941,33.578305,-117.064254,458.923739,2.454333,0.847489
57855,33.57835,-117.064357,473.390914,33.578305,-117.064254,458.924343,2.453699,0.847638
57870,33.57835,-117.064357,473.397245,33.578305,-117.064254,458.924946,2.453088,0.847787
57885,33.57835,-117.064357,473.404127,33.578305,-117.064254,458.925549,2.452472,0.847936
57900,33.57835,-117.064357,473.410213,33.578305,-117.064254,458.926153,2.451865,0.848086
57915,33.57835,-117.064357,473.416032,33.578305,-117.064254,458.926756,2.451274,0.848236
57930,33.57835,-117.064357,473.422203,33.578305,-117.064254,458.927359,2.450678,0.848386
57945,33.57835,-117.064357,473.428919,33.578305,-117.064254,458.927963,2.450084,0.848536
57960,33.57835,-117.064357,473.435517,33.578305,-117.064254,458.928566,2.449494,0.848687
57975,33.578351,-117.064357,473.440415,33.578305,-117.064254,458.929169,2.448912,0.848838
57990,33.578351,-117.064357,473.445493,33.578305,-117.064254,458.929773,2.448337,0.848989
58005,33.578351,-117.064357,473.450112,33.578305,-117.064254,458.930376,2.44777,0.849141
58020,33.578351,-117.064357,473.453513,33.578305,-117.064254,458.930979,2.447206,0.849292
58035,33.578351,-117.064357,473.458424,33.578305,-117.064254,458.931583,2.446623,0.849444
58050,33.578351,-117.064356,473.463055,33.578305,-117.064254,458.932186,2.446053,0.849597
58065,33.578351,-117.064356,473.46729,33.578305,-117.064254,458.932789,2.445482,0.849749
58080,33.578351,-117.064356,473.470943,33.578305,-117.064254,458.933393,2.444927,0.849902
58095,33.578351,-117.064356,473.475183,33.578305,-117.064254,458.933996,2.444364,0.850055
58110,33.578351,-117.064356,473.477552,33.578305,-117.064254,458.934599,2.443823,0.850208
58125,33.578351,-117.064356,473.480835,33.578304,-117.064254,458.935203,2.443269,0.850362
58140,33.578351,-117.064356,473.483524,33.578304,-117.064254,458.935806,2.442724,0.850516
58155,33.578351,-117.064356,473.486946,33.578304,-117.064254,458.936409,2.442182,0.85067
58170,33.578351,-117.064356,473.489483,33.578304,-117.064254,458.937013,2.441635,0.850824
58185,33.578351,-117.064356,473.491758,33.578304,-117.064254,458.937616,2.441101,0.850979
58200,33.578351,-117.064355,473.493439,33.578304,-117.064254,458.938219,2.440562,0.851133
58215,33.578351,-117.064355,473.494698,33.578304,-117.064254,458.938823,2.440034,0.851289
58230,33.578351,-117.064355,473.496261,33.578304,-117.064254,458.939426,2.439502,0.851444
58245,33.578351,-117.064355,473.498077,33.578304,-117.064254,458.940029,2.438973,0.8516
58260,33.578351,-117.064355,473.499403,33.578304,-117.064254,458.940633,2.438445,0.851755
58275,33.578351,-117.064355,473.500061,33.578304,-117.064254,458.941236,2.437903,0.851912
58290,33.578351,-117.064355,473.501128,33.578304,-117.064254,458.941839,2.437368,0.852068
58305,33.578352,-117.064355,473.501089,33.578304,-117.064254,458.942443,2.436846,0.852225
58320,33.578352,-117.064355,473.500917,33.578304,-117.064254,458.943046,2.436333,0.852381
58335,33.578352,-117.064355,473.500587,33.578304,-117.064254,458.943649,2.435806,0.852539
58350,33.578352,-117.064354,473.499482,33.578304,-117.064254,458.944253,2.435297,0.852696
58365,33.578352,-117.064354,473.497967,33.578304,-117.064254,458.944856,2.434785,0.852854
58380,33.578352,-117.064354,473.496158,33.578304,-117.064254,458.945459,2.434275,0.853012
58395,33.578352,-117.064354,473.493995,33.578304,-117.064254,458.946063,2.433757,0.85317
58410,33.578352,-117.064354,473.492122,33.578304,-117.064254,458.946666,2.433241,0.853328
58425,33.578352,-117.064354,473.49026,33.578304,-117.064254,458.947269,2.432719,0.853487
58440,33.578351,-117.064354,473.487223,33.578304,-117.064254,458.947873,2.43222,0.853646
58455,33.578352,-117.064354,473.471952,33.578304,-117.064254,458.948476,2.431293,0.853805
58470,33.578352,-117.064353,473.455298,33.578304,-117.064254,458.949079,2.430375,0.853964
58485,33.578352,-117.064353,473.439234,33.578304,-117.064254,458.949683,2.429473,0.854124
58500,33.578352,-117.064353,473.422246,33.578304,-117.064254,458.950286,2.428564,0.854284
58515,33.578352,-117.064353,473.404981,33.578304,-117.064254,458.950889,2.427665,0.854444
58530,33.578352,-117.064353,473.387497,33.578304,-117.064254,458.951493,2.426784,0.854605
58545,33.578352,-117.064353,473.367984,33.578304,-117.064254,458.952096,2.425899,0.854765
58560,33.578352,-117.064353,473.349126,33.578304,-117.064254,458.952699,2.425016,0.854926
58575,33.578352,-117.064352,473.328847,33.578304,-117.064254,458.953303,2.424139,0.855088
58590,33.578352,-117.064352,473.308735,33.578304,-117.064254,458.953906,2.42326,0.855249
58605,33.578352,-117.064352,473.28723,33.578304,-117.064254,458.954509,2.422373,0.855411
58620,33.578352,-117.064352,473.265486,33.578304,-117.064254,458.955113,2.421489,0.855573
58635,33.578352,-117.064352,473.243106,33.578304,-117.064254,458.955716,2.420609,0.855735
58650,33.578352,-117.064352,473.221428,33.578304,-117.064254,458.956319,2.419738,0.855898
58665,33.578352,-117.064352,473.198872,33.578304,-117.064254,458.956923,2.41886,0.85606
58680,33.578352,-117.064351,473.174753,33.578304,-117.064254,458.957526,2.418017,0.856223
58695,33.578352,-117.064351,473.150694,33.578304,-117.064254,458.958129,2.417143,0.856387
58710,33.578351,-117.064351,473.125157,33.578304,-117.064254,458.958733,2.416287,0.85655
58725,33.578351,-117.064351,473.099742,33.578304,-117.064254,458.959336,2.415414,0.856714
58740,33.578351,-117.064351,473.073998,33.578304,-117.064254,458.959939,2.41457,0.856878
58755,33.578351,-117.064351,473.047936,33.578304,-117.064254,458.960543,2.413728,0.857042
58770,33.578351,-117.06435,473.021057,33.578304,-117.064254,458.961146,2.412863,0.857207
58785,33.578351,-117.06435,472.993898,33.578304,-117.064254,458.961749,2.412004,0.857371
58800,33.578351,-117.06435,472.966584,33.578304,-117.064254,458.962353,2.411156,0.857536
58815,33.578351,-117.06435,472.937987,33.578304,-117.064254,458.962956,2.410316,0.857702
58830,33.578351,-117.06435,472.909306,33.578304,-117.064254,458.963559,2.409472,0.857867
58845,33.578351,-117.06435,472.879871,33.578304,-117.064254,458.964163,2.40863,0.858033
58860,33.578351,-117.06435,472.849717,33.578304,-117.064254,458.964766,2.407791,0.858199
58875,33.578351,-117.064349,472.818389,33.578304,-117.064254,458.965369,2.406942,0.858365
58890,33.578351,-117.064349,472.785919,33.578304,-117.064254,458.965973,2.406099,0.858532
58905,33.578351,-117.064349,472.752878,33.578304,-117.064254,458.966576,2.40527,0.858699
58920,33.578351,-117.064349,472.719359,33.578303,-117.064254,458.967179,2.404434,0.858866
58935,33.578351,-117.064349,472.68471,33.578303,-117.064254,458.967783,2.403592,0.859033
58950,33.57835,-117.064349,472.649397,33.578303,-117.064254,458.968386,2.402755,0.8592
58965,33.57835,-117.064348,472.615572,33.578303,-117.064254,458.968989,2.401912,0.859368
58980,33.57835,-117.064348,472.58046,33.578303,-117.064254,458.969593,2.401045,0.859536
58995,33.57835,-117.064348,472.545108,33.578303,-117.064254,458.970196,2.400177,0.859704
59010,33.57835,-117.064348,472.508201,33.578303,-117.064254,458.970799,2.399322,0.859873
59025,33.57835,-117.064348,472.47072,33.578303,-117.064254,458.971403,2.398465,0.860042
59040,33.57835,-117.064347,472.432372,33.578303,-117.064254,458.972006,2.397625,0.860211
59055,33.57835,-117.064347,472.393204,33.578303,-117.064254,458.972609,2.396778,0.86038
59070,33.57835,-117.064347,472.353754,33.578303,-117.064254,458.973213,2.395939,0.860549
59085,33.578349,-117.064347,472.314245,33.578303,-117.064254,458.973816,2.395093,0.860719
59100,33.578349,-117.064347,472.274077,33.578303,-117.064254,458.974419,2.394253,0.860889
59115,33.578349,-117.064347,472.233387,33.578303,-117.064254,458.975023,2.39342,0.86106
59130,33.578349,-117.064346,472.19274,33.578303,-117.064254,458.975626,2.392594,0.86123
59145,33.578349,-117.064346,472.150743,33.578303,-117.064254,458.976229,2.391758,0.861401
59160,33.578349,-117.064346,472.107142,33.578303,-117.064254,458.976833,2.390922,0.861572
59175,33.578349,-117.064346,472.063922,33.578303,-117.064254,458.977436,2.390085,0.861743
59190,33.578349,-117.064346,472.019612,33.578303,-117.064254,458.978039,2.38926,0.861915
59205,33.578348,-117.064345,471.974621,33.578303,-117.064254,458.978643,2.38842,0.862086
59220,33.578348,-117.064345,471.928278,33.578303,-117.064254,458.979246,2.387582,0.862258
59235,33.578348,-117.064345,471.881176,33.578303,-117.064254,458.979849,2.386717,0.862431
59250,33.578348,-117.064345,471.833799,33.578303,-117.064254,458.980453,2.38587,0.862603
59265,33.578348,-117.064345,471.785609,33.578303,-117.064254,458.981056,2.385023,0.862776
59280,33.578348,-117.064345,471.736593,33.578303,-117.064254,458.981659,2.384163,0.862949
59295,33.578347,-117.064344,471.687288,33.578303,-117.064254,458.982263,2.383304,0.863122
59310,33.578347,-117.064344,471.637243,33.578303,-117.064254,458.982866,2.382446,0.863296
59325,33.578347,-117.064344,471.586171,33.578303,-117.064254,458.983469,2.381578,0.863469
59340,33.578347,-117.064344,471.534861,33.578303,-117.064254,458.984073,2.380715,0.863643
59355,33.578347,-117.064344,471.483011,33.578303,-117.064254,458.984676,2.379834,0.863817
59370,33.578346,-117.064343,471.429901,33.578303,-117.064254,458.985279,2.378955,0.863992
59385,33.578346,-117.064343,471.37647,33.578303,-117.064254,458.985883,2.378069,0.864167
59400,33.578346,-117.064343,471.321368,33.578303,-117.064254,458.986486,2.377173,0.864342
59415,33.578346,-117.064343,471.26625,33.578303,-117.064254,458.987089,2.376268,0.864517
59430,33.578346,-117.064343,471.210195,33.578303,-117.064254,458.987693,2.375377,0.864692
59445,33.578345,-117.064342,471.153326,33.578303,-117.064254,458.988296,2.374496,0.864868
59460,33.578345,-117.064342,471.096877,33.578303,-117.064254,458.988899,2.373619,0.865044
59475,33.578345,-117.064342,471.038683,33.578303,-117.064254,458.989503,2.372721,0.86522
59490,33.578345,-117.064342,470.979783,33.578303,-117.064254,458.990106,2.371826,0.865396
59505,33.578344,-117.064342,470.920337,33.578303,-117.064254,458.990709,2.370944,0.865573
59520,33.578344,-117.064341,470.859472,33.578303,-117.064254,458.991313,2.370047,0.86575
59535,33.578344,-117.064341,470.798597,33.578303,-117.064254,458.991916,2.36915,0.865927
59550,33.578344,-117.064341,470.73701,33.578303,-117.064254,458.992519,2.368251,0.866105
59565,33.578343,-117.064341,470.674562,33.578303,-117.064254,458.993123,2.367324,0.866282
59580,33.578343,-117.064341,470.612163,33.578303,-117.064254,458.993726,2.366412,0.86646
59595,33.578343,-117.06434,470.549,33.578303,-117.064254,458.994329,2.3655,0.866638
59610,33.578343,-117.06434,470.484751,33.578303,-117.064254,458.994933,2.364579,0.866817
59625,33.578342,-117.06434,470.420162,33.578303,-117.064254,458.995536,2.363643,0.866995
59640,33.578342,-117.06434,470.35473,33.578303,-117.064254,458.996139,2.362706,0.867174
59655,33.578342,-117.064339,470.287999,33.578303,-117.064254,458.996743,2.361757,0.867353
59670,33.578341,-117.064339,470.22067,33.578303,-117.064254,458.997346,2.360826,0.867533
59685,33.578341,-117.064339,470.152191,33.578303,-117.064254,458.997949,2.359866,0.867712
59700,33.578341,-117.064339,470.083119,33.578302,-117.064254,458.998553,2.358922,0.867892
59715,33.578341,-117.064339,470.013414,33.578302,-117.064254,458.999156,2.357969,0.868072
59730,33.57834,-117.064338,469.942738,33.578302,-117.064254,458.999759,2.357001,0.868253
59745,33.57834,-117.064338,469.871914,33.578302,-117.064254,459.000363,2.356035,0.868433
59760,33.57834,-117.064338,469.797497,33.578302,-117.064254,459.000966,2.35503,0.868614
59775,33.578339,-117.064338,469.723948,33.578302,-117.064254,459.001569,2.354047,0.868795
59790,33.578339,-117.064337,469.650274,33.578302,-117.064254,459.002173,2.353059,0.868976
59805,33.578339,-117.064337,469.57678,33.578302,-117.064254,459.002776,2.352047,0.869158
59820,33.578338,-117.064337,469.501865,33.578302,-117.064254,459.003379,2.351035,0.86934
59835,33.578338,-117.064337,469.425206,33.578302,-117.064254,459.003983,2.350006,0.869522
59850,33.578338,-117.064336,469.34744,33.578302,-117.064254,459.004586,2.348999,0.869704
59865,33.578337,-117.064336,469.269151,33.578302,-117.064254,459.005189,2.347972,0.869886
59880,33.578337,-117.064336,469.189721,33.578302,-117.064254,459.005793,2.346917,0.870069
59895,33.578336,-117.064336,469.109607,33.578302,-117.064254,459.006396,2.345866,0.870252
59910,33.578336,-117.064336,469.027987,33.578302,-117.064254,459.006999,2.344814,0.870435
59925,33.578336,-117.064335,468.945916,33.578302,-117.064254,459.007603,2.343731,0.870619
59940,33.578335,-117.064335,468.863136,33.578302,-117.064254,459.008206,2.342618,0.870802
59955,33.578335,-117.064335,468.781022,33.578302,-117.064254,459.008809,2.341518,0.870986
59970,33.578335,-117.064335,468.698275,33.578302,-117.064254,459.009413,2.340441,0.871171
59985,33.578334,-117.064334,468.613336,33.578302,-117.064254,459.010016,2.33934,0.871355
60000,33.578334,-117.064334,468.526708,33.578302,-117.064254,459.010619,2.33824,0.87154
60015,33.578333,-117.064334,468.439147,33.578302,-117.064254,459.011223,2.337122,0.871725
60030,33.578333,-117.064334,468.351439,33.578302,-117.064254,459.011826,2.336013,0.87191
60045,33.578332,-117.064333,468.263963,33.578302,-117.064254,459.012429,2.334883,0.872095
60060,33.578332,-117.064333,468.175326,33.578302,-117.064254,459.013033,2.333739,0.872281
60075,33.578332,-117.064333,468.08512,33.578302,-117.064254,459.013636,2.332583,0.872467
60090,33.578331,-117.064333,467.993616,33.578302,-117.064254,459.014239,2.331419,0.872653
60105,33.578331,-117.064332,467.901321,33.578302,-117.064254,459.014843,2.330236,0.872839
60120,33.57833,-117.064332,467.807945,33.578302,-117.064254,459.015446,2.329061,0.873026
60135,33.57833,-117.064332,467.714412,33.578302,-117.064254,459.016049,2.327848,0.873212
60150,33.578329,-117.064331,467.619952,33.578302,-117.064254,459.016653,2.326631,0.873399
60165,33.578329,-117.064331,467.524593,33.578302,-117.064254,459.017256,2.325412,0.873587
60180,33.578328,-117.064331,467.427767,33.578302,-117.064254,459.017859,2.324196,0.873774
60195,33.578328,-117.064331,467.330069,33.578302,-117.064254,459.018463,2.322975,0.873962
60210,33.578327,-117.06433,467.233686,33.578302,-117.064254,459.019066,2.321738,0.87415
60225,33.578327,-117.06433,467.135539,33.578302,-117.064254,459.019669,2.320469,0.874338
60240,33.578327,-117.06433,467.036313,33.578302,-117.064254,459.020273,2.319227,0.874527
60255,33.578326,-117.06433,466.935025,33.578302,-117.064254,459.020876,2.31795,0.874715
60270,33.578326,-117.064329,466.834355,33.578302,-117.064254,459.021479,2.316678,0.874904
60285,33.578325,-117.064329,466.732446,33.578302,-117.064254,459.022083,2.315384,0.875094
60300,33.578324,-117.064329,466.629524,33.578302,-117.064254,459.022686,2.31408,0.875283
60315,33.578324,-117.064329,466.525427,33.578302,-117.064254,459.023289,2.312776,0.875473
60330,33.578323,-117.064328,466.420653,33.578302,-117.064254,459.023893,2.311471,0.875663
60345,33.578323,-117.064328,466.317995,33.578302,-117.064254,459.024496,2.310173,0.875853
60360,33.578322,-117.064328,466.213023,33.578302,-117.064254,459.025099,2.308825,0.876043
60375,33.578322,-117.064327,466.106358,33.578302,-117.064254,459.025703,2.307477,0.876234
60390,33.578321,-117.064327,465.999691,33.578302,-117.064254,459.026306,2.306123,0.876424
60405,33.578321,-117.064327,465.890979,33.578302,-117.064254,459.026909,2.304742,0.876616
60420,33.57832,-117.064327,465.782217,33.578302,-117.064254,459.027513,2.303364,0.876807
60435,33.57832,-117.064326,465.673209,33.578302,-117.064254,459.028116,2.301983,0.876998
60450,33.578319,-117.064326,465.562422,33.578302,-117.064254,459.028719,2.300584,0.87719
60465,33.578319,-117.064326,465.451528,33.578302,-117.064254,459.029323,2.299159,0.877382
60480,33.578318,-117.064326,465.339317,33.578302,-117.064254,459.029926,2.297731,0.877574
60495,33.578317,-117.064325,465.224847,33.578301,-117.064254,459.030529,2.296269,0.877767
60510,33.578317,-117.064325,465.111017,33.578301,-117.064254,459.031133,2.29482,0.87796
60525,33.578316,-117.064325,464.998661,33.578301,-117.064254,459.031736,2.293388,0.878153
60540,33.578316,-117.064324,464.881366,33.578301,-117.064254,459.032339,2.291898,0.878346
60555,33.578315,-117.064324,464.763985,33.578301,-117.064254,459.032943,2.290394,0.878539
60570,33.578314,-117.064324,464.647575,33.578301,-117.064254,459.033546,2.288902,0.878733
60585,33.578314,-117.064324,464.530771,33.578301,-117.064254,459.034149,2.287428,0.878927
60600,33.578313,-117.064323,464.411469,33.578301,-117.064254,459.034753,2.2859,0.879121
60615,33.578313,-117.064323,464.293376,33.578301,-117.064254,459.035356,2.284381,0.879315
60630,33.578312,-117.064323,464.172078,33.578301,-117.064254,459.035959,2.282831,0.87951
60645,33.578311,-117.064322,464.051392,33.578301,-117.064254,459.036563,2.28128,0.879705
60660,33.578311,-117.064322,463.930295,33.578301,-117.064254,459.037166,2.279704,0.8799
60675,33.57831,-117.064322,463.809524,33.578301,-117.064254,459.037769,2.27815,0.880095
60690,33.578309,-117.064322,463.688365,33.578301,-117.064254,459.038373,2.276606,0.880291
60705,33.578309,-117.064321,463.569476,33.578301,-117.064254,459.038976,2.275086,0.880486
60720,33.578308,-117.064321,463.446776,33.578301,-117.064254,459.039579,2.273499,0.880682
60735,33.578307,-117.064321,463.322001,33.578301,-117.064254,459.040183,2.271888,0.880878
60750,33.578307,-117.06432,463.197364,33.578301,-117.064254,459.040786,2.270244,0.881075
60765,33.578306,-117.06432,463.068849,33.578301,-117.064254,459.041389,2.268542,0.881272
60780,33.578305,-117.06432,462.93852,33.578301,-117.064254,459.041993,2.266834,0.881469
60795,33.578305,-117.064319,462.812327,33.578301,-117.064254,459.042596,2.265164,0.881666
60810,33.578304,-117.064319,462.683907,33.578301,-117.064254,459.043199,2.263459,0.881863
60825,33.578303,-117.064319,462.55687,33.578301,-117.064254,459.043803,2.261781,0.882061
60840,33.578303,-117.064319,462.430168,33.578301,-117.064254,459.044406,2.260108,0.882259
60855,33.578302,-117.064318,462.32356,33.578301,-117.064254,459.045009,2.257573,0.882457
60870,33.578301,-117.064317,462.216686,33.578301,-117.064254,459.045613,2.255006,0.882655
60885,33.578299,-117.064316,462.107564,33.578301,-117.064254,459.046216,2.252406,0.882853
60900,33.578298,-117.064316,461.995287,33.578301,-117.064254,459.046819,2.249773,0.883052
60915,33.578297,-117.064315,461.888444,33.578301,-117.064254,459.047423,2.247129,0.883251
60930,33.578296,-117.064314,461.778628,33.578301,-117.064254,459.048026,2.244406,0.88345
60945,33.578295,-117.064314,461.668532,33.578301,-117.064254,459.048629,2.241677,0.88365
60960,33.578294,-117.064313,461.555431,33.578301,-117.064254,459.049233,2.238873,0.88385
60975,33.578293,-117.064312,461.439505,33.578301,-117.064254,459.049836,2.236036,0.884049
60990,33.578292,-117.064311,461.325702,33.578301,-117.064254,459.050439,2.233187,0.88425
61005,33.578291,-117.064311,461.207324,33.578301,-117.064254,459.051043,2.230296,0.88445
61020,33.578289,-117.06431,461.088616,33.578301,-117.064254,459.051646,2.22735,0.884651
61035,33.578288,-117.064309,460.971285,33.578301,-117.064254,459.052249,2.224432,0.884851
61050,33.578287,-117.064308,460.874064,33.578301,-117.064254,459.052853,2.2227,0.885052
61065,33.578287,-117.064308,460.77412,33.578301,-117.064254,459.053456,2.220918,0.885254
61080,33.578286,-117.064307,460.67335,33.578301,-117.064254,459.054059,2.219132,0.885455
61095,33.578285,-117.064307,460.569946,33.578301,-117.064254,459.054663,2.217291,0.885657
61110,33.578284,-117.064306,460.464405,33.578301,-117.064254,459.055266,2.215412,0.885859
61125,33.578283,-117.064306,460.355752,33.578301,-117.064254,459.055869,2.213473,0.886061
61140,33.578282,-117.064305,460.243059,33.578301,-117.064254,459.056473,2.211493,0.886264
61155,33.578281,-117.064304,460.128074,33.578301,-117.064254,459.057076,2.209482,0.886466
61170,33.578281,-117.064304,460.011842,33.578301,-117.064254,459.057679,2.20743,0.886669
61185,33.57828,-117.064303,459.88934,33.578301,-117.064254,459.058283,2.205309,0.886872
61200,33.578279,-117.064302,459.765437,33.578301,-117.064254,459.058886,2.203164,0.887076
61215,33.578278,-117.064302,459.638866,33.578301,-117.064254,459.059489,2.201026,0.887279
61230,33.578277,-117.064301,459.511535,33.578301,-117.064254,459.060093,2.198868,0.887483
61245,33.578276,-117.0643,459.3812,33.578301,-117.064254,459.060696,2.196612,0.887687
61260,33.578275,-117.0643,459.246407,33.578301,-117.064254,459.061299,2.194309,0.887891
61275,33.578274,-117.064299,459.111929,33.578301,-117.064254,459.061903,2.192046,0.888096
61290,33.578273,-117.064298,458.974797,33.5783,-117.064254,459.062506,2.189675,0.8883
61305,33.578272,-117.064298,458.834726,33.5783,-117.064254,459.063109,2.187305,0.888505
61320,33.578271,-117.064297,458.691893,33.5783,-117.064254,459.063713,2.184874,0.88871
61335,33.57827,-117.064296,458.543911,33.5783,-117.064254,459.064316,2.18242,0.888916
61350,33.578269,-117.064295,458.388389,33.5783,-117.064254,459.064919,2.179822,0.889121
61365,33.578268,-117.064295,458.230599,33.5783,-117.064254,459.065523,2.177168,0.889327
61380,33.578267,-117.064294,458.068921,33.5783,-117.064254,459.066126,2.174473,0.889533
61395,33.578266,-117.064293,457.902195,33.5783,-117.064254,459.066729,2.171725,0.88974
61410,33.578265,-117.064292,457.735409,33.5783,-117.064254,459.067333,2.168938,0.889946
61425,33.578263,-117.064291,457.562765,33.5783,-117.064254,459.067936,2.166067,0.890153
61440,33.578262,-117.064291,457.390334,33.5783,-117.064254,459.068539,2.163236,0.89036
61455,33.578261,-117.06429,457.216442,33.5783,-117.064254,459.069143,2.16036,0.890567
61470,33.57826,-117.064289,457.035601,33.5783,-117.064254,459.069746,2.157372,0.890774
61485,33.578259,-117.064288,456.851851,33.5783,-117.064254,459.070349,2.154333,0.890982
61500,33.578258,-117.064287,456.661513,33.5783,-117.064254,459.070953,2.151197,0.89119
61515,33.578256,-117.064286,456.468294,33.5783,-117.064254,459.071556,2.148029,0.891398
61530,33.578255,-117.064285,456.271884,33.5783,-117.064254,459.072159,2.144782,0.891606
61545,33.578254,-117.064285,456.073342,33.5783,-117.064254,459.072763,2.141498,0.891815
61560,33.578253,-117.064284,455.867596,33.5783,-117.064254,459.073366,2.138097,0.892023
61575,33.578251,-117.064283,455.661099,33.5783,-117.064254,459.073969,2.134634,0.892232
61590,33.57825,-117.064282,455.448927,33.5783,-117.064254,459.074573,2.131131,0.892442
61605,33.578249,-117.064281,455.231246,33.5783,-117.064254,459.075176,2.127559,0.892651
61620,33.578247,-117.06428,455.009271,33.5783,-117.064254,459.075779,2.123861,0.892861
61635,33.578246,-117.064279,454.785488,33.5783,-117.064254,459.076383,2.120057,0.89307
61650,33.578245,-117.064278,454.551953,33.5783,-117.064254,459.076986,2.116176,0.893281
61665,33.578243,-117.064277,454.313451,33.5783,-117.064254,459.077589,2.11225,0.893491
61680,33.578242,-117.064276,454.072291,33.5783,-117.064254,459.078193,2.108254,0.893701
61695,33.578241,-117.064275,453.827511,33.5783,-117.064254,459.078796,2.104165,0.893912
61710,33.578239,-117.064274,453.574691,33.5783,-117.064254,459.079399,2.099925,0.894123
61725,33.578238,-117.064272,453.316145,33.5783,-117.064254,459.080003,2.095637,0.894334
61740,33.578236,-117.064271,453.05152,33.5783,-117.064254,459.080606,2.091154,0.894546
61755,33.578234,-117.06427,452.784153,33.5783,-117.064254,459.081209,2.086604,0.894757
61770,33.578233,-117.064269,452.508205,33.5783,-117.064254,459.081813,2.081899,0.894969
61785,33.578231,-117.064268,452.223982,33.5783,-117.064254,459.082416,2.077115,0.895181
61800,33.57823,-117.064267,451.940018,33.5783,-117.064254,459.083019,2.072341,0.895394
61815,33.578228,-117.064265,451.651938,33.5783,-117.064254,459.083623,2.067442,0.895606
61830,33.578227,-117.064264,451.360808,33.5783,-117.064254,459.084226,2.062479,0.895819
61845,33.578225,-117.064263,451.062795,33.5783,-117.064254,459.084829,2.057383,0.896032
61860,33.578223,-117.064262,450.764086,33.5783,-117.064254,459.085433,2.05225,0.896245
61875,33.578222,-117.064261,450.457835,33.5783,-117.064254,459.086036,2.046956,0.896458
61890,33.57822,-117.064259,450.143198,33.5783,-117.064254,459.086639,2.041578,0.896672
61905,33.578218,-117.064258,449.819308,33.5783,-117.064254,459.087243,2.03603,0.896886
61920,33.578216,-117.064257,449.494093,33.5783,-117.064254,459.087846,2.030531,0.8971
61935,33.578215,-117.064255,449.149998,33.5783,-117.064254,459.088449,2.024578,0.897314
61950,33.578213,-117.064254,448.798419,33.5783,-117.064254,459.089053,2.018535,0.897529
61965,33.578211,-117.064253,448.445463,33.5783,-117.064254,459.089656,2.012378,0.897743
61980,33.578209,-117.064251,448.085177,33.5783,-117.064254,459.090259,2.006075,0.897958
61995,33.578207,-117.06425,447.720595,33.5783,-117.064254,459.090863,1.999528,0.898174
62010,33.578205,-117.064248,447.35268,33.5783,-117.064254,459.091466,1.993043,0.898389
62025,33.578203,-117.064247,446.98359,33.5783,-117.064254,459.092069,1.986516,0.898605
62040,33.578201,-117.064245,446.597032,33.5783,-117.064254,459.092673,1.97971,0.89882
62055,33.578199,-117.064244,446.205311,33.5783,-117.064254,459.093276,1.972656,0.899036
62070,33.578197,-117.064242,445.802751,33.578299,-117.064254,459.093879,1.9654,0.899253
62085,33.578195,-117.064241,445.403331,33.578299,-117.064254,459.094483,1.958254,0.899469
62100,33.578193,-117.064239,444.985539,33.578299,-117.064254,459.095086,1.950544,0.899686
62115,33.578191,-117.064238,444.574699,33.578299,-117.064254,459.095689,1.942996,0.899903
62130,33.578189,-117.064236,444.156285,33.578299,-117.064254,459.096293,1.935214,0.90012
62145,33.578186,-117.064235,443.719469,33.578299,-117.064254,459.096896,1.927113,0.900337
62160,33.578184,-117.064233,443.276513,33.578299,-117.064254,459.097499,1.918912,0.900555
62175,33.578182,-117.064231,442.829671,33.578299,-117.064254,459.098103,1.910625,0.900773
62190,33.57818,-117.06423,442.369774,33.578299,-117.064254,459.098706,1.902145,0.900991
62205,33.578177,-117.064228,441.897175,33.578299,-117.064254,459.099309,1.893074,0.901209
62220,33.578175,-117.064226,441.412224,33.578299,-117.064254,459.099913,1.88394,0.901427
62235,33.578172,-117.064224,440.91216,33.578299,-117.064254,459.100516,1.874379,0.901646
62250,33.57817,-117.064222,440.410707,33.578299,-117.064254,459.101119,1.864811,0.901865
62265,33.578168,-117.064221,439.90127,33.578299,-117.064254,459.101723,1.855083,0.902084
62280,33.578165,-117.064219,439.378832,33.578299,-117.064254,459.102326,1.844962,0.902303
62295,33.578163,-117.064217,438.85435,33.578299,-117.064254,459.102929,1.834868,0.902523
62310,33.57816,-117.064215,438.317454,33.578299,-117.064254,459.103533,1.824437,0.902742
62325,33.578158,-117.064213,437.793274,33.578299,-117.064254,459.104136,1.814228,0.902962
62340,33.578155,-117.064212,437.243179,33.578299,-117.064254,459.104739,1.803399,0.903182
62355,33.578152,-117.06421,436.686873,33.578299,-117.064254,459.105343,1.792412,0.903403
62370,33.57815,-117.064208,436.126164,33.578299,-117.064254,459.105946,1.78117,0.903623
62385,33.578147,-117.064206,435.574945,33.578299,-117.064254,459.106549,1.770221,0.903844
62400,33.578145,-117.064204,435.008505,33.578299,-117.064254,459.107153,1.758881,0.904065
62415,33.578142,-117.064202,434.444029,33.578299,-117.064254,459.107756,1.747553,0.904286
62430,33.57814,-117.0642,433.896714,33.578299,-117.064254,459.108359,1.73645,0.904508
62445,33.578137,-117.064199,433.36474,33.578299,-117.064254,459.108963,1.725564,0.904729
62460,33.578135,-117.064197,432.851928,33.578299,-117.064254,459.109566,1.714887,0.904951
62475,33.578133,-117.064195,432.343393,33.578299,-117.064254,459.110169,1.704414,0.905173
62490,33.57813,-117.064194,431.850623,33.578299,-117.064254,459.110773,1.694138,0.905396
62505,33.578128,-117.064192,431.361551,33.578299,-117.064254,459.111376,1.684053,0.905618
62520,33.578126,-117.064191,430.893481,33.578299,-117.064254,459.111979,1.674153,0.905841
62535,33.578124,-117.064189,430.439606,33.578299,-117.064254,459.112583,1.664432,0.906064
62550,33.578122,-117.064188,429.99261,33.578299,-117.064254,459.113186,1.654886,0.906287
62565,33.57812,-117.064187,429.557372,33.578299,-117.064254,459.113789,1.645509,0.90651
62580,33.578118,-117.064185,429.128488,33.578299,-117.064254,459.114393,1.636297,0.906734
62595,33.578117,-117.064184,428.709114,33.578299,-117.064254,459.114996,1.627244,0.906958
62610,33.578115,-117.064183,428.299354,33.578299,-117.064254,459.115599,1.618346,0.907182
62625,33.578113,-117.064182,427.893462,33.578299,-117.064254,459.116203,1.609599,0.907406
62640,33.578111,-117.06418,427.492321,33.578299,-117.064254,459.116806,1.600998,0.90763
62655,33.57811,-117.064179,427.095971,33.578299,-117.064254,459.117409,1.59254,0.907855
62670,33.578108,-117.064178,426.71447,33.578299,-117.064254,459.118013,1.584221,0.90808
62685,33.578108,-117.064178,426.712568,33.578299,-117.064254,459.118616,1.584671,0.908305
62700,33.578108,-117.064178,426.710423,33.578299,-117.064254,459.119219,1.585124,0.90853
62715,33.578108,-117.064178,426.708205,33.578299,-117.064254,459.119823,1.585577,0.908756
62730,33.578108,-117.064178,426.705751,33.578299,-117.064254,459.120426,1.58603,0.908981
62745,33.578108,-117.064178,426.703138,33.578299,-117.064254,459.121029,1.586484,0.909207
62760,33.578108,-117.064178,426.700405,33.578299,-117.064254,459.121633,1.586938,0.909433
62775,33.578108,-117.064178,426.697535,33.578299,-117.064254,459.122236,1.587393,0.90966
62790,33.578108,-117.064178,426.694622,33.578299,-117.064254,459.122839,1.587847,0.909886
62805,33.578108,-117.064178,426.69146,33.578299,-117.064254,459.123443,1.588302,0.910113
62820,33.578108,-117.064178,426.688323,33.578299,-117.064254,459.124046,1.588757,0.91034
62835,33.578107,-117.064178,426.684949,33.578299,-117.064254,459.124649,1.589213,0.910567
62850,33.578107,-117.064178,426.681516,33.578299,-117.064254,459.125253,1.58967,0.910795
62865,33.578107,-117.064178,426.677758,33.578298,-117.064254,459.125856,1.590126,0.911022
62880,33.578107,-117.064178,426.674021,33.578298,-117.064254,459.126459,1.590583,0.91125
62895,33.578107,-117.064178,426.669862,33.578298,-117.064254,459.127063,1.591041,0.911478
62910,33.578107,-117.064178,426.665811,33.578298,-117.064254,459.127666,1.591498,0.911706
62925,33.578107,-117.064178,426.661372,33.578298,-117.064254,459.128269,1.591957,0.911935
62940,33.578107,-117.064178,426.656966,33.578298,-117.064254,459.128873,1.592415,0.912163
62955,33.578107,-117.064178,426.652373,33.578298,-117.064254,459.129476,1.592873,0.912392
62970,33.578107,-117.064178,426.647798,33.578298,-117.064254,459.130079,1.593331,0.912621
62985,33.578107,-117.064178,426.642962,33.578298,-117.064254,459.130683,1.59379,0.91285
63000,33.578107,-117.064178,426.638006,33.578298,-117.064254,459.131286,1.594249,0.91308
63015,33.578107,-117.064178,426.632767,33.578298,-117.064254,459.131889,1.594708,0.91331
63030,33.578107,-117.064178,426.627465,33.578298,-117.064254,459.132493,1.595166,0.913539
63045,33.578107,-117.064178,426.622101,33.578298,-117.064254,459.133096,1.595626,0.91377
63060,33.578107,-117.064178,426.616617,33.578298,-117.064254,459.133699,1.596085,0.914
63075,33.578106,-117.064178,426.610915,33.578298,-117.064254,459.134303,1.596545,0.91423
63090,33.578106,-117.064178,426.605045,33.578298,-117.064254,459.134906,1.597005,0.914461
63105,33.578106,-117.064178,426.59905,33.578298,-117.064254,459.135509,1.597465,0.914692
63120,33.578106,-117.064178,426.59289,33.578298,-117.064254,459.136113,1.597925,0.914923
63135,33.578106,-117.064178,426.586596,33.578298,-117.064254,459.136716,1.598387,0.915155
63150,33.578106,-117.064178,426.580402,33.578298,-117.064254,459.137319,1.598847,0.915386
63165,33.578106,-117.064178,426.573851,33.578298,-117.064254,459.137923,1.599307,0.915618
63180,33.578106,-117.064178,426.56721,33.578298,-117.064254,459.138526,1.599769,0.91585
63195,33.578106,-117.064178,426.560319,33.578298,-117.064254,459.139129,1.60023,0.916082
63210,33.578106,-117.064178,426.553385,33.578298,-117.064254,459.139733,1.600691,0.916314
63225,33.578106,-117.064178,426.546167,33.578298,-117.064254,459.140336,1.601153,0.916547
63240,33.578106,-117.064178,426.543566,33.578298,-117.064254,459.140939,1.601574,0.91678
63255,33.578106,-117.064178,426.540524,33.578298,-117.064254,459.141543,1.601995,0.917013
63270,33.578106,-117.064178,426.537897,33.578298,-117.064254,459.142146,1.602416,0.917246
63285,33.578106,-117.064178,426.535205,33.578298,-117.064254,459.142749,1.60284,0.917479
63300,33.578106,-117.064178,426.532187,33.578298,-117.064254,459.143353,1.603263,0.917713
63315,33.578106,-117.064178,426.529039,33.578298,-117.064254,459.143956,1.603688,0.917947
63330,33.578105,-117.064178,426.525547,33.578298,-117.064254,459.144559,1.604111,0.918181
63345,33.578105,-117.064178,426.522001,33.578298,-117.064254,459.145163,1.604535,0.918415
63360,33.578105,-117.064178,426.518485,33.578298,-117.064254,459.145766,1.60496,0.918649
63375,33.578105,-117.064178,426.514581,33.578298,-117.064254,459.146369,1.605386,0.918884
63390,33.578105,-117.064178,426.510823,33.578298,-117.064254,459.146973,1.605811,0.919119
63405,33.578105,-117.064178,426.50718,33.578298,-117.064254,459.147576,1.606237,0.919354
63420,33.578105,-117.064178,426.503507,33.578298,-117.064254,459.148179,1.606662,0.919589
63435,33.578105,-117.064178,426.49938,33.578298,-117.064254,459.148783,1.607089,0.919825
63450,33.578105,-117.064178,426.495176,33.578298,-117.064254,459.149386,1.607515,0.92006
63465,33.578105,-117.064178,426.491098,33.578298,-117.064254,459.149989,1.607941,0.920296
63480,33.578105,-117.064178,426.486464,33.578298,-117.064254,459.150593,1.608367,0.920532
63495,33.578105,-117.064178,426.481784,33.578298,-117.064254,459.151196,1.608792,0.920768
63510,33.578105,-117.064178,426.477365,33.578298,-117.064254,459.151799,1.609217,0.921005
63525,33.578105,-117.064178,426.472703,33.578298,-117.064254,459.152403,1.609645,0.921242
63540,33.578105,-117.064178,426.467838,33.578298,-117.064254,459.153006,1.610071,0.921478
63555,33.578105,-117.064178,426.463121,33.578298,-117.064254,459.153609,1.610498,0.921716
63570,33.578105,-117.064178,426.458394,33.578298,-117.064254,459.154213,1.610926,0.921953
63585,33.578105,-117.064178,426.45323,33.578298,-117.064254,459.154816,1.611352,0.92219
63600,33.578105,-117.064178,426.447815,33.578298,-117.064254,459.155419,1.61178,0.922428
63615,33.578105,-117.064178,426.442668,33.578298,-117.064254,459.156023,1.612207,0.922666
63630,33.578104,-117.064178,426.437642,33.578298,-117.064254,459.156626,1.612634,0.922904
63645,33.578104,-117.064178,426.432043,33.578297,-117.064254,459.157229,1.61306,0.923142
63660,33.578104,-117.064178,426.426388,33.578297,-117.064254,459.157833,1.613488,0.923381
63675,33.578104,-117.064178,426.420749,33.578297,-117.064254,459.158436,1.613916,0.923619
63690,33.578104,-117.064178,426.415029,33.578297,-117.064254,459.159039,1.614342,0.923858
63705,33.578104,-117.064178,426.409238,33.578297,-117.064254,459.159643,1.614768,0.924097
63720,33.578104,-117.064178,426.403188,33.578297,-117.064254,459.160246,1.615194,0.924337
63735,33.578104,-117.064178,426.397324,33.578297,-117.064254,459.160849,1.61562,0.924576
63750,33.578104,-117.064178,426.391186,33.578297,-117.064254,459.161453,1.616046,0.924816
63765,33.578104,-117.064178,426.385136,33.578297,-117.064254,459.162056,1.616472,0.925056
63780,33.578104,-117.064177,426.378994,33.578297,-117.064254,459.162659,1.616896,0.925296
63795,33.578104,-117.064177,426.372638,33.578297,-117.064254,459.163263,1.617324,0.925536
63810,33.578104,-117.064177,426.36627,33.578297,-117.064254,459.163866,1.617753,0.925777
63825,33.578104,-117.064177,426.359968,33.578297,-117.064254,459.164469,1.61818,0.926017
63840,33.578104,-117.064177,426.353338,33.578297,-117.064254,459.165073,1.618608,0.926258
63855,33.578104,-117.064177,426.346489,33.578297,-117.064254,459.165676,1.619036,0.926499
63870,33.578104,-117.064177,426.339604,33.578297,-117.064254,459.166279,1.619464,0.926741
63885,33.578104,-117.064177,426.332536,33.578297,-117.064254,459.166883,1.619893,0.926982
63900,33.578104,-117.064177,426.325433,33.578297,-117.064254,459.167486,1.620322,0.927224
63915,33.578104,-117.064177,426.318179,33.578297,-117.064254,459.168089,1.620752,0.927466
63930,33.578104,-117.064177,426.310695,33.578297,-117.064254,459.168693,1.621181,0.927708
63945,33.578104,-117.064177,426.303526,33.578297,-117.064254,459.169296,1.62161,0.92795
63960,33.578103,-117.064177,426.296119,33.578297,-117.064254,459.169899,1.622041,0.928193
63975,33.578103,-117.064177,426.288474,33.578297,-117.064254,459.170503,1.622472,0.928435
63990,33.578103,-117.064177,426.280951,33.578297,-117.064254,459.171106,1.622901,0.928678
64005,33.578103,-117.064177,426.273101,33.578297,-117.064254,459.171709,1.62333,0.928921
64020,33.578103,-117.064177,426.26537,33.578297,-117.064254,459.172313,1.623757,0.929165
64035,33.578103,-117.064177,426.257488,33.578297,-117.064254,459.172916,1.624185,0.929408
64050,33.578103,-117.064177,426.24952,33.578297,-117.064254,459.173519,1.624614,0.929652
64065,33.578103,-117.064177,426.241758,33.578297,-117.064254,459.174123,1.625043,0.929896
64080,33.578103,-117.064177,426.233597,33.578297,-117.064254,459.174726,1.625473,0.93014
64095,33.578103,-117.064177,426.225529,33.578297,-117.064254,459.175329,1.625903,0.930384
64110,33.578103,-117.064177,426.21722,33.578297,-117.064254,459.175933,1.626333,0.930628
64125,33.578103,-117.064177,426.208812,33.578297,-117.064254,459.176536,1.626763,0.930873
64140,33.578103,-117.064177,426.200486,33.578297,-117.064254,459.177139,1.627191,0.931118
64155,33.578103,-117.064177,426.191886,33.578297,-117.064254,459.177743,1.627619,0.931363
64170,33.578103,-117.064177,426.183162,33.578297,-117.064254,459.178346,1.628048,0.931608
64185,33.578103,-117.064177,426.174432,33.578297,-117.064254,459.178949,1.628475,0.931854
64200,33.578103,-117.064177,426.165476,33.578297,-117.064254,459.179553,1.628904,0.932099
64215,33.578103,-117.064177,426.156412,33.578297,-117.064254,459.180156,1.629331,0.932345
64230,33.578103,-117.064177,426.147272,33.578297,-117.064254,459.180759,1.62976,0.932591
64245,33.578103,-117.064177,426.138226,33.578297,-117.064254,459.181363,1.630187,0.932837
64260,33.578103,-117.064177,426.128957,33.578297,-117.064254,459.181966,1.630616,0.933084
64275,33.578103,-117.064177,426.119729,33.578297,-117.064254,459.182569,1.631043,0.93333
64290,33.578102,-117.064177,426.110406,33.578297,-117.064254,459.183173,1.631469,0.933577
64305,33.578102,-117.064177,426.101017,33.578297,-117.064254,459.183776,1.631895,0.933824
64320,33.578102,-117.064177,426.091687,33.578297,-117.064254,459.184379,1.632323,0.934071
64335,33.578102,-117.064177,426.082128,33.578297,-117.064254,459.184983,1.63275,0.934319
64350,33.578102,-117.064177,426.072498,33.578297,-117.064254,459.185586,1.633175,0.934566
64365,33.578102,-117.064177,426.062904,33.578297,-117.064254,459.186189,1.6336,0.934814
64380,33.578102,-117.064177,426.053106,33.578297,-117.064254,459.186793,1.634026,0.935062
64395,33.578102,-117.064177,426.050058,33.578297,-117.064254,459.187396,1.634481,0.93531
64410,33.578102,-117.064177,426.046801,33.578297,-117.064254,459.187999,1.634935,0.935559
64425,33.578102,-117.064177,426.043437,33.578297,-117.064254,459.188603,1.635391,0.935807
64440,33.578102,-117.064177,426.039903,33.578296,-117.064254,459.189206,1.635846,0.936056
64455,33.578102,-117.064177,426.036151,33.578296,-117.064254,459.189809,1.636302,0.936305
64470,33.578102,-117.064177,426.032309,33.578296,-117.064254,459.190413,1.636757,0.936554
64485,33.578102,-117.064177,426.028225,33.578296,-117.064254,459.191016,1.637214,0.936804
64500,33.578102,-117.064177,426.023909,33.578296,-117.064254,459.191619,1.63767,0.937053
64515,33.578101,-117.064177,426.019411,33.578296,-117.064254,459.192223,1.638128,0.937303
64530,33.578101,-117.064177,426.01467,33.578296,-117.064254,459.192826,1.638585,0.937553
64545,33.578101,-117.064177,426.00983,33.578296,-117.064254,459.193429,1.639041,0.937803
64560,33.578101,-117.064177,426.00478,33.578296,-117.064254,459.194033,1.639498,0.938053
64575,33.578101,-117.064177,425.999638,33.578296,-117.064254,459.194636,1.639955,0.938304
64590,33.578101,-117.064177,425.994241,33.578296,-117.064254,459.195239,1.640412,0.938554
64605,33.578101,-117.064177,425.988692,33.578296,-117.064254,459.195843,1.640869,0.938805
64620,33.578101,-117.064177,425.983083,33.578296,-117.064254,459.196446,1.641326,0.939056
64635,33.578101,-117.064177,425.977249,33.578296,-117.064254,459.197049,1.641783,0.939307
64650,33.578101,-117.064177,425.971336,33.578296,-117.064254,459.197653,1.642241,0.939559
64665,33.578101,-117.064177,425.965232,33.578296,-117.064254,459.198256,1.642698,0.939811
64680,33.578101,-117.064177,425.959089,33.578296,-117.064254,459.198859,1.643155,0.940062
64695,33.578101,-117.064177,425.952726,33.578296,-117.064254,459.199463,1.643612,0.940314
64710,33.5781,-117.064177,425.946259,33.578296,-117.064254,459.200066,1.644069,0.940567
64725,33.5781,-117.064177,425.939667,33.578296,-117.064254,459.200669,1.644527,0.940819
64740,33.5781,-117.064177,425.932874,33.578296,-117.064254,459.201273,1.644984,0.941072
64755,33.5781,-117.064177,425.926019,33.578296,-117.064254,459.201876,1.64544,0.941324
64770,33.5781,-117.064177,425.919036,33.578296,-117.064254,459.202479,1.645896,0.941577
64785,33.5781,-117.064177,425.911804,33.578296,-117.064254,459.203083,1.646353,0.941831
64800,33.5781,-117.064177,425.904495,33.578296,-117.064254,459.203686,1.64681,0.942084
64815,33.5781,-117.064177,425.897114,33.578296,-117.064254,459.204289,1.647267,0.942337
64830,33.5781,-117.064177,425.889573,33.578296,-117.064254,459.204893,1.647723,0.942591
64845,33.5781,-117.064177,425.881825,33.578296,-117.064254,459.205496,1.64818,0.942845
64860,33.5781,-117.064177,425.874084,33.578296,-117.064254,459.206099,1.648636,0.943099
64875,33.5781,-117.064177,425.866229,33.578296,-117.064254,459.206703,1.649091,0.943354
64890,33.5781,-117.064177,425.858117,33.578296,-117.064254,459.207306,1.649548,0.943608
64905,33.5781,-117.064177,425.849933,33.578296,-117.064254,459.207909,1.650004,0.943863
64920,33.578099,-117.064177,425.841613,33.578296,-117.064254,459.208513,1.650458,0.944118
64935,33.578099,-117.064177,425.8332,33.578296,-117.064254,459.209116,1.650913,0.944373
64950,33.578099,-117.064177,425.824671,33.578296,-117.064254,459.209719,1.651369,0.944628
64965,33.578099,-117.064177,425.816009,33.578296,-117.064254,459.210323,1.651824,0.944883
64980,33.578099,-117.064177,425.807241,33.578296,-117.064254,459.210926,1.65228,0.945139
64995,33.578099,-117.064177,425.798294,33.578296,-117.064254,459.211529,1.652736,0.945395
65010,33.578099,-117.064177,425.789296,33.578296,-117.064254,459.212133,1.653191,0.945651
65025,33.578099,-117.064177,425.780168,33.578296,-117.064254,459.212736,1.653646,0.945907
65040,33.578099,-117.064177,425.770862,33.578296,-117.064254,459.213339,1.654102,0.946163
65055,33.578099,-117.064177,425.761419,33.578296,-117.064254,459.213943,1.654557,0.94642
65070,33.578099,-117.064177,425.751856,33.578296,-117.064254,459.214546,1.655012,0.946677
65085,33.578099,-117.064177,425.742281,33.578296,-117.064254,459.215149,1.655465,0.946933
65100,33.578099,-117.064177,425.732531,33.578296,-117.064254,459.215753,1.655919,0.947191
65115,33.578099,-117.064177,425.722651,33.578296,-117.064254,459.216356,1.656372,0.947448
65130,33.578099,-117.064177,425.712598,33.578296,-117.064254,459.216959,1.656824,0.947705
65145,33.578098,-117.064177,425.702538,33.578296,-117.064254,459.217563,1.657276,0.947963
65160,33.578098,-117.064177,425.692327,33.578296,-117.064254,459.218166,1.657729,0.948221
65175,33.578098,-117.064177,425.682053,33.578296,-117.064254,459.218769,1.658181,0.948479
65190,33.578098,-117.064177,425.671624,33.578296,-117.064254,459.219373,1.658633,0.948737
65205,33.578098,-117.064177,425.661132,33.578296,-117.064254,459.219976,1.659084,0.948996
65220,33.578098,-117.064177,425.650584,33.578296,-117.064254,459.220579,1.659536,0.949254
65235,33.578098,-117.064177,425.639936,33.578295,-117.064254,459.221183,1.659988,0.949513
65250,33.578098,-117.064177,425.629189,33.578295,-117.064254,459.221786,1.66044,0.949772
65265,33.578098,-117.064177,425.618294,33.578295,-117.064254,459.222389,1.660892,0.950031
65280,33.578098,-117.064177,425.607312,33.578295,-117.064254,459.222993,1.661343,0.950291
65295,33.578098,-117.064177,425.596207,33.578295,-117.064254,459.223596,1.661795,0.95055
65310,33.578098,-117.064177,425.58494,33.578295,-117.064254,459.224199,1.662246,0.95081
65325,33.578098,-117.064177,425.573701,33.578295,-117.064254,459.224803,1.662696,0.95107
65340,33.578098,-117.064177,425.562269,33.578295,-117.064254,459.225406,1.663147,0.95133
65355,33.578098,-117.064177,425.550739,33.578295,-117.064254,459.226009,1.663597,0.95159
65370,33.578098,-117.064177,425.539054,33.578295,-117.064254,459.226613,1.664047,0.95185
65385,33.578097,-117.064177,425.527306,33.578295,-117.064254,459.227216,1.664498,0.952111
65400,33.578097,-117.064177,425.515423,33.578295,-117.064254,459.227819,1.664949,0.952372
65415,33.578097,-117.064177,425.503456,33.578295,-117.064254,459.228423,1.665398,0.952633
65430,33.578097,-117.064177,425.491269,33.578295,-117.064254,459.229026,1.665848,0.952894
65445,33.578097,-117.064177,425.47912,33.578295,-117.064254,459.229629,1.666295,0.953156
65460,33.578097,-117.064177,425.466923,33.578295,-117.064254,459.230233,1.666742,0.953417
65475,33.578097,-117.064177,425.45468,33.578295,-117.064254,459.230836,1.667189,0.953679
65490,33.578097,-117.064177,425.44242,33.578295,-117.064254,459.231439,1.667635,0.953941
65505,33.578097,-117.064177,425.429977,33.578295,-117.064254,459.232043,1.668081,0.954203
65520,33.578097,-117.064177,425.417474,33.578295,-117.064254,459.232646,1.668526,0.954465
65535,33.578097,-117.064177,425.404918,33.578295,-117.064254,459.233249,1.66897,0.954728
65550,33.578097,-117.064177,425.392229,33.578295,-117.064254,459.233853,1.669415,0.95499
65565,33.578097,-117.064177,425.379523,33.578295,-117.064254,459.234456,1.669859,0.955253
65580,33.578097,-117.064177,425.36679,33.578295,-117.064254,459.235059,1.670304,0.955516
65595,33.578097,-117.064177,425.353837,33.578295,-117.064254,459.235663,1.670747,0.955779
65610,33.578097,-117.064177,425.347382,33.578295,-117.064254,459.236266,1.671155,0.956043
65625,33.578097,-117.064177,425.340797,33.578295,-117.064254,459.236869,1.671565,0.956306
65640,33.578096,-117.064177,425.334062,33.578295,-117.064254,459.237473,1.671974,0.95657
65655,33.578096,-117.064177,425.327355,33.578295,-117.064254,459.238076,1.672383,0.956834
65670,33.578096,-117.064177,425.3204,33.578295,-117.064254,459.238679,1.672791,0.957098
65685,33.578096,-117.064177,425.313664,33.578295,-117.064254,459.239283,1.673196,0.957362
65700,33.578096,-117.064177,425.306601,33.578295,-117.064254,459.239886,1.673603,0.957627
65715,33.578096,-117.064177,425.299413,33.578295,-117.064254,459.240489,1.674009,0.957891
65730,33.578096,-117.064177,425.292293,33.578295,-117.064254,459.241093,1.674413,0.958156
65745,33.578096,-117.064177,425.284907,33.578295,-117.064254,459.241696,1.674819,0.958421
65760,33.578096,-117.064177,425.277633,33.578295,-117.064254,459.242299,1.675222,0.958686
65775,33.578096,-117.064177,425.270034,33.578295,-117.064254,459.242903,1.675625,0.958952
65790,33.578096,-117.064177,425.262433,33.578295,-117.064254,459.243506,1.676029,0.959217
65805,33.578096,-117.064177,425.25493,33.578295,-117.064254,459.244109,1.676432,0.959483
65820,33.578096,-117.064177,425.246943,33.578295,-117.064254,459.244713,1.676836,0.959749
65835,33.578096,-117.064177,425.239288,33.578295,-117.064254,459.245316,1.677236,0.960015
65850,33.578095,-117.064177,425.231266,33.578295,-117.064254,459.245919,1.677639,0.960281
65865,33.578095,-117.064177,425.223243,33.578295,-117.064254,459.246523,1.678038,0.960548
65880,33.578095,-117.064177,425.215207,33.578295,-117.064254,459.247126,1.678438,0.960814
65895,33.578095,-117.064177,425.207026,33.578295,-117.064254,459.247729,1.678838,0.961081
65910,33.578095,-117.064177,425.19871,33.578295,-117.064254,459.248333,1.679237,0.961348
65925,33.578095,-117.064177,425.19031,33.578295,-117.064254,459.248936,1.679638,0.961615
65940,33.578095,-117.064177,425.18199,33.578295,-117.064254,459.249539,1.680034,0.961883
65955,33.578095,-117.064177,425.173561,33.578295,-117.064254,459.250143,1.680431,0.96215
65970,33.578095,-117.064177,425.16491,33.578295,-117.064254,459.250746,1.68083,0.962418
65985,33.578095,-117.064177,425.213013,33.578295,-117.064254,459.251349,1.680764,0.962686
66000,33.578096,-117.064177,425.261908,33.578295,-117.064254,459.251953,1.680681,0.962954
66015,33.578096,-117.064177,425.309669,33.578294,-117.064254,459.252556,1.680617,0.963222
66030,33.578096,-117.064177,425.357828,33.578294,-117.064254,459.253159,1.680548,0.96349
66045,33.578097,-117.064177,425.405996,33.578294,-117.064254,459.253763,1.680473,0.963759
66060,33.578097,-117.064177,425.453044,33.578294,-117.064254,459.254366,1.680415,0.964028
66075,33.578098,-117.064177,425.499941,33.578294,-117.064254,459.254969,1.680358,0.964297
66090,33.578098,-117.064177,425.547952,33.578294,-117.064254,459.255573,1.680286,0.964566
66105,33.578098,-117.064177,425.5957,33.578294,-117.064254,459.256176,1.680218,0.964835
66120,33.578099,-117.064177,425.632021,33.578294,-117.064254,459.256779,1.680126,0.965104
66135,33.578099,-117.064177,425.668615,33.578294,-117.064254,459.257383,1.680029,0.965374
66150,33.578099,-117.064177,425.706873,33.578294,-117.064254,459.257986,1.679918,0.965644
66165,33.5781,-117.064177,425.743474,33.578294,-117.064254,459.258589,1.679819,0.965914
66180,33.5781,-117.064177,425.777565,33.578294,-117.064254,459.259193,1.679736,0.966184
66195,33.5781,-117.064177,425.814185,33.578294,-117.064254,459.259796,1.679631,0.966454
66210,33.578101,-117.064177,425.850582,33.578294,-117.064254,459.260399,1.679527,0.966725
66225,33.578101,-117.064177,425.885327,33.578294,-117.064254,459.261003,1.679436,0.966996
66240,33.578101,-117.064177,425.921159,33.578294,-117.064254,459.261606,1.679334,0.967266
66255,33.578102,-117.064177,425.956526,33.578294,-117.064254,459.262209,1.679235,0.967538
66270,33.578102,-117.064177,425.991074,33.578294,-117.064254,459.262813,1.67914,0.967809
66285,33.578102,-117.064178,426.028117,33.578294,-117.064254,459.263416,1.679022,0.96808
66300,33.578102,-117.064178,426.063785,33.578294,-117.064254,459.264019,1.678914,0.968352
66315,33.578103,-117.064178,426.095928,33.578294,-117.064254,459.264623,1.678833,0.968623
66330,33.578103,-117.064178,426.131286,33.578294,-117.064254,459.265226,1.678727,0.968895
66345,33.578103,-117.064178,426.167589,33.578294,-117.064254,459.265829,1.678609,0.969167
66360,33.578104,-117.064178,426.199975,33.578294,-117.064254,459.266433,1.678524,0.96944
66375,33.578104,-117.064178,426.234307,33.578294,-117.064254,459.267036,1.678421,0.969712
66390,33.578104,-117.064178,426.268426,33.578294,-117.064254,459.267639,1.678326,0.969985
66405,33.578105,-117.064178,426.299789,33.578294,-117.064254,459.268243,1.678248,0.970258
66420,33.578105,-117.064178,426.333908,33.578294,-117.064254,459.268846,1.678146,0.970531
66435,33.578105,-117.064178,426.368757,33.578294,-117.064254,459.269449,1.678032,0.970804
66450,33.578106,-117.064178,426.400098,33.578294,-117.064254,459.270053,1.67795,0.971077
66465,33.578106,-117.064178,426.433821,33.578294,-117.064254,459.270656,1.677846,0.97135
66480,33.578106,-117.064178,426.46781,33.578294,-117.064254,459.271259,1.677739,0.971624
66495,33.578106,-117.064178,426.497967,33.578294,-117.064254,459.271863,1.677662,0.971898
66510,33.578107,-117.064178,426.531728,33.578294,-117.064254,459.272466,1.677557,0.972172
66525,33.578107,-117.064178,426.565173,33.578294,-117.064254,459.273069,1.677451,0.972446
66540,33.578107,-117.064178,426.594695,33.578294,-117.064254,459.273673,1.677376,0.97272
66555,33.578108,-117.064178,426.628154,33.578294,-117.064254,459.274276,1.677269,0.972995
66570,33.578108,-117.064178,426.65976,33.578294,-117.064254,459.274879,1.677179,0.97327
66585,33.578108,-117.064178,426.689663,33.578294,-117.064254,459.275483,1.677103,0.973545
66600,33.578109,-117.064178,426.721206,33.578294,-117.064254,459.276086,1.677011,0.97382
66615,33.578109,-117.064178,426.752569,33.578294,-117.064254,459.276689,1.67691,0.974095
66630,33.578109,-117.064178,426.782132,33.578294,-117.064254,459.277293,1.676834,0.97437
66645,33.57811,-117.064178,426.812972,33.578294,-117.064254,459.277896,1.676742,0.974646
66660,33.57811,-117.064178,426.844174,33.578294,-117.064254,459.278499,1.676643,0.974921
66675,33.57811,-117.064178,426.872197,33.578294,-117.064254,459.279103,1.676574,0.975197
66690,33.57811,-117.064178,426.902953,33.578294,-117.064254,459.279706,1.676481,0.975473
66705,33.578111,-117.064178,426.932043,33.578294,-117.064254,459.280309,1.676398,0.97575
66720,33.578111,-117.064178,426.961178,33.578294,-117.064254,459.280913,1.676313,0.976026
66735,33.578111,-117.064178,426.990735,33.578294,-117.064254,459.281516,1.676224,0.976303
66750,33.578112,-117.064178,427.019558,33.578294,-117.064254,459.282119,1.676148,0.976579
66765,33.578112,-117.064178,427.048297,33.578294,-117.064254,459.282723,1.676069,0.976856
66780,33.578112,-117.064178,427.075837,33.578294,-117.064254,459.283326,1.676001,0.977133
66795,33.578113,-117.064178,427.103985,33.578294,-117.064254,459.283929,1.675923,0.977411
66810,33.578113,-117.064178,427.132563,33.578293,-117.064255,459.284533,1.675842,0.977688
66825,33.578113,-117.064178,427.160306,33.578293,-117.064255,459.285136,1.675762,0.977966
66840,33.578113,-117.064178,427.189276,33.578293,-117.064255,459.285739,1.675677,0.978243
66855,33.578114,-117.064178,427.216316,33.578293,-117.064255,459.286343,1.675602,0.978521
66870,33.578114,-117.064178,427.244371,33.578293,-117.064255,459.286946,1.675512,0.978799
66885,33.578114,-117.064178,427.272407,33.578293,-117.064255,459.287549,1.675432,0.979078
66900,33.578115,-117.064178,427.298217,33.578293,-117.064255,459.288153,1.675375,0.979356
66915,33.578115,-117.064178,427.326243,33.578293,-117.064255,459.288756,1.675292,0.979635
66930,33.578115,-117.064178,427.35201,33.578293,-117.064255,459.289359,1.675225,0.979913
66945,33.578116,-117.064178,427.377981,33.578293,-117.064255,459.289963,1.675159,0.980192
66960,33.578116,-117.064178,427.404299,33.578293,-117.064255,459.290566,1.675092,0.980472
66975,33.578116,-117.064178,427.428633,33.578293,-117.064255,459.291169,1.675041,0.980751
66990,33.578116,-117.064178,427.455177,33.578293,-117.064255,459.291773,1.674967,0.98103
67005,33.578117,-117.064178,427.480467,33.578293,-117.064255,459.292376,1.674906,0.98131
67020,33.578117,-117.064178,427.505086,33.578293,-117.064255,459.292979,1.674852,0.98159
67035,33.578117,-117.064178,427.531176,33.578293,-117.064255,459.293583,1.67478,0.98187
67050,33.578118,-117.064178,427.554682,33.578293,-117.064255,459.294186,1.674733,0.98215
67065,33.578118,-117.064178,427.579948,33.578293,-117.064255,459.294789,1.67467,0.98243
67080,33.578118,-117.064178,427.604525,33.578293,-117.064255,459.295393,1.674614,0.98271
67095,33.578118,-117.064178,427.627356,33.578293,-117.064255,459.295996,1.67457,0.982991
67110,33.578119,-117.064178,427.652036,33.578293,-117.064255,459.296599,1.674511,0.983272
67125,33.578119,-117.064178,427.67519,33.578293,-117.064255,459.297203,1.674462,0.983553
67140,33.578119,-117.064178,427.699207,33.578293,-117.064255,459.297806,1.674409,0.983834
67155,33.578119,-117.064178,427.721875,33.578293,-117.064255,459.298409,1.674363,0.984115
67170,33.57812,-117.064178,427.744893,33.578293,-117.064255,459.299013,1.674317,0.984397
67185,33.57812,-117.064178,427.767557,33.578293,-117.064255,459.299616,1.674268,0.984678
67200,33.57812,-117.064178,427.789816,33.578293,-117.064255,459.300219,1.674227,0.98496
67215,33.578121,-117.064178,427.811775,33.578293,-117.064255,459.300823,1.67419,0.985242
67230,33.578121,-117.064178,427.833736,33.578293,-117.064255,459.301426,1.67415,0.985524
67245,33.578121,-117.064178,427.855147,33.578293,-117.064255,459.302029,1.674114,0.985807
67260,33.578121,-117.064178,427.876683,33.578293,-117.064255,459.302633,1.674075,0.986089
67275,33.578122,-117.064178,427.897919,33.578293,-117.064255,459.303236,1.674037,0.986372
67290,33.578122,-117.064178,427.918954,33.578293,-117.064255,459.303839,1.674002,0.986654
67305,33.578122,-117.064178,427.93921,33.578293,-117.064255,459.304443,1.673974,0.986937
67320,33.578122,-117.064178,427.958994,33.578293,-117.064255,459.305046,1.673951,0.98722
67335,33.578123,-117.064178,427.978444,33.578293,-117.064255,459.305649,1.673928,0.987504
67350,33.578123,-117.064178,427.997684,33.578293,-117.064255,459.306253,1.673905,0.987787
67365,33.578123,-117.064178,428.016951,33.578293,-117.064255,459.306856,1.673883,0.988071
67380,33.578123,-117.064178,428.035914,33.578293,-117.064255,459.307459,1.67386,0.988355
67395,33.578124,-117.064178,428.054447,33.578293,-117.064255,459.308063,1.673842,0.988638
67410,33.578124,-117.064178,428.073792,33.578293,-117.064255,459.308666,1.673818,0.988923
67425,33.578124,-117.064178,428.092436,33.578293,-117.064255,459.309269,1.673796,0.989207
67440,33.578124,-117.064178,428.111573,33.578293,-117.064255,459.309873,1.673769,0.989491
67455,33.578125,-117.064178,428.129314,33.578293,-117.064255,459.310476,1.673752,0.989776
67470,33.578125,-117.064178,428.147081,33.578293,-117.064255,459.311079,1.673734,0.990061
67485,33.578125,-117.064178,428.164478,33.578293,-117.064255,459.311683,1.673721,0.990346
67500,33.578125,-117.064178,428.182374,33.578293,-117.064255,459.312286,1.673703,0.990631
67515,33.578126,-117.064178,428.199929,33.578293,-117.064255,459.312889,1.673687,0.990916
67530,33.578126,-117.064178,428.217186,33.578293,-117.064255,459.313493,1.67367,0.991201
67545,33.578126,-117.064178,428.234011,33.578293,-117.064255,459.314096,1.673663,0.991487
67560,33.578126,-117.064178,428.250229,33.578293,-117.064255,459.314699,1.673658,0.991773
67575,33.578127,-117.064178,428.266574,33.578293,-117.064255,459.315303,1.67365,0.992058
67590,33.578127,-117.064178,428.282762,33.578293,-117.064255,459.315906,1.673644,0.992344
67605,33.578127,-117.064178,428.299027,33.578292,-117.064255,459.316509,1.673635,0.992631
67620,33.578127,-117.064178,428.315049,33.578292,-117.064255,459.317113,1.673627,0.992917
67635,33.578128,-117.064178,428.331356,33.578292,-117.064255,459.317716,1.673619,0.993204
67650,33.578128,-117.064178,428.347083,33.578292,-117.064255,459.318319,1.673616,0.99349
67665,33.578128,-117.064178,428.362565,33.578292,-117.064255,459.318923,1.673614,0.993777
67680,33.578128,-117.064178,428.378568,33.578292,-117.064255,459.319526,1.673606,0.994064
67695,33.578128,-117.064178,428.393618,33.578292,-117.064255,459.320129,1.673602,0.994351
67710,33.578129,-117.064178,428.408496,33.578292,-117.064255,459.320733,1.673601,0.994639
67725,33.578129,-117.064178,428.422641,33.578292,-117.064255,459.321336,1.673601,0.994926
67740,33.578129,-117.064178,428.436633,33.578292,-117.064255,459.321939,1.673608,0.995214
67755,33.578129,-117.064178,428.450021,33.578292,-117.064255,459.322543,1.673621,0.995502
67770,33.57813,-117.064178,428.46312,33.578292,-117.064255,459.323146,1.673636,0.99579
67785,33.57813,-117.064178,428.476202,33.578292,-117.064255,459.323749,1.67365,0.996078
67800,33.57813,-117.064178,428.488976,33.578292,-117.064255,459.324353,1.673667,0.996366
67815,33.57813,-117.064178,428.501211,33.578292,-117.064255,459.324956,1.673684,0.996655
67830,33.57813,-117.064178,428.513387,33.578292,-117.064255,459.325559,1.673703,0.996943
67845,33.578131,-117.064178,428.525164,33.578292,-117.064255,459.326163,1.673724,0.997232
67860,33.578131,-117.064178,428.535871,33.578292,-117.064255,459.326766,1.673751,0.997521
67875,33.578131,-117.064178,428.548164,33.578292,-117.064255,459.327369,1.673767,0.99781
67890,33.578131,-117.064178,428.559382,33.578292,-117.064255,459.327973,1.673788,0.9981
67905,33.578131,-117.064178,428.570454,33.578292,-117.064255,459.328576,1.673814,0.998389
67920,33.578132,-117.064178,428.581893,33.578292,-117.064255,459.329179,1.673832,0.998679
67935,33.578132,-117.064178,428.591921,33.578292,-117.064255,459.329783,1.673862,0.998968
67950,33.578132,-117.064178,428.602875,33.578292,-117.064255,459.330386,1.673884,0.999258
67965,33.578132,-117.064178,428.61297,33.578292,-117.064255,459.330989,1.673915,0.999548
67980,33.578132,-117.064178,428.622584,33.578292,-117.064255,459.331593,1.673946,0.999839
67995,33.578133,-117.064178,428.632752,33.578292,-117.064255,459.332196,1.673971,1.000129
68010,33.578133,-117.064178,428.642017,33.578292,-117.064255,459.332799,1.674005,1.000419
68025,33.578133,-117.064178,428.651785,33.578292,-117.064255,459.333403,1.674034,1.00071
68040,33.578133,-117.064178,428.661461,33.578292,-117.064255,459.334006,1.674065,1.001001
68055,33.578133,-117.064178,428.670644,33.578292,-117.064255,459.334609,1.674097,1.001292
68070,33.578134,-117.064177,428.679904,33.578292,-117.064255,459.335213,1.674127,1.001583
68085,33.578134,-117.064177,428.688324,33.578292,-117.064255,459.335816,1.67416,1.001875
68100,33.578134,-117.064177,428.69683,33.578292,-117.064255,459.336419,1.674197,1.002166
68115,33.578134,-117.064177,428.705209,33.578292,-117.064255,459.337023,1.674234,1.002458
68130,33.578134,-117.064177,428.713176,33.578292,-117.064255,459.337626,1.674273,1.00275
68145,33.578135,-117.064177,428.720838,33.578292,-117.064255,459.338229,1.67431,1.003041
68160,33.578135,-117.064177,428.728668,33.578292,-117.064255,459.338833,1.674346,1.003334
68175,33.578135,-117.064177,428.735634,33.578292,-117.064255,459.339436,1.674387,1.003626
68190,33.578135,-117.064177,428.742766,33.578292,-117.064255,459.340039,1.674429,1.003918
68205,33.578135,-117.064177,428.749473,33.578292,-117.064255,459.340643,1.674473,1.004211
68220,33.578135,-117.064177,428.755476,33.578292,-117.064255,459.341246,1.674521,1.004504
68235,33.578136,-117.064177,428.761254,33.578292,-117.064255,459.341849,1.674568,1.004797
68250,33.578136,-117.064177,428.767169,33.578292,-117.064255,459.342453,1.674614,1.00509
68265,33.578136,-117.064177,428.787838,33.578292,-117.064255,459.343056,1.674725,1.005383
68280,33.578136,-117.064177,428.807644,33.578292,-117.064255,459.343659,1.674839,1.005676
68295,33.578136,-117.064177,428.827306,33.578292,-117.064255,459.344263,1.674954,1.00597
68310,33.578136,-117.064177,428.846903,33.578292,-117.064255,459.344866,1.675068,1.006263
68325,33.578136,-117.064178,428.866447,33.578292,-117.064255,459.345469,1.675183,1.006557
68340,33.578136,-117.064178,428.885782,33.578292,-117.064255,459.346073,1.675296,1.006851
68355,33.578136,-117.064178,428.904657,33.578292,-117.064255,459.346676,1.675413,1.007145
68370,33.578136,-117.064178,428.923424,33.578292,-117.064255,459.347279,1.675532,1.00744
68385,33.578136,-117.064178,428.941469,33.578291,-117.064255,459.347883,1.675655,1.007734
68400,33.578136,-117.064178,428.959176,33.578291,-117.064255,459.348486,1.675779,1.008029
68415,33.578136,-117.064178,428.976374,33.578291,-117.064255,459.349089,1.675907,1.008324
68430,33.578136,-117.064178,428.992965,33.578291,-117.064255,459.349693,1.676038,1.008619
68445,33.578136,-117.064178,429.009325,33.578291,-117.064255,459.350296,1.676171,1.008914
68460,33.578136,-117.064178,429.024969,33.578291,-117.064255,459.350899,1.67631,1.009209
68475,33.578136,-117.064178,429.040573,33.578291,-117.064255,459.351503,1.676445,1.009504
68490,33.578137,-117.064178,429.055576,33.578291,-117.064255,459.352106,1.676584,1.0098
68505,33.578137,-117.064178,429.070365,33.578291,-117.064255,459.352709,1.676726,1.010096
68520,33.578137,-117.064178,429.085268,33.578291,-117.064255,459.353313,1.676865,1.010391
68535,33.578137,-117.064178,429.099629,33.578291,-117.064255,459.353916,1.67701,1.010687
68550,33.578137,-117.064178,429.113934,33.578291,-117.064255,459.354519,1.677152,1.010984
68565,33.578137,-117.064178,429.128084,33.578291,-117.064255,459.355123,1.677295,1.01128
68580,33.578137,-117.064178,429.141712,33.578291,-117.064255,459.355726,1.677439,1.011576
68595,33.578137,-117.064178,429.155244,33.578291,-117.064255,459.356329,1.677584,1.011873
68610,33.578137,-117.064179,429.168323,33.578291,-117.064255,459.356933,1.677733,1.01217
68625,33.578137,-117.064179,429.181423,33.578291,-117.064255,459.357536,1.677879,1.012467
68640,33.578137,-117.064179,429.194095,33.578291,-117.064255,459.358139,1.678026,1.012764
68655,33.578137,-117.064179,429.206235,33.578291,-117.064255,459.358743,1.678175,1.013061
68670,33.578137,-117.064179,429.218138,33.578291,-117.064255,459.359346,1.678324,1.013358
68685,33.578137,-117.064179,429.229123,33.578291,-117.064255,459.359949,1.678481,1.013656
68700,33.578137,-117.064179,429.240035,33.578291,-117.064255,459.360553,1.678637,1.013954
68715,33.578137,-117.064179,429.250839,33.578291,-117.064255,459.361156,1.678792,1.014251
68730,33.578137,-117.064179,429.261274,33.578291,-117.064255,459.361759,1.678949,1.014549
68745,33.578137,-117.064179,429.271624,33.578291,-117.064255,459.362363,1.679104,1.014848
68760,33.578137,-117.064179,429.281767,33.578291,-117.064255,459.362966,1.679261,1.015146
68775,33.578137,-117.064179,429.29151,33.578291,-117.064255,459.363569,1.679419,1.015444
68790,33.578137,-117.064179,429.30099,33.578291,-117.064255,459.364173,1.679576,1.015743
68805,33.578137,-117.064179,429.310196,33.578291,-117.064255,459.364776,1.679734,1.016042
68820,33.578137,-117.064179,429.319207,33.578291,-117.064255,459.365379,1.679895,1.016341
68835,33.578137,-117.064179,429.327958,33.578291,-117.064255,459.365983,1.680056,1.01664
68850,33.578137,-117.064179,429.336685,33.578291,-117.064255,459.366586,1.680215,1.016939
68865,33.578137,-117.064179,429.344948,33.578291,-117.064255,459.367189,1.680375,1.017238
68880,33.578137,-117.064179,429.352715,33.578291,-117.064255,459.367793,1.680536,1.017538
68895,33.578137,-117.064179,429.36026,33.578291,-117.064255,459.368396,1.680699,1.017837
68910,33.578137,-117.064179,429.367504,33.578291,-117.064255,459.368999,1.680861,1.018137
68925,33.578137,-117.064179,429.37414,33.578291,-117.064255,459.369603,1.681028,1.018437
68940,33.578137,-117.064179,429.380795,33.578291,-117.064255,459.370206,1.681194,1.018737
68955,33.578137,-117.064179,429.387067,33.578291,-117.064255,459.370809,1.681361,1.019038
68970,33.578137,-117.064179,429.39305,33.578291,-117.064255,459.371413,1.681527,1.019338
68985,33.578137,-117.064179,429.399064,33.578291,-117.064255,459.372016,1.681692,1.019638
69000,33.578137,-117.06418,429.405014,33.578291,-117.064255,459.372619,1.681856,1.019939
69015,33.578137,-117.06418,429.410532,33.578291,-117.064255,459.373223,1.682022,1.02024
69030,33.578137,-117.06418,429.415496,33.578291,-117.064255,459.373826,1.68219,1.020541
69045,33.578137,-117.06418,429.420345,33.578291,-117.064255,459.374429,1.682355,1.020842
69060,33.578137,-117.06418,429.42466,33.578291,-117.064255,459.375033,1.682524,1.021144
69075,33.578138,-117.06418,429.440362,33.578291,-117.064255,459.375636,1.682624,1.021445
69090,33.578138,-117.06418,429.455745,33.578291,-117.064255,459.376239,1.682725,1.021747
69105,33.578138,-117.06418,429.470327,33.578291,-117.064255,459.376843,1.68283,1.022048
69120,33.578138,-117.06418,429.484685,33.578291,-117.064255,459.377446,1.68293,1.02235
69135,33.578138,-117.06418,429.499175,33.578291,-117.064255,459.378049,1.683028,1.022652
69150,33.578138,-117.06418,429.513011,33.578291,-117.064255,459.378653,1.683136,1.022954
69165,33.578138,-117.06418,429.52653,33.578291,-117.064255,459.379256,1.683235,1.023257
69180,33.578138,-117.06418,429.539816,33.57829,-117.064255,459.379859,1.683333,1.023559
69195,33.578138,-117.06418,429.552835,33.57829,-117.064255,459.380463,1.683439,1.023862
69210,33.578138,-117.06418,429.565803,33.57829,-117.064255,459.381066,1.683555,1.024165
69225,33.578138,-117.06418,429.578469,33.57829,-117.064255,459.381669,1.683659,1.024468
69240,33.578138,-117.06418,429.591198,33.57829,-117.064255,459.382273,1.683763,1.024771
69255,33.578138,-117.06418,429.603585,33.57829,-117.064255,459.382876,1.683885,1.025074
69270,33.578138,-117.06418,429.615146,33.57829,-117.064255,459.383479,1.684003,1.025377
69285,33.578138,-117.06418,429.626609,33.57829,-117.064255,459.384083,1.684118,1.025681
69300,33.578139,-117.06418,429.637389,33.57829,-117.064255,459.384686,1.684245,1.025985
69315,33.578139,-117.06418,429.64804,33.57829,-117.064255,459.385289,1.684366,1.026288
69330,33.578139,-117.06418,429.65873,33.57829,-117.064255,459.385893,1.684479,1.026592
69345,33.578139,-117.06418,429.6692,33.57829,-117.064255,459.386496,1.684601,1.026896
69360,33.578139,-117.06418,429.6795,33.57829,-117.064255,459.387099,1.684726,1.027201
69375,33.578139,-117.06418,429.689114,33.57829,-117.064255,459.387703,1.684847,1.027505
69390,33.578139,-117.06418,429.698891,33.57829,-117.064255,459.388306,1.68497,1.02781
69405,33.578139,-117.06418,429.708192,33.57829,-117.064255,459.388909,1.685099,1.028114
69420,33.578139,-117.06418,429.71737,33.57829,-117.064255,459.389513,1.685215,1.028419
69435,33.578139,-117.06418,429.72617,33.57829,-117.064255,459.390116,1.685342,1.028724
69450,33.578139,-117.06418,429.734374,33.57829,-117.064255,459.390719,1.685473,1.029029
69465,33.578139,-117.06418,429.742631,33.57829,-117.064255,459.391323,1.685597,1.029335
69480,33.578139,-117.06418,429.750545,33.57829,-117.064255,459.391926,1.685724,1.02964
69495,33.578139,-117.06418,429.758304,33.57829,-117.064255,459.392529,1.685857,1.029946
69510,33.578139,-117.06418,429.765831,33.57829,-117.064255,459.393133,1.685982,1.030251
69525,33.578139,-117.06418,429.773095,33.57829,-117.064255,459.393736,1.686117,1.030557
69540,33.578139,-117.06418,429.780274,33.57829,-117.064255,459.394339,1.68625,1.030863
69555,33.578139,-117.06418,429.787276,33.57829,-117.064255,459.394943,1.686383,1.031169
69570,33.578139,-117.06418,429.793953,33.57829,-117.064255,459.395546,1.686521,1.031476
69585,33.578139,-117.06418,429.800549,33.57829,-117.064255,459.396149,1.686645,1.031782
69600,33.57814,-117.06418,429.806225,33.57829,-117.064255,459.396753,1.686783,1.032089
69615,33.57814,-117.06418,429.811283,33.57829,-117.064255,459.397356,1.686917,1.032395
69630,33.57814,-117.06418,429.816419,33.57829,-117.064255,459.397959,1.687052,1.032702
69645,33.57814,-117.06418,429.820957,33.57829,-117.064255,459.398563,1.687192,1.033009
69660,33.57814,-117.06418,429.825601,33.57829,-117.064255,459.399166,1.687326,1.033316
69675,33.57814,-117.06418,429.830197,33.57829,-117.064255,459.399769,1.687464,1.033624
69690,33.57814,-117.06418,429.834615,33.57829,-117.064255,459.400373,1.687603,1.033931
69705,33.57814,-117.06418,429.838799,33.57829,-117.064255,459.400976,1.687736,1.034239
69720,33.57814,-117.06418,429.842707,33.57829,-117.064255,459.401579,1.687872,1.034546
69735,33.57814,-117.06418,429.846245,33.57829,-117.064255,459.402183,1.688011,1.034854
69750,33.57814,-117.06418,429.849453,33.57829,-117.064255,459.402786,1.688148,1.035162
69765,33.57814,-117.06418,429.852594,33.57829,-117.064255,459.403389,1.688291,1.035471
69780,33.57814,-117.06418,429.855331,33.57829,-117.064255,459.403993,1.688421,1.035779
69795,33.57814,-117.06418,429.857855,33.57829,-117.064255,459.404596,1.68857,1.036087
69810,33.57814,-117.06418,429.859901,33.57829,-117.064255,459.405199,1.688714,1.036396
69825,33.57814,-117.06418,429.861854,33.57829,-117.064255,459.405803,1.688857,1.036705
69840,33.57814,-117.06418,429.863552,33.57829,-117.064255,459.406406,1.689001,1.037013
69855,33.57814,-117.06418,429.864875,33.57829,-117.064255,459.407009,1.689142,1.037322
69870,33.57814,-117.06418,429.866096,33.57829,-117.064255,459.407613,1.68929,1.037632
69885,33.57814,-117.06418,429.866682,33.57829,-117.064255,459.408216,1.689436,1.037941
69900,33.57814,-117.06418,429.867449,33.57829,-117.064255,459.408819,1.689579,1.03825
69915,33.57814,-117.06418,429.868147,33.57829,-117.064255,459.409423,1.68972,1.03856
69930,33.57814,-117.06418,429.868468,33.57829,-117.064255,459.410026,1.689861,1.03887
69945,33.57814,-117.06418,429.868894,33.57829,-117.064255,459.410629,1.690009,1.03918
69960,33.57814,-117.06418,429.868731,33.57829,-117.064255,459.411233,1.690148,1.03949
69975,33.57814,-117.06418,429.868057,33.578289,-117.064255,459.411836,1.690291,1.0398
69990,33.57814,-117.06418,429.867613,33.578289,-117.064255,459.412439,1.690432,1.04011
70005,33.57814,-117.06418,429.866444,33.578289,-117.064255,459.413043,1.690579,1.04042
70020,33.57814,-117.06418,429.865267,33.578289,-117.064255,459.413646,1.690725,1.040731
70035,33.57814,-117.06418,429.863735,33.578289,-117.064255,459.414249,1.690874,1.041042
70050,33.578141,-117.06418,429.862091,33.578289,-117.064255,459.414853,1.691018,1.041353
70065,33.578141,-117.06418,429.860043,33.578289,-117.064255,459.415456,1.691163,1.041664
70080,33.578141,-117.06418,429.857822,33.578289,-117.064255,459.416059,1.691312,1.041975
70095,33.578141,-117.06418,429.855576,33.578289,-117.064255,459.416663,1.691453,1.042286
70110,33.578141,-117.06418,429.853095,33.578289,-117.064255,459.417266,1.691601,1.042597
70125,33.578141,-117.06418,429.85038,33.578289,-117.064255,459.417869,1.691743,1.042909
70140,33.578141,-117.06418,429.847054,33.578289,-117.064255,459.418473,1.69189,1.043221
70155,33.578141,-117.06418,429.843468,33.578289,-117.064255,459.419076,1.692036,1.043533
70170,33.578141,-117.06418,429.839717,33.578289,-117.064255,459.419679,1.692183,1.043844
70185,33.578141,-117.06418,429.835884,33.578289,-117.064255,459.420283,1.692326,1.044157
70200,33.578141,-117.06418,429.831787,33.578289,-117.064255,459.420886,1.692469,1.044469
70215,33.578141,-117.06418,429.827659,33.578289,-117.064255,459.421489,1.692613,1.044781
70230,33.578141,-117.06418,429.823134,33.578289,-117.064255,459.422093,1.692758,1.045094
70245,33.578141,-117.06418,429.818246,33.578289,-117.064255,459.422696,1.692902,1.045406
70260,33.578141,-117.06418,429.813109,33.578289,-117.064255,459.423299,1.693047,1.045719
70275,33.578141,-117.06418,429.808249,33.578289,-117.064255,459.423903,1.693185,1.046032
70290,33.578141,-117.064179,429.802949,33.578289,-117.064255,459.424506,1.693323,1.046345
70305,33.578141,-117.064179,429.797218,33.578289,-117.064255,459.425109,1.693463,1.046658
70320,33.578141,-117.064179,429.791523,33.578289,-117.064255,459.425713,1.693602,1.046972
70335,33.578141,-117.064179,429.785423,33.578289,-117.064255,459.426316,1.693746,1.047285
70350,33.578141,-117.064179,429.778974,33.578289,-117.064255,459.426919,1.693889,1.047599
70365,33.578141,-117.064179,429.772049,33.578289,-117.064255,459.427523,1.694029,1.047913
70380,33.578141,-117.064179,429.765107,33.578289,-117.064255,459.428126,1.69417,1.048227
70395,33.578141,-117.064179,429.758151,33.578289,-117.064255,459.428729,1.694312,1.048541
70410,33.578141,-117.064179,429.751038,33.578289,-117.064255,459.429333,1.694443,1.048855
70425,33.578141,-117.064179,429.743553,33.578289,-117.064255,459.429936,1.69458,1.049169
70440,33.578141,-117.064179,429.735835,33.578289,-117.064255,459.430539,1.694715,1.049484
70455,33.578141,-117.064179,429.728119,33.578289,-117.064255,459.431143,1.694853,1.049798
70470,33.578141,-117.064179,429.719744,33.578289,-117.064255,459.431746,1.69499,1.050113
70485,33.578141,-117.064179,429.711178,33.578289,-117.064255,459.432349,1.695124,1.050428
70500,33.578141,-117.064179,429.70268,33.578289,-117.064255,459.432953,1.695255,1.050743
70515,33.578141,-117.064179,429.693955,33.578289,-117.064255,459.433556,1.695389,1.051058
70530,33.578141,-117.064179,429.684901,33.578289,-117.064255,459.434159,1.695517,1.051373
70545,33.578141,-117.064179,429.675761,33.578289,-117.064255,459.434763,1.695647,1.051689
70560,33.578141,-117.064179,429.666209,33.578289,-117.064255,459.435366,1.695774,1.052004
70575,33.578141,-117.064179,429.656702,33.578289,-117.064255,459.435969,1.695904,1.05232
70590,33.578141,-117.064179,429.646662,33.578289,-117.064255,459.436573,1.696033,1.052636
70605,33.578141,-117.064179,429.636333,33.578289,-117.064255,459.437176,1.696163,1.052952
70620,33.578141,-117.064179,429.626012,33.578289,-117.064255,459.437779,1.696292,1.053268
70635,33.578141,-117.064179,429.615481,33.578289,-117.064255,459.438383,1.696421,1.053584
70650,33.578141,-117.064179,429.604885,33.578289,-117.064255,459.438986,1.696543,1.053901
70665,33.578141,-117.064179,429.593749,33.578289,-117.064255,459.439589,1.696661,1.054217
70680,33.578141,-117.064179,429.582614,33.578289,-117.064255,459.440193,1.696781,1.054534
70695,33.578141,-117.064179,429.571471,33.578289,-117.064255,459.440796,1.696899,1.054851
70710,33.578141,-117.064179,429.559814,33.578289,-117.064255,459.441399,1.697019,1.055167
70725,33.578141,-117.064179,429.548208,33.578289,-117.064255,459.442003,1.697133,1.055484
70740,33.578141,-117.064179,429.536338,33.578289,-117.064255,459.442606,1.69725,1.055802
70755,33.578141,-117.064179,429.524125,33.578288,-117.064255,459.443209,1.697365,1.056119
70770,33.578141,-117.064179,429.511406,33.578288,-117.064255,459.443813,1.697478,1.056436
70785,33.578141,-117.064179,429.49882,33.578288,-117.064255,459.444416,1.697594,1.056754
70800,33.578141,-117.064179,429.485788,33.578288,-117.064255,459.445019,1.697706,1.057072
70815,33.578141,-117.064179,429.472609,33.578288,-117.064255,459.445623,1.697814,1.05739
70830,33.578141,-117.064179,429.459231,33.578288,-117.064255,459.446226,1.69792,1.057708
70845,33.578141,-117.064179,429.445411,33.578288,-117.064255,459.446829,1.698021,1.058026
70860,33.578141,-117.064179,429.431507,33.578288,-117.064255,459.447433,1.698124,1.058344
70875,33.578141,-117.064179,429.417455,33.578288,-117.064255,459.448036,1.698226,1.058662
70890,33.578141,-117.064179,429.403169,33.578288,-117.064255,459.448639,1.698334,1.058981
70905,33.578141,-117.064179,429.388642,33.578288,-117.064255,459.449243,1.698436,1.0593
70920,33.578141,-117.064179,429.373794,33.578288,-117.064255,459.449846,1.698536,1.059618
70935,33.578141,-117.064179,429.358598,33.578288,-117.064255,459.450449,1.698634,1.059937
70950,33.578141,-117.064179,429.343382,33.578288,-117.064255,459.451053,1.698731,1.060256
70965,33.578141,-117.064179,429.327733,33.578288,-117.064255,459.451656,1.698822,1.060576
70980,33.578141,-117.064179,429.312048,33.578288,-117.064255,459.452259,1.698916,1.060895
70995,33.578141,-117.064179,429.295921,33.578288,-117.064255,459.452863,1.699008,1.061214
71010,33.578141,-117.064179,429.280163,33.578288,-117.064255,459.453466,1.699091,1.061534
71025,33.578141,-117.064179,429.264031,33.578288,-117.064255,459.454069,1.69917,1.061854
71040,33.578141,-117.064179,429.24756,33.578288,-117.064255,459.454673,1.699251,1.062173
71055,33.578141,-117.064178,429.230927,33.578288,-117.064255,459.455276,1.699333,1.062493
71070,33.578141,-117.064178,429.214039,33.578288,-117.064255,459.455879,1.699408,1.062814
71085,33.578141,-117.064178,429.196674,33.578288,-117.064255,459.456483,1.699473,1.063134
71100,33.578141,-117.064178,429.179174,33.578288,-117.064255,459.457086,1.699536,1.063454
71115,33.578141,-117.064178,429.161759,33.578288,-117.064255,459.457689,1.699598,1.063775
71130,33.578141,-117.064178,429.143877,33.578288,-117.064255,459.458293,1.699662,1.064095
71145,33.578141,-117.064178,429.125866,33.578288,-117.064255,459.458896,1.699719,1.064416
71160,33.578141,-117.064178,429.107802,33.578288,-117.064255,459.459499,1.699778,1.064737
71175,33.578141,-117.064178,429.089577,33.578288,-117.064255,459.460103,1.699833,1.065058
71190,33.578141,-117.064178,429.071035,33.578288,-117.064255,459.460706,1.699889,1.065379
71205,33.578141,-117.064178,429.052065,33.578288,-117.064255,459.461309,1.699936,1.065701
71220,33.578141,-117.064178,429.0328,33.578288,-117.064255,459.461913,1.699981,1.066022
71235,33.578141,-117.064178,429.013489,33.578288,-117.064255,459.462516,1.700029,1.066344
71250,33.578141,-117.064178,428.994002,33.578288,-117.064255,459.463119,1.700071,1.066665
71265,33.578141,-117.064178,428.974366,33.578288,-117.064255,459.463723,1.700111,1.066987
71280,33.578141,-117.064178,428.95465,33.578288,-117.064255,459.464326,1.700145,1.067309
71295,33.578141,-117.064178,428.934597,33.578288,-117.064255,459.464929,1.700178,1.067631
71310,33.578141,-117.064178,428.914404,33.578288,-117.064255,459.465533,1.700209,1.067953
71325,33.578141,-117.064178,428.893801,33.578288,-117.064255,459.466136,1.700233,1.068276
71340,33.578141,-117.064178,428.872976,33.578288,-117.064255,459.466739,1.700258,1.068598
71355,33.578141,-117.064178,428.851916,33.578288,-117.064255,459.467343,1.700281,1.068921
71370,33.578141,-117.064178,428.830417,33.578288,-117.064255,459.467946,1.700304,1.069244
71385,33.578141,-117.064178,428.808878,33.578288,-117.064255,459.468549,1.70032,1.069566
71400,33.578141,-117.064178,428.787262,33.578288,-117.064255,459.469153,1.700334,1.069889
71415,33.578141,-117.064178,428.765549,33.578288,-117.064255,459.469756,1.700344,1.070213
71430,33.578141,-117.064178,428.743587,33.578288,-117.064255,459.470359,1.700355,1.070536
71445,33.578141,-117.064178,428.721594,33.578288,-117.064255,459.470963,1.70036,1.070859
71460,33.578141,-117.064178,428.699209,33.578288,-117.064255,459.471566,1.700365,1.071183
71475,33.578141,-117.064178,428.676248,33.578288,-117.064255,459.472169,1.700369,1.071506
71490,33.578141,-117.064178,428.65351,33.578288,-117.064255,459.472773,1.700372,1.07183
71505,33.578141,-117.064178,428.630492,33.578288,-117.064255,459.473376,1.700365,1.072154
71520,33.578141,-117.064178,428.606961,33.578288,-117.064255,459.473979,1.700357,1.072478
71535,33.578141,-117.064178,428.583717,33.578288,-117.064255,459.474583,1.700344,1.072802
71550,33.578141,-117.064178,428.560164,33.578287,-117.064255,459.475186,1.700325,1.073127
71565,33.578141,-117.064178,428.536179,33.578287,-117.064255,459.475789,1.700307,1.073451
71580,33.578141,-117.064178,428.51207,33.578287,-117.064255,459.476393,1.700284,1.073775
71595,33.578141,-117.064178,428.487727,33.578287,-117.064255,459.476996,1.700253,1.0741
71610,33.578141,-117.064178,428.46305,33.578287,-117.064255,459.477599,1.70022,1.074425
71625,33.578141,-117.064178,428.438556,33.578287,-117.064255,459.478203,1.70018,1.07475
71640,33.578141,-117.064178,428.414191,33.578287,-117.064255,459.478806,1.700129,1.075075
71655,33.57814,-117.064178,428.388949,33.578287,-117.064255,459.479409,1.700087,1.0754
71670,33.57814,-117.064178,428.36366,33.578287,-117.064255,459.480013,1.700039,1.075725
71685,33.57814,-117.064178,428.338117,33.578287,-117.064255,459.480616,1.699995,1.076051
71700,33.57814,-117.064178,428.312228,33.578287,-117.064255,459.481219,1.699937,1.076376
71715,33.57814,-117.064178,428.285849,33.578287,-117.064255,459.481823,1.69989,1.076702
71730,33.57814,-117.064178,428.259638,33.578287,-117.064255,459.482426,1.699831,1.077028
71745,33.57814,-117.064178,428.233051,33.578287,-117.064255,459.483029,1.699773,1.077354
71760,33.57814,-117.064178,428.20634,33.578287,-117.064255,459.483633,1.699706,1.07768
71775,33.57814,-117.064178,428.180024,33.578287,-117.064255,459.484236,1.699633,1.078006
71790,33.57814,-117.064178,428.153056,33.578287,-117.064255,459.484839,1.699556,1.078332
71805,33.57814,-117.064178,428.125978,33.578287,-117.064255,459.485443,1.699468,1.078659
71820,33.57814,-117.064178,428.098103,33.578287,-117.064255,459.486046,1.699386,1.078986
71835,33.57814,-117.064178,428.070243,33.578287,-117.064255,459.486649,1.699287,1.079312
71850,33.57814,-117.064178,428.041929,33.578287,-117.064255,459.487253,1.699205,1.079639
71865,33.57814,-117.064178,428.013659,33.578287,-117.064255,459.487856,1.699115,1.079966
71880,33.57814,-117.064178,427.984541,33.578287,-117.064255,459.488459,1.699026,1.080293
71895,33.57814,-117.064178,427.955456,33.578287,-117.064255,459.489063,1.698919,1.08062
71910,33.57814,-117.064178,427.925844,33.578287,-117.064255,459.489666,1.698811,1.080948
71925,33.57814,-117.064178,427.896483,33.578287,-117.064255,459.490269,1.69869,1.081275
71940,33.57814,-117.064178,427.867493,33.578287,-117.064255,459.490873,1.69856,1.081603
71955,33.57814,-117.064178,427.837624,33.578287,-117.064255,459.491476,1.698438,1.08193
71970,33.57814,-117.064178,427.807745,33.578287,-117.064255,459.492079,1.698307,1.082258
71985,33.57814,-117.064178,427.777501,33.578287,-117.064255,459.492683,1.69818,1.082586
72000,33.57814,-117.064178,427.747319,33.578287,-117.064255,459.493286,1.698039,1.082914
72015,33.57814,-117.064178,427.716616,33.578287,-117.064255,459.493889,1.697911,1.083243
72030,33.57814,-117.064178,427.686351,33.578287,-117.064255,459.494493,1.697754,1.083571
72045,33.57814,-117.064178,427.6554,33.578287,-117.064255,459.495096,1.697603,1.083899
72060,33.57814,-117.064178,427.62421,33.578287,-117.064255,459.495699,1.697444,1.084228
72075,33.57814,-117.064178,427.592662,33.578287,-117.064255,459.496303,1.697288,1.084557
72090,33.57814,-117.064178,427.561254,33.578287,-117.064255,459.496906,1.697121,1.084885
72105,33.57814,-117.064178,427.554957,33.578287,-117.064255,459.497509,1.697428,1.085214
72120,33.57814,-117.064178,427.548212,33.578287,-117.064255,459.498113,1.697735,1.085543
72135,33.57814,-117.064178,427.541727,33.578287,-117.064255,459.498716,1.698039,1.085873
72150,33.57814,-117.064178,427.534558,33.578287,-117.064255,459.499319,1.698343,1.086202
72165,33.57814,-117.064178,427.527451,33.578287,-117.064255,459.499923,1.698647,1.086531
72180,33.57814,-117.064178,427.51986,33.578287,-117.064255,459.500526,1.698955,1.086861
72195,33.57814,-117.064178,427.512324,33.578287,-117.064255,459.501129,1.699257,1.087191
72210,33.57814,-117.064178,427.504384,33.578287,-117.064255,459.501733,1.699565,1.087521
72225,33.57814,-117.064178,427.496453,33.578287,-117.064255,459.502336,1.69987,1.087851
72240,33.57814,-117.064178,427.488462,33.578287,-117.064255,459.502939,1.700173,1.088181
72255,33.57814,-117.064178,427.480345,33.578287,-117.064255,459.503543,1.70048,1.088511
72270,33.57814,-117.064178,427.471993,33.578287,-117.064255,459.504146,1.700785,1.088841
72285,33.57814,-117.064178,427.463286,33.578287,-117.064255,459.504749,1.701091,1.089172
72300,33.57814,-117.064178,427.454708,33.578287,-117.064255,459.505353,1.701398,1.089502
72315,33.57814,-117.064178,427.445617,33.578287,-117.064255,459.505956,1.701706,1.089833
72330,33.57814,-117.064178,427.436135,33.578287,-117.064255,459.506559,1.702009,1.090164
72345,33.57814,-117.064178,427.426831,33.578286,-117.064255,459.507163,1.702312,1.090495
72360,33.57814,-117.064178,427.417391,33.578286,-117.064255,459.507766,1.702619,1.090826
72375,33.57814,-117.064178,427.407905,33.578286,-117.064255,459.508369,1.702918,1.091157
72390,33.57814,-117.064178,427.398184,33.578286,-117.064255,459.508973,1.703218,1.091488
72405,33.57814,-117.064178,427.388488,33.578286,-117.064255,459.509576,1.703521,1.091819
72420,33.57814,-117.064178,427.378442,33.578286,-117.064255,459.510179,1.703822,1.092151
72435,33.57814,-117.064178,427.368145,33.578286,-117.064255,459.510783,1.704117,1.092483
72450,33.57814,-117.064178,427.357483,33.578286,-117.064255,459.511386,1.70442,1.092814
72465,33.57814,-117.064178,427.346958,33.578286,-117.064255,459.511989,1.704721,1.093146
72480,33.57814,-117.064178,427.335853,33.578286,-117.064255,459.512593,1.705022,1.093478
72495,33.57814,-117.064178,427.32472,33.578286,-117.064255,459.513196,1.705318,1.093811
72510,33.57814,-117.064178,427.313359,33.578286,-117.064255,459.513799,1.70562,1.094143
72525,33.57814,-117.064178,427.30222,33.578286,-117.064255,459.514403,1.705916,1.094475
72540,33.57814,-117.064178,427.290779,33.578286,-117.064255,459.515006,1.706212,1.094808
72555,33.57814,-117.064178,427.279145,33.578286,-117.064255,459.515609,1.70651,1.09514
72570,33.57814,-117.064178,427.267612,33.578286,-117.064255,459.516213,1.706809,1.095473
72585,33.57814,-117.064178,427.255579,33.578286,-117.064255,459.516816,1.707106,1.095806
72600,33.57814,-117.064178,427.243607,33.578286,-117.064255,459.517419,1.707403,1.096139
72615,33.57814,-117.064178,427.230951,33.578286,-117.064255,459.518023,1.707697,1.096472
72630,33.57814,-117.064178,427.218114,33.578286,-117.064255,459.518626,1.707994,1.096805
72645,33.57814,-117.064178,427.205038,33.578286,-117.064255,459.519229,1.708292,1.097139
72660,33.57814,-117.064178,427.192284,33.578286,-117.064255,459.519833,1.708587,1.097472
72675,33.57814,-117.064178,427.179475,33.578286,-117.064255,459.520436,1.708879,1.097806
72690,33.57814,-117.064178,427.181328,33.578286,-117.064255,459.521039,1.70909,1.098139
72705,33.57814,-117.064178,427.182432,33.578286,-117.064255,459.521643,1.709308,1.098473
72720,33.57814,-117.064178,427.183187,33.578286,-117.064255,459.522246,1.70953,1.098807
72735,33.57814,-117.064178,427.183815,33.578286,-117.064255,459.522849,1.709752,1.099141
72750,33.57814,-117.064178,427.183602,33.578286,-117.064255,459.523453,1.709977,1.099475
72765,33.57814,-117.064178,427.183807,33.578286,-117.064255,459.524056,1.710193,1.09981
72780,33.57814,-117.064178,427.183583,33.578286,-117.064255,459.524659,1.710413,1.100144
72795,33.57814,-117.064178,427.183272,33.578286,-117.064255,459.525263,1.710632,1.100479
72810,33.57814,-117.064178,427.182458,33.578286,-117.064255,459.525866,1.71086,1.100813
72825,33.57814,-117.064179,427.191658,33.578286,-117.064255,459.526469,1.71111,1.101148
72840,33.57814,-117.064179,427.199749,33.578286,-117.064255,459.527073,1.711368,1.101483
72855,33.57814,-117.064179,427.207777,33.578286,-117.064255,459.527676,1.711628,1.101818
72870,33.57814,-117.064179,427.214795,33.578286,-117.064255,459.528279,1.711898,1.102153
72885,33.57814,-117.064179,427.221987,33.578286,-117.064255,459.528883,1.712164,1.102489
72900,33.57814,-117.064179,427.228941,33.578286,-117.064255,459.529486,1.712428,1.102824
72915,33.57814,-117.064179,427.235945,33.578286,-117.064255,459.530089,1.712692,1.103159
72930,33.57814,-117.064179,427.242866,33.578286,-117.064255,459.530693,1.712952,1.103495
72945,33.57814,-117.064179,427.249042,33.578286,-117.064255,459.531296,1.713221,1.103831
72960,33.57814,-117.064179,427.2556,33.578286,-117.064255,459.531899,1.713483,1.104167
72975,33.57814,-117.064179,427.262195,33.578286,-117.064255,459.532503,1.713741,1.104503
72990,33.57814,-117.064179,427.268219,33.578286,-117.064255,459.533106,1.714006,1.104839
73005,33.57814,-117.064179,427.273375,33.578286,-117.064255,459.533709,1.714277,1.105175
73020,33.57814,-117.064179,427.278075,33.578286,-117.064255,459.534313,1.714552,1.105511
73035,33.57814,-117.064179,427.282805,33.578286,-117.064255,459.534916,1.714825,1.105848
73050,33.57814,-117.064179,427.288035,33.578286,-117.064255,459.535519,1.715089,1.106184
73065,33.57814,-117.064179,427.293114,33.578286,-117.064255,459.536123,1.715352,1.106521
73080,33.57814,-117.064179,427.297937,33.578286,-117.064255,459.536726,1.715617,1.106858
73095,33.57814,-117.06418,427.302955,33.578286,-117.064255,459.537329,1.715873,1.107195
73110,33.57814,-117.06418,427.306919,33.578286,-117.064255,459.537933,1.716141,1.107532
73125,33.57814,-117.06418,427.310732,33.578285,-117.064255,459.538536,1.716411,1.107869
73140,33.57814,-117.06418,427.314137,33.578285,-117.064255,459.539139,1.716685,1.108206
73155,33.578139,-117.06418,427.317349,33.578285,-117.064255,459.539743,1.71696,1.108543
73170,33.578139,-117.06418,427.3213,33.578285,-117.064255,459.540346,1.717222,1.108881
73185,33.578139,-117.06418,427.324558,33.578285,-117.064255,459.540949,1.717489,1.109219
73200,33.578139,-117.06418,427.32781,33.578285,-117.064255,459.541553,1.717755,1.109556
73215,33.578139,-117.06418,427.330746,33.578285,-117.064255,459.542156,1.718023,1.109894
73230,33.578139,-117.06418,427.333188,33.578285,-117.064255,459.542759,1.718294,1.110232
73245,33.578139,-117.06418,427.335203,33.578285,-117.064255,459.543363,1.718568,1.11057
73260,33.578139,-117.06418,427.336648,33.578285,-117.064255,459.543966,1.718841,1.110908
73275,33.578139,-117.06418,427.337957,33.578285,-117.064255,459.544569,1.719116,1.111247
73290,33.578139,-117.06418,427.340399,33.578285,-117.064255,459.545173,1.719374,1.111585
73305,33.578139,-117.06418,427.341393,33.578285,-117.064255,459.545776,1.719647,1.111924
73320,33.578139,-117.06418,427.342321,33.578285,-117.064255,459.546379,1.719919,1.112262
73335,33.578139,-117.06418,427.343944,33.578285,-117.064255,459.546983,1.720179,1.112601
73350,33.578139,-117.06418,427.344368,33.578285,-117.064255,459.547586,1.72045,1.11294
73365,33.578139,-117.06418,427.344618,33.578285,-117.064255,459.548189,1.720721,1.113279
73380,33.578139,-117.06418,427.344489,33.578285,-117.064255,459.548793,1.720994,1.113618
73395,33.578139,-117.06418,427.344361,33.578285,-117.064255,459.549396,1.721265,1.113957
73410,33.578139,-117.064181,427.344111,33.578285,-117.064255,459.549999,1.721535,1.114297
73425,33.578139,-117.064181,427.344041,33.578285,-117.064255,459.550603,1.7218,1.114636
73440,33.578139,-117.064181,427.34347,33.578285,-117.064255,459.551206,1.72207,1.114976
73455,33.578139,-117.064181,427.34269,33.578285,-117.064255,459.551809,1.722339,1.115315
73470,33.578139,-117.064181,427.341282,33.578285,-117.064255,459.552413,1.722612,1.115655
73485,33.578139,-117.064181,427.339796,33.578285,-117.064255,459.553016,1.722882,1.115995
73500,33.578139,-117.064181,427.337735,33.578285,-117.064255,459.553619,1.723158,1.116335
73515,33.578139,-117.064181,427.33621,33.578285,-117.064255,459.554223,1.723424,1.116675
73530,33.578139,-117.064181,427.333694,33.578285,-117.064255,459.554826,1.723699,1.117015
73545,33.578139,-117.064181,427.331711,33.578285,-117.064255,459.555429,1.723962,1.117356
73560,33.578139,-117.064181,427.329408,33.578285,-117.064255,459.556033,1.724228,1.117696
73575,33.578139,-117.064181,427.326693,33.578285,-117.064255,459.556636,1.724499,1.118037
73590,33.578139,-117.064181,427.323759,33.578285,-117.064255,459.557239,1.724768,1.118378
73605,33.578139,-117.064181,427.320703,33.578285,-117.064255,459.557843,1.725037,1.118718
73620,33.578139,-117.064181,427.317289,33.578285,-117.064255,459.558446,1.725307,1.119059
73635,33.578138,-117.064181,427.313743,33.578285,-117.064255,459.559049,1.725575,1.1194
73650,33.578138,-117.064181,427.320135,33.578285,-117.064255,459.559653,1.725786,1.119742
73665,33.578138,-117.064181,427.326351,33.578285,-117.064255,459.560256,1.726,1.120083
73680,33.578138,-117.064181,427.33267,33.578285,-117.064255,459.560859,1.726212,1.120424
73695,33.578138,-117.064181,427.338412,33.578285,-117.064255,459.561463,1.726426,1.120766
73710,33.578138,-117.064181,427.343885,33.578285,-117.064255,459.562066,1.726642,1.121107
73725,33.578138,-117.064181,427.349265,33.578285,-117.064255,459.562669,1.726855,1.121449
73740,33.578138,-117.064181,427.354104,33.578285,-117.064255,459.563273,1.727068,1.121791
73755,33.578138,-117.064181,427.358684,33.578285,-117.064255,459.563876,1.727283,1.122133
73770,33.578138,-117.064181,427.395002,33.578285,-117.064255,459.564479,1.727349,1.122475
73785,33.578138,-117.064181,427.430974,33.578285,-117.064255,459.565083,1.72742,1.122817
73800,33.578138,-117.064181,427.466153,33.578285,-117.064255,459.565686,1.727493,1.123159
73815,33.578138,-117.064181,427.501189,33.578285,-117.064255,459.566289,1.727568,1.123502
73830,33.578138,-117.064181,427.535587,33.578285,-117.064255,459.566893,1.727646,1.123844
73845,33.578138,-117.064181,427.569233,33.578285,-117.064255,459.567496,1.727724,1.124187
73860,33.578138,-117.064181,427.60252,33.578285,-117.064255,459.568099,1.727808,1.12453
73875,33.578138,-117.064181,427.635544,33.578285,-117.064255,459.568703,1.727893,1.124872
73890,33.578138,-117.06418,427.667922,33.578285,-117.064255,459.569306,1.727981,1.125215
73905,33.578138,-117.06418,427.699941,33.578285,-117.064255,459.569909,1.728071,1.125558
73920,33.578138,-117.06418,427.731635,33.578284,-117.064255,459.570513,1.728165,1.125902
73935,33.578138,-117.06418,427.762581,33.578284,-117.064255,459.571116,1.728261,1.126245
73950,33.578138,-117.06418,427.793315,33.578284,-117.064255,459.571719,1.728356,1.126588
73965,33.578138,-117.06418,427.823467,33.578284,-117.064255,459.572323,1.728457,1.126932
73980,33.578138,-117.06418,427.853276,33.578284,-117.064255,459.572926,1.728557,1.127275
73995,33.578138,-117.06418,427.883286,33.578284,-117.064255,459.573529,1.728655,1.127619
74010,33.578138,-117.06418,427.912985,33.578284,-117.064255,459.574133,1.728757,1.127963
74025,33.578138,-117.06418,427.941835,33.578284,-117.064255,459.574736,1.72886,1.128307
74040,33.578138,-117.06418,427.969613,33.578284,-117.064255,459.575339,1.728969,1.128651
74055,33.578138,-117.06418,427.996676,33.578284,-117.064255,459.575943,1.729085,1.128995
74070,33.578138,-117.06418,428.023396,33.578284,-117.064255,459.576546,1.729205,1.12934
74085,33.578138,-117.064179,428.050057,33.578284,-117.064255,459.577149,1.729324,1.129684
74100,33.578137,-117.064179,428.076094,33.578284,-117.064255,459.577753,1.729444,1.130028
74115,33.578137,-117.064179,428.101597,33.578284,-117.064255,459.578356,1.729566,1.130373
74130,33.578137,-117.064179,428.126695,33.578284,-117.064255,459.578959,1.729687,1.130718
74145,33.578137,-117.064179,428.151552,33.578284,-117.064255,459.579563,1.729809,1.131063
74160,33.578137,-117.064179,428.175429,33.578284,-117.064255,459.580166,1.729937,1.131408
74175,33.578137,-117.064179,428.199245,33.578284,-117.064255,459.580769,1.730064,1.131753
74190,33.578137,-117.064179,428.222347,33.578284,-117.064255,459.581373,1.730195,1.132098
74205,33.578137,-117.064179,428.245148,33.578284,-117.064255,459.581976,1.730326,1.132443
74220,33.578137,-117.064179,428.267534,33.578284,-117.064255,459.582579,1.730461,1.132788
74235,33.578137,-117.064179,428.289455,33.578284,-117.064255,459.583183,1.730596,1.133134
74250,33.578137,-117.064179,428.310879,33.578284,-117.064255,459.583786,1.730734,1.133479
74265,33.578137,-117.064179,428.33202,33.578284,-117.064255,459.584389,1.730871,1.133825
74280,33.578137,-117.064179,428.35236,33.578284,-117.064255,459.584993,1.731013,1.134171
74295,33.578137,-117.064178,428.372811,33.578284,-117.064255,459.585596,1.731155,1.134517
74310,33.578137,-117.064178,428.406081,33.578284,-117.064255,459.586199,1.731335,1.134863
74325,33.578137,-117.064178,428.438623,33.578284,-117.064255,459.586803,1.731519,1.135209
74340,33.578137,-117.064178,428.471011,33.578284,-117.064255,459.587406,1.731704,1.135555
74355,33.578137,-117.064178,428.503148,33.578284,-117.064255,459.588009,1.731891,1.135902
74370,33.578137,-117.064178,428.534463,33.578284,-117.064255,459.588613,1.732082,1.136248
74385,33.578137,-117.064178,428.565299,33.578284,-117.064255,459.589216,1.732275,1.136595
74400,33.578137,-117.064178,428.59607,33.578284,-117.064255,459.589819,1.732468,1.136941
74415,33.578137,-117.064178,428.636311,33.578284,-117.064255,459.590423,1.732605,1.137288
74430,33.578137,-117.064178,428.675769,33.578284,-117.064255,459.591026,1.732746,1.137635
74445,33.578137,-117.064179,428.714999,33.578284,-117.064255,459.591629,1.732887,1.137982
74460,33.578136,-117.064179,428.753666,33.578284,-117.064255,459.592233,1.733029,1.138329
74475,33.578136,-117.064179,428.791912,33.578284,-117.064255,459.592836,1.733173,1.138676
74490,33.578136,-117.064179,428.829769,33.578284,-117.064255,459.59344,1.73332,1.139024
74505,33.578136,-117.064179,428.866884,33.578284,-117.064255,459.594043,1.733472,1.139371
74520,33.578136,-117.064179,428.90354,33.578284,-117.064255,459.594646,1.733625,1.139719
74535,33.578136,-117.064179,428.93995,33.578284,-117.064255,459.59525,1.733778,1.140066
74550,33.578136,-117.064179,428.975632,33.578284,-117.064255,459.595853,1.733936,1.140414
74565,33.578136,-117.064179,429.010782,33.578284,-117.064255,459.596456,1.734096,1.140762
74580,33.578136,-117.064179,429.045785,33.578284,-117.064255,459.59706,1.734256,1.14111
74595,33.578136,-117.064179,429.080041,33.578284,-117.064255,459.597663,1.73442,1.141458
74610,33.578136,-117.064179,429.113782,33.578284,-117.064255,459.598266,1.734585,1.141806
74625,33.578136,-117.064179,429.147187,33.578284,-117.064255,459.59887,1.734752,1.142155
74640,33.578136,-117.064179,429.180032,33.578284,-117.064255,459.599473,1.734922,1.142503
74655,33.578136,-117.064179,429.212569,33.578284,-117.064255,459.600076,1.735092,1.142851
74670,33.578136,-117.064179,429.244755,33.578284,-117.064255,459.60068,1.735264,1.1432
74685,33.578136,-117.064179,429.276527,33.578284,-117.064255,459.601283,1.735436,1.143549
74700,33.578136,-117.064179,429.308176,33.578284,-117.064255,459.601886,1.73561,1.143898
74715,33.578136,-117.064179,429.339025,33.578283,-117.064255,459.60249,1.735786,1.144247
74730,33.578136,-117.064179,429.369844,33.578283,-117.064255,459.603093,1.73596,1.144596
74745,33.578136,-117.064179,429.400073,33.578283,-117.064255,459.603696,1.736138,1.144945
74760,33.578136,-117.064179,429.429617,33.578283,-117.064255,459.6043,1.736322,1.145294
74775,33.578136,-117.064179,429.458977,33.578283,-117.064255,459.604903,1.736507,1.145643
74790,33.578135,-117.064179,429.487751,33.578283,-117.064255,459.605506,1.736692,1.145993
74805,33.578135,-117.064179,429.516114,33.578283,-117.064255,459.60611,1.736882,1.146342
74820,33.578135,-117.064179,429.544038,33.578283,-117.064255,459.606713,1.737071,1.146692
74835,33.578135,-117.064179,429.571719,33.578283,-117.064255,459.607316,1.73726,1.147042
74850,33.578135,-117.064179,429.598693,33.578283,-117.064255,459.60792,1.737453,1.147392
74865,33.578135,-117.064179,429.625304,33.578283,-117.064255,459.608523,1.737647,1.147742
74880,33.578135,-117.064179,429.651619,33.578283,-117.064255,459.609126,1.737841,1.148092
74895,33.578135,-117.064179,429.677326,33.578283,-117.064255,459.60973,1.738037,1.148442
74910,33.578135,-117.064179,429.702766,33.578283,-117.064255,459.610333,1.738236,1.148792
74925,33.578135,-117.064179,429.728033,33.578283,-117.064255,459.610936,1.738432,1.149143
74940,33.578135,-117.064179,429.752768,33.578283,-117.064255,459.61154,1.738633,1.149493
74955,33.578135,-117.064179,429.777094,33.578283,-117.064255,459.612143,1.738834,1.149844
74970,33.578135,-117.064179,429.801104,33.578283,-117.064255,459.612746,1.739033,1.150194
74985,33.578135,-117.064179,429.824619,33.578283,-117.064255,459.61335,1.739234,1.150545
75000,33.578135,-117.064179,429.847789,33.578283,-117.064255,459.613953,1.739435,1.150896
75015,33.578135,-117.064179,429.870362,33.578283,-117.064255,459.614556,1.739644,1.151247
75030,33.578135,-117.064179,429.892708,33.578283,-117.064255,459.61516,1.739852,1.151598
75045,33.578135,-117.064179,429.91464,33.578283,-117.064255,459.615763,1.74006,1.15195
75060,33.578135,-117.064179,429.936278,33.578283,-117.064255,459.616366,1.740267,1.152301
75075,33.578135,-117.064179,429.957496,33.578283,-117.064255,459.61697,1.740473,1.152652
75090,33.578135,-117.064179,429.978373,33.578283,-117.064255,459.617573,1.740682,1.153004
75105,33.578135,-117.06418,429.999231,33.578283,-117.064255,459.618176,1.740891,1.153356
75120,33.578134,-117.06418,430.019502,33.578283,-117.064255,459.61878,1.741105,1.153707
75135,33.578134,-117.06418,430.039347,33.578283,-117.064255,459.619383,1.74132,1.154059
75150,33.578134,-117.06418,430.05883,33.578283,-117.064255,459.619986,1.741533,1.154411
75165,33.578134,-117.06418,430.077904,33.578283,-117.064255,459.62059,1.741745,1.154763
75180,33.578134,-117.06418,430.096853,33.578283,-117.064255,459.621193,1.741959,1.155115
75195,33.578134,-117.06418,430.115353,33.578283,-117.064255,459.621796,1.742176,1.155468
75210,33.578134,-117.06418,430.133437,33.578283,-117.064255,459.6224,1.742394,1.15582
75225,33.578134,-117.06418,430.151063,33.578283,-117.064255,459.623003,1.742615,1.156172
75240,33.578134,-117.06418,430.16845,33.578283,-117.064255,459.623606,1.742831,1.156525
75255,33.578134,-117.06418,430.185638,33.578283,-117.064255,459.62421,1.743046,1.156878
75270,33.578134,-117.06418,430.20243,33.578283,-117.064255,459.624813,1.743263,1.157231
75285,33.578134,-117.06418,430.219017,33.578283,-117.064255,459.625416,1.743485,1.157583
75300,33.578134,-117.06418,430.245031,33.578283,-117.064255,459.62602,1.743688,1.157936
75315,33.578134,-117.06418,430.270669,33.578283,-117.064255,459.626623,1.743889,1.158289
75330,33.578134,-117.06418,430.296032,33.578283,-117.064255,459.627226,1.744088,1.158643
75345,33.578134,-117.06418,430.320912,33.578283,-117.064255,459.62783,1.744286,1.158996
75360,33.578134,-117.06418,430.345629,33.578283,-117.064255,459.628433,1.744491,1.159349
75375,33.578134,-117.06418,430.370189,33.578283,-117.064255,459.629036,1.744693,1.159703
75390,33.578134,-117.06418,430.393915,33.578283,-117.064255,459.62964,1.7449,1.160056
75405,33.578134,-117.06418,430.417288,33.578283,-117.064255,459.630243,1.745105,1.16041
75420,33.578134,-117.06418,430.44062,33.578283,-117.064255,459.630846,1.745312,1.160764
75435,33.578134,-117.06418,430.463571,33.578283,-117.064255,459.63145,1.745517,1.161118
75450,33.578134,-117.06418,430.486023,33.578283,-117.064255,459.632053,1.745726,1.161472
75465,33.578134,-117.06418,430.508337,33.578283,-117.064255,459.632656,1.745933,1.161826
75480,33.578134,-117.06418,430.530431,33.578283,-117.064255,459.63326,1.746143,1.16218
75495,33.578134,-117.06418,430.551983,33.578282,-117.064255,459.633863,1.746355,1.162534
75510,33.578134,-117.06418,430.573119,33.578282,-117.064255,459.634466,1.746566,1.162889
75525,33.578134,-117.06418,430.594071,33.578282,-117.064255,459.63507,1.746777,1.163243
75540,33.578134,-117.06418,430.614972,33.578282,-117.064255,459.635673,1.746991,1.163598
75555,33.578134,-117.06418,430.635615,33.578282,-117.064255,459.636276,1.747204,1.163953
75570,33.578134,-117.06418,430.655619,33.578282,-117.064255,459.63688,1.747418,1.164307
75585,33.578134,-117.06418,430.675713,33.578282,-117.064255,459.637483,1.747633,1.164662
75600,33.578133,-117.06418,430.695349,33.578282,-117.064255,459.638086,1.747851,1.165017
75615,33.578133,-117.06418,430.714578,33.578282,-117.064255,459.63869,1.748063,1.165373
75630,33.578133,-117.06418,430.733515,33.578282,-117.064255,459.639293,1.748281,1.165728
75645,33.578133,-117.06418,430.752239,33.578282,-117.064255,459.639896,1.748502,1.166083
75660,33.578133,-117.06418,430.770535,33.578282,-117.064255,459.6405,1.748723,1.166438
75675,33.578133,-117.06418,430.788444,33.578282,-117.064255,459.641103,1.74894,1.166794
75690,33.578133,-117.06418,430.806213,33.578282,-117.064255,459.641706,1.74916,1.16715
75705,33.578133,-117.06418,430.823596,33.578282,-117.064255,459.64231,1.749383,1.167505
75720,33.578133,-117.06418,430.840737,33.578282,-117.064255,459.642913,1.749599,1.167861
75735,33.578133,-117.06418,430.857491,33.578282,-117.064255,459.643516,1.749825,1.168217
75750,33.578133,-117.06418,430.874039,33.578282,-117.064255,459.64412,1.75005,1.168573
75765,33.578133,-117.06418,430.890226,33.578282,-117.064255,459.644723,1.750273,1.168929
75780,33.578133,-117.06418,430.906039,33.578282,-117.064255,459.645326,1.750499,1.169285
75795,33.578133,-117.06418,430.921681,33.578282,-117.064255,459.64593,1.750724,1.169642
75810,33.578133,-117.06418,430.936985,33.578282,-117.064255,459.646533,1.750951,1.169998
75825,33.578133,-117.06418,430.95212,33.578282,-117.064255,459.647136,1.751176,1.170355
75840,33.578133,-117.06418,430.966816,33.578282,-117.064255,459.64774,1.751406,1.170711
75855,33.578133,-117.06418,430.981359,33.578282,-117.064255,459.648343,1.751633,1.171068
75870,33.578133,-117.06418,430.995539,33.578282,-117.064255,459.648946,1.75186,1.171425
75885,33.578133,-117.06418,431.009716,33.578282,-117.064255,459.64955,1.752087,1.171782
75900,33.578133,-117.06418,431.023381,33.578282,-117.064255,459.650153,1.752317,1.172139
75915,33.578133,-117.06418,431.036852,33.578282,-117.064255,459.650756,1.752549,1.172496
75930,33.578133,-117.06418,431.050239,33.578282,-117.064255,459.65136,1.752779,1.172853
75945,33.578133,-117.06418,431.063374,33.578282,-117.064255,459.651963,1.753004,1.17321
75960,33.578133,-117.06418,431.076292,33.578282,-117.064255,459.652566,1.75323,1.173568
75975,33.578133,-117.06418,431.08892,33.578282,-117.064255,459.65317,1.753457,1.173925
75990,33.578133,-117.06418,431.10117,33.578282,-117.064255,459.653773,1.753683,1.174283
76005,33.578133,-117.06418,431.113324,33.578282,-117.064255,459.654376,1.753911,1.17464
76020,33.578133,-117.06418,431.125118,33.578282,-117.064255,459.65498,1.754141,1.174998
76035,33.578133,-117.06418,431.136618,33.578282,-117.064255,459.655583,1.754369,1.175356
76050,33.578133,-117.06418,431.147682,33.578282,-117.064255,459.656186,1.7546,1.175714
76065,33.578133,-117.064181,431.158714,33.578282,-117.064255,459.65679,1.754831,1.176072
76080,33.578133,-117.064181,431.169423,33.578282,-117.064255,459.657393,1.755062,1.17643
76095,33.578133,-117.064181,431.18003,33.578282,-117.064255,459.657996,1.755289,1.176788
76110,33.578133,-117.064181,431.190029,33.578282,-117.064255,459.6586,1.75552,1.177147
76125,33.578133,-117.064181,431.200089,33.578282,-117.064255,459.659203,1.755747,1.177505
76140,33.578133,-117.064181,431.209611,33.578282,-117.064255,459.659806,1.75598,1.177864
76155,33.578133,-117.064181,431.219266,33.578282,-117.064255,459.66041,1.756211,1.178223
76170,33.578133,-117.064181,431.228401,33.578282,-117.064255,459.661013,1.756441,1.178581
76185,33.578133,-117.064181,431.237564,33.578282,-117.064255,459.661616,1.756672,1.17894
76200,33.578133,-117.064181,431.246245,33.578282,-117.064255,459.66222,1.756904,1.179299
76215,33.578133,-117.064181,431.254552,33.578282,-117.064255,459.662823,1.757136,1.179658
76230,33.578133,-117.064181,431.262342,33.578282,-117.064255,459.663426,1.757372,1.180017
76245,33.578133,-117.064181,431.270326,33.578282,-117.064255,459.66403,1.757602,1.180377
76260,33.578133,-117.064181,431.277952,33.578282,-117.064255,459.664633,1.757835,1.180736
76275,33.578133,-117.064181,431.285635,33.578282,-117.064255,459.665236,1.758065,1.181095
76290,33.578133,-117.064181,431.292543,33.578281,-117.064255,459.66584,1.758297,1.181455
76305,33.578133,-117.064181,431.299848,33.578281,-117.064255,459.666443,1.758525,1.181814
76320,33.578133,-117.064181,431.306523,33.578281,-117.064255,459.667046,1.75876,1.182174
76335,33.578133,-117.064181,431.31328,33.578281,-117.064255,459.66765,1.758988,1.182534
76350,33.578133,-117.064181,431.31954,33.578281,-117.064255,459.668253,1.759219,1.182894
76365,33.578133,-117.064181,431.326047,33.578281,-117.064255,459.668856,1.759445,1.183254
76380,33.578133,-117.064181,431.331958,33.578281,-117.064255,459.66946,1.759673,1.183614
76395,33.578133,-117.064181,431.33803,33.578281,-117.064255,459.670063,1.7599,1.183974
76410,33.578133,-117.064181,431.343752,33.578281,-117.064255,459.670666,1.76013,1.184335
76425,33.578133,-117.064181,431.349356,33.578281,-117.064255,459.67127,1.760354,1.184695
76440,33.578133,-117.064181,431.354335,33.578281,-117.064255,459.671873,1.760584,1.185055
76455,33.578133,-117.064181,431.35921,33.578281,-117.064255,459.672476,1.760808,1.185416
76470,33.578133,-117.064181,431.364026,33.578281,-117.064255,459.67308,1.761033,1.185777
76485,33.578133,-117.064181,431.36871,33.578281,-117.064255,459.673683,1.761261,1.186137
76500,33.578133,-117.064181,431.372984,33.578281,-117.064255,459.674286,1.761483,1.186498
76515,33.578133,-117.064181,431.377126,33.578281,-117.064255,459.67489,1.761706,1.186859
76530,33.578133,-117.064181,431.381178,33.578281,-117.064255,459.675493,1.761929,1.18722
76545,33.578133,-117.064181,431.38485,33.578281,-117.064255,459.676096,1.762151,1.187581
76560,33.578133,-117.064181,431.388484,33.578281,-117.064255,459.6767,1.762375,1.187943
76575,33.578133,-117.064181,431.391832,33.578281,-117.064255,459.677303,1.762597,1.188304
76590,33.578133,-117.064181,431.395047,33.578281,-117.064255,459.677906,1.762818,1.188665
76605,33.578133,-117.064182,431.397802,33.578281,-117.064255,459.67851,1.763041,1.189027
76620,33.578133,-117.064182,431.400295,33.578281,-117.064255,459.679113,1.763264,1.189389
76635,33.578133,-117.064182,431.402545,33.578281,-117.064255,459.679716,1.763486,1.18975
76650,33.578133,-117.064182,431.404726,33.578281,-117.064255,459.68032,1.763704,1.190112
76665,33.578133,-117.064182,431.406496,33.578281,-117.064255,459.680923,1.763925,1.190474
76680,33.578133,-117.064182,431.408174,33.578281,-117.064255,459.681526,1.764144,1.190836
76695,33.578133,-117.064182,431.40945,33.578281,-117.064255,459.68213,1.764364,1.191198
76710,33.578133,-117.064182,431.410683,33.578281,-117.064255,459.682733,1.764581,1.19156
76725,33.578133,-117.064182,431.411546,33.578281,-117.064255,459.683336,1.764799,1.191923
76740,33.578133,-117.064182,431.412626,33.578281,-117.064255,459.68394,1.765017,1.192285
76755,33.578133,-117.064182,431.41329,33.578281,-117.064255,459.684543,1.765232,1.192647
76770,33.578133,-117.064182,431.414064,33.578281,-117.064255,459.685146,1.765446,1.19301
76785,33.578133,-117.064182,431.414341,33.578281,-117.064255,459.68575,1.765659,1.193373
76800,33.578133,-117.064182,431.414617,33.578281,-117.064255,459.686353,1.765868,1.193735
76815,33.578133,-117.064182,431.414671,33.578281,-117.064255,459.686956,1.766081,1.194098
76830,33.578133,-117.064182,431.414552,33.578281,-117.064255,459.68756,1.766291,1.194461
76845,33.578133,-117.064182,431.414167,33.578281,-117.064255,459.688163,1.766499,1.194824
76860,33.578133,-117.064182,431.413518,33.578281,-117.064255,459.688766,1.766706,1.195187
76875,33.578133,-117.064182,431.412757,33.578281,-117.064255,459.68937,1.766914,1.195551
76890,33.578133,-117.064182,431.411683,33.578281,-117.064255,459.689973,1.76712,1.195914
76905,33.578133,-117.064182,431.410716,33.578281,-117.064255,459.690576,1.767322,1.196277
76920,33.578133,-117.064182,431.409486,33.578281,-117.064255,459.69118,1.767526,1.196641
76935,33.578133,-117.064183,431.40829,33.578281,-117.064255,459.691783,1.767728,1.197004
76950,33.578133,-117.064183,431.40673,33.578281,-117.064255,459.692386,1.767931,1.197368
76965,33.578133,-117.064183,431.404835,33.578281,-117.064255,459.69299,1.768129,1.197732
76980,33.578133,-117.064183,431.402735,33.578281,-117.064255,459.693593,1.76833,1.198096
76995,33.578133,-117.064183,431.400431,33.578281,-117.064255,459.694196,1.768528,1.19846
77010,33.578133,-117.064183,431.397973,33.578281,-117.064255,459.6948,1.768728,1.198824
77025,33.578133,-117.064183,431.395449,33.578281,-117.064255,459.695403,1.768924,1.199188
77040,33.578133,-117.064183,431.392829,33.578281,-117.064255,459.696006,1.769119,1.199552
77055,33.578133,-117.064183,431.389845,33.578281,-117.064255,459.69661,1.769315,1.199916
77070,33.578133,-117.064183,431.386966,33.578281,-117.064255,459.697213,1.7695,1.200281
77085,33.578133,-117.064183,431.38348,33.57828,-117.064255,459.697816,1.769695,1.200645
77100,33.578133,-117.064183,431.380052,33.57828,-117.064255,459.69842,1.769889,1.20101
77115,33.578133,-117.064183,431.376112,33.57828,-117.064255,459.699023,1.770083,1.201375
77130,33.578133,-117.064183,431.37222,33.57828,-117.064255,459.699626,1.770275,1.201739
77145,33.578133,-117.064183,431.368119,33.57828,-117.064255,459.70023,1.770465,1.202104
77160,33.578133,-117.064183,431.363744,33.57828,-117.064255,459.700833,1.770656,1.202469
77175,33.578133,-117.064183,431.35954,33.57828,-117.064255,459.701436,1.770843,1.202834
77190,33.578133,-117.064184,431.355064,33.57828,-117.064255,459.70204,1.771026,1.203199
77205,33.578133,-117.064184,431.350726,33.57828,-117.064255,459.702643,1.771208,1.203565
77220,33.578133,-117.064184,431.346056,33.57828,-117.064255,459.703246,1.771392,1.20393
77235,33.578133,-117.064184,431.341309,33.57828,-117.064255,459.70385,1.771572,1.204295
77250,33.578133,-117.064184,431.336394,33.57828,-117.064255,459.704453,1.771748,1.204661
77265,33.578133,-117.064184,431.331403,33.57828,-117.064255,459.705056,1.771923,1.205027
77280,33.578133,-117.064184,431.325814,33.57828,-117.064255,459.70566,1.772105,1.205392
77295,33.578133,-117.064184,431.32025,33.57828,-117.064255,459.706263,1.772282,1.205758
77310,33.578133,-117.064184,431.314775,33.57828,-117.064255,459.706866,1.772454,1.206124
77325,33.578133,-117.064184,431.30896,33.57828,-117.064255,459.70747,1.772622,1.20649
77340,33.578133,-117.064184,431.303141,33.57828,-117.064255,459.708073,1.772792,1.206856
77355,33.578133,-117.064184,431.297069,33.57828,-117.064255,459.708676,1.772956,1.207222
77370,33.578134,-117.064184,431.367331,33.57828,-117.064255,459.70928,1.772194,1.207588
77385,33.578135,-117.064185,431.43774,33.57828,-117.064255,459.709883,1.771421,1.207955
77400,33.578135,-117.064185,431.511072,33.57828,-117.064255,459.710486,1.770618,1.208321
77415,33.578136,-117.064185,431.578557,33.57828,-117.064255,459.71109,1.769893,1.208687
77430,33.578136,-117.064185,431.651443,33.57828,-117.064255,459.711693,1.769087,1.209054
77445,33.578137,-117.064186,431.719672,33.57828,-117.064255,459.712296,1.768344,1.209421
77460,33.578138,-117.064186,431.789605,33.57828,-117.064255,459.7129,1.767565,1.209788
77475,33.578138,-117.064186,431.863759,33.57828,-117.064255,459.713503,1.76672,1.210154
77490,33.578139,-117.064186,431.932424,33.57828,-117.064255,459.714106,1.765953,1.210521
77505,33.578139,-117.064186,432.001576,33.57828,-117.064255,459.71471,1.765177,1.210888
77520,33.57814,-117.064187,432.07161,33.57828,-117.064255,459.715313,1.764386,1.211256
77535,33.578141,-117.064187,432.138326,33.57828,-117.064255,459.715916,1.763625,1.211623
77550,33.578141,-117.064187,432.209193,33.57828,-117.064255,459.71652,1.762824,1.21199
77565,33.578142,-117.064187,432.276727,33.57828,-117.064255,459.717123,1.762056,1.212357
77580,33.578142,-117.064187,432.344741,33.57828,-117.064255,459.717726,1.761275,1.212725
77595,33.578143,-117.064188,432.411583,33.57828,-117.064255,459.71833,1.760516,1.213092
77610,33.578144,-117.064188,432.475216,33.57828,-117.064255,459.718933,1.759788,1.21346
77625,33.578144,-117.064188,432.541199,33.57828,-117.064255,459.719536,1.759019,1.213828
77640,33.578145,-117.064188,432.607503,33.57828,-117.064255,459.72014,1.758253,1.214196
77655,33.578145,-117.064188,432.672959,33.57828,-117.064255,459.720743,1.75749,1.214564
77670,33.578146,-117.064189,432.738142,33.57828,-117.064255,459.721346,1.756722,1.214932
77685,33.578147,-117.064189,432.803207,33.57828,-117.064255,459.72195,1.755955,1.2153
77700,33.578147,-117.064189,432.87369,33.57828,-117.064255,459.722553,1.755112,1.215668
77715,33.578148,-117.064189,432.940302,33.57828,-117.064255,459.723156,1.754322,1.216036
77730,33.578148,-117.064189,433.031213,33.57828,-117.064255,459.72376,1.753535,1.216405
77745,33.578149,-117.064189,433.118972,33.57828,-117.064255,459.724363,1.752782,1.216773
77760,33.578149,-117.064189,433.208311,33.57828,-117.064255,459.724966,1.752002,1.217142
77775,33.57815,-117.06419,433.295524,33.57828,-117.064255,459.72557,1.751247,1.21751
77790,33.578151,-117.06419,433.376728,33.57828,-117.064255,459.726173,1.750575,1.217879
77805,33.578151,-117.06419,433.462875,33.57828,-117.064255,459.726776,1.749835,1.218248
77820,33.578152,-117.06419,433.549188,33.57828,-117.064255,459.72738,1.74909,1.218617
77835,33.578152,-117.06419,433.634376,33.57828,-117.064255,459.727983,1.748346,1.218986
77850,33.578153,-117.06419,433.724355,33.57828,-117.064255,459.728586,1.747542,1.219355
77865,33.578153,-117.06419,433.811286,33.578279,-117.064255,459.72919,1.746776,1.219724
77880,33.578154,-117.06419,433.896234,33.578279,-117.064255,459.729793,1.746021,1.220093
77895,33.578154,-117.06419,433.981801,33.578279,-117.064255,459.730396,1.745274,1.220463
77910,33.578155,-117.06419,434.064633,33.578279,-117.064255,459.731,1.74456,1.220832
77925,33.578155,-117.06419,434.149255,33.578279,-117.064255,459.731603,1.743804,1.221201
77940,33.578156,-117.06419,434.233692,33.578279,-117.064255,459.732206,1.743049,1.221571
77955,33.578156,-117.06419,434.316607,33.578279,-117.064255,459.73281,1.742315,1.221941
77970,33.578158,-117.064191,434.748773,33.578279,-117.064255,459.733413,1.737795,1.222311
77985,33.57816,-117.064191,435.165305,33.578279,-117.064255,459.734016,1.733475,1.22268
78000,33.578162,-117.064192,435.583572,33.578279,-117.064255,459.73462,1.729128,1.22305
78015,33.578163,-117.064192,436.002434,33.578279,-117.064255,459.735223,1.724744,1.22342
78030,33.578165,-117.064193,436.412137,33.578279,-117.064255,459.735826,1.720423,1.22379
78045,33.578167,-117.064194,436.815513,33.578279,-117.064255,459.73643,1.716162,1.224161
78060,33.578168,-117.064194,437.213515,33.578279,-117.064255,459.737033,1.71197,1.224531
78075,33.57817,-117.064195,437.613811,33.578279,-117.064255,459.737636,1.707707,1.224901
78090,33.578172,-117.064195,437.995215,33.578279,-117.064255,459.73824,1.703631,1.225272
78105,33.578173,-117.064196,438.378298,33.578279,-117.064255,459.738843,1.699512,1.225642
78120,33.578175,-117.064196,438.753234,33.578279,-117.064255,459.739446,1.695488,1.226013
78135,33.578176,-117.064197,439.11203,33.578279,-117.064255,459.74005,1.691658,1.226384
78150,33.578178,-117.064197,439.471921,33.578279,-117.064255,459.740653,1.687763,1.226755
78165,33.578179,-117.064198,439.82926,33.578279,-117.064255,459.741256,1.683907,1.227125
78180,33.578181,-117.064198,440.181852,33.578279,-117.064255,459.74186,1.680125,1.227496
78195,33.578182,-117.064199,440.535109,33.578279,-117.064255,459.742463,1.676282,1.227867
78210,33.578184,-117.064199,440.877976,33.578279,-117.064255,459.743066,1.672555,1.228239
78225,33.578185,-117.064199,441.21673,33.578279,-117.064255,459.74367,1.668879,1.22861
78240,33.578187,-117.0642,441.54796,33.578279,-117.064255,459.744273,1.665272,1.228981
78255,33.578188,-117.0642,441.882663,33.578279,-117.064255,459.744876,1.661608,1.229353
78270,33.57819,-117.064201,442.208055,33.578279,-117.064255,459.74548,1.658029,1.229724
78285,33.578191,-117.064201,442.532221,33.578279,-117.064255,459.746083,1.654463,1.230096
78300,33.578192,-117.064201,442.840342,33.578279,-117.064255,459.746686,1.651066,1.230467
78315,33.578194,-117.064202,443.154518,33.578279,-117.064255,459.74729,1.647582,1.230839
78330,33.578195,-117.064202,443.449932,33.578279,-117.064255,459.747893,1.644298,1.231211
78345,33.578196,-117.064203,443.750488,33.578279,-117.064255,459.748496,1.640929,1.231583
78360,33.578198,-117.064203,444.056653,33.578279,-117.064255,459.7491,1.637492,1.231955
78375,33.578199,-117.064203,444.352556,33.578279,-117.064255,459.749703,1.634193,1.232327
78390,33.5782,-117.064204,444.641114,33.578279,-117.064255,459.750306,1.630937,1.232699
78405,33.578201,-117.064204,444.924438,33.578279,-117.064255,459.75091,1.627764,1.233071
78420,33.578203,-117.064204,445.215172,33.578279,-117.064255,459.751513,1.624449,1.233444
78435,33.578204,-117.064205,445.48773,33.578279,-117.064255,459.752116,1.621353,1.233816
78450,33.578205,-117.064205,445.759224,33.578279,-117.064255,459.75272,1.618236,1.234189
78465,33.578206,-117.064206,446.0245,33.578279,-117.064255,459.753323,1.615193,1.234561
78480,33.578207,-117.064206,446.294758,33.578279,-117.064255,459.753926,1.61209,1.234934
78495,33.578209,-117.064206,446.555083,33.578279,-117.064255,459.75453,1.6091,1.235307
78510,33.57821,-117.064206,446.811018,33.578279,-117.064255,459.755133,1.60614,1.235679
78525,33.578211,-117.064207,447.059547,33.578279,-117.064255,459.755736,1.60329,1.236052
78540,33.578212,-117.064207,447.30858,33.578279,-117.064255,459.75634,1.600402,1.236425
78555,33.578213,-117.064207,447.549383,33.578279,-117.064255,459.756943,1.597615,1.236799
78570,33.578214,-117.064208,447.784358,33.578279,-117.064256,459.757546,1.594859,1.237172
78585,33.578215,-117.064208,448.018896,33.578279,-117.064256,459.75815,1.592104,1.237545
78600,33.578216,-117.064208,448.249435,33.578279,-117.064256,459.758753,1.589414,1.237918
78615,33.578217,-117.064209,448.475899,33.578279,-117.064256,459.759356,1.586752,1.238292
78630,33.578218,-117.064209,448.699382,33.578279,-117.064256,459.75996,1.584109,1.238665
78645,33.578219,-117.064209,448.916757,33.578279,-117.064256,459.760563,1.581562,1.239039
78660,33.57822,-117.064209,449.137715,33.578278,-117.064256,459.761166,1.578944,1.239413
78675,33.578221,-117.06421,449.348511,33.578278,-117.064256,459.76177,1.576448,1.239786
78690,33.578222,-117.06421,449.55536,33.578278,-117.064256,459.762373,1.573979,1.24016
78705,33.578223,-117.06421,449.759264,33.578278,-117.064256,459.762976,1.571533,1.240534
78720,33.578224,-117.06421,449.960038,33.578278,-117.064256,459.76358,1.569133,1.240908
78735,33.578225,-117.064211,450.164593,33.578278,-117.064256,459.764183,1.566664,1.241282
78750,33.578226,-117.064211,450.364009,33.578278,-117.064256,459.764786,1.564262,1.241656
78765,33.578227,-117.064211,450.556235,33.578278,-117.064256,459.76539,1.561941,1.242031
78780,33.578228,-117.064211,450.748553,33.578278,-117.064256,459.765993,1.559599,1.242405
78795,33.578229,-117.064212,450.935936,33.578278,-117.064256,459.766596,1.557294,1.242779
78810,33.57823,-117.064212,451.121539,33.578278,-117.064256,459.7672,1.555022,1.243154
78825,33.57823,-117.064212,451.301801,33.578278,-117.064256,459.767803,1.552811,1.243529
78840,33.578231,-117.064212,451.481973,33.578278,-117.064256,459.768406,1.550602,1.243903
78855,33.578232,-117.064212,451.659444,33.578278,-117.064256,459.76901,1.548415,1.244278
78870,33.578233,-117.064213,451.83431,33.578278,-117.064256,459.769613,1.546234,1.244653
78885,33.578234,-117.064213,452.004514,33.578278,-117.064256,459.770216,1.544139,1.245028
78900,33.578235,-117.064213,452.173644,33.578278,-117.064256,459.77082,1.542031,1.245403
78915,33.578235,-117.064213,452.340253,33.578278,-117.064256,459.771423,1.539949,1.245778
78930,33.578236,-117.064213,452.501284,33.578278,-117.064256,459.772026,1.537933,1.246153
78945,33.578237,-117.064214,452.663006,33.578278,-117.064256,459.77263,1.535896,1.246528
78960,33.578238,-117.064214,452.822895,33.578278,-117.064256,459.773233,1.533873,1.246904
78975,33.578238,-117.064214,452.978944,33.578278,-117.064256,459.773836,1.531882,1.247279
78990,33.578239,-117.064214,453.133504,33.578278,-117.064256,459.77444,1.529915,1.247655
79005,33.57824,-117.064214,453.284941,33.578278,-117.064256,459.775043,1.527975,1.24803
79020,33.578241,-117.064215,453.433284,33.578278,-117.064256,459.775646,1.526066,1.248406
79035,33.578241,-117.064215,453.575705,33.578278,-117.064256,459.77625,1.524236,1.248782
79050,33.578242,-117.064215,453.717543,33.578278,-117.064256,459.776853,1.522393,1.249157
79065,33.578243,-117.064215,453.859149,33.578278,-117.064256,459.777456,1.520529,1.249533
79080,33.578243,-117.064215,453.994458,33.578278,-117.064256,459.77806,1.518762,1.249909
79095,33.578244,-117.064215,454.12665,33.578278,-117.064256,459.778663,1.51705,1.250285
79110,33.578245,-117.064216,454.259046,33.578278,-117.064256,459.779266,1.515295,1.250662
79125,33.578245,-117.064216,454.387289,33.578278,-117.064256,459.77987,1.513616,1.251038
79140,33.578246,-117.064216,454.514116,33.578278,-117.064256,459.780473,1.511953,1.251414
79155,33.578247,-117.064216,454.64261,33.578278,-117.064256,459.781076,1.510257,1.25179
79170,33.578247,-117.064216,454.767507,33.578278,-117.064256,459.78168,1.50859,1.252167
79185,33.578248,-117.064216,454.888604,33.578278,-117.064256,459.782283,1.506987,1.252543
79200,33.578248,-117.064216,455.006343,33.578278,-117.064256,459.782886,1.505418,1.25292
79215,33.578249,-117.064217,455.121129,33.578278,-117.064256,459.78349,1.50387,1.253297
79230,33.57825,-117.064217,455.234224,33.578278,-117.064256,459.784093,1.502341,1.253674
79245,33.57825,-117.064217,455.3445,33.578278,-117.064256,459.784696,1.500858,1.254051
79260,33.578251,-117.064217,455.453217,33.578278,-117.064256,459.7853,1.499379,1.254427
79275,33.578251,-117.064217,455.561668,33.578278,-117.064256,459.785903,1.497885,1.254805
79290,33.578252,-117.064217,455.667187,33.578278,-117.064256,459.786506,1.496438,1.255182
79305,33.578252,-117.064217,455.76971,33.578278,-117.064256,459.78711,1.495033,1.255559
79320,33.578253,-117.064218,455.87022,33.578278,-117.064256,459.787713,1.493635,1.255936
79335,33.578253,-117.064218,455.96753,33.578278,-117.064256,459.788316,1.492283,1.256313
79350,33.578254,-117.064218,456.064471,33.578278,-117.064256,459.78892,1.490918,1.256691
79365,33.578254,-117.064218,456.158418,33.578278,-117.064256,459.789523,1.489599,1.257068
79380,33.578255,-117.064218,456.253314,33.578278,-117.064256,459.790126,1.488242,1.257446
79395,33.578255,-117.064218,456.344849,33.578278,-117.064256,459.79073,1.486956,1.257824
79410,33.578256,-117.064218,456.43473,33.578278,-117.064256,459.791333,1.485677,1.258201
79425,33.578256,-117.064219,456.523117,33.578278,-117.064256,459.791936,1.484412,1.258579
79440,33.578257,-117.064219,456.609469,33.578277,-117.064256,459.79254,1.483179,1.258957
79455,33.578257,-117.064219,456.695969,33.578277,-117.064256,459.793143,1.481922,1.259335
79470,33.578258,-117.064219,456.780116,33.578277,-117.064256,459.793746,1.480678,1.259713
79485,33.578258,-117.064219,456.862767,33.578277,-117.064256,459.79435,1.479481,1.260091
79500,33.578259,-117.064219,456.943192,33.578277,-117.064256,459.794953,1.47829,1.26047
79515,33.578259,-117.064219,457.021119,33.578277,-117.064256,459.795556,1.477102,1.260848
79530,33.578259,-117.064219,457.098768,33.578277,-117.064256,459.79616,1.475927,1.261226
79545,33.57826,-117.064219,457.175742,33.578277,-117.064256,459.796763,1.474766,1.261605
79560,33.57826,-117.06422,457.25053,33.578277,-117.064256,459.797366,1.47363,1.261983
79575,33.578261,-117.06422,457.323485,33.578277,-117.064256,459.79797,1.472508,1.262362
79590,33.578261,-117.06422,457.395423,33.578277,-117.064256,459.798573,1.471417,1.262741
79605,33.578261,-117.06422,457.465071,33.578277,-117.064256,459.799176,1.470329,1.26312
79620,33.578262,-117.06422,457.532773,33.578277,-117.064256,459.79978,1.469249,1.263498
79635,33.578262,-117.06422,457.600249,33.578277,-117.064256,459.800383,1.468176,1.263877
79650,33.578263,-117.06422,457.666896,33.578277,-117.064256,459.800986,1.467127,1.264256
79665,33.578263,-117.06422,457.733383,33.578277,-117.064256,459.80159,1.466057,1.264635
79680,33.578263,-117.064221,457.79792,33.578277,-117.064256,459.802193,1.465012,1.265015
79695,33.578264,-117.064221,457.860513,33.578277,-117.064256,459.802796,1.463999,1.265394
79710,33.578264,-117.064221,457.921331,33.578277,-117.064256,459.8034,1.462994,1.265773
79725,33.578264,-117.064221,457.980957,33.578277,-117.064256,459.804003,1.461989,1.266153
79740,33.578265,-117.064221,458.040009,33.578277,-117.064256,459.804606,1.461014,1.266532
79755,33.578265,-117.064221,458.098024,33.578277,-117.064256,459.80521,1.460045,1.266912
79770,33.578265,-117.064221,458.153932,33.578277,-117.064256,459.805813,1.459089,1.267291
79785,33.578266,-117.064221,458.20925,33.578277,-117.064256,459.806416,1.458141,1.267671
79800,33.578266,-117.064221,458.262595,33.578277,-117.064256,459.80702,1.457202,1.268051
79815,33.578266,-117.064222,458.315027,33.578277,-117.064256,459.807623,1.456267,1.268431
79830,33.578267,-117.064222,458.366291,33.578277,-117.064256,459.808226,1.455349,1.268811
79845,33.578267,-117.064222,458.416107,33.578277,-117.064256,459.80883,1.454459,1.269191
79860,33.578267,-117.064222,458.465487,33.578277,-117.064256,459.809433,1.453563,1.269571
79875,33.578267,-117.064222,458.513838,33.578277,-117.064256,459.810036,1.452686,1.269951
79890,33.578268,-117.064222,458.560633,33.578277,-117.064256,459.81064,1.451832,1.270331
79905,33.578268,-117.064222,458.606143,33.578277,-117.064256,459.811243,1.450975,1.270712
79920,33.578268,-117.064222,458.651013,33.578277,-117.064256,459.811846,1.450117,1.271092
79935,33.578269,-117.064222,458.694912,33.578277,-117.064256,459.81245,1.449287,1.271473
79950,33.578269,-117.064222,458.737399,33.578277,-117.064256,459.813053,1.448457,1.271853
79965,33.578269,-117.064223,458.779808,33.578277,-117.064256,459.813656,1.447626,1.272234
79980,33.578269,-117.064223,458.820644,33.578277,-117.064256,459.81426,1.446823,1.272615
79995,33.57827,-117.064223,458.859539,33.578277,-117.064256,459.814863,1.446031,1.272995
80010,33.57827,-117.064223,458.897664,33.578277,-117.064256,459.815466,1.445236,1.273376
80025,33.57827,-117.064223,458.934591,33.578277,-117.064256,459.81607,1.444459,1.273757
80040,33.57827,-117.064223,458.971592,33.578277,-117.064256,459.816673,1.443681,1.274138
80055,33.578271,-117.064223,459.007856,33.578277,-117.064256,459.817276,1.442913,1.274519
80070,33.578271,-117.064223,459.042859,33.578277,-117.064256,459.81788,1.442152,1.274901
80085,33.578271,-117.064223,459.077371,33.578277,-117.064256,459.818483,1.441404,1.275282
80100,33.578271,-117.064224,459.110764,33.578277,-117.064256,459.819086,1.440673,1.275663
80115,33.578271,-117.064224,459.142342,33.578277,-117.064256,459.81969,1.43994,1.276045
80130,33.578272,-117.064224,459.172535,33.578277,-117.064256,459.820293,1.439226,1.276426
80145,33.578272,-117.064224,459.20163,33.578277,-117.064256,459.820896,1.438539,1.276808
80160,33.578272,-117.064224,459.231033,33.578277,-117.064256,459.8215,1.437832,1.277189
80175,33.578272,-117.064224,459.25932,33.578277,-117.064256,459.822103,1.437131,1.277571
80190,33.578272,-117.064224,459.287323,33.578277,-117.064256,459.822706,1.43645,1.277953
80205,33.578273,-117.064224,459.315077,33.578277,-117.064256,459.82331,1.435762,1.278335
80220,33.578273,-117.064224,459.342444,33.578277,-117.064256,459.823913,1.435083,1.278717
80235,33.578273,-117.064224,459.368222,33.578276,-117.064256,459.824516,1.434427,1.279099
80250,33.578273,-117.064225,459.393579,33.578276,-117.064256,459.82512,1.433763,1.279481
80265,33.578273,-117.064225,459.417195,33.578276,-117.064256,459.825723,1.433107,1.279863
80280,33.578274,-117.064225,459.440564,33.578276,-117.064256,459.826326,1.432466,1.280245
80295,33.578274,-117.064225,459.463234,33.578276,-117.064256,459.82693,1.431817,1.280628
80310,33.578274,-117.064225,459.485073,33.578276,-117.064256,459.827533,1.431172,1.28101
80325,33.578274,-117.064225,459.506227,33.578276,-117.064256,459.828136,1.430531,1.281393
80340,33.578274,-117.064225,459.526014,33.578276,-117.064256,459.82874,1.429901,1.281775
80355,33.578274,-117.064225,459.545097,33.578276,-117.064256,459.829343,1.429272,1.282158
80370,33.578275,-117.064225,459.563777,33.578276,-117.064256,459.829946,1.428652,1.28254
80385,33.578275,-117.064226,459.582292,33.578276,-117.064256,459.83055,1.42803,1.282923
80400,33.578275,-117.064226,459.599652,33.578276,-117.064256,459.831153,1.427415,1.283306
80415,33.578275,-117.064226,459.61653,33.578276,-117.064256,459.831756,1.426805,1.283689
80430,33.578275,-117.064226,459.632828,33.578276,-117.064256,459.83236,1.426202,1.284072
80445,33.578275,-117.064226,459.64802,33.578276,-117.064256,459.832963,1.425602,1.284455
80460,33.578275,-117.064226,459.662476,33.578276,-117.064256,459.833566,1.425003,1.284838
80475,33.578275,-117.064226,459.676937,33.578276,-117.064256,459.83417,1.424402,1.285222
80490,33.578276,-117.064226,459.690887,33.578276,-117.064256,459.834773,1.423808,1.285605
80505,33.578276,-117.064226,459.703817,33.578276,-117.064256,459.835376,1.423212,1.285988
80520,33.578276,-117.064226,459.716115,33.578276,-117.064256,459.83598,1.422625,1.286372
80535,33.578276,-117.064227,459.728181,33.578276,-117.064256,459.836583,1.422049,1.286755
80550,33.578276,-117.064227,459.739413,33.578276,-117.064256,459.837186,1.421479,1.287139
80565,33.578276,-117.064227,459.750325,33.578276,-117.064256,459.83779,1.420908,1.287523
80580,33.578276,-117.064227,459.759554,33.578276,-117.064256,459.838393,1.420338,1.287906
80595,33.578276,-117.064227,459.768255,33.578276,-117.064256,459.838996,1.419788,1.28829
80610,33.578277,-117.064227,459.775937,33.578276,-117.064256,459.8396,1.419243,1.288674
80625,33.578277,-117.064227,459.783476,33.578276,-117.064256,459.840203,1.418702,1.289058
80640,33.578277,-117.064227,459.790959,33.578276,-117.064256,459.840806,1.418156,1.289442
80655,33.578277,-117.064227,459.797783,33.578276,-117.064256,459.84141,1.417606,1.289826
80670,33.578277,-117.064228,459.803967,33.578276,-117.064256,459.842013,1.417064,1.29021
80685,33.578277,-117.064228,459.809613,33.578276,-117.064256,459.842616,1.416531,1.290595
80700,33.578277,-117.064228,459.814481,33.578276,-117.064256,459.84322,1.415997,1.290979
80715,33.578277,-117.064228,459.818696,33.578276,-117.064256,459.843823,1.415469,1.291363
80730,33.578277,-117.064228,459.822538,33.578276,-117.064256,459.844426,1.414931,1.291748
80745,33.578277,-117.064228,459.826498,33.578276,-117.064256,459.84503,1.414389,1.292133
80760,33.578277,-117.064228,459.829071,33.578276,-117.064256,459.845633,1.413852,1.292517
80775,33.578277,-117.064228,459.831858,33.578276,-117.064256,459.846236,1.413329,1.292902
80790,33.578278,-117.064229,459.834033,33.578276,-117.064256,459.84684,1.412813,1.293287
80805,33.578278,-117.064229,459.834671,33.578276,-117.064256,459.847443,1.4123,1.293672
80820,33.578278,-117.064229,459.835114,33.578276,-117.064256,459.848046,1.411791,1.294056
80835,33.578278,-117.064229,459.834587,33.578276,-117.064256,459.84865,1.411272,1.294441
80850,33.578278,-117.064229,459.83365,33.578276,-117.064256,459.849253,1.410748,1.294827
80865,33.578278,-117.064229,459.832038,33.578276,-117.064256,459.849856,1.410231,1.295212
80880,33.578278,-117.064229,459.829757,33.578276,-117.064256,459.85046,1.409731,1.295597
80895,33.578278,-117.064229,459.827919,33.578276,-117.064256,459.851063,1.40923,1.295982
80910,33.578278,-117.06423,459.825556,33.578276,-117.064256,459.851666,1.408728,1.296368
80925,33.578278,-117.06423,459.82204,33.578276,-117.064256,459.85227,1.408228,1.296753
80940,33.578278,-117.06423,459.817914,33.578276,-117.064256,459.852873,1.407724,1.297139
80955,33.578278,-117.06423,459.813389,33.578276,-117.064256,459.853476,1.407225,1.297524
80970,33.578278,-117.06423,459.807697,33.578276,-117.064256,459.85408,1.406711,1.29791
80985,33.578278,-117.06423,459.802517,33.578276,-117.064256,459.854683,1.406214,1.298296
81000,33.578278,-117.06423,459.797145,33.578276,-117.064256,459.855286,1.40572,1.298681
81015,33.578278,-117.06423,459.791068,33.578276,-117.064256,459.85589,1.405226,1.299067
81030,33.578278,-117.064231,459.783832,33.578275,-117.064256,459.856493,1.404729,1.299453
81045,33.578278,-117.064231,459.776386,33.578275,-117.064256,459.857096,1.404229,1.299839
81060,33.578278,-117.064231,459.768396,33.578275,-117.064256,459.8577,1.403732,1.300225
81075,33.578278,-117.064231,459.763172,33.578275,-117.064256,459.858303,1.403389,1.300612
81090,33.578278,-117.064231,459.757294,33.578275,-117.064256,459.858906,1.403044,1.300998
81105,33.578278,-117.064231,459.750714,33.578275,-117.064256,459.85951,1.402699,1.301384
81120,33.578278,-117.064231,459.743789,33.578275,-117.064256,459.860113,1.402352,1.30177
81135,33.578278,-117.064231,459.736516,33.578275,-117.064256,459.860716,1.402008,1.302157
81150,33.578278,-117.064232,459.729361,33.578275,-117.064256,459.86132,1.401666,1.302543
81165,33.578278,-117.064232,459.721885,33.578275,-117.064256,459.861923,1.401328,1.30293
81180,33.578278,-117.064232,459.713928,33.578275,-117.064256,459.862526,1.400985,1.303317
81195,33.578278,-117.064232,459.705223,33.578275,-117.064256,459.86313,1.400639,1.303703
81210,33.578278,-117.064232,459.696143,33.578275,-117.064256,459.863733,1.400297,1.30409
81225,33.578278,-117.064232,459.68727,33.578275,-117.064256,459.864336,1.399965,1.304477
81240,33.578278,-117.064232,459.677959,33.578275,-117.064256,459.86494,1.399631,1.304864
81255,33.578278,-117.064232,459.667913,33.578275,-117.064256,459.865543,1.399291,1.305251
81270,33.578278,-117.064233,459.657494,33.578275,-117.064256,459.866146,1.398953,1.305638
81285,33.578278,-117.064233,459.646517,33.578275,-117.064256,459.86675,1.398611,1.306025
81300,33.578278,-117.064233,459.635762,33.578275,-117.064256,459.867353,1.398274,1.306413
81315,33.578278,-117.064233,459.624754,33.578275,-117.064256,459.867956,1.397938,1.3068
81330,33.578278,-117.064233,459.612576,33.578275,-117.064256,459.86856,1.397586,1.307187
81345,33.578278,-117.064233,459.600275,33.578275,-117.064256,459.869163,1.39724,1.307575
81360,33.578278,-117.064233,459.587348,33.578275,-117.064256,459.869766,1.396897,1.307962
81375,33.578278,-117.064233,459.573797,33.578275,-117.064256,459.87037,1.396553,1.30835
81390,33.578278,-117.064234,459.560471,33.578275,-117.064256,459.870973,1.396216,1.308738
81405,33.578278,-117.064234,459.546584,33.578275,-117.064256,459.871576,1.39587,1.309125
81420,33.578278,-117.064234,459.532279,33.578275,-117.064256,459.87218,1.395521,1.309513
81435,33.578278,-117.064234,459.517725,33.578275,-117.064256,459.872783,1.395179,1.309901
81450,33.578278,-117.064234,459.502961,33.578275,-117.064256,459.873386,1.394833,1.310289
81465,33.578278,-117.064234,459.487539,33.578275,-117.064256,459.87399,1.394484,1.310677
81480,33.578278,-117.064234,459.471552,33.578275,-117.064256,459.874593,1.394135,1.311065
81495,33.578278,-117.064235,459.455515,33.578275,-117.064256,459.875196,1.393779,1.311453
81510,33.578278,-117.064235,459.43908,33.578275,-117.064256,459.8758,1.393423,1.311842
81525,33.578278,-117.064235,459.422857,33.578275,-117.064256,459.876403,1.393071,1.31223
81540,33.578278,-117.064235,459.406417,33.578275,-117.064256,459.877006,1.392717,1.312618
81555,33.578278,-117.064235,459.389915,33.578275,-117.064256,459.87761,1.392363,1.313007
81570,33.578278,-117.064235,459.371953,33.578275,-117.064256,459.878213,1.391997,1.313395
81585,33.578278,-117.064235,459.353793,33.578275,-117.064256,459.878816,1.391636,1.313784
81600,33.578278,-117.064236,459.336159,33.578275,-117.064256,459.87942,1.391292,1.314173
81615,33.578278,-117.064236,459.317801,33.578275,-117.064256,459.880023,1.390938,1.314561
81630,33.578278,-117.064236,459.298413,33.578275,-117.064256,459.880626,1.390575,1.31495
81645,33.578278,-117.064236,459.278671,33.578275,-117.064256,459.88123,1.390206,1.315339
81660,33.578278,-117.064236,459.259034,33.578275,-117.064256,459.881833,1.389841,1.315728
81675,33.578278,-117.064236,459.239027,33.578275,-117.064256,459.882436,1.389472,1.316117
81690,33.578277,-117.064236,459.218277,33.578275,-117.064256,459.88304,1.389104,1.316506
81705,33.578277,-117.064237,459.197562,33.578275,-117.064256,459.883643,1.388735,1.316895
81720,33.578277,-117.064237,459.176814,33.578275,-117.064256,459.884247,1.388362,1.317284
81735,33.578277,-117.064237,459.156018,33.578275,-117.064256,459.88485,1.38799,1.317674
81750,33.578277,-117.064237,459.133336,33.578275,-117.064256,459.885453,1.387603,1.318063
81765,33.578277,-117.064237,459.111508,33.578275,-117.064256,459.886057,1.387225,1.318452
81780,33.578277,-117.064237,459.088377,33.578275,-117.064256,459.88666,1.386842,1.318842
81795,33.578277,-117.064238,459.066204,33.578275,-117.064256,459.887263,1.38647,1.319231
81810,33.578277,-117.064238,459.04406,33.578274,-117.064256,459.887867,1.386101,1.319621
81825,33.578277,-117.064238,459.020669,33.578274,-117.064256,459.88847,1.385721,1.320011
81840,33.578277,-117.064238,458.996194,33.578274,-117.064256,459.889073,1.385329,1.3204
81855,33.578277,-117.064238,458.971582,33.578274,-117.064256,459.889677,1.384933,1.32079
81870,33.578277,-117.064238,458.9477,33.578274,-117.064256,459.89028,1.384549,1.32118
81885,33.578277,-117.064239,458.923409,33.578274,-117.064256,459.890883,1.38416,1.32157
81900,33.578277,-117.064239,458.89816,33.578274,-117.064256,459.891487,1.383764,1.32196
81915,33.578277,-117.064239,458.872312,33.578274,-117.064256,459.89209,1.383363,1.32235
81930,33.578276,-117.064239,458.846929,33.578274,-117.064256,459.892693,1.382963,1.322741
81945,33.578276,-117.064239,458.820525,33.578274,-117.064256,459.893297,1.382558,1.323131
81960,33.578276,-117.064239,458.793728,33.578274,-117.064256,459.8939,1.382145,1.323521
81975,33.578276,-117.06424,458.765989,33.578274,-117.064256,459.894503,1.381731,1.323911
81990,33.578276,-117.06424,458.739066,33.578274,-117.064256,459.895107,1.381325,1.324302
82005,33.578276,-117.06424,458.71166,33.578274,-117.064256,459.89571,1.380917,1.324692
82020,33.578276,-117.06424,458.683349,33.578274,-117.064256,459.896313,1.380499,1.325083
82035,33.578276,-117.06424,458.654143,33.578274,-117.064256,459.896917,1.380073,1.325474
82050,33.578276,-117.064241,458.625207,33.578274,-117.064256,459.89752,1.379643,1.325864
82065,33.578276,-117.064241,458.596973,33.578274,-117.064256,459.898123,1.379223,1.326255
82080,33.578276,-117.064241,458.567467,33.578274,-117.064256,459.898727,1.378793,1.326646
82095,33.578276,-117.064241,458.538242,33.578274,-117.064256,459.89933,1.378367,1.327037
82110,33.578275,-117.064241,458.507838,33.578274,-117.064256,459.899933,1.377933,1.327428
82125,33.578275,-117.064242,458.477401,33.578274,-117.064256,459.900537,1.377494,1.327819
82140,33.578275,-117.064242,458.446374,33.578274,-117.064256,459.90114,1.377056,1.32821
82155,33.578275,-117.064242,458.415743,33.578274,-117.064256,459.901743,1.376618,1.328601
82170,33.578275,-117.064242,458.383306,33.578274,-117.064256,459.902347,1.376165,1.328993
82185,33.578275,-117.064242,458.351776,33.578274,-117.064256,459.90295,1.375719,1.329384
82200,33.578275,-117.064242,458.320146,33.578274,-117.064256,459.903553,1.375273,1.329775
82215,33.578275,-117.064243,458.288029,33.578274,-117.064256,459.904157,1.374825,1.330167
82230,33.578275,-117.064243,458.253948,33.578274,-117.064256,459.90476,1.374358,1.330558
82245,33.578275,-117.064243,458.219593,33.578274,-117.064256,459.905363,1.373888,1.33095
82260,33.578274,-117.064243,458.186284,33.578274,-117.064256,459.905967,1.373429,1.331342
82275,33.578274,-117.064243,458.19217,33.578274,-117.064256,459.90657,1.373562,1.331733
82290,33.578275,-117.064243,458.197709,33.578274,-117.064256,459.907173,1.373701,1.332125
82305,33.578275,-117.064243,458.210399,33.578274,-117.064256,459.907777,1.373865,1.332517
82320,33.578275,-117.064243,458.222991,33.578274,-117.064256,459.90838,1.374034,1.332909
82335,33.578275,-117.064243,458.235216,33.578274,-117.064256,459.908983,1.374203,1.333301
82350,33.578275,-117.064243,458.247364,33.578274,-117.064256,459.909587,1.374375,1.333693
82365,33.578275,-117.064243,458.259451,33.578274,-117.064256,459.91019,1.374548,1.334085
82380,33.578275,-117.064243,458.271519,33.578274,-117.064256,459.910793,1.374721,1.334477
82395,33.578275,-117.064243,458.283222,33.578274,-117.064256,459.911397,1.374895,1.33487
82410,33.578275,-117.064243,458.294849,33.578274,-117.064256,459.912,1.37507,1.335262
82425,33.578275,-117.064243,458.306451,33.578274,-117.064256,459.912603,1.375248,1.335655
82440,33.578275,-117.064243,458.318033,33.578274,-117.064256,459.913207,1.375423,1.336047
82455,33.578275,-117.064244,458.329308,33.578274,-117.064256,459.91381,1.375604,1.33644
82470,33.578275,-117.064244,458.340335,33.578274,-117.064256,459.914413,1.375787,1.336832
82485,33.578275,-117.064244,458.351364,33.578274,-117.064256,459.915017,1.375971,1.337225
82500,33.578275,-117.064244,458.362139,33.578274,-117.064256,459.91562,1.376157,1.337618
82515,33.578275,-117.064244,458.372856,33.578274,-117.064256,459.916223,1.376344,1.33801
82530,33.578275,-117.064244,458.383508,33.578274,-117.064256,459.916827,1.376533,1.338403
82545,33.578275,-117.064244,458.393959,33.578274,-117.064256,459.91743,1.376723,1.338796
82560,33.578275,-117.064244,458.404151,33.578274,-117.064256,459.918033,1.376914,1.339189
82575,33.578275,-117.064244,458.414355,33.578274,-117.064256,459.918637,1.377106,1.339582
82590,33.578275,-117.064244,458.424351,33.578274,-117.064256,459.91924,1.377299,1.339975
82605,33.578275,-117.064244,458.434289,33.578273,-117.064256,459.919843,1.377495,1.340369
82620,33.578275,-117.064244,458.444102,33.578273,-117.064256,459.920447,1.377691,1.340762
82635,33.578275,-117.064244,458.453853,33.578273,-117.064256,459.92105,1.377888,1.341155
82650,33.578275,-117.064244,458.463417,33.578273,-117.064256,459.921653,1.378087,1.341549
82665,33.578275,-117.064244,458.472884,33.578273,-117.064256,459.922257,1.378284,1.341942
82680,33.578275,-117.064244,458.482096,33.578273,-117.064256,459.92286,1.378482,1.342336
82695,33.578275,-117.064244,458.491328,33.578273,-117.064256,459.923463,1.378681,1.342729
82710,33.578275,-117.064244,458.500286,33.578273,-117.064256,459.924067,1.378883,1.343123
82725,33.578275,-117.064244,458.509183,33.578273,-117.064256,459.92467,1.379086,1.343517
82740,33.578275,-117.064244,458.517846,33.578273,-117.064256,459.925273,1.379288,1.34391
82755,33.578275,-117.064244,458.526497,33.578273,-117.064256,459.925877,1.379494,1.344304
82770,33.578275,-117.064244,458.535117,33.578273,-117.064256,459.92648,1.379701,1.344698
82785,33.578275,-117.064244,458.543528,33.578273,-117.064256,459.927083,1.379908,1.345092
82800,33.578275,-117.064244,458.551945,33.578273,-117.064256,459.927687,1.380116,1.345486
82815,33.578275,-117.064244,458.560128,33.578273,-117.064256,459.92829,1.380325,1.34588
82830,33.578275,-117.064244,458.56832,33.578273,-117.064256,459.928893,1.380535,1.346275
82845,33.578275,-117.064244,458.576335,33.578273,-117.064256,459.929497,1.380743,1.346669
82860,33.578275,-117.064244,458.584398,33.578273,-117.064256,459.9301,1.380952,1.347063
82875,33.578275,-117.064244,458.592246,33.578273,-117.064256,459.930703,1.381162,1.347457
82890,33.578275,-117.064244,458.599959,33.578273,-117.064256,459.931307,1.381374,1.347852
82905,33.578275,-117.064244,458.60756,33.578273,-117.064256,459.93191,1.381587,1.348246
82920,33.578275,-117.064244,458.61482,33.578273,-117.064256,459.932513,1.381802,1.348641
82935,33.578275,-117.064244,458.62217,33.578273,-117.064256,459.933117,1.382015,1.349036
82950,33.578275,-117.064244,458.62931,33.578273,-117.064256,459.93372,1.38223,1.34943
82965,33.578275,-117.064244,458.636452,33.578273,-117.064256,459.934323,1.382443,1.349825
82980,33.578275,-117.064244,458.643232,33.578273,-117.064256,459.934927,1.382661,1.35022
82995,33.578275,-117.064244,458.649924,33.578273,-117.064256,459.93553,1.382878,1.350615
83010,33.578275,-117.064244,458.656683,33.578273,-117.064256,459.936133,1.383098,1.35101
83025,33.578275,-117.064244,458.66331,33.578273,-117.064256,459.936737,1.383318,1.351405
83040,33.578275,-117.064244,458.669899,33.578273,-117.064256,459.93734,1.383537,1.3518
83055,33.578275,-117.064244,458.676258,33.578273,-117.064256,459.937943,1.383758,1.352195
83070,33.578275,-117.064244,458.682447,33.578273,-117.064256,459.938547,1.383981,1.35259
83085,33.578275,-117.064244,458.688571,33.578273,-117.064256,459.93915,1.384204,1.352986
83100,33.578275,-117.064244,458.694747,33.578273,-117.064256,459.939753,1.384428,1.353381
83115,33.578275,-117.064244,458.700765,33.578273,-117.064256,459.940357,1.384652,1.353776
83130,33.578275,-117.064244,458.70663,33.578273,-117.064256,459.94096,1.384878,1.354172
83145,33.578274,-117.064244,458.712373,33.578273,-117.064256,459.941563,1.385104,1.354567
83160,33.578274,-117.064244,458.718181,33.578273,-117.064256,459.942167,1.385331,1.354963
83175,33.578274,-117.064244,458.723852,33.578273,-117.064256,459.94277,1.385558,1.355359
83190,33.578274,-117.064244,458.729295,33.578273,-117.064256,459.943373,1.385787,1.355754
83205,33.578274,-117.064244,458.73463,33.578273,-117.064256,459.943977,1.386015,1.35615
83220,33.578274,-117.064244,458.739935,33.578273,-117.064256,459.94458,1.386244,1.356546
83235,33.578274,-117.064244,458.745252,33.578273,-117.064256,459.945183,1.386472,1.356942
83250,33.578274,-117.064244,458.750379,33.578273,-117.064256,459.945787,1.3867,1.357338
83265,33.578274,-117.064244,458.755398,33.578273,-117.064256,459.94639,1.38693,1.357734
83280,33.578274,-117.064244,458.760244,33.578273,-117.064256,459.946993,1.387161,1.35813
83295,33.578274,-117.064244,458.764979,33.578273,-117.064256,459.947597,1.387392,1.358526
83310,33.578274,-117.064244,458.769576,33.578273,-117.064256,459.9482,1.387624,1.358922
83325,33.578274,-117.064244,458.77422,33.578273,-117.064256,459.948803,1.387856,1.359319
83340,33.578274,-117.064244,458.778621,33.578273,-117.064256,459.949407,1.388089,1.359715
83355,33.578274,-117.064244,458.782937,33.578273,-117.064256,459.95001,1.388321,1.360112
83370,33.578274,-117.064244,458.787015,33.578273,-117.064256,459.950613,1.388554,1.360508
83385,33.578274,-117.064244,458.791265,33.578273,-117.064256,459.951217,1.388787,1.360905
83400,33.578274,-117.064244,458.795352,33.578272,-117.064256,459.95182,1.38902,1.361301
83415,33.578274,-117.064244,458.799321,33.578272,-117.064256,459.952423,1.389254,1.361698
83430,33.578274,-117.064244,458.803075,33.578272,-117.064256,459.953027,1.389489,1.362095
83445,33.578274,-117.064244,458.806817,33.578272,-117.064256,459.95363,1.389725,1.362491
83460,33.578274,-117.064244,458.810579,33.578272,-117.064256,459.954233,1.389962,1.362888
83475,33.578274,-117.064244,458.814041,33.578272,-117.064256,459.954837,1.390199,1.363285
83490,33.578274,-117.064244,458.817515,33.578272,-117.064256,459.95544,1.390437,1.363682
83505,33.578274,-117.064244,458.82084,33.578272,-117.064256,459.956043,1.390674,1.364079
83520,33.578274,-117.064244,458.824129,33.578272,-117.064256,459.956647,1.390912,1.364476
83535,33.578274,-117.064244,458.827157,33.578272,-117.064256,459.95725,1.391151,1.364874
83550,33.578274,-117.064244,458.830193,33.578272,-117.064256,459.957853,1.39139,1.365271
83565,33.578274,-117.064244,458.833131,33.578272,-117.064256,459.958457,1.39163,1.365668
83580,33.578274,-117.064244,458.835905,33.578272,-117.064256,459.95906,1.391871,1.366065
83595,33.578274,-117.064244,458.838669,33.578272,-117.064256,459.959663,1.392112,1.366463
83610,33.578274,-117.064244,458.841324,33.578272,-117.064256,459.960267,1.392353,1.36686
83625,33.578274,-117.064244,458.843833,33.578272,-117.064256,459.96087,1.392594,1.367258
83640,33.578274,-117.064245,458.850031,33.578272,-117.064256,459.961473,1.392849,1.367656
83655,33.578274,-117.064245,458.856127,33.578272,-117.064256,459.962077,1.393105,1.368053
83670,33.578274,-117.064245,458.862176,33.578272,-117.064256,459.96268,1.39336,1.368451
83685,33.578274,-117.064245,458.867998,33.578272,-117.064256,459.963283,1.393616,1.368849
83700,33.578274,-117.064245,458.873828,33.578272,-117.064256,459.963887,1.393871,1.369247
83715,33.578274,-117.064245,458.879499,33.578272,-117.064256,459.96449,1.39413,1.369645
83730,33.578274,-117.064245,458.88518,33.578272,-117.064256,459.965093,1.394387,1.370043
83745,33.578274,-117.064245,458.89075,33.578272,-117.064256,459.965697,1.394644,1.370441
83760,33.578274,-117.064245,458.896236,33.578272,-117.064256,459.9663,1.394901,1.370839
83775,33.578274,-117.064245,458.901648,33.578272,-117.064256,459.966903,1.395158,1.371237
83790,33.578274,-117.064245,458.906951,33.578272,-117.064256,459.967507,1.395416,1.371635
83805,33.578274,-117.064245,458.912117,33.578272,-117.064256,459.96811,1.395673,1.372033
83820,33.578274,-117.064245,458.917185,33.578272,-117.064256,459.968713,1.395932,1.372432
83835,33.578274,-117.064245,458.922262,33.578272,-117.064256,459.969317,1.396191,1.37283
83850,33.578274,-117.064245,458.927175,33.578272,-117.064256,459.96992,1.396451,1.373229
83865,33.578274,-117.064245,458.932011,33.578272,-117.064256,459.970523,1.39671,1.373627
83880,33.578274,-117.064245,458.936768,33.578272,-117.064256,459.971127,1.396969,1.374026
83895,33.578273,-117.064245,458.941487,33.578272,-117.064256,459.97173,1.397228,1.374424
83910,33.578273,-117.064245,458.945986,33.578272,-117.064256,459.972333,1.397488,1.374823
83925,33.578273,-117.064245,458.950448,33.578272,-117.064256,459.972937,1.397749,1.375222
83940,33.578273,-117.064245,458.954847,33.578272,-117.064256,459.97354,1.398008,1.375621
83955,33.578273,-117.064245,458.959123,33.578272,-117.064256,459.974143,1.398269,1.37602
83970,33.578273,-117.064245,458.977494,33.578272,-117.064256,459.974747,1.398501,1.376419
83985,33.578273,-117.064245,458.995771,33.578272,-117.064256,459.97535,1.398734,1.376818
84000,33.578273,-117.064246,459.013962,33.578272,-117.064256,459.975953,1.398966,1.377217
84015,33.578273,-117.064246,459.031945,33.578272,-117.064256,459.976557,1.399201,1.377616
84030,33.578273,-117.064246,459.049722,33.578272,-117.064256,459.97716,1.399436,1.378015
84045,33.578273,-117.064246,459.06737,33.578272,-117.064256,459.977763,1.399672,1.378414
84060,33.578273,-117.064246,459.084772,33.578272,-117.064256,459.978367,1.399908,1.378814
84075,33.578273,-117.064246,459.102095,33.578272,-117.064256,459.97897,1.400146,1.379213
84090,33.578273,-117.064246,459.119345,33.578272,-117.064256,459.979573,1.400383,1.379613
84105,33.578273,-117.064246,459.136422,33.578272,-117.064256,459.980177,1.400622,1.380012
84120,33.578273,-117.064246,459.153233,33.578272,-117.064256,459.98078,1.400862,1.380412
84135,33.578273,-117.064246,459.169846,33.578272,-117.064256,459.981383,1.401103,1.380811
84150,33.578273,-117.064247,459.186367,33.578272,-117.064256,459.981987,1.401344,1.381211
84165,33.578273,-117.064247,459.202664,33.578272,-117.064256,459.98259,1.401586,1.381611
84180,33.578273,-117.064247,459.218843,33.578271,-117.064256,459.983193,1.401828,1.38201
84195,33.578273,-117.064247,459.234831,33.578271,-117.064256,459.983797,1.402072,1.38241
84210,33.578273,-117.064247,459.250799,33.578271,-117.064256,459.9844,1.402315,1.38281
84225,33.578273,-117.064247,459.26665,33.578271,-117.064256,459.985003,1.40256,1.38321
84240,33.578273,-117.064247,459.282322,33.578271,-117.064256,459.985607,1.402804,1.38361
84255,33.578273,-117.064247,459.297834,33.578271,-117.064256,459.98621,1.403051,1.38401
84270,33.578273,-117.064247,459.313199,33.578271,-117.064256,459.986813,1.403296,1.384411
84285,33.578272,-117.064247,459.328329,33.578271,-117.064256,459.987417,1.403543,1.384811
84300,33.578272,-117.064247,459.34332,33.578271,-117.064256,459.98802,1.40379,1.385211
84315,33.578272,-117.064247,459.358199,33.578271,-117.064256,459.988623,1.404036,1.385611
84330,33.578272,-117.064248,459.372901,33.578271,-117.064256,459.989227,1.404283,1.386012
84345,33.578272,-117.064248,459.387488,33.578271,-117.064256,459.98983,1.404531,1.386412
84360,33.578272,-117.064248,459.401942,33.578271,-117.064256,459.990433,1.40478,1.386813
84375,33.578272,-117.064248,459.416212,33.578271,-117.064256,459.991037,1.405029,1.387213
84390,33.578272,-117.064248,459.430217,33.578271,-117.064256,459.99164,1.40528,1.387614
84405,33.578272,-117.064248,459.444171,33.578271,-117.064256,459.992243,1.40553,1.388015
84420,33.578272,-117.064248,459.457878,33.578271,-117.064256,459.992847,1.405782,1.388416
84435,33.578272,-117.064248,459.471501,33.578271,-117.064256,459.99345,1.406033,1.388816
84450,33.578272,-117.064248,459.48494,33.578271,-117.064256,459.994053,1.406286,1.389217
84465,33.578272,-117.064248,459.498286,33.578271,-117.064256,459.994657,1.406538,1.389618
84480,33.578272,-117.064248,459.511446,33.578271,-117.064256,459.99526,1.406791,1.390019
84495,33.578272,-117.064249,459.524476,33.578271,-117.064256,459.995863,1.407045,1.39042
84510,33.578272,-117.064249,459.537238,33.578271,-117.064256,459.996467,1.4073,1.390821
84525,33.578272,-117.064249,459.549856,33.578271,-117.064256,459.99707,1.407555,1.391223
84540,33.578272,-117.064249,459.562235,33.578271,-117.064256,459.997673,1.407811,1.391624
84555,33.578272,-117.064249,459.574563,33.578271,-117.064256,459.998277,1.408067,1.392025
84570,33.578272,-117.064249,459.586748,33.578271,-117.064256,459.99888,1.408323,1.392427
84585,33.578272,-117.064249,459.598762,33.578271,-117.064256,459.999483,1.408579,1.392828
84600,33.578272,-117.064249,459.610575,33.578271,-117.064256,460.000087,1.408837,1.393229
84615,33.578272,-117.064249,459.622223,33.578271,-117.064256,460.00069,1.409094,1.393631
84630,33.578272,-117.064249,459.633668,33.578271,-117.064256,460.001293,1.409352,1.394033
84645,33.578272,-117.064249,459.644838,33.578271,-117.064256,460.001897,1.40961,1.394434
84660,33.578272,-117.064249,459.655932,33.578271,-117.064256,460.0025,1.409869,1.394836
84675,33.578271,-117.064249,459.666883,33.578271,-117.064256,460.003103,1.410129,1.395238
84690,33.578271,-117.06425,459.677637,33.578271,-117.064256,460.003707,1.410388,1.395639
84705,33.578271,-117.06425,459.688252,33.578271,-117.064256,460.00431,1.410648,1.396041
84720,33.578271,-117.06425,459.698684,33.578271,-117.064256,460.004913,1.410908,1.396443
84735,33.578271,-117.06425,459.708888,33.578271,-117.064256,460.005517,1.411168,1.396845
84750,33.578271,-117.06425,459.718985,33.578271,-117.064256,460.00612,1.411428,1.397247
84765,33.578271,-117.06425,459.728892,33.578271,-117.064256,460.006723,1.411688,1.397649
84780,33.578271,-117.06425,459.738722,33.578271,-117.064256,460.007327,1.411948,1.398052
84795,33.578271,-117.06425,459.748295,33.578271,-117.064256,460.00793,1.412209,1.398454
84810,33.578271,-117.06425,459.75768,33.578271,-117.064256,460.008533,1.412471,1.398856
84825,33.578271,-117.06425,459.766942,33.578271,-117.064256,460.009137,1.412732,1.399259
84840,33.578271,-117.06425,459.776017,33.578271,-117.064256,460.00974,1.412994,1.399661
84855,33.578271,-117.06425,459.784972,33.578271,-117.064256,460.010343,1.413257,1.400063
84870,33.578271,-117.06425,459.793754,33.578271,-117.064256,460.010947,1.413519,1.400466
84885,33.578271,-117.06425,459.802386,33.578271,-117.064256,460.01155,1.413781,1.400868
84900,33.578271,-117.064251,459.810856,33.578271,-117.064256,460.012153,1.414043,1.401271
84915,33.578271,-117.064251,459.819085,33.578271,-117.064256,460.012757,1.414307,1.401674
84930,33.578271,-117.064251,459.827075,33.578271,-117.064256,460.01336,1.414571,1.402077
84945,33.578271,-117.064251,459.834883,33.578271,-117.064256,460.013963,1.414835,1.402479
84960,33.578271,-117.064251,459.842461,33.578271,-117.064256,460.014567,1.415099,1.402882
84975,33.578271,-117.064251,459.849862,33.57827,-117.064256,460.01517,1.415363,1.403285
84990,33.578271,-117.064251,459.857176,33.57827,-117.064256,460.015773,1.415628,1.403688
85005,33.578271,-117.064251,459.864271,33.57827,-117.064256,460.016377,1.415892,1.404091
85020,33.578271,-117.064251,459.871253,33.57827,-117.064256,460.01698,1.416155,1.404494
85035,33.578271,-117.064251,459.878018,33.57827,-117.064256,460.017583,1.416418,1.404897
85050,33.57827,-117.064251,459.884465,33.57827,-117.064256,460.018187,1.416683,1.405301
85065,33.57827,-117.064251,459.890719,33.57827,-117.064256,460.01879,1.416947,1.405704
85080,33.57827,-117.064251,459.896763,33.57827,-117.064256,460.019393,1.417212,1.406107
85095,33.57827,-117.064251,459.902616,33.57827,-117.064256,460.019997,1.417478,1.406511
85110,33.57827,-117.064252,459.908316,33.57827,-117.064256,460.0206,1.417743,1.406914
85125,33.57827,-117.064252,459.913836,33.57827,-117.064256,460.021203,1.418008,1.407318
85140,33.57827,-117.064252,459.919144,33.57827,-117.064256,460.021807,1.418273,1.407721
85155,33.57827,-117.064252,459.924129,33.57827,-117.064256,460.02241,1.418538,1.408125
85170,33.57827,-117.064252,459.928889,33.57827,-117.064256,460.023013,1.418802,1.408528
85185,33.57827,-117.064252,459.933501,33.57827,-117.064256,460.023617,1.419068,1.408932
85200,33.57827,-117.064252,459.937865,33.57827,-117.064256,460.02422,1.419333,1.409336
85215,33.57827,-117.064252,459.942037,33.57827,-117.064256,460.024823,1.419599,1.40974
85230,33.57827,-117.064252,459.94597,33.57827,-117.064256,460.025427,1.419865,1.410144
85245,33.57827,-117.064252,459.949789,33.57827,-117.064256,460.02603,1.420131,1.410548
85260,33.57827,-117.064252,459.953345,33.57827,-117.064256,460.026633,1.420396,1.410952
85275,33.57827,-117.064252,459.956745,33.57827,-117.064256,460.027237,1.420662,1.411356
85290,33.57827,-117.064252,459.959892,33.57827,-117.064256,460.02784,1.420927,1.41176
85305,33.57827,-117.064252,459.962843,33.57827,-117.064256,460.028443,1.421192,1.412164
85320,33.57827,-117.064252,459.965516,33.57827,-117.064256,460.029047,1.421458,1.412568
85335,33.57827,-117.064252,459.968029,33.57827,-117.064256,460.02965,1.421723,1.412972
85350,33.57827,-117.064253,459.970303,33.57827,-117.064256,460.030253,1.421989,1.413377
85365,33.57827,-117.064253,459.972409,33.57827,-117.064256,460.030857,1.422253,1.413781
85380,33.57827,-117.064253,459.974386,33.57827,-117.064256,460.03146,1.422518,1.414186
85395,33.57827,-117.064253,459.975998,33.57827,-117.064256,460.032063,1.422784,1.41459
85410,33.57827,-117.064253,459.977482,33.57827,-117.064256,460.032667,1.423049,1.414995
85425,33.57827,-117.064253,459.978705,33.57827,-117.064256,460.03327,1.423314,1.415399
85440,33.57827,-117.064253,459.97967,33.57827,-117.064256,460.033873,1.423578,1.415804
85455,33.578269,-117.064253,459.980463,33.57827,-117.064256,460.034477,1.423843,1.416209
85470,33.578269,-117.064253,459.980905,33.57827,-117.064256,460.03508,1.424109,1.416614
85485,33.578269,-117.064253,459.98116,33.57827,-117.064256,460.035683,1.424373,1.417018
85500,33.578269,-117.064253,459.981239,33.57827,-117.064256,460.036287,1.424638,1.417423
85515,33.578269,-117.064253,459.981086,33.57827,-117.064256,460.03689,1.424902,1.417828
85530,33.578269,-117.064253,459.98073,33.57827,-117.064256,460.037493,1.425165,1.418233
85545,33.578269,-117.064253,459.980118,33.57827,-117.064256,460.038097,1.425427,1.418638
85560,33.578269,-117.064253,459.979252,33.57827,-117.064256,460.0387,1.425691,1.419044
85575,33.578269,-117.064253,459.978056,33.57827,-117.064256,460.039303,1.425954,1.419449
85590,33.578269,-117.064253,459.976638,33.57827,-117.064256,460.039907,1.426217,1.419854
85605,33.578269,-117.064253,459.974917,33.57827,-117.064256,460.04051,1.42648,1.420259
85620,33.578269,-117.064254,459.973033,33.57827,-117.064256,460.041113,1.426742,1.420665
85635,33.578269,-117.064254,459.970956,33.57827,-117.064256,460.041717,1.427004,1.42107
85650,33.578269,-117.064254,459.978744,33.57827,-117.064256,460.04232,1.427288,1.421475
85665,33.578269,-117.064254,459.986332,33.57827,-117.064256,460.042923,1.427573,1.421881
85680,33.578269,-117.064254,459.993671,33.57827,-117.064256,460.043527,1.427859,1.422287
85695,33.578269,-117.064254,460.000658,33.57827,-117.064256,460.04413,1.428144,1.422692
85710,33.578269,-117.064254,460.007601,33.57827,-117.064256,460.044733,1.42843,1.423098
85725,33.578269,-117.064254,460.014273,33.57827,-117.064256,460.045337,1.428717,1.423504
85740,33.578269,-117.064254,460.020655,33.57827,-117.064256,460.04594,1.429004,1.423909
85755,33.578269,-117.064254,460.026929,33.57827,-117.064256,460.046543,1.429291,1.424315
85770,33.578269,-117.064254,460.032996,33.578269,-117.064256,460.047147,1.429578,1.424721
85785,33.578269,-117.064254,460.038821,33.578269,-117.064256,460.04775,1.429866,1.425127
85800,33.578269,-117.064254,460.044451,33.578269,-117.064256,460.048353,1.430153,1.425533
85815,33.578269,-117.064254,460.04987,33.578269,-117.064256,460.048957,1.430442,1.425939
85830,33.578269,-117.064254,460.055008,33.578269,-117.064256,460.04956,1.430731,1.426345
85845,33.578269,-117.064254,460.059949,33.578269,-117.064256,460.050163,1.431019,1.426751
85860,33.578269,-117.064254,460.06469,33.578269,-117.064256,460.050767,1.431308,1.427158
85875,33.578269,-117.064255,460.069208,33.578269,-117.064256,460.05137,1.431596,1.427564
85890,33.578269,-117.064255,460.073493,33.578269,-117.064256,460.051973,1.431885,1.42797
85905,33.578269,-117.064255,460.077584,33.578269,-117.064256,460.052577,1.432174,1.428377
85920,33.578269,-117.064255,460.081306,33.578269,-117.064256,460.05318,1.432463,1.428783
85935,33.578269,-117.064255,460.084927,33.578269,-117.064256,460.053783,1.432752,1.42919
85950,33.578269,-117.064255,460.088337,33.578269,-117.064256,460.054387,1.433041,1.429596
85965,33.578269,-117.064255,460.091306,33.578269,-117.064256,460.05499,1.433328,1.430003
85980,33.578269,-117.064255,460.094304,33.578269,-117.064256,460.055593,1.433618,1.430409
85995,33.578269,-117.064255,460.096985,33.578269,-117.064256,460.056197,1.433908,1.430816
86010,33.578269,-117.064255,460.099253,33.578269,-117.064256,460.0568,1.434197,1.431223
86025,33.578269,-117.064255,460.101328,33.578269,-117.064256,460.057403,1.434487,1.43163
86040,33.578269,-117.064255,460.103281,33.578269,-117.064256,460.058007,1.434777,1.432037
86055,33.578269,-117.064255,460.104854,33.578269,-117.064256,460.05861,1.435067,1.432444
86070,33.578269,-117.064255,460.106169,33.578269,-117.064256,460.059213,1.435356,1.432851
86085,33.578269,-117.064255,460.107185,33.578269,-117.064256,460.059817,1.435645,1.433258
86100,33.578269,-117.064255,460.108019,33.578269,-117.064256,460.06042,1.435936,1.433665
86115,33.578269,-117.064255,460.108588,33.578269,-117.064256,460.061023,1.436225,1.434072
86130,33.578269,-117.064255,460.108849,33.578269,-117.064256,460.061627,1.436514,1.434479
86145,33.578269,-117.064255,460.108981,33.578269,-117.064256,460.06223,1.436803,1.434886
86160,33.578269,-117.064255,460.108789,33.578269,-117.064256,460.062833,1.437092,1.435294
86175,33.578269,-117.064256,460.108196,33.578269,-117.064256,460.063437,1.43738,1.435701
86190,33.578269,-117.064256,460.107451,33.578269,-117.064256,460.06404,1.437669,1.436108
86205,33.578269,-117.064256,460.106423,33.578269,-117.064256,460.064643,1.437958,1.436516
86220,33.578269,-117.064256,460.105115,33.578269,-117.064256,460.065247,1.438246,1.436923
86235,33.578269,-117.064256,460.103531,33.578269,-117.064256,460.06585,1.438534,1.437331
86250,33.578269,-117.064256,460.101697,33.578269,-117.064256,460.066453,1.438822,1.437739
86265,33.578269,-117.064256,460.099488,33.578269,-117.064256,460.067057,1.43911,1.438146
86280,33.578269,-117.064256,460.097031,33.578269,-117.064256,460.06766,1.439398,1.438554
86295,33.578269,-117.064256,460.094387,33.578269,-117.064256,460.068263,1.439686,1.438962
86310,33.578269,-117.064256,460.091385,33.578269,-117.064256,460.068867,1.439974,1.43937
86325,33.578269,-117.064256,460.08803,33.578269,-117.064256,460.06947,1.440261,1.439777
86340,33.578269,-117.064256,460.084333,33.578269,-117.064256,460.070073,1.440549,1.440185
86355,33.578269,-117.064256,460.080507,33.578269,-117.064256,460.070677,1.440836,1.440593
86370,33.578269,-117.064256,460.076323,33.578269,-117.064256,460.07128,1.441123,1.441001
86385,33.578269,-117.064256,460.071883,33.578269,-117.064256,460.071883,1.44141,1.44141
