t_gps,raw_lat,raw_lon,raw_h,kf_lat,kf_lon,kf_h,vx,vy,vz,sqrt_P00,sqrt_P11,sqrt_P22
0.000000,33.578365,-117.064533,454.636594,33.578365,-117.064533,454.636594,0.000000,0.000000,0.000000,45.610014,45.610014,45.610014
15.000000,33.578364,-117.064528,453.658849,33.578365,-117.064532,454.481517,0.000780,0.000474,-0.000653,44.041357,44.041357,44.041357
30.000000,33.578370,-117.064527,451.369309,33.578366,-117.064531,453.934781,0.004006,0.004849,-0.002939,45.867651,45.867651,45.867651
45.000000,33.578372,-117.064526,450.235306,33.578367,-117.064530,453.130658,0.008678,0.011537,-0.006341,49.087034,49.087034,49.087034
60.000000,33.578377,-117.064523,448.114846,33.578370,-117.064528,451.842853,0.015721,0.021692,-0.011049,52.109699,52.109699,52.109699
75.000000,33.578381,-117.064524,445.678507,33.578373,-117.064527,450.041999,0.023258,0.034492,-0.016994,54.209324,54.209324,54.209324
90.000000,33.578382,-117.064520,445.440500,33.578376,-117.064524,448.399873,0.028999,0.042612,-0.020755,55.307553,55.307553,55.307553
105.000000,33.578388,-117.064518,442.890860,33.578380,-117.064522,446.403037,0.035068,0.051856,-0.024678,55.565301,55.565301,55.565301
120.000000,33.578390,-117.064517,441.109803,33.578384,-117.064520,444.345719,0.039812,0.059458,-0.028278,55.226656,55.226656,55.226656
135.000000,33.578394,-117.064516,440.179805,33.578388,-117.064518,442.485299,0.042897,0.064510,-0.030148,54.535927,54.535927,54.535927
150.000000,33.578396,-117.064513,439.066175,33.578392,-117.064516,440.757060,0.045127,0.067648,-0.031375,53.627846,53.627846,53.627846
165.000000,33.578403,-117.064512,436.436915,33.578396,-117.064514,438.801359,0.047585,0.071784,-0.032739,52.594824,52.594824,52.594824
180.000000,33.578405,-117.064508,434.693002,33.578400,-117.064511,436.860936,0.049764,0.074886,-0.034094,51.472333,51.472333,51.472333
195.000000,33.578410,-117.064508,433.177614,33.578404,-117.064509,434.989622,0.051251,0.077402,-0.034874,50.361548,50.361548,50.361548
210.000000,33.578413,-117.064505,431.774098,33.578409,-117.064507,433.196047,0.052422,0.079110,-0.035404,49.254620,49.254620,49.254620
225.000000,33.578414,-117.064502,430.540196,33.578412,-117.064505,431.499219,0.053227,0.079997,-0.035849,48.177374,48.177374,48.177374
240.000000,33.578418,-117.064500,428.899331,33.578416,-117.064502,429.805702,0.053917,0.080794,-0.036179,47.102461,47.102461,47.102461
255.000000,33.578423,-117.064500,425.963515,33.578420,-117.064500,427.890173,0.054806,0.082439,-0.036949,46.082762,46.082762,46.082762
270.000000,33.578428,-117.064501,424.156427,33.578424,-117.064499,425.985778,0.055412,0.083998,-0.037514,45.126023,45.126023,45.126023
285.000000,33.578430,-117.064496,422.859710,33.578427,-117.064497,424.170272,0.055971,0.084913,-0.037928,44.180368,44.180368,44.180368
300.000000,33.578432,-117.064494,421.774613,33.578431,-117.064495,422.464720,0.056265,0.085325,-0.038145,43.289585,43.289585,43.289585
315.000000,33.578437,-117.064493,419.705536,33.578435,-117.064493,420.702851,0.056591,0.085938,-0.038380,42.454705,42.454705,42.454705
330.000000,33.578441,-117.064491,417.737229,33.578438,-117.064491,418.907787,0.056947,0.086594,-0.038646,41.652346,41.652346,41.652346
345.000000,33.578446,-117.064490,416.000678,33.578442,-117.064490,417.118353,0.057242,0.087227,-0.038814,40.898674,40.898674,40.898674
360.000000,33.578448,-117.064488,414.571419,33.578446,-117.064488,415.375611,0.057431,0.087624,-0.038960,40.200815,40.200815,40.200815
375.000000,33.578452,-117.064485,412.858942,33.578450,-117.064486,413.634192,0.057651,0.087969,-0.039075,39.514675,39.514675,39.514675
390.000000,33.578456,-117.064483,411.180145,33.578454,-117.064484,411.898579,0.057852,0.088276,-0.039157,38.846573,38.846573,38.846573
405.000000,33.578459,-117.064480,410.026101,33.578457,-117.064482,410.233377,0.057976,0.088355,-0.039135,38.218739,38.218739,38.218739
420.000000,33.578463,-117.064480,407.476363,33.578461,-117.064480,408.461109,0.058158,0.088716,-0.039286,37.595007,37.595007,37.595007
435.000000,33.578466,-117.064476,405.818881,33.578465,-117.064478,406.700139,0.058370,0.088979,-0.039430,36.989988,36.989988,36.989988
450.000000,33.578471,-117.064476,404.330301,33.578468,-117.064476,404.969167,0.058488,0.089210,-0.039473,36.422114,36.422114,36.422114
465.000000,33.578472,-117.064472,403.243330,33.578472,-117.064474,403.308300,0.058553,0.089201,-0.039482,35.879151,35.879151,35.879151
480.000000,33.578475,-117.064473,401.884978,33.578475,-117.064472,401.680022,0.058500,0.089156,-0.039455,35.341589,35.341589,35.341589
495.000000,33.578479,-117.064471,400.187489,33.578479,-117.064470,400.044650,0.058467,0.089134,-0.039425,34.835495,34.835495,34.835495
510.000000,33.578481,-117.064468,399.056195,33.578482,-117.064468,398.461518,0.058400,0.088975,-0.039359,34.335505,34.335505,34.335505
525.000000,33.578487,-117.064469,396.478144,33.578486,-117.064467,396.779207,0.058391,0.089084,-0.039375,33.859219,33.859219,33.859219
540.000000,33.578490,-117.064466,395.364976,33.578489,-117.064465,395.152362,0.058353,0.089061,-0.039327,33.391993,33.391993,33.391993
555.000000,33.578494,-117.064464,393.657915,33.578493,-117.064463,393.518057,0.058332,0.089057,-0.039282,32.941740,32.941740,32.941740
570.000000,33.578498,-117.064461,391.746288,33.578497,-117.064461,391.857835,0.058360,0.089092,-0.039265,32.503906,32.503906,32.503906
585.000000,33.578502,-117.064463,390.182347,33.578500,-117.064460,390.206374,0.058314,0.089149,-0.039231,32.093336,32.093336,32.093336
600.000000,33.578505,-117.064461,388.445525,33.578504,-117.064458,388.547118,0.058279,0.089205,-0.039220,31.675071,31.675071,31.675071
615.000000,33.578508,-117.064461,387.125121,33.578507,-117.064457,386.917578,0.058193,0.089216,-0.039185,31.290220,31.290220,31.290220
630.000000,33.578508,-117.064459,386.145123,33.578511,-117.064455,385.344770,0.058054,0.089095,-0.039145,30.902505,30.902505,30.902505
645.000000,33.578513,-117.064458,384.549961,33.578514,-117.064454,383.770446,0.057925,0.089003,-0.039080,30.534147,30.534147,30.534147
660.000000,33.578517,-117.064457,382.747243,33.578518,-117.064453,382.178273,0.057812,0.088953,-0.039030,30.166726,30.166726,30.166726
675.000000,33.578522,-117.064455,381.113361,33.578521,-117.064451,380.583003,0.057722,0.088920,-0.038962,29.815347,29.815347,29.815347
690.000000,33.578524,-117.064457,379.948933,33.578525,-117.064450,379.022919,0.057557,0.088847,-0.038881,29.470873,29.470873,29.470873
705.000000,33.578528,-117.064454,378.042335,33.578528,-117.064449,377.436329,0.057445,0.088808,-0.038826,29.134672,29.134672,29.134672
720.000000,33.578532,-117.064454,376.076927,33.578532,-117.064448,375.820801,0.057344,0.088825,-0.038797,28.809731,28.809731,28.809731
735.000000,33.578534,-117.064453,375.001033,33.578535,-117.064446,374.246598,0.057210,0.088774,-0.038746,28.492705,28.492705,28.492705
750.000000,33.578534,-117.064449,374.299371,33.578538,-117.064445,372.739172,0.057053,0.088591,-0.038674,28.176309,28.176309,28.176309
765.000000,33.578539,-117.064448,372.763200,33.578541,-117.064444,371.231072,0.056905,0.088432,-0.038583,27.865502,27.865502,27.865502
780.000000,33.578542,-117.064448,371.146196,33.578545,-117.064442,369.715634,0.056753,0.088296,-0.038507,27.567387,27.567387,27.567387
795.000000,33.578546,-117.064447,369.266390,33.578548,-117.064441,368.175126,0.056624,0.088205,-0.038450,27.276386,27.276386,27.276386
810.000000,33.578549,-117.064445,367.978018,33.578551,-117.064440,366.653980,0.056493,0.088087,-0.038382,26.984095,26.984095,26.984095
825.000000,33.578554,-117.064445,366.450782,33.578555,-117.064439,365.132814,0.056361,0.087991,-0.038298,26.703853,26.703853,26.703853
840.000000,33.578555,-117.064442,365.726350,33.578558,-117.064437,363.667558,0.056207,0.087806,-0.038191,26.428005,26.428005,26.428005
855.000000,33.578558,-117.064441,363.813298,33.578561,-117.064436,362.173426,0.056074,0.087665,-0.038118,26.157247,26.157247,26.157247
870.000000,33.578559,-117.064442,362.435456,33.578564,-117.064435,360.689324,0.055911,0.087514,-0.038062,25.883631,25.883631,25.883631
885.000000,33.578563,-117.064440,361.532494,33.578567,-117.064434,359.242840,0.055743,0.087325,-0.037965,25.628428,25.628428,25.628428
900.000000,33.578566,-117.064438,360.712223,33.578571,-117.064433,357.840683,0.055560,0.087089,-0.037836,25.368322,25.368322,25.368322
915.000000,33.578568,-117.064438,359.602067,33.578574,-117.064431,356.458911,0.055358,0.086837,-0.037705,25.114718,25.114718,25.114718
930.000000,33.578571,-117.064437,358.143490,33.578577,-117.064430,355.074869,0.055163,0.086597,-0.037583,24.863262,24.863262,24.863262
945.000000,33.578572,-117.064440,357.234559,33.578580,-117.064429,353.722604,0.054919,0.086336,-0.037456,24.617082,24.617082,24.617082
960.000000,33.578578,-117.064437,355.845775,33.578583,-117.064428,352.369950,0.054708,0.086093,-0.037309,24.376262,24.376262,24.376262
975.000000,33.578579,-117.064436,355.158480,33.578586,-117.064428,351.060035,0.054474,0.085802,-0.037150,24.140721,24.140721,24.140721
990.000000,33.578582,-117.064435,353.954874,33.578589,-117.064427,349.758738,0.054244,0.085513,-0.036990,23.910005,23.910005,23.910005
1005.000000,33.578582,-117.064435,353.025877,33.578591,-117.064426,348.482068,0.053994,0.085197,-0.036840,23.683634,23.683634,23.683634
1020.000000,33.578584,-117.064435,352.065672,33.578594,-117.064425,347.227237,0.053731,0.084868,-0.036685,23.459890,23.459890,23.459890
1035.000000,33.578590,-117.064439,350.117369,33.578597,-117.064424,345.933611,0.053472,0.084622,-0.036541,23.241803,23.241803,23.241803
1050.000000,33.578592,-117.064437,348.970345,33.578600,-117.064424,344.652751,0.053221,0.084363,-0.036399,23.021970,23.021970,23.021970
1065.000000,33.578594,-117.064435,348.458156,33.578603,-117.064423,343.419251,0.052959,0.084056,-0.036234,22.804412,22.804412,22.804412
1080.000000,33.578596,-117.064436,347.343198,33.578605,-117.064422,342.195409,0.052688,0.083753,-0.036073,22.589960,22.589960,22.589960
1095.000000,33.578597,-117.064437,346.428784,33.578608,-117.064422,340.991344,0.052401,0.083438,-0.035916,22.379919,22.379919,22.379919
1110.000000,33.578601,-117.064435,345.361366,33.578611,-117.064421,339.796651,0.052130,0.083124,-0.035748,22.175339,22.175339,22.175339
1125.000000,33.578604,-117.064436,343.930157,33.578613,-117.064421,338.591838,0.051862,0.082836,-0.035592,21.973523,21.973523,21.973523
1140.000000,33.578607,-117.064436,342.999901,33.578616,-117.064420,337.405348,0.051590,0.082542,-0.035426,21.773577,21.773577,21.773577
1155.000000,33.578608,-117.064436,341.699159,33.578619,-117.064420,336.214241,0.051322,0.082256,-0.035280,21.578855,21.578855,21.578855
1170.000000,33.578609,-117.064431,341.928847,33.578621,-117.064419,335.104771,0.051045,0.081885,-0.035093,21.382861,21.382861,21.382861
1185.000000,33.578609,-117.064433,341.033840,33.578624,-117.064419,334.006192,0.050752,0.081513,-0.034920,21.195570,21.195570,21.195570
1200.000000,33.578610,-117.064431,340.752300,33.578626,-117.064418,332.958388,0.050447,0.081097,-0.034728,21.004838,21.004838,21.004838
1215.000000,33.578613,-117.064433,339.327811,33.578628,-117.064418,331.893880,0.050146,0.080717,-0.034549,20.817504,20.817504,20.817504
1230.000000,33.578616,-117.064432,338.392649,33.578631,-117.064417,330.840122,0.049852,0.080340,-0.034366,20.631987,20.631987,20.631987
1245.000000,33.578616,-117.064432,338.355957,33.578633,-117.064417,329.841292,0.049535,0.079918,-0.034166,20.450445,20.450445,20.450445
1260.000000,33.578304,-117.064343,419.127038,33.578624,-117.064413,331.740899,0.047919,0.076122,-0.033330,20.423079,20.423079,20.423079
1275.000000,33.578306,-117.064338,418.268795,33.578615,-117.064409,333.619350,0.046371,0.072452,-0.032519,20.389028,20.389028,20.389028
1290.000000,33.578306,-117.064341,417.403812,33.578606,-117.064405,335.419027,0.044885,0.068976,-0.031753,20.355168,20.355168,20.355168
1305.000000,33.578304,-117.064341,417.137252,33.578598,-117.064401,337.183605,0.043447,0.065635,-0.031020,20.319049,20.319049,20.319049
1320.000000,33.578308,-117.064333,416.014803,33.578589,-117.064397,338.952794,0.042071,0.062373,-0.030298,20.271372,20.271372,20.271372
1335.000000,33.578305,-117.064338,415.436776,33.578581,-117.064394,340.618746,0.040752,0.059315,-0.029631,20.228870,20.228870,20.228870
1350.000000,33.578309,-117.064335,414.557440,33.578572,-117.064390,342.262862,0.039486,0.056365,-0.028975,20.179348,20.179348,20.179348
1365.000000,33.578306,-117.064335,414.370652,33.578564,-117.064387,343.853498,0.038269,0.053550,-0.028355,20.130763,20.130763,20.130763
1380.000000,33.578309,-117.064332,413.252919,33.578557,-117.064383,345.397904,0.037110,0.050857,-0.027758,20.077314,20.077314,20.077314
1395.000000,33.578310,-117.064335,412.738822,33.578549,-117.064380,346.886246,0.035991,0.048302,-0.027184,20.023835,20.023835,20.023835
1410.000000,33.578310,-117.064331,411.754168,33.578542,-117.064376,348.317537,0.034932,0.045863,-0.026643,19.968070,19.968070,19.968070
1425.000000,33.578313,-117.064329,411.180204,33.578535,-117.064373,349.732025,0.033912,0.043510,-0.026109,19.906092,19.906092,19.906092
1440.000000,33.578310,-117.064329,410.949309,33.578527,-117.064370,351.089169,0.032933,0.041272,-0.025608,19.846536,19.846536,19.846536
1455.000000,33.578315,-117.064324,409.477834,33.578521,-117.064367,352.406525,0.032009,0.039128,-0.025121,19.779067,19.779067,19.779067
1470.000000,33.578312,-117.064325,409.080639,33.578514,-117.064363,353.666842,0.031121,0.037093,-0.024667,19.713506,19.713506,19.713506
1485.000000,33.578315,-117.064324,407.941984,33.578507,-117.064360,354.870147,0.030278,0.035166,-0.024233,19.645334,19.645334,19.645334
1500.000000,33.578316,-117.064325,406.814571,33.578501,-117.064357,356.014788,0.029471,0.033343,-0.023826,19.575127,19.575127,19.575127
1515.000000,33.578315,-117.064323,406.918541,33.578495,-117.064354,357.145403,0.028691,0.031582,-0.023426,19.503102,19.503102,19.503102
1530.000000,33.578317,-117.064317,405.756777,33.578489,-117.064351,358.235808,0.027959,0.029893,-0.023045,19.425305,19.425305,19.425305
1545.000000,33.578316,-117.064319,405.551497,33.578483,-117.064348,359.289259,0.027247,0.028285,-0.022679,19.348276,19.348276,19.348276
1560.000000,33.578319,-117.064317,404.507028,33.578477,-117.064345,360.292438,0.026575,0.026764,-0.022328,19.268622,19.268622,19.268622
1575.000000,33.578319,-117.064318,403.879254,33.578472,-117.064343,361.241279,0.025933,0.025331,-0.021997,19.190834,19.190834,19.190834
1590.000000,33.578319,-117.064319,402.564711,33.578466,-117.064340,362.111146,0.025328,0.024000,-0.021698,19.115485,19.115485,19.115485
1605.000000,33.578321,-117.064315,401.944715,33.578461,-117.064337,362.955211,0.024755,0.022724,-0.021405,19.036332,19.036332,19.036332
1620.000000,33.578320,-117.064316,401.661369,33.578456,-117.064335,363.765152,0.024200,0.021510,-0.021126,18.958453,18.958453,18.958453
1635.000000,33.578322,-117.064316,400.898590,33.578451,-117.064332,364.542096,0.023667,0.020358,-0.020855,18.877528,18.877528,18.877528
1650.000000,33.578319,-117.064313,400.501720,33.578447,-117.064330,365.283015,0.023161,0.019257,-0.020605,18.797896,18.797896,18.797896
1665.000000,33.578319,-117.064313,400.026820,33.578442,-117.064327,365.991537,0.022675,0.018211,-0.020365,18.718167,18.718167,18.718167
1680.000000,33.578323,-117.064310,399.406801,33.578437,-117.064325,366.675686,0.022215,0.017214,-0.020124,18.634894,18.634894,18.634894
1695.000000,33.578320,-117.064315,398.995460,33.578433,-117.064323,367.308944,0.021765,0.016286,-0.019906,18.557996,18.557996,18.557996
1710.000000,33.578324,-117.064310,397.791870,33.578429,-117.064320,367.900433,0.021351,0.015412,-0.019695,18.477275,18.477275,18.477275
1725.000000,33.578320,-117.064307,397.952040,33.578425,-117.064318,368.482527,0.020951,0.014560,-0.019494,18.397346,18.397346,18.397346
1740.000000,33.578319,-117.064310,397.780893,33.578421,-117.064316,369.040359,0.020557,0.013753,-0.019300,18.319454,18.319454,18.319454
1755.000000,33.578321,-117.064307,397.382346,33.578417,-117.064314,369.582322,0.020182,0.012978,-0.019107,18.238647,18.238647,18.238647
1770.000000,33.578320,-117.064310,396.479310,33.578413,-117.064312,370.072574,0.019821,0.012264,-0.018934,18.161376,18.161376,18.161376
1785.000000,33.578322,-117.064309,396.129496,33.578409,-117.064310,370.546318,0.019475,0.011582,-0.018759,18.082429,18.082429,18.082429
1800.000000,33.578320,-117.064309,395.649240,33.578406,-117.064308,370.986760,0.019143,0.010939,-0.018599,18.006443,18.006443,18.006443
1815.000000,33.578320,-117.064308,395.245822,33.578402,-117.064306,371.414014,0.018822,0.010322,-0.018444,17.927300,17.927300,17.927300
1830.000000,33.578321,-117.064306,394.734788,33.578399,-117.064304,371.818346,0.018517,0.009737,-0.018292,17.847385,17.847385,17.847385
1845.000000,33.578320,-117.064307,394.463031,33.578396,-117.064302,372.202758,0.018219,0.009181,-0.018147,17.768842,17.768842,17.768842
1860.000000,33.578323,-117.064307,393.669033,33.578392,-117.064300,372.559754,0.017936,0.008662,-0.018005,17.688027,17.688027,17.688027
1875.000000,33.578321,-117.064308,393.418939,33.578389,-117.064299,372.900730,0.017657,0.008167,-0.017870,17.607834,17.607834,17.607834
1890.000000,33.578323,-117.064305,393.193759,33.578386,-117.064297,373.236828,0.017391,0.007689,-0.017732,17.523935,17.523935,17.523935
1905.000000,33.578323,-117.064304,392.732747,33.578383,-117.064296,373.547835,0.017138,0.007239,-0.017600,17.441895,17.441895,17.441895
1920.000000,33.578324,-117.064302,392.383298,33.578381,-117.064294,373.844114,0.016897,0.006810,-0.017469,17.358971,17.358971,17.358971
1935.000000,33.578324,-117.064303,392.121950,33.578378,-117.064292,374.127245,0.016661,0.006403,-0.017341,17.275914,17.275914,17.275914
1950.000000,33.578322,-117.064300,391.527800,33.578375,-117.064291,374.381479,0.016440,0.006020,-0.017226,17.195420,17.195420,17.195420
1965.000000,33.578324,-117.064300,391.099792,33.578372,-117.064289,374.625781,0.016226,0.005657,-0.017109,17.110963,17.110963,17.110963
1980.000000,33.578324,-117.064301,390.758978,33.578370,-117.064288,374.853393,0.016017,0.005315,-0.016996,17.027571,17.027571,17.027571
1995.000000,33.578325,-117.064301,389.989372,33.578368,-117.064286,375.054823,0.015818,0.005000,-0.016889,16.943222,16.943222,16.943222
2010.000000,33.578326,-117.064301,389.530935,33.578365,-117.064285,375.239898,0.015626,0.004704,-0.016784,16.858287,16.858287,16.858287
2025.000000,33.578327,-117.064300,389.166347,33.578363,-117.064283,375.411065,0.015442,0.004427,-0.016681,16.773317,16.773317,16.773317
2040.000000,33.578323,-117.064298,388.963955,33.578361,-117.064282,375.568180,0.015266,0.004159,-0.016588,16.691823,16.691823,16.691823
2055.000000,33.578325,-117.064302,388.207462,33.578359,-117.064281,375.699679,0.015092,0.003920,-0.016499,16.610518,16.610518,16.610518
2070.000000,33.578326,-117.064303,387.508308,33.578357,-117.064280,375.804402,0.014927,0.003706,-0.016415,16.531975,16.531975,16.531975
2085.000000,33.578351,-117.064362,401.988472,33.578355,-117.064280,376.267877,0.014591,0.003385,-0.016136,16.480414,16.480414,16.480414
2100.000000,33.578348,-117.064361,402.094670,33.578354,-117.064281,376.722590,0.014264,0.003071,-0.015867,16.429909,16.429909,16.429909
2115.000000,33.578348,-117.064363,401.210711,33.578353,-117.064281,377.144529,0.013949,0.002783,-0.015615,16.379626,16.379626,16.379626
2130.000000,33.578349,-117.064355,401.051425,33.578352,-117.064281,377.566211,0.013651,0.002498,-0.015363,16.325335,16.325335,16.325335
2145.000000,33.578347,-117.064354,401.096692,33.578350,-117.064282,377.984824,0.013359,0.002217,-0.015117,16.269894,16.269894,16.269894
2160.000000,33.578347,-117.064359,399.199375,33.578349,-117.064282,378.332638,0.013085,0.001982,-0.014902,16.218911,16.218911,16.218911
2175.000000,33.578361,-117.064281,421.537382,33.578349,-117.064280,379.314317,0.012778,0.001382,-0.014422,16.159403,16.159403,16.159403
2190.000000,33.578360,-117.064279,420.930137,33.578348,-117.064278,380.248394,0.012487,0.000816,-0.013968,16.102109,16.102109,16.102109
2205.000000,33.578362,-117.064277,420.797847,33.578347,-117.064277,381.181005,0.012205,0.000264,-0.013518,16.040636,16.040636,16.040636
2220.000000,33.578359,-117.064277,419.833355,33.578346,-117.064275,382.048773,0.011939,-0.000248,-0.013103,15.983291,15.983291,15.983291
2235.000000,33.578360,-117.064275,419.663752,33.578346,-117.064273,382.905413,0.011682,-0.000745,-0.012696,15.923663,15.923663,15.923663
2250.000000,33.578360,-117.064275,419.638110,33.578345,-117.064272,383.757954,0.011429,-0.001229,-0.012296,15.861036,15.861036,15.861036
2265.000000,33.578355,-117.064276,418.833474,33.578344,-117.064270,384.554475,0.011187,-0.001680,-0.011930,15.802305,15.802305,15.802305
2280.000000,33.578357,-117.064273,418.701382,33.578344,-117.064269,385.340121,0.010956,-0.002116,-0.011570,15.741613,15.741613,15.741613
2295.000000,33.578357,-117.064274,418.231380,33.578343,-117.064267,386.100632,0.010731,-0.002531,-0.011222,15.680173,15.680173,15.680173
2310.000000,33.578355,-117.064274,416.956414,33.578342,-117.064266,386.797878,0.010522,-0.002908,-0.010906,15.622310,15.622310,15.622310
2325.000000,33.578357,-117.064273,417.032414,33.578342,-117.064264,387.496599,0.010317,-0.003277,-0.010589,15.561027,15.561027,15.561027
2340.000000,33.578356,-117.064271,416.872302,33.578341,-117.064263,388.174307,0.010120,-0.003631,-0.010285,15.500560,15.500560,15.500560
2355.000000,33.578353,-117.064273,416.165384,33.578340,-117.064261,388.805354,0.009933,-0.003957,-0.010006,15.444217,15.444217,15.444217
2370.000000,33.578354,-117.064272,416.444633,33.578339,-117.064260,389.439679,0.009747,-0.004278,-0.009728,15.385568,15.385568,15.385568
2385.000000,33.578352,-117.064270,416.354052,33.578339,-117.064258,390.056120,0.009569,-0.004586,-0.009462,15.327872,15.327872,15.327872
2400.000000,33.578350,-117.064273,414.887866,33.578338,-117.064257,390.612765,0.009401,-0.004861,-0.009223,15.273261,15.273261,15.273261
2415.000000,33.578354,-117.064271,414.665605,33.578337,-117.064256,391.165766,0.009240,-0.005125,-0.008981,15.214589,15.214589,15.214589
2430.000000,33.578351,-117.064268,414.332080,33.578337,-117.064254,391.694378,0.009087,-0.005378,-0.008755,15.157638,15.157638,15.157638
2445.000000,33.578352,-117.064272,413.612361,33.578336,-117.064253,392.195515,0.008938,-0.005609,-0.008539,15.100319,15.100319,15.100319
2460.000000,33.578352,-117.064271,413.821379,33.578336,-117.064252,392.698288,0.008789,-0.005836,-0.008324,15.040946,15.040946,15.040946
2475.000000,33.578353,-117.064270,413.478057,33.578335,-117.064251,393.186013,0.008647,-0.006051,-0.008115,14.980310,14.980310,14.980310
2490.000000,33.578351,-117.064270,412.288383,33.578334,-117.064250,393.626516,0.008516,-0.006242,-0.007928,14.922486,14.922486,14.922486
2505.000000,33.578352,-117.064271,412.244970,33.578334,-117.064249,394.062631,0.008385,-0.006426,-0.007742,14.862606,14.862606,14.862606
2520.000000,33.578352,-117.064268,411.759283,33.578333,-117.064247,394.478932,0.008263,-0.006598,-0.007564,14.802318,14.802318,14.802318
2535.000000,33.578348,-117.064268,410.992168,33.578333,-117.064246,394.855806,0.008149,-0.006753,-0.007407,14.747432,14.747432,14.747432
2550.000000,33.578347,-117.064270,410.886619,33.578332,-117.064245,395.224601,0.008035,-0.006901,-0.007255,14.691828,14.691828,14.691828
2565.000000,33.578348,-117.064268,410.940541,33.578332,-117.064244,395.590200,0.007924,-0.007044,-0.007104,14.635124,14.635124,14.635124
2580.000000,33.578346,-117.064269,409.919329,33.578331,-117.064243,395.920730,0.007820,-0.007170,-0.006968,14.579842,14.579842,14.579842
2595.000000,33.578343,-117.064269,409.316112,33.578330,-117.064242,396.224682,0.007722,-0.007284,-0.006847,14.527638,14.527638,14.527638
2610.000000,33.578346,-117.064268,409.457171,33.578330,-117.064241,396.531118,0.007625,-0.007394,-0.006720,14.472864,14.472864,14.472864
2625.000000,33.578344,-117.064268,409.262506,33.578329,-117.064240,396.827182,0.007530,-0.007499,-0.006601,14.418070,14.418070,14.418070
2640.000000,33.578342,-117.064269,408.549775,33.578328,-117.064239,397.094880,0.007440,-0.007590,-0.006495,14.366715,14.366715,14.366715
2655.000000,33.578344,-117.064267,408.724403,33.578328,-117.064239,397.366989,0.007352,-0.007680,-0.006384,14.312172,14.312172,14.312172
2670.000000,33.578344,-117.064267,408.913300,33.578327,-117.064238,397.639925,0.007263,-0.007768,-0.006274,14.256863,14.256863,14.256863
2685.000000,33.578339,-117.064266,408.122035,33.578327,-117.064237,397.883258,0.007182,-0.007846,-0.006181,14.205244,14.205244,14.205244
2700.000000,33.578339,-117.064267,407.432977,33.578326,-117.064236,398.108132,0.007103,-0.007913,-0.006093,14.151864,14.151864,14.151864
2715.000000,33.578339,-117.064267,407.781392,33.578325,-117.064235,398.336913,0.007023,-0.007980,-0.006005,14.098757,14.098757,14.098757
2730.000000,33.578337,-117.064268,406.812794,33.578325,-117.064234,398.536029,0.006949,-0.008034,-0.005929,14.047679,14.047679,14.047679
2745.000000,33.578335,-117.064269,407.376363,33.578324,-117.064234,398.745070,0.006870,-0.008091,-0.005852,13.996416,13.996416,13.996416
2760.000000,33.578340,-117.064269,407.202277,33.578323,-117.064233,398.951233,0.006794,-0.008141,-0.005769,13.940961,13.940961,13.940961
2775.000000,33.578335,-117.064268,406.686516,33.578323,-117.064232,399.136583,0.006722,-0.008186,-0.005700,13.889778,13.889778,13.889778
2790.000000,33.578331,-117.064271,405.044243,33.578322,-117.064231,399.277384,0.006656,-0.008212,-0.005649,13.841980,13.841980,13.841980
2805.000000,33.578335,-117.064268,406.241850,33.578321,-117.064231,399.448527,0.006588,-0.008248,-0.005583,13.788640,13.788640,13.788640
2820.000000,33.578337,-117.064267,406.496047,33.578321,-117.064230,399.624594,0.006520,-0.008283,-0.005514,13.733278,13.733278,13.733278
2835.000000,33.578335,-117.064269,405.307244,33.578320,-117.064230,399.766779,0.006456,-0.008304,-0.005457,13.680812,13.680812,13.680812
2850.000000,33.578336,-117.064270,405.592678,33.578320,-117.064229,399.914224,0.006391,-0.008324,-0.005398,13.626954,13.626954,13.626954
2865.000000,33.578337,-117.064268,405.488729,33.578319,-117.064228,400.057559,0.006329,-0.008342,-0.005338,13.571835,13.571835,13.571835
2880.000000,33.578338,-117.064269,405.526770,33.578319,-117.064228,400.199860,0.006267,-0.008357,-0.005278,13.515843,13.515843,13.515843
2895.000000,33.578335,-117.064271,404.676809,33.578318,-117.064227,400.317604,0.006207,-0.008362,-0.005228,13.462589,13.462589,13.462589
2910.000000,33.578335,-117.064269,405.382832,33.578318,-117.064227,400.451297,0.006146,-0.008374,-0.005173,13.407096,13.407096,13.407096
2925.000000,33.578336,-117.064270,405.075684,33.578317,-117.064227,400.575825,0.006086,-0.008380,-0.005120,13.350821,13.350821,13.350821
2940.000000,33.578329,-117.064271,403.182288,33.578316,-117.064226,400.650788,0.006034,-0.008372,-0.005090,13.301066,13.301066,13.301066
2955.000000,33.578328,-117.064272,402.638461,33.578316,-117.064226,400.711861,0.005985,-0.008358,-0.005064,13.252002,13.252002,13.252002
2970.000000,33.578334,-117.064271,403.662654,33.578315,-117.064225,400.796982,0.005932,-0.008348,-0.005024,13.198032,13.198032,13.198032
2985.000000,33.578334,-117.064269,403.712499,33.578315,-117.064225,400.882057,0.005881,-0.008338,-0.004983,13.143195,13.143195,13.143195
3000.000000,33.578331,-117.064269,404.035835,33.578314,-117.064224,400.972591,0.005829,-0.008332,-0.004945,13.089393,13.089393,13.089393
3015.000000,33.578331,-117.064269,403.410395,33.578314,-117.064224,401.046609,0.005780,-0.008319,-0.004911,13.036708,13.036708,13.036708
3030.000000,33.578330,-117.064269,404.025398,33.578313,-117.064224,401.134211,0.005728,-0.008311,-0.004873,12.982040,12.982040,12.982040
3045.000000,33.578327,-117.064271,402.970835,33.578313,-117.064223,401.194633,0.005679,-0.008294,-0.004847,12.931526,12.931526,12.931526
3060.000000,33.578324,-117.064274,402.090371,33.578312,-117.064223,401.233803,0.005632,-0.008270,-0.004829,12.883446,12.883446,12.883446
3075.000000,33.578324,-117.064270,402.504971,33.578312,-117.064223,401.281452,0.005587,-0.008250,-0.004809,12.834923,12.834923,12.834923
3090.000000,33.578330,-117.064269,403.767696,33.578311,-117.064222,401.357981,0.005538,-0.008236,-0.004773,12.781460,12.781460,12.781460
3105.000000,33.578327,-117.064270,403.446707,33.578311,-117.064222,401.425259,0.005490,-0.008220,-0.004744,12.729583,12.729583,12.729583
3120.000000,33.578322,-117.064273,401.873378,33.578310,-117.064222,401.455466,0.005446,-0.008193,-0.004729,12.682762,12.682762,12.682762
3135.000000,33.578319,-117.064273,401.804450,33.578309,-117.064222,401.483483,0.005403,-0.008166,-0.004717,12.637638,12.637638,12.637638
3150.000000,33.578322,-117.064270,402.478298,33.578309,-117.064221,401.525883,0.005359,-0.008144,-0.004698,12.589198,12.589198,12.589198
3165.000000,33.578323,-117.064268,402.960300,33.578308,-117.064221,401.578500,0.005315,-0.008124,-0.004675,12.538666,12.538666,12.538666
3180.000000,33.578321,-117.064271,402.346304,33.578308,-117.064221,401.616249,0.005272,-0.008099,-0.004657,12.490161,12.490161,12.490161
3195.000000,33.578315,-117.064273,401.403459,33.578307,-117.064221,401.632759,0.005230,-0.008070,-0.004651,12.444702,12.444702,12.444702
3210.000000,33.578318,-117.064273,401.654206,33.578306,-117.064220,401.654244,0.005188,-0.008040,-0.004639,12.397376,12.397376,12.397376
3225.000000,33.578596,-117.064129,475.818540,33.578335,-117.064210,409.311339,0.004578,-0.010128,-0.001337,11.825341,11.825341,11.825341
3240.000000,33.578596,-117.064128,476.074862,33.578359,-117.064201,415.633378,0.004078,-0.011829,0.001353,11.337801,11.337801,11.337801
3255.000000,33.578595,-117.064130,475.479488,33.578379,-117.064193,420.870896,0.003664,-0.013208,0.003557,10.917803,10.917803,10.917803
3270.000000,33.578595,-117.064129,475.495302,33.578395,-117.064187,425.298016,0.003320,-0.014352,0.005394,10.554793,10.554793,10.554793
3285.000000,33.578594,-117.064128,475.684001,33.578410,-117.064181,429.123782,0.003025,-0.015325,0.006951,10.236259,10.236259,10.236259
3300.000000,33.578593,-117.064130,475.312050,33.578422,-117.064176,432.481954,0.002765,-0.016156,0.008297,9.948833,9.948833,9.948833
3315.000000,33.578593,-117.064129,475.845723,33.578433,-117.064172,435.467606,0.002535,-0.016883,0.009469,9.693262,9.693262,9.693262
3330.000000,33.578589,-117.064131,475.752764,33.578442,-117.064168,438.114786,0.002326,-0.017513,0.010478,9.464195,9.464195,9.464195
3345.000000,33.578588,-117.064130,475.450985,33.578451,-117.064164,440.460410,0.002145,-0.018057,0.011354,9.259010,9.259010,9.259010
3360.000000,33.578587,-117.064132,475.562919,33.578458,-117.064161,442.610325,0.001976,-0.018541,0.012138,9.069699,9.069699,9.069699
3375.000000,33.578585,-117.064131,475.613802,33.578465,-117.064158,444.574430,0.001824,-0.018974,0.012835,8.896371,8.896371,8.896371
3390.000000,33.578585,-117.064130,475.450562,33.578471,-117.064155,446.375480,0.001688,-0.019359,0.013461,8.736061,8.736061,8.736061
3405.000000,33.578584,-117.064130,475.169849,33.578476,-117.064152,448.011032,0.001568,-0.019696,0.014014,8.590156,8.590156,8.590156
3420.000000,33.578583,-117.064130,475.345092,33.578481,-117.064150,449.525152,0.001456,-0.019998,0.014510,8.456813,8.456813,8.456813
3435.000000,33.578583,-117.064131,475.485692,33.578486,-117.064147,450.961099,0.001349,-0.020276,0.014970,8.329776,8.329776,8.329776
3450.000000,33.578582,-117.064132,475.226545,33.578490,-117.064145,452.300811,0.001249,-0.020524,0.015388,8.210032,8.210032,8.210032
3465.000000,33.578581,-117.064132,474.704838,33.578494,-117.064143,453.536278,0.001159,-0.020741,0.015762,8.098266,8.098266,8.098266
3480.000000,33.578578,-117.064130,474.827536,33.578498,-117.064141,454.688178,0.001078,-0.020938,0.016094,7.996807,7.996807,7.996807
3495.000000,33.578578,-117.064132,474.822754,33.578501,-117.064139,455.784263,0.000999,-0.021117,0.016402,7.900071,7.900071,7.900071
3510.000000,33.578575,-117.064130,474.730421,33.578504,-117.064137,456.806416,0.000929,-0.021278,0.016674,7.811964,7.811964,7.811964
3525.000000,33.578575,-117.064131,474.377672,33.578507,-117.064135,457.767451,0.000863,-0.021419,0.016922,7.728688,7.728688,7.728688
3540.000000,33.578574,-117.064132,474.858427,33.578510,-117.064133,458.700829,0.000797,-0.021552,0.017153,7.649795,7.649795,7.649795
3555.000000,33.578574,-117.064130,474.344602,33.578513,-117.064131,459.571242,0.000741,-0.021667,0.017361,7.576313,7.576313,7.576313
3570.000000,33.578571,-117.064130,474.142191,33.578515,-117.064130,460.396880,0.000687,-0.021771,0.017547,7.507133,7.507133,7.507133
3585.000000,33.578570,-117.064130,474.104272,33.578517,-117.064128,461.185550,0.000637,-0.021864,0.017716,7.442226,7.442226,7.442226
3600.000000,33.578570,-117.064130,474.092201,33.578519,-117.064127,461.941776,0.000590,-0.021948,0.017872,7.381101,7.381101,7.381101
3615.000000,33.578567,-117.064130,474.575688,33.578521,-117.064125,462.680267,0.000542,-0.022028,0.018014,7.324158,7.324158,7.324158
3630.000000,33.578566,-117.064130,474.369326,33.578523,-117.064123,463.384336,0.000497,-0.022099,0.018142,7.270836,7.270836,7.270836
3645.000000,33.578565,-117.064132,474.549438,33.578525,-117.064122,464.073259,0.000451,-0.022164,0.018262,7.218785,7.218785,7.218785
3660.000000,33.578563,-117.064132,474.283394,33.578526,-117.064121,464.729559,0.000407,-0.022220,0.018368,7.170207,7.170207,7.170207
3675.000000,33.578561,-117.064133,474.073162,33.578528,-117.064119,465.357661,0.000366,-0.022268,0.018461,7.124728,7.124728,7.124728
3690.000000,33.578561,-117.064135,473.734310,33.578529,-117.064118,465.959309,0.000326,-0.022307,0.018545,7.080871,7.080871,7.080871
3705.000000,33.578558,-117.064135,473.558338,33.578531,-117.064117,466.539846,0.000287,-0.022340,0.018619,7.038582,7.038582,7.038582
3720.000000,33.578558,-117.064135,473.696101,33.578532,-117.064116,467.106977,0.000249,-0.022370,0.018686,6.998363,6.998363,6.998363
3735.000000,33.578556,-117.064135,473.672646,33.578533,-117.064114,467.654636,0.000213,-0.022395,0.018745,6.961842,6.961842,6.961842
3750.000000,33.578553,-117.064134,474.002819,33.578534,-117.064113,468.196159,0.000178,-0.022421,0.018797,6.926644,6.926644,6.926644
3765.000000,33.578553,-117.064133,473.612190,33.578535,-117.064112,468.715316,0.000145,-0.022439,0.018843,6.892728,6.892728,6.892728
3780.000000,33.578552,-117.064132,473.180089,33.578536,-117.064111,469.210666,0.000117,-0.022451,0.018880,6.861343,6.861343,6.861343
3795.000000,33.578548,-117.064135,473.360898,33.578537,-117.064110,469.698374,0.000086,-0.022462,0.018910,6.831222,6.831222,6.831222
3810.000000,33.578549,-117.064134,472.960629,33.578538,-117.064109,470.165935,0.000058,-0.022465,0.018935,6.802723,6.802723,6.802723
3825.000000,33.578546,-117.064135,472.640881,33.578539,-117.064108,470.616146,0.000031,-0.022465,0.018952,6.775769,6.775769,6.775769
3840.000000,33.578543,-117.064137,472.364076,33.578539,-117.064107,471.050977,0.000004,-0.022460,0.018962,6.749878,6.749878,6.749878
3855.000000,33.578544,-117.064136,472.240131,33.578540,-117.064106,471.474300,-0.000021,-0.022452,0.018969,6.724533,6.724533,6.724533
3870.000000,33.578544,-117.064136,472.629302,33.578541,-117.064105,471.896799,-0.000046,-0.022443,0.018975,6.700272,6.700272,6.700272
3885.000000,33.578541,-117.064136,472.161244,33.578541,-117.064104,472.301396,-0.000070,-0.022430,0.018974,6.677367,6.677367,6.677367
3900.000000,33.578537,-117.064136,472.136169,33.578542,-117.064103,472.697704,-0.000093,-0.022417,0.018967,6.656128,6.656128,6.656128
3915.000000,33.578535,-117.064136,471.881748,33.578543,-117.064102,473.081577,-0.000116,-0.022400,0.018956,6.635650,6.635650,6.635650
3930.000000,33.578537,-117.064136,471.581628,33.578543,-117.064101,473.452691,-0.000136,-0.022378,0.018942,6.616107,6.616107,6.616107
3945.000000,33.578533,-117.064138,471.568795,33.578543,-117.064100,473.816846,-0.000158,-0.022356,0.018923,6.597362,6.597362,6.597362
3960.000000,33.578532,-117.064138,471.650842,33.578544,-117.064099,474.176028,-0.000179,-0.022332,0.018903,6.579372,6.579372,6.579372
3975.000000,33.578530,-117.064139,471.152242,33.578544,-117.064098,474.520190,-0.000199,-0.022304,0.018877,6.562475,6.562475,6.562475
3990.000000,33.578527,-117.064138,470.629711,33.578545,-117.064097,474.850193,-0.000217,-0.022273,0.018846,6.547089,6.547089,6.547089
4005.000000,33.578525,-117.064140,471.249730,33.578545,-117.064096,475.185344,-0.000238,-0.022245,0.018815,6.532113,6.532113,6.532113
4020.000000,33.578524,-117.064139,471.167988,33.578545,-117.064096,475.513547,-0.000258,-0.022215,0.018781,6.517733,6.517733,6.517733
4035.000000,33.578523,-117.064138,470.850722,33.578545,-117.064095,475.831483,-0.000275,-0.022182,0.018744,6.504269,6.504269,6.504269
4050.000000,33.578519,-117.064140,470.642654,33.578546,-117.064094,476.141205,-0.000293,-0.022148,0.018703,6.491562,6.491562,6.491562
4065.000000,33.578517,-117.064141,470.318889,33.578546,-117.064093,476.440930,-0.000311,-0.022111,0.018659,6.479500,6.479500,6.479500
4080.000000,33.578517,-117.064141,470.113233,33.578546,-117.064092,476.732163,-0.000328,-0.022072,0.018613,6.467687,6.467687,6.467687
4095.000000,33.578516,-117.064141,470.156218,33.578546,-117.064092,477.020134,-0.000345,-0.022032,0.018565,6.456571,6.456571,6.456571
4110.000000,33.578514,-117.064142,470.364419,33.578546,-117.064091,477.307173,-0.000363,-0.021992,0.018517,6.445925,6.445925,6.445925
4125.000000,33.578511,-117.064145,469.442689,33.578546,-117.064090,477.575587,-0.000380,-0.021947,0.018463,6.435890,6.435890,6.435890
4140.000000,33.578511,-117.064145,468.920508,33.578546,-117.064090,477.831917,-0.000395,-0.021898,0.018406,6.426309,6.426309,6.426309
4155.000000,33.578510,-117.064145,468.597792,33.578546,-117.064089,478.078829,-0.000409,-0.021847,0.018347,6.416901,6.416901,6.416901
4170.000000,33.578507,-117.064144,468.246523,33.578546,-117.064088,478.318672,-0.000422,-0.021795,0.018285,6.408498,6.408498,6.408498
4185.000000,33.578505,-117.064145,468.194910,33.578546,-117.064088,478.553830,-0.000435,-0.021742,0.018221,6.400293,6.400293,6.400293
4200.000000,33.578501,-117.064147,467.429280,33.578546,-117.064087,478.776014,-0.000448,-0.021687,0.018153,6.392993,6.392993,6.392993
4215.000000,33.578499,-117.064147,467.069776,33.578546,-117.064086,478.989880,-0.000459,-0.021629,0.018082,6.386046,6.386046,6.386046
4230.000000,33.578497,-117.064147,467.463492,33.578546,-117.064086,479.206331,-0.000472,-0.021573,0.018011,6.379321,6.379321,6.379321
4245.000000,33.578493,-117.064148,467.002260,33.578545,-117.064085,479.414804,-0.000484,-0.021517,0.017937,6.373354,6.373354,6.373354
4260.000000,33.578493,-117.064149,467.385711,33.578545,-117.064085,479.624763,-0.000498,-0.021460,0.017864,6.367346,6.367346,6.367346
4275.000000,33.578491,-117.064149,466.784259,33.578545,-117.064084,479.823619,-0.000510,-0.021401,0.017788,6.361727,6.361727,6.361727
4290.000000,33.578490,-117.064148,466.947841,33.578545,-117.064083,480.022307,-0.000522,-0.021343,0.017712,6.356414,6.356414,6.356414
4305.000000,33.578487,-117.064149,466.458013,33.578545,-117.064083,480.210782,-0.000533,-0.021283,0.017632,6.351226,6.351226,6.351226
4320.000000,33.578486,-117.064151,466.492980,33.578544,-117.064082,480.396836,-0.000545,-0.021222,0.017553,6.346198,6.346198,6.346198
4335.000000,33.578484,-117.064152,466.906814,33.578544,-117.064082,480.586529,-0.000559,-0.021162,0.017474,6.341483,6.341483,6.341483
4350.000000,33.578481,-117.064151,466.121469,33.578544,-117.064081,480.764395,-0.000571,-0.021101,0.017392,6.337367,6.337367,6.337367
4365.000000,33.578480,-117.064153,466.002267,33.578543,-117.064081,480.936961,-0.000583,-0.021038,0.017308,6.333197,6.333197,6.333197
4380.000000,33.578478,-117.064153,465.085502,33.578543,-117.064081,481.097466,-0.000593,-0.020972,0.017222,6.329807,6.329807,6.329807
4395.000000,33.578475,-117.064155,465.069150,33.578542,-117.064080,481.254451,-0.000604,-0.020906,0.017135,6.326389,6.326389,6.326389
4410.000000,33.578475,-117.064155,465.070297,33.578542,-117.064080,481.409445,-0.000615,-0.020839,0.017048,6.323183,6.323183,6.323183
4425.000000,33.578471,-117.064157,464.792232,33.578542,-117.064079,481.560271,-0.000626,-0.020773,0.016959,6.320472,6.320472,6.320472
4440.000000,33.578470,-117.064157,464.480200,33.578541,-117.064079,481.703957,-0.000637,-0.020704,0.016869,6.317754,6.317754,6.317754
4455.000000,33.578467,-117.064159,464.515938,33.578541,-117.064079,481.845262,-0.000649,-0.020636,0.016777,6.315043,6.315043,6.315043
4470.000000,33.578465,-117.064161,463.946377,33.578540,-117.064078,481.976178,-0.000661,-0.020565,0.016683,6.312328,6.312328,6.312328
4485.000000,33.578463,-117.064160,463.362025,33.578540,-117.064078,482.099846,-0.000671,-0.020493,0.016588,6.310152,6.310152,6.310152
4500.000000,33.578461,-117.064159,462.702159,33.578539,-117.064078,482.214735,-0.000679,-0.020420,0.016491,6.308367,6.308367,6.308367
4515.000000,33.578458,-117.064162,462.344965,33.578539,-117.064077,482.324011,-0.000688,-0.020345,0.016392,6.306815,6.306815,6.306815
4530.000000,33.578456,-117.064163,461.996437,33.578538,-117.064077,482.427464,-0.000697,-0.020269,0.016293,6.305425,6.305425,6.305425
4545.000000,33.578453,-117.064163,461.412013,33.578537,-117.064077,482.520751,-0.000704,-0.020192,0.016190,6.303972,6.303972,6.303972
4560.000000,33.578453,-117.064164,461.825215,33.578537,-117.064076,482.616413,-0.000713,-0.020115,0.016089,6.302425,6.302425,6.302425
4575.000000,33.578450,-117.064163,461.081619,33.578536,-117.064076,482.704521,-0.000721,-0.020038,0.015986,6.301478,6.301478,6.301478
4590.000000,33.578448,-117.064165,461.378484,33.578535,-117.064076,482.794754,-0.000729,-0.019962,0.015884,6.300613,6.300613,6.300613
4605.000000,33.578445,-117.064167,461.458678,33.578535,-117.064076,482.883308,-0.000739,-0.019886,0.015781,6.299668,6.299668,6.299668
4620.000000,33.578440,-117.064167,460.489561,33.578534,-117.064075,482.960467,-0.000748,-0.019808,0.015675,6.299104,6.299104,6.299104
4635.000000,33.578437,-117.064169,460.426060,33.578533,-117.064075,483.036664,-0.000757,-0.019731,0.015568,6.298789,6.298789,6.298789
4650.000000,33.578434,-117.064170,459.738895,33.578532,-117.064075,483.103307,-0.000765,-0.019652,0.015459,6.298571,6.298571,6.298571
4665.000000,33.578433,-117.064171,459.239852,33.578532,-117.064075,483.161818,-0.000773,-0.019571,0.015349,6.298316,6.298316,6.298316
4680.000000,33.578431,-117.064172,459.411038,33.578531,-117.064075,483.219338,-0.000782,-0.019491,0.015239,6.297888,6.297888,6.297888
4695.000000,33.578429,-117.064171,459.633229,33.578530,-117.064075,483.278503,-0.000791,-0.019412,0.015129,6.297551,6.297551,6.297551
4710.000000,33.578427,-117.064174,459.120010,33.578529,-117.064075,483.331591,-0.000800,-0.019332,0.015019,6.297450,6.297450,6.297450
4725.000000,33.578422,-117.064176,458.515081,33.578528,-117.064074,483.375525,-0.000810,-0.019251,0.014906,6.297310,6.297310,6.297310
4740.000000,33.578423,-117.064177,458.376341,33.578527,-117.064074,483.415612,-0.000819,-0.019168,0.014793,6.297089,6.297089,6.297089
4755.000000,33.578419,-117.064177,458.152101,33.578526,-117.064074,483.454431,-0.000828,-0.019087,0.014680,6.297229,6.297229,6.297229
4770.000000,33.578419,-117.064180,457.912124,33.578525,-117.064074,483.485209,-0.000837,-0.019003,0.014566,6.296906,6.296906,6.296906
4785.000000,33.578414,-117.064181,457.723146,33.578525,-117.064074,483.514536,-0.000847,-0.018920,0.014450,6.296850,6.296850,6.296850
4800.000000,33.578414,-117.064181,457.671940,33.578524,-117.064074,483.543044,-0.000857,-0.018837,0.014337,6.296932,6.296932,6.296932
4815.000000,33.578408,-117.064184,457.223814,33.578523,-117.064074,483.565277,-0.000868,-0.018754,0.014220,6.297048,6.297048,6.297048
4830.000000,33.578410,-117.064184,457.488810,33.578522,-117.064074,483.588138,-0.000878,-0.018671,0.014106,6.297020,6.297020,6.297020
4845.000000,33.578406,-117.064187,456.843573,33.578520,-117.064074,483.602529,-0.000889,-0.018587,0.013989,6.297027,6.297027,6.297027
4860.000000,33.578403,-117.064186,456.275523,33.578519,-117.064075,483.611147,-0.000898,-0.018502,0.013871,6.297263,6.297263,6.297263
4875.000000,33.578400,-117.064187,455.714253,33.578518,-117.064075,483.613842,-0.000908,-0.018417,0.013753,6.297684,6.297684,6.297684
4890.000000,33.578397,-117.064189,455.533147,33.578517,-117.064075,483.613438,-0.000917,-0.018332,0.013633,6.298104,6.298104,6.298104
4905.000000,33.578395,-117.064189,455.294918,33.578516,-117.064075,483.610250,-0.000926,-0.018246,0.013514,6.298626,6.298626,6.298626
4920.000000,33.578390,-117.064189,454.972833,33.578515,-117.064075,483.603948,-0.000936,-0.018162,0.013394,6.299310,6.299310,6.299310
4935.000000,33.578390,-117.064191,454.759037,33.578514,-117.064075,483.592210,-0.000945,-0.018076,0.013273,6.299762,6.299762,6.299762
4950.000000,33.578390,-117.064191,454.724451,33.578513,-117.064075,483.579608,-0.000954,-0.017990,0.013154,6.300254,6.300254,6.300254
4965.000000,33.578385,-117.064194,453.823350,33.578512,-117.064075,483.558222,-0.000963,-0.017903,0.013033,6.300976,6.300976,6.300976
4980.000000,33.578381,-117.064193,453.440990,33.578510,-117.064075,483.533187,-0.000971,-0.017817,0.012910,6.301839,6.301839,6.301839
4995.000000,33.578381,-117.064196,453.543649,33.578509,-117.064076,483.504810,-0.000980,-0.017730,0.012788,6.302303,6.302303,6.302303
5010.000000,33.578377,-117.064198,452.697909,33.578508,-117.064076,483.468205,-0.000989,-0.017641,0.012664,6.302958,6.302958,6.302958
5025.000000,33.578374,-117.064199,452.780637,33.578507,-117.064076,483.431223,-0.000999,-0.017553,0.012541,6.303539,6.303539,6.303539
5040.000000,33.578371,-117.064200,452.576035,33.578505,-117.064076,483.391709,-0.001008,-0.017466,0.012417,6.304148,6.304148,6.304148
5055.000000,33.578370,-117.064202,452.551572,33.578504,-117.064077,483.349183,-0.001019,-0.017378,0.012293,6.304530,6.304530,6.304530
5070.000000,33.578368,-117.064202,452.011841,33.578503,-117.064077,483.302155,-0.001028,-0.017290,0.012169,6.305108,6.305108,6.305108
5085.000000,33.578365,-117.064205,451.878017,33.578501,-117.064077,483.251876,-0.001038,-0.017202,0.012044,6.305550,6.305550,6.305550
5100.000000,33.578364,-117.064207,451.910825,33.578500,-117.064077,483.199123,-0.001049,-0.017113,0.011920,6.305747,6.305747,6.305747
5115.000000,33.578357,-117.064207,450.727450,33.578499,-117.064078,483.137585,-0.001059,-0.017024,0.011793,6.306394,6.306394,6.306394
5130.000000,33.578355,-117.064208,449.924525,33.578497,-117.064078,483.067715,-0.001068,-0.016934,0.011665,6.307104,6.307104,6.307104
5145.000000,33.578355,-117.064209,450.324834,33.578496,-117.064078,483.000816,-0.001077,-0.016844,0.011539,6.307701,6.307701,6.307701
5160.000000,33.578352,-117.064210,449.864825,33.578494,-117.064079,482.928164,-0.001086,-0.016755,0.011412,6.308245,6.308245,6.308245
5175.000000,33.578351,-117.064211,450.014899,33.578493,-117.064079,482.856290,-0.001096,-0.016666,0.011287,6.308722,6.308722,6.308722
5190.000000,33.578350,-117.064213,449.344062,33.578492,-117.064080,482.775235,-0.001105,-0.016575,0.011160,6.309029,6.309029,6.309029
5205.000000,33.578344,-117.064215,448.858836,33.578490,-117.064080,482.687788,-0.001115,-0.016483,0.011031,6.309235,6.309235,6.309235
5220.000000,33.578343,-117.064216,448.526617,33.578489,-117.064080,482.596821,-0.001124,-0.016392,0.010903,6.309447,6.309447,6.309447
5235.000000,33.578340,-117.064218,447.924185,33.578487,-117.064081,482.500422,-0.001134,-0.016299,0.010774,6.309753,6.309753,6.309753
5250.000000,33.578338,-117.064219,447.708923,33.578486,-117.064081,482.400088,-0.001143,-0.016207,0.010645,6.309901,6.309901,6.309901
5265.000000,33.578333,-117.064221,447.145410,33.578484,-117.064082,482.295297,-0.001152,-0.016114,0.010514,6.310180,6.310180,6.310180
5280.000000,33.578331,-117.064221,446.740667,33.578482,-117.064082,482.185604,-0.001161,-0.016022,0.010384,6.310391,6.310391,6.310391
5295.000000,33.578328,-117.064223,445.928472,33.578481,-117.064083,482.066120,-0.001169,-0.015927,0.010252,6.310481,6.310481,6.310481
5310.000000,33.578326,-117.064225,445.758037,33.578479,-117.064083,481.944195,-0.001178,-0.015833,0.010119,6.310490,6.310490,6.310490
5325.000000,33.578322,-117.064226,445.551722,33.578478,-117.064084,481.820324,-0.001187,-0.015739,0.009987,6.310489,6.310489,6.310489
5340.000000,33.578323,-117.064227,446.102780,33.578476,-117.064084,481.700060,-0.001197,-0.015646,0.009857,6.310255,6.310255,6.310255
5355.000000,33.578493,-117.064134,483.047397,33.578476,-117.064084,481.972516,-0.001210,-0.015639,0.009864,6.315361,6.315361,6.315361
5370.000000,33.578492,-117.064135,482.443558,33.578476,-117.064083,482.237121,-0.001223,-0.015630,0.009869,6.320682,6.320682,6.320682
5385.000000,33.578492,-117.064136,482.723362,33.578477,-117.064083,482.501862,-0.001235,-0.015621,0.009874,6.326045,6.326045,6.326045
5400.000000,33.578490,-117.064136,482.449644,33.578477,-117.064082,482.761858,-0.001248,-0.015611,0.009877,6.331446,6.331446,6.331446
5415.000000,33.578491,-117.064136,482.697458,33.578477,-117.064082,483.021740,-0.001260,-0.015600,0.009881,6.336836,6.336836,6.336836
5430.000000,33.578493,-117.064135,483.053473,33.578477,-117.064081,483.282475,-0.001272,-0.015590,0.009885,6.342434,6.342434,6.342434
5445.000000,33.578492,-117.064137,482.312805,33.578477,-117.064081,483.534486,-0.001283,-0.015578,0.009887,6.347922,6.347922,6.347922
5460.000000,33.578492,-117.064136,483.102735,33.578477,-117.064080,483.791225,-0.001295,-0.015567,0.009890,6.353795,6.353795,6.353795
5475.000000,33.578489,-117.064138,482.073332,33.578477,-117.064080,484.036950,-0.001306,-0.015553,0.009890,6.359597,6.359597,6.359597
5490.000000,33.578488,-117.064138,481.936916,33.578478,-117.064080,484.279271,-0.001317,-0.015539,0.009889,6.365234,6.365234,6.365234
5505.000000,33.578485,-117.064139,481.806564,33.578478,-117.064079,484.518393,-0.001328,-0.015524,0.009886,6.370893,6.370893,6.370893
5520.000000,33.578486,-117.064139,482.432228,33.578478,-117.064079,484.760962,-0.001339,-0.015511,0.009885,6.376828,6.376828,6.376828
5535.000000,33.578483,-117.064139,482.121790,33.578478,-117.064078,484.999022,-0.001350,-0.015496,0.009881,6.382942,6.382942,6.382942
5550.000000,33.578481,-117.064140,482.185831,33.578478,-117.064078,485.235478,-0.001361,-0.015482,0.009877,6.388932,6.388932,6.388932
5565.000000,33.578482,-117.064142,481.541019,33.578478,-117.064077,485.464285,-0.001372,-0.015465,0.009872,6.394692,6.394692,6.394692
5580.000000,33.578482,-117.064142,481.543073,33.578478,-117.064077,485.691462,-0.001383,-0.015448,0.009867,6.400697,6.400697,6.400697
5595.000000,33.578481,-117.064143,481.626589,33.578478,-117.064077,485.917329,-0.001393,-0.015430,0.009861,6.406652,6.406652,6.406652
5610.000000,33.578480,-117.064143,480.978110,33.578478,-117.064076,486.136444,-0.001403,-0.015412,0.009853,6.412921,6.412921,6.412921
5625.000000,33.578480,-117.064143,481.061928,33.578478,-117.064076,486.354792,-0.001413,-0.015393,0.009846,6.419431,6.419431,6.419431
5640.000000,33.578477,-117.064145,480.760023,33.578478,-117.064076,486.568798,-0.001422,-0.015374,0.009837,6.425880,6.425880,6.425880
5655.000000,33.578476,-117.064146,480.708675,33.578478,-117.064075,486.780530,-0.001432,-0.015354,0.009827,6.432285,6.432285,6.432285
5670.000000,33.578475,-117.064145,480.885274,33.578478,-117.064075,486.992274,-0.001442,-0.015334,0.009817,6.438883,6.438883,6.438883
5685.000000,33.578475,-117.064148,480.909172,33.578478,-117.064074,487.201234,-0.001452,-0.015314,0.009807,6.444852,6.444852,6.444852
5700.000000,33.578509,-117.064205,500.284080,33.578479,-117.064075,487.576828,-0.001496,-0.015321,0.009837,6.447737,6.447737,6.447737
5715.000000,33.578507,-117.064206,500.031518,33.578479,-117.064075,487.946937,-0.001540,-0.015326,0.009865,6.450632,6.450632,6.450632
5730.000000,33.578507,-117.064206,500.791663,33.578479,-117.064075,488.320331,-0.001584,-0.015333,0.009893,6.453627,6.453627,6.453627
5745.000000,33.578507,-117.064205,501.347026,33.578479,-117.064076,488.694635,-0.001627,-0.015340,0.009920,6.456850,6.456850,6.456850
5760.000000,33.578505,-117.064207,501.178248,33.578480,-117.064076,489.065023,-0.001670,-0.015346,0.009947,6.459891,6.459891,6.459891
5775.000000,33.578502,-117.064207,500.680320,33.578480,-117.064076,489.427613,-0.001712,-0.015351,0.009971,6.463022,6.463022,6.463022
5790.000000,33.578506,-117.064206,501.375565,33.578480,-117.064076,489.791842,-0.001752,-0.015355,0.009996,6.466553,6.466553,6.466553
5805.000000,33.578508,-117.064205,501.265957,33.578481,-117.064077,490.151362,-0.001792,-0.015359,0.010020,6.470312,6.470312,6.470312
5820.000000,33.578503,-117.064207,500.768365,33.578481,-117.064077,490.504528,-0.001831,-0.015362,0.010042,6.473818,6.473818,6.473818
5835.000000,33.578500,-117.064207,500.477390,33.578481,-117.064077,490.851897,-0.001869,-0.015363,0.010061,6.477465,6.477465,6.477465
5850.000000,33.578501,-117.064208,500.988012,33.578481,-117.064077,491.200291,-0.001907,-0.015365,0.010081,6.481271,6.481271,6.481271
5865.000000,33.578500,-117.064207,500.731255,33.578481,-117.064078,491.543816,-0.001945,-0.015366,0.010099,6.485041,6.485041,6.485041
5880.000000,33.578500,-117.064209,500.737347,33.578482,-117.064078,491.884773,-0.001982,-0.015366,0.010117,6.488755,6.488755,6.488755
5895.000000,33.578500,-117.064210,500.477650,33.578482,-117.064078,492.220539,-0.002018,-0.015365,0.010134,6.492572,6.492572,6.492572
5910.000000,33.578501,-117.064209,500.331450,33.578482,-117.064078,492.551603,-0.002053,-0.015363,0.010150,6.496717,6.496717,6.496717
5925.000000,33.578499,-117.064211,500.364174,33.578482,-117.064079,492.880495,-0.002088,-0.015360,0.010165,6.500781,6.500781,6.500781
5940.000000,33.578499,-117.064211,500.221227,33.578482,-117.064079,493.205343,-0.002122,-0.015357,0.010179,6.504966,6.504966,6.504966
5955.000000,33.578498,-117.064211,499.978849,33.578483,-117.064079,493.525453,-0.002155,-0.015353,0.010192,6.509253,6.509253,6.509253
5970.000000,33.578499,-117.064210,499.790907,33.578483,-117.064079,493.841301,-0.002187,-0.015348,0.010204,6.513666,6.513666,6.513666
5985.000000,33.578498,-117.064211,499.688843,33.578483,-117.064080,494.153544,-0.002218,-0.015342,0.010215,6.518267,6.518267,6.518267
6000.000000,33.578494,-117.064212,499.957811,33.578483,-117.064080,494.465651,-0.002250,-0.015337,0.010225,6.522779,6.522779,6.522779
6015.000000,33.578495,-117.064210,499.577950,33.578483,-117.064080,494.772003,-0.002280,-0.015330,0.010235,6.527513,6.527513,6.527513
6030.000000,33.578496,-117.064213,499.126737,33.578483,-117.064080,495.072558,-0.002310,-0.015322,0.010243,6.532177,6.532177,6.532177
6045.000000,33.578493,-117.064213,499.025289,33.578483,-117.064081,495.369867,-0.002339,-0.015314,0.010250,6.536965,6.536965,6.536965
6060.000000,33.578495,-117.064213,499.164048,33.578484,-117.064081,495.665823,-0.002368,-0.015306,0.010257,6.541901,6.541901,6.541901
6075.000000,33.578493,-117.064214,499.271302,33.578484,-117.064081,495.960263,-0.002396,-0.015297,0.010263,6.546932,6.546932,6.546932
6090.000000,33.578492,-117.064216,498.878268,33.578484,-117.064081,496.249526,-0.002424,-0.015287,0.010269,6.551911,6.551911,6.551911
6105.000000,33.578491,-117.064215,498.553491,33.578484,-117.064082,496.534145,-0.002452,-0.015276,0.010273,6.556871,6.556871,6.556871
6120.000000,33.578489,-117.064216,498.268091,33.578484,-117.064082,496.814435,-0.002478,-0.015265,0.010276,6.561858,6.561858,6.561858
6135.000000,33.578489,-117.064217,498.023693,33.578484,-117.064082,497.090753,-0.002505,-0.015253,0.010278,6.566892,6.566892,6.566892
6150.000000,33.578488,-117.064217,498.661550,33.578484,-117.064082,497.369736,-0.002531,-0.015242,0.010280,6.572091,6.572091,6.572091
6165.000000,33.578488,-117.064218,498.148816,33.578484,-117.064083,497.642845,-0.002557,-0.015229,0.010282,6.577194,6.577194,6.577194
6180.000000,33.578487,-117.064217,497.619554,33.578484,-117.064083,497.909977,-0.002581,-0.015215,0.010282,6.582318,6.582318,6.582318
6195.000000,33.578484,-117.064220,496.874521,33.578484,-117.064083,498.169546,-0.002606,-0.015200,0.010280,6.587322,6.587322,6.587322
6210.000000,33.578483,-117.064221,497.688084,33.578485,-117.064083,498.433252,-0.002630,-0.015186,0.010279,6.592454,6.592454,6.592454
6225.000000,33.578483,-117.064222,496.976149,33.578485,-117.064084,498.689762,-0.002654,-0.015171,0.010277,6.597587,6.597587,6.597587
6240.000000,33.578484,-117.064221,496.584874,33.578485,-117.064084,498.941681,-0.002677,-0.015154,0.010274,6.602971,6.602971,6.602971
6255.000000,33.578484,-117.064222,496.570500,33.578485,-117.064084,499.191613,-0.002700,-0.015138,0.010270,6.608303,6.608303,6.608303
6270.000000,33.578479,-117.064224,496.918789,33.578485,-117.064085,499.442156,-0.002723,-0.015122,0.010266,6.613527,6.613527,6.613527
6285.000000,33.578481,-117.064225,496.292801,33.578485,-117.064085,499.686476,-0.002745,-0.015104,0.010261,6.618891,6.618891,6.618891
6300.000000,33.578481,-117.064224,495.842446,33.578485,-117.064085,499.925987,-0.002766,-0.015086,0.010256,6.624416,6.624416,6.624416
6315.000000,33.578479,-117.064225,496.175159,33.578485,-117.064085,500.165981,-0.002788,-0.015068,0.010250,6.629814,6.629814,6.629814
6330.000000,33.578478,-117.064228,495.573478,33.578485,-117.064086,500.399936,-0.002809,-0.015048,0.010243,6.635197,6.635197,6.635197
6345.000000,33.578480,-117.064227,494.528608,33.578485,-117.064086,500.625084,-0.002829,-0.015027,0.010235,6.640742,6.640742,6.640742
6360.000000,33.578478,-117.064229,494.479747,33.578485,-117.064086,500.848238,-0.002848,-0.015006,0.010227,6.646271,6.646271,6.646271
6375.000000,33.578477,-117.064230,495.069947,33.578485,-117.064087,501.074232,-0.002868,-0.014986,0.010219,6.651971,6.651971,6.651971
6390.000000,33.578476,-117.064232,494.834443,33.578485,-117.064087,501.296716,-0.002888,-0.014964,0.010210,6.657529,6.657529,6.657529
6405.000000,33.578477,-117.064232,494.202423,33.578485,-117.064087,501.513604,-0.002907,-0.014942,0.010200,6.663259,6.663259,6.663259
6420.000000,33.578476,-117.064233,493.911464,33.578485,-117.064088,501.726919,-0.002925,-0.014919,0.010190,6.668971,6.668971,6.668971
6435.000000,33.578475,-117.064233,493.828575,33.578485,-117.064088,501.938577,-0.002943,-0.014897,0.010179,6.674855,6.674855,6.674855
6450.000000,33.578475,-117.064233,493.726610,33.578485,-117.064088,502.148212,-0.002961,-0.014874,0.010169,6.680798,6.680798,6.680798
6465.000000,33.578473,-117.064236,493.579198,33.578485,-117.064089,502.355207,-0.002978,-0.014850,0.010157,6.686668,6.686668,6.686668
6480.000000,33.578474,-117.064237,492.789192,33.578485,-117.064089,502.555756,-0.002995,-0.014826,0.010145,6.692647,6.692647,6.692647
6495.000000,33.578471,-117.064236,492.920046,33.578485,-117.064089,502.756009,-0.003012,-0.014802,0.010132,6.698700,6.698700,6.698700
6510.000000,33.578473,-117.064237,492.734571,33.578485,-117.064090,502.953620,-0.003028,-0.014777,0.010120,6.704742,6.704742,6.704742
6525.000000,33.578469,-117.064241,492.400413,33.578485,-117.064090,503.147052,-0.003045,-0.014751,0.010106,6.710593,6.710593,6.710593
6540.000000,33.578469,-117.064241,492.097218,33.578485,-117.064090,503.337794,-0.003061,-0.014726,0.010091,6.716643,6.716643,6.716643
6555.000000,33.578470,-117.064243,491.888860,33.578485,-117.064091,503.525497,-0.003077,-0.014699,0.010077,6.722587,6.722587,6.722587
6570.000000,33.578468,-117.064243,491.191209,33.578484,-117.064091,503.707332,-0.003092,-0.014672,0.010061,6.728534,6.728534,6.728534
6585.000000,33.578469,-117.064245,490.436851,33.578484,-117.064091,503.882867,-0.003107,-0.014643,0.010045,6.734454,6.734454,6.734454
6600.000000,33.578466,-117.064248,490.674985,33.578484,-117.064092,504.058417,-0.003122,-0.014615,0.010029,6.740290,6.740290,6.740290
6615.000000,33.578466,-117.064249,490.461728,33.578484,-117.064092,504.231620,-0.003137,-0.014586,0.010012,6.746189,6.746189,6.746189
6630.000000,33.578467,-117.064250,490.127850,33.578484,-117.064093,504.401906,-0.003152,-0.014557,0.009995,6.752192,6.752192,6.752192
6645.000000,33.578463,-117.064252,489.542131,33.578484,-117.064093,504.566598,-0.003166,-0.014527,0.009976,6.758046,6.758046,6.758046
6660.000000,33.578463,-117.064249,488.915595,33.578484,-117.064093,504.727573,-0.003179,-0.014497,0.009958,6.764213,6.764213,6.764213
6675.000000,33.578459,-117.064253,488.561644,33.578484,-117.064094,504.884437,-0.003193,-0.014466,0.009938,6.770220,6.770220,6.770220
6690.000000,33.578458,-117.064254,488.375362,33.578484,-117.064094,505.038554,-0.003206,-0.014435,0.009917,6.776126,6.776126,6.776126
6705.000000,33.578455,-117.064257,488.262383,33.578484,-117.064095,505.190511,-0.003220,-0.014404,0.009896,6.781956,6.781956,6.781956
6720.000000,33.578458,-117.064258,487.662914,33.578484,-117.064095,505.338985,-0.003232,-0.014372,0.009875,6.788050,6.788050,6.788050
6735.000000,33.578456,-117.064260,487.678539,33.578483,-117.064096,505.485746,-0.003245,-0.014340,0.009854,6.793990,6.793990,6.793990
6750.000000,33.578455,-117.064262,487.106396,33.578483,-117.064096,505.627388,-0.003258,-0.014307,0.009832,6.799836,6.799836,6.799836
6765.000000,33.578454,-117.064262,486.324375,33.578483,-117.064097,505.763192,-0.003270,-0.014273,0.009809,6.805694,6.805694,6.805694
6780.000000,33.578455,-117.064265,486.074494,33.578483,-117.064097,505.897195,-0.003282,-0.014239,0.009786,6.811671,6.811671,6.811671
6795.000000,33.578457,-117.064265,485.074956,33.578483,-117.064098,506.024987,-0.003293,-0.014204,0.009763,6.817800,6.817800,6.817800
6810.000000,33.578453,-117.064267,485.066680,33.578483,-117.064098,506.150639,-0.003305,-0.014169,0.009739,6.823729,6.823729,6.823729
6825.000000,33.578453,-117.064270,485.110777,33.578483,-117.064099,506.276014,-0.003316,-0.014133,0.009715,6.829708,6.829708,6.829708
6840.000000,33.578450,-117.064273,484.663025,33.578482,-117.064099,506.396990,-0.003328,-0.014097,0.009691,6.835562,6.835562,6.835562
6855.000000,33.578452,-117.064272,484.147704,33.578482,-117.064100,506.514668,-0.003339,-0.014061,0.009666,6.841525,6.841525,6.841525
6870.000000,33.578451,-117.064274,483.123375,33.578482,-117.064100,506.625327,-0.003349,-0.014024,0.009640,6.847497,6.847497,6.847497
6885.000000,33.578451,-117.064276,482.420907,33.578482,-117.064101,506.731077,-0.003359,-0.013986,0.009614,6.853488,6.853488,6.853488
6900.000000,33.578450,-117.064278,482.179150,33.578482,-117.064101,506.833481,-0.003369,-0.013947,0.009587,6.859319,6.859319,6.859319
6915.000000,33.578446,-117.064281,483.017672,33.578482,-117.064102,506.939593,-0.003380,-0.013909,0.009560,6.865047,6.865047,6.865047
6930.000000,33.578448,-117.064281,481.681073,33.578481,-117.064102,507.037995,-0.003389,-0.013870,0.009533,6.870937,6.870937,6.870937
6945.000000,33.578446,-117.064284,481.277750,33.578481,-117.064103,507.133175,-0.003399,-0.013831,0.009506,6.876813,6.876813,6.876813
6960.000000,33.578445,-117.064286,480.330325,33.578481,-117.064103,507.222090,-0.003408,-0.013791,0.009477,6.882702,6.882702,6.882702
6975.000000,33.578444,-117.064288,480.333349,33.578481,-117.064104,507.309616,-0.003418,-0.013750,0.009448,6.888490,6.888490,6.888490
6990.000000,33.578441,-117.064289,480.130695,33.578481,-117.064105,507.394636,-0.003427,-0.013710,0.009419,6.894192,6.894192,6.894192
7005.000000,33.578404,-117.064182,500.855046,33.578480,-117.064105,507.596109,-0.003438,-0.013702,0.009399,6.895895,6.895895,6.895895
7020.000000,33.578403,-117.064182,500.091140,33.578480,-117.064105,507.790751,-0.003449,-0.013693,0.009378,6.897653,6.897653,6.897653
7035.000000,33.578402,-117.064181,499.811889,33.578479,-117.064105,507.982339,-0.003458,-0.013684,0.009357,6.899563,6.899563,6.899563
7050.000000,33.578401,-117.064178,500.064517,33.578479,-117.064105,508.174648,-0.003468,-0.013676,0.009336,6.901618,6.901618,6.901618
7065.000000,33.578398,-117.064182,499.808992,33.578478,-117.064105,508.363300,-0.003477,-0.013666,0.009314,6.903478,6.903478,6.903478
7080.000000,33.578397,-117.064183,499.158366,33.578478,-117.064105,508.546226,-0.003486,-0.013656,0.009292,6.905419,6.905419,6.905419
7095.000000,33.578395,-117.064184,498.426978,33.578477,-117.064105,508.722995,-0.003495,-0.013644,0.009268,6.907454,6.907454,6.907454
7110.000000,33.578394,-117.064183,498.792362,33.578476,-117.064105,508.901105,-0.003504,-0.013633,0.009245,6.909519,6.909519,6.909519
7125.000000,33.578393,-117.064180,498.293054,33.578476,-117.064105,509.074860,-0.003511,-0.013622,0.009222,6.911705,6.911705,6.911705
7140.000000,33.578389,-117.064180,498.680099,33.578475,-117.064105,509.250049,-0.003519,-0.013611,0.009198,6.913900,6.913900,6.913900
7155.000000,33.578389,-117.064182,497.969533,33.578475,-117.064105,509.419367,-0.003527,-0.013599,0.009174,6.916165,6.916165,6.916165
7170.000000,33.578385,-117.064181,498.224142,33.578474,-117.064105,509.589423,-0.003534,-0.013587,0.009149,6.918495,6.918495,6.918495
7185.000000,33.578384,-117.064180,497.951868,33.578473,-117.064105,509.756597,-0.003542,-0.013575,0.009124,6.920872,6.920872,6.920872
7200.000000,33.578383,-117.064182,497.099051,33.578473,-117.064105,509.916511,-0.003548,-0.013562,0.009098,6.923152,6.923152,6.923152
7215.000000,33.578381,-117.064182,497.409681,33.578472,-117.064105,510.077935,-0.003555,-0.013550,0.009073,6.925586,6.925586,6.925586
7230.000000,33.578380,-117.064182,497.084934,33.578472,-117.064105,510.235637,-0.003562,-0.013536,0.009047,6.927907,6.927907,6.927907
7245.000000,33.578377,-117.064185,496.812811,33.578471,-117.064105,510.389815,-0.003568,-0.013523,0.009020,6.930077,6.930077,6.930077
7260.000000,33.578376,-117.064186,496.229769,33.578470,-117.064105,510.538881,-0.003575,-0.013508,0.008992,6.932219,6.932219,6.932219
7275.000000,33.578376,-117.064181,496.747172,33.578470,-117.064105,510.691551,-0.003581,-0.013494,0.008966,6.934662,6.934662,6.934662
7290.000000,33.578372,-117.064182,496.163994,33.578469,-117.064105,510.838968,-0.003586,-0.013480,0.008938,6.937023,6.937023,6.937023
7305.000000,33.578372,-117.064182,496.056212,33.578468,-117.064105,510.985498,-0.003592,-0.013466,0.008911,6.939582,6.939582,6.939582
7320.000000,33.578371,-117.064183,495.682915,33.578468,-117.064105,511.128493,-0.003597,-0.013451,0.008883,6.942122,6.942122,6.942122
7335.000000,33.578367,-117.064183,495.268050,33.578467,-117.064105,511.267748,-0.003602,-0.013435,0.008855,6.944649,6.944649,6.944649
7350.000000,33.578367,-117.064187,495.091102,33.578466,-117.064105,511.405231,-0.003607,-0.013420,0.008826,6.947250,6.947250,6.947250
7365.000000,33.578364,-117.064187,495.300823,33.578466,-117.064106,511.542171,-0.003612,-0.013404,0.008797,6.949649,6.949649,6.949649
7380.000000,33.578363,-117.064188,494.485455,33.578465,-117.064106,511.673209,-0.003617,-0.013388,0.008768,6.952116,6.952116,6.952116
7395.000000,33.578363,-117.064191,494.061995,33.578464,-117.064106,511.800252,-0.003622,-0.013370,0.008738,6.954512,6.954512,6.954512
7410.000000,33.578361,-117.064189,493.821797,33.578464,-117.064106,511.925603,-0.003626,-0.013353,0.008708,6.957052,6.957052,6.957052
7425.000000,33.578359,-117.064191,493.859052,33.578463,-117.064106,512.050063,-0.003631,-0.013335,0.008678,6.959543,6.959543,6.959543
7440.000000,33.578356,-117.064190,493.606518,33.578462,-117.064106,512.172237,-0.003635,-0.013318,0.008648,6.962069,6.962069,6.962069
7455.000000,33.578354,-117.064193,493.409663,33.578462,-117.064106,512.292201,-0.003640,-0.013300,0.008617,6.964574,6.964574,6.964574
7470.000000,33.578353,-117.064193,492.625398,33.578461,-117.064106,512.406430,-0.003644,-0.013281,0.008586,6.967090,6.967090,6.967090
7485.000000,33.578350,-117.064192,492.886847,33.578460,-117.064106,512.521884,-0.003648,-0.013263,0.008555,6.969673,6.969673,6.969673
7500.000000,33.578349,-117.064192,492.883905,33.578459,-117.064106,512.636584,-0.003652,-0.013245,0.008523,6.972266,6.972266,6.972266
7515.000000,33.578349,-117.064191,492.885933,33.578459,-117.064106,512.750557,-0.003656,-0.013227,0.008492,6.974868,6.974868,6.974868
7530.000000,33.578346,-117.064192,492.561082,33.578458,-117.064106,512.861446,-0.003659,-0.013209,0.008461,6.977422,6.977422,6.977422
7545.000000,33.578345,-117.064192,492.173449,33.578457,-117.064107,512.969834,-0.003663,-0.013190,0.008429,6.980090,6.980090,6.980090
7560.000000,33.578344,-117.064194,491.284687,33.578456,-117.064107,513.071520,-0.003666,-0.013170,0.008397,6.982683,6.982683,6.982683
7575.000000,33.578342,-117.064195,490.921929,33.578456,-117.064107,513.170193,-0.003669,-0.013150,0.008364,6.985265,6.985265,6.985265
7590.000000,33.578341,-117.064197,490.777550,33.578455,-117.064107,513.267168,-0.003672,-0.013130,0.008331,6.987829,6.987829,6.987829
7605.000000,33.578339,-117.064198,490.144366,33.578454,-117.064107,513.359498,-0.003674,-0.013109,0.008298,6.990381,6.990381,6.990381
7620.000000,33.578296,-117.064257,501.635164,33.578453,-117.064107,513.532341,-0.003689,-0.013101,0.008272,6.996061,6.996061,6.996061
7635.000000,33.578294,-117.064260,501.419078,33.578452,-117.064108,513.703284,-0.003704,-0.013093,0.008247,7.001783,7.001783,7.001783
7650.000000,33.578292,-117.064258,500.896047,33.578451,-117.064108,513.871105,-0.003718,-0.013084,0.008221,7.007643,7.007643,7.007643
7665.000000,33.578291,-117.064257,500.557007,33.578450,-117.064108,514.036020,-0.003732,-0.013075,0.008194,7.013430,7.013430,7.013430
7680.000000,33.578290,-117.064257,500.473529,33.578450,-117.064109,514.199551,-0.003746,-0.013066,0.008168,7.019194,7.019194,7.019194
7695.000000,33.578288,-117.064259,499.991367,33.578449,-117.064109,514.359571,-0.003759,-0.013056,0.008141,7.024916,7.024916,7.024916
7710.000000,33.578286,-117.064259,499.933703,33.578448,-117.064110,514.518611,-0.003772,-0.013047,0.008115,7.030676,7.030676,7.030676
7725.000000,33.578285,-117.064257,499.841993,33.578447,-117.064110,514.676555,-0.003785,-0.013037,0.008088,7.036484,7.036484,7.036484
7740.000000,33.578284,-117.064259,499.090746,33.578446,-117.064110,514.829549,-0.003797,-0.013026,0.008061,7.042222,7.042222,7.042222
7755.000000,33.578282,-117.064256,499.074811,33.578445,-117.064111,514.981712,-0.003809,-0.013016,0.008033,7.047970,7.047970,7.047970
7770.000000,33.578281,-117.064259,498.797694,33.578444,-117.064111,515.131445,-0.003822,-0.013005,0.008006,7.053667,7.053667,7.053667
7785.000000,33.578279,-117.064261,498.725042,33.578443,-117.064111,515.280085,-0.003834,-0.012994,0.007978,7.059376,7.059376,7.059376
7800.000000,33.578277,-117.064263,497.929848,33.578442,-117.064112,515.423020,-0.003846,-0.012983,0.007950,7.064897,7.064897,7.064897
7815.000000,33.578277,-117.064263,497.285013,33.578441,-117.064112,515.562026,-0.003857,-0.012970,0.007921,7.070438,7.070438,7.070438
7830.000000,33.578276,-117.064262,497.075697,33.578440,-117.064112,515.699378,-0.003868,-0.012958,0.007893,7.076002,7.076002,7.076002
7845.000000,33.578275,-117.064261,496.712783,33.578439,-117.064113,515.833834,-0.003879,-0.012945,0.007864,7.081502,7.081502,7.081502
7860.000000,33.578274,-117.064262,496.391500,33.578438,-117.064113,515.966266,-0.003890,-0.012932,0.007835,7.087054,7.087054,7.087054
7875.000000,33.578272,-117.064262,495.953511,33.578438,-117.064113,516.095566,-0.003900,-0.012918,0.007805,7.092563,7.092563,7.092563
7890.000000,33.578269,-117.064262,496.404813,33.578437,-117.064114,516.226475,-0.003910,-0.012905,0.007776,7.098074,7.098074,7.098074
7905.000000,33.578266,-117.064263,495.930678,33.578436,-117.064114,516.354124,-0.003920,-0.012892,0.007747,7.103547,7.103547,7.103547
7920.000000,33.578266,-117.064264,495.837484,33.578435,-117.064114,516.480505,-0.003930,-0.012878,0.007717,7.108995,7.108995,7.108995
7935.000000,33.578265,-117.064263,494.957809,33.578434,-117.064115,516.601290,-0.003940,-0.012864,0.007687,7.114350,7.114350,7.114350
7950.000000,33.578266,-117.064265,494.455907,33.578433,-117.064115,516.719041,-0.003949,-0.012849,0.007657,7.119720,7.119720,7.119720
7965.000000,33.578264,-117.064266,494.121190,33.578432,-117.064116,516.834274,-0.003959,-0.012834,0.007627,7.125052,7.125052,7.125052
7980.000000,33.578262,-117.064267,493.663328,33.578431,-117.064116,516.946759,-0.003968,-0.012818,0.007596,7.130402,7.130402,7.130402
7995.000000,33.578260,-117.064267,493.365259,33.578430,-117.064116,517.056802,-0.003976,-0.012802,0.007565,7.135694,7.135694,7.135694
8010.000000,33.578259,-117.064269,492.741722,33.578429,-117.064117,517.163277,-0.003985,-0.012786,0.007534,7.140998,7.140998,7.140998
8025.000000,33.578257,-117.064267,492.874188,33.578428,-117.064117,517.269868,-0.003993,-0.012770,0.007503,7.146303,7.146303,7.146303
8040.000000,33.578257,-117.064270,492.508932,33.578427,-117.064118,517.373487,-0.004002,-0.012754,0.007472,7.151518,7.151518,7.151518
8055.000000,33.578254,-117.064269,492.050972,33.578426,-117.064118,517.474676,-0.004010,-0.012737,0.007440,7.156783,7.156783,7.156783
8070.000000,33.578253,-117.064269,491.875931,33.578425,-117.064118,517.574440,-0.004018,-0.012720,0.007409,7.162042,7.162042,7.162042
8085.000000,33.578253,-117.064269,491.208378,33.578424,-117.064119,517.670503,-0.004025,-0.012703,0.007377,7.167309,7.167309,7.167309
8100.000000,33.578253,-117.064268,490.835661,33.578423,-117.064119,517.763800,-0.004032,-0.012685,0.007345,7.172515,7.172515,7.172515
8115.000000,33.578251,-117.064269,490.459147,33.578422,-117.064119,517.854632,-0.004039,-0.012667,0.007314,7.177700,7.177700,7.177700
8130.000000,33.578250,-117.064268,489.921252,33.578421,-117.064120,517.941660,-0.004046,-0.012649,0.007281,7.182793,7.182793,7.182793
8145.000000,33.578248,-117.064271,489.798884,33.578420,-117.064120,518.027228,-0.004053,-0.012631,0.007249,7.187833,7.187833,7.187833
8160.000000,33.578245,-117.064273,489.563839,33.578419,-117.064121,518.111151,-0.004059,-0.012612,0.007216,7.192865,7.192865,7.192865
8175.000000,33.578244,-117.064275,489.208053,33.578418,-117.064121,518.192564,-0.004066,-0.012593,0.007183,7.197853,7.197853,7.197853
8190.000000,33.578244,-117.064277,488.529123,33.578417,-117.064121,518.269510,-0.004073,-0.012574,0.007150,7.202751,7.202751,7.202751
8205.000000,33.578244,-117.064279,487.684396,33.578416,-117.064122,518.341217,-0.004079,-0.012553,0.007117,7.207564,7.207564,7.207564
8220.000000,33.578241,-117.064274,487.731920,33.578415,-117.064122,518.413660,-0.004085,-0.012533,0.007083,7.212480,7.212480,7.212480
8235.000000,33.578240,-117.064275,487.327814,33.578414,-117.064123,518.483462,-0.004090,-0.012513,0.007050,7.217360,7.217360,7.217360
8250.000000,33.578238,-117.064275,486.908600,33.578413,-117.064123,518.550733,-0.004096,-0.012493,0.007016,7.222223,7.222223,7.222223
8265.000000,33.578238,-117.064277,486.344121,33.578412,-117.064124,518.614739,-0.004101,-0.012472,0.006982,7.227065,7.227065,7.227065
8280.000000,33.578237,-117.064277,485.795468,33.578411,-117.064124,518.674389,-0.004106,-0.012450,0.006948,7.231755,7.231755,7.231755
8295.000000,33.578234,-117.064276,485.361030,33.578410,-117.064124,518.732062,-0.004111,-0.012429,0.006914,7.236493,7.236493,7.236493
8310.000000,33.578234,-117.064278,485.025932,33.578409,-117.064125,518.787123,-0.004116,-0.012407,0.006879,7.241156,7.241156,7.241156
8325.000000,33.578233,-117.064279,484.149141,33.578408,-117.064125,518.838112,-0.004120,-0.012385,0.006844,7.245866,7.245866,7.245866
8340.000000,33.578231,-117.064279,483.308045,33.578407,-117.064126,518.884399,-0.004124,-0.012362,0.006809,7.250535,7.250535,7.250535
8355.000000,33.578231,-117.064282,483.357348,33.578405,-117.064126,518.928514,-0.004128,-0.012339,0.006774,7.254984,7.254984,7.254984
8370.000000,33.578229,-117.064282,483.066784,33.578404,-117.064126,518.971217,-0.004132,-0.012316,0.006738,7.259458,7.259458,7.259458
8385.000000,33.578228,-117.064281,481.810311,33.578403,-117.064127,519.008189,-0.004136,-0.012292,0.006702,7.263985,7.263985,7.263985
8400.000000,33.578226,-117.064283,481.657459,33.578402,-117.064127,519.043337,-0.004139,-0.012268,0.006666,7.268427,7.268427,7.268427
8415.000000,33.578226,-117.064282,481.307302,33.578401,-117.064128,519.076867,-0.004143,-0.012244,0.006631,7.272894,7.272894,7.272894
8430.000000,33.578225,-117.064282,481.155943,33.578400,-117.064128,519.109405,-0.004146,-0.012220,0.006595,7.277353,7.277353,7.277353
8445.000000,33.578222,-117.064284,480.855365,33.578399,-117.064129,519.138624,-0.004149,-0.012195,0.006559,7.281650,7.281650,7.281650
8460.000000,33.578222,-117.064284,480.236842,33.578398,-117.064129,519.163989,-0.004152,-0.012170,0.006522,7.285881,7.285881,7.285881
8475.000000,33.578221,-117.064285,479.953423,33.578397,-117.064130,519.188467,-0.004154,-0.012145,0.006486,7.290170,7.290170,7.290170
8490.000000,33.578221,-117.064285,479.719419,33.578396,-117.064130,519.211225,-0.004157,-0.012120,0.006450,7.294417,7.294417,7.294417
8505.000000,33.578218,-117.064285,479.089805,33.578395,-117.064130,519.229612,-0.004159,-0.012095,0.006413,7.298552,7.298552,7.298552
8520.000000,33.578219,-117.064289,478.981873,33.578394,-117.064131,519.246307,-0.004162,-0.012069,0.006376,7.302592,7.302592,7.302592
8535.000000,33.578216,-117.064291,478.208228,33.578393,-117.064131,519.259088,-0.004164,-0.012043,0.006339,7.306625,7.306625,7.306625
8550.000000,33.578215,-117.064289,477.600398,33.578392,-117.064132,519.269255,-0.004166,-0.012016,0.006302,7.310692,7.310692,7.310692
8565.000000,33.578213,-117.064292,476.963786,33.578391,-117.064132,519.275377,-0.004168,-0.011990,0.006264,7.314679,7.314679,7.314679
8580.000000,33.578213,-117.064293,476.908652,33.578389,-117.064133,519.279906,-0.004170,-0.011963,0.006227,7.318557,7.318557,7.318557
8595.000000,33.578211,-117.064293,476.183627,33.578388,-117.064133,519.279874,-0.004172,-0.011935,0.006189,7.322348,7.322348,7.322348
8610.000000,33.578211,-117.064296,476.155659,33.578387,-117.064134,519.278860,-0.004174,-0.011908,0.006151,7.326070,7.326070,7.326070
8625.000000,33.578208,-117.064295,475.513258,33.578386,-117.064134,519.275127,-0.004176,-0.011880,0.006113,7.329826,7.329826,7.329826
8640.000000,33.578209,-117.064297,474.981107,33.578385,-117.064135,519.267679,-0.004177,-0.011852,0.006074,7.333487,7.333487,7.333487
8655.000000,33.578208,-117.064297,474.238107,33.578384,-117.064135,519.256641,-0.004178,-0.011823,0.006036,7.337147,7.337147,7.337147
8670.000000,33.578207,-117.064297,474.430618,33.578383,-117.064136,519.246141,-0.004179,-0.011795,0.005998,7.340775,7.340775,7.340775
8685.000000,33.578205,-117.064299,473.625640,33.578382,-117.064136,519.231860,-0.004180,-0.011766,0.005960,7.344407,7.344407,7.344407
8700.000000,33.578204,-117.064299,473.339931,33.578381,-117.064137,519.213970,-0.004181,-0.011737,0.005921,7.347858,7.347858,7.347858
8715.000000,33.578204,-117.064300,472.577871,33.578380,-117.064137,519.192995,-0.004182,-0.011708,0.005882,7.351350,7.351350,7.351350
8730.000000,33.578204,-117.064300,472.090909,33.578379,-117.064138,519.168887,-0.004182,-0.011678,0.005843,7.354776,7.354776,7.354776
8745.000000,33.578203,-117.064300,471.778594,33.578377,-117.064139,519.142577,-0.004182,-0.011648,0.005804,7.358141,7.358141,7.358141
8760.000000,33.578201,-117.064302,471.410637,33.578376,-117.064139,519.114022,-0.004183,-0.011618,0.005765,7.361463,7.361463,7.361463
8775.000000,33.578201,-117.064304,470.820818,33.578375,-117.064140,519.081980,-0.004183,-0.011588,0.005726,7.364728,7.364728,7.364728
8790.000000,33.578201,-117.064306,469.748324,33.578374,-117.064140,519.045237,-0.004183,-0.011557,0.005686,7.368018,7.368018,7.368018
8805.000000,33.578200,-117.064306,470.170905,33.578373,-117.064141,519.009343,-0.004183,-0.011526,0.005647,7.371210,7.371210,7.371210
8820.000000,33.578198,-117.064304,469.368754,33.578372,-117.064141,518.969002,-0.004182,-0.011495,0.005608,7.374347,7.374347,7.374347
8835.000000,33.578197,-117.064307,469.016087,33.578371,-117.064142,518.926087,-0.004182,-0.011464,0.005568,7.377409,7.377409,7.377409
8850.000000,33.578196,-117.064305,468.301187,33.578370,-117.064142,518.880279,-0.004181,-0.011432,0.005528,7.380500,7.380500,7.380500
8865.000000,33.578196,-117.064308,468.464579,33.578369,-117.064143,518.835631,-0.004181,-0.011401,0.005489,7.383605,7.383605,7.383605
8880.000000,33.578193,-117.064310,467.650629,33.578367,-117.064143,518.785301,-0.004180,-0.011369,0.005449,7.386569,7.386569,7.386569
8895.000000,33.578193,-117.064311,466.999901,33.578366,-117.064144,518.731907,-0.004179,-0.011336,0.005409,7.389523,7.389523,7.389523
8910.000000,33.578192,-117.064312,466.955272,33.578365,-117.064145,518.677544,-0.004178,-0.011304,0.005369,7.392409,7.392409,7.392409
8925.000000,33.578192,-117.064310,466.184303,33.578364,-117.064145,518.618273,-0.004177,-0.011272,0.005329,7.395194,7.395194,7.395194
8940.000000,33.578193,-117.064311,466.238840,33.578363,-117.064146,518.558858,-0.004176,-0.011239,0.005289,7.397935,7.397935,7.397935
8955.000000,33.578190,-117.064317,465.098649,33.578362,-117.064146,518.493763,-0.004174,-0.011205,0.005248,7.400646,7.400646,7.400646
8970.000000,33.578188,-117.064314,464.877762,33.578361,-117.064147,518.427144,-0.004173,-0.011172,0.005208,7.403307,7.403307,7.403307
8985.000000,33.578186,-117.064315,464.582231,33.578360,-117.064147,518.358457,-0.004171,-0.011139,0.005167,7.405906,7.405906,7.405906
9000.000000,33.578189,-117.064315,463.952445,33.578358,-117.064148,518.287778,-0.004170,-0.011105,0.005127,7.408557,7.408557,7.408557
9015.000000,33.578188,-117.064319,463.584897,33.578357,-117.064149,518.213117,-0.004168,-0.011071,0.005086,7.411038,7.411038,7.411038
9030.000000,33.578186,-117.064317,463.148431,33.578356,-117.064149,518.135747,-0.004166,-0.011037,0.005045,7.413458,7.413458,7.413458
9045.000000,33.578188,-117.064319,462.376277,33.578355,-117.064150,518.053675,-0.004164,-0.011002,0.005004,7.415793,7.415793,7.415793
9060.000000,33.578186,-117.064319,462.392626,33.578354,-117.064151,517.971610,-0.004162,-0.010968,0.004963,7.418101,7.418101,7.418101
9075.000000,33.578183,-117.064321,462.177027,33.578353,-117.064151,517.888162,-0.004160,-0.010933,0.004922,7.420365,7.420365,7.420365
9090.000000,33.578184,-117.064322,461.225645,33.578352,-117.064152,517.798984,-0.004157,-0.010898,0.004881,7.422532,7.422532,7.422532
9105.000000,33.578185,-117.064322,460.689406,33.578351,-117.064152,517.706899,-0.004155,-0.010862,0.004840,7.424655,7.424655,7.424655
9120.000000,33.578185,-117.064322,460.095881,33.578349,-117.064153,517.611355,-0.004152,-0.010826,0.004799,7.426717,7.426717,7.426717
9135.000000,33.578185,-117.064325,459.339494,33.578348,-117.064154,517.510912,-0.004149,-0.010790,0.004757,7.428674,7.428674,7.428674
9150.000000,33.578183,-117.064326,459.435418,33.578347,-117.064154,517.411052,-0.004146,-0.010754,0.004716,7.430614,7.430614,7.430614
9165.000000,33.578180,-117.064329,459.203274,33.578346,-117.064155,517.310069,-0.004143,-0.010718,0.004674,7.432528,7.432528,7.432528
9180.000000,33.578182,-117.064331,458.457565,33.578345,-117.064156,517.202329,-0.004141,-0.010680,0.004632,7.434217,7.434217,7.434217
9195.000000,33.578181,-117.064331,458.234609,33.578344,-117.064156,517.094227,-0.004138,-0.010644,0.004591,7.435925,7.435925,7.435925
9210.000000,33.578180,-117.064330,457.448882,33.578343,-117.064157,516.981884,-0.004134,-0.010606,0.004549,7.437579,7.437579,7.437579
9225.000000,33.578178,-117.064332,457.159260,33.578341,-117.064158,516.867732,-0.004131,-0.010569,0.004507,7.439181,7.439181,7.439181
9240.000000,33.578178,-117.064330,456.693487,33.578340,-117.064158,516.750986,-0.004128,-0.010532,0.004465,7.440734,7.440734,7.440734
9255.000000,33.578180,-117.064329,455.602549,33.578339,-117.064159,516.629206,-0.004124,-0.010494,0.004423,7.442276,7.442276,7.442276
9270.000000,33.578178,-117.064333,455.747675,33.578338,-117.064160,516.507222,-0.004120,-0.010456,0.004381,7.443731,7.443731,7.443731
9285.000000,33.578178,-117.064335,455.087483,33.578337,-117.064160,516.380904,-0.004116,-0.010417,0.004339,7.445089,7.445089,7.445089
9300.000000,33.578176,-117.064335,454.492846,33.578336,-117.064161,516.252124,-0.004112,-0.010379,0.004296,7.446443,7.446443,7.446443
9315.000000,33.578176,-117.064337,454.484581,33.578335,-117.064162,516.124340,-0.004108,-0.010341,0.004254,7.447828,7.447828,7.447828
9330.000000,33.578175,-117.064339,454.210873,33.578334,-117.064162,515.993511,-0.004105,-0.010302,0.004212,7.449078,7.449078,7.449078
9345.000000,33.578175,-117.064339,453.806159,33.578332,-117.064163,515.859889,-0.004101,-0.010264,0.004170,7.450248,7.450248,7.450248
9360.000000,33.578175,-117.064338,452.647908,33.578331,-117.064164,515.721929,-0.004096,-0.010225,0.004128,7.451464,7.451464,7.451464
9375.000000,33.578174,-117.064341,452.140879,33.578330,-117.064164,515.580332,-0.004092,-0.010185,0.004085,7.452579,7.452579,7.452579
9390.000000,33.578175,-117.064342,452.183895,33.578329,-117.064165,515.436401,-0.004088,-0.010145,0.004043,7.453509,7.453509,7.453509
9405.000000,33.578172,-117.064345,451.789335,33.578328,-117.064166,515.290015,-0.004083,-0.010106,0.004000,7.454375,7.454375,7.454375
9420.000000,33.578173,-117.064345,451.528325,33.578327,-117.064167,515.143291,-0.004079,-0.010066,0.003958,7.455261,7.455261,7.455261
9435.000000,33.578172,-117.064346,450.584788,33.578326,-117.064167,514.991605,-0.004074,-0.010026,0.003915,7.456094,7.456094,7.456094
9450.000000,33.578170,-117.064348,450.173393,33.578325,-117.064168,514.837372,-0.004070,-0.009986,0.003873,7.456861,7.456861,7.456861
9465.000000,33.578206,-117.064386,464.610852,33.578324,-117.064169,514.810027,-0.004071,-0.009959,0.003847,7.461716,7.461716,7.461716
9480.000000,33.578206,-117.064388,463.915595,33.578323,-117.064170,514.778961,-0.004073,-0.009932,0.003821,7.466485,7.466485,7.466485
9495.000000,33.578205,-117.064389,463.560589,33.578322,-117.064170,514.746022,-0.004074,-0.009905,0.003795,7.471209,7.471209,7.471209
9510.000000,33.578205,-117.064390,463.006001,33.578321,-117.064171,514.709313,-0.004075,-0.009878,0.003769,7.475805,7.475805,7.475805
9525.000000,33.578204,-117.064389,461.893265,33.578320,-117.064172,514.668686,-0.004076,-0.009850,0.003743,7.480418,7.480418,7.480418
9540.000000,33.578203,-117.064389,461.143301,33.578320,-117.064172,514.623286,-0.004077,-0.009822,0.003716,7.484889,7.484889,7.484889
9555.000000,33.578202,-117.064389,460.486257,33.578319,-117.064173,514.574707,-0.004077,-0.009793,0.003689,7.489305,7.489305,7.489305
9570.000000,33.578201,-117.064392,460.250206,33.578318,-117.064174,514.524582,-0.004077,-0.009765,0.003662,7.493664,7.493664,7.493664
9585.000000,33.578201,-117.064390,459.157145,33.578317,-117.064174,514.470431,-0.004078,-0.009736,0.003634,7.498026,7.498026,7.498026
9600.000000,33.578340,-117.064384,497.973433,33.578317,-117.064175,514.562205,-0.004085,-0.009720,0.003629,7.501222,7.501222,7.501222
9615.000000,33.578340,-117.064383,496.874340,33.578317,-117.064176,514.648353,-0.004092,-0.009703,0.003624,7.504284,7.504284,7.504284
9630.000000,33.578339,-117.064384,495.564298,33.578316,-117.064177,514.728578,-0.004098,-0.009686,0.003618,7.507340,7.507340,7.507340
9645.000000,33.578337,-117.064386,495.778100,33.578316,-117.064177,514.808591,-0.004105,-0.009669,0.003612,7.510246,7.510246,7.510246
9660.000000,33.578342,-117.064385,496.649957,33.578316,-117.064178,514.892246,-0.004112,-0.009652,0.003606,7.513213,7.513213,7.513213
9675.000000,33.578342,-117.064385,495.327979,33.578315,-117.064179,514.970388,-0.004118,-0.009635,0.003601,7.516259,7.516259,7.516259
9690.000000,33.578342,-117.064384,494.669016,33.578315,-117.064180,515.045384,-0.004124,-0.009617,0.003594,7.519294,7.519294,7.519294
9705.000000,33.578346,-117.064384,494.322223,33.578315,-117.064180,515.118466,-0.004129,-0.009599,0.003588,7.522303,7.522303,7.522303
9720.000000,33.578342,-117.064387,493.471690,33.578315,-117.064181,515.186635,-0.004135,-0.009581,0.003582,7.525130,7.525130,7.525130
9735.000000,33.578342,-117.064386,493.099909,33.578314,-117.064182,515.253759,-0.004140,-0.009563,0.003575,7.528095,7.528095,7.528095
9750.000000,33.578345,-117.064387,492.253760,33.578314,-117.064183,515.316795,-0.004145,-0.009544,0.003568,7.531015,7.531015,7.531015
9765.000000,33.578343,-117.064389,491.555524,33.578314,-117.064183,515.376304,-0.004150,-0.009524,0.003561,7.533879,7.533879,7.533879
9780.000000,33.578344,-117.064390,491.522195,33.578314,-117.064184,515.435303,-0.004155,-0.009505,0.003554,7.536727,7.536727,7.536727
9795.000000,33.578348,-117.064389,490.999364,33.578313,-117.064185,515.492118,-0.004160,-0.009485,0.003547,7.539613,7.539613,7.539613
9810.000000,33.578349,-117.064390,490.200718,33.578313,-117.064186,515.545914,-0.004164,-0.009466,0.003539,7.542578,7.542578,7.542578
9825.000000,33.578349,-117.064394,490.124281,33.578313,-117.064187,515.598831,-0.004168,-0.009446,0.003532,7.545495,7.545495,7.545495
9840.000000,33.578349,-117.064390,489.603890,33.578313,-117.064187,515.649429,-0.004172,-0.009425,0.003525,7.548418,7.548418,7.548418
9855.000000,33.578351,-117.064391,489.097955,33.578313,-117.064188,515.698003,-0.004176,-0.009405,0.003517,7.551381,7.551381,7.551381
9870.000000,33.578349,-117.064392,488.370140,33.578312,-117.064189,515.742351,-0.004180,-0.009384,0.003509,7.554199,7.554199,7.554199
9885.000000,33.578351,-117.064391,487.760466,33.578312,-117.064189,515.783935,-0.004183,-0.009363,0.003501,7.557009,7.557009,7.557009
9900.000000,33.578351,-117.064393,487.438355,33.578312,-117.064190,515.824532,-0.004186,-0.009342,0.003493,7.559888,7.559888,7.559888
9915.000000,33.578351,-117.064395,486.757843,33.578312,-117.064191,515.861441,-0.004189,-0.009321,0.003485,7.562672,7.562672,7.562672
9930.000000,33.578353,-117.064391,486.491045,33.578312,-117.064192,515.866688,-0.004193,-0.009294,0.003475,7.561543,7.561543,7.561543
9945.000000,33.578354,-117.064390,486.410629,33.578311,-117.064193,515.872901,-0.004196,-0.009267,0.003465,7.560605,7.560605,7.560605
9960.000000,33.578353,-117.064388,485.955499,33.578311,-117.064194,515.876152,-0.004199,-0.009241,0.003454,7.559597,7.559597,7.559597
9975.000000,33.578354,-117.064390,486.208616,33.578311,-117.064195,515.881777,-0.004202,-0.009214,0.003444,7.558740,7.558740,7.558740
9990.000000,33.578353,-117.064392,485.570765,33.578311,-117.064196,515.883056,-0.004205,-0.009187,0.003434,7.557753,7.557753,7.557753
10005.000000,33.578353,-117.064387,484.822016,33.578311,-117.064196,515.880894,-0.004207,-0.009161,0.003423,7.556817,7.556817,7.556817
10020.000000,33.578357,-117.064390,484.179059,33.578311,-117.064197,515.876179,-0.004209,-0.009133,0.003413,7.555969,7.555969,7.555969
10035.000000,33.578354,-117.064389,483.773263,33.578311,-117.064198,515.867776,-0.004211,-0.009106,0.003402,7.554931,7.554931,7.554931
10050.000000,33.578353,-117.064391,483.971765,33.578310,-117.064199,515.859994,-0.004213,-0.009078,0.003391,7.553853,7.553853,7.553853
10065.000000,33.578356,-117.064388,483.165724,33.578310,-117.064200,515.847752,-0.004215,-0.009051,0.003379,7.552734,7.552734,7.552734
10080.000000,33.578356,-117.064387,483.263010,33.578310,-117.064201,515.838014,-0.004216,-0.009023,0.003369,7.551850,7.551850,7.551850
10095.000000,33.578356,-117.064383,482.951402,33.578310,-117.064202,515.825313,-0.004217,-0.008996,0.003358,7.550808,7.550808,7.550808
10110.000000,33.578359,-117.064383,482.029458,33.578310,-117.064203,515.808354,-0.004218,-0.008968,0.003347,7.549806,7.549806,7.549806
10125.000000,33.578357,-117.064380,481.766145,33.578310,-117.064203,515.790243,-0.004218,-0.008941,0.003335,7.548821,7.548821,7.548821
10140.000000,33.578359,-117.064384,481.218080,33.578310,-117.064204,515.769586,-0.004218,-0.008913,0.003324,7.547855,7.547855,7.547855
10155.000000,33.578356,-117.064385,481.038516,33.578309,-117.064205,515.747949,-0.004219,-0.008885,0.003312,7.546876,7.546876,7.546876
10170.000000,33.578356,-117.064377,480.574334,33.578309,-117.064206,515.724718,-0.004218,-0.008857,0.003301,7.545971,7.545971,7.545971
10185.000000,33.578357,-117.064382,480.035088,33.578309,-117.064207,515.698076,-0.004218,-0.008829,0.003289,7.544981,7.544981,7.544981
10200.000000,33.578358,-117.064378,480.050761,33.578309,-117.064208,515.671630,-0.004217,-0.008801,0.003277,7.543999,7.543999,7.543999
10215.000000,33.578357,-117.064377,479.991336,33.578309,-117.064208,515.644512,-0.004217,-0.008773,0.003265,7.542973,7.542973,7.542973
10230.000000,33.578358,-117.064377,480.085451,33.578309,-117.064209,515.618059,-0.004216,-0.008746,0.003254,7.541964,7.541964,7.541964
10245.000000,33.578359,-117.064382,478.275030,33.578309,-117.064210,515.582222,-0.004215,-0.008717,0.003242,7.540897,7.540897,7.540897
10260.000000,33.578360,-117.064376,478.759367,33.578309,-117.064211,515.550299,-0.004214,-0.008689,0.003230,7.539981,7.539981,7.539981
10275.000000,33.578360,-117.064381,477.431296,33.578309,-117.064212,515.509447,-0.004212,-0.008660,0.003218,7.538812,7.538812,7.538812
10290.000000,33.578364,-117.064381,476.767141,33.578308,-117.064212,515.466730,-0.004211,-0.008631,0.003205,7.537769,7.537769,7.537769
10305.000000,33.578361,-117.064382,476.131333,33.578308,-117.064213,515.420194,-0.004209,-0.008601,0.003193,7.536646,7.536646,7.536646
10320.000000,33.578360,-117.064374,476.930350,33.578308,-117.064214,515.378679,-0.004207,-0.008573,0.003180,7.535620,7.535620,7.535620
10335.000000,33.578359,-117.064372,476.582769,33.578308,-117.064215,515.336950,-0.004204,-0.008545,0.003168,7.534727,7.534727,7.534727
10350.000000,33.578362,-117.064374,476.722830,33.578308,-117.064215,515.295474,-0.004202,-0.008516,0.003156,7.533782,7.533782,7.533782
10365.000000,33.578361,-117.064366,476.839657,33.578308,-117.064216,515.254883,-0.004199,-0.008489,0.003144,7.532858,7.532858,7.532858
10380.000000,33.578362,-117.064373,474.883794,33.578308,-117.064217,515.204722,-0.004197,-0.008460,0.003131,7.531906,7.531906,7.531906
10395.000000,33.578363,-117.064377,474.138345,33.578308,-117.064218,515.149847,-0.004194,-0.008430,0.003118,7.530837,7.530837,7.530837
10410.000000,33.578364,-117.064377,473.863318,33.578308,-117.064218,515.095138,-0.004191,-0.008401,0.003105,7.529888,7.529888,7.529888
10425.000000,33.578364,-117.064372,473.815962,33.578308,-117.064219,515.038974,-0.004187,-0.008371,0.003093,7.528812,7.528812,7.528812
10440.000000,33.578363,-117.064370,473.522670,33.578308,-117.064220,514.983510,-0.004184,-0.008343,0.003080,7.527913,7.527913,7.527913
10455.000000,33.578365,-117.064372,472.889689,33.578307,-117.064220,514.922937,-0.004180,-0.008313,0.003067,7.526809,7.526809,7.526809
10470.000000,33.578363,-117.064374,472.805648,33.578307,-117.064221,514.863052,-0.004177,-0.008284,0.003054,7.525787,7.525787,7.525787
10485.000000,33.578367,-117.064374,472.153346,33.578307,-117.064222,514.798392,-0.004173,-0.008254,0.003041,7.524601,7.524601,7.524601
10500.000000,33.578365,-117.064369,471.636859,33.578307,-117.064223,514.733818,-0.004169,-0.008224,0.003027,7.523620,7.523620,7.523620
10515.000000,33.578367,-117.064368,471.517140,33.578307,-117.064223,514.667079,-0.004164,-0.008195,0.003014,7.522483,7.522483,7.522483
10530.000000,33.578367,-117.064371,470.418151,33.578307,-117.064224,514.598080,-0.004160,-0.008165,0.003001,7.521580,7.521580,7.521580
10545.000000,33.578366,-117.064371,470.388440,33.578307,-117.064225,514.525689,-0.004156,-0.008135,0.002987,7.520382,7.520382,7.520382
10560.000000,33.578366,-117.064369,470.057247,33.578307,-117.064225,514.453327,-0.004151,-0.008105,0.002974,7.519300,7.519300,7.519300
10575.000000,33.578366,-117.064367,470.082149,33.578307,-117.064226,514.378947,-0.004146,-0.008075,0.002960,7.518016,7.518016,7.518016
10590.000000,33.578366,-117.064367,469.391781,33.578307,-117.064227,514.303377,-0.004141,-0.008045,0.002947,7.516888,7.516888,7.516888
10605.000000,33.578368,-117.064368,468.346607,33.578307,-117.064227,514.222168,-0.004136,-0.008015,0.002933,7.515681,7.515681,7.515681
10620.000000,33.578367,-117.064366,468.695395,33.578307,-117.064228,514.142906,-0.004131,-0.007984,0.002919,7.514477,7.514477,7.514477
10635.000000,33.578367,-117.064364,468.498832,33.578307,-117.064229,514.062482,-0.004125,-0.007954,0.002905,7.513231,7.513231,7.513231
10650.000000,33.578367,-117.064366,467.551777,33.578307,-117.064229,513.977193,-0.004119,-0.007924,0.002891,7.511933,7.511933,7.511933
10665.000000,33.578367,-117.064363,467.264497,33.578307,-117.064230,513.889811,-0.004114,-0.007893,0.002877,7.510552,7.510552,7.510552
10680.000000,33.578366,-117.064364,466.315807,33.578307,-117.064231,513.796848,-0.004108,-0.007862,0.002863,7.509062,7.509062,7.509062
10695.000000,33.578368,-117.064364,465.418926,33.578306,-117.064231,513.699251,-0.004101,-0.007831,0.002848,7.507520,7.507520,7.507520
10710.000000,33.578367,-117.064361,466.135829,33.578306,-117.064232,513.607319,-0.004095,-0.007800,0.002833,7.506129,7.506129,7.506129
10725.000000,33.578366,-117.064365,465.949556,33.578306,-117.064233,513.514916,-0.004089,-0.007770,0.002819,7.504744,7.504744,7.504744
10740.000000,33.578369,-117.064361,464.604073,33.578306,-117.064233,513.417104,-0.004082,-0.007739,0.002804,7.503407,7.503407,7.503407
10755.000000,33.578370,-117.064366,463.928373,33.578306,-117.064234,513.315484,-0.004076,-0.007708,0.002790,7.501997,7.501997,7.501997
10770.000000,33.578368,-117.064367,463.960606,33.578306,-117.064235,513.214234,-0.004069,-0.007676,0.002775,7.500576,7.500576,7.500576
10785.000000,33.578369,-117.064363,463.891156,33.578306,-117.064235,513.114710,-0.004062,-0.007646,0.002760,7.499284,7.499284,7.499284
10800.000000,33.578367,-117.064364,463.852409,33.578306,-117.064236,513.012334,-0.004056,-0.007615,0.002746,7.497762,7.497762,7.497762
10815.000000,33.578368,-117.064364,462.918551,33.578306,-117.064236,512.907359,-0.004049,-0.007583,0.002731,7.496348,7.496348,7.496348
10830.000000,33.578367,-117.064363,462.774017,33.578306,-117.064237,512.801795,-0.004042,-0.007552,0.002716,7.494914,7.494914,7.494914
10845.000000,33.578369,-117.064366,462.029371,33.578306,-117.064238,512.693717,-0.004035,-0.007521,0.002701,7.493523,7.493523,7.493523
10860.000000,33.578369,-117.064365,461.680183,33.578306,-117.064238,512.583047,-0.004028,-0.007490,0.002686,7.492034,7.492034,7.492034
10875.000000,33.578370,-117.064361,460.900690,33.578306,-117.064239,512.468754,-0.004020,-0.007458,0.002671,7.490518,7.490518,7.490518
10890.000000,33.578371,-117.064360,460.574444,33.578306,-117.064239,512.354390,-0.004013,-0.007427,0.002656,7.489078,7.489078,7.489078
10905.000000,33.578370,-117.064358,460.403298,33.578306,-117.064240,512.239282,-0.004005,-0.007395,0.002640,7.487612,7.487612,7.487612
10920.000000,33.578371,-117.064359,460.165756,33.578306,-117.064241,512.124108,-0.003997,-0.007364,0.002625,7.486192,7.486192,7.486192
10935.000000,33.578369,-117.064362,459.258936,33.578306,-117.064241,512.004345,-0.003989,-0.007333,0.002610,7.484715,7.484715,7.484715
10950.000000,33.578372,-117.064360,458.466281,33.578306,-117.064242,511.879875,-0.003981,-0.007301,0.002594,7.483135,7.483135,7.483135
10965.000000,33.578373,-117.064361,457.601041,33.578306,-117.064242,511.749405,-0.003973,-0.007268,0.002578,7.481389,7.481389,7.481389
10980.000000,33.578374,-117.064360,456.773016,33.578306,-117.064243,511.617725,-0.003964,-0.007235,0.002563,7.479794,7.479794,7.479794
10995.000000,33.578374,-117.064361,457.046784,33.578306,-117.064244,511.485844,-0.003956,-0.007203,0.002547,7.478064,7.478064,7.478064
11010.000000,33.578374,-117.064361,456.559345,33.578306,-117.064244,511.352001,-0.003947,-0.007170,0.002531,7.476323,7.476323,7.476323
11025.000000,33.578373,-117.064361,456.625365,33.578306,-117.064245,511.217734,-0.003938,-0.007138,0.002515,7.474500,7.474500,7.474500
11040.000000,33.578375,-117.064360,455.587484,33.578306,-117.064245,511.080395,-0.003929,-0.007105,0.002499,7.472764,7.472764,7.472764
11055.000000,33.578375,-117.064358,455.280309,33.578306,-117.064246,510.940355,-0.003920,-0.007072,0.002483,7.470909,7.470909,7.470909
11070.000000,33.578375,-117.064357,455.081254,33.578306,-117.064246,510.801287,-0.003911,-0.007040,0.002467,7.469148,7.469148,7.469148
11085.000000,33.578374,-117.064362,455.346157,33.578306,-117.064247,510.661005,-0.003903,-0.007007,0.002451,7.467188,7.467188,7.467188
11100.000000,33.578373,-117.064362,454.915280,33.578306,-117.064248,510.518147,-0.003894,-0.006974,0.002435,7.465156,7.465156,7.465156
11115.000000,33.578374,-117.064362,453.600793,33.578306,-117.064248,510.370060,-0.003884,-0.006941,0.002418,7.463154,7.463154,7.463154
11130.000000,33.578375,-117.064358,453.296971,33.578306,-117.064249,510.220237,-0.003875,-0.006908,0.002402,7.461095,7.461095,7.461095
11145.000000,33.578375,-117.064355,452.720952,33.578306,-117.064249,510.068924,-0.003865,-0.006874,0.002385,7.459080,7.459080,7.459080
11160.000000,33.578375,-117.064360,452.595114,33.578306,-117.064250,509.918395,-0.003856,-0.006841,0.002369,7.457118,7.457118,7.457118
11175.000000,33.578373,-117.064359,452.341939,33.578306,-117.064250,509.765021,-0.003846,-0.006808,0.002352,7.455012,7.455012,7.455012
11190.000000,33.578375,-117.064361,452.062416,33.578306,-117.064251,509.611102,-0.003837,-0.006775,0.002336,7.452920,7.452920,7.452920
11205.000000,33.578374,-117.064358,451.387744,33.578306,-117.064252,509.453134,-0.003827,-0.006742,0.002319,7.450734,7.450734,7.450734
11220.000000,33.578376,-117.064355,451.101679,33.578306,-117.064252,509.294392,-0.003817,-0.006708,0.002302,7.448548,7.448548,7.448548
11235.000000,33.578372,-117.064361,450.871129,33.578306,-117.064253,509.136687,-0.003807,-0.006675,0.002286,7.446460,7.446460,7.446460
11250.000000,33.578373,-117.064361,450.964118,33.578306,-117.064253,508.976602,-0.003797,-0.006642,0.002269,7.444154,7.444154,7.444154
11265.000000,33.578373,-117.064361,450.037511,33.578306,-117.064254,508.813921,-0.003788,-0.006609,0.002252,7.441923,7.441923,7.441923
11280.000000,33.578373,-117.064361,449.683788,33.578306,-117.064254,508.649755,-0.003778,-0.006575,0.002235,7.439665,7.439665,7.439665
11295.000000,33.578374,-117.064362,449.453719,33.578306,-117.064255,508.484958,-0.003768,-0.006542,0.002218,7.437397,7.437397,7.437397
11310.000000,33.578374,-117.064364,449.208961,33.578306,-117.064256,508.319751,-0.003758,-0.006509,0.002201,7.435138,7.435138,7.435138
11325.000000,33.578374,-117.064360,448.519466,33.578306,-117.064256,508.151234,-0.003748,-0.006475,0.002184,7.432835,7.432835,7.432835
11340.000000,33.578376,-117.064358,447.625387,33.578306,-117.064257,507.978467,-0.003737,-0.006441,0.002167,7.430490,7.430490,7.430490
11355.000000,33.578376,-117.064358,447.253646,33.578306,-117.064257,507.802330,-0.003727,-0.006407,0.002150,7.428005,7.428005,7.428005
11370.000000,33.578375,-117.064358,447.314878,33.578306,-117.064258,507.626612,-0.003716,-0.006374,0.002132,7.425489,7.425489,7.425489
11385.000000,33.578376,-117.064359,446.814964,33.578306,-117.064258,507.448761,-0.003705,-0.006340,0.002115,7.422946,7.422946,7.422946
11400.000000,33.578375,-117.064358,446.482406,33.578306,-117.064259,507.272347,-0.003695,-0.006306,0.002098,7.420547,7.420547,7.420547
11415.000000,33.578374,-117.064359,446.005248,33.578306,-117.064259,507.095130,-0.003684,-0.006273,0.002081,7.418195,7.418195,7.418195
11430.000000,33.578376,-117.064360,445.742640,33.578306,-117.064260,506.914791,-0.003674,-0.006239,0.002063,7.415688,7.415688,7.415688
11445.000000,33.578376,-117.064358,445.107286,33.578306,-117.064260,506.732124,-0.003663,-0.006205,0.002046,7.413180,7.413180,7.413180
11460.000000,33.578377,-117.064358,444.641570,33.578306,-117.064261,506.545864,-0.003652,-0.006171,0.002028,7.410546,7.410546,7.410546
11475.000000,33.578376,-117.064358,444.236943,33.578306,-117.064261,506.355731,-0.003641,-0.006137,0.002011,7.407755,7.407755,7.407755
11490.000000,33.578375,-117.064359,443.869184,33.578306,-117.064262,506.165239,-0.003629,-0.006102,0.001993,7.405003,7.405003,7.405003
11505.000000,33.578377,-117.064358,444.233350,33.578306,-117.064263,505.974610,-0.003618,-0.006068,0.001975,7.402098,7.402098,7.402098
11520.000000,33.578377,-117.064356,442.538058,33.578306,-117.064263,505.781407,-0.003607,-0.006034,0.001957,7.399473,7.399473,7.399473
11535.000000,33.578379,-117.064352,442.225962,33.578306,-117.064264,505.582213,-0.003595,-0.005999,0.001940,7.396541,7.396541,7.396541
11550.000000,33.578376,-117.064357,442.119718,33.578306,-117.064264,505.385359,-0.003584,-0.005965,0.001922,7.393732,7.393732,7.393732
11565.000000,33.578375,-117.064360,442.887662,33.578306,-117.064265,505.189939,-0.003572,-0.005931,0.001904,7.390750,7.390750,7.390750
11580.000000,33.578374,-117.064359,442.238761,33.578306,-117.064265,504.993894,-0.003561,-0.005897,0.001886,7.387870,7.387870,7.387870
11595.000000,33.578375,-117.064359,441.865998,33.578306,-117.064266,504.795000,-0.003550,-0.005863,0.001868,7.384883,7.384883,7.384883
11610.000000,33.578379,-117.064353,440.517531,33.578306,-117.064266,504.587504,-0.003538,-0.005828,0.001850,7.381727,7.381727,7.381727
11625.000000,33.578376,-117.064352,439.776370,33.578306,-117.064267,504.379077,-0.003526,-0.005793,0.001832,7.378675,7.378675,7.378675
11640.000000,33.578376,-117.064353,440.436478,33.578306,-117.064267,504.171503,-0.003514,-0.005758,0.001813,7.375447,7.375447,7.375447
11655.000000,33.578375,-117.064356,439.927002,33.578306,-117.064268,503.964845,-0.003502,-0.005724,0.001795,7.372366,7.372366,7.372366
11670.000000,33.578372,-117.064359,440.657099,33.578306,-117.064268,503.760560,-0.003490,-0.005690,0.001777,7.369177,7.369177,7.369177
11685.000000,33.578375,-117.064357,440.085518,33.578306,-117.064269,503.553512,-0.003479,-0.005656,0.001759,7.365941,7.365941,7.365941
11700.000000,33.578375,-117.064354,438.793574,33.578306,-117.064269,503.341975,-0.003467,-0.005621,0.001741,7.362757,7.362757,7.362757
11715.000000,33.578378,-117.064349,437.546904,33.578307,-117.064270,503.121589,-0.003454,-0.005586,0.001722,7.359365,7.359365,7.359365
11730.000000,33.578374,-117.064352,438.099500,33.578307,-117.064270,502.905727,-0.003442,-0.005552,0.001704,7.356032,7.356032,7.356032
11745.000000,33.578374,-117.064357,438.552470,33.578307,-117.064271,502.690531,-0.003430,-0.005517,0.001685,7.352566,7.352566,7.352566
11760.000000,33.578372,-117.064359,438.918356,33.578307,-117.064271,502.476954,-0.003418,-0.005483,0.001667,7.349045,7.349045,7.349045
11775.000000,33.578372,-117.064356,437.841390,33.578307,-117.064272,502.259700,-0.003406,-0.005449,0.001649,7.345565,7.345565,7.345565
11790.000000,33.578374,-117.064355,437.776394,33.578307,-117.064272,502.040773,-0.003394,-0.005414,0.001630,7.341960,7.341960,7.341960
11805.000000,33.578374,-117.064353,436.620618,33.578307,-117.064273,501.819098,-0.003381,-0.005380,0.001612,7.338468,7.338468,7.338468
11820.000000,33.578375,-117.064354,436.210845,33.578307,-117.064273,501.593980,-0.003369,-0.005345,0.001593,7.334847,7.334847,7.334847
11835.000000,33.578374,-117.064353,435.767000,33.578307,-117.064274,501.367139,-0.003356,-0.005311,0.001574,7.331203,7.331203,7.331203
11850.000000,33.578371,-117.064357,436.661132,33.578307,-117.064274,501.146440,-0.003344,-0.005277,0.001556,7.327612,7.327612,7.327612
11865.000000,33.578371,-117.064360,437.161625,33.578307,-117.064275,500.924508,-0.003332,-0.005242,0.001537,7.323766,7.323766,7.323766
11880.000000,33.578373,-117.064354,435.666994,33.578307,-117.064275,500.698763,-0.003320,-0.005208,0.001519,7.320067,7.320067,7.320067
11895.000000,33.578374,-117.064357,435.551555,33.578307,-117.064276,500.470688,-0.003308,-0.005174,0.001500,7.316220,7.316220,7.316220
11910.000000,33.578375,-117.064353,434.442596,33.578307,-117.064276,500.237721,-0.003295,-0.005139,0.001482,7.312353,7.312353,7.312353
11925.000000,33.578375,-117.064353,433.850484,33.578307,-117.064276,500.003883,-0.003282,-0.005104,0.001463,7.308549,7.308549,7.308549
11940.000000,33.578376,-117.064355,433.480787,33.578307,-117.064277,499.831756,-0.003272,-0.005076,0.001448,7.308193,7.308193,7.308193
11955.000000,33.578377,-117.064352,432.970319,33.578307,-117.064277,499.656449,-0.003261,-0.005048,0.001433,7.307740,7.307740,7.307740
11970.000000,33.578377,-117.064351,431.926041,33.578307,-117.064278,499.478801,-0.003251,-0.005020,0.001417,7.307350,7.307350,7.307350
11985.000000,33.578374,-117.064353,431.820308,33.578307,-117.064278,499.300637,-0.003240,-0.004992,0.001402,7.306922,7.306922,7.306922
12000.000000,33.578376,-117.064350,430.935049,33.578307,-117.064278,499.117923,-0.003229,-0.004963,0.001387,7.306403,7.306403,7.306403
12015.000000,33.578378,-117.064350,429.791078,33.578307,-117.064279,498.931847,-0.003218,-0.004935,0.001371,7.305911,7.305911,7.305911
12030.000000,33.578376,-117.064349,429.197258,33.578307,-117.064279,498.744162,-0.003207,-0.004906,0.001355,7.305422,7.305422,7.305422
12045.000000,33.578378,-117.064346,428.883881,33.578307,-117.064280,498.551672,-0.003196,-0.004877,0.001339,7.304713,7.304713,7.304713
12060.000000,33.578378,-117.064346,427.866969,33.578307,-117.064280,498.357872,-0.003184,-0.004848,0.001323,7.304110,7.304110,7.304110
12075.000000,33.578383,-117.064341,427.306419,33.578307,-117.064280,498.156048,-0.003172,-0.004818,0.001307,7.303173,7.303173,7.303173
12090.000000,33.578381,-117.064342,426.882168,33.578307,-117.064281,497.954031,-0.003160,-0.004788,0.001291,7.302278,7.302278,7.302278
12105.000000,33.578381,-117.064342,426.269239,33.578307,-117.064281,497.750933,-0.003148,-0.004759,0.001275,7.301417,7.301417,7.301417
12120.000000,33.578382,-117.064342,425.861699,33.578307,-117.064281,497.542344,-0.003136,-0.004729,0.001258,7.300324,7.300324,7.300324
12135.000000,33.578380,-117.064339,425.053939,33.578307,-117.064282,497.333942,-0.003124,-0.004699,0.001242,7.299368,7.299368,7.299368
12150.000000,33.578385,-117.064338,424.449660,33.578307,-117.064282,497.117840,-0.003111,-0.004668,0.001225,7.298111,7.298111,7.298111
12165.000000,33.578384,-117.064335,424.161462,33.578307,-117.064282,496.899405,-0.003098,-0.004637,0.001208,7.296759,7.296759,7.296759
12180.000000,33.578382,-117.064336,423.296463,33.578307,-117.064283,496.679169,-0.003086,-0.004607,0.001191,7.295454,7.295454,7.295454
12195.000000,33.578383,-117.064332,423.132208,33.578307,-117.064283,496.454516,-0.003072,-0.004576,0.001174,7.293926,7.293926,7.293926
12210.000000,33.578383,-117.064331,422.191086,33.578307,-117.064283,496.228134,-0.003059,-0.004545,0.001157,7.292465,7.292465,7.292465
12225.000000,33.578382,-117.064330,421.862749,33.578307,-117.064283,496.001563,-0.003046,-0.004514,0.001139,7.291022,7.291022,7.291022
12240.000000,33.578383,-117.064329,421.910411,33.578307,-117.064284,495.772439,-0.003032,-0.004483,0.001122,7.289405,7.289405,7.289405
12255.000000,33.578384,-117.064325,421.190720,33.578307,-117.064284,495.539305,-0.003018,-0.004452,0.001105,7.287698,7.287698,7.287698
12270.000000,33.578381,-117.064326,420.362029,33.578307,-117.064284,495.307588,-0.003005,-0.004421,0.001087,7.286187,7.286187,7.286187
12285.000000,33.578383,-117.064325,420.518172,33.578307,-117.064285,495.071405,-0.002991,-0.004389,0.001070,7.284388,7.284388,7.284388
12300.000000,33.578382,-117.064324,420.009037,33.578307,-117.064285,494.833411,-0.002977,-0.004358,0.001052,7.282564,7.282564,7.282564
12315.000000,33.578379,-117.064326,419.674576,33.578307,-117.064285,494.597099,-0.002963,-0.004327,0.001035,7.280849,7.280849,7.280849
12330.000000,33.578382,-117.064322,419.340944,33.578307,-117.064285,494.354878,-0.002949,-0.004296,0.001017,7.278874,7.278874,7.278874
12345.000000,33.578382,-117.064322,419.051257,33.578307,-117.064286,494.110506,-0.002935,-0.004264,0.000999,7.276813,7.276813,7.276813
12360.000000,33.578379,-117.064323,418.198946,33.578307,-117.064286,493.868840,-0.002921,-0.004233,0.000981,7.275013,7.275013,7.275013
12375.000000,33.578383,-117.064321,418.035103,33.578308,-117.064286,493.620689,-0.002907,-0.004201,0.000963,7.272893,7.272893,7.272893
12390.000000,33.578384,-117.064317,417.760226,33.578308,-117.064286,493.371094,-0.002892,-0.004170,0.000946,7.270718,7.270718,7.270718
12405.000000,33.578380,-117.064318,416.440459,33.578308,-117.064287,493.122234,-0.002878,-0.004138,0.000928,7.268800,7.268800,7.268800
12420.000000,33.578384,-117.064315,416.792483,33.578308,-117.064287,492.866997,-0.002863,-0.004106,0.000909,7.266467,7.266467,7.266467
12435.000000,33.578384,-117.064315,416.243055,33.578308,-117.064287,492.607860,-0.002848,-0.004074,0.000891,7.264016,7.264016,7.264016
12450.000000,33.578379,-117.064317,414.981187,33.578308,-117.064287,492.350046,-0.002834,-0.004043,0.000873,7.261838,7.261838,7.261838
12465.000000,33.578381,-117.064317,415.436116,33.578308,-117.064288,492.088914,-0.002819,-0.004010,0.000854,7.259370,7.259370,7.259370
12480.000000,33.578385,-117.064311,414.721267,33.578308,-117.064288,491.819709,-0.002803,-0.003978,0.000836,7.256622,7.256622,7.256622
12495.000000,33.578380,-117.064314,413.966774,33.578308,-117.064288,491.554448,-0.002788,-0.003946,0.000817,7.254167,7.254167,7.254167
12510.000000,33.578381,-117.064312,414.320075,33.578308,-117.064288,491.287123,-0.002773,-0.003913,0.000798,7.251500,7.251500,7.251500
12525.000000,33.578385,-117.064309,413.730180,33.578308,-117.064288,491.012712,-0.002757,-0.003880,0.000780,7.248575,7.248575,7.248575
12540.000000,33.578377,-117.064316,413.264916,33.578308,-117.064289,490.744346,-0.002743,-0.003848,0.000761,7.245982,7.245982,7.245982
12555.000000,33.578381,-117.064311,412.888264,33.578308,-117.064289,490.470359,-0.002727,-0.003816,0.000742,7.243158,7.243158,7.243158
12570.000000,33.578382,-117.064309,412.856050,33.578308,-117.064289,490.192548,-0.002712,-0.003783,0.000723,7.240116,7.240116,7.240116
12585.000000,33.578376,-117.064314,412.339774,33.578308,-117.064289,489.919926,-0.002696,-0.003751,0.000704,7.237375,7.237375,7.237375
12600.000000,33.578381,-117.064309,411.263180,33.578308,-117.064290,489.638017,-0.002681,-0.003718,0.000685,7.234375,7.234375,7.234375
12615.000000,33.578381,-117.064307,412.346676,33.578308,-117.064290,489.353178,-0.002665,-0.003685,0.000666,7.230968,7.230968,7.230968
12630.000000,33.578377,-117.064310,411.463747,33.578308,-117.064290,489.069978,-0.002649,-0.003653,0.000647,7.227773,7.227773,7.227773
12645.000000,33.578376,-117.064308,410.336298,33.578308,-117.064290,488.786677,-0.002634,-0.003620,0.000628,7.224756,7.224756,7.224756
12660.000000,33.578381,-117.064307,411.157164,33.578309,-117.064290,488.496002,-0.002618,-0.003587,0.000608,7.221180,7.221180,7.221180
12675.000000,33.578380,-117.064306,410.096540,33.578309,-117.064290,488.204703,-0.002602,-0.003554,0.000589,7.217748,7.217748,7.217748
12690.000000,33.578374,-117.064307,408.951070,33.578309,-117.064291,487.916974,-0.002586,-0.003521,0.000570,7.214664,7.214664,7.214664
12705.000000,33.578379,-117.064306,410.086958,33.578309,-117.064291,487.620547,-0.002570,-0.003488,0.000550,7.210897,7.210897,7.210897
12720.000000,33.578378,-117.064305,409.855796,33.578309,-117.064291,487.323160,-0.002553,-0.003455,0.000530,7.207085,7.207085,7.207085
12735.000000,33.578375,-117.064306,408.131464,33.578309,-117.064291,487.028754,-0.002538,-0.003422,0.000511,7.203717,7.203717,7.203717
12750.000000,33.578377,-117.064305,409.467449,33.578309,-117.064291,486.730222,-0.002521,-0.003389,0.000491,7.199832,7.199832,7.199832
12765.000000,33.578377,-117.064303,409.005859,33.578309,-117.064292,486.430772,-0.002505,-0.003356,0.000472,7.195952,7.195952,7.195952
12780.000000,33.578376,-117.064302,407.674501,33.578309,-117.064292,486.130423,-0.002489,-0.003323,0.000452,7.192258,7.192258,7.192258
12795.000000,33.578375,-117.064304,407.973631,33.578309,-117.064292,485.828482,-0.002473,-0.003290,0.000432,7.188379,7.188379,7.188379
12810.000000,33.578376,-117.064303,407.928956,33.578309,-117.064292,485.524752,-0.002456,-0.003257,0.000413,7.184374,7.184374,7.184374
12825.000000,33.578375,-117.064301,407.141660,33.578309,-117.064292,485.220001,-0.002440,-0.003224,0.000393,7.180438,7.180438,7.180438
12840.000000,33.578370,-117.064304,407.198807,33.578309,-117.064292,484.919905,-0.002424,-0.003191,0.000373,7.176653,7.176653,7.176653
12855.000000,33.578374,-117.064299,407.188646,33.578309,-117.064293,484.612898,-0.002408,-0.003159,0.000353,7.172499,7.172499,7.172499
12870.000000,33.578374,-117.064300,407.165184,33.578309,-117.064293,484.304814,-0.002391,-0.003126,0.000334,7.168248,7.168248,7.168248
12885.000000,33.578371,-117.064303,407.025034,33.578309,-117.064293,483.996348,-0.002375,-0.003093,0.000314,7.163956,7.163956,7.163956
12900.000000,33.578372,-117.064302,406.289755,33.578309,-117.064293,483.686115,-0.002359,-0.003060,0.000294,7.159688,7.159688,7.159688
12915.000000,33.578371,-117.064301,406.790123,33.578309,-117.064293,483.374136,-0.002342,-0.003027,0.000274,7.155176,7.155176,7.155176
12930.000000,33.578370,-117.064302,406.572342,33.578309,-117.064293,483.063722,-0.002326,-0.002994,0.000254,7.150731,7.150731,7.150731
12945.000000,33.578370,-117.064301,405.861999,33.578309,-117.064293,482.750934,-0.002310,-0.002962,0.000234,7.146276,7.146276,7.146276
12960.000000,33.578371,-117.064298,405.728447,33.578309,-117.064294,482.434680,-0.002293,-0.002929,0.000214,7.141635,7.141635,7.141635
12975.000000,33.578370,-117.064298,405.676599,33.578309,-117.064294,482.116402,-0.002277,-0.002896,0.000194,7.136855,7.136855,7.136855
12990.000000,33.578365,-117.064300,405.625950,33.578309,-117.064294,481.801177,-0.002261,-0.002863,0.000174,7.132174,7.132174,7.132174
13005.000000,33.578367,-117.064297,405.234427,33.578310,-117.064294,481.484088,-0.002244,-0.002831,0.000154,7.127437,7.127437,7.127437
13020.000000,33.578369,-117.064298,405.809714,33.578310,-117.064294,481.164401,-0.002228,-0.002798,0.000134,7.122393,7.122393,7.122393
13035.000000,33.578369,-117.064295,404.800304,33.578310,-117.064294,480.841943,-0.002211,-0.002765,0.000114,7.117390,7.117390,7.117390
13050.000000,33.578365,-117.064297,404.613927,33.578310,-117.064294,480.521658,-0.002194,-0.002733,0.000094,7.112473,7.112473,7.112473
13065.000000,33.578365,-117.064299,404.111046,33.578310,-117.064294,480.199060,-0.002178,-0.002700,0.000074,7.107505,7.107505,7.107505
13080.000000,33.578365,-117.064300,403.910724,33.578310,-117.064295,479.875640,-0.002162,-0.002668,0.000054,7.102486,7.102486,7.102486
13095.000000,33.578365,-117.064297,403.398488,33.578310,-117.064295,479.551600,-0.002145,-0.002635,0.000033,7.097495,7.097495,7.097495
13110.000000,33.578364,-117.064299,404.164716,33.578310,-117.064295,479.226793,-0.002129,-0.002603,0.000013,7.092238,7.092238,7.092238
13125.000000,33.578361,-117.064299,403.492459,33.578310,-117.064295,478.902806,-0.002113,-0.002571,-0.000007,7.087115,7.087115,7.087115
13140.000000,33.578363,-117.064297,403.881205,33.578310,-117.064295,478.577377,-0.002096,-0.002539,-0.000027,7.081776,7.081776,7.081776
13155.000000,33.578362,-117.064299,403.768430,33.578310,-117.064295,478.249619,-0.002080,-0.002506,-0.000047,7.076294,7.076294,7.076294
13170.000000,33.578360,-117.064297,403.514973,33.578310,-117.064295,477.922641,-0.002064,-0.002474,-0.000067,7.070849,7.070849,7.070849
13185.000000,33.578358,-117.064299,403.445800,33.578310,-117.064296,477.595578,-0.002048,-0.002442,-0.000088,7.065356,7.065356,7.065356
13200.000000,33.578357,-117.064299,402.969782,33.578310,-117.064296,477.268450,-0.002032,-0.002410,-0.000108,7.059912,7.059912,7.059912
13215.000000,33.578358,-117.064298,403.174317,33.578310,-117.064296,476.938119,-0.002015,-0.002378,-0.000128,7.054207,7.054207,7.054207
13230.000000,33.578360,-117.064297,403.644195,33.578310,-117.064296,476.605923,-0.001999,-0.002346,-0.000148,7.048238,7.048238,7.048238
13245.000000,33.578354,-117.064299,402.960786,33.578310,-117.064296,476.279707,-0.001983,-0.002315,-0.000168,7.042659,7.042659,7.042659
13260.000000,33.578352,-117.064298,402.135921,33.578310,-117.064296,475.952183,-0.001967,-0.002283,-0.000189,7.037152,7.037152,7.037152
13275.000000,33.578359,-117.064295,403.316247,33.578310,-117.064296,475.618303,-0.001951,-0.002251,-0.000209,7.030994,7.030994,7.030994
13290.000000,33.578357,-117.064295,403.482957,33.578310,-117.064296,475.285638,-0.001935,-0.002220,-0.000229,7.024791,7.024791,7.024791
13305.000000,33.578352,-117.064297,402.418195,33.578310,-117.064297,474.956811,-0.001919,-0.002189,-0.000249,7.018972,7.018972,7.018972
13320.000000,33.578353,-117.064295,402.320401,33.578310,-117.064297,474.624497,-0.001903,-0.002157,-0.000269,7.012947,7.012947,7.012947
13335.000000,33.578354,-117.064295,403.147752,33.578310,-117.064297,474.292417,-0.001886,-0.002126,-0.000289,7.006664,7.006664,7.006664
13350.000000,33.578356,-117.064293,402.306021,33.578310,-117.064297,473.956070,-0.001870,-0.002095,-0.000309,7.000319,7.000319,7.000319
13365.000000,33.578351,-117.064297,402.647750,33.578310,-117.064297,473.623350,-0.001854,-0.002063,-0.000329,6.994002,6.994002,6.994002
13380.000000,33.578352,-117.064294,401.913718,33.578310,-117.064297,473.288499,-0.001838,-0.002032,-0.000349,6.987700,6.987700,6.987700
13395.000000,33.578347,-117.064298,402.683502,33.578310,-117.064297,472.958287,-0.001823,-0.002002,-0.000369,6.981368,6.981368,6.981368
13410.000000,33.578353,-117.064291,402.617229,33.578310,-117.064297,472.622831,-0.001806,-0.001971,-0.000389,6.974728,6.974728,6.974728
13425.000000,33.578346,-117.064295,402.378641,33.578309,-117.064297,472.291561,-0.001791,-0.001940,-0.000409,6.968291,6.968291,6.968291
13440.000000,33.578347,-117.064294,401.013181,33.578309,-117.064297,471.958168,-0.001775,-0.001910,-0.000429,6.962030,6.962030,6.962030
13455.000000,33.578348,-117.064295,402.069545,33.578309,-117.064298,471.624822,-0.001759,-0.001880,-0.000449,6.955439,6.955439,6.955439
13470.000000,33.578348,-117.064294,402.198408,33.578309,-117.064298,471.291343,-0.001744,-0.001849,-0.000468,6.948741,6.948741,6.948741
13485.000000,33.578346,-117.064295,401.848576,33.578309,-117.064298,470.956555,-0.001728,-0.001819,-0.000488,6.942002,6.942002,6.942002
13500.000000,33.578342,-117.064298,402.125311,33.578309,-117.064298,470.625852,-0.001713,-0.001789,-0.000508,6.935330,6.935330,6.935330
13515.000000,33.578346,-117.064295,401.346529,33.578309,-117.064298,470.289369,-0.001697,-0.001759,-0.000528,6.928505,6.928505,6.928505
13530.000000,33.578341,-117.064299,403.005809,33.578309,-117.064298,469.958398,-0.001682,-0.001729,-0.000548,6.921448,6.921448,6.921448
13545.000000,33.578345,-117.064293,401.511108,33.578309,-117.064298,469.621957,-0.001666,-0.001699,-0.000567,6.914446,6.914446,6.914446
13560.000000,33.578342,-117.064298,403.114704,33.578309,-117.064298,469.291708,-0.001651,-0.001669,-0.000587,6.907257,6.907257,6.907257
13575.000000,33.578339,-117.064295,400.765799,33.578309,-117.064298,468.957897,-0.001636,-0.001640,-0.000607,6.900453,6.900453,6.900453
13590.000000,33.578337,-117.064302,401.834326,33.578309,-117.064298,468.626173,-0.001621,-0.001611,-0.000626,6.893400,6.893400,6.893400
13605.000000,33.578345,-117.064293,402.012383,33.578309,-117.064299,468.288334,-0.001605,-0.001581,-0.000646,6.885913,6.885913,6.885913
13620.000000,33.578335,-117.064301,402.387977,33.578309,-117.064299,467.960988,-0.001591,-0.001552,-0.000665,6.878797,6.878797,6.878797
13635.000000,33.578339,-117.064295,401.798603,33.578309,-117.064299,467.626656,-0.001576,-0.001523,-0.000685,6.871411,6.871411,6.871411
13650.000000,33.578332,-117.064300,401.795968,33.578309,-117.064299,467.299049,-0.001561,-0.001494,-0.000704,6.864307,6.864307,6.864307
13665.000000,33.578337,-117.064294,401.980936,33.578309,-117.064299,466.966802,-0.001546,-0.001465,-0.000724,6.856838,6.856838,6.856838
13680.000000,33.578334,-117.064297,402.213569,33.578308,-117.064299,466.637663,-0.001532,-0.001437,-0.000743,6.849396,6.849396,6.849396
13695.000000,33.578333,-117.064298,401.837335,33.578308,-117.064299,466.309024,-0.001517,-0.001409,-0.000762,6.842017,6.842017,6.842017
13710.000000,33.578328,-117.064299,400.826908,33.578308,-117.064299,465.980256,-0.001503,-0.001381,-0.000782,6.834845,6.834845,6.834845
13725.000000,33.578328,-117.064299,401.889486,33.578308,-117.064299,465.653188,-0.001488,-0.001353,-0.000801,6.827392,6.827392,6.827392
13740.000000,33.578721,-117.064156,489.034587,33.578320,-117.064295,466.355475,-0.001443,-0.001355,-0.000641,6.737280,6.737280,6.737280
13755.000000,33.578720,-117.064157,489.352463,33.578331,-117.064292,467.028510,-0.001401,-0.001358,-0.000490,6.651181,6.651181,6.651181
13770.000000,33.578721,-117.064152,488.799723,33.578342,-117.064288,467.644620,-0.001359,-0.001360,-0.000350,6.569740,6.569740,6.569740
13785.000000,33.578718,-117.064157,489.750517,33.578352,-117.064284,468.256548,-0.001322,-0.001364,-0.000216,6.491442,6.491442,6.491442
13800.000000,33.578721,-117.064155,489.607437,33.578361,-117.064281,468.827544,-0.001287,-0.001367,-0.000090,6.417403,6.417403,6.417403
13815.000000,33.578721,-117.064155,490.050032,33.578370,-117.064278,469.381569,-0.001254,-0.001371,0.000030,6.346424,6.346424,6.346424
13830.000000,33.578720,-117.064154,490.353186,33.578378,-117.064275,469.916447,-0.001222,-0.001375,0.000144,6.278318,6.278318,6.278318
13845.000000,33.578718,-117.064157,491.212008,33.578386,-117.064272,470.453389,-0.001194,-0.001381,0.000254,6.211926,6.211926,6.211926
13860.000000,33.578720,-117.064153,490.776453,33.578394,-117.064270,470.945123,-0.001166,-0.001385,0.000356,6.149717,6.149717,6.149717
13875.000000,33.578720,-117.064154,491.581126,33.578401,-117.064267,471.441879,-0.001140,-0.001391,0.000456,6.088559,6.088559,6.088559
13890.000000,33.578721,-117.064154,491.218846,33.578408,-117.064265,471.904710,-0.001115,-0.001396,0.000551,6.030339,6.030339,6.030339
13905.000000,33.578718,-117.064156,492.123254,33.578415,-117.064262,472.371601,-0.001092,-0.001402,0.000642,5.973630,5.973630,5.973630
13920.000000,33.578719,-117.064154,491.775098,33.578421,-117.064260,472.806999,-0.001069,-0.001407,0.000728,5.919689,5.919689,5.919689
13935.000000,33.578718,-117.064155,492.248756,33.578427,-117.064258,473.235876,-0.001048,-0.001413,0.000811,5.867452,5.867452,5.867452
13950.000000,33.578719,-117.064153,492.308950,33.578433,-117.064256,473.646261,-0.001028,-0.001418,0.000889,5.817456,5.817456,5.817456
13965.000000,33.578719,-117.064154,492.379618,33.578439,-117.064254,474.037382,-0.001009,-0.001423,0.000964,5.769927,5.769927,5.769927
13980.000000,33.578718,-117.064154,492.484456,33.578444,-117.064252,474.415850,-0.000991,-0.001429,0.001035,5.723991,5.723991,5.723991
13995.000000,33.578719,-117.064152,492.494751,33.578449,-117.064250,474.777437,-0.000974,-0.001434,0.001103,5.680084,5.680084,5.680084
14010.000000,33.578718,-117.064154,493.142086,33.578454,-117.064249,475.140784,-0.000958,-0.001439,0.001169,5.637129,5.637129,5.637129
14025.000000,33.578718,-117.064153,493.439789,33.578459,-117.064247,475.495389,-0.000942,-0.001445,0.001233,5.595747,5.595747,5.595747
14040.000000,33.578717,-117.064153,493.548206,33.578463,-117.064245,475.839989,-0.000928,-0.001451,0.001294,5.555621,5.555621,5.555621
14055.000000,33.578717,-117.064153,493.799405,33.578467,-117.064244,476.179032,-0.000914,-0.001457,0.001354,5.516465,5.516465,5.516465
14070.000000,33.578716,-117.064155,494.286220,33.578472,-117.064242,476.514862,-0.000901,-0.001463,0.001411,5.478533,5.478533,5.478533
14085.000000,33.578717,-117.064152,494.101191,33.578476,-117.064241,476.835368,-0.000888,-0.001469,0.001466,5.441963,5.441963,5.441963
14100.000000,33.578716,-117.064151,494.625090,33.578480,-117.064239,477.154280,-0.000875,-0.001475,0.001519,5.406458,5.406458,5.406458
14115.000000,33.578718,-117.064149,494.216450,33.578483,-117.064238,477.453307,-0.000863,-0.001481,0.001570,5.372558,5.372558,5.372558
14130.000000,33.578718,-117.064150,494.495875,33.578487,-117.064237,477.746041,-0.000851,-0.001486,0.001619,5.339881,5.339881,5.339881
14145.000000,33.578717,-117.064149,494.495541,33.578490,-117.064235,478.028970,-0.000840,-0.001492,0.001665,5.308320,5.308320,5.308320
14160.000000,33.578716,-117.064149,494.783715,33.578494,-117.064234,478.309216,-0.000829,-0.001497,0.001711,5.277439,5.277439,5.277439
14175.000000,33.578717,-117.064149,494.655241,33.578497,-117.064233,478.576542,-0.000819,-0.001503,0.001754,5.247921,5.247921,5.247921
14190.000000,33.578716,-117.064150,495.451348,33.578500,-117.064232,478.848984,-0.000809,-0.001508,0.001797,5.218992,5.218992,5.218992
14205.000000,33.578715,-117.064149,495.757378,33.578503,-117.064231,479.119169,-0.000800,-0.001515,0.001839,5.190696,5.190696,5.190696
14220.000000,33.578715,-117.064149,495.873441,33.578506,-117.064230,479.382680,-0.000791,-0.001521,0.001879,5.163310,5.163310,5.163310
14235.000000,33.578714,-117.064150,495.938259,33.578509,-117.064229,479.639499,-0.000783,-0.001526,0.001917,5.136744,5.136744,5.136744
14250.000000,33.578715,-117.064148,496.053697,33.578512,-117.064227,479.890047,-0.000775,-0.001532,0.001955,5.111054,5.111054,5.111054
14265.000000,33.578715,-117.064148,496.617087,33.578514,-117.064226,480.141010,-0.000767,-0.001538,0.001992,5.086098,5.086098,5.086098
14280.000000,33.578714,-117.064145,495.888765,33.578517,-117.064225,480.374089,-0.000759,-0.001543,0.002026,5.062185,5.062185,5.062185
14295.000000,33.578714,-117.064145,495.974437,33.578520,-117.064224,480.602358,-0.000751,-0.001549,0.002059,5.038912,5.038912,5.038912
14310.000000,33.578714,-117.064142,495.832951,33.578522,-117.064223,480.822577,-0.000743,-0.001554,0.002092,5.016378,5.016378,5.016378
14325.000000,33.578713,-117.064146,496.229267,33.578524,-117.064223,481.042355,-0.000736,-0.001559,0.002123,4.994400,4.994400,4.994400
14340.000000,33.578712,-117.064144,496.319141,33.578527,-117.064222,481.257705,-0.000729,-0.001564,0.002153,4.973035,4.973035,4.973035
14355.000000,33.578712,-117.064145,496.888002,33.578529,-117.064221,481.476187,-0.000723,-0.001569,0.002183,4.951950,4.951950,4.951950
14370.000000,33.578710,-117.064145,497.290387,33.578531,-117.064220,481.694011,-0.000717,-0.001575,0.002213,4.931426,4.931426,4.931426
14385.000000,33.578710,-117.064145,497.511144,33.578533,-117.064219,481.908674,-0.000711,-0.001581,0.002241,4.911526,4.911526,4.911526
14400.000000,33.578710,-117.064145,497.594404,33.578535,-117.064218,482.120114,-0.000705,-0.001587,0.002269,4.892019,4.892019,4.892019
14415.000000,33.578710,-117.064145,497.525302,33.578537,-117.064217,482.324953,-0.000700,-0.001592,0.002295,4.873189,4.873189,4.873189
14430.000000,33.578710,-117.064145,498.138451,33.578539,-117.064217,482.532111,-0.000694,-0.001598,0.002322,4.854782,4.854782,4.854782
14445.000000,33.578710,-117.064143,498.178276,33.578541,-117.064216,482.734900,-0.000689,-0.001603,0.002347,4.836884,4.836884,4.836884
14460.000000,33.578708,-117.064144,498.789064,33.578543,-117.064215,482.940346,-0.000685,-0.001609,0.002373,4.819320,4.819320,4.819320
14475.000000,33.578707,-117.064143,498.038858,33.578545,-117.064214,483.132357,-0.000680,-0.001615,0.002396,4.802438,4.802438,4.802438
14490.000000,33.578707,-117.064144,498.238930,33.578546,-117.064214,483.322569,-0.000675,-0.001620,0.002419,4.785946,4.785946,4.785946
14505.000000,33.578706,-117.064144,498.075404,33.578548,-117.064213,483.506510,-0.000671,-0.001625,0.002442,4.769996,4.769996,4.769996
14520.000000,33.578704,-117.064143,497.573478,33.578550,-117.064212,483.680962,-0.000666,-0.001629,0.002463,4.754619,4.754619,4.754619
14535.000000,33.578703,-117.064144,498.547911,33.578551,-117.064212,483.862312,-0.000662,-0.001635,0.002484,4.739421,4.739421,4.739421
14550.000000,33.578702,-117.064143,498.106320,33.578553,-117.064211,484.035559,-0.000658,-0.001639,0.002504,4.724680,4.724680,4.724680
14565.000000,33.578702,-117.064141,498.122477,33.578554,-117.064210,484.204898,-0.000654,-0.001644,0.002523,4.710427,4.710427,4.710427
14580.000000,33.578702,-117.064143,498.408528,33.578556,-117.064210,484.374893,-0.000650,-0.001649,0.002543,4.696308,4.696308,4.696308
14595.000000,33.578702,-117.064140,497.869752,33.578557,-117.064209,484.534993,-0.000646,-0.001653,0.002561,4.682879,4.682879,4.682879
14610.000000,33.578700,-117.064141,498.536791,33.578559,-117.064208,484.698884,-0.000642,-0.001658,0.002579,4.669615,4.669615,4.669615
14625.000000,33.578698,-117.064142,498.644562,33.578560,-117.064208,484.860806,-0.000638,-0.001663,0.002596,4.656663,4.656663,4.656663
14640.000000,33.578695,-117.064140,498.461901,33.578561,-117.064207,485.018230,-0.000635,-0.001667,0.002613,4.644041,4.644041,4.644041
14655.000000,33.578694,-117.064143,498.693417,33.578562,-117.064207,485.175910,-0.000632,-0.001672,0.002630,4.631538,4.631538,4.631538
14670.000000,33.578694,-117.064140,498.464326,33.578564,-117.064206,485.328208,-0.000628,-0.001676,0.002646,4.619470,4.619470,4.619470
14685.000000,33.578694,-117.064141,499.292721,33.578565,-117.064205,485.483993,-0.000625,-0.001681,0.002661,4.607794,4.607794,4.607794
14700.000000,33.578693,-117.064142,498.921698,33.578566,-117.064205,485.633858,-0.000622,-0.001686,0.002676,4.596464,4.596464,4.596464
14715.000000,33.578691,-117.064139,497.383694,33.578567,-117.064204,485.767905,-0.000619,-0.001689,0.002690,4.585682,4.585682,4.585682
14730.000000,33.578689,-117.064139,498.268092,33.578568,-117.064204,485.906971,-0.000616,-0.001693,0.002704,4.575079,4.575079,4.575079
14745.000000,33.578688,-117.064138,498.103876,33.578569,-117.064203,486.042120,-0.000613,-0.001697,0.002717,4.564825,4.564825,4.564825
14760.000000,33.578686,-117.064137,497.788455,33.578570,-117.064203,486.172684,-0.000610,-0.001701,0.002729,4.554857,4.554857,4.554857
14775.000000,33.578684,-117.064141,498.963305,33.578571,-117.064202,486.311808,-0.000607,-0.001705,0.002742,4.544762,4.544762,4.544762
14790.000000,33.578682,-117.064139,497.278693,33.578572,-117.064202,486.434798,-0.000604,-0.001708,0.002754,4.535271,4.535271,4.535271
14805.000000,33.578647,-117.064225,477.349376,33.578573,-117.064202,486.407508,-0.000601,-0.001699,0.002755,4.523915,4.523915,4.523915
14820.000000,33.578643,-117.064227,477.181013,33.578574,-117.064202,486.379417,-0.000599,-0.001690,0.002756,4.512685,4.512685,4.512685
14835.000000,33.578641,-117.064225,476.275101,33.578575,-117.064202,486.345861,-0.000596,-0.001681,0.002756,4.501831,4.501831,4.501831
14850.000000,33.578639,-117.064228,476.828078,33.578575,-117.064202,486.317397,-0.000593,-0.001672,0.002757,4.491153,4.491153,4.491153
14865.000000,33.578638,-117.064228,475.802375,33.578576,-117.064203,486.283704,-0.000591,-0.001663,0.002757,4.481037,4.481037,4.481037
14880.000000,33.578634,-117.064227,475.652696,33.578576,-117.064203,486.249685,-0.000588,-0.001654,0.002757,4.471076,4.471076,4.471076
14895.000000,33.578632,-117.064228,475.213861,33.578577,-117.064203,486.213959,-0.000585,-0.001645,0.002756,4.461413,4.461413,4.461413
14910.000000,33.578632,-117.064225,475.296267,33.578578,-117.064203,486.179325,-0.000583,-0.001637,0.002755,4.451837,4.451837,4.451837
14925.000000,33.578626,-117.064229,474.509674,33.578578,-117.064203,486.140530,-0.000580,-0.001628,0.002754,4.442541,4.442541,4.442541
14940.000000,33.578624,-117.064231,474.041611,33.578579,-117.064203,486.099800,-0.000578,-0.001619,0.002752,4.433485,4.433485,4.433485
14955.000000,33.578623,-117.064229,473.996532,33.578579,-117.064203,486.059857,-0.000575,-0.001611,0.002750,4.424614,4.424614,4.424614
14970.000000,33.578619,-117.064235,474.065754,33.578580,-117.064204,486.021500,-0.000573,-0.001602,0.002748,4.415931,4.415931,4.415931
14985.000000,33.578616,-117.064236,473.545520,33.578580,-117.064204,485.981263,-0.000571,-0.001594,0.002746,4.407532,4.407532,4.407532
15000.000000,33.578614,-117.064234,472.769237,33.578580,-117.064204,485.936125,-0.000569,-0.001586,0.002743,4.399171,4.399171,4.399171
15015.000000,33.578608,-117.064240,473.092619,33.578581,-117.064204,485.894070,-0.000567,-0.001578,0.002740,4.390947,4.390947,4.390947
15030.000000,33.578607,-117.064235,471.423408,33.578581,-117.064204,485.843813,-0.000565,-0.001569,0.002737,4.383150,4.383150,4.383150
15045.000000,33.578604,-117.064233,470.660889,33.578582,-117.064205,485.790304,-0.000562,-0.001560,0.002733,4.375576,4.375576,4.375576
15060.000000,33.578599,-117.064240,471.341278,33.578582,-117.064205,485.740459,-0.000560,-0.001552,0.002729,4.367878,4.367878,4.367878
15075.000000,33.578597,-117.064237,470.219687,33.578582,-117.064205,485.685933,-0.000558,-0.001544,0.002724,4.360518,4.360518,4.360518
15090.000000,33.578593,-117.064240,470.494818,33.578582,-117.064205,485.633851,-0.000556,-0.001536,0.002720,4.353239,4.353239,4.353239
15105.000000,33.578589,-117.064243,468.816727,33.578583,-117.064205,485.574189,-0.000554,-0.001527,0.002715,4.346317,4.346317,4.346317
15120.000000,33.578586,-117.064239,468.428594,33.578583,-117.064205,485.513129,-0.000552,-0.001519,0.002709,4.339496,4.339496,4.339496
15135.000000,33.578584,-117.064243,469.248936,33.578583,-117.064206,485.457650,-0.000550,-0.001511,0.002704,4.332734,4.332734,4.332734
15150.000000,33.578578,-117.064249,468.975285,33.578583,-117.064206,485.401985,-0.000549,-0.001503,0.002698,4.326145,4.326145,4.326145
15165.000000,33.578576,-117.064244,467.736871,33.578583,-117.064206,485.340565,-0.000547,-0.001495,0.002692,4.319732,4.319732,4.319732
15180.000000,33.578572,-117.064244,467.486737,33.578583,-117.064206,485.278709,-0.000545,-0.001487,0.002686,4.313423,4.313423,4.313423
15195.000000,33.578569,-117.064246,467.821168,33.578583,-117.064206,485.219905,-0.000543,-0.001479,0.002680,4.307229,4.307229,4.307229
15210.000000,33.578563,-117.064248,465.868299,33.578584,-117.064207,485.152736,-0.000541,-0.001471,0.002673,4.301338,4.301338,4.301338
15225.000000,33.578557,-117.064317,480.543157,33.578584,-117.064207,485.173835,-0.000545,-0.001468,0.002671,4.298051,4.298051,4.298051
15240.000000,33.578555,-117.064317,480.009994,33.578584,-117.064208,485.192697,-0.000548,-0.001465,0.002669,4.294860,4.294860,4.294860
15255.000000,33.578550,-117.064318,479.357578,33.578584,-117.064208,485.208848,-0.000552,-0.001462,0.002666,4.291759,4.291759,4.291759
15270.000000,33.578546,-117.064320,478.874303,33.578584,-117.064208,485.223107,-0.000555,-0.001459,0.002663,4.288758,4.288758,4.288758
15285.000000,33.578544,-117.064320,478.447598,33.578584,-117.064209,485.235629,-0.000558,-0.001456,0.002660,4.285813,4.285813,4.285813
15300.000000,33.578524,-117.064323,474.007011,33.578584,-117.064210,485.214437,-0.000562,-0.001451,0.002654,4.280049,4.280049,4.280049
15315.000000,33.578518,-117.064323,473.062320,33.578583,-117.064210,485.188608,-0.000565,-0.001445,0.002647,4.274390,4.274390,4.274390
15330.000000,33.578523,-117.064323,474.146473,33.578583,-117.064211,485.169653,-0.000569,-0.001440,0.002641,4.268900,4.268900,4.268900
15345.000000,33.578515,-117.064323,473.435177,33.578583,-117.064211,485.146878,-0.000572,-0.001435,0.002634,4.263416,4.263416,4.263416
15360.000000,33.578524,-117.064323,474.136645,33.578583,-117.064212,485.128927,-0.000576,-0.001430,0.002629,4.258124,4.258124,4.258124
15375.000000,33.578516,-117.064322,473.120521,33.578583,-117.064212,485.106316,-0.000579,-0.001425,0.002622,4.252968,4.252968,4.252968
15390.000000,33.578516,-117.064321,472.843894,33.578583,-117.064213,485.082504,-0.000582,-0.001420,0.002615,4.247853,4.247853,4.247853
15405.000000,33.578518,-117.064322,474.104099,33.578582,-117.064214,485.065830,-0.000585,-0.001416,0.002609,4.242832,4.242832,4.242832
15420.000000,33.578515,-117.064322,473.165084,33.578582,-117.064214,485.044895,-0.000588,-0.001411,0.002603,4.237924,4.237924,4.237924
15435.000000,33.578503,-117.064320,471.845852,33.578582,-117.064215,485.016876,-0.000591,-0.001406,0.002596,4.232970,4.232970,4.232970
15450.000000,33.578511,-117.064322,472.618114,33.578582,-117.064215,484.994328,-0.000594,-0.001401,0.002589,4.228258,4.228258,4.228258
15465.000000,33.578509,-117.064322,472.743391,33.578582,-117.064216,484.972838,-0.000597,-0.001396,0.002583,4.223616,4.223616,4.223616
15480.000000,33.578510,-117.064320,472.871938,33.578581,-117.064216,484.952607,-0.000600,-0.001392,0.002577,4.219077,4.219077,4.219077
15495.000000,33.578508,-117.064321,472.330423,33.578581,-117.064217,484.930150,-0.000603,-0.001387,0.002570,4.214615,4.214615,4.214615
15510.000000,33.578507,-117.064320,472.856860,33.578581,-117.064217,484.910377,-0.000606,-0.001383,0.002564,4.210162,4.210162,4.210162
15525.000000,33.578500,-117.064321,471.497071,33.578581,-117.064218,484.884450,-0.000608,-0.001378,0.002557,4.205798,4.205798,4.205798
15540.000000,33.578504,-117.064319,472.005087,33.578581,-117.064218,484.861935,-0.000611,-0.001374,0.002550,4.201577,4.201577,4.201577
15555.000000,33.578500,-117.064320,471.823915,33.578580,-117.064219,484.839113,-0.000614,-0.001370,0.002544,4.197445,4.197445,4.197445
15570.000000,33.578507,-117.064319,473.215311,33.578580,-117.064219,484.823278,-0.000616,-0.001366,0.002538,4.193364,4.193364,4.193364
15585.000000,33.578499,-117.064319,471.348442,33.578580,-117.064220,484.799296,-0.000619,-0.001361,0.002531,4.189401,4.189401,4.189401
15600.000000,33.578502,-117.064318,472.462616,33.578580,-117.064220,484.780616,-0.000621,-0.001357,0.002525,4.185442,4.185442,4.185442
15615.000000,33.578494,-117.064319,470.668337,33.578580,-117.064220,484.754528,-0.000623,-0.001353,0.002518,4.181636,4.181636,4.181636
15630.000000,33.578491,-117.064319,470.527502,33.578579,-117.064221,484.727722,-0.000626,-0.001348,0.002511,4.177816,4.177816,4.177816
15645.000000,33.578493,-117.064319,470.904280,33.578579,-117.064221,484.703399,-0.000628,-0.001344,0.002504,4.174100,4.174100,4.174100
15660.000000,33.578487,-117.064318,470.005762,33.578579,-117.064222,484.675351,-0.000630,-0.001340,0.002497,4.170437,4.170437,4.170437
15675.000000,33.578487,-117.064318,470.125594,33.578579,-117.064222,484.648636,-0.000632,-0.001336,0.002490,4.166880,4.166880,4.166880
15690.000000,33.578482,-117.064318,469.640445,33.578578,-117.064223,484.619890,-0.000634,-0.001332,0.002482,4.163339,4.163339,4.163339
15705.000000,33.578488,-117.064317,470.228016,33.578578,-117.064223,484.595079,-0.000636,-0.001328,0.002475,4.159979,4.159979,4.159979
15720.000000,33.578488,-117.064315,469.935050,33.578578,-117.064223,484.569175,-0.000638,-0.001323,0.002469,4.156642,4.156642,4.156642
15735.000000,33.578486,-117.064316,469.809556,33.578578,-117.064224,484.543390,-0.000640,-0.001319,0.002462,4.153394,4.153394,4.153394
15750.000000,33.578485,-117.064315,469.461960,33.578578,-117.064224,484.516930,-0.000642,-0.001315,0.002455,4.150257,4.150257,4.150257
15765.000000,33.578477,-117.064315,468.351869,33.578577,-117.064225,484.485714,-0.000644,-0.001311,0.002448,4.147120,4.147120,4.147120
15780.000000,33.578478,-117.064315,468.554772,33.578577,-117.064225,484.455827,-0.000645,-0.001307,0.002440,4.144034,4.144034,4.144034
15795.000000,33.578476,-117.064315,468.455681,33.578577,-117.064225,484.425846,-0.000647,-0.001303,0.002433,4.140984,4.140984,4.140984
15810.000000,33.578477,-117.064315,468.292245,33.578576,-117.064226,484.396390,-0.000649,-0.001299,0.002426,4.138085,4.138085,4.138085
15825.000000,33.578476,-117.064314,468.649467,33.578576,-117.064226,484.368780,-0.000650,-0.001295,0.002419,4.135225,4.135225,4.135225
15840.000000,33.578472,-117.064314,467.776357,33.578576,-117.064226,484.337613,-0.000652,-0.001291,0.002412,4.132370,4.132370,4.132370
15855.000000,33.578470,-117.064313,467.676698,33.578576,-117.064227,484.306745,-0.000653,-0.001287,0.002404,4.129597,4.129597,4.129597
15870.000000,33.578468,-117.064311,467.055563,33.578575,-117.064227,484.274156,-0.000654,-0.001283,0.002397,4.126919,4.126919,4.126919
15885.000000,33.578467,-117.064313,467.004179,33.578575,-117.064227,484.241873,-0.000656,-0.001279,0.002390,4.124295,4.124295,4.124295
15900.000000,33.578468,-117.064311,467.530324,33.578575,-117.064228,484.211975,-0.000657,-0.001275,0.002382,4.121696,4.121696,4.121696
15915.000000,33.578466,-117.064310,466.857281,33.578575,-117.064228,484.180284,-0.000658,-0.001272,0.002375,4.119200,4.119200,4.119200
15930.000000,33.578460,-117.064308,466.072812,33.578574,-117.064228,484.145758,-0.000659,-0.001268,0.002367,4.116732,4.116732,4.116732
15945.000000,33.578459,-117.064306,465.801363,33.578574,-117.064229,484.110346,-0.000660,-0.001264,0.002360,4.114277,4.114277,4.114277
15960.000000,33.578460,-117.064307,466.277091,33.578574,-117.064229,484.077938,-0.000661,-0.001260,0.002352,4.111944,4.111944,4.111944
15975.000000,33.578457,-117.064307,465.523503,33.578573,-117.064229,484.042996,-0.000662,-0.001256,0.002345,4.109650,4.109650,4.109650
15990.000000,33.578448,-117.064305,464.421853,33.578573,-117.064230,484.003468,-0.000663,-0.001252,0.002337,4.107317,4.107317,4.107317
16005.000000,33.578450,-117.064305,464.843562,33.578573,-117.064230,483.966981,-0.000664,-0.001248,0.002329,4.105125,4.105125,4.105125
16020.000000,33.578450,-117.064303,465.167037,33.578572,-117.064230,483.931892,-0.000665,-0.001245,0.002321,4.102943,4.102943,4.102943
16035.000000,33.578451,-117.064305,464.452346,33.578572,-117.064231,483.895255,-0.000666,-0.001241,0.002314,4.100879,4.100879,4.100879
16050.000000,33.578443,-117.064303,463.469018,33.578572,-117.064231,483.854159,-0.000666,-0.001237,0.002305,4.098733,4.098733,4.098733
16065.000000,33.578446,-117.064305,463.890276,33.578571,-117.064231,483.816332,-0.000667,-0.001233,0.002298,4.096748,4.096748,4.096748
16080.000000,33.578443,-117.064303,463.573614,33.578571,-117.064231,483.777251,-0.000668,-0.001229,0.002290,4.094749,4.094749,4.094749
16095.000000,33.578444,-117.064304,463.245462,33.578571,-117.064232,483.738337,-0.000668,-0.001226,0.002282,4.092881,4.092881,4.092881
16110.000000,33.578438,-117.064302,463.313411,33.578570,-117.064232,483.698782,-0.000669,-0.001222,0.002274,4.090916,4.090916,4.090916
16125.000000,33.578436,-117.064301,462.540168,33.578570,-117.064232,483.656895,-0.000669,-0.001218,0.002266,4.088996,4.088996,4.088996
16140.000000,33.578435,-117.064301,462.708126,33.578570,-117.064232,483.616120,-0.000670,-0.001214,0.002258,4.087116,4.087116,4.087116
16155.000000,33.578429,-117.064301,461.989628,33.578569,-117.064233,483.572637,-0.000670,-0.001211,0.002249,4.085220,4.085220,4.085220
16170.000000,33.578426,-117.064298,460.835158,33.578569,-117.064233,483.525572,-0.000671,-0.001207,0.002241,4.083376,4.083376,4.083376
16185.000000,33.578428,-117.064297,461.234537,33.578569,-117.064233,483.481349,-0.000671,-0.001203,0.002232,4.081650,4.081650,4.081650
16200.000000,33.578425,-117.064295,461.159169,33.578568,-117.064233,483.436701,-0.000671,-0.001199,0.002224,4.079901,4.079901,4.079901
16215.000000,33.578422,-117.064296,460.339602,33.578568,-117.064234,483.390034,-0.000671,-0.001195,0.002215,4.078227,4.078227,4.078227
16230.000000,33.578422,-117.064293,460.352972,33.578568,-117.064234,483.344174,-0.000671,-0.001192,0.002207,4.076611,4.076611,4.076611
16245.000000,33.578415,-117.064295,459.534416,33.578567,-117.064234,483.295494,-0.000671,-0.001188,0.002198,4.074993,4.074993,4.074993
16260.000000,33.578410,-117.064291,458.204748,33.578567,-117.064234,483.242214,-0.000671,-0.001184,0.002189,4.073373,4.073373,4.073373
16275.000000,33.578408,-117.064291,457.665031,33.578566,-117.064235,483.187953,-0.000671,-0.001180,0.002180,4.071818,4.071818,4.071818
16290.000000,33.578409,-117.064292,458.349067,33.578566,-117.064235,483.136503,-0.000671,-0.001176,0.002171,4.070288,4.070288,4.070288
16305.000000,33.578405,-117.064290,457.324154,33.578566,-117.064235,483.082073,-0.000671,-0.001172,0.002162,4.068796,4.068796,4.068796
16320.000000,33.578404,-117.064287,457.663393,33.578565,-117.064235,483.029012,-0.000670,-0.001168,0.002152,4.067310,4.067310,4.067310
16335.000000,33.578403,-117.064289,457.900523,33.578565,-117.064235,482.977533,-0.000670,-0.001164,0.002143,4.065877,4.065877,4.065877
16350.000000,33.578399,-117.064287,456.095619,33.578564,-117.064235,482.920599,-0.000670,-0.001160,0.002134,4.064491,4.064491,4.064491
16365.000000,33.578394,-117.064286,455.742445,33.578564,-117.064236,482.862383,-0.000669,-0.001156,0.002125,4.063089,4.063089,4.063089
16380.000000,33.578394,-117.064285,456.336959,33.578563,-117.064236,482.806286,-0.000669,-0.001152,0.002115,4.061685,4.061685,4.061685
16395.000000,33.578389,-117.064285,455.217562,33.578563,-117.064236,482.746695,-0.000669,-0.001148,0.002106,4.060296,4.060296,4.060296
16410.000000,33.578387,-117.064283,454.881755,33.578563,-117.064236,482.686808,-0.000668,-0.001144,0.002096,4.058959,4.058959,4.058959
16425.000000,33.578387,-117.064283,455.313315,33.578562,-117.064236,482.628781,-0.000668,-0.001140,0.002086,4.057642,4.057642,4.057642
16440.000000,33.578385,-117.064282,454.270345,33.578562,-117.064237,482.568348,-0.000667,-0.001136,0.002077,4.056395,4.056395,4.056395
16455.000000,33.578379,-117.064282,453.711823,33.578561,-117.064237,482.505540,-0.000666,-0.001132,0.002067,4.055103,4.055103,4.055103
16470.000000,33.578382,-117.064278,453.782347,33.578561,-117.064237,482.444749,-0.000666,-0.001129,0.002057,4.053926,4.053926,4.053926
16485.000000,33.578377,-117.064277,452.948440,33.578560,-117.064237,482.381273,-0.000665,-0.001124,0.002047,4.052744,4.052744,4.052744
16500.000000,33.578374,-117.064277,452.587958,33.578560,-117.064237,482.316976,-0.000664,-0.001120,0.002038,4.051578,4.051578,4.051578
16515.000000,33.578372,-117.064275,451.629214,33.578559,-117.064237,482.250888,-0.000663,-0.001116,0.002028,4.050491,4.050491,4.050491
16530.000000,33.578370,-117.064274,451.537359,33.578559,-117.064237,482.184568,-0.000662,-0.001112,0.002018,4.049399,4.049399,4.049399
16545.000000,33.578364,-117.064272,451.053357,33.578558,-117.064238,482.115940,-0.000661,-0.001108,0.002007,4.048250,4.048250,4.048250
16560.000000,33.578362,-117.064275,450.096653,33.578558,-117.064238,482.046566,-0.000660,-0.001104,0.001997,4.047241,4.047241,4.047241
16575.000000,33.578360,-117.064271,449.919319,33.578557,-117.064238,481.976462,-0.000659,-0.001100,0.001987,4.046213,4.046213,4.046213
16590.000000,33.578357,-117.064269,449.960428,33.578557,-117.064238,481.905717,-0.000658,-0.001096,0.001976,4.045126,4.045126,4.045126
16605.000000,33.578354,-117.064268,449.295801,33.578556,-117.064238,481.832975,-0.000657,-0.001092,0.001966,4.044038,4.044038,4.044038
16620.000000,33.578349,-117.064269,449.061796,33.578556,-117.064238,481.759350,-0.000655,-0.001088,0.001955,4.042933,4.042933,4.042933
16635.000000,33.578344,-117.064267,447.823075,33.578555,-117.064238,481.682032,-0.000654,-0.001083,0.001944,4.041836,4.041836,4.041836
16650.000000,33.578343,-117.064267,448.313290,33.578555,-117.064238,481.606546,-0.000653,-0.001079,0.001933,4.040744,4.040744,4.040744
16665.000000,33.578339,-117.064264,447.240717,33.578554,-117.064238,481.527645,-0.000651,-0.001075,0.001922,4.039645,4.039645,4.039645
16680.000000,33.578340,-117.064265,447.299694,33.578553,-117.064239,481.451154,-0.000650,-0.001071,0.001911,4.038666,4.038666,4.038666
16695.000000,33.578335,-117.064265,445.960116,33.578553,-117.064239,481.370961,-0.000649,-0.001066,0.001900,4.037708,4.037708,4.037708
16710.000000,33.578332,-117.064262,445.713721,33.578552,-117.064239,481.290097,-0.000647,-0.001062,0.001888,4.036746,4.036746,4.036746
16725.000000,33.578329,-117.064262,445.339283,33.578552,-117.064239,481.208622,-0.000646,-0.001058,0.001877,4.035806,4.035806,4.035806
16740.000000,33.578328,-117.064257,445.038281,33.578551,-117.064239,481.126485,-0.000644,-0.001053,0.001866,4.034872,4.034872,4.034872
16755.000000,33.578323,-117.064257,444.493263,33.578551,-117.064239,481.043044,-0.000642,-0.001049,0.001854,4.033950,4.033950,4.033950
16770.000000,33.578320,-117.064256,443.378935,33.578550,-117.064239,480.956651,-0.000640,-0.001045,0.001843,4.033046,4.033046,4.033046
16785.000000,33.578314,-117.064257,443.320635,33.578549,-117.064239,480.869717,-0.000639,-0.001040,0.001831,4.032113,4.032113,4.032113
16800.000000,33.578314,-117.064254,441.838247,33.578549,-117.064239,480.779830,-0.000637,-0.001036,0.001819,4.031256,4.031256,4.031256
16815.000000,33.578311,-117.064254,441.948794,33.578548,-117.064239,480.691193,-0.000635,-0.001031,0.001807,4.030436,4.030436,4.030436
16830.000000,33.578306,-117.064253,441.616844,33.578547,-117.064239,480.600263,-0.000633,-0.001027,0.001795,4.029541,4.029541,4.029541
16845.000000,33.578253,-117.064176,469.556204,33.578547,-117.064239,480.593970,-0.000633,-0.001030,0.001786,4.028287,4.028287,4.028287
16860.000000,33.578249,-117.064175,469.350467,33.578546,-117.064239,480.586896,-0.000632,-0.001033,0.001776,4.027014,4.027014,4.027014
16875.000000,33.578248,-117.064171,468.756829,33.578545,-117.064239,480.578050,-0.000632,-0.001036,0.001766,4.025772,4.025772,4.025772
16890.000000,33.578244,-117.064171,468.854870,33.578544,-117.064238,480.569333,-0.000631,-0.001039,0.001756,4.024497,4.024497,4.024497
16905.000000,33.578243,-117.064168,467.931205,33.578543,-117.064238,480.557722,-0.000631,-0.001042,0.001746,4.023243,4.023243,4.023243
16920.000000,33.578238,-117.064169,467.610973,33.578542,-117.064238,480.544781,-0.000630,-0.001045,0.001736,4.021943,4.021943,4.021943
16935.000000,33.578234,-117.064167,466.815084,33.578541,-117.064238,480.529228,-0.000629,-0.001048,0.001725,4.020642,4.020642,4.020642
16950.000000,33.578232,-117.064163,466.043181,33.578540,-117.064238,480.511321,-0.000628,-0.001050,0.001715,4.019363,4.019363,4.019363
16965.000000,33.578226,-117.064165,465.983758,33.578540,-117.064237,480.492901,-0.000628,-0.001053,0.001704,4.018036,4.018036,4.018036
16980.000000,33.578227,-117.064161,465.520348,33.578539,-117.064237,480.473312,-0.000627,-0.001056,0.001693,4.016755,4.016755,4.016755
16995.000000,33.578222,-117.064158,465.398852,33.578538,-117.064237,480.453047,-0.000626,-0.001058,0.001683,4.015432,4.015432,4.015432
17010.000000,33.578219,-117.064158,465.267968,33.578537,-117.064237,480.432287,-0.000625,-0.001061,0.001672,4.014097,4.014097,4.014097
17025.000000,33.578216,-117.064155,464.303189,33.578536,-117.064236,480.408510,-0.000624,-0.001064,0.001661,4.012777,4.012777,4.012777
17040.000000,33.578212,-117.064155,463.562642,33.578535,-117.064236,480.382341,-0.000622,-0.001066,0.001649,4.011458,4.011458,4.011458
17055.000000,33.578210,-117.064153,463.297551,33.578534,-117.064236,480.355291,-0.000621,-0.001069,0.001638,4.010131,4.010131,4.010131
17070.000000,33.578208,-117.064152,463.449293,33.578533,-117.064236,480.328460,-0.000620,-0.001071,0.001627,4.008766,4.008766,4.008766
17085.000000,33.578205,-117.064150,463.354370,33.578532,-117.064235,480.301419,-0.000619,-0.001074,0.001615,4.007408,4.007408,4.007408
17100.000000,33.578203,-117.064148,463.065887,33.578531,-117.064235,480.273531,-0.000617,-0.001076,0.001604,4.006056,4.006056,4.006056
17115.000000,33.578198,-117.064147,462.479847,33.578530,-117.064235,480.243143,-0.000616,-0.001079,0.001592,4.004634,4.004634,4.004634
17130.000000,33.578193,-117.064145,462.095774,33.578529,-117.064234,480.211570,-0.000615,-0.001081,0.001580,4.003216,4.003216,4.003216
17145.000000,33.578192,-117.064144,461.152866,33.578528,-117.064234,480.177198,-0.000613,-0.001084,0.001568,4.001827,4.001827,4.001827
17160.000000,33.578190,-117.064141,461.121416,33.578527,-117.064234,480.142495,-0.000612,-0.001086,0.001556,4.000406,4.000406,4.000406
17175.000000,33.578187,-117.064139,460.858337,33.578526,-117.064234,480.106929,-0.000610,-0.001088,0.001544,3.998979,3.998979,3.998979
17190.000000,33.578184,-117.064137,460.244563,33.578525,-117.064233,480.069125,-0.000608,-0.001091,0.001532,3.997525,3.997525,3.997525
17205.000000,33.578180,-117.064136,460.042966,33.578524,-117.064233,480.030567,-0.000606,-0.001093,0.001519,3.996055,3.996055,3.996055
17220.000000,33.578177,-117.064136,459.402055,33.578522,-117.064233,479.989370,-0.000605,-0.001095,0.001507,3.994529,3.994529,3.994529
17235.000000,33.578175,-117.064132,459.172677,33.578521,-117.064232,479.947832,-0.000603,-0.001097,0.001494,3.993037,3.993037,3.993037
17250.000000,33.578172,-117.064132,459.207951,33.578520,-117.064232,479.906385,-0.000601,-0.001100,0.001481,3.991533,3.991533,3.991533
17265.000000,33.578169,-117.064132,458.935087,33.578519,-117.064232,479.863802,-0.000599,-0.001102,0.001468,3.990000,3.990000,3.990000
17280.000000,33.578168,-117.064130,458.066124,33.578518,-117.064231,479.818088,-0.000597,-0.001104,0.001456,3.988440,3.988440,3.988440
17295.000000,33.578166,-117.064128,458.128701,33.578517,-117.064231,479.772534,-0.000595,-0.001106,0.001443,3.986866,3.986866,3.986866
17310.000000,33.578162,-117.064129,457.529195,33.578516,-117.064231,479.724621,-0.000593,-0.001108,0.001429,3.985253,3.985253,3.985253
17325.000000,33.578158,-117.064128,456.757489,33.578515,-117.064230,479.673864,-0.000591,-0.001110,0.001416,3.983612,3.983612,3.983612
17340.000000,33.578154,-117.064126,456.407493,33.578514,-117.064230,479.621490,-0.000589,-0.001112,0.001402,3.981924,3.981924,3.981924
17355.000000,33.578153,-117.064123,455.990290,33.578512,-117.064230,479.567880,-0.000586,-0.001114,0.001389,3.980244,3.980244,3.980244
17370.000000,33.578150,-117.064122,455.649596,33.578511,-117.064229,479.513071,-0.000584,-0.001116,0.001375,3.978551,3.978551,3.978551
17385.000000,33.578146,-117.064119,454.710458,33.578510,-117.064229,479.454945,-0.000582,-0.001118,0.001361,3.976840,3.976840,3.976840
17400.000000,33.578142,-117.064120,454.306882,33.578509,-117.064228,479.394752,-0.000579,-0.001120,0.001346,3.975065,3.975065,3.975065
17415.000000,33.578139,-117.064120,454.073903,33.578508,-117.064228,479.333852,-0.000577,-0.001122,0.001332,3.973287,3.973287,3.973287
17430.000000,33.578136,-117.064117,453.793796,33.578506,-117.064228,479.272352,-0.000574,-0.001124,0.001318,3.971527,3.971527,3.971527
17445.000000,33.578133,-117.064117,453.591073,33.578505,-117.064227,479.209890,-0.000572,-0.001125,0.001303,3.969736,3.969736,3.969736
17460.000000,33.578132,-117.064114,453.484008,33.578504,-117.064227,479.147023,-0.000569,-0.001127,0.001289,3.967932,3.967932,3.967932
17475.000000,33.578129,-117.064113,452.727796,33.578503,-117.064227,479.081179,-0.000566,-0.001129,0.001274,3.966090,3.966090,3.966090
17490.000000,33.578126,-117.064113,452.689078,33.578501,-117.064226,479.015310,-0.000564,-0.001131,0.001259,3.964245,3.964245,3.964245
17505.000000,33.578123,-117.064112,452.223705,33.578500,-117.064226,478.947003,-0.000561,-0.001132,0.001244,3.962329,3.962329,3.962329
17520.000000,33.578120,-117.064113,451.959709,33.578499,-117.064225,478.877482,-0.000558,-0.001134,0.001229,3.960380,3.960380,3.960380
17535.000000,33.578116,-117.064111,451.120352,33.578497,-117.064225,478.804663,-0.000555,-0.001135,0.001214,3.958395,3.958395,3.958395
17550.000000,33.578114,-117.064108,450.686115,33.578496,-117.064224,478.730458,-0.000553,-0.001137,0.001198,3.956410,3.956410,3.956410
17565.000000,33.578111,-117.064107,450.394173,33.578495,-117.064224,478.654667,-0.000550,-0.001138,0.001183,3.954374,3.954374,3.954374
17580.000000,33.578109,-117.064106,450.274677,33.578493,-117.064224,478.578582,-0.000547,-0.001140,0.001167,3.952335,3.952335,3.952335
17595.000000,33.578106,-117.064106,449.977934,33.578492,-117.064223,478.500829,-0.000544,-0.001141,0.001151,3.950241,3.950241,3.950241
17610.000000,33.578106,-117.064102,450.092828,33.578491,-117.064223,478.424131,-0.000541,-0.001143,0.001136,3.948178,3.948178,3.948178
17625.000000,33.578101,-117.064104,449.656421,33.578489,-117.064222,478.344879,-0.000538,-0.001145,0.001120,3.946035,3.946035,3.946035
17640.000000,33.578099,-117.064102,448.902103,33.578488,-117.064222,478.262695,-0.000534,-0.001146,0.001103,3.943866,3.943866,3.943866
17655.000000,33.578096,-117.064100,448.592888,33.578487,-117.064221,478.179624,-0.000531,-0.001147,0.001087,3.941699,3.941699,3.941699
17670.000000,33.578093,-117.064099,447.561108,33.578485,-117.064221,478.092350,-0.000528,-0.001149,0.001071,3.939490,3.939490,3.939490
17685.000000,33.578091,-117.064096,447.024546,33.578484,-117.064220,478.003030,-0.000524,-0.001150,0.001054,3.937262,3.937262,3.937262
17700.000000,33.578089,-117.064094,446.652048,33.578482,-117.064220,477.912960,-0.000521,-0.001151,0.001037,3.935058,3.935058,3.935058
17715.000000,33.578087,-117.064095,446.201566,33.578481,-117.064220,477.820347,-0.000517,-0.001152,0.001020,3.932785,3.932785,3.932785
17730.000000,33.578083,-117.064097,446.547996,33.578479,-117.064219,477.727756,-0.000514,-0.001153,0.001003,3.930418,3.930418,3.930418
17745.000000,33.578080,-117.064097,446.713600,33.578478,-117.064219,477.635609,-0.000511,-0.001154,0.000986,3.928025,3.928025,3.928025
17760.000000,33.578077,-117.064096,446.935974,33.578476,-117.064218,477.544199,-0.000507,-0.001156,0.000969,3.925610,3.925610,3.925610
17775.000000,33.578077,-117.064094,446.318714,33.578475,-117.064218,477.450372,-0.000504,-0.001157,0.000952,3.923175,3.923175,3.923175
17790.000000,33.578075,-117.064089,445.513695,33.578473,-117.064217,477.353350,-0.000500,-0.001158,0.000935,3.920715,3.920715,3.920715
17805.000000,33.578072,-117.064088,445.601908,33.578472,-117.064217,477.256628,-0.000496,-0.001159,0.000917,3.918237,3.918237,3.918237
17820.000000,33.578068,-117.064088,445.430800,33.578470,-117.064216,477.158776,-0.000493,-0.001161,0.000900,3.915715,3.915715,3.915715
17835.000000,33.578067,-117.064087,445.214006,33.578469,-117.064216,477.060384,-0.000489,-0.001162,0.000882,3.913194,3.913194,3.913194
17850.000000,33.578064,-117.064087,444.302601,33.578467,-117.064215,476.957158,-0.000485,-0.001163,0.000864,3.910576,3.910576,3.910576
17865.000000,33.578061,-117.064087,444.070495,33.578466,-117.064215,476.853070,-0.000481,-0.001164,0.000846,3.907943,3.907943,3.907943
17880.000000,33.578060,-117.064088,444.356995,33.578464,-117.064214,476.749511,-0.000478,-0.001165,0.000828,3.905259,3.905259,3.905259
17895.000000,33.578057,-117.064087,443.888610,33.578463,-117.064214,476.643938,-0.000474,-0.001166,0.000810,3.902548,3.902548,3.902548
17910.000000,33.578056,-117.064085,443.759993,33.578461,-117.064213,476.537399,-0.000470,-0.001167,0.000791,3.899792,3.899792,3.899792
17925.000000,33.578052,-117.064085,442.870992,33.578459,-117.064213,476.426558,-0.000466,-0.001168,0.000773,3.896972,3.896972,3.896972
17940.000000,33.578051,-117.064084,443.169774,33.578458,-117.064212,476.316616,-0.000462,-0.001169,0.000754,3.894118,3.894118,3.894118
17955.000000,33.578047,-117.064086,442.824718,33.578456,-117.064212,476.204321,-0.000458,-0.001170,0.000735,3.891189,3.891189,3.891189
17970.000000,33.578046,-117.064085,443.304460,33.578454,-117.064211,476.093262,-0.000454,-0.001171,0.000716,3.888201,3.888201,3.888201
17985.000000,33.578044,-117.064083,442.539227,33.578453,-117.064210,475.979073,-0.000450,-0.001172,0.000697,3.885193,3.885193,3.885193
18000.000000,33.578041,-117.064083,442.725018,33.578451,-117.064210,475.865656,-0.000446,-0.001173,0.000678,3.882168,3.882168,3.882168
18015.000000,33.578040,-117.064082,441.705572,33.578449,-117.064209,475.747290,-0.000442,-0.001174,0.000659,3.879079,3.879079,3.879079
18030.000000,33.578038,-117.064082,441.110968,33.578448,-117.064209,475.625888,-0.000438,-0.001175,0.000639,3.875936,3.875936,3.875936
18045.000000,33.578036,-117.064079,440.976353,33.578446,-117.064208,475.504576,-0.000434,-0.001175,0.000620,3.872811,3.872811,3.872811
18060.000000,33.578034,-117.064078,440.759239,33.578444,-117.064208,475.382520,-0.000430,-0.001176,0.000600,3.869675,3.869675,3.869675
18075.000000,33.578031,-117.064078,440.897138,33.578442,-117.064207,475.260590,-0.000425,-0.001177,0.000581,3.866495,3.866495,3.866495
18090.000000,33.578031,-117.064079,440.447080,33.578441,-117.064207,475.135843,-0.000421,-0.001178,0.000561,3.863243,3.863243,3.863243
18105.000000,33.578028,-117.064078,440.094210,33.578439,-117.064206,475.009465,-0.000417,-0.001178,0.000541,3.859962,3.859962,3.859962
18120.000000,33.578025,-117.064078,439.904957,33.578437,-117.064205,474.881758,-0.000413,-0.001179,0.000521,3.856632,3.856632,3.856632
18135.000000,33.578024,-117.064076,439.922314,33.578435,-117.064205,474.753753,-0.000408,-0.001180,0.000501,3.853260,3.853260,3.853260
18150.000000,33.578021,-117.064077,440.199560,33.578434,-117.064204,474.626427,-0.000404,-0.001181,0.000481,3.849841,3.849841,3.849841
18165.000000,33.578020,-117.064078,439.717662,33.578432,-117.064204,474.496667,-0.000400,-0.001181,0.000460,3.846380,3.846380,3.846380
18180.000000,33.578019,-117.064078,439.545463,33.578430,-117.064203,474.364655,-0.000395,-0.001182,0.000440,3.842815,3.842815,3.842815
18195.000000,33.578016,-117.064077,439.348500,33.578428,-117.064203,474.231435,-0.000391,-0.001183,0.000419,3.839208,3.839208,3.839208
18210.000000,33.578015,-117.064075,439.195055,33.578426,-117.064202,474.098552,-0.000387,-0.001183,0.000398,3.835636,3.835636,3.835636
18225.000000,33.578013,-117.064075,439.624847,33.578425,-117.064201,473.967565,-0.000382,-0.001184,0.000378,3.832043,3.832043,3.832043
18240.000000,33.578011,-117.064073,438.891639,33.578423,-117.064201,473.831969,-0.000378,-0.001185,0.000357,3.828351,3.828351,3.828351
18255.000000,33.578010,-117.064074,438.818288,33.578421,-117.064200,473.695472,-0.000373,-0.001186,0.000336,3.824605,3.824605,3.824605
18270.000000,33.578008,-117.064073,438.689396,33.578419,-117.064200,473.558079,-0.000369,-0.001186,0.000315,3.820819,3.820819,3.820819
18285.000000,33.578006,-117.064072,438.195073,33.578417,-117.064199,473.418391,-0.000364,-0.001187,0.000294,3.817006,3.817006,3.817006
18300.000000,33.578004,-117.064075,438.364497,33.578415,-117.064198,473.278637,-0.000360,-0.001188,0.000273,3.813124,3.813124,3.813124
18315.000000,33.578001,-117.064073,437.753413,33.578413,-117.064198,473.135800,-0.000355,-0.001188,0.000251,3.809201,3.809201,3.809201
18330.000000,33.578000,-117.064074,437.959614,33.578411,-117.064197,472.992658,-0.000351,-0.001189,0.000230,3.805188,3.805188,3.805188
18345.000000,33.577998,-117.064073,437.333720,33.578409,-117.064197,472.847109,-0.000346,-0.001189,0.000208,3.801175,3.801175,3.801175
18360.000000,33.577997,-117.064071,437.143349,33.578407,-117.064196,472.699884,-0.000342,-0.001190,0.000186,3.797095,3.797095,3.797095
18375.000000,33.577996,-117.064070,437.118444,33.578405,-117.064195,472.553383,-0.000337,-0.001190,0.000165,3.793035,3.793035,3.793035
18390.000000,33.577994,-117.064070,436.835520,33.578403,-117.064195,472.405123,-0.000332,-0.001191,0.000143,3.788927,3.788927,3.788927
18405.000000,33.577991,-117.064069,436.399113,33.578401,-117.064194,472.254706,-0.000328,-0.001191,0.000121,3.784786,3.784786,3.784786
18420.000000,33.577989,-117.064070,436.407655,33.578399,-117.064194,472.102652,-0.000323,-0.001192,0.000099,3.780532,3.780532,3.780532
18435.000000,33.577988,-117.064071,436.494398,33.578397,-117.064193,471.949710,-0.000318,-0.001192,0.000076,3.776184,3.776184,3.776184
18450.000000,33.577986,-117.064072,436.625530,33.578395,-117.064192,471.796272,-0.000313,-0.001193,0.000054,3.771749,3.771749,3.771749
18465.000000,33.577987,-117.064072,436.426080,33.578393,-117.064192,471.641038,-0.000309,-0.001193,0.000031,3.767243,3.767243,3.767243
18480.000000,33.577985,-117.064074,436.327655,33.578391,-117.064191,471.483631,-0.000304,-0.001194,0.000009,3.762620,3.762620,3.762620
18495.000000,33.577984,-117.064071,435.755047,33.578389,-117.064190,471.325572,-0.000299,-0.001194,-0.000014,3.758083,3.758083,3.758083
18510.000000,33.577982,-117.064072,436.431651,33.578387,-117.064190,471.170968,-0.000295,-0.001194,-0.000036,3.753527,3.753527,3.753527
18525.000000,33.577981,-117.064070,436.195367,33.578385,-117.064189,471.014622,-0.000290,-0.001195,-0.000059,3.748913,3.748913,3.748913
18540.000000,33.577978,-117.064071,436.234767,33.578383,-117.064189,470.857628,-0.000285,-0.001196,-0.000082,3.744225,3.744225,3.744225
18555.000000,33.577978,-117.064071,435.583575,33.578381,-117.064188,470.697061,-0.000281,-0.001196,-0.000105,3.739490,3.739490,3.739490
18570.000000,33.577977,-117.064071,436.214061,33.578379,-117.064187,470.539626,-0.000276,-0.001196,-0.000127,3.734728,3.734728,3.734728
18585.000000,33.577973,-117.064071,435.901241,33.578376,-117.064187,470.378629,-0.000271,-0.001197,-0.000151,3.729828,3.729828,3.729828
18600.000000,33.577973,-117.064070,435.548775,33.578374,-117.064186,470.215298,-0.000267,-0.001197,-0.000174,3.724869,3.724869,3.724869
18615.000000,33.577971,-117.064069,435.646666,33.578372,-117.064185,470.052481,-0.000262,-0.001198,-0.000197,3.719882,3.719882,3.719882
18630.000000,33.577972,-117.064070,435.280704,33.578370,-117.064185,469.887705,-0.000257,-0.001198,-0.000220,3.714860,3.714860,3.714860
18645.000000,33.577970,-117.064068,434.832516,33.578368,-117.064184,469.720410,-0.000252,-0.001199,-0.000244,3.709796,3.709796,3.709796
18660.000000,33.577969,-117.064067,435.263917,33.578366,-117.064183,469.554924,-0.000247,-0.001199,-0.000267,3.704679,3.704679,3.704679
18675.000000,33.577970,-117.064067,435.175873,33.578363,-117.064183,469.389377,-0.000242,-0.001200,-0.000290,3.699552,3.699552,3.699552
18690.000000,33.577968,-117.064067,434.931875,33.578361,-117.064182,469.222924,-0.000238,-0.001200,-0.000314,3.694415,3.694415,3.694415
18705.000000,33.577966,-117.064069,434.921280,33.578359,-117.064181,469.055030,-0.000233,-0.001200,-0.000337,3.689171,3.689171,3.689171
18720.000000,33.577964,-117.064068,435.118156,33.578357,-117.064181,468.887446,-0.000228,-0.001201,-0.000361,3.683857,3.683857,3.683857
18735.000000,33.577963,-117.064069,435.010175,33.578355,-117.064180,468.717984,-0.000223,-0.001201,-0.000384,3.678439,3.678439,3.678439
18750.000000,33.577962,-117.064069,435.003921,33.578352,-117.064180,468.549022,-0.000218,-0.001202,-0.000408,3.673017,3.673017,3.673017
18765.000000,33.577962,-117.064067,435.176447,33.578350,-117.064179,468.382342,-0.000214,-0.001202,-0.000431,3.667637,3.667637,3.667637
18780.000000,33.577961,-117.064067,435.883522,33.578348,-117.064178,468.218715,-0.000209,-0.001203,-0.000455,3.662184,3.662184,3.662184
18795.000000,33.577960,-117.064067,435.592984,33.578346,-117.064178,468.053438,-0.000204,-0.001204,-0.000478,3.656693,3.656693,3.656693
18810.000000,33.577959,-117.064068,435.760804,33.578344,-117.064177,467.887719,-0.000200,-0.001205,-0.000501,3.651092,3.651092,3.651092
18825.000000,33.577959,-117.064068,436.056732,33.578341,-117.064176,467.723589,-0.000195,-0.001206,-0.000525,3.645455,3.645455,3.645455
18840.000000,33.577956,-117.064068,435.766018,33.578339,-117.064176,467.557950,-0.000191,-0.001206,-0.000548,3.639789,3.639789,3.639789
18855.000000,33.577956,-117.064068,435.548258,33.578337,-117.064175,467.391166,-0.000186,-0.001207,-0.000572,3.634092,3.634092,3.634092
18870.000000,33.577955,-117.064066,434.906817,33.578334,-117.064174,467.219256,-0.000181,-0.001208,-0.000595,3.628273,3.628273,3.628273
18885.000000,33.577954,-117.064067,434.799271,33.578332,-117.064174,467.045753,-0.000177,-0.001208,-0.000619,3.622362,3.622362,3.622362
18900.000000,33.578304,-117.064227,516.338828,33.578332,-117.064174,467.123580,-0.000179,-0.001212,-0.000617,3.624185,3.624185,3.624185
18915.000000,33.578301,-117.064227,516.408569,33.578332,-117.064174,467.201797,-0.000182,-0.001216,-0.000614,3.625994,3.625994,3.625994
18930.000000,33.578301,-117.064227,516.414486,33.578332,-117.064174,467.279498,-0.000185,-0.001220,-0.000611,3.627820,3.627820,3.627820
18945.000000,33.578301,-117.064226,516.025193,33.578331,-117.064174,467.356230,-0.000187,-0.001224,-0.000609,3.629659,3.629659,3.629659
18960.000000,33.578301,-117.064224,515.926212,33.578331,-117.064174,467.432293,-0.000190,-0.001228,-0.000606,3.631515,3.631515,3.631515
18975.000000,33.578300,-117.064225,515.520376,33.578331,-117.064174,467.507513,-0.000192,-0.001232,-0.000603,3.633379,3.633379,3.633379
18990.000000,33.578299,-117.064227,515.856154,33.578331,-117.064174,467.582940,-0.000195,-0.001236,-0.000601,3.635249,3.635249,3.635249
19005.000000,33.578299,-117.064227,515.826102,33.578331,-117.064174,467.658295,-0.000197,-0.001240,-0.000598,3.637118,3.637118,3.637118
19020.000000,33.578297,-117.064228,515.502365,33.578330,-117.064174,467.733091,-0.000200,-0.001243,-0.000596,3.638988,3.638988,3.638988
19035.000000,33.578299,-117.064229,515.152408,33.578330,-117.064174,467.806789,-0.000202,-0.001247,-0.000593,3.640879,3.640879,3.640879
19050.000000,33.578297,-117.064228,514.708114,33.578330,-117.064174,467.879800,-0.000205,-0.001251,-0.000591,3.642772,3.642772,3.642772
19065.000000,33.578298,-117.064230,514.308291,33.578330,-117.064174,467.951666,-0.000207,-0.001254,-0.000588,3.644685,3.644685,3.644685
19080.000000,33.578299,-117.064230,514.313465,33.578330,-117.064174,468.023177,-0.000210,-0.001258,-0.000586,3.646609,3.646609,3.646609
19095.000000,33.578295,-117.064228,514.561702,33.578329,-117.064174,468.095212,-0.000212,-0.001261,-0.000584,3.648523,3.648523,3.648523
19110.000000,33.578295,-117.064228,514.039664,33.578329,-117.064174,468.166319,-0.000215,-0.001265,-0.000581,3.650444,3.650444,3.650444
19125.000000,33.578295,-117.064229,514.010719,33.578329,-117.064174,468.237395,-0.000217,-0.001268,-0.000579,3.652362,3.652362,3.652362
19140.000000,33.578295,-117.064228,513.668458,33.578329,-117.064174,468.307549,-0.000219,-0.001272,-0.000577,3.654295,3.654295,3.654295
19155.000000,33.578297,-117.064230,513.214210,33.578329,-117.064174,468.376525,-0.000222,-0.001275,-0.000574,3.656250,3.656250,3.656250
19170.000000,33.578296,-117.064232,513.496461,33.578328,-117.064174,468.445479,-0.000224,-0.001278,-0.000572,3.658218,3.658218,3.658218
19185.000000,33.578294,-117.064231,512.743262,33.578328,-117.064174,468.513381,-0.000226,-0.001282,-0.000570,3.660186,3.660186,3.660186
19200.000000,33.578292,-117.064232,512.222708,33.578328,-117.064174,468.580822,-0.000229,-0.001285,-0.000568,3.662143,3.662143,3.662143
19215.000000,33.578291,-117.064231,512.076136,33.578328,-117.064174,468.647902,-0.000231,-0.001288,-0.000566,3.664104,3.664104,3.664104
19230.000000,33.578289,-117.064232,511.302043,33.578328,-117.064174,468.714654,-0.000233,-0.001291,-0.000564,3.666033,3.666033,3.666033
19245.000000,33.578289,-117.064233,511.947033,33.578327,-117.064174,468.781572,-0.000235,-0.001295,-0.000562,3.667988,3.667988,3.667988
19260.000000,33.578291,-117.064233,511.525676,33.578327,-117.064174,468.847319,-0.000238,-0.001298,-0.000560,3.669968,3.669968,3.669968
19275.000000,33.578292,-117.064232,510.927269,33.578327,-117.064174,468.911745,-0.000240,-0.001301,-0.000558,3.671969,3.671969,3.671969
19290.000000,33.578291,-117.064233,511.153824,33.578327,-117.064174,468.976182,-0.000242,-0.001304,-0.000556,3.673979,3.673979,3.673979
19305.000000,33.578291,-117.064233,510.568551,33.578327,-117.064174,469.039624,-0.000244,-0.001307,-0.000554,3.675998,3.675998,3.675998
19320.000000,33.578290,-117.064235,510.906378,33.578326,-117.064174,469.102968,-0.000246,-0.001310,-0.000552,3.678037,3.678037,3.678037
19335.000000,33.578290,-117.064236,510.189086,33.578326,-117.064174,469.165395,-0.000248,-0.001313,-0.000550,3.680075,3.680075,3.680075
19350.000000,33.578292,-117.064238,510.556327,33.578326,-117.064174,469.228047,-0.000250,-0.001316,-0.000548,3.682121,3.682121,3.682121
19365.000000,33.578290,-117.064238,509.394368,33.578326,-117.064174,469.289299,-0.000253,-0.001318,-0.000546,3.684162,3.684162,3.684162
19380.000000,33.578291,-117.064239,509.111731,33.578326,-117.064174,469.349994,-0.000255,-0.001321,-0.000544,3.686210,3.686210,3.686210
19395.000000,33.578290,-117.064240,508.869836,33.578325,-117.064174,469.410165,-0.000257,-0.001324,-0.000543,3.688266,3.688266,3.688266
19410.000000,33.578289,-117.064241,508.384802,33.578325,-117.064174,469.469820,-0.000259,-0.001327,-0.000541,3.690315,3.690315,3.690315
19425.000000,33.578289,-117.064241,507.631232,33.578325,-117.064174,469.528518,-0.000261,-0.001329,-0.000539,3.692364,3.692364,3.692364
19440.000000,33.578290,-117.064240,507.767791,33.578325,-117.064174,469.586778,-0.000263,-0.001332,-0.000537,3.694439,3.694439,3.694439
19455.000000,33.578286,-117.064242,507.668835,33.578325,-117.064174,469.645297,-0.000265,-0.001335,-0.000536,3.696492,3.696492,3.696492
19470.000000,33.578286,-117.064243,507.268175,33.578324,-117.064174,469.703257,-0.000267,-0.001337,-0.000534,3.698547,3.698547,3.698547
19485.000000,33.578287,-117.064245,506.822059,33.578324,-117.064174,469.760357,-0.000269,-0.001340,-0.000532,3.700614,3.700614,3.700614
19500.000000,33.578287,-117.064245,506.337561,33.578324,-117.064174,469.816647,-0.000271,-0.001342,-0.000531,3.702690,3.702690,3.702690
19515.000000,33.578287,-117.064246,506.132774,33.578324,-117.064174,469.872434,-0.000273,-0.001345,-0.000529,3.704777,3.704777,3.704777
19530.000000,33.578287,-117.064246,505.851257,33.578324,-117.064174,469.927679,-0.000275,-0.001347,-0.000528,3.706871,3.706871,3.706871
19545.000000,33.578286,-117.064248,505.757731,33.578323,-117.064174,469.982798,-0.000276,-0.001349,-0.000526,3.708963,3.708963,3.708963
19560.000000,33.578285,-117.064248,505.627008,33.578323,-117.064174,470.037543,-0.000278,-0.001352,-0.000525,3.711064,3.711064,3.711064
19575.000000,33.578284,-117.064248,505.016677,33.578323,-117.064174,470.091409,-0.000280,-0.001354,-0.000523,3.713170,3.713170,3.713170
19590.000000,33.578286,-117.064250,504.445352,33.578323,-117.064174,470.144395,-0.000282,-0.001356,-0.000522,3.715285,3.715285,3.715285
19605.000000,33.578285,-117.064249,503.808016,33.578322,-117.064174,470.196409,-0.000284,-0.001358,-0.000521,3.717408,3.717408,3.717408
19620.000000,33.578286,-117.064251,503.066713,33.578322,-117.064174,470.247682,-0.000286,-0.001360,-0.000519,3.719522,3.719522,3.719522
19635.000000,33.578286,-117.064252,503.265803,33.578322,-117.064174,470.298838,-0.000288,-0.001363,-0.000518,3.721653,3.721653,3.721653
19650.000000,33.578283,-117.064254,502.935811,33.578322,-117.064174,470.349732,-0.000289,-0.001365,-0.000517,3.723774,3.723774,3.723774
19665.000000,33.578283,-117.064254,502.270765,33.578322,-117.064175,470.399623,-0.000291,-0.001367,-0.000515,3.725905,3.725905,3.725905
19680.000000,33.578304,-117.064177,520.600902,33.578321,-117.064174,470.481442,-0.000293,-0.001371,-0.000512,3.727644,3.727644,3.727644
19695.000000,33.578302,-117.064179,519.138453,33.578321,-117.064174,470.560857,-0.000295,-0.001375,-0.000510,3.729395,3.729395,3.729395
19710.000000,33.578304,-117.064176,520.195383,33.578321,-117.064174,470.641039,-0.000297,-0.001379,-0.000507,3.731168,3.731168,3.731168
19725.000000,33.578306,-117.064173,520.403008,33.578321,-117.064174,470.720852,-0.000299,-0.001382,-0.000504,3.732962,3.732962,3.732962
19740.000000,33.578305,-117.064176,519.346533,33.578321,-117.064174,470.799375,-0.000301,-0.001386,-0.000502,3.734748,3.734748,3.734748
19755.000000,33.578302,-117.064179,519.161145,33.578321,-117.064174,470.877997,-0.000303,-0.001390,-0.000499,3.736517,3.736517,3.736517
19770.000000,33.578305,-117.064174,519.366913,33.578320,-117.064174,470.956101,-0.000305,-0.001394,-0.000497,3.738313,3.738313,3.738313
19785.000000,33.578305,-117.064172,519.253207,33.578320,-117.064174,471.033704,-0.000307,-0.001398,-0.000494,3.740120,3.740120,3.740120
19800.000000,33.578302,-117.064179,517.877009,33.578320,-117.064174,471.109781,-0.000309,-0.001401,-0.000491,3.741911,3.741911,3.741911
19815.000000,33.578303,-117.064175,518.244742,33.578320,-117.064174,471.186000,-0.000311,-0.001405,-0.000489,3.743712,3.743712,3.743712
19830.000000,33.578303,-117.064171,518.454173,33.578320,-117.064174,471.261960,-0.000313,-0.001409,-0.000486,3.745532,3.745532,3.745532
19845.000000,33.578303,-117.064178,517.144225,33.578319,-117.064174,471.336450,-0.000315,-0.001412,-0.000484,3.747337,3.747337,3.747337
19860.000000,33.578301,-117.064179,516.242482,33.578319,-117.064174,471.409967,-0.000316,-0.001416,-0.000482,3.749129,3.749129,3.749129
19875.000000,33.578303,-117.064176,517.114671,33.578319,-117.064174,471.483586,-0.000318,-0.001419,-0.000479,3.750962,3.750962,3.750962
19890.000000,33.578303,-117.064174,516.768834,33.578319,-117.064174,471.556796,-0.000320,-0.001423,-0.000477,3.752789,3.752789,3.752789
19905.000000,33.578301,-117.064179,515.379852,33.578319,-117.064174,471.628492,-0.000322,-0.001426,-0.000475,3.754600,3.754600,3.754600
19920.000000,33.578302,-117.064176,516.907734,33.578319,-117.064174,471.701429,-0.000324,-0.001429,-0.000472,3.756440,3.756440,3.756440
19935.000000,33.578305,-117.064174,516.167305,33.578318,-117.064174,471.772607,-0.000325,-0.001433,-0.000470,3.758310,3.758310,3.758310
19950.000000,33.578301,-117.064180,514.912837,33.578318,-117.064173,471.842546,-0.000327,-0.001436,-0.000468,3.760160,3.760160,3.760160
19965.000000,33.578303,-117.064176,514.335443,33.578318,-117.064173,471.911277,-0.000329,-0.001439,-0.000466,3.762028,3.762028,3.762028
19980.000000,33.578303,-117.064175,514.758295,33.578318,-117.064173,471.980324,-0.000330,-0.001442,-0.000463,3.763902,3.763902,3.763902
19995.000000,33.578303,-117.064180,513.481124,33.578318,-117.064173,472.047427,-0.000332,-0.001445,-0.000461,3.765786,3.765786,3.765786
20010.000000,33.578304,-117.064182,513.256479,33.578318,-117.064173,472.114321,-0.000334,-0.001448,-0.000459,3.767664,3.767664,3.767664
20025.000000,33.578305,-117.064176,513.903395,33.578317,-117.064173,472.181623,-0.000335,-0.001451,-0.000457,3.769557,3.769557,3.769557
20040.000000,33.578304,-117.064179,513.114415,33.578317,-117.064173,472.247929,-0.000337,-0.001454,-0.000455,3.771447,3.771447,3.771447
20055.000000,33.578304,-117.064182,512.884079,33.578317,-117.064173,472.313903,-0.000338,-0.001457,-0.000453,3.773336,3.773336,3.773336
20070.000000,33.578305,-117.064177,513.144414,33.578317,-117.064173,472.379558,-0.000340,-0.001460,-0.000451,3.775251,3.775251,3.775251
20085.000000,33.578347,-117.064312,523.567317,33.578317,-117.064173,472.458103,-0.000343,-0.001463,-0.000448,3.777171,3.777171,3.777171
20100.000000,33.578349,-117.064315,523.885093,33.578317,-117.064173,472.536281,-0.000345,-0.001466,-0.000445,3.779116,3.779116,3.779116
20115.000000,33.578346,-117.064312,524.235635,33.578316,-117.064173,472.615160,-0.000348,-0.001469,-0.000442,3.781049,3.781049,3.781049
20130.000000,33.578349,-117.064317,522.970988,33.578316,-117.064174,472.691923,-0.000351,-0.001472,-0.000439,3.782998,3.782998,3.782998
20145.000000,33.578348,-117.064317,522.643745,33.578316,-117.064174,472.768241,-0.000354,-0.001474,-0.000436,3.784947,3.784947,3.784947
20160.000000,33.578349,-117.064314,522.935314,33.578316,-117.064174,472.844203,-0.000357,-0.001477,-0.000434,3.786919,3.786919,3.786919
20175.000000,33.578351,-117.064318,521.515903,33.578316,-117.064174,472.918268,-0.000359,-0.001480,-0.000431,3.788895,3.788895,3.788895
20190.000000,33.578352,-117.064317,520.944227,33.578316,-117.064174,472.991169,-0.000362,-0.001482,-0.000428,3.790887,3.790887,3.790887
20205.000000,33.578350,-117.064319,521.460692,33.578316,-117.064174,473.064624,-0.000365,-0.001485,-0.000425,3.792878,3.792878,3.792878
20220.000000,33.578349,-117.064321,520.459038,33.578316,-117.064174,473.136871,-0.000367,-0.001487,-0.000423,3.794867,3.794867,3.794867
20235.000000,33.578349,-117.064321,520.955583,33.578315,-117.064174,473.209375,-0.000370,-0.001490,-0.000420,3.796866,3.796866,3.796866
20250.000000,33.578350,-117.064321,520.091452,33.578315,-117.064174,473.280825,-0.000373,-0.001492,-0.000417,3.798863,3.798863,3.798863
20265.000000,33.578352,-117.064326,518.889222,33.578315,-117.064175,473.350229,-0.000375,-0.001494,-0.000415,3.800882,3.800882,3.800882
20280.000000,33.578350,-117.064323,519.556400,33.578315,-117.064175,473.420270,-0.000378,-0.001497,-0.000412,3.802905,3.802905,3.802905
20295.000000,33.578353,-117.064325,518.121487,33.578315,-117.064175,473.488384,-0.000380,-0.001499,-0.000410,3.804935,3.804935,3.804935
20310.000000,33.578349,-117.064327,517.925619,33.578315,-117.064175,473.556564,-0.000383,-0.001501,-0.000407,3.806949,3.806949,3.806949
20325.000000,33.578351,-117.064329,517.545742,33.578315,-117.064175,473.623775,-0.000385,-0.001503,-0.000405,3.808982,3.808982,3.808982
20340.000000,33.578351,-117.064328,516.983907,33.578315,-117.064175,473.690276,-0.000388,-0.001505,-0.000403,3.811015,3.811015,3.811015
20355.000000,33.578352,-117.064332,515.899848,33.578315,-117.064175,473.755353,-0.000390,-0.001507,-0.000400,3.813052,3.813052,3.813052
20370.000000,33.578354,-117.064332,515.740467,33.578314,-117.064175,473.820034,-0.000393,-0.001509,-0.000398,3.815095,3.815095,3.815095
20385.000000,33.578354,-117.064334,514.844566,33.578314,-117.064176,473.883484,-0.000395,-0.001511,-0.000396,3.817144,3.817144,3.817144
20400.000000,33.578354,-117.064337,514.493024,33.578314,-117.064176,473.946465,-0.000397,-0.001513,-0.000393,3.819193,3.819193,3.819193
20415.000000,33.578355,-117.064340,514.202622,33.578314,-117.064176,474.008749,-0.000400,-0.001515,-0.000391,3.821256,3.821256,3.821256
20430.000000,33.578357,-117.064340,512.996705,33.578314,-117.064176,474.069556,-0.000402,-0.001516,-0.000389,3.823320,3.823320,3.823320
20445.000000,33.578357,-117.064340,512.594592,33.578314,-117.064176,474.129900,-0.000404,-0.001518,-0.000387,3.825382,3.825382,3.825382
20460.000000,33.578357,-117.064341,512.182363,33.578314,-117.064176,474.189348,-0.000407,-0.001519,-0.000385,3.827461,3.827461,3.827461
20475.000000,33.578358,-117.064345,511.583692,33.578314,-117.064176,474.247992,-0.000409,-0.001521,-0.000382,3.829544,3.829544,3.829544
20490.000000,33.578357,-117.064345,511.061962,33.578314,-117.064177,474.306070,-0.000411,-0.001523,-0.000380,3.831622,3.831622,3.831622
20505.000000,33.578315,-117.064297,520.300471,33.578313,-117.064177,474.382976,-0.000414,-0.001525,-0.000378,3.833352,3.833352,3.833352
20520.000000,33.578320,-117.064293,519.739060,33.578313,-117.064177,474.458457,-0.000416,-0.001528,-0.000375,3.835108,3.835108,3.835108
20535.000000,33.578237,-117.064408,538.803267,33.578313,-117.064177,474.561833,-0.000421,-0.001532,-0.000373,3.836771,3.836771,3.836771
20550.000000,33.578238,-117.064407,538.354766,33.578313,-117.064177,474.664459,-0.000426,-0.001537,-0.000370,3.838435,3.838435,3.838435
20565.000000,33.578237,-117.064403,539.152827,33.578312,-117.064178,474.767094,-0.000430,-0.001541,-0.000367,3.840127,3.840127,3.840127
20580.000000,33.578236,-117.064410,538.394158,33.578312,-117.064178,474.868688,-0.000434,-0.001545,-0.000364,3.841817,3.841817,3.841817
20595.000000,33.578237,-117.064406,538.418132,33.578312,-117.064178,474.969769,-0.000439,-0.001549,-0.000361,3.843519,3.843519,3.843519
20610.000000,33.578237,-117.064406,537.688691,33.578312,-117.064178,475.069948,-0.000443,-0.001553,-0.000359,3.845216,3.845216,3.845216
20625.000000,33.578237,-117.064408,537.100237,33.578311,-117.064179,475.168864,-0.000448,-0.001557,-0.000356,3.846924,3.846924,3.846924
20640.000000,33.578240,-117.064407,537.165544,33.578311,-117.064179,475.266664,-0.000452,-0.001561,-0.000353,3.848666,3.848666,3.848666
20655.000000,33.578236,-117.064410,536.244412,33.578311,-117.064179,475.363863,-0.000456,-0.001565,-0.000351,3.850386,3.850386,3.850386
20670.000000,33.578238,-117.064408,536.189073,33.578311,-117.064179,475.460090,-0.000460,-0.001568,-0.000348,3.852130,3.852130,3.852130
20685.000000,33.578237,-117.064408,536.101674,33.578310,-117.064180,475.556161,-0.000465,-0.001572,-0.000346,3.853873,3.853873,3.853873
20700.000000,33.578238,-117.064411,535.218494,33.578310,-117.064180,475.650718,-0.000469,-0.001576,-0.000343,3.855624,3.855624,3.855624
20715.000000,33.578239,-117.064406,535.824768,33.578310,-117.064180,475.744953,-0.000473,-0.001579,-0.000341,3.857407,3.857407,3.857407
20730.000000,33.578237,-117.064408,534.576310,33.578310,-117.064180,475.837805,-0.000477,-0.001583,-0.000338,3.859179,3.859179,3.859179
20745.000000,33.578237,-117.064409,534.301043,33.578309,-117.064181,475.930024,-0.000481,-0.001586,-0.000336,3.860957,3.860957,3.860957
20760.000000,33.578237,-117.064408,533.901253,33.578309,-117.064181,476.021133,-0.000485,-0.001590,-0.000333,3.862752,3.862752,3.862752
20775.000000,33.578236,-117.064410,533.400103,33.578309,-117.064181,476.111283,-0.000489,-0.001593,-0.000331,3.864555,3.864555,3.864555
20790.000000,33.578239,-117.064408,532.735995,33.578309,-117.064181,476.200175,-0.000493,-0.001597,-0.000329,3.866368,3.866368,3.866368
20805.000000,33.578237,-117.064407,532.377908,33.578308,-117.064181,476.288431,-0.000497,-0.001600,-0.000327,3.868184,3.868184,3.868184
20820.000000,33.578238,-117.064407,532.185558,33.578308,-117.064182,476.376081,-0.000500,-0.001603,-0.000324,3.870010,3.870010,3.870010
20835.000000,33.578238,-117.064409,530.984963,33.578308,-117.064182,476.462151,-0.000504,-0.001606,-0.000322,3.871835,3.871835,3.871835
20850.000000,33.578237,-117.064407,531.121197,33.578308,-117.064182,476.548243,-0.000508,-0.001610,-0.000320,3.873663,3.873663,3.873663
20865.000000,33.578237,-117.064409,530.693300,33.578307,-117.064182,476.633674,-0.000512,-0.001613,-0.000318,3.875491,3.875491,3.875491
20880.000000,33.578237,-117.064408,530.115883,33.578307,-117.064183,476.717570,-0.000515,-0.001616,-0.000316,3.877346,3.877346,3.877346
20895.000000,33.578240,-117.064406,529.012358,33.578307,-117.064183,476.799996,-0.000519,-0.001619,-0.000314,3.879201,3.879201,3.879201
20910.000000,33.578240,-117.064410,528.458115,33.578307,-117.064183,476.881716,-0.000523,-0.001622,-0.000312,3.881055,3.881055,3.881055
20925.000000,33.578239,-117.064408,528.795737,33.578306,-117.064183,476.963329,-0.000526,-0.001624,-0.000310,3.882924,3.882924,3.882924
20940.000000,33.578239,-117.064408,527.608094,33.578306,-117.064184,477.043726,-0.000530,-0.001627,-0.000308,3.884781,3.884781,3.884781
20955.000000,33.578242,-117.064412,527.234078,33.578306,-117.064184,477.122968,-0.000533,-0.001630,-0.000306,3.886662,3.886662,3.886662
20970.000000,33.578241,-117.064410,526.636341,33.578306,-117.064184,477.201422,-0.000537,-0.001633,-0.000304,3.888543,3.888543,3.888543
20985.000000,33.578238,-117.064411,526.643345,33.578305,-117.064184,477.280011,-0.000540,-0.001635,-0.000302,3.890415,3.890415,3.890415
21000.000000,33.578239,-117.064408,526.261941,33.578305,-117.064184,477.357721,-0.000543,-0.001638,-0.000300,3.892300,3.892300,3.892300
21015.000000,33.578240,-117.064408,525.027600,33.578305,-117.064185,477.433885,-0.000547,-0.001641,-0.000299,3.894184,3.894184,3.894184
21030.000000,33.578241,-117.064411,524.060931,33.578305,-117.064185,477.508635,-0.000550,-0.001643,-0.000297,3.896076,3.896076,3.896076
21045.000000,33.578239,-117.064410,524.141226,33.578305,-117.064185,477.583379,-0.000553,-0.001646,-0.000295,3.897968,3.897968,3.897968
21060.000000,33.578238,-117.064406,524.025006,33.578304,-117.064185,477.657942,-0.000557,-0.001648,-0.000293,3.899859,3.899859,3.899859
21075.000000,33.578239,-117.064410,523.268360,33.578304,-117.064186,477.731130,-0.000560,-0.001650,-0.000292,3.901767,3.901767,3.901767
21090.000000,33.578243,-117.064413,521.887855,33.578304,-117.064186,477.802595,-0.000563,-0.001653,-0.000290,3.903675,3.903675,3.903675
21105.000000,33.578241,-117.064412,521.596528,33.578304,-117.064186,477.873225,-0.000566,-0.001655,-0.000289,3.905601,3.905601,3.905601
21120.000000,33.578240,-117.064410,521.400257,33.578303,-117.064186,477.943737,-0.000569,-0.001657,-0.000287,3.907519,3.907519,3.907519
21135.000000,33.578238,-117.064407,520.813473,33.578303,-117.064187,478.013660,-0.000572,-0.001659,-0.000286,3.909429,3.909429,3.909429
21150.000000,33.578240,-117.064411,519.909290,33.578303,-117.064187,478.082090,-0.000575,-0.001662,-0.000284,3.911356,3.911356,3.911356
21165.000000,33.578241,-117.064412,518.894243,33.578303,-117.064187,478.148898,-0.000578,-0.001664,-0.000283,3.913300,3.913300,3.913300
21180.000000,33.578241,-117.064414,518.149843,33.578302,-117.064187,478.214832,-0.000581,-0.001665,-0.000281,3.915241,3.915241,3.915241
21195.000000,33.578243,-117.064409,517.078623,33.578302,-117.064187,478.279145,-0.000584,-0.001667,-0.000280,3.917197,3.917197,3.917197
21210.000000,33.578240,-117.064409,517.451840,33.578302,-117.064188,478.343923,-0.000587,-0.001669,-0.000279,3.919149,3.919149,3.919149
21225.000000,33.578241,-117.064414,516.755422,33.578302,-117.064188,478.407782,-0.000590,-0.001671,-0.000277,3.921102,3.921102,3.921102
21240.000000,33.578242,-117.064413,515.693364,33.578301,-117.064188,478.470289,-0.000593,-0.001673,-0.000276,3.923059,3.923059,3.923059
21255.000000,33.578241,-117.064414,515.134226,33.578301,-117.064188,478.532335,-0.000596,-0.001675,-0.000275,3.925003,3.925003,3.925003
21270.000000,33.578241,-117.064410,514.292188,33.578301,-117.064189,478.593028,-0.000598,-0.001676,-0.000274,3.926965,3.926965,3.926965
21285.000000,33.578242,-117.064412,513.285958,33.578301,-117.064189,478.652775,-0.000601,-0.001678,-0.000273,3.928911,3.928911,3.928911
21300.000000,33.578243,-117.064413,512.620000,33.578301,-117.064189,478.711327,-0.000604,-0.001679,-0.000272,3.930878,3.930878,3.930878
21315.000000,33.578241,-117.064413,512.041024,33.578300,-117.064189,478.769392,-0.000607,-0.001681,-0.000271,3.932831,3.932831,3.932831
21330.000000,33.578241,-117.064415,511.058172,33.578300,-117.064189,478.826167,-0.000609,-0.001682,-0.000270,3.934791,3.934791,3.934791
21345.000000,33.578243,-117.064415,510.437485,33.578300,-117.064190,478.881722,-0.000612,-0.001684,-0.000269,3.936779,3.936779,3.936779
21360.000000,33.578245,-117.064416,509.412035,33.578300,-117.064190,478.936195,-0.000614,-0.001685,-0.000268,3.938759,3.938759,3.938759
21375.000000,33.578244,-117.064422,508.663817,33.578299,-117.064190,478.989682,-0.000617,-0.001686,-0.000267,3.940744,3.940744,3.940744
21390.000000,33.578244,-117.064415,508.106111,33.578299,-117.064190,479.042572,-0.000619,-0.001687,-0.000266,3.942723,3.942723,3.942723
21405.000000,33.578243,-117.064416,507.459053,33.578299,-117.064191,479.094646,-0.000622,-0.001689,-0.000265,3.944705,3.944705,3.944705
21420.000000,33.578244,-117.064416,507.156463,33.578299,-117.064191,479.146023,-0.000624,-0.001690,-0.000264,3.946708,3.946708,3.946708
21435.000000,33.578246,-117.064416,505.627091,33.578299,-117.064191,479.195875,-0.000627,-0.001691,-0.000263,3.948694,3.948694,3.948694
21450.000000,33.578244,-117.064419,505.417854,33.578298,-117.064191,479.245478,-0.000629,-0.001692,-0.000263,3.950677,3.950677,3.950677
21465.000000,33.578245,-117.064419,504.536994,33.578298,-117.064191,479.293842,-0.000631,-0.001693,-0.000262,3.952675,3.952675,3.952675
21480.000000,33.578244,-117.064420,503.774688,33.578298,-117.064192,479.341640,-0.000634,-0.001694,-0.000261,3.954647,3.954647,3.954647
21495.000000,33.578245,-117.064419,502.988464,33.578298,-117.064192,479.388261,-0.000636,-0.001695,-0.000261,3.956639,3.956639,3.956639
21510.000000,33.578244,-117.064420,502.746524,33.578297,-117.064192,479.434630,-0.000638,-0.001695,-0.000260,3.958625,3.958625,3.958625
21525.000000,33.578246,-117.064421,500.962388,33.578297,-117.064192,479.479021,-0.000641,-0.001696,-0.000259,3.960607,3.960607,3.960607
21540.000000,33.578249,-117.064421,500.014006,33.578297,-117.064192,479.522278,-0.000643,-0.001697,-0.000259,3.962590,3.962590,3.962590
21555.000000,33.578246,-117.064422,499.686821,33.578297,-117.064193,479.565180,-0.000645,-0.001697,-0.000258,3.964569,3.964569,3.964569
21570.000000,33.578248,-117.064419,498.642496,33.578297,-117.064193,479.606724,-0.000647,-0.001698,-0.000258,3.966562,3.966562,3.966562
21585.000000,33.578246,-117.064423,498.096373,33.578296,-117.064193,479.647783,-0.000649,-0.001698,-0.000257,3.968538,3.968538,3.968538
21600.000000,33.578250,-117.064421,496.906089,33.578296,-117.064193,479.687295,-0.000651,-0.001699,-0.000257,3.970535,3.970535,3.970535
21615.000000,33.578247,-117.064424,496.454661,33.578296,-117.064194,479.726518,-0.000654,-0.001699,-0.000257,3.972501,3.972501,3.972501
21630.000000,33.578248,-117.064419,495.866890,33.578296,-117.064194,479.764850,-0.000656,-0.001700,-0.000256,3.974492,3.974492,3.974492
21645.000000,33.578247,-117.064424,494.862586,33.578295,-117.064194,479.802146,-0.000658,-0.001700,-0.000256,3.976467,3.976467,3.976467
21660.000000,33.578250,-117.064421,493.628091,33.578295,-117.064194,479.837993,-0.000660,-0.001700,-0.000256,3.978448,3.978448,3.978448
21675.000000,33.578246,-117.064423,493.362303,33.578295,-117.064194,479.873593,-0.000662,-0.001700,-0.000255,3.980416,3.980416,3.980416
21690.000000,33.578249,-117.064423,492.482882,33.578295,-117.064195,479.908149,-0.000664,-0.001701,-0.000255,3.982388,3.982388,3.982388
21705.000000,33.578247,-117.064424,491.155290,33.578295,-117.064195,479.941256,-0.000665,-0.001701,-0.000255,3.984350,3.984350,3.984350
21720.000000,33.578249,-117.064424,490.555268,33.578294,-117.064195,479.973544,-0.000667,-0.001701,-0.000255,3.986333,3.986333,3.986333
21735.000000,33.578248,-117.064423,489.868191,33.578294,-117.064195,480.005060,-0.000669,-0.001701,-0.000255,3.988312,3.988312,3.988312
21750.000000,33.578250,-117.064423,488.751936,33.578294,-117.064196,480.035344,-0.000671,-0.001701,-0.000255,3.990283,3.990283,3.990283
21765.000000,33.578252,-117.064424,487.723505,33.578294,-117.064196,480.064408,-0.000673,-0.001701,-0.000255,3.992267,3.992267,3.992267
21780.000000,33.578250,-117.064426,487.525500,33.578293,-117.064196,480.093291,-0.000675,-0.001701,-0.000255,3.994234,3.994234,3.994234
21795.000000,33.578251,-117.064427,486.121854,33.578293,-117.064196,480.120540,-0.000676,-0.001700,-0.000255,3.996216,3.996216,3.996216
21810.000000,33.578249,-117.064427,485.438145,33.578293,-117.064197,480.147056,-0.000678,-0.001700,-0.000255,3.998181,3.998181,3.998181
21825.000000,33.578250,-117.064426,484.275760,33.578293,-117.064197,480.172248,-0.000680,-0.001700,-0.000255,4.000150,4.000150,4.000150
21840.000000,33.578250,-117.064430,483.593362,33.578293,-117.064197,480.196651,-0.000681,-0.001699,-0.000255,4.002125,4.002125,4.002125
21855.000000,33.578250,-117.064430,482.566809,33.578292,-117.064197,480.219896,-0.000683,-0.001699,-0.000255,4.004104,4.004104,4.004104
21870.000000,33.578250,-117.064430,481.809934,33.578292,-117.064197,480.242305,-0.000685,-0.001698,-0.000256,4.006058,4.006058,4.006058
21885.000000,33.578252,-117.064429,481.286328,33.578292,-117.064198,480.264102,-0.000686,-0.001698,-0.000256,4.008027,4.008027,4.008027
21900.000000,33.578250,-117.064432,480.415904,33.578292,-117.064198,480.284921,-0.000688,-0.001697,-0.000256,4.009966,4.009966,4.009966
21915.000000,33.578250,-117.064428,479.969230,33.578292,-117.064198,480.305224,-0.000689,-0.001697,-0.000256,4.011930,4.011930,4.011930
21930.000000,33.578252,-117.064432,478.213273,33.578291,-117.064198,480.323551,-0.000691,-0.001696,-0.000257,4.013871,4.013871,4.013871
21945.000000,33.578253,-117.064429,477.553992,33.578291,-117.064199,480.341120,-0.000692,-0.001695,-0.000257,4.015808,4.015808,4.015808
21960.000000,33.578252,-117.064433,476.548166,33.578291,-117.064199,480.357526,-0.000694,-0.001694,-0.000258,4.017731,4.017731,4.017731
21975.000000,33.578252,-117.064433,475.880551,33.578291,-117.064199,480.373169,-0.000695,-0.001694,-0.000258,4.019655,4.019655,4.019655
21990.000000,33.578252,-117.064435,474.364468,33.578291,-117.064199,480.387100,-0.000697,-0.001693,-0.000259,4.021577,4.021577,4.021577
22005.000000,33.578254,-117.064437,473.637240,33.578290,-117.064200,480.400181,-0.000698,-0.001692,-0.000259,4.023493,4.023493,4.023493
22020.000000,33.578253,-117.064435,472.636598,33.578290,-117.064200,480.412076,-0.000699,-0.001691,-0.000260,4.025395,4.025395,4.025395
22035.000000,33.578253,-117.064438,472.136653,33.578290,-117.064200,480.423406,-0.000701,-0.001689,-0.000260,4.027299,4.027299,4.027299
22050.000000,33.578255,-117.064436,471.023854,33.578290,-117.064200,480.433527,-0.000702,-0.001688,-0.000261,4.029215,4.029215,4.029215
22065.000000,33.578251,-117.064440,470.330998,33.578290,-117.064201,480.442684,-0.000703,-0.001687,-0.000262,4.031094,4.031094,4.031094
22080.000000,33.578256,-117.064436,468.996106,33.578289,-117.064201,480.450454,-0.000705,-0.001686,-0.000263,4.032997,4.032997,4.032997
22095.000000,33.578251,-117.064440,468.983573,33.578289,-117.064201,480.457920,-0.000706,-0.001684,-0.000263,4.034851,4.034851,4.034851
22110.000000,33.578254,-117.064438,467.215184,33.578289,-117.064201,480.463564,-0.000707,-0.001683,-0.000264,4.036737,4.036737,4.036737
22125.000000,33.578252,-117.064441,466.541155,33.578289,-117.064202,480.468300,-0.000708,-0.001682,-0.000265,4.038601,4.038601,4.038601
22140.000000,33.578254,-117.064440,465.948929,33.578288,-117.064202,480.472412,-0.000709,-0.001680,-0.000266,4.040474,4.040474,4.040474
22155.000000,33.578254,-117.064445,464.957226,33.578288,-117.064202,480.475363,-0.000711,-0.001679,-0.000267,4.042341,4.042341,4.042341
22170.000000,33.578254,-117.064443,463.446067,33.578288,-117.064202,480.476648,-0.000712,-0.001677,-0.000268,4.044215,4.044215,4.044215
22185.000000,33.578254,-117.064443,462.865013,33.578288,-117.064203,480.477167,-0.000713,-0.001675,-0.000269,4.046075,4.046075,4.046075
22200.000000,33.578253,-117.064443,461.627396,33.578288,-117.064203,480.476246,-0.000714,-0.001674,-0.000270,4.047932,4.047932,4.047932
22215.000000,33.578256,-117.064442,460.782370,33.578287,-117.064203,480.474296,-0.000715,-0.001672,-0.000271,4.049781,4.049781,4.049781
22230.000000,33.578256,-117.064444,460.034058,33.578287,-117.064203,480.471334,-0.000716,-0.001670,-0.000272,4.051615,4.051615,4.051615
22245.000000,33.578257,-117.064445,458.806933,33.578287,-117.064204,480.466938,-0.000717,-0.001668,-0.000273,4.053445,4.053445,4.053445
22260.000000,33.578258,-117.064447,457.639257,33.578287,-117.064204,480.461282,-0.000718,-0.001666,-0.000274,4.055281,4.055281,4.055281
22275.000000,33.578254,-117.064446,457.979817,33.578287,-117.064204,480.455620,-0.000719,-0.001664,-0.000276,4.057082,4.057082,4.057082
22290.000000,33.578257,-117.064443,456.055544,33.578286,-117.064204,480.448063,-0.000720,-0.001662,-0.000277,4.058909,4.058909,4.058909
22305.000000,33.578254,-117.064449,455.966675,33.578286,-117.064205,480.439786,-0.000721,-0.001660,-0.000278,4.060685,4.060685,4.060685
22320.000000,33.578258,-117.064447,454.490461,33.578286,-117.064205,480.430025,-0.000722,-0.001658,-0.000279,4.062478,4.062478,4.062478
22335.000000,33.578254,-117.064449,454.176377,33.578286,-117.064205,480.419646,-0.000722,-0.001656,-0.000281,4.064251,4.064251,4.064251
22350.000000,33.578256,-117.064448,453.141998,33.578286,-117.064205,480.408089,-0.000723,-0.001653,-0.000282,4.066026,4.066026,4.066026
22365.000000,33.578256,-117.064453,452.068420,33.578285,-117.064206,480.395130,-0.000724,-0.001651,-0.000284,4.067788,4.067788,4.067788
22380.000000,33.578257,-117.064452,451.408778,33.578285,-117.064206,480.381076,-0.000725,-0.001648,-0.000285,4.069527,4.069527,4.069527
22395.000000,33.578258,-117.064452,450.499325,33.578285,-117.064206,480.366088,-0.000726,-0.001646,-0.000287,4.071274,4.071274,4.071274
22410.000000,33.578258,-117.064454,449.637609,33.578285,-117.064206,480.349851,-0.000726,-0.001643,-0.000288,4.073004,4.073004,4.073004
22425.000000,33.578255,-117.064454,449.357596,33.578285,-117.064207,480.333158,-0.000727,-0.001641,-0.000290,4.074725,4.074725,4.074725
22440.000000,33.578258,-117.064454,448.119378,33.578284,-117.064207,480.315020,-0.000728,-0.001638,-0.000291,4.076446,4.076446,4.076446
22455.000000,33.578258,-117.064457,447.139601,33.578284,-117.064207,480.295464,-0.000729,-0.001636,-0.000293,4.078151,4.078151,4.078151
22470.000000,33.578258,-117.064451,446.758327,33.578284,-117.064208,480.275106,-0.000729,-0.001633,-0.000295,4.079832,4.079832,4.079832
22485.000000,33.578258,-117.064455,446.325091,33.578284,-117.064208,480.254148,-0.000730,-0.001630,-0.000297,4.081508,4.081508,4.081508
22500.000000,33.578259,-117.064458,445.095968,33.578284,-117.064208,480.231639,-0.000731,-0.001627,-0.000298,4.083177,4.083177,4.083177
22515.000000,33.578260,-117.064456,443.919326,33.578283,-117.064208,480.207833,-0.000731,-0.001624,-0.000300,4.084853,4.084853,4.084853
22530.000000,33.578258,-117.064456,443.457732,33.578283,-117.064209,480.183291,-0.000732,-0.001621,-0.000302,4.086516,4.086516,4.086516
22545.000000,33.578261,-117.064458,442.024882,33.578283,-117.064209,480.156978,-0.000732,-0.001618,-0.000304,4.088176,4.088176,4.088176
22560.000000,33.578260,-117.064458,441.381186,33.578283,-117.064209,480.129592,-0.000733,-0.001615,-0.000306,4.089818,4.089818,4.089818
22575.000000,33.578260,-117.064461,440.281984,33.578283,-117.064210,480.100664,-0.000733,-0.001612,-0.000308,4.091448,4.091448,4.091448
22590.000000,33.578261,-117.064459,439.898021,33.578282,-117.064210,480.071283,-0.000734,-0.001609,-0.000310,4.093078,4.093078,4.093078
22605.000000,33.578259,-117.064460,438.762852,33.578282,-117.064210,480.040491,-0.000734,-0.001605,-0.000312,4.094704,4.094704,4.094704
22620.000000,33.578258,-117.064459,438.130558,33.578282,-117.064210,480.008454,-0.000735,-0.001602,-0.000314,4.096305,4.096305,4.096305
22635.000000,33.578261,-117.064459,437.219269,33.578282,-117.064211,479.975055,-0.000735,-0.001599,-0.000316,4.097893,4.097893,4.097893
22650.000000,33.578259,-117.064461,436.660261,33.578282,-117.064211,479.940903,-0.000736,-0.001595,-0.000318,4.099476,4.099476,4.099476
22665.000000,33.578259,-117.064460,436.382911,33.578282,-117.064211,479.905737,-0.000736,-0.001592,-0.000320,4.101025,4.101025,4.101025
22680.000000,33.578257,-117.064463,435.268247,33.578281,-117.064212,479.869208,-0.000736,-0.001588,-0.000323,4.102575,4.102575,4.102575
22695.000000,33.578258,-117.064464,434.750364,33.578281,-117.064212,479.831321,-0.000737,-0.001585,-0.000325,4.104089,4.104089,4.104089
22710.000000,33.578261,-117.064465,433.335607,33.578281,-117.064212,479.792112,-0.000737,-0.001581,-0.000327,4.105623,4.105623,4.105623
22725.000000,33.578259,-117.064466,432.885905,33.578281,-117.064213,479.752012,-0.000737,-0.001577,-0.000330,4.107140,4.107140,4.107140
22740.000000,33.578260,-117.064465,431.531612,33.578281,-117.064213,479.710064,-0.000738,-0.001573,-0.000332,4.108649,4.108649,4.108649
22755.000000,33.578259,-117.064467,431.533269,33.578280,-117.064213,479.667606,-0.000738,-0.001570,-0.000334,4.110134,4.110134,4.110134
22770.000000,33.578258,-117.064468,430.754326,33.578280,-117.064214,479.623874,-0.000738,-0.001566,-0.000337,4.111606,4.111606,4.111606
22785.000000,33.578260,-117.064467,429.969586,33.578280,-117.064214,479.579161,-0.000738,-0.001562,-0.000339,4.113076,4.113076,4.113076
22800.000000,33.578260,-117.064467,429.323235,33.578280,-117.064214,479.533205,-0.000739,-0.001558,-0.000342,4.114526,4.114526,4.114526
22815.000000,33.578261,-117.064470,427.962469,33.578280,-117.064214,479.485674,-0.000739,-0.001554,-0.000344,4.115982,4.115982,4.115982
22830.000000,33.578262,-117.064471,427.729766,33.578279,-117.064215,479.437296,-0.000739,-0.001550,-0.000347,4.117414,4.117414,4.117414
22845.000000,33.578260,-117.064471,427.138561,33.578279,-117.064215,479.387632,-0.000739,-0.001545,-0.000350,4.118823,4.118823,4.118823
22860.000000,33.578262,-117.064471,425.844649,33.578279,-117.064215,479.336153,-0.000739,-0.001541,-0.000352,4.120224,4.120224,4.120224
22875.000000,33.578407,-117.064467,464.606270,33.578279,-117.064216,479.332760,-0.000740,-0.001538,-0.000352,4.121266,4.121266,4.121266
22890.000000,33.578407,-117.064467,463.903452,33.578279,-117.064216,479.328278,-0.000742,-0.001535,-0.000352,4.122301,4.122301,4.122301
22905.000000,33.578406,-117.064470,463.445235,33.578279,-117.064217,479.323120,-0.000743,-0.001532,-0.000351,4.123335,4.123335,4.123335
22920.000000,33.578405,-117.064471,462.775517,33.578279,-117.064217,479.316938,-0.000744,-0.001530,-0.000351,4.124365,4.124365,4.124365
22935.000000,33.578402,-117.064471,462.425013,33.578279,-117.064217,479.309963,-0.000745,-0.001527,-0.000351,4.125361,4.125361,4.125361
22950.000000,33.578404,-117.064470,461.216434,33.578279,-117.064218,479.301320,-0.000746,-0.001524,-0.000351,4.126371,4.126371,4.126371
22965.000000,33.578401,-117.064472,460.869979,33.578279,-117.064218,479.292161,-0.000747,-0.001521,-0.000351,4.127381,4.127381,4.127381
22980.000000,33.578401,-117.064472,459.332561,33.578279,-117.064218,479.280641,-0.000748,-0.001517,-0.000351,4.128381,4.128381,4.128381
22995.000000,33.578403,-117.064473,458.110838,33.578279,-117.064219,479.267358,-0.000749,-0.001514,-0.000351,4.129386,4.129386,4.129386
23010.000000,33.578403,-117.064475,456.900533,33.578279,-117.064219,479.252275,-0.000750,-0.001511,-0.000351,4.130389,4.130389,4.130389
23025.000000,33.578401,-117.064475,456.758917,33.578279,-117.064220,479.237036,-0.000751,-0.001507,-0.000351,4.131396,4.131396,4.131396
23040.000000,33.578401,-117.064474,455.536446,33.578279,-117.064220,479.219936,-0.000751,-0.001504,-0.000351,4.132396,4.132396,4.132396
23055.000000,33.578398,-117.064478,455.962478,33.578279,-117.064220,479.203171,-0.000752,-0.001501,-0.000351,4.133368,4.133368,4.133368
23070.000000,33.578397,-117.064476,454.942128,33.578279,-117.064221,479.184835,-0.000753,-0.001497,-0.000352,4.134335,4.134335,4.134335
23085.000000,33.578397,-117.064479,454.122108,33.578279,-117.064221,479.165171,-0.000754,-0.001494,-0.000352,4.135292,4.135292,4.135292
23100.000000,33.578394,-117.064479,454.278779,33.578279,-117.064221,479.145405,-0.000755,-0.001490,-0.000352,4.136218,4.136218,4.136218
23115.000000,33.578396,-117.064479,452.197824,33.578279,-117.064222,479.122879,-0.000756,-0.001486,-0.000353,4.137173,4.137173,4.137173
23130.000000,33.578396,-117.064479,451.729553,33.578279,-117.064222,479.099616,-0.000756,-0.001483,-0.000353,4.138122,4.138122,4.138122
23145.000000,33.578392,-117.064481,451.546347,33.578279,-117.064223,479.075427,-0.000757,-0.001479,-0.000353,4.139021,4.139021,4.139021
23160.000000,33.578392,-117.064480,450.394950,33.578279,-117.064223,479.049676,-0.000758,-0.001475,-0.000354,4.139931,4.139931,4.139931
23175.000000,33.578391,-117.064478,450.165241,33.578279,-117.064223,479.023109,-0.000759,-0.001471,-0.000355,4.140806,4.140806,4.140806
23190.000000,33.578388,-117.064481,449.683602,33.578279,-117.064224,478.995388,-0.000759,-0.001467,-0.000355,4.141648,4.141648,4.141648
23205.000000,33.578389,-117.064481,448.516433,33.578279,-117.064224,478.966215,-0.000760,-0.001463,-0.000356,4.142512,4.142512,4.142512
23220.000000,33.578391,-117.064481,447.020780,33.578279,-117.064225,478.934640,-0.000761,-0.001459,-0.000357,4.143367,4.143367,4.143367
23235.000000,33.578387,-117.064482,447.278461,33.578279,-117.064225,478.902995,-0.000761,-0.001455,-0.000357,4.144188,4.144188,4.144188
23250.000000,33.578255,-117.064566,493.770422,33.578279,-117.064226,478.943772,-0.000765,-0.001455,-0.000357,4.144989,4.144989,4.144989
23265.000000,33.578254,-117.064565,492.425657,33.578279,-117.064226,478.982430,-0.000768,-0.001455,-0.000356,4.145784,4.145784,4.145784
23280.000000,33.578256,-117.064566,491.593655,33.578279,-117.064227,479.019822,-0.000772,-0.001454,-0.000356,4.146563,4.146563,4.146563
23295.000000,33.578254,-117.064565,491.147417,33.578279,-117.064227,479.056387,-0.000775,-0.001454,-0.000355,4.147354,4.147354,4.147354
23310.000000,33.578253,-117.064566,490.412131,33.578278,-117.064228,479.091726,-0.000778,-0.001454,-0.000355,4.148150,4.148150,4.148150
23325.000000,33.578253,-117.064566,489.724283,33.578278,-117.064228,479.125935,-0.000782,-0.001453,-0.000355,4.148946,4.148946,4.148946
23340.000000,33.578253,-117.064565,488.848261,33.578278,-117.064229,479.158702,-0.000785,-0.001452,-0.000354,4.149748,4.149748,4.149748
23355.000000,33.578255,-117.064564,487.318642,33.578278,-117.064229,479.189116,-0.000788,-0.001452,-0.000354,4.150531,4.150531,4.150531
23370.000000,33.578254,-117.064566,486.990577,33.578278,-117.064230,479.218936,-0.000791,-0.001451,-0.000354,4.151324,4.151324,4.151324
23385.000000,33.578255,-117.064564,485.557250,33.578277,-117.064230,479.246474,-0.000794,-0.001450,-0.000354,4.152119,4.152119,4.152119
23400.000000,33.578255,-117.064561,484.360709,33.578277,-117.064231,479.272116,-0.000797,-0.001449,-0.000354,4.152912,4.152912,4.152912
23415.000000,33.578255,-117.064562,483.485543,33.578277,-117.064231,479.296371,-0.000800,-0.001448,-0.000353,4.153701,4.153701,4.153701
23430.000000,33.578255,-117.064562,482.905925,33.578277,-117.064232,479.319687,-0.000803,-0.001447,-0.000354,4.154490,4.154490,4.154490
23445.000000,33.578256,-117.064562,482.382414,33.578277,-117.064232,479.342170,-0.000806,-0.001446,-0.000354,4.155269,4.155269,4.155269
23460.000000,33.578255,-117.064563,481.087418,33.578276,-117.064233,479.362612,-0.000809,-0.001445,-0.000354,4.156038,4.156038,4.156038
23475.000000,33.578255,-117.064561,480.084246,33.578276,-117.064233,479.381454,-0.000812,-0.001444,-0.000354,4.156818,4.156818,4.156818
23490.000000,33.578258,-117.064563,479.144098,33.578276,-117.064234,479.398806,-0.000815,-0.001443,-0.000354,4.157590,4.157590,4.157590
23505.000000,33.578256,-117.064564,478.818915,33.578276,-117.064234,479.415632,-0.000817,-0.001441,-0.000354,4.158385,4.158385,4.158385
23520.000000,33.578256,-117.064563,477.697390,33.578276,-117.064235,479.430692,-0.000820,-0.001440,-0.000354,4.159168,4.159168,4.159168
23535.000000,33.578254,-117.064562,476.677129,33.578275,-117.064236,479.444174,-0.000823,-0.001438,-0.000355,4.159970,4.159970,4.159970
23550.000000,33.578256,-117.064562,474.946071,33.578275,-117.064236,479.454916,-0.000825,-0.001437,-0.000355,4.160746,4.160746,4.160746
23565.000000,33.578257,-117.064561,473.862775,33.578275,-117.064237,479.463924,-0.000828,-0.001435,-0.000356,4.161506,4.161506,4.161506
23580.000000,33.578256,-117.064560,473.399034,33.578275,-117.064237,479.472176,-0.000830,-0.001433,-0.000356,4.162261,4.162261,4.162261
23595.000000,33.578257,-117.064560,472.030763,33.578275,-117.064238,479.478249,-0.000833,-0.001432,-0.000357,4.163005,4.163005,4.163005
23610.000000,33.578255,-117.064560,471.766722,33.578274,-117.064238,479.483919,-0.000835,-0.001430,-0.000357,4.163754,4.163754,4.163754
23625.000000,33.578256,-117.064558,470.910719,33.578274,-117.064239,479.488236,-0.000837,-0.001428,-0.000358,4.164501,4.164501,4.164501
23640.000000,33.578256,-117.064559,469.893276,33.578274,-117.064239,479.490968,-0.000840,-0.001426,-0.000359,4.165249,4.165249,4.165249
23655.000000,33.578256,-117.064558,468.757559,33.578274,-117.064240,479.491885,-0.000842,-0.001424,-0.000359,4.165989,4.165989,4.165989
23670.000000,33.578258,-117.064557,467.354747,33.578274,-117.064240,479.490463,-0.000844,-0.001422,-0.000360,4.166703,4.166703,4.166703
23685.000000,33.578256,-117.064557,466.668460,33.578273,-117.064241,479.488012,-0.000846,-0.001420,-0.000361,4.167424,4.167424,4.167424
23700.000000,33.578258,-117.064559,465.759300,33.578273,-117.064241,479.484042,-0.000849,-0.001417,-0.000362,4.168130,4.168130,4.168130
23715.000000,33.578258,-117.064558,464.868664,33.578273,-117.064242,479.478662,-0.000851,-0.001415,-0.000363,4.168834,4.168834,4.168834
23730.000000,33.578257,-117.064557,464.087468,33.578273,-117.064242,479.471980,-0.000853,-0.001413,-0.000364,4.169527,4.169527,4.169527
23745.000000,33.578258,-117.064557,463.103977,33.578273,-117.064243,479.463670,-0.000855,-0.001410,-0.000365,4.170209,4.170209,4.170209
23760.000000,33.578259,-117.064557,462.347386,33.578273,-117.064243,479.453989,-0.000857,-0.001408,-0.000366,4.170868,4.170868,4.170868
23775.000000,33.578260,-117.064557,461.140817,33.578272,-117.064244,479.442481,-0.000859,-0.001405,-0.000367,4.171536,4.171536,4.171536
23790.000000,33.578260,-117.064556,460.184118,33.578272,-117.064244,479.429216,-0.000861,-0.001402,-0.000368,4.172175,4.172175,4.172175
23805.000000,33.578258,-117.064557,459.228407,33.578272,-117.064245,479.414594,-0.000862,-0.001399,-0.000370,4.172830,4.172830,4.172830
23820.000000,33.578260,-117.064555,458.702277,33.578272,-117.064245,479.399025,-0.000864,-0.001397,-0.000371,4.173471,4.173471,4.173471
23835.000000,33.578261,-117.064554,456.934211,33.578272,-117.064246,479.380523,-0.000866,-0.001394,-0.000372,4.174100,4.174100,4.174100
23850.000000,33.578262,-117.064554,456.451650,33.578271,-117.064246,479.361062,-0.000868,-0.001391,-0.000374,4.174709,4.174709,4.174709
23865.000000,33.578260,-117.064552,455.299911,33.578271,-117.064247,479.339728,-0.000869,-0.001388,-0.000375,4.175313,4.175313,4.175313
23880.000000,33.578259,-117.064554,455.088251,33.578271,-117.064247,479.317898,-0.000871,-0.001385,-0.000377,4.175901,4.175901,4.175901
23895.000000,33.578258,-117.064551,454.136439,33.578271,-117.064248,479.294790,-0.000873,-0.001381,-0.000378,4.176508,4.176508,4.176508
23910.000000,33.578260,-117.064551,452.996142,33.578271,-117.064248,479.269355,-0.000874,-0.001378,-0.000380,4.177073,4.177073,4.177073
23925.000000,33.578260,-117.064552,451.896458,33.578271,-117.064249,479.242100,-0.000876,-0.001375,-0.000381,4.177632,4.177632,4.177632
23940.000000,33.578259,-117.064551,451.150483,33.578270,-117.064249,479.213627,-0.000877,-0.001372,-0.000383,4.178187,4.178187,4.178187
23955.000000,33.578258,-117.064554,451.035757,33.578270,-117.064250,479.184878,-0.000879,-0.001368,-0.000385,4.178733,4.178733,4.178733
23970.000000,33.578256,-117.064552,450.057036,33.578270,-117.064250,479.154623,-0.000880,-0.001365,-0.000387,4.179282,4.179282,4.179282
23985.000000,33.578259,-117.064549,448.628421,33.578270,-117.064251,479.121577,-0.000882,-0.001361,-0.000388,4.179796,4.179796,4.179796
24000.000000,33.578259,-117.064549,447.068246,33.578270,-117.064252,479.085866,-0.000883,-0.001357,-0.000390,4.180299,4.180299,4.180299
24015.000000,33.578258,-117.064549,446.761715,33.578269,-117.064252,479.049437,-0.000884,-0.001354,-0.000392,4.180785,4.180785,4.180785
24030.000000,33.578258,-117.064550,446.494663,33.578269,-117.064253,479.012630,-0.000886,-0.001350,-0.000394,4.181272,4.181272,4.181272
24045.000000,33.578259,-117.064548,444.624819,33.578269,-117.064253,478.972493,-0.000887,-0.001346,-0.000396,4.181740,4.181740,4.181740
24060.000000,33.578259,-117.064547,444.154413,33.578269,-117.064254,478.931390,-0.000888,-0.001342,-0.000398,4.182193,4.182193,4.182193
24075.000000,33.578259,-117.064547,443.495543,33.578269,-117.064254,478.889293,-0.000889,-0.001338,-0.000401,4.182649,4.182649,4.182649
24090.000000,33.578257,-117.064548,442.942231,33.578268,-117.064255,478.846213,-0.000890,-0.001334,-0.000403,4.183098,4.183098,4.183098
24105.000000,33.578258,-117.064547,441.822955,33.578268,-117.064255,478.800783,-0.000891,-0.001330,-0.000405,4.183515,4.183515,4.183515
24120.000000,33.578258,-117.064547,440.851143,33.578268,-117.064256,478.753390,-0.000892,-0.001326,-0.000407,4.183910,4.183910,4.183910
24135.000000,33.578257,-117.064549,440.449377,33.578268,-117.064256,478.705790,-0.000893,-0.001322,-0.000410,4.184327,4.184327,4.184327
24150.000000,33.578259,-117.064547,439.492372,33.578268,-117.064257,478.655809,-0.000894,-0.001317,-0.000412,4.184698,4.184698,4.184698
24165.000000,33.578259,-117.064546,438.581098,33.578268,-117.064257,478.604109,-0.000895,-0.001313,-0.000414,4.185056,4.185056,4.185056
24180.000000,33.578258,-117.064545,437.907668,33.578267,-117.064258,478.551068,-0.000896,-0.001309,-0.000417,4.185400,4.185400,4.185400
24195.000000,33.578258,-117.064546,436.254978,33.578267,-117.064258,478.494998,-0.000897,-0.001304,-0.000419,4.185729,4.185729,4.185729
24210.000000,33.578259,-117.064544,436.138091,33.578267,-117.064259,478.437968,-0.000898,-0.001299,-0.000422,4.186017,4.186017,4.186017
24225.000000,33.578256,-117.064546,435.732412,33.578267,-117.064259,478.380546,-0.000899,-0.001295,-0.000425,4.186316,4.186316,4.186316
24240.000000,33.578255,-117.064545,435.059410,33.578267,-117.064260,478.321895,-0.000900,-0.001290,-0.000427,4.186607,4.186607,4.186607
24255.000000,33.578256,-117.064542,434.281029,33.578266,-117.064260,478.260940,-0.000900,-0.001285,-0.000430,4.186848,4.186848,4.186848
24270.000000,33.578162,-117.064493,465.821674,33.578266,-117.064261,478.253113,-0.000902,-0.001284,-0.000432,4.186758,4.186758,4.186758
24285.000000,33.578159,-117.064490,465.483344,33.578266,-117.064261,478.244545,-0.000904,-0.001282,-0.000434,4.186651,4.186651,4.186651
24300.000000,33.578163,-117.064491,463.562644,33.578265,-117.064262,478.232065,-0.000906,-0.001280,-0.000436,4.186507,4.186507,4.186507
24315.000000,33.578160,-117.064488,463.738951,33.578265,-117.064262,478.219920,-0.000908,-0.001279,-0.000438,4.186360,4.186360,4.186360
24330.000000,33.578160,-117.064487,463.021492,33.578265,-117.064263,478.206276,-0.000910,-0.001277,-0.000440,4.186195,4.186195,4.186195
24345.000000,33.578160,-117.064489,462.441124,33.578264,-117.064263,478.191385,-0.000912,-0.001275,-0.000443,4.186010,4.186010,4.186010
24360.000000,33.578157,-117.064486,462.258071,33.578264,-117.064264,478.176334,-0.000914,-0.001273,-0.000445,4.185848,4.185848,4.185848
24375.000000,33.578159,-117.064486,460.854157,33.578264,-117.064264,478.158139,-0.000916,-0.001271,-0.000447,4.185630,4.185630,4.185630
24390.000000,33.578158,-117.064482,460.282002,33.578263,-117.064265,478.138726,-0.000917,-0.001269,-0.000450,4.185398,4.185398,4.185398
24405.000000,33.578157,-117.064484,460.112663,33.578263,-117.064265,478.119231,-0.000919,-0.001267,-0.000452,4.185191,4.185191,4.185191
24420.000000,33.578158,-117.064483,458.627809,33.578262,-117.064266,478.096581,-0.000921,-0.001265,-0.000454,4.184953,4.184953,4.184953
24435.000000,33.578157,-117.064483,457.883272,33.578262,-117.064266,478.072374,-0.000922,-0.001263,-0.000457,4.184700,4.184700,4.184700
24450.000000,33.578155,-117.064481,457.531442,33.578262,-117.064266,478.047421,-0.000924,-0.001261,-0.000460,4.184439,4.184439,4.184439
24465.000000,33.578153,-117.064481,457.410038,33.578261,-117.064267,478.022208,-0.000925,-0.001258,-0.000462,4.184171,4.184171,4.184171
24480.000000,33.578153,-117.064480,456.065356,33.578261,-117.064267,477.994069,-0.000927,-0.001256,-0.000465,4.183874,4.183874,4.183874
24495.000000,33.578152,-117.064478,455.949133,33.578261,-117.064268,477.965588,-0.000928,-0.001254,-0.000468,4.183561,4.183561,4.183561
24510.000000,33.578151,-117.064476,454.947291,33.578260,-117.064268,477.935170,-0.000930,-0.001251,-0.000470,4.183250,4.183250,4.183250
24525.000000,33.578151,-117.064477,454.786817,33.578260,-117.064269,477.904424,-0.000931,-0.001249,-0.000473,4.182933,4.182933,4.182933
24540.000000,33.578259,-117.064421,480.934285,33.578260,-117.064269,477.925510,-0.000933,-0.001248,-0.000473,4.182734,4.182734,4.182734
24555.000000,33.578255,-117.064417,479.689948,33.578259,-117.064269,477.944169,-0.000934,-0.001248,-0.000473,4.182522,4.182522,4.182522
24570.000000,33.578260,-117.064418,479.493511,33.578259,-117.064270,477.962414,-0.000936,-0.001247,-0.000473,4.182306,4.182306,4.182306
24585.000000,33.578258,-117.064414,480.324901,33.578259,-117.064270,477.982151,-0.000937,-0.001247,-0.000473,4.182165,4.182165,4.182165
24600.000000,33.578260,-117.064411,479.222398,33.578259,-117.064270,477.999768,-0.000939,-0.001246,-0.000472,4.182007,4.182007,4.182007
24615.000000,33.578259,-117.064412,478.222602,33.578259,-117.064271,478.015452,-0.000940,-0.001245,-0.000472,4.181803,4.181803,4.181803
24630.000000,33.578259,-117.064410,477.227596,33.578259,-117.064271,478.029175,-0.000942,-0.001245,-0.000473,4.181562,4.181562,4.181562
24645.000000,33.578255,-117.064411,475.257428,33.578258,-117.064271,478.038950,-0.000943,-0.001244,-0.000473,4.181249,4.181249,4.181249
24660.000000,33.578256,-117.064406,476.643279,33.578258,-117.064272,478.051521,-0.000944,-0.001243,-0.000473,4.181055,4.181055,4.181055
24675.000000,33.578259,-117.064407,476.342939,33.578258,-117.064272,478.063505,-0.000945,-0.001242,-0.000473,4.180878,4.180878,4.180878
24690.000000,33.578257,-117.064405,474.831693,33.578258,-117.064272,478.072426,-0.000946,-0.001241,-0.000473,4.180600,4.180600,4.180600
24705.000000,33.578258,-117.064406,474.889612,33.578258,-117.064273,478.081529,-0.000948,-0.001240,-0.000473,4.180380,4.180380,4.180380
24720.000000,33.578255,-117.064404,473.878754,33.578258,-117.064273,478.088585,-0.000949,-0.001239,-0.000474,4.180120,4.180120,4.180120
24735.000000,33.578253,-117.064402,472.120063,33.578257,-117.064273,478.092000,-0.000950,-0.001238,-0.000474,4.179788,4.179788,4.179788
24750.000000,33.578255,-117.064399,472.741391,33.578257,-117.064273,478.096848,-0.000951,-0.001237,-0.000475,4.179539,4.179539,4.179539
24765.000000,33.578257,-117.064401,471.953533,33.578257,-117.064274,478.100009,-0.000952,-0.001236,-0.000475,4.179239,4.179239,4.179239
24780.000000,33.578255,-117.064400,471.311305,33.578257,-117.064274,478.101893,-0.000953,-0.001234,-0.000475,4.178937,4.178937,4.178937
24795.000000,33.578255,-117.064395,470.812143,33.578257,-117.064274,478.102975,-0.000953,-0.001233,-0.000476,4.178688,4.178688,4.178688
24810.000000,33.578254,-117.064397,469.583782,33.578257,-117.064275,478.101292,-0.000954,-0.001232,-0.000476,4.178344,4.178344,4.178344
24825.000000,33.578252,-117.064396,469.137849,33.578256,-117.064275,478.098642,-0.000955,-0.001230,-0.000477,4.177980,4.177980,4.177980
24840.000000,33.578256,-117.064391,469.767654,33.578256,-117.064275,478.097525,-0.000956,-0.001229,-0.000478,4.177687,4.177687,4.177687
24855.000000,33.578253,-117.064391,467.786213,33.578256,-117.064275,478.092257,-0.000957,-0.001228,-0.000478,4.177337,4.177337,4.177337
24870.000000,33.578252,-117.064390,467.825740,33.578256,-117.064276,478.086913,-0.000957,-0.001226,-0.000479,4.176954,4.176954,4.176954
24885.000000,33.578252,-117.064389,467.972697,33.578256,-117.064276,478.082411,-0.000958,-0.001225,-0.000480,4.176684,4.176684,4.176684
24900.000000,33.578255,-117.064388,466.844740,33.578255,-117.064276,478.075236,-0.000958,-0.001223,-0.000481,4.176322,4.176322,4.176322
24915.000000,33.578254,-117.064388,465.496769,33.578255,-117.064277,478.065331,-0.000959,-0.001222,-0.000481,4.175948,4.175948,4.175948
24930.000000,33.578250,-117.064387,464.993191,33.578255,-117.064277,478.054211,-0.000960,-0.001220,-0.000482,4.175538,4.175538,4.175538
24945.000000,33.578253,-117.064385,464.881205,33.578255,-117.064277,478.043133,-0.000960,-0.001218,-0.000483,4.175167,4.175167,4.175167
24960.000000,33.578251,-117.064384,463.996466,33.578255,-117.064277,478.029931,-0.000960,-0.001216,-0.000484,4.174739,4.174739,4.174739
24975.000000,33.578248,-117.064385,462.763852,33.578255,-117.064278,478.013754,-0.000961,-0.001215,-0.000485,4.174240,4.174240,4.174240
24990.000000,33.578254,-117.064383,463.067594,33.578254,-117.064278,477.998816,-0.000961,-0.001213,-0.000486,4.173824,4.173824,4.173824
25005.000000,33.578250,-117.064379,462.611600,33.578254,-117.064278,477.982620,-0.000962,-0.001211,-0.000487,4.173358,4.173358,4.173358
25020.000000,33.578248,-117.064379,460.911359,33.578254,-117.064278,477.962486,-0.000962,-0.001209,-0.000489,4.172827,4.172827,4.172827
25035.000000,33.578254,-117.064378,461.245646,33.578254,-117.064279,477.943839,-0.000962,-0.001207,-0.000490,4.172393,4.172393,4.172393
25050.000000,33.578250,-117.064375,460.655235,33.578254,-117.064279,477.923642,-0.000962,-0.001205,-0.000491,4.171911,4.171911,4.171911
25065.000000,33.578247,-117.064376,459.805528,33.578254,-117.064279,477.901487,-0.000962,-0.001203,-0.000492,4.171398,4.171398,4.171398
25080.000000,33.578251,-117.064372,460.153663,33.578253,-117.064279,477.880849,-0.000962,-0.001201,-0.000493,4.170977,4.170977,4.170977
25095.000000,33.578247,-117.064377,457.968017,33.578253,-117.064280,477.854223,-0.000963,-0.001198,-0.000495,4.170381,4.170381,4.170381
25110.000000,33.578249,-117.064374,458.489358,33.578253,-117.064280,477.829390,-0.000963,-0.001196,-0.000496,4.169857,4.169857,4.169857
25125.000000,33.578251,-117.064370,457.948176,33.578253,-117.064280,477.803613,-0.000963,-0.001194,-0.000498,4.169346,4.169346,4.169346
25140.000000,33.578245,-117.064372,456.512182,33.578253,-117.064280,477.773700,-0.000963,-0.001191,-0.000499,4.168711,4.168711,4.168711
25155.000000,33.578252,-117.064370,456.789551,33.578252,-117.064281,477.744992,-0.000963,-0.001189,-0.000501,4.168134,4.168134,4.168134
25170.000000,33.578249,-117.064370,455.765913,33.578252,-117.064281,477.714082,-0.000962,-0.001187,-0.000502,4.167544,4.167544,4.167544
25185.000000,33.578246,-117.064368,454.896536,33.578252,-117.064281,477.681442,-0.000962,-0.001184,-0.000504,4.166956,4.166956,4.166956
25200.000000,33.578251,-117.064366,454.964684,33.578252,-117.064281,477.648252,-0.000962,-0.001182,-0.000505,4.166300,4.166300,4.166300
25215.000000,33.578247,-117.064369,453.341192,33.578252,-117.064281,477.610955,-0.000962,-0.001179,-0.000507,4.165578,4.165578,4.165578
25230.000000,33.578247,-117.064366,453.367302,33.578252,-117.064282,477.574746,-0.000962,-0.001176,-0.000509,4.164940,4.164940,4.164940
25245.000000,33.578247,-117.064364,452.421379,33.578251,-117.064282,477.536373,-0.000961,-0.001174,-0.000511,4.164281,4.164281,4.164281
25260.000000,33.578243,-117.064367,451.128624,33.578251,-117.064282,477.494174,-0.000961,-0.001171,-0.000512,4.163529,4.163529,4.163529
25275.000000,33.578246,-117.064361,452.041569,33.578251,-117.064282,477.455185,-0.000961,-0.001168,-0.000514,4.162875,4.162875,4.162875
25290.000000,33.578242,-117.064361,451.328426,33.578251,-117.064283,477.414481,-0.000960,-0.001165,-0.000516,4.162197,4.162197,4.162197
25305.000000,33.578243,-117.064362,449.740376,33.578251,-117.064283,477.369190,-0.000960,-0.001162,-0.000518,4.161420,4.161420,4.161420
25320.000000,33.578243,-117.064362,449.764802,33.578251,-117.064283,477.324977,-0.000959,-0.001159,-0.000520,4.160715,4.160715,4.160715
25335.000000,33.578240,-117.064361,449.392791,33.578250,-117.064283,477.278685,-0.000959,-0.001156,-0.000522,4.159908,4.159908,4.159908
25350.000000,33.578243,-117.064358,449.031163,33.578250,-117.064283,477.231645,-0.000958,-0.001153,-0.000524,4.159097,4.159097,4.159097
25365.000000,33.578241,-117.064356,447.838601,33.578250,-117.064284,477.182144,-0.000958,-0.001150,-0.000527,4.158289,4.158289,4.158289
25380.000000,33.578244,-117.064358,447.701453,33.578250,-117.064284,477.131073,-0.000957,-0.001147,-0.000529,4.157385,4.157385,4.157385
25395.000000,33.578246,-117.064359,447.379754,33.578250,-117.064284,477.079728,-0.000956,-0.001144,-0.000531,4.156506,4.156506,4.156506
25410.000000,33.578243,-117.064357,446.699085,33.578249,-117.064284,477.027129,-0.000956,-0.001140,-0.000533,4.155636,4.155636,4.155636
25425.000000,33.578239,-117.064356,446.596708,33.578249,-117.064285,476.974285,-0.000955,-0.001137,-0.000535,4.154759,4.154759,4.154759
25440.000000,33.578241,-117.064356,445.538910,33.578249,-117.064285,476.917858,-0.000954,-0.001134,-0.000538,4.153792,4.153792,4.153792
25455.000000,33.578241,-117.064353,445.376645,33.578249,-117.064285,476.861567,-0.000953,-0.001130,-0.000540,4.152851,4.152851,4.152851
25470.000000,33.578239,-117.064351,444.569481,33.578249,-117.064285,476.804132,-0.000952,-0.001127,-0.000543,4.151946,4.151946,4.151946
25485.000000,33.578240,-117.064350,444.622512,33.578248,-117.064285,476.746287,-0.000952,-0.001124,-0.000545,4.151000,4.151000,4.151000
25500.000000,33.578241,-117.064353,443.979802,33.578248,-117.064286,476.685769,-0.000951,-0.001120,-0.000547,4.149969,4.149969,4.149969
25515.000000,33.578239,-117.064349,443.323013,33.578248,-117.064286,476.624772,-0.000950,-0.001117,-0.000550,4.148993,4.148993,4.148993
25530.000000,33.578239,-117.064349,442.817308,33.578248,-117.064286,476.562243,-0.000949,-0.001113,-0.000553,4.147986,4.147986,4.147986
25545.000000,33.578240,-117.064348,442.844712,33.578248,-117.064286,476.500255,-0.000948,-0.001109,-0.000555,4.147001,4.147001,4.147001
25560.000000,33.578240,-117.064350,441.757638,33.578248,-117.064286,476.434981,-0.000947,-0.001106,-0.000558,4.145959,4.145959,4.145959
25575.000000,33.578238,-117.064347,441.348779,33.578247,-117.064287,476.368823,-0.000946,-0.001102,-0.000560,4.144912,4.144912,4.144912
25590.000000,33.578236,-117.064346,441.440787,33.578247,-117.064287,476.302455,-0.000945,-0.001098,-0.000563,4.143834,4.143834,4.143834
25605.000000,33.578236,-117.064347,440.854052,33.578247,-117.064287,476.233773,-0.000944,-0.001095,-0.000566,4.142691,4.142691,4.142691
25620.000000,33.578233,-117.064344,439.845533,33.578247,-117.064287,476.163880,-0.000942,-0.001091,-0.000569,4.141604,4.141604,4.141604
25635.000000,33.578238,-117.064345,439.911309,33.578247,-117.064287,476.093365,-0.000941,-0.001087,-0.000572,4.140466,4.140466,4.140466
25650.000000,33.578238,-117.064345,439.735011,33.578246,-117.064288,476.020442,-0.000940,-0.001083,-0.000574,4.139207,4.139207,4.139207
25665.000000,33.578239,-117.064343,439.012098,33.578246,-117.064288,475.946509,-0.000939,-0.001079,-0.000577,4.137979,4.137979,4.137979
25680.000000,33.578235,-117.064341,438.233763,33.578246,-117.064288,475.871429,-0.000938,-0.001075,-0.000580,4.136781,4.136781,4.136781
25695.000000,33.578234,-117.064340,437.768687,33.578246,-117.064288,475.795836,-0.000936,-0.001071,-0.000583,4.135606,4.135606,4.135606
25710.000000,33.578233,-117.064339,437.196228,33.578246,-117.064288,475.718747,-0.000935,-0.001067,-0.000586,4.134415,4.134415,4.134415
25725.000000,33.578229,-117.064335,435.815171,33.578245,-117.064288,475.639042,-0.000933,-0.001063,-0.000589,4.133247,4.133247,4.133247
25740.000000,33.578232,-117.064339,436.586342,33.578245,-117.064289,475.559662,-0.000932,-0.001059,-0.000592,4.131994,4.131994,4.131994
25755.000000,33.578233,-117.064337,435.845118,33.578245,-117.064289,475.477407,-0.000931,-0.001054,-0.000596,4.130675,4.130675,4.130675
25770.000000,33.578234,-117.064336,436.402701,33.578245,-117.064289,475.395113,-0.000929,-0.001050,-0.000599,4.129275,4.129275,4.129275
25785.000000,33.578236,-117.064337,436.003024,33.578245,-117.064289,475.311921,-0.000928,-0.001046,-0.000602,4.127871,4.127871,4.127871
25800.000000,33.578232,-117.064337,435.042430,33.578244,-117.064289,475.226707,-0.000926,-0.001041,-0.000605,4.126474,4.126474,4.126474
25815.000000,33.578232,-117.064335,434.884242,33.578244,-117.064289,475.141561,-0.000925,-0.001037,-0.000609,4.125093,4.125093,4.125093
25830.000000,33.578234,-117.064337,434.855828,33.578244,-117.064290,475.054038,-0.000923,-0.001033,-0.000612,4.123585,4.123585,4.123585
25845.000000,33.578235,-117.064334,434.216964,33.578244,-117.064290,474.965996,-0.000921,-0.001028,-0.000615,4.122121,4.122121,4.122121
25860.000000,33.578231,-117.064334,433.154371,33.578244,-117.064290,474.875668,-0.000920,-0.001024,-0.000619,4.120665,4.120665,4.120665
25875.000000,33.578230,-117.064333,433.155773,33.578243,-117.064290,474.785300,-0.000918,-0.001019,-0.000622,4.119199,4.119199,4.119199
25890.000000,33.578234,-117.064335,432.936913,33.578243,-117.064290,474.691741,-0.000916,-0.001014,-0.000625,4.117593,4.117593,4.117593
25905.000000,33.578230,-117.064333,432.446628,33.578243,-117.064290,474.597628,-0.000914,-0.001010,-0.000629,4.116011,4.116011,4.116011
25920.000000,33.578229,-117.064332,431.783980,33.578243,-117.064291,474.503086,-0.000913,-0.001005,-0.000633,4.114480,4.114480,4.114480
25935.000000,33.578232,-117.064332,431.792697,33.578243,-117.064291,474.406717,-0.000911,-0.001000,-0.000636,4.112851,4.112851,4.112851
25950.000000,33.578229,-117.064329,431.430302,33.578242,-117.064291,474.309000,-0.000909,-0.000996,-0.000640,4.111192,4.111192,4.111192
25965.000000,33.578228,-117.064330,430.817794,33.578242,-117.064291,474.209813,-0.000907,-0.000991,-0.000643,4.109528,4.109528,4.109528
25980.000000,33.578231,-117.064331,430.191050,33.578242,-117.064291,474.107994,-0.000905,-0.000986,-0.000647,4.107806,4.107806,4.107806
25995.000000,33.578226,-117.064330,430.094452,33.578242,-117.064291,474.006062,-0.000903,-0.000981,-0.000651,4.106082,4.106082,4.106082
26010.000000,33.578225,-117.064331,430.008154,33.578242,-117.064292,473.903581,-0.000901,-0.000976,-0.000655,4.104332,4.104332,4.104332
26025.000000,33.578228,-117.064331,429.770114,33.578241,-117.064292,473.800241,-0.000900,-0.000971,-0.000659,4.102562,4.102562,4.102562
26040.000000,33.578224,-117.064330,429.052857,33.578241,-117.064292,473.695112,-0.000898,-0.000966,-0.000662,4.100786,4.100786,4.100786
26055.000000,33.578225,-117.064330,428.569443,33.578241,-117.064292,473.587123,-0.000896,-0.000961,-0.000666,4.098927,4.098927,4.098927
26070.000000,33.578223,-117.064328,427.967003,33.578241,-117.064292,473.478570,-0.000893,-0.000956,-0.000670,4.097104,4.097104,4.097104
26085.000000,33.578227,-117.064329,428.644401,33.578241,-117.064292,473.367846,-0.000891,-0.000950,-0.000674,4.095091,4.095091,4.095091
26100.000000,33.578225,-117.064327,427.935425,33.578240,-117.064292,473.258429,-0.000889,-0.000945,-0.000678,4.093213,4.093213,4.093213
26115.000000,33.578227,-117.064328,428.244591,33.578240,-117.064293,473.146531,-0.000887,-0.000940,-0.000683,4.091176,4.091176,4.091176
26130.000000,33.578222,-117.064329,427.276763,33.578240,-117.064293,473.034888,-0.000885,-0.000935,-0.000687,4.089256,4.089256,4.089256
26145.000000,33.578227,-117.064330,427.449114,33.578240,-117.064293,472.920304,-0.000883,-0.000929,-0.000691,4.087175,4.087175,4.087175
26160.000000,33.578224,-117.064326,426.536196,33.578240,-117.064293,472.805598,-0.000881,-0.000924,-0.000695,4.085187,4.085187,4.085187
26175.000000,33.578223,-117.064327,426.545778,33.578239,-117.064293,472.688757,-0.000878,-0.000919,-0.000699,4.083094,4.083094,4.083094
26190.000000,33.578221,-117.064326,425.710484,33.578239,-117.064293,472.571709,-0.000876,-0.000913,-0.000703,4.081080,4.081080,4.081080
26205.000000,33.578222,-117.064327,426.029788,33.578239,-117.064294,472.452993,-0.000874,-0.000908,-0.000708,4.078945,4.078945,4.078945
26220.000000,33.578220,-117.064325,425.454618,33.578239,-117.064294,472.333518,-0.000872,-0.000902,-0.000712,4.076836,4.076836,4.076836
26235.000000,33.578224,-117.064327,425.539948,33.578238,-117.064294,472.213047,-0.000869,-0.000897,-0.000716,4.074662,4.074662,4.074662
26250.000000,33.578224,-117.064325,425.595657,33.578238,-117.064294,472.091774,-0.000867,-0.000891,-0.000720,4.072436,4.072436,4.072436
26265.000000,33.578222,-117.064326,425.262127,33.578238,-117.064294,471.968045,-0.000865,-0.000885,-0.000725,4.070132,4.070132,4.070132
26280.000000,33.578223,-117.064326,425.678221,33.578238,-117.064294,471.845368,-0.000862,-0.000880,-0.000729,4.067811,4.067811,4.067811
26295.000000,33.578513,-117.064405,477.689063,33.578239,-117.064295,471.883533,-0.000863,-0.000875,-0.000721,4.060960,4.060960,4.060960
26310.000000,33.578508,-117.064402,476.691271,33.578240,-117.064295,471.916596,-0.000864,-0.000871,-0.000713,4.054071,4.054071,4.054071
26325.000000,33.578510,-117.064403,476.808970,33.578241,-117.064296,471.949747,-0.000865,-0.000866,-0.000705,4.047342,4.047342,4.047342
26340.000000,33.578509,-117.064402,476.551291,33.578243,-117.064297,471.981293,-0.000866,-0.000862,-0.000698,4.040697,4.040697,4.040697
26355.000000,33.578505,-117.064401,476.031224,33.578244,-117.064297,472.010257,-0.000867,-0.000858,-0.000690,4.033990,4.033990,4.033990
26370.000000,33.578504,-117.064402,475.352430,33.578245,-117.064298,472.035532,-0.000868,-0.000853,-0.000683,4.027391,4.027391,4.027391
26385.000000,33.578503,-117.064402,475.156772,33.578246,-117.064298,472.059574,-0.000868,-0.000849,-0.000676,4.020898,4.020898,4.020898
26400.000000,33.578501,-117.064400,474.312685,33.578247,-117.064299,472.079333,-0.000869,-0.000844,-0.000669,4.014444,4.014444,4.014444
26415.000000,33.578502,-117.064401,473.857185,33.578248,-117.064300,472.096710,-0.000869,-0.000839,-0.000662,4.008073,4.008073,4.008073
26430.000000,33.578500,-117.064403,474.223098,33.578249,-117.064300,472.115767,-0.000870,-0.000835,-0.000655,4.001729,4.001729,4.001729
26445.000000,33.578497,-117.064401,473.254229,33.578250,-117.064301,472.130000,-0.000871,-0.000830,-0.000649,3.995469,3.995469,3.995469
26460.000000,33.578495,-117.064398,472.771364,33.578251,-117.064301,472.141847,-0.000871,-0.000826,-0.000643,3.989217,3.989217,3.989217
26475.000000,33.578491,-117.064400,472.596967,33.578252,-117.064302,472.152795,-0.000871,-0.000821,-0.000637,3.983003,3.983003,3.983003
26490.000000,33.578491,-117.064400,471.973789,33.578253,-117.064302,472.160712,-0.000872,-0.000816,-0.000631,3.976887,3.976887,3.976887
26505.000000,33.578491,-117.064401,471.665202,33.578254,-117.064303,472.167144,-0.000872,-0.000812,-0.000625,3.970854,3.970854,3.970854
26520.000000,33.578488,-117.064399,470.679858,33.578255,-117.064303,472.168933,-0.000872,-0.000807,-0.000620,3.964870,3.964870,3.964870
26535.000000,33.578488,-117.064400,470.914916,33.578256,-117.064304,472.171829,-0.000873,-0.000802,-0.000614,3.958923,3.958923,3.958923
26550.000000,33.578485,-117.064398,470.531704,33.578257,-117.064304,472.172835,-0.000873,-0.000798,-0.000609,3.952887,3.952887,3.952887
26565.000000,33.578485,-117.064396,469.751706,33.578258,-117.064305,472.170272,-0.000873,-0.000793,-0.000604,3.946960,3.946960,3.946960
26580.000000,33.578484,-117.064397,469.020209,33.578259,-117.064305,472.164351,-0.000873,-0.000788,-0.000599,3.941078,3.941078,3.941078
26595.000000,33.578484,-117.064397,468.967870,33.578260,-117.064306,472.158425,-0.000873,-0.000783,-0.000594,3.935339,3.935339,3.935339
26610.000000,33.578479,-117.064398,468.750355,33.578261,-117.064306,472.151578,-0.000873,-0.000779,-0.000589,3.929641,3.929641,3.929641
26625.000000,33.578478,-117.064397,468.455386,33.578261,-117.064307,472.143482,-0.000873,-0.000774,-0.000584,3.923992,3.923992,3.923992
26640.000000,33.578478,-117.064394,468.098386,33.578262,-117.064307,472.133869,-0.000873,-0.000769,-0.000580,3.918390,3.918390,3.918390
26655.000000,33.578477,-117.064396,467.542246,33.578263,-117.064308,472.121743,-0.000873,-0.000764,-0.000576,3.912783,3.912783,3.912783
26670.000000,33.578476,-117.064394,467.063847,33.578264,-117.064308,472.107824,-0.000873,-0.000760,-0.000571,3.907312,3.907312,3.907312
26685.000000,33.578473,-117.064394,466.579023,33.578265,-117.064309,472.091855,-0.000872,-0.000755,-0.000567,3.901872,3.901872,3.901872
26700.000000,33.578471,-117.064394,465.569539,33.578265,-117.064309,472.071131,-0.000872,-0.000750,-0.000563,3.896343,3.896343,3.896343
26715.000000,33.578469,-117.064395,465.562617,33.578266,-117.064310,472.050887,-0.000872,-0.000745,-0.000560,3.890954,3.890954,3.890954
26730.000000,33.578465,-117.064393,465.185693,33.578267,-117.064310,472.029173,-0.000872,-0.000740,-0.000556,3.885607,3.885607,3.885607
26745.000000,33.578466,-117.064393,464.549600,33.578268,-117.064310,472.004950,-0.000871,-0.000736,-0.000553,3.880325,3.880325,3.880325
26760.000000,33.578463,-117.064393,464.203978,33.578268,-117.064311,471.979080,-0.000871,-0.000731,-0.000549,3.874996,3.874996,3.874996
26775.000000,33.578463,-117.064390,463.631094,33.578269,-117.064311,471.951227,-0.000870,-0.000726,-0.000546,3.869778,3.869778,3.869778
26790.000000,33.578461,-117.064392,463.280852,33.578270,-117.064312,471.921890,-0.000870,-0.000721,-0.000543,3.864554,3.864554,3.864554
26805.000000,33.578461,-117.064391,463.458056,33.578270,-117.064312,471.894070,-0.000869,-0.000716,-0.000540,3.859484,3.859484,3.859484
26820.000000,33.578455,-117.064390,462.391608,33.578271,-117.064312,471.861385,-0.000869,-0.000711,-0.000537,3.854339,3.854339,3.854339
26835.000000,33.578455,-117.064391,462.098567,33.578272,-117.064313,471.827423,-0.000868,-0.000706,-0.000534,3.849176,3.849176,3.849176
26850.000000,33.578452,-117.064390,461.118365,33.578272,-117.064313,471.789690,-0.000868,-0.000701,-0.000532,3.844084,3.844084,3.844084
26865.000000,33.578448,-117.064390,460.867737,33.578273,-117.064314,471.751390,-0.000867,-0.000696,-0.000529,3.839065,3.839065,3.839065
26880.000000,33.578445,-117.064390,460.302400,33.578274,-117.064314,471.711088,-0.000866,-0.000691,-0.000527,3.834099,3.834099,3.834099
26895.000000,33.578442,-117.064391,459.719272,33.578274,-117.064314,471.667956,-0.000866,-0.000686,-0.000525,3.829059,3.829059,3.829059
26910.000000,33.578443,-117.064389,459.561748,33.578275,-117.064315,471.624912,-0.000865,-0.000681,-0.000523,3.824122,3.824122,3.824122
26925.000000,33.578437,-117.064389,458.985125,33.578275,-117.064315,471.579488,-0.000864,-0.000676,-0.000521,3.819177,3.819177,3.819177
26940.000000,33.578436,-117.064385,458.097045,33.578276,-117.064316,471.530760,-0.000863,-0.000671,-0.000519,3.814281,3.814281,3.814281
26955.000000,33.578435,-117.064386,457.536537,33.578276,-117.064316,471.479772,-0.000862,-0.000666,-0.000518,3.809381,3.809381,3.809381
26970.000000,33.578431,-117.064386,457.083340,33.578277,-117.064316,471.426880,-0.000861,-0.000661,-0.000516,3.804465,3.804465,3.804465
26985.000000,33.578430,-117.064386,456.656871,33.578277,-117.064317,471.373702,-0.000860,-0.000656,-0.000515,3.799727,3.799727,3.799727
27000.000000,33.578429,-117.064386,456.187681,33.578278,-117.064317,471.318148,-0.000859,-0.000651,-0.000513,3.794917,3.794917,3.794917
27015.000000,33.578428,-117.064386,455.718976,33.578278,-117.064317,471.261944,-0.000858,-0.000645,-0.000512,3.790249,3.790249,3.790249
27030.000000,33.578423,-117.064385,455.234501,33.578279,-117.064318,471.202723,-0.000857,-0.000640,-0.000511,3.785442,3.785442,3.785442
27045.000000,33.578421,-117.064385,454.992410,33.578279,-117.064318,471.143441,-0.000856,-0.000635,-0.000510,3.780728,3.780728,3.780728
27060.000000,33.578417,-117.064384,454.853263,33.578280,-117.064319,471.083278,-0.000855,-0.000630,-0.000509,3.775960,3.775960,3.775960
27075.000000,33.578416,-117.064382,453.904168,33.578280,-117.064319,471.020390,-0.000854,-0.000625,-0.000509,3.771311,3.771311,3.771311
27090.000000,33.578412,-117.064383,453.786814,33.578281,-117.064319,470.957107,-0.000853,-0.000620,-0.000508,3.766652,3.766652,3.766652
27105.000000,33.578411,-117.064383,453.256438,33.578281,-117.064320,470.892932,-0.000852,-0.000615,-0.000508,3.762114,3.762114,3.762114
27120.000000,33.578406,-117.064383,452.677658,33.578281,-117.064320,470.825736,-0.000851,-0.000609,-0.000507,3.757488,3.757488,3.757488
27135.000000,33.578404,-117.064381,451.818631,33.578282,-117.064320,470.755816,-0.000849,-0.000604,-0.000507,3.752924,3.752924,3.752924
27150.000000,33.578401,-117.064382,451.745783,33.578282,-117.064321,470.686604,-0.000848,-0.000599,-0.000507,3.748441,3.748441,3.748441
27165.000000,33.578402,-117.064380,451.007657,33.578283,-117.064321,470.614784,-0.000847,-0.000594,-0.000507,3.743976,3.743976,3.743976
27180.000000,33.578399,-117.064379,450.589595,33.578283,-117.064321,470.540765,-0.000846,-0.000589,-0.000507,3.739444,3.739444,3.739444
27195.000000,33.578399,-117.064378,450.175911,33.578283,-117.064321,470.466630,-0.000844,-0.000583,-0.000507,3.735039,3.735039,3.735039
27210.000000,33.578393,-117.064379,449.728012,33.578284,-117.064322,470.390174,-0.000843,-0.000578,-0.000507,3.730568,3.730568,3.730568
27225.000000,33.578391,-117.064376,448.665555,33.578284,-117.064322,470.310506,-0.000841,-0.000573,-0.000508,3.726172,3.726172,3.726172
27240.000000,33.578388,-117.064378,447.963449,33.578284,-117.064322,470.228890,-0.000840,-0.000568,-0.000508,3.721830,3.721830,3.721830
27255.000000,33.578387,-117.064376,447.714310,33.578284,-117.064323,470.147393,-0.000838,-0.000562,-0.000509,3.717562,3.717562,3.717562
27270.000000,33.578383,-117.064378,447.679021,33.578285,-117.064323,470.065372,-0.000837,-0.000557,-0.000510,3.713244,3.713244,3.713244
27285.000000,33.578381,-117.064375,446.734939,33.578285,-117.064323,469.980040,-0.000835,-0.000552,-0.000511,3.708943,3.708943,3.708943
27300.000000,33.578377,-117.064376,446.540484,33.578285,-117.064324,469.893125,-0.000834,-0.000546,-0.000512,3.704561,3.704561,3.704561
27315.000000,33.578375,-117.064373,445.421232,33.578285,-117.064324,469.802835,-0.000832,-0.000541,-0.000513,3.700243,3.700243,3.700243
27330.000000,33.578374,-117.064376,445.486614,33.578286,-117.064324,469.713444,-0.000831,-0.000536,-0.000514,3.695957,3.695957,3.695957
27345.000000,33.578372,-117.064376,444.691922,33.578286,-117.064324,469.621745,-0.000829,-0.000530,-0.000515,3.691715,3.691715,3.691715
27360.000000,33.578369,-117.064376,444.901916,33.578286,-117.064325,469.530858,-0.000827,-0.000525,-0.000516,3.687454,3.687454,3.687454
27375.000000,33.578368,-117.064375,443.917195,33.578286,-117.064325,469.437095,-0.000826,-0.000519,-0.000518,3.683248,3.683248,3.683248
27390.000000,33.578361,-117.064373,443.452208,33.578286,-117.064325,469.340464,-0.000824,-0.000514,-0.000519,3.678950,3.678950,3.678950
27405.000000,33.578360,-117.064373,443.207266,33.578287,-117.064325,469.244439,-0.000822,-0.000509,-0.000521,3.674746,3.674746,3.674746
27420.000000,33.578356,-117.064374,442.632429,33.578287,-117.064326,469.145172,-0.000821,-0.000503,-0.000523,3.670455,3.670455,3.670455
27435.000000,33.578355,-117.064371,441.664176,33.578287,-117.064326,469.043387,-0.000819,-0.000498,-0.000525,3.666235,3.666235,3.666235
27450.000000,33.578353,-117.064373,441.901420,33.578287,-117.064326,468.942989,-0.000817,-0.000492,-0.000527,3.662028,3.662028,3.662028
27465.000000,33.578349,-117.064370,440.627889,33.578287,-117.064327,468.838817,-0.000815,-0.000487,-0.000529,3.657883,3.657883,3.657883
27480.000000,33.578346,-117.064373,440.572140,33.578287,-117.064327,468.734366,-0.000813,-0.000481,-0.000531,3.653716,3.653716,3.653716
27495.000000,33.578342,-117.064371,440.012220,33.578287,-117.064327,468.628292,-0.000812,-0.000476,-0.000533,3.649568,3.649568,3.649568
27510.000000,33.578339,-117.064373,439.428123,33.578287,-117.064327,468.519244,-0.000810,-0.000470,-0.000535,3.645358,3.645358,3.645358
27525.000000,33.578339,-117.064370,439.005382,33.578288,-117.064328,468.409388,-0.000808,-0.000464,-0.000538,3.641183,3.641183,3.641183
27540.000000,33.578335,-117.064370,438.905378,33.578288,-117.064328,468.298806,-0.000806,-0.000459,-0.000540,3.636971,3.636971,3.636971
27555.000000,33.578333,-117.064370,437.931542,33.578288,-117.064328,468.185031,-0.000804,-0.000453,-0.000543,3.632778,3.632778,3.632778
27570.000000,33.578330,-117.064369,437.724787,33.578288,-117.064328,468.070617,-0.000802,-0.000447,-0.000546,3.628578,3.628578,3.628578
27585.000000,33.578329,-117.064370,437.204852,33.578288,-117.064329,467.954312,-0.000800,-0.000442,-0.000549,3.624370,3.624370,3.624370
27600.000000,33.578325,-117.064369,436.633573,33.578288,-117.064329,467.836592,-0.000798,-0.000436,-0.000552,3.620192,3.620192,3.620192
27615.000000,33.578321,-117.064368,436.460101,33.578288,-117.064329,467.718135,-0.000796,-0.000430,-0.000555,3.615992,3.615992,3.615992
27630.000000,33.578320,-117.064366,435.671187,33.578288,-117.064329,467.598280,-0.000794,-0.000425,-0.000558,3.611872,3.611872,3.611872
27645.000000,33.578317,-117.064366,435.498187,33.578288,-117.064329,467.476731,-0.000792,-0.000419,-0.000561,3.607676,3.607676,3.607676
27660.000000,33.578313,-117.064363,434.297024,33.578288,-117.064330,467.351815,-0.000790,-0.000413,-0.000564,3.603537,3.603537,3.603537
27675.000000,33.578309,-117.064366,434.744682,33.578288,-117.064330,467.227578,-0.000787,-0.000408,-0.000568,3.599321,3.599321,3.599321
27690.000000,33.578308,-117.064364,433.914323,33.578288,-117.064330,467.101929,-0.000785,-0.000402,-0.000571,3.595188,3.595188,3.595188
27705.000000,33.578302,-117.064363,433.347672,33.578288,-117.064330,466.972746,-0.000783,-0.000396,-0.000575,3.590967,3.590967,3.590967
27720.000000,33.578301,-117.064365,433.247242,33.578288,-117.064331,466.843063,-0.000781,-0.000390,-0.000578,3.586722,3.586722,3.586722
27735.000000,33.578298,-117.064365,432.767268,33.578287,-117.064331,466.712284,-0.000779,-0.000385,-0.000582,3.582502,3.582502,3.582502
27750.000000,33.578295,-117.064364,432.242234,33.578287,-117.064331,466.580125,-0.000776,-0.000379,-0.000586,3.578300,3.578300,3.578300
27765.000000,33.578292,-117.064363,431.705262,33.578287,-117.064331,466.445771,-0.000774,-0.000373,-0.000590,3.574076,3.574076,3.574076
27780.000000,33.578290,-117.064364,431.215888,33.578287,-117.064331,466.309537,-0.000772,-0.000367,-0.000594,3.569837,3.569837,3.569837
27795.000000,33.578287,-117.064361,430.604116,33.578287,-117.064332,466.172557,-0.000770,-0.000361,-0.000598,3.565665,3.565665,3.565665
27810.000000,33.578284,-117.064360,429.813122,33.578287,-117.064332,466.031034,-0.000767,-0.000355,-0.000603,3.561404,3.561404,3.561404
27825.000000,33.578281,-117.064363,430.152951,33.578287,-117.064332,465.892104,-0.000765,-0.000349,-0.000607,3.557187,3.557187,3.557187
27840.000000,33.578280,-117.064361,429.273814,33.578287,-117.064332,465.749034,-0.000762,-0.000343,-0.000611,3.552919,3.552919,3.552919
27855.000000,33.578276,-117.064362,429.084040,33.578287,-117.064332,465.604560,-0.000760,-0.000338,-0.000616,3.548602,3.548602,3.548602
27870.000000,33.578275,-117.064361,428.888254,33.578286,-117.064333,465.460476,-0.000758,-0.000332,-0.000621,3.544323,3.544323,3.544323
27885.000000,33.578271,-117.064362,428.997080,33.578286,-117.064333,465.316472,-0.000755,-0.000326,-0.000625,3.540008,3.540008,3.540008
27900.000000,33.578270,-117.064358,428.529966,33.578286,-117.064333,465.169402,-0.000753,-0.000320,-0.000630,3.535617,3.535617,3.535617
27915.000000,33.578267,-117.064361,428.359136,33.578286,-117.064333,465.023827,-0.000750,-0.000314,-0.000635,3.531312,3.531312,3.531312
27930.000000,33.578263,-117.064357,427.462172,33.578286,-117.064333,464.877420,-0.000748,-0.000308,-0.000639,3.527120,3.527120,3.527120
27945.000000,33.578260,-117.064358,426.946826,33.578285,-117.064334,464.727874,-0.000745,-0.000302,-0.000644,3.522859,3.522859,3.522859
27960.000000,33.578258,-117.064360,426.619592,33.578285,-117.064334,464.577543,-0.000743,-0.000296,-0.000649,3.518604,3.518604,3.518604
27975.000000,33.578255,-117.064358,426.029389,33.578285,-117.064334,464.424234,-0.000741,-0.000290,-0.000655,3.514302,3.514302,3.514302
27990.000000,33.578253,-117.064358,425.828677,33.578285,-117.064334,464.269855,-0.000738,-0.000284,-0.000660,3.509970,3.509970,3.509970
28005.000000,33.578251,-117.064358,425.348048,33.578284,-117.064334,464.112666,-0.000735,-0.000278,-0.000665,3.505579,3.505579,3.505579
28020.000000,33.578247,-117.064357,424.787518,33.578284,-117.064334,463.954329,-0.000733,-0.000272,-0.000671,3.501221,3.501221,3.501221
28035.000000,33.578247,-117.064357,424.432059,33.578284,-117.064335,463.795049,-0.000730,-0.000266,-0.000676,3.496866,3.496866,3.496866
28050.000000,33.578244,-117.064357,424.451832,33.578284,-117.064335,463.637046,-0.000728,-0.000260,-0.000682,3.492545,3.492545,3.492545
28065.000000,33.578241,-117.064355,424.087882,33.578283,-117.064335,463.476500,-0.000725,-0.000254,-0.000687,3.488157,3.488157,3.488157
28080.000000,33.578238,-117.064354,424.216504,33.578283,-117.064335,463.316335,-0.000722,-0.000248,-0.000693,3.483744,3.483744,3.483744
28095.000000,33.578237,-117.064354,423.545846,33.578283,-117.064335,463.154596,-0.000720,-0.000242,-0.000698,3.479364,3.479364,3.479364
28110.000000,33.578234,-117.064354,422.967543,33.578282,-117.064335,462.992062,-0.000717,-0.000236,-0.000704,3.475032,3.475032,3.475032
28125.000000,33.578232,-117.064355,422.731464,33.578282,-117.064336,462.826166,-0.000714,-0.000230,-0.000710,3.470578,3.470578,3.470578
28140.000000,33.578228,-117.064356,422.737285,33.578282,-117.064336,462.660238,-0.000712,-0.000224,-0.000716,3.466101,3.466101,3.466101
28155.000000,33.578226,-117.064355,422.523562,33.578281,-117.064336,462.493866,-0.000709,-0.000218,-0.000722,3.461624,3.461624,3.461624
28170.000000,33.578227,-117.064352,421.793341,33.578281,-117.064336,462.324438,-0.000706,-0.000212,-0.000728,3.457127,3.457127,3.457127
28185.000000,33.578223,-117.064353,421.528182,33.578281,-117.064336,462.154336,-0.000704,-0.000205,-0.000734,3.452627,3.452627,3.452627
28200.000000,33.578220,-117.064352,421.098531,33.578280,-117.064336,461.981689,-0.000701,-0.000199,-0.000741,3.448077,3.448077,3.448077
28215.000000,33.578219,-117.064352,420.094971,33.578280,-117.064337,461.805902,-0.000698,-0.000193,-0.000747,3.443551,3.443551,3.443551
28230.000000,33.578216,-117.064354,420.088708,33.578279,-117.064337,461.633080,-0.000695,-0.000187,-0.000753,3.439129,3.439129,3.439129
28245.000000,33.578214,-117.064354,420.017123,33.578279,-117.064337,461.459076,-0.000692,-0.000181,-0.000760,3.434650,3.434650,3.434650
28260.000000,33.578211,-117.064352,419.827169,33.578279,-117.064337,461.283851,-0.000690,-0.000174,-0.000766,3.430134,3.430134,3.430134
28275.000000,33.578208,-117.064351,419.394106,33.578278,-117.064337,461.106506,-0.000687,-0.000168,-0.000773,3.425585,3.425585,3.425585
28290.000000,33.578205,-117.064351,419.922322,33.578278,-117.064337,460.930536,-0.000684,-0.000162,-0.000779,3.420980,3.420980,3.420980
28305.000000,33.578205,-117.064349,419.129849,33.578277,-117.064337,460.750081,-0.000681,-0.000156,-0.000786,3.416308,3.416308,3.416308
28320.000000,33.578201,-117.064352,418.864149,33.578277,-117.064338,460.570847,-0.000678,-0.000150,-0.000793,3.411713,3.411713,3.411713
28335.000000,33.578200,-117.064349,418.317378,33.578276,-117.064338,460.387239,-0.000675,-0.000144,-0.000800,3.407014,3.407014,3.407014
28350.000000,33.578199,-117.064351,418.246071,33.578276,-117.064338,460.204253,-0.000673,-0.000137,-0.000807,3.402332,3.402332,3.402332
28365.000000,33.578197,-117.064350,418.758134,33.578276,-117.064338,460.020322,-0.000670,-0.000131,-0.000814,3.397498,3.397498,3.397498
28380.000000,33.578195,-117.064349,417.878859,33.578275,-117.064338,459.834462,-0.000667,-0.000125,-0.000821,3.392721,3.392721,3.392721
28395.000000,33.578192,-117.064348,417.775090,33.578275,-117.064338,459.648646,-0.000664,-0.000119,-0.000828,3.387943,3.387943,3.387943
28410.000000,33.578189,-117.064351,417.642312,33.578274,-117.064338,459.460478,-0.000661,-0.000112,-0.000835,3.383071,3.383071,3.383071
28425.000000,33.578186,-117.064349,417.665118,33.578274,-117.064339,459.271988,-0.000658,-0.000106,-0.000842,3.378160,3.378160,3.378160
28440.000000,33.578185,-117.064347,417.315231,33.578273,-117.064339,459.081898,-0.000655,-0.000100,-0.000849,3.373225,3.373225,3.373225
28455.000000,33.578181,-117.064350,417.569731,33.578273,-117.064339,458.893248,-0.000652,-0.000094,-0.000857,3.368280,3.368280,3.368280
28470.000000,33.578182,-117.064348,416.941667,33.578272,-117.064339,458.703003,-0.000649,-0.000088,-0.000864,3.363361,3.363361,3.363361
28485.000000,33.578181,-117.064347,416.046198,33.578271,-117.064339,458.511305,-0.000646,-0.000081,-0.000872,3.358521,3.358521,3.358521
28500.000000,33.578178,-117.064350,416.425029,33.578271,-117.064339,458.321808,-0.000643,-0.000075,-0.000879,3.353680,3.353680,3.353680
28515.000000,33.578175,-117.064349,415.986802,33.578270,-117.064339,458.129610,-0.000640,-0.000069,-0.000887,3.348787,3.348787,3.348787
28530.000000,33.578174,-117.064348,415.573181,33.578270,-117.064339,457.936404,-0.000637,-0.000063,-0.000894,3.343905,3.343905,3.343905
28545.000000,33.578172,-117.064346,415.108567,33.578269,-117.064340,457.739030,-0.000634,-0.000056,-0.000902,3.338918,3.338918,3.338918
28560.000000,33.578168,-117.064348,415.364339,33.578269,-117.064340,457.542959,-0.000631,-0.000050,-0.000910,3.333914,3.333914,3.333914
28575.000000,33.578168,-117.064350,415.874881,33.578268,-117.064340,457.347457,-0.000628,-0.000044,-0.000917,3.328816,3.328816,3.328816
28590.000000,33.578167,-117.064348,414.806760,33.578267,-117.064340,457.149435,-0.000625,-0.000038,-0.000925,3.323790,3.323790,3.323790
28605.000000,33.578163,-117.064349,414.916383,33.578267,-117.064340,456.952108,-0.000622,-0.000032,-0.000933,3.318747,3.318747,3.318747
28620.000000,33.578163,-117.064349,414.623955,33.578266,-117.064340,456.754561,-0.000620,-0.000025,-0.000941,3.313725,3.313725,3.313725
28635.000000,33.578162,-117.064348,414.116105,33.578266,-117.064340,456.554101,-0.000616,-0.000019,-0.000949,3.308657,3.308657,3.308657
28650.000000,33.578152,-117.064370,421.664250,33.578265,-117.064341,456.415909,-0.000615,-0.000015,-0.000955,3.304867,3.304867,3.304867
28665.000000,33.578153,-117.064368,420.972487,33.578265,-117.064341,456.274301,-0.000613,-0.000011,-0.000961,3.301023,3.301023,3.301023
28680.000000,33.578151,-117.064369,420.883271,33.578264,-117.064341,456.131929,-0.000612,-0.000006,-0.000967,3.297143,3.297143,3.297143
28695.000000,33.578147,-117.064370,420.629654,33.578263,-117.064341,455.989119,-0.000610,-0.000002,-0.000973,3.293271,3.293271,3.293271
28710.000000,33.578145,-117.064367,419.896611,33.578263,-117.064341,455.844359,-0.000609,0.000002,-0.000979,3.289423,3.289423,3.289423
28725.000000,33.578144,-117.064367,419.715194,33.578262,-117.064342,455.699336,-0.000607,0.000007,-0.000985,3.285578,3.285578,3.285578
28740.000000,33.578142,-117.064367,419.429838,33.578262,-117.064342,455.553222,-0.000605,0.000011,-0.000992,3.281716,3.281716,3.281716
28755.000000,33.578141,-117.064366,419.836980,33.578261,-117.064342,455.408172,-0.000604,0.000015,-0.000998,3.277812,3.277812,3.277812
28770.000000,33.578143,-117.064364,418.570077,33.578260,-117.064342,455.256687,-0.000602,0.000020,-0.001004,3.273825,3.273825,3.273825
28785.000000,33.578139,-117.064364,418.920008,33.578260,-117.064342,455.107117,-0.000600,0.000024,-0.001011,3.269844,3.269844,3.269844
28800.000000,33.578138,-117.064366,418.850294,33.578259,-117.064342,454.958920,-0.000598,0.000028,-0.001017,3.265919,3.265919,3.265919
28815.000000,33.578137,-117.064365,418.281400,33.578259,-117.064343,454.808778,-0.000596,0.000033,-0.001024,3.261990,3.261990,3.261990
28830.000000,33.578136,-117.064365,417.565417,33.578258,-117.064343,454.656136,-0.000595,0.000037,-0.001030,3.258058,3.258058,3.258058
28845.000000,33.578136,-117.064361,417.308657,33.578257,-117.064343,454.499002,-0.000593,0.000042,-0.001037,3.253955,3.253955,3.253955
28860.000000,33.578133,-117.064364,417.585005,33.578257,-117.064343,454.343585,-0.000591,0.000046,-0.001043,3.249860,3.249860,3.249860
28875.000000,33.578131,-117.064361,417.348849,33.578256,-117.064343,454.187769,-0.000589,0.000051,-0.001050,3.245770,3.245770,3.245770
28890.000000,33.578133,-117.064360,416.656918,33.578255,-117.064343,454.029213,-0.000587,0.000055,-0.001057,3.241665,3.241665,3.241665
28905.000000,33.578130,-117.064362,416.955929,33.578255,-117.064344,453.870705,-0.000585,0.000060,-0.001064,3.237490,3.237490,3.237490
28920.000000,33.578129,-117.064360,415.966112,33.578254,-117.064344,453.708212,-0.000583,0.000064,-0.001071,3.233299,3.233299,3.233299
28935.000000,33.578130,-117.064360,415.589402,33.578253,-117.064344,453.543803,-0.000581,0.000069,-0.001078,3.229074,3.229074,3.229074
28950.000000,33.578127,-117.064361,415.830850,33.578253,-117.064344,453.381803,-0.000579,0.000074,-0.001084,3.224890,3.224890,3.224890
28965.000000,33.578127,-117.064358,415.556394,33.578252,-117.064344,453.218191,-0.000577,0.000078,-0.001091,3.220665,3.220665,3.220665
28980.000000,33.578126,-117.064360,415.108415,33.578251,-117.064344,453.053557,-0.000575,0.000083,-0.001098,3.216457,3.216457,3.216457
28995.000000,33.578124,-117.064361,415.480480,33.578251,-117.064345,452.890514,-0.000573,0.000088,-0.001105,3.212232,3.212232,3.212232
29010.000000,33.578123,-117.064358,415.135083,33.578250,-117.064345,452.725892,-0.000571,0.000092,-0.001112,3.207980,3.207980,3.207980
29025.000000,33.578121,-117.064360,414.922998,33.578249,-117.064345,452.561051,-0.000569,0.000097,-0.001119,3.203738,3.203738,3.203738
29040.000000,33.578120,-117.064359,413.915485,33.578249,-117.064345,452.393137,-0.000567,0.000102,-0.001126,3.199523,3.199523,3.199523
29055.000000,33.578121,-117.064358,414.120897,33.578248,-117.064345,452.224904,-0.000565,0.000106,-0.001133,3.195240,3.195240,3.195240
29070.000000,33.578118,-117.064358,414.536241,33.578247,-117.064345,452.056351,-0.000563,0.000111,-0.001141,3.190848,3.190848,3.190848
29085.000000,33.578120,-117.064354,413.529113,33.578247,-117.064345,451.883779,-0.000560,0.000116,-0.001148,3.186448,3.186448,3.186448
29100.000000,33.578119,-117.064357,413.600869,33.578246,-117.064346,451.711121,-0.000558,0.000121,-0.001155,3.182011,3.182011,3.182011
29115.000000,33.578117,-117.064357,413.098812,33.578245,-117.064346,451.540337,-0.000556,0.000125,-0.001162,3.177721,3.177721,3.177721
29130.000000,33.578116,-117.064356,413.358008,33.578245,-117.064346,451.369541,-0.000554,0.000130,-0.001170,3.173364,3.173364,3.173364
29145.000000,33.578115,-117.064355,412.708698,33.578244,-117.064346,451.197231,-0.000551,0.000135,-0.001177,3.169039,3.169039,3.169039
29160.000000,33.578116,-117.064353,412.656205,33.578243,-117.064346,451.021703,-0.000549,0.000140,-0.001184,3.164570,3.164570,3.164570
29175.000000,33.578112,-117.064354,413.012299,33.578243,-117.064346,450.847132,-0.000547,0.000145,-0.001192,3.160055,3.160055,3.160055
29190.000000,33.578114,-117.064352,412.305121,33.578242,-117.064346,450.668093,-0.000545,0.000150,-0.001199,3.155462,3.155462,3.155462
29205.000000,33.578114,-117.064352,412.273701,33.578241,-117.064346,450.488304,-0.000542,0.000154,-0.001207,3.150823,3.150823,3.150823
29220.000000,33.578114,-117.064352,411.812501,33.578240,-117.064347,450.309176,-0.000540,0.000159,-0.001214,3.146273,3.146273,3.146273
29235.000000,33.578112,-117.064351,411.437526,33.578240,-117.064347,450.128581,-0.000537,0.000164,-0.001222,3.141709,3.141709,3.141709
29250.000000,33.578112,-117.064351,411.409107,33.578239,-117.064347,449.946953,-0.000535,0.000169,-0.001229,3.137087,3.137087,3.137087
29265.000000,33.578112,-117.064351,411.162111,33.578238,-117.064347,449.764690,-0.000532,0.000174,-0.001237,3.132461,3.132461,3.132461
29280.000000,33.578109,-117.064349,411.194934,33.578238,-117.064347,449.581110,-0.000530,0.000179,-0.001244,3.127754,3.127754,3.127754
29295.000000,33.578110,-117.064350,411.303123,33.578237,-117.064347,449.396781,-0.000527,0.000184,-0.001252,3.122974,3.122974,3.122974
29310.000000,33.578109,-117.064350,411.103345,33.578236,-117.064347,449.212683,-0.000525,0.000189,-0.001260,3.118217,3.118217,3.118217
29325.000000,33.578108,-117.064351,411.136426,33.578235,-117.064347,449.028045,-0.000522,0.000194,-0.001267,3.113410,3.113410,3.113410
29340.000000,33.578108,-117.064352,410.985392,33.578235,-117.064347,448.844015,-0.000520,0.000199,-0.001275,3.108632,3.108632,3.108632
29355.000000,33.578107,-117.064351,410.395508,33.578234,-117.064347,448.658113,-0.000518,0.000204,-0.001282,3.103866,3.103866,3.103866
29370.000000,33.578107,-117.064347,409.714150,33.578233,-117.064348,448.468437,-0.000515,0.000210,-0.001290,3.099051,3.099051,3.099051
29385.000000,33.578107,-117.064348,409.960493,33.578232,-117.064348,448.279192,-0.000512,0.000215,-0.001298,3.094184,3.094184,3.094184
29400.000000,33.578106,-117.064351,409.972649,33.578232,-117.064348,448.090475,-0.000510,0.000220,-0.001306,3.089313,3.089313,3.089313
29415.000000,33.578105,-117.064349,410.171928,33.578231,-117.064348,447.900378,-0.000507,0.000225,-0.001314,3.084323,3.084323,3.084323
29430.000000,33.578107,-117.064346,409.544279,33.578230,-117.064348,447.706230,-0.000504,0.000230,-0.001322,3.079266,3.079266,3.079266
29445.000000,33.578105,-117.064345,409.254943,33.578229,-117.064348,447.513848,-0.000502,0.000235,-0.001329,3.074312,3.074312,3.074312
29460.000000,33.578104,-117.064348,409.007476,33.578229,-117.064348,447.322108,-0.000499,0.000240,-0.001337,3.069405,3.069405,3.069405
29475.000000,33.578104,-117.064348,408.914954,33.578228,-117.064348,447.128851,-0.000496,0.000246,-0.001345,3.064432,3.064432,3.064432
29490.000000,33.578103,-117.064348,409.520372,33.578227,-117.064348,446.938568,-0.000494,0.000251,-0.001353,3.059438,3.059438,3.059438
29505.000000,33.578103,-117.064348,409.077511,33.578226,-117.064348,446.747029,-0.000491,0.000256,-0.001361,3.054454,3.054454,3.054454
29520.000000,33.578106,-117.064346,409.134278,33.578226,-117.064348,446.551941,-0.000488,0.000261,-0.001369,3.049290,3.049290,3.049290
29535.000000,33.578104,-117.064349,408.911865,33.578225,-117.064349,446.359635,-0.000486,0.000266,-0.001376,3.044258,3.044258,3.044258
29550.000000,33.578103,-117.064350,409.041968,33.578224,-117.064349,446.167187,-0.000483,0.000271,-0.001384,3.039169,3.039169,3.039169
29565.000000,33.578104,-117.064347,407.472244,33.578224,-117.064349,445.967261,-0.000480,0.000277,-0.001392,3.034062,3.034062,3.034062
29580.000000,33.578101,-117.064350,408.598641,33.578223,-117.064349,445.772403,-0.000478,0.000282,-0.001400,3.028911,3.028911,3.028911
29595.000000,33.578100,-117.064348,408.862034,33.578222,-117.064349,445.579815,-0.000475,0.000287,-0.001408,3.023775,3.023775,3.023775
29610.000000,33.578104,-117.064346,407.900784,33.578221,-117.064349,445.381087,-0.000472,0.000292,-0.001416,3.018557,3.018557,3.018557
29625.000000,33.578102,-117.064345,407.855418,33.578221,-117.064349,445.184090,-0.000470,0.000298,-0.001424,3.013391,3.013391,3.013391
29640.000000,33.578102,-117.064346,407.298387,33.578220,-117.064349,444.985591,-0.000467,0.000303,-0.001431,3.008250,3.008250,3.008250
29655.000000,33.578100,-117.064348,406.816168,33.578219,-117.064349,444.787868,-0.000464,0.000308,-0.001439,3.003207,3.003207,3.003207
29670.000000,33.578101,-117.064347,407.075510,33.578218,-117.064349,444.589653,-0.000461,0.000314,-0.001447,2.998069,2.998069,2.998069
29685.000000,33.578099,-117.064346,407.828252,33.578218,-117.064349,444.394313,-0.000459,0.000319,-0.001455,2.992872,2.992872,2.992872
29700.000000,33.578101,-117.064343,407.566774,33.578217,-117.064349,444.194128,-0.000456,0.000324,-0.001463,2.987503,2.987503,2.987503
29715.000000,33.578100,-117.064346,407.133328,33.578216,-117.064349,443.994299,-0.000453,0.000329,-0.001471,2.982211,2.982211,2.982211
29730.000000,33.578101,-117.064345,406.967372,33.578215,-117.064350,443.793691,-0.000450,0.000335,-0.001479,2.976895,2.976895,2.976895
29745.000000,33.578099,-117.064345,407.028340,33.578215,-117.064350,443.594423,-0.000447,0.000340,-0.001487,2.971593,2.971593,2.971593
29760.000000,33.578099,-117.064345,407.268012,33.578214,-117.064350,443.395350,-0.000444,0.000345,-0.001494,2.966223,2.966223,2.966223
29775.000000,33.578099,-117.064346,407.189795,33.578213,-117.064350,443.196770,-0.000442,0.000350,-0.001502,2.960862,2.960862,2.960862
29790.000000,33.578099,-117.064344,407.149805,33.578212,-117.064350,442.996296,-0.000439,0.000356,-0.001510,2.955404,2.955404,2.955404
29805.000000,33.578099,-117.064345,407.534070,33.578212,-117.064350,442.798581,-0.000436,0.000361,-0.001518,2.949950,2.949950,2.949950
29820.000000,33.578102,-117.064344,405.939336,33.578211,-117.064350,442.593364,-0.000433,0.000366,-0.001526,2.944500,2.944500,2.944500
29835.000000,33.578099,-117.064347,406.326599,33.578210,-117.064350,442.391488,-0.000430,0.000372,-0.001534,2.939075,2.939075,2.939075
29850.000000,33.578098,-117.064348,406.430799,33.578209,-117.064350,442.192653,-0.000428,0.000377,-0.001541,2.933726,2.933726,2.933726
29865.000000,33.578100,-117.064344,406.113460,33.578209,-117.064350,441.988654,-0.000425,0.000382,-0.001549,2.928205,2.928205,2.928205
29880.000000,33.578100,-117.064342,406.403492,33.578208,-117.064350,441.784541,-0.000422,0.000388,-0.001557,2.922587,2.922587,2.922587
29895.000000,33.578100,-117.064342,406.276273,33.578207,-117.064350,441.580024,-0.000419,0.000393,-0.001565,2.916951,2.916951,2.916951
29910.000000,33.578098,-117.064344,406.154033,33.578206,-117.064350,441.378117,-0.000416,0.000398,-0.001573,2.911421,2.911421,2.911421
29925.000000,33.578099,-117.064345,405.836587,33.578206,-117.064350,441.174483,-0.000413,0.000404,-0.001581,2.905860,2.905860,2.905860
29940.000000,33.578101,-117.064344,405.468233,33.578205,-117.064350,440.967429,-0.000410,0.000409,-0.001589,2.900210,2.900210,2.900210
29955.000000,33.578102,-117.064344,406.707572,33.578204,-117.064350,440.763740,-0.000407,0.000414,-0.001596,2.894390,2.894390,2.894390
29970.000000,33.578100,-117.064344,406.721945,33.578203,-117.064350,440.562269,-0.000404,0.000420,-0.001604,2.888629,2.888629,2.888629
29985.000000,33.578101,-117.064344,406.027146,33.578203,-117.064351,440.357294,-0.000401,0.000425,-0.001612,2.882851,2.882851,2.882851
30000.000000,33.578101,-117.064344,405.358478,33.578202,-117.064351,440.152525,-0.000398,0.000430,-0.001620,2.877204,2.877204,2.877204
30015.000000,33.578097,-117.064346,406.004862,33.578201,-117.064351,439.952915,-0.000396,0.000436,-0.001627,2.871596,2.871596,2.871596
30030.000000,33.578099,-117.064345,405.868279,33.578201,-117.064351,439.748535,-0.000393,0.000441,-0.001635,2.865788,2.865788,2.865788
30045.000000,33.578101,-117.064342,405.514800,33.578200,-117.064351,439.541071,-0.000390,0.000446,-0.001643,2.859901,2.859901,2.859901
30060.000000,33.578102,-117.064345,405.714306,33.578199,-117.064351,439.335861,-0.000387,0.000452,-0.001651,2.854031,2.854031,2.854031
30075.000000,33.578100,-117.064345,405.716140,33.578198,-117.064351,439.133191,-0.000384,0.000457,-0.001658,2.848237,2.848237,2.848237
30090.000000,33.578100,-117.064346,405.395116,33.578198,-117.064351,438.929918,-0.000381,0.000462,-0.001666,2.842462,2.842462,2.842462
30105.000000,33.578100,-117.064347,405.512721,33.578197,-117.064351,438.727574,-0.000378,0.000468,-0.001673,2.836668,2.836668,2.836668
30120.000000,33.578105,-117.064344,404.936157,33.578196,-117.064351,438.518323,-0.000375,0.000473,-0.001681,2.830687,2.830687,2.830687
30135.000000,33.578463,-117.064466,449.936590,33.578196,-117.064351,438.513034,-0.000375,0.000474,-0.001680,2.831333,2.831333,2.831333
30150.000000,33.578460,-117.064468,449.723040,33.578197,-117.064351,438.507554,-0.000376,0.000474,-0.001678,2.831977,2.831977,2.831977
30165.000000,33.578463,-117.064467,448.342284,33.578197,-117.064352,438.500608,-0.000376,0.000475,-0.001676,2.832627,2.832627,2.832627
30180.000000,33.578462,-117.064466,448.046598,33.578197,-117.064352,438.493382,-0.000376,0.000476,-0.001675,2.833276,2.833276,2.833276
30195.000000,33.578464,-117.064467,447.978119,33.578197,-117.064352,438.486039,-0.000377,0.000476,-0.001673,2.833933,2.833933,2.833933
30210.000000,33.578463,-117.064466,447.876600,33.578197,-117.064352,438.478685,-0.000377,0.000477,-0.001672,2.834577,2.834577,2.834577
30225.000000,33.578460,-117.064466,446.706661,33.578197,-117.064353,438.470260,-0.000377,0.000478,-0.001670,2.835201,2.835201,2.835201
30240.000000,33.578464,-117.064469,447.060409,33.578197,-117.064353,438.461993,-0.000377,0.000478,-0.001669,2.835861,2.835861,2.835861
30255.000000,33.578463,-117.064470,446.863474,33.578197,-117.064353,438.453474,-0.000378,0.000479,-0.001667,2.836531,2.836531,2.836531
30270.000000,33.578462,-117.064467,446.018471,33.578197,-117.064353,438.444249,-0.000378,0.000480,-0.001666,2.837176,2.837176,2.837176
30285.000000,33.578460,-117.064463,444.892112,33.578197,-117.064353,438.434002,-0.000378,0.000480,-0.001665,2.837794,2.837794,2.837794
30300.000000,33.578463,-117.064466,445.585470,33.578198,-117.064354,438.424330,-0.000378,0.000481,-0.001663,2.838444,2.838444,2.838444
30315.000000,33.578461,-117.064467,445.777752,33.578198,-117.064354,438.414800,-0.000379,0.000482,-0.001662,2.839107,2.839107,2.839107
30330.000000,33.578459,-117.064465,444.614724,33.578198,-117.064354,438.404186,-0.000379,0.000483,-0.001660,2.839751,2.839751,2.839751
30345.000000,33.578458,-117.064463,443.622495,33.578198,-117.064354,438.392637,-0.000379,0.000483,-0.001659,2.840376,2.840376,2.840376
30360.000000,33.578464,-117.064463,443.580578,33.578198,-117.064354,438.380937,-0.000379,0.000484,-0.001658,2.841034,2.841034,2.841034
30375.000000,33.578458,-117.064467,444.031700,33.578198,-117.064355,438.369755,-0.000379,0.000485,-0.001656,2.841680,2.841680,2.841680
30390.000000,33.578458,-117.064467,442.777649,33.578198,-117.064355,438.357357,-0.000380,0.000486,-0.001655,2.842309,2.842309,2.842309
30405.000000,33.578463,-117.064466,442.296022,33.578198,-117.064355,438.344411,-0.000380,0.000486,-0.001653,2.842961,2.842961,2.842961
30420.000000,33.578462,-117.064464,442.615819,33.578198,-117.064355,438.331803,-0.000380,0.000487,-0.001652,2.843613,2.843613,2.843613
30435.000000,33.578460,-117.064464,442.320076,33.578198,-117.064355,438.318960,-0.000380,0.000488,-0.001651,2.844248,2.844248,2.844248
30450.000000,33.578457,-117.064464,440.641027,33.578199,-117.064356,438.304429,-0.000380,0.000489,-0.001650,2.844866,2.844866,2.844866
30465.000000,33.578463,-117.064464,440.491310,33.578199,-117.064356,438.289717,-0.000380,0.000490,-0.001648,2.845510,2.845510,2.845510
30480.000000,33.578462,-117.064464,440.639978,33.578199,-117.064356,438.275165,-0.000380,0.000491,-0.001647,2.846159,2.846159,2.846159
30495.000000,33.578459,-117.064466,440.012302,33.578199,-117.064356,438.259999,-0.000381,0.000491,-0.001646,2.846800,2.846800,2.846800
30510.000000,33.578460,-117.064464,439.754379,33.578199,-117.064356,438.244597,-0.000381,0.000492,-0.001644,2.847430,2.847430,2.847430
30525.000000,33.578466,-117.064467,439.153731,33.578199,-117.064357,438.228561,-0.000381,0.000493,-0.001643,2.848110,2.848110,2.848110
30540.000000,33.578465,-117.064466,438.244835,33.578199,-117.064357,438.211638,-0.000381,0.000494,-0.001642,2.848774,2.848774,2.848774
30555.000000,33.578459,-117.064468,438.107147,33.578199,-117.064357,438.194591,-0.000381,0.000495,-0.001641,2.849415,2.849415,2.849415
30570.000000,33.578464,-117.064465,438.015063,33.578199,-117.064357,438.177472,-0.000381,0.000496,-0.001640,2.850082,2.850082,2.850082
30585.000000,33.578463,-117.064466,437.167832,33.578199,-117.064357,438.159505,-0.000381,0.000497,-0.001638,2.850728,2.850728,2.850728
30600.000000,33.578458,-117.064464,437.142594,33.578200,-117.064358,438.141518,-0.000381,0.000498,-0.001637,2.851354,2.851354,2.851354
30615.000000,33.578460,-117.064465,437.246613,33.578200,-117.064358,438.123670,-0.000381,0.000499,-0.001636,2.852004,2.852004,2.852004
30630.000000,33.578459,-117.064465,437.254325,33.578200,-117.064358,438.105850,-0.000381,0.000500,-0.001635,2.852656,2.852656,2.852656
30645.000000,33.578459,-117.064462,436.251079,33.578200,-117.064358,438.087000,-0.000381,0.000501,-0.001634,2.853282,2.853282,2.853282
30660.000000,33.578460,-117.064462,435.440361,33.578200,-117.064358,438.067342,-0.000381,0.000502,-0.001633,2.853912,2.853912,2.853912
30675.000000,33.578458,-117.064462,435.734115,33.578200,-117.064359,438.048018,-0.000381,0.000503,-0.001631,2.854550,2.854550,2.854550
30690.000000,33.578460,-117.064463,435.060582,33.578200,-117.064359,438.028037,-0.000381,0.000504,-0.001630,2.855193,2.855193,2.855193
30705.000000,33.578455,-117.064464,434.917439,33.578200,-117.064359,438.007896,-0.000381,0.000505,-0.001629,2.855820,2.855820,2.855820
30720.000000,33.578458,-117.064459,434.116742,33.578200,-117.064359,437.986914,-0.000381,0.000506,-0.001628,2.856432,2.856432,2.856432
30735.000000,33.578458,-117.064462,434.013360,33.578200,-117.064359,437.965854,-0.000381,0.000507,-0.001627,2.857047,2.857047,2.857047
30750.000000,33.578456,-117.064461,433.516798,33.578201,-117.064360,437.944335,-0.000381,0.000508,-0.001626,2.857673,2.857673,2.857673
30765.000000,33.578522,-117.064423,417.036378,33.578201,-117.064360,437.909887,-0.000381,0.000510,-0.001625,2.858568,2.858568,2.858568
30780.000000,33.578525,-117.064423,415.985664,33.578201,-117.064360,437.874634,-0.000380,0.000511,-0.001625,2.859467,2.859467,2.859467
30795.000000,33.578525,-117.064418,415.492802,33.578201,-117.064360,437.838740,-0.000380,0.000513,-0.001624,2.860349,2.860349,2.860349
30810.000000,33.578528,-117.064419,414.428024,33.578201,-117.064360,437.801952,-0.000379,0.000514,-0.001623,2.861230,2.861230,2.861230
30825.000000,33.578530,-117.064419,413.673614,33.578201,-117.064360,437.764864,-0.000379,0.000516,-0.001622,2.862130,2.862130,2.862130
30840.000000,33.578529,-117.064418,413.581917,33.578201,-117.064360,437.727431,-0.000378,0.000517,-0.001622,2.863012,2.863012,2.863012
30855.000000,33.578530,-117.064415,412.753767,33.578201,-117.064361,437.689176,-0.000378,0.000519,-0.001621,2.863885,2.863885,2.863885
30870.000000,33.578532,-117.064416,411.950032,33.578201,-117.064361,437.650233,-0.000377,0.000521,-0.001620,2.864757,2.864757,2.864757
30885.000000,33.578535,-117.064415,411.002649,33.578202,-117.064361,437.610562,-0.000376,0.000522,-0.001620,2.865631,2.865631,2.865631
30900.000000,33.578535,-117.064415,410.025085,33.578202,-117.064361,437.570035,-0.000376,0.000524,-0.001619,2.866502,2.866502,2.866502
30915.000000,33.578537,-117.064414,408.690225,33.578202,-117.064361,437.528171,-0.000375,0.000526,-0.001618,2.867362,2.867362,2.867362
30930.000000,33.578534,-117.064410,409.316289,33.578202,-117.064361,437.486653,-0.000374,0.000528,-0.001618,2.868210,2.868210,2.868210
30945.000000,33.578536,-117.064411,408.746018,33.578202,-117.064361,437.444647,-0.000374,0.000529,-0.001617,2.869058,2.869058,2.869058
30960.000000,33.578538,-117.064412,407.867199,33.578202,-117.064362,437.401884,-0.000373,0.000531,-0.001617,2.869904,2.869904,2.869904
30975.000000,33.578541,-117.064413,405.930629,33.578202,-117.064362,437.357421,-0.000372,0.000533,-0.001616,2.870747,2.870747,2.870747
30990.000000,33.578542,-117.064411,404.784119,33.578203,-117.064362,437.311958,-0.000372,0.000535,-0.001615,2.871589,2.871589,2.871589
31005.000000,33.578543,-117.064410,404.242413,33.578203,-117.064362,437.266007,-0.000371,0.000537,-0.001615,2.872428,2.872428,2.872428
31020.000000,33.578542,-117.064407,404.609141,33.578203,-117.064362,437.219984,-0.000370,0.000539,-0.001614,2.873249,2.873249,2.873249
31035.000000,33.578543,-117.064405,403.906070,33.578203,-117.064362,437.173171,-0.000369,0.000541,-0.001614,2.874061,2.874061,2.874061
31050.000000,33.578545,-117.064406,403.665724,33.578203,-117.064362,437.126262,-0.000368,0.000542,-0.001613,2.874876,2.874876,2.874876
31065.000000,33.578547,-117.064406,402.094549,33.578203,-117.064362,437.078006,-0.000368,0.000544,-0.001613,2.875692,2.875692,2.875692
31080.000000,33.578549,-117.064404,401.506850,33.578203,-117.064363,437.029208,-0.000367,0.000546,-0.001612,2.876505,2.876505,2.876505
31095.000000,33.578548,-117.064403,401.226521,33.578204,-117.064363,436.980177,-0.000366,0.000548,-0.001612,2.877318,2.877318,2.877318
31110.000000,33.578551,-117.064406,399.841070,33.578204,-117.064363,436.930100,-0.000365,0.000551,-0.001611,2.878136,2.878136,2.878136
31125.000000,33.578551,-117.064404,398.949161,33.578204,-117.064363,436.878715,-0.000364,0.000553,-0.001611,2.878932,2.878932,2.878932
31140.000000,33.578415,-117.064666,464.384656,33.578204,-117.064363,436.882005,-0.000365,0.000553,-0.001609,2.879932,2.879932,2.879932
31155.000000,33.578415,-117.064667,463.223055,33.578204,-117.064364,436.884594,-0.000366,0.000553,-0.001608,2.880923,2.880923,2.880923
31170.000000,33.578415,-117.064663,463.995713,33.578204,-117.064364,436.887808,-0.000367,0.000553,-0.001607,2.881912,2.881912,2.881912
31185.000000,33.578417,-117.064664,462.593776,33.578204,-117.064364,436.890013,-0.000368,0.000553,-0.001606,2.882898,2.882898,2.882898
31200.000000,33.578419,-117.064664,462.500631,33.578204,-117.064365,436.892266,-0.000370,0.000554,-0.001604,2.883877,2.883877,2.883877
31215.000000,33.578420,-117.064669,462.142818,33.578204,-117.064365,436.893914,-0.000371,0.000554,-0.001603,2.884875,2.884875,2.884875
31230.000000,33.578420,-117.064669,461.328145,33.578204,-117.064365,436.895033,-0.000372,0.000554,-0.001602,2.885869,2.885869,2.885869
31245.000000,33.578421,-117.064666,460.830288,33.578204,-117.064366,436.895904,-0.000373,0.000554,-0.001601,2.886855,2.886855,2.886855
31260.000000,33.578421,-117.064665,460.492072,33.578204,-117.064366,436.896428,-0.000374,0.000554,-0.001599,2.887847,2.887847,2.887847
31275.000000,33.578423,-117.064670,459.900197,33.578204,-117.064366,436.896440,-0.000375,0.000555,-0.001598,2.888843,2.888843,2.888843
31290.000000,33.578425,-117.064669,459.140703,33.578204,-117.064367,436.895889,-0.000376,0.000555,-0.001597,2.889839,2.889839,2.889839
31305.000000,33.578425,-117.064667,458.891351,33.578204,-117.064367,436.895238,-0.000377,0.000555,-0.001596,2.890830,2.890830,2.890830
31320.000000,33.578426,-117.064670,457.713648,33.578204,-117.064367,436.893585,-0.000378,0.000556,-0.001595,2.891828,2.891828,2.891828
31335.000000,33.578428,-117.064667,456.720711,33.578204,-117.064367,436.891291,-0.000379,0.000556,-0.001594,2.892819,2.892819,2.892819
31350.000000,33.578428,-117.064665,456.760893,33.578204,-117.064368,436.889108,-0.000379,0.000556,-0.001592,2.893805,2.893805,2.893805
31365.000000,33.578427,-117.064665,456.901707,33.578204,-117.064368,436.887070,-0.000380,0.000557,-0.001591,2.894789,2.894789,2.894789
31380.000000,33.578428,-117.064666,456.035296,33.578204,-117.064368,436.884350,-0.000381,0.000557,-0.001590,2.895774,2.895774,2.895774
31395.000000,33.578429,-117.064667,455.396153,33.578204,-117.064369,436.881193,-0.000382,0.000558,-0.001589,2.896757,2.896757,2.896757
31410.000000,33.578430,-117.064665,455.281637,33.578204,-117.064369,436.878043,-0.000383,0.000558,-0.001588,2.897732,2.897732,2.897732
31425.000000,33.578429,-117.064660,455.391465,33.578204,-117.064369,436.875191,-0.000384,0.000558,-0.001587,2.898692,2.898692,2.898692
31440.000000,33.578431,-117.064664,454.877609,33.578204,-117.064370,436.871690,-0.000385,0.000559,-0.001586,2.899671,2.899671,2.899671
31455.000000,33.578433,-117.064668,453.568483,33.578204,-117.064370,436.867250,-0.000386,0.000559,-0.001585,2.900647,2.900647,2.900647
31470.000000,33.578436,-117.064666,452.200568,33.578204,-117.064370,436.861805,-0.000387,0.000560,-0.001583,2.901619,2.901619,2.901619
31485.000000,33.578435,-117.064666,452.476363,33.578204,-117.064371,436.856608,-0.000388,0.000560,-0.001582,2.902589,2.902589,2.902589
31500.000000,33.578435,-117.064664,451.673878,33.578204,-117.064371,436.850793,-0.000388,0.000561,-0.001581,2.903560,2.903560,2.903560
31515.000000,33.578439,-117.064664,449.942905,33.578204,-117.064371,436.843608,-0.000389,0.000561,-0.001580,2.904537,2.904537,2.904537
31530.000000,33.578436,-117.064667,450.098044,33.578204,-117.064372,436.836594,-0.000390,0.000562,-0.001579,2.905508,2.905508,2.905508
31545.000000,33.578438,-117.064668,449.474587,33.578204,-117.064372,436.829015,-0.000391,0.000562,-0.001578,2.906491,2.906491,2.906491
31560.000000,33.578438,-117.064668,448.946460,33.578204,-117.064372,436.821152,-0.000392,0.000563,-0.001577,2.907461,2.907461,2.907461
31575.000000,33.578440,-117.064668,448.098008,33.578204,-117.064373,436.812606,-0.000393,0.000564,-0.001576,2.908437,2.908437,2.908437
31590.000000,33.578439,-117.064670,448.411081,33.578204,-117.064373,436.804268,-0.000393,0.000564,-0.001575,2.909418,2.909418,2.909418
31605.000000,33.578439,-117.064669,448.076613,33.578204,-117.064373,436.795709,-0.000394,0.000565,-0.001574,2.910395,2.910395,2.910395
31620.000000,33.578437,-117.064668,447.796943,33.578204,-117.064374,436.786959,-0.000395,0.000566,-0.001573,2.911371,2.911371,2.911371
31635.000000,33.578444,-117.064663,446.065645,33.578204,-117.064374,436.776987,-0.000396,0.000566,-0.001572,2.912334,2.912334,2.912334
31650.000000,33.578442,-117.064662,446.298594,33.578204,-117.064374,436.767264,-0.000397,0.000567,-0.001571,2.913287,2.913287,2.913287
31665.000000,33.578444,-117.064663,445.372975,33.578204,-117.064375,436.756842,-0.000397,0.000568,-0.001570,2.914240,2.914240,2.914240
31680.000000,33.578444,-117.064668,444.961824,33.578204,-117.064375,436.746036,-0.000398,0.000568,-0.001569,2.915206,2.915206,2.915206
31695.000000,33.578446,-117.064671,443.837574,33.578204,-117.064375,436.734371,-0.000399,0.000569,-0.001568,2.916174,2.916174,2.916174
31710.000000,33.578448,-117.064668,442.947293,33.578205,-117.064376,436.722080,-0.000399,0.000570,-0.001567,2.917132,2.917132,2.917132
31725.000000,33.578449,-117.064670,442.366837,33.578205,-117.064376,436.709338,-0.000400,0.000571,-0.001566,2.918095,2.918095,2.918095
31740.000000,33.578450,-117.064667,442.014528,33.578205,-117.064376,436.696378,-0.000401,0.000571,-0.001565,2.919046,2.919046,2.919046
31755.000000,33.578448,-117.064664,442.050598,33.578205,-117.064377,436.683478,-0.000402,0.000572,-0.001564,2.919992,2.919992,2.919992
31770.000000,33.578450,-117.064667,441.102201,33.578205,-117.064377,436.669838,-0.000402,0.000573,-0.001563,2.920943,2.920943,2.920943
31785.000000,33.578451,-117.064664,441.100589,33.578205,-117.064377,436.656232,-0.000403,0.000574,-0.001563,2.921886,2.921886,2.921886
31800.000000,33.578451,-117.064664,440.556048,33.578205,-117.064377,436.642191,-0.000404,0.000575,-0.001562,2.922837,2.922837,2.922837
31815.000000,33.578450,-117.064668,439.854973,33.578205,-117.064378,436.627630,-0.000404,0.000575,-0.001561,2.923786,2.923786,2.923786
31830.000000,33.578452,-117.064667,438.824533,33.578205,-117.064378,436.612286,-0.000405,0.000576,-0.001560,2.924733,2.924733,2.924733
31845.000000,33.578425,-117.064587,458.057433,33.578205,-117.064378,436.609698,-0.000406,0.000577,-0.001559,2.925824,2.925824,2.925824
31860.000000,33.578426,-117.064587,457.085035,33.578205,-117.064379,436.606474,-0.000406,0.000577,-0.001558,2.926913,2.926913,2.926913
31875.000000,33.578426,-117.064589,456.502726,33.578205,-117.064379,436.602895,-0.000407,0.000577,-0.001557,2.928001,2.928001,2.928001
31890.000000,33.578429,-117.064592,455.916315,33.578205,-117.064379,436.598837,-0.000407,0.000577,-0.001556,2.929095,2.929095,2.929095
31905.000000,33.578426,-117.064594,456.327867,33.578205,-117.064379,436.594961,-0.000408,0.000577,-0.001555,2.930196,2.930196,2.930196
31920.000000,33.578426,-117.064593,455.519551,33.578205,-117.064380,436.590700,-0.000409,0.000578,-0.001554,2.931286,2.931286,2.931286
31935.000000,33.578427,-117.064588,454.780939,33.578205,-117.064380,436.586119,-0.000409,0.000578,-0.001553,2.932363,2.932363,2.932363
31950.000000,33.578431,-117.064592,453.649603,33.578205,-117.064380,436.580708,-0.000410,0.000578,-0.001552,2.933444,2.933444,2.933444
31965.000000,33.578429,-117.064591,453.293601,33.578205,-117.064380,436.575070,-0.000410,0.000578,-0.001551,2.934526,2.934526,2.934526
31980.000000,33.578433,-117.064595,452.584494,33.578205,-117.064381,436.568829,-0.000411,0.000579,-0.001550,2.935619,2.935619,2.935619
31995.000000,33.578435,-117.064593,451.137766,33.578205,-117.064381,436.561740,-0.000411,0.000579,-0.001549,2.936700,2.936700,2.936700
32010.000000,33.578432,-117.064594,451.218485,33.578205,-117.064381,436.554688,-0.000412,0.000579,-0.001548,2.937784,2.937784,2.937784
32025.000000,33.578436,-117.064595,450.094121,33.578205,-117.064381,436.546968,-0.000412,0.000580,-0.001547,2.938859,2.938859,2.938859
32040.000000,33.578435,-117.064596,449.789740,33.578205,-117.064382,436.539028,-0.000413,0.000580,-0.001546,2.939936,2.939936,2.939936
32055.000000,33.578440,-117.064595,448.506702,33.578205,-117.064382,436.530281,-0.000413,0.000580,-0.001545,2.941007,2.941007,2.941007
32070.000000,33.578437,-117.064590,448.283746,33.578205,-117.064382,436.521487,-0.000414,0.000581,-0.001544,2.942065,2.942065,2.942065
32085.000000,33.578437,-117.064600,447.880590,33.578205,-117.064382,436.512258,-0.000414,0.000581,-0.001544,2.943144,2.943144,2.943144
32100.000000,33.578438,-117.064601,446.789547,33.578205,-117.064383,436.502291,-0.000415,0.000582,-0.001543,2.944224,2.944224,2.944224
32115.000000,33.578443,-117.064602,445.572897,33.578205,-117.064383,436.491536,-0.000415,0.000582,-0.001542,2.945301,2.945301,2.945301
32130.000000,33.578442,-117.064600,445.090621,33.578205,-117.064383,436.480508,-0.000416,0.000583,-0.001541,2.946370,2.946370,2.946370
32145.000000,33.578441,-117.064601,444.514414,33.578205,-117.064383,436.469072,-0.000416,0.000583,-0.001540,2.947443,2.947443,2.947443
32160.000000,33.578438,-117.064602,444.991074,33.578205,-117.064384,436.457942,-0.000417,0.000584,-0.001539,2.948520,2.948520,2.948520
32175.000000,33.578443,-117.064600,443.282636,33.578205,-117.064384,436.445716,-0.000417,0.000584,-0.001538,2.949587,2.949587,2.949587
32190.000000,33.578442,-117.064598,443.137328,33.578205,-117.064384,436.433439,-0.000418,0.000585,-0.001538,2.950646,2.950646,2.950646
32205.000000,33.578442,-117.064601,442.682055,33.578205,-117.064384,436.420834,-0.000418,0.000585,-0.001537,2.951710,2.951710,2.951710
32220.000000,33.578447,-117.064606,441.413487,33.578205,-117.064385,436.407352,-0.000419,0.000586,-0.001536,2.952780,2.952780,2.952780
32235.000000,33.578449,-117.064605,440.008383,33.578205,-117.064385,436.392936,-0.000419,0.000587,-0.001535,2.953845,2.953845,2.953845
32250.000000,33.578447,-117.064604,440.121044,33.578205,-117.064385,436.378628,-0.000419,0.000587,-0.001534,2.954903,2.954903,2.954903
32265.000000,33.578449,-117.064605,439.999749,33.578205,-117.064385,436.364243,-0.000420,0.000588,-0.001534,2.955961,2.955961,2.955961
32280.000000,33.578447,-117.064603,439.144574,33.578205,-117.064386,436.349307,-0.000420,0.000589,-0.001533,2.957007,2.957007,2.957007
32295.000000,33.578450,-117.064609,438.612894,33.578205,-117.064386,436.333992,-0.000421,0.000589,-0.001532,2.958065,2.958065,2.958065
32310.000000,33.578450,-117.064605,437.984123,33.578205,-117.064386,436.318276,-0.000421,0.000590,-0.001531,2.959107,2.959107,2.959107
32325.000000,33.578448,-117.064610,437.950068,33.578205,-117.064386,436.302531,-0.000421,0.000591,-0.001531,2.960164,2.960164,2.960164
32340.000000,33.578450,-117.064607,436.427758,33.578205,-117.064387,436.285754,-0.000422,0.000591,-0.001530,2.961200,2.961200,2.961200
32355.000000,33.578452,-117.064613,435.721277,33.578205,-117.064387,436.268500,-0.000422,0.000592,-0.001529,2.962249,2.962249,2.962249
32370.000000,33.578452,-117.064608,434.636307,33.578205,-117.064387,436.250487,-0.000422,0.000593,-0.001528,2.963278,2.963278,2.963278
32385.000000,33.578453,-117.064614,433.996882,33.578205,-117.064387,436.232045,-0.000423,0.000594,-0.001528,2.964312,2.964312,2.964312
32400.000000,33.578452,-117.064609,434.535353,33.578205,-117.064388,436.213995,-0.000423,0.000595,-0.001527,2.965349,2.965349,2.965349
32415.000000,33.578451,-117.064611,433.822883,33.578205,-117.064388,436.195451,-0.000423,0.000595,-0.001526,2.966381,2.966381,2.966381
32430.000000,33.578454,-117.064614,432.592308,33.578205,-117.064388,436.176063,-0.000424,0.000596,-0.001526,2.967414,2.967414,2.967414
32445.000000,33.578453,-117.064614,431.772615,33.578205,-117.064388,436.156101,-0.000424,0.000597,-0.001525,2.968443,2.968443,2.968443
32460.000000,33.578455,-117.064614,431.000040,33.578205,-117.064389,436.135619,-0.000424,0.000598,-0.001524,2.969475,2.969475,2.969475
32475.000000,33.578454,-117.064615,430.042488,33.578205,-117.064389,436.114462,-0.000425,0.000599,-0.001524,2.970501,2.970501,2.970501
32490.000000,33.578455,-117.064609,430.268538,33.578205,-117.064389,436.093429,-0.000425,0.000600,-0.001523,2.971516,2.971516,2.971516
32505.000000,33.578455,-117.064612,430.293284,33.578205,-117.064389,436.072443,-0.000425,0.000601,-0.001522,2.972534,2.972534,2.972534
32520.000000,33.578455,-117.064616,429.466615,33.578205,-117.064390,436.050903,-0.000426,0.000602,-0.001522,2.973556,2.973556,2.973556
32535.000000,33.578455,-117.064612,429.144065,33.578206,-117.064390,436.029078,-0.000426,0.000602,-0.001521,2.974563,2.974563,2.974563
32550.000000,33.578456,-117.064618,427.977953,33.578206,-117.064390,436.006448,-0.000426,0.000603,-0.001520,2.975572,2.975572,2.975572
32565.000000,33.578457,-117.064613,427.135054,33.578206,-117.064391,435.983147,-0.000427,0.000604,-0.001520,2.976566,2.976566,2.976566
32580.000000,33.578457,-117.064618,426.742741,33.578206,-117.064391,435.959621,-0.000427,0.000605,-0.001519,2.977568,2.977568,2.977568
32595.000000,33.578457,-117.064619,425.879719,33.578206,-117.064391,435.935517,-0.000427,0.000606,-0.001519,2.978573,2.978573,2.978573
32610.000000,33.578458,-117.064620,425.188594,33.578206,-117.064391,435.910874,-0.000427,0.000608,-0.001518,2.979570,2.979570,2.979570
32625.000000,33.578459,-117.064622,424.188389,33.578206,-117.064392,435.885589,-0.000428,0.000609,-0.001518,2.980574,2.980574,2.980574
32640.000000,33.578455,-117.064618,424.605296,33.578206,-117.064392,435.860492,-0.000428,0.000610,-0.001517,2.981562,2.981562,2.981562
32655.000000,33.578458,-117.064621,423.505917,33.578206,-117.064392,435.834631,-0.000428,0.000611,-0.001516,2.982552,2.982552,2.982552
32670.000000,33.578459,-117.064622,422.646507,33.578206,-117.064392,435.808179,-0.000428,0.000612,-0.001516,2.983543,2.983543,2.983543
32685.000000,33.578462,-117.064625,421.662423,33.578206,-117.064393,435.781038,-0.000429,0.000613,-0.001515,2.984534,2.984534,2.984534
32700.000000,33.578462,-117.064616,421.444913,33.578206,-117.064393,435.753521,-0.000429,0.000614,-0.001515,2.985501,2.985501,2.985501
32715.000000,33.578460,-117.064622,421.761606,33.578206,-117.064393,435.726281,-0.000429,0.000615,-0.001514,2.986471,2.986471,2.986471
32730.000000,33.578458,-117.064619,422.280010,33.578206,-117.064394,435.699463,-0.000429,0.000616,-0.001514,2.987443,2.987443,2.987443
32745.000000,33.578461,-117.064623,420.714281,33.578206,-117.064394,435.671527,-0.000429,0.000618,-0.001513,2.988416,2.988416,2.988416
32760.000000,33.578464,-117.064625,419.573146,33.578206,-117.064394,435.642753,-0.000430,0.000619,-0.001513,2.989387,2.989387,2.989387
32775.000000,33.578462,-117.064626,419.564329,33.578206,-117.064394,435.613866,-0.000430,0.000620,-0.001512,2.990346,2.990346,2.990346
32790.000000,33.578459,-117.064622,419.981253,33.578206,-117.064395,435.585255,-0.000430,0.000621,-0.001512,2.991301,2.991301,2.991301
32805.000000,33.578460,-117.064621,418.730468,33.578206,-117.064395,435.555580,-0.000430,0.000622,-0.001511,2.992242,2.992242,2.992242
32820.000000,33.578459,-117.064622,419.359756,33.578206,-117.064395,435.526416,-0.000430,0.000624,-0.001511,2.993184,2.993184,2.993184
32835.000000,33.578459,-117.064621,418.404710,33.578206,-117.064395,435.496429,-0.000431,0.000625,-0.001510,2.994115,2.994115,2.994115
32850.000000,33.578459,-117.064626,417.593493,33.578206,-117.064396,435.465854,-0.000431,0.000626,-0.001510,2.995047,2.995047,2.995047
32865.000000,33.578463,-117.064626,416.574736,33.578206,-117.064396,435.434412,-0.000431,0.000628,-0.001509,2.995969,2.995969,2.995969
32880.000000,33.578462,-117.064626,415.922332,33.578206,-117.064396,435.402482,-0.000431,0.000629,-0.001509,2.996891,2.996891,2.996891
32895.000000,33.578457,-117.064624,417.228700,33.578207,-117.064397,435.371691,-0.000431,0.000630,-0.001508,2.997822,2.997822,2.997822
32910.000000,33.578459,-117.064623,416.235626,33.578207,-117.064397,435.339986,-0.000431,0.000631,-0.001508,2.998739,2.998739,2.998739
32925.000000,33.578456,-117.064621,415.989939,33.578207,-117.064397,435.308168,-0.000432,0.000633,-0.001508,2.999660,2.999660,2.999660
32940.000000,33.578459,-117.064624,414.528781,33.578207,-117.064397,435.275078,-0.000432,0.000634,-0.001507,3.000568,3.000568,3.000568
32955.000000,33.578456,-117.064625,414.899991,33.578207,-117.064398,435.242393,-0.000432,0.000636,-0.001507,3.001483,3.001483,3.001483
32970.000000,33.578460,-117.064632,413.539058,33.578207,-117.064398,435.208622,-0.000432,0.000637,-0.001506,3.002394,3.002394,3.002394
32985.000000,33.578457,-117.064628,413.149418,33.578207,-117.064398,435.174498,-0.000432,0.000638,-0.001506,3.003299,3.003299,3.003299
33000.000000,33.578458,-117.064627,411.910322,33.578207,-117.064399,435.139096,-0.000432,0.000640,-0.001506,3.004181,3.004181,3.004181
33015.000000,33.578454,-117.064621,413.148381,33.578207,-117.064399,435.104694,-0.000432,0.000641,-0.001505,3.005064,3.005064,3.005064
33030.000000,33.578456,-117.064619,412.691414,33.578207,-117.064399,435.069850,-0.000432,0.000643,-0.001505,3.005940,3.005940,3.005940
33045.000000,33.578456,-117.064624,412.601294,33.578207,-117.064399,435.035087,-0.000433,0.000644,-0.001504,3.006824,3.006824,3.006824
33060.000000,33.578457,-117.064626,411.844315,33.578207,-117.064400,434.999748,-0.000433,0.000645,-0.001504,3.007707,3.007707,3.007707
33075.000000,33.578456,-117.064624,411.035763,33.578207,-117.064400,434.963467,-0.000433,0.000647,-0.001504,3.008570,3.008570,3.008570
33090.000000,33.578460,-117.064626,409.953385,33.578207,-117.064400,434.926176,-0.000433,0.000648,-0.001503,3.009422,3.009422,3.009422
33105.000000,33.578460,-117.064627,409.509324,33.578207,-117.064401,434.888417,-0.000433,0.000650,-0.001503,3.010266,3.010266,3.010266
33120.000000,33.578455,-117.064623,410.320407,33.578207,-117.064401,434.851162,-0.000433,0.000652,-0.001503,3.011099,3.011099,3.011099
33135.000000,33.578455,-117.064622,410.121281,33.578207,-117.064401,434.813731,-0.000433,0.000653,-0.001502,3.011929,3.011929,3.011929
33150.000000,33.578456,-117.064625,408.990825,33.578207,-117.064401,434.775396,-0.000433,0.000655,-0.001502,3.012759,3.012759,3.012759
33165.000000,33.578456,-117.064625,408.175648,33.578208,-117.064402,434.736183,-0.000433,0.000656,-0.001502,3.013575,3.013575,3.013575
33180.000000,33.578456,-117.064630,407.540402,33.578208,-117.064402,434.696489,-0.000433,0.000658,-0.001501,3.014392,3.014392,3.014392
33195.000000,33.578459,-117.064629,406.350072,33.578208,-117.064402,434.655462,-0.000433,0.000660,-0.001501,3.015188,3.015188,3.015188
33210.000000,33.578455,-117.064622,408.054987,33.578208,-117.064403,434.616085,-0.000433,0.000661,-0.001501,3.015996,3.015996,3.015996
33225.000000,33.578454,-117.064622,407.653888,33.578208,-117.064403,434.576258,-0.000433,0.000663,-0.001500,3.016795,3.016795,3.016795
33240.000000,33.578457,-117.064629,406.182870,33.578208,-117.064403,434.535091,-0.000433,0.000665,-0.001500,3.017587,3.017587,3.017587
33255.000000,33.578454,-117.064629,406.675095,33.578208,-117.064404,434.494661,-0.000433,0.000666,-0.001500,3.018394,3.018394,3.018394
33270.000000,33.578453,-117.064627,406.514533,33.578208,-117.064404,434.454007,-0.000433,0.000668,-0.001500,3.019195,3.019195,3.019195
33285.000000,33.578455,-117.064629,405.562107,33.578208,-117.064404,434.412395,-0.000433,0.000670,-0.001499,3.019986,3.019986,3.019986
33300.000000,33.578453,-117.064630,405.419880,33.578208,-117.064404,434.370347,-0.000433,0.000671,-0.001499,3.020758,3.020758,3.020758
33315.000000,33.578452,-117.064624,405.612926,33.578208,-117.064405,434.328425,-0.000434,0.000673,-0.001499,3.021527,3.021527,3.021527
33330.000000,33.578452,-117.064626,405.009894,33.578208,-117.064405,434.285899,-0.000434,0.000675,-0.001499,3.022289,3.022289,3.022289
33345.000000,33.578454,-117.064630,404.642707,33.578208,-117.064405,434.242862,-0.000434,0.000676,-0.001498,3.023040,3.023040,3.023040
33360.000000,33.578452,-117.064622,405.099876,33.578208,-117.064406,434.200160,-0.000434,0.000678,-0.001498,3.023786,3.023786,3.023786
33375.000000,33.578453,-117.064634,403.571417,33.578209,-117.064406,434.156224,-0.000434,0.000680,-0.001498,3.024534,3.024534,3.024534
33390.000000,33.578454,-117.064633,402.533402,33.578209,-117.064406,434.111196,-0.000434,0.000682,-0.001498,3.025272,3.025272,3.025272
33405.000000,33.578451,-117.064623,403.845935,33.578209,-117.064407,434.067141,-0.000434,0.000684,-0.001497,3.025999,3.025999,3.025999
33420.000000,33.578449,-117.064623,403.821683,33.578209,-117.064407,434.023122,-0.000434,0.000685,-0.001497,3.026727,3.026727,3.026727
33435.000000,33.578450,-117.064624,402.643583,33.578209,-117.064407,433.977863,-0.000434,0.000687,-0.001497,3.027444,3.027444,3.027444
33450.000000,33.578445,-117.064622,403.051245,33.578209,-117.064407,433.932799,-0.000433,0.000689,-0.001497,3.028150,3.028150,3.028150
33465.000000,33.578452,-117.064637,400.623385,33.578209,-117.064408,433.885510,-0.000433,0.000691,-0.001497,3.028852,3.028852,3.028852
33480.000000,33.578450,-117.064633,400.829468,33.578209,-117.064408,433.838380,-0.000433,0.000693,-0.001496,3.029551,3.029551,3.029551
33495.000000,33.578446,-117.064626,402.169043,33.578209,-117.064408,433.792170,-0.000433,0.000695,-0.001496,3.030235,3.030235,3.030235
33510.000000,33.578446,-117.064625,401.380014,33.578209,-117.064409,433.745156,-0.000433,0.000696,-0.001496,3.030913,3.030913,3.030913
33525.000000,33.578443,-117.064622,402.469727,33.578209,-117.064409,433.698875,-0.000433,0.000698,-0.001496,3.031577,3.031577,3.031577
33540.000000,33.578442,-117.064619,402.015057,33.578209,-117.064409,433.652584,-0.000433,0.000700,-0.001496,3.032258,3.032258,3.032258
33555.000000,33.578445,-117.064635,400.838805,33.578209,-117.064410,433.605111,-0.000433,0.000702,-0.001496,3.032932,3.032932,3.032932
33570.000000,33.578448,-117.064633,399.856700,33.578209,-117.064410,433.556172,-0.000433,0.000704,-0.001496,3.033579,3.033579,3.033579
33585.000000,33.578443,-117.064630,400.215575,33.578210,-117.064410,433.507915,-0.000433,0.000706,-0.001495,3.034239,3.034239,3.034239
33600.000000,33.578444,-117.064626,399.366959,33.578210,-117.064411,433.458163,-0.000433,0.000708,-0.001495,3.034866,3.034866,3.034866
33615.000000,33.578439,-117.064621,401.017553,33.578210,-117.064411,433.410011,-0.000433,0.000710,-0.001495,3.035493,3.035493,3.035493
33630.000000,33.578439,-117.064620,400.734687,33.578210,-117.064411,433.361648,-0.000433,0.000712,-0.001495,3.036121,3.036121,3.036121
33645.000000,33.578443,-117.064632,398.945098,33.578210,-117.064412,433.311567,-0.000433,0.000714,-0.001495,3.036744,3.036744,3.036744
33660.000000,33.578441,-117.064627,399.147915,33.578210,-117.064412,433.261445,-0.000433,0.000716,-0.001495,3.037356,3.037356,3.037356
33675.000000,33.578441,-117.064627,398.220661,33.578210,-117.064412,433.209954,-0.000433,0.000718,-0.001495,3.037945,3.037945,3.037945
33690.000000,33.578439,-117.064628,398.788033,33.578210,-117.064413,433.159179,-0.000433,0.000720,-0.001495,3.038539,3.038539,3.038539
33705.000000,33.578769,-117.064782,425.180119,33.578211,-117.064413,433.124254,-0.000434,0.000725,-0.001490,3.037341,3.037341,3.037341
33720.000000,33.578767,-117.064787,422.857774,33.578212,-117.064414,433.084721,-0.000435,0.000730,-0.001486,3.036184,3.036184,3.036184
33735.000000,33.578768,-117.064789,422.764166,33.578213,-117.064415,433.045497,-0.000436,0.000735,-0.001482,3.035091,3.035091,3.035091
33750.000000,33.578762,-117.064781,424.544113,33.578214,-117.064416,433.009612,-0.000437,0.000740,-0.001477,3.033926,3.033926,3.033926
33765.000000,33.578764,-117.064789,422.430652,33.578215,-117.064417,432.970096,-0.000438,0.000745,-0.001473,3.032871,3.032871,3.032871
33780.000000,33.578758,-117.064778,423.938569,33.578216,-117.064418,432.933002,-0.000439,0.000750,-0.001469,3.031694,3.031694,3.031694
33795.000000,33.578759,-117.064782,422.757118,33.578217,-117.064419,432.894004,-0.000440,0.000754,-0.001465,3.030597,3.030597,3.030597
33810.000000,33.578754,-117.064783,422.117392,33.578218,-117.064420,432.853743,-0.000441,0.000759,-0.001461,3.029497,3.029497,3.029497
33825.000000,33.578755,-117.064784,422.570785,33.578219,-117.064420,432.814964,-0.000442,0.000764,-0.001457,3.028468,3.028468,3.028468
33840.000000,33.578751,-117.064787,422.845995,33.578220,-117.064421,432.777164,-0.000443,0.000769,-0.001453,3.027493,3.027493,3.027493
33855.000000,33.578358,-117.064504,470.247241,33.578220,-117.064421,432.787799,-0.000444,0.000768,-0.001452,3.028361,3.028361,3.028361
33870.000000,33.578361,-117.064505,469.019018,33.578220,-117.064422,432.797673,-0.000445,0.000767,-0.001451,3.029222,3.029222,3.029222
33885.000000,33.578355,-117.064507,468.450986,33.578220,-117.064422,432.806868,-0.000445,0.000767,-0.001449,3.030092,3.030092,3.030092
33900.000000,33.578355,-117.064504,467.716402,33.578220,-117.064422,432.815192,-0.000446,0.000766,-0.001448,3.030976,3.030976,3.030976
33915.000000,33.578352,-117.064506,467.550023,33.578220,-117.064422,432.823631,-0.000446,0.000766,-0.001447,3.031849,3.031849,3.031849
33930.000000,33.578357,-117.064501,466.511657,33.578220,-117.064422,432.831582,-0.000447,0.000765,-0.001446,3.032709,3.032709,3.032709
33945.000000,33.578352,-117.064499,466.740752,33.578220,-117.064423,432.839870,-0.000447,0.000765,-0.001445,3.033561,3.033561,3.033561
33960.000000,33.578348,-117.064495,465.999872,33.578220,-117.064423,432.846675,-0.000448,0.000764,-0.001444,3.034454,3.034454,3.034454
33975.000000,33.578349,-117.064500,465.096507,33.578220,-117.064423,432.853715,-0.000448,0.000764,-0.001443,3.035305,3.035305,3.035305
33990.000000,33.578347,-117.064501,463.686762,33.578220,-117.064423,432.859099,-0.000449,0.000764,-0.001442,3.036183,3.036183,3.036183
34005.000000,33.578347,-117.064493,464.407180,33.578220,-117.064423,432.865773,-0.000449,0.000763,-0.001441,3.037026,3.037026,3.037026
34020.000000,33.578346,-117.064494,463.614709,33.578220,-117.064423,432.871571,-0.000450,0.000763,-0.001440,3.037881,3.037881,3.037881
34035.000000,33.578345,-117.064497,462.910017,33.578220,-117.064424,432.876782,-0.000450,0.000762,-0.001439,3.038738,3.038738,3.038738
34050.000000,33.578342,-117.064494,461.448587,33.578220,-117.064424,432.880788,-0.000451,0.000762,-0.001438,3.039600,3.039600,3.039600
34065.000000,33.578339,-117.064491,460.954998,33.578220,-117.064424,432.884559,-0.000451,0.000761,-0.001437,3.040454,3.040454,3.040454
34080.000000,33.578339,-117.064486,461.074193,33.578220,-117.064424,432.888911,-0.000452,0.000761,-0.001436,3.041282,3.041282,3.041282
34095.000000,33.578343,-117.064488,461.370325,33.578220,-117.064424,432.893660,-0.000452,0.000761,-0.001436,3.042100,3.042100,3.042100
34110.000000,33.578342,-117.064490,461.380313,33.578220,-117.064425,432.898398,-0.000452,0.000760,-0.001435,3.042920,3.042920,3.042920
34125.000000,33.578334,-117.064485,459.059385,33.578220,-117.064425,432.900939,-0.000453,0.000760,-0.001434,3.043761,3.043761,3.043761
34140.000000,33.578338,-117.064484,459.548629,33.578220,-117.064425,432.904421,-0.000453,0.000759,-0.001433,3.044569,3.044569,3.044569
34155.000000,33.578336,-117.064485,459.042766,33.578220,-117.064425,432.907194,-0.000454,0.000759,-0.001432,3.045396,3.045396,3.045396
34170.000000,33.578337,-117.064479,459.859054,33.578220,-117.064425,432.911307,-0.000454,0.000759,-0.001431,3.046183,3.046183,3.046183
34185.000000,33.578331,-117.064479,458.332373,33.578219,-117.064425,432.913870,-0.000454,0.000758,-0.001430,3.046988,3.046988,3.046988
34200.000000,33.578600,-117.064187,523.034015,33.578220,-117.064425,433.115379,-0.000455,0.000752,-0.001421,3.045300,3.045300,3.045300
34215.000000,33.578599,-117.064182,523.104609,33.578221,-117.064424,433.312030,-0.000455,0.000746,-0.001412,3.043690,3.043690,3.043690
34230.000000,33.578600,-117.064182,522.552554,33.578222,-117.064424,433.510183,-0.000456,0.000740,-0.001403,3.042028,3.042028,3.042028
34245.000000,33.578604,-117.064185,522.433018,33.578223,-117.064424,433.694448,-0.000456,0.000735,-0.001395,3.040592,3.040592,3.040592
34260.000000,33.578604,-117.064188,522.292747,33.578223,-117.064423,433.880410,-0.000456,0.000729,-0.001386,3.039117,3.039117,3.039117
34275.000000,33.578602,-117.064181,521.902460,33.578224,-117.064423,434.072081,-0.000457,0.000724,-0.001377,3.037522,3.037522,3.037522
34290.000000,33.578603,-117.064185,522.251998,33.578225,-117.064422,434.260685,-0.000457,0.000718,-0.001369,3.035989,3.035989,3.035989
34305.000000,33.578603,-117.064183,521.103131,33.578226,-117.064422,434.448611,-0.000457,0.000712,-0.001360,3.034416,3.034416,3.034416
34320.000000,33.578602,-117.064182,520.596236,33.578226,-117.064421,434.635037,-0.000457,0.000707,-0.001352,3.032842,3.032842,3.032842
34335.000000,33.578601,-117.064180,521.332702,33.578227,-117.064421,434.823289,-0.000458,0.000701,-0.001343,3.031262,3.031262,3.031262
34350.000000,33.578602,-117.064177,521.473637,33.578228,-117.064420,435.002700,-0.000458,0.000696,-0.001335,3.029837,3.029837,3.029837
34365.000000,33.578601,-117.064177,520.647746,33.578229,-117.064420,435.182016,-0.000458,0.000690,-0.001327,3.028375,3.028375,3.028375
34380.000000,33.578603,-117.064178,520.357966,33.578229,-117.064420,435.354554,-0.000458,0.000685,-0.001319,3.027017,3.027017,3.027017
34395.000000,33.578599,-117.064171,519.364843,33.578230,-117.064419,435.535728,-0.000458,0.000680,-0.001310,3.025459,3.025459,3.025459
34410.000000,33.578601,-117.064177,519.930993,33.578231,-117.064419,435.709388,-0.000458,0.000675,-0.001302,3.024054,3.024054,3.024054
34425.000000,33.578604,-117.064179,520.120391,33.578231,-117.064418,435.878654,-0.000459,0.000670,-0.001294,3.022731,3.022731,3.022731
34440.000000,33.578600,-117.064174,518.906237,33.578232,-117.064418,436.057723,-0.000459,0.000664,-0.001286,3.021175,3.021175,3.021175
34455.000000,33.578601,-117.064173,518.366321,33.578233,-117.064417,436.230853,-0.000459,0.000659,-0.001278,3.019700,3.019700,3.019700
34470.000000,33.578600,-117.064172,518.370425,33.578234,-117.064417,436.400973,-0.000459,0.000654,-0.001270,3.018276,3.018276,3.018276
34485.000000,33.578599,-117.064171,517.828395,33.578234,-117.064416,436.569337,-0.000459,0.000649,-0.001263,3.016856,3.016856,3.016856
34500.000000,33.578599,-117.064172,517.213644,33.578235,-117.064416,436.738315,-0.000459,0.000644,-0.001255,3.015394,3.015394,3.015394
34515.000000,33.578600,-117.064173,517.011918,33.578236,-117.064416,436.906599,-0.000459,0.000639,-0.001247,3.013931,3.013931,3.013931
34530.000000,33.578600,-117.064171,516.739101,33.578237,-117.064415,437.071706,-0.000459,0.000634,-0.001239,3.012511,3.012511,3.012511
34545.000000,33.578599,-117.064175,516.932497,33.578237,-117.064415,437.235834,-0.000459,0.000629,-0.001232,3.011113,3.011113,3.011113
34560.000000,33.578599,-117.064170,516.444695,33.578238,-117.064414,437.395993,-0.000459,0.000625,-0.001224,3.009765,3.009765,3.009765
34575.000000,33.578597,-117.064168,516.075260,33.578239,-117.064414,437.559821,-0.000459,0.000620,-0.001217,3.008326,3.008326,3.008326
34590.000000,33.578598,-117.064170,516.041358,33.578239,-117.064413,437.719387,-0.000459,0.000615,-0.001209,3.006962,3.006962,3.006962
34605.000000,33.578596,-117.064169,515.880540,33.578240,-117.064413,437.881932,-0.000459,0.000610,-0.001202,3.005529,3.005529,3.005529
34620.000000,33.578597,-117.064166,515.768580,33.578241,-117.064413,438.038706,-0.000459,0.000605,-0.001194,3.004198,3.004198,3.004198
34635.000000,33.578598,-117.064167,514.913667,33.578241,-117.064412,438.191759,-0.000459,0.000601,-0.001187,3.002898,3.002898,3.002898
34650.000000,33.578598,-117.064164,514.984612,33.578242,-117.064412,438.340400,-0.000458,0.000596,-0.001180,3.001683,3.001683,3.001683
34665.000000,33.578598,-117.064164,514.203980,33.578243,-117.064411,438.488550,-0.000458,0.000592,-0.001173,3.000440,3.000440,3.000440
34680.000000,33.578599,-117.064166,513.858836,33.578243,-117.064411,438.631586,-0.000458,0.000588,-0.001166,2.999281,2.999281,2.999281
34695.000000,33.578597,-117.064163,513.766735,33.578244,-117.064410,438.780179,-0.000458,0.000583,-0.001159,2.998001,2.998001,2.998001
34710.000000,33.578594,-117.064160,513.764310,33.578245,-117.064410,438.930161,-0.000458,0.000579,-0.001152,2.996690,2.996690,2.996690
34725.000000,33.578594,-117.064162,513.631918,33.578245,-117.064410,439.076073,-0.000458,0.000575,-0.001146,2.995450,2.995450,2.995450
34740.000000,33.578593,-117.064160,514.164551,33.578246,-117.064409,439.224929,-0.000457,0.000570,-0.001139,2.994169,2.994169,2.994169
34755.000000,33.578594,-117.064158,512.719845,33.578247,-117.064409,439.368325,-0.000457,0.000566,-0.001132,2.992931,2.992931,2.992931
34770.000000,33.578592,-117.064160,512.943707,33.578247,-117.064408,439.513595,-0.000457,0.000562,-0.001125,2.991660,2.991660,2.991660
34785.000000,33.578592,-117.064157,512.545541,33.578248,-117.064408,439.653444,-0.000457,0.000557,-0.001119,2.990479,2.990479,2.990479
34800.000000,33.578592,-117.064158,511.864680,33.578248,-117.064408,439.792174,-0.000456,0.000553,-0.001112,2.989286,2.989286,2.989286
34815.000000,33.578591,-117.064159,510.840847,33.578249,-117.064407,439.928857,-0.000456,0.000549,-0.001106,2.988087,2.988087,2.988087
34830.000000,33.578593,-117.064160,510.184082,33.578250,-117.064407,440.058857,-0.000456,0.000545,-0.001099,2.986997,2.986997,2.986997
34845.000000,33.578591,-117.064158,510.950751,33.578250,-117.064406,440.193773,-0.000456,0.000541,-0.001093,2.985832,2.985832,2.985832
34860.000000,33.578592,-117.064157,510.121489,33.578251,-117.064406,440.327320,-0.000455,0.000537,-0.001087,2.984654,2.984654,2.984654
34875.000000,33.578590,-117.064156,509.133475,33.578251,-117.064405,440.459022,-0.000455,0.000533,-0.001080,2.983468,2.983468,2.983468
34890.000000,33.578588,-117.064156,509.316286,33.578252,-117.064405,440.594698,-0.000454,0.000529,-0.001074,2.982199,2.982199,2.982199
34905.000000,33.578587,-117.064154,509.447084,33.578253,-117.064405,440.727434,-0.000454,0.000525,-0.001068,2.980996,2.980996,2.980996
34920.000000,33.578586,-117.064151,509.473076,33.578253,-117.064404,440.859421,-0.000454,0.000521,-0.001061,2.979806,2.979806,2.979806
34935.000000,33.578584,-117.064153,508.951154,33.578254,-117.064404,440.993374,-0.000453,0.000517,-0.001055,2.978544,2.978544,2.978544
34950.000000,33.578586,-117.064149,507.980486,33.578254,-117.064403,441.117118,-0.000453,0.000514,-0.001049,2.977459,2.977459,2.977459
34965.000000,33.578582,-117.064151,508.171250,33.578255,-117.064403,441.244325,-0.000452,0.000510,-0.001043,2.976302,2.976302,2.976302
34980.000000,33.578581,-117.064152,507.780094,33.578256,-117.064402,441.373095,-0.000452,0.000506,-0.001037,2.975087,2.975087,2.975087
34995.000000,33.578580,-117.064149,506.851190,33.578256,-117.064402,441.500556,-0.000452,0.000502,-0.001031,2.973852,2.973852,2.973852
35010.000000,33.578579,-117.064150,507.594168,33.578257,-117.064402,441.627618,-0.000451,0.000498,-0.001025,2.972658,2.972658,2.972658
35025.000000,33.578581,-117.064149,506.410712,33.578257,-117.064401,441.744476,-0.000451,0.000495,-0.001019,2.971637,2.971637,2.971637
35040.000000,33.578578,-117.064152,505.973611,33.578258,-117.064401,441.867251,-0.000450,0.000491,-0.001013,2.970455,2.970455,2.970455
35055.000000,33.578578,-117.064150,505.402510,33.578258,-117.064400,441.986793,-0.000450,0.000488,-0.001008,2.969316,2.969316,2.969316
35070.000000,33.578579,-117.064152,505.662150,33.578259,-117.064400,442.103259,-0.000449,0.000484,-0.001002,2.968258,2.968258,2.968258
35085.000000,33.578576,-117.064149,504.448707,33.578260,-117.064400,442.221424,-0.000449,0.000481,-0.000996,2.967097,2.967097,2.967097
35100.000000,33.578577,-117.064149,504.804088,33.578260,-117.064399,442.336452,-0.000448,0.000477,-0.000991,2.966023,2.966023,2.966023
35115.000000,33.578575,-117.064152,503.982449,33.578261,-117.064399,442.447842,-0.000448,0.000474,-0.000985,2.964994,2.964994,2.964994
35130.000000,33.578572,-117.064148,503.671675,33.578261,-117.064398,442.563618,-0.000447,0.000470,-0.000980,2.963839,2.963839,2.963839
35145.000000,33.578570,-117.064149,503.216461,33.578262,-117.064398,442.679191,-0.000447,0.000467,-0.000974,2.962662,2.962662,2.962662
35160.000000,33.578569,-117.064146,502.843480,33.578262,-117.064398,442.789750,-0.000446,0.000464,-0.000969,2.961585,2.961585,2.961585
35175.000000,33.578569,-117.064150,502.533578,33.578263,-117.064397,442.899805,-0.000445,0.000460,-0.000963,2.960501,2.960501,2.960501
35190.000000,33.578568,-117.064149,501.451189,33.578263,-117.064397,443.006883,-0.000445,0.000457,-0.000958,2.959434,2.959434,2.959434
35205.000000,33.578566,-117.064149,500.666996,33.578264,-117.064396,443.113990,-0.000444,0.000454,-0.000953,2.958320,2.958320,2.958320
35220.000000,33.578565,-117.064148,501.389630,33.578264,-117.064396,443.222619,-0.000444,0.000451,-0.000948,2.957202,2.957202,2.957202
35235.000000,33.578567,-117.064147,500.717030,33.578265,-117.064395,443.324915,-0.000443,0.000448,-0.000943,2.956207,2.956207,2.956207
35250.000000,33.578565,-117.064148,500.474249,33.578265,-117.064395,443.428291,-0.000442,0.000444,-0.000938,2.955169,2.955169,2.955169
35265.000000,33.578563,-117.064149,499.769127,33.578266,-117.064395,443.531090,-0.000442,0.000441,-0.000933,2.954104,2.954104,2.954104
35280.000000,33.578563,-117.064153,498.603238,33.578266,-117.064394,443.626170,-0.000441,0.000438,-0.000928,2.953180,2.953180,2.953180
35295.000000,33.578560,-117.064152,498.357705,33.578267,-117.064394,443.725960,-0.000441,0.000435,-0.000923,2.952113,2.952113,2.952113
35310.000000,33.578559,-117.064151,497.386999,33.578267,-117.064394,443.823050,-0.000440,0.000433,-0.000918,2.951062,2.951062,2.951062
35325.000000,33.578558,-117.064150,497.099569,33.578268,-117.064393,443.918516,-0.000439,0.000430,-0.000913,2.950037,2.950037,2.950037
35340.000000,33.578554,-117.064151,497.514448,33.578268,-117.064393,444.016318,-0.000439,0.000427,-0.000908,2.948966,2.948966,2.948966
35355.000000,33.578555,-117.064149,496.304082,33.578269,-117.064392,444.109695,-0.000438,0.000424,-0.000904,2.947947,2.947947,2.947947
35370.000000,33.578474,-117.064242,532.662172,33.578271,-117.064391,444.917079,-0.000444,0.000400,-0.000877,2.936200,2.936200,2.936200
35385.000000,33.578473,-117.064242,532.775248,33.578272,-117.064390,445.690340,-0.000450,0.000377,-0.000851,2.924972,2.924972,2.924972
35400.000000,33.578473,-117.064241,532.540718,33.578274,-117.064389,446.437563,-0.000455,0.000355,-0.000827,2.914084,2.914084,2.914084
35415.000000,33.578471,-117.064242,532.182169,33.578276,-117.064388,447.152899,-0.000461,0.000333,-0.000803,2.903624,2.903624,2.903624
35430.000000,33.578471,-117.064244,531.615633,33.578277,-117.064386,447.840912,-0.000466,0.000313,-0.000780,2.893494,2.893494,2.893494
35445.000000,33.578470,-117.064243,531.500791,33.578279,-117.064385,448.496396,-0.000471,0.000294,-0.000758,2.883857,2.883857,2.883857
35460.000000,33.578470,-117.064241,531.245691,33.578280,-117.064384,449.144905,-0.000475,0.000274,-0.000737,2.874253,2.874253,2.874253
35475.000000,33.578470,-117.064236,529.859938,33.578281,-117.064383,449.803815,-0.000480,0.000255,-0.000715,2.864215,2.864215,2.864215
35490.000000,33.578469,-117.064238,530.259271,33.578283,-117.064382,450.426233,-0.000484,0.000236,-0.000695,2.854832,2.854832,2.854832
35505.000000,33.578467,-117.064236,530.360499,33.578284,-117.064381,451.034003,-0.000489,0.000218,-0.000674,2.845677,2.845677,2.845677
35520.000000,33.578466,-117.064235,529.530590,33.578285,-117.064380,451.620268,-0.000493,0.000201,-0.000655,2.836748,2.836748,2.836748
35535.000000,33.578465,-117.064233,528.824235,33.578287,-117.064379,452.182940,-0.000497,0.000184,-0.000637,2.828108,2.828108,2.828108
35550.000000,33.578464,-117.064236,529.171422,33.578288,-117.064378,452.724966,-0.000500,0.000168,-0.000619,2.819853,2.819853,2.819853
35565.000000,33.578464,-117.064234,528.679591,33.578289,-117.064377,453.260573,-0.000504,0.000152,-0.000601,2.811610,2.811610,2.811610
35580.000000,33.578462,-117.064230,528.593858,33.578290,-117.064376,453.795274,-0.000507,0.000136,-0.000584,2.803331,2.803331,2.803331
35595.000000,33.578462,-117.064235,528.195161,33.578291,-117.064375,454.296481,-0.000511,0.000121,-0.000567,2.795590,2.795590,2.795590
35610.000000,33.578461,-117.064232,527.076533,33.578292,-117.064374,454.786651,-0.000514,0.000106,-0.000551,2.787876,2.787876,2.787876
35625.000000,33.578459,-117.064230,527.327897,33.578293,-117.064374,455.277357,-0.000517,0.000091,-0.000535,2.780148,2.780148,2.780148
35640.000000,33.578458,-117.064229,527.143509,33.578294,-117.064373,455.752173,-0.000520,0.000077,-0.000520,2.772666,2.772666,2.772666
35655.000000,33.578458,-117.064234,527.379486,33.578295,-117.064372,456.191759,-0.000523,0.000064,-0.000505,2.765863,2.765863,2.765863
35670.000000,33.578456,-117.064232,526.809389,33.578296,-117.064371,456.628245,-0.000526,0.000051,-0.000491,2.759019,2.759019,2.759019
35685.000000,33.578455,-117.064231,526.313337,33.578297,-117.064370,457.054041,-0.000529,0.000038,-0.000477,2.752295,2.752295,2.752295
35700.000000,33.578453,-117.064233,525.946118,33.578298,-117.064370,457.459569,-0.000531,0.000026,-0.000464,2.745901,2.745901,2.745901
35715.000000,33.578452,-117.064229,525.635745,33.578299,-117.064369,457.864728,-0.000534,0.000014,-0.000451,2.739449,2.739449,2.739449
35730.000000,33.578451,-117.064229,524.726999,33.578300,-117.064368,458.262634,-0.000536,0.000002,-0.000438,2.733004,2.733004,2.733004
35745.000000,33.578449,-117.064230,524.963086,33.578301,-117.064367,458.644128,-0.000538,-0.000009,-0.000426,2.726896,2.726896,2.726896
35760.000000,33.578448,-117.064230,524.086010,33.578301,-117.064367,459.015874,-0.000541,-0.000021,-0.000414,2.720860,2.720860,2.720860
35775.000000,33.578447,-117.064231,524.004690,33.578302,-117.064366,459.369757,-0.000543,-0.000031,-0.000402,2.715162,2.715162,2.715162
35790.000000,33.578446,-117.064228,522.942852,33.578303,-117.064365,459.728431,-0.000545,-0.000042,-0.000391,2.709213,2.709213,2.709213
35805.000000,33.578444,-117.064227,523.352377,33.578304,-117.064365,460.077217,-0.000547,-0.000052,-0.000380,2.703498,2.703498,2.703498
35820.000000,33.578442,-117.064229,522.653904,33.578304,-117.064364,460.410851,-0.000549,-0.000062,-0.000369,2.698003,2.698003,2.698003
35835.000000,33.578442,-117.064227,521.920131,33.578305,-117.064363,460.738192,-0.000551,-0.000072,-0.000358,2.692537,2.692537,2.692537
35850.000000,33.578442,-117.064225,521.767589,33.578306,-117.064363,461.058564,-0.000552,-0.000082,-0.000348,2.687184,2.687184,2.687184
35865.000000,33.578441,-117.064223,521.382798,33.578306,-117.064362,461.377491,-0.000554,-0.000092,-0.000338,2.681795,2.681795,2.681795
35880.000000,33.578441,-117.064224,520.907624,33.578307,-117.064361,461.682871,-0.000556,-0.000101,-0.000328,2.676633,2.676633,2.676633
35895.000000,33.578438,-117.064221,519.511054,33.578307,-117.064361,461.989798,-0.000557,-0.000110,-0.000318,2.671246,2.671246,2.671246
35910.000000,33.578436,-117.064226,519.176141,33.578308,-117.064360,462.278036,-0.000559,-0.000119,-0.000309,2.666233,2.666233,2.666233
35925.000000,33.578435,-117.064224,518.534844,33.578309,-117.064360,462.559868,-0.000560,-0.000127,-0.000300,2.661274,2.661274,2.661274
35940.000000,33.578433,-117.064226,518.628449,33.578309,-117.064359,462.834633,-0.000561,-0.000135,-0.000291,2.656475,2.656475,2.656475
35955.000000,33.578430,-117.064221,518.232118,33.578310,-117.064358,463.109842,-0.000563,-0.000144,-0.000283,2.651598,2.651598,2.651598
35970.000000,33.578429,-117.064225,518.479729,33.578310,-117.064358,463.374293,-0.000564,-0.000152,-0.000274,2.646989,2.646989,2.646989
35985.000000,33.578429,-117.064221,517.663501,33.578311,-117.064357,463.636755,-0.000565,-0.000160,-0.000266,2.642314,2.642314,2.642314
36000.000000,33.578427,-117.064221,516.469777,33.578311,-117.064357,463.890513,-0.000566,-0.000168,-0.000258,2.637695,2.637695,2.637695
36015.000000,33.578424,-117.064223,516.717116,33.578312,-117.064356,464.133239,-0.000567,-0.000175,-0.000251,2.633363,2.633363,2.633363
36030.000000,33.578422,-117.064221,515.662749,33.578312,-117.064356,464.376231,-0.000568,-0.000182,-0.000243,2.628884,2.628884,2.628884
36045.000000,33.578422,-117.064220,515.364076,33.578313,-117.064355,464.616328,-0.000569,-0.000190,-0.000236,2.624425,2.624425,2.624425
36060.000000,33.578419,-117.064224,514.820283,33.578313,-117.064354,464.842349,-0.000570,-0.000197,-0.000229,2.620251,2.620251,2.620251
36075.000000,33.578420,-117.064221,514.011867,33.578313,-117.064354,465.071525,-0.000571,-0.000204,-0.000221,2.615879,2.615879,2.615879
36090.000000,33.578418,-117.064221,513.501795,33.578314,-117.064353,465.294142,-0.000572,-0.000210,-0.000214,2.611604,2.611604,2.611604
36105.000000,33.578416,-117.064222,513.757695,33.578314,-117.064353,465.510172,-0.000573,-0.000217,-0.000208,2.607521,2.607521,2.607521
36120.000000,33.578413,-117.064222,513.291524,33.578315,-117.064352,465.722792,-0.000574,-0.000223,-0.000201,2.603459,2.603459,2.603459
36135.000000,33.578412,-117.064220,512.262203,33.578315,-117.064352,465.930169,-0.000575,-0.000230,-0.000195,2.599401,2.599401,2.599401
36150.000000,33.578410,-117.064221,511.953684,33.578315,-117.064351,466.129522,-0.000575,-0.000236,-0.000189,2.595516,2.595516,2.595516
36165.000000,33.578408,-117.064221,511.614265,33.578316,-117.064351,466.323403,-0.000576,-0.000242,-0.000183,2.591731,2.591731,2.591731
36180.000000,33.578407,-117.064221,510.321570,33.578316,-117.064350,466.514564,-0.000577,-0.000248,-0.000177,2.587852,2.587852,2.587852
36195.000000,33.578404,-117.064221,510.093582,33.578316,-117.064350,466.702175,-0.000577,-0.000254,-0.000171,2.584034,2.584034,2.584034
36210.000000,33.578403,-117.064221,509.465320,33.578317,-117.064349,466.883765,-0.000578,-0.000259,-0.000166,2.580304,2.580304,2.580304
36225.000000,33.578401,-117.064223,509.147784,33.578317,-117.064349,467.057208,-0.000578,-0.000265,-0.000161,2.576767,2.576767,2.576767
36240.000000,33.578400,-117.064220,508.640747,33.578317,-117.064349,467.230184,-0.000579,-0.000270,-0.000156,2.573169,2.573169,2.573169
36255.000000,33.578397,-117.064224,507.315102,33.578317,-117.064348,467.394931,-0.000579,-0.000275,-0.000151,2.569648,2.569648,2.569648
36270.000000,33.578397,-117.064223,507.775891,33.578318,-117.064348,467.559851,-0.000580,-0.000280,-0.000146,2.566167,2.566167,2.566167
36285.000000,33.578395,-117.064224,507.282536,33.578318,-117.064347,467.721632,-0.000580,-0.000285,-0.000141,2.562710,2.562710,2.562710
36300.000000,33.578393,-117.064222,506.082777,33.578318,-117.064347,467.879864,-0.000580,-0.000290,-0.000136,2.559200,2.559200,2.559200
36315.000000,33.578391,-117.064224,505.590913,33.578318,-117.064346,468.029815,-0.000581,-0.000295,-0.000132,2.555891,2.555891,2.555891
36330.000000,33.578388,-117.064224,505.109088,33.578319,-117.064346,468.178325,-0.000581,-0.000299,-0.000127,2.552555,2.552555,2.552555
36345.000000,33.578387,-117.064225,504.544755,33.578319,-117.064346,468.325279,-0.000581,-0.000304,-0.000123,2.549184,2.549184,2.549184
36360.000000,33.578384,-117.064223,503.821577,33.578319,-117.064345,468.467648,-0.000582,-0.000309,-0.000119,2.545863,2.545863,2.545863
36375.000000,33.578383,-117.064225,503.170663,33.578319,-117.064345,468.606696,-0.000582,-0.000313,-0.000115,2.542559,2.542559,2.542559
36390.000000,33.578381,-117.064225,502.762485,33.578319,-117.064344,468.741587,-0.000582,-0.000317,-0.000111,2.539339,2.539339,2.539339
36405.000000,33.578380,-117.064224,502.397605,33.578320,-117.064344,468.875412,-0.000582,-0.000321,-0.000107,2.536093,2.536093,2.536093
36420.000000,33.578377,-117.064225,501.957291,33.578320,-117.064344,469.006626,-0.000582,-0.000326,-0.000104,2.532872,2.532872,2.532872
36435.000000,33.578375,-117.064222,501.821300,33.578320,-117.064343,469.133010,-0.000582,-0.000330,-0.000100,2.529804,2.529804,2.529804
36450.000000,33.578372,-117.064224,501.007343,33.578320,-117.064343,469.254988,-0.000583,-0.000334,-0.000097,2.526781,2.526781,2.526781
36465.000000,33.578371,-117.064222,500.619084,33.578320,-117.064342,469.377641,-0.000583,-0.000338,-0.000093,2.523661,2.523661,2.523661
36480.000000,33.578368,-117.064224,498.899532,33.578320,-117.064342,469.492928,-0.000583,-0.000341,-0.000090,2.520571,2.520571,2.520571
36495.000000,33.578367,-117.064226,499.012896,33.578320,-117.064342,469.606850,-0.000583,-0.000345,-0.000087,2.517544,2.517544,2.517544
36510.000000,33.578364,-117.064226,497.718032,33.578320,-117.064341,469.715228,-0.000583,-0.000348,-0.000084,2.514543,2.514543,2.514543
36525.000000,33.578362,-117.064228,497.150835,33.578321,-117.064341,469.818989,-0.000583,-0.000352,-0.000081,2.511646,2.511646,2.511646
36540.000000,33.578361,-117.064229,497.034298,33.578321,-117.064341,469.921957,-0.000583,-0.000355,-0.000078,2.508756,2.508756,2.508756
36555.000000,33.578358,-117.064229,495.784945,33.578321,-117.064340,470.020403,-0.000583,-0.000358,-0.000076,2.505859,2.505859,2.505859
36570.000000,33.578356,-117.064229,496.114463,33.578321,-117.064340,470.118721,-0.000583,-0.000362,-0.000073,2.503013,2.503013,2.503013
36585.000000,33.578355,-117.064227,495.695520,33.578321,-117.064340,470.216886,-0.000582,-0.000365,-0.000071,2.500090,2.500090,2.500090
36600.000000,33.578353,-117.064229,494.957895,33.578321,-117.064339,470.311512,-0.000582,-0.000368,-0.000068,2.497202,2.497202,2.497202
36615.000000,33.578349,-117.064228,494.646183,33.578321,-117.064339,470.403180,-0.000582,-0.000371,-0.000066,2.494396,2.494396,2.494396
36630.000000,33.578348,-117.064225,493.893013,33.578321,-117.064339,470.493415,-0.000582,-0.000374,-0.000064,2.491516,2.491516,2.491516
36645.000000,33.578346,-117.064229,493.314635,33.578321,-117.064338,470.579238,-0.000582,-0.000377,-0.000061,2.488753,2.488753,2.488753
36660.000000,33.578345,-117.064229,492.730346,33.578321,-117.064338,470.663755,-0.000582,-0.000380,-0.000059,2.485939,2.485939,2.485939
36675.000000,33.578344,-117.064230,491.788082,33.578321,-117.064338,470.744930,-0.000581,-0.000383,-0.000057,2.483115,2.483115,2.483115
36690.000000,33.578341,-117.064229,491.211348,33.578321,-117.064337,470.824232,-0.000581,-0.000385,-0.000055,2.480270,2.480270,2.480270
36705.000000,33.578338,-117.064229,490.157486,33.578321,-117.064337,470.900269,-0.000581,-0.000388,-0.000054,2.477383,2.477383,2.477383
36720.000000,33.578336,-117.064232,489.742611,33.578321,-117.064337,470.973350,-0.000581,-0.000391,-0.000052,2.474581,2.474581,2.474581
36735.000000,33.578335,-117.064231,489.307810,33.578321,-117.064336,471.044979,-0.000580,-0.000393,-0.000050,2.471763,2.471763,2.471763
36750.000000,33.578332,-117.064230,488.618904,33.578321,-117.064336,471.113838,-0.000580,-0.000396,-0.000049,2.468958,2.468958,2.468958
36765.000000,33.578330,-117.064234,488.117080,33.578321,-117.064336,471.179988,-0.000580,-0.000398,-0.000047,2.466209,2.466209,2.466209
36780.000000,33.578327,-117.064233,486.859253,33.578321,-117.064335,471.242225,-0.000579,-0.000400,-0.000046,2.463412,2.463412,2.463412
36795.000000,33.578326,-117.064236,486.873623,33.578321,-117.064335,471.303196,-0.000579,-0.000402,-0.000045,2.460708,2.460708,2.460708
36810.000000,33.578325,-117.064233,486.361679,33.578321,-117.064335,471.363002,-0.000578,-0.000405,-0.000043,2.457944,2.457944,2.457944
36825.000000,33.578322,-117.064235,485.361317,33.578321,-117.064335,471.419419,-0.000578,-0.000407,-0.000042,2.455158,2.455158,2.455158
36840.000000,33.578319,-117.064235,485.658722,33.578321,-117.064334,471.475303,-0.000578,-0.000409,-0.000041,2.452497,2.452497,2.452497
36855.000000,33.578317,-117.064238,485.096496,33.578321,-117.064334,471.528502,-0.000577,-0.000411,-0.000040,2.449893,2.449893,2.449893
36870.000000,33.578316,-117.064236,484.351217,33.578321,-117.064334,471.580656,-0.000577,-0.000413,-0.000039,2.447138,2.447138,2.447138
36885.000000,33.578314,-117.064235,483.876961,33.578321,-117.064333,471.630876,-0.000576,-0.000415,-0.000038,2.444398,2.444398,2.444398
36900.000000,33.578311,-117.064237,483.177731,33.578321,-117.064333,471.678285,-0.000576,-0.000417,-0.000037,2.441685,2.441685,2.441685
36915.000000,33.578309,-117.064238,481.967089,33.578321,-117.064333,471.722071,-0.000575,-0.000418,-0.000037,2.438892,2.438892,2.438892
36930.000000,33.578307,-117.064240,481.351146,33.578320,-117.064333,471.763596,-0.000575,-0.000420,-0.000036,2.436097,2.436097,2.436097
36945.000000,33.578305,-117.064240,481.456367,33.578320,-117.064332,471.804680,-0.000574,-0.000422,-0.000036,2.433392,2.433392,2.433392
36960.000000,33.578304,-117.064242,481.005204,33.578320,-117.064332,471.844024,-0.000574,-0.000423,-0.000035,2.430696,2.430696,2.430696
36975.000000,33.578300,-117.064243,479.918597,33.578320,-117.064332,471.879383,-0.000573,-0.000425,-0.000035,2.428023,2.428023,2.428023
36990.000000,33.578298,-117.064242,479.316322,33.578320,-117.064332,471.912981,-0.000573,-0.000426,-0.000034,2.425284,2.425284,2.425284
37005.000000,33.578297,-117.064241,478.465460,33.578320,-117.064331,471.944055,-0.000572,-0.000428,-0.000034,2.422448,2.422448,2.422448
37020.000000,33.578295,-117.064244,477.861937,33.578320,-117.064331,471.972871,-0.000571,-0.000429,-0.000034,2.419615,2.419615,2.419615
37035.000000,33.578292,-117.064245,477.769735,33.578320,-117.064331,472.001183,-0.000571,-0.000431,-0.000034,2.416803,2.416803,2.416803
37050.000000,33.578289,-117.064246,476.282401,33.578319,-117.064330,472.024246,-0.000570,-0.000432,-0.000034,2.413960,2.413960,2.413960
37065.000000,33.578287,-117.064247,475.931188,33.578319,-117.064330,472.045767,-0.000569,-0.000433,-0.000034,2.411184,2.411184,2.411184
37080.000000,33.578283,-117.064248,475.753479,33.578319,-117.064330,472.066217,-0.000569,-0.000434,-0.000034,2.408534,2.408534,2.408534
37095.000000,33.578283,-117.064248,475.101764,33.578319,-117.064330,472.084575,-0.000568,-0.000435,-0.000035,2.405806,2.405806,2.405806
37110.000000,33.578283,-117.064248,474.131715,33.578319,-117.064330,472.099633,-0.000567,-0.000436,-0.000035,2.402994,2.402994,2.402994
37125.000000,33.578278,-117.064248,473.916277,33.578318,-117.064329,472.113792,-0.000567,-0.000437,-0.000035,2.400240,2.400240,2.400240
37140.000000,33.578277,-117.064251,473.574829,33.578318,-117.064329,472.126678,-0.000566,-0.000438,-0.000036,2.397509,2.397509,2.397509
37155.000000,33.578274,-117.064251,472.354464,33.578318,-117.064329,472.135259,-0.000565,-0.000439,-0.000036,2.394723,2.394723,2.394723
37170.000000,33.578272,-117.064253,472.054515,33.578318,-117.064329,472.142744,-0.000565,-0.000440,-0.000037,2.391929,2.391929,2.391929
37185.000000,33.578270,-117.064251,471.400754,33.578318,-117.064328,472.147816,-0.000564,-0.000441,-0.000038,2.389041,2.389041,2.389041
37200.000000,33.578270,-117.064251,470.760299,33.578317,-117.064328,472.150480,-0.000563,-0.000442,-0.000038,2.386108,2.386108,2.386108
37215.000000,33.578266,-117.064256,470.673383,33.578317,-117.064328,472.153003,-0.000562,-0.000442,-0.000039,2.383332,2.383332,2.383332
37230.000000,33.578264,-117.064255,470.018364,33.578317,-117.064328,472.153095,-0.000561,-0.000443,-0.000040,2.380508,2.380508,2.380508
37245.000000,33.578265,-117.064255,469.213524,33.578317,-117.064327,472.149984,-0.000561,-0.000443,-0.000041,2.377562,2.377562,2.377562
37260.000000,33.578262,-117.064255,469.020746,33.578316,-117.064327,472.146224,-0.000560,-0.000444,-0.000042,2.374643,2.374643,2.374643
37275.000000,33.578259,-117.064258,468.503890,33.578316,-117.064327,472.140723,-0.000559,-0.000445,-0.000043,2.371776,2.371776,2.371776
37290.000000,33.578257,-117.064257,467.454309,33.578316,-117.064327,472.131006,-0.000558,-0.000445,-0.000044,2.368809,2.368809,2.368809
37305.000000,33.578254,-117.064258,467.260796,33.578316,-117.064327,472.120869,-0.000557,-0.000445,-0.000046,2.365912,2.365912,2.365912
37320.000000,33.578253,-117.064261,467.044423,33.578315,-117.064326,472.110300,-0.000556,-0.000446,-0.000047,2.363096,2.363096,2.363096
37335.000000,33.578257,-117.064198,484.039234,33.578315,-117.064326,472.165940,-0.000556,-0.000449,-0.000047,2.359790,2.359790,2.359790
37350.000000,33.578254,-117.064198,483.367228,33.578315,-117.064326,472.218368,-0.000555,-0.000451,-0.000047,2.356521,2.356521,2.356521
37365.000000,33.578251,-117.064197,482.711842,33.578314,-117.064325,472.268455,-0.000554,-0.000454,-0.000047,2.353205,2.353205,2.353205
37380.000000,33.578250,-117.064199,482.903855,33.578314,-117.064325,472.318180,-0.000553,-0.000457,-0.000047,2.349999,2.349999,2.349999
37395.000000,33.578248,-117.064198,482.170106,33.578314,-117.064324,472.365692,-0.000552,-0.000459,-0.000047,2.346696,2.346696,2.346696
37410.000000,33.578245,-117.064198,481.895725,33.578313,-117.064324,472.410815,-0.000552,-0.000462,-0.000047,2.343535,2.343535,2.343535
37425.000000,33.578242,-117.064199,482.301150,33.578313,-117.064323,472.456034,-0.000551,-0.000465,-0.000047,2.340537,2.340537,2.340537
37440.000000,33.578243,-117.064198,481.049369,33.578313,-117.064323,472.497740,-0.000550,-0.000467,-0.000047,2.337355,2.337355,2.337355
37455.000000,33.578242,-117.064198,480.815811,33.578312,-117.064322,472.538025,-0.000549,-0.000469,-0.000048,2.334228,2.334228,2.334228
37470.000000,33.578238,-117.064198,480.225777,33.578312,-117.064322,472.575823,-0.000548,-0.000472,-0.000048,2.331113,2.331113,2.331113
37485.000000,33.578237,-117.064196,479.510990,33.578312,-117.064321,472.611068,-0.000548,-0.000474,-0.000049,2.327942,2.327942,2.327942
37500.000000,33.578233,-117.064197,479.521150,33.578311,-117.064321,472.645939,-0.000547,-0.000477,-0.000049,2.324825,2.324825,2.324825
37515.000000,33.578231,-117.064200,479.371791,33.578311,-117.064321,472.679813,-0.000546,-0.000479,-0.000050,2.321762,2.321762,2.321762
37530.000000,33.578231,-117.064197,479.416516,33.578311,-117.064320,472.713975,-0.000545,-0.000481,-0.000050,2.318663,2.318663,2.318663
37545.000000,33.578228,-117.064197,478.453374,33.578310,-117.064320,472.744246,-0.000544,-0.000483,-0.000051,2.315574,2.315574,2.315574
37560.000000,33.578226,-117.064197,478.463757,33.578310,-117.064319,472.774154,-0.000543,-0.000486,-0.000052,2.312550,2.312550,2.312550
37575.000000,33.578223,-117.064198,478.203044,33.578310,-117.064319,472.802811,-0.000542,-0.000488,-0.000053,2.309562,2.309562,2.309562
37590.000000,33.578223,-117.064195,477.952835,33.578309,-117.064318,472.830253,-0.000541,-0.000490,-0.000053,2.306615,2.306615,2.306615
37605.000000,33.578220,-117.064198,478.095531,33.578309,-117.064318,472.858135,-0.000541,-0.000492,-0.000054,2.303672,2.303672,2.303672
37620.000000,33.578218,-117.064198,478.046389,33.578308,-117.064318,472.885252,-0.000540,-0.000494,-0.000055,2.300842,2.300842,2.300842
37635.000000,33.578216,-117.064195,477.232208,33.578308,-117.064317,472.909379,-0.000539,-0.000496,-0.000056,2.297992,2.297992,2.297992
37650.000000,33.578214,-117.064196,477.458198,33.578308,-117.064317,472.933686,-0.000538,-0.000498,-0.000057,2.295290,2.295290,2.295290
37665.000000,33.578212,-117.064199,477.131671,33.578307,-117.064316,472.956801,-0.000537,-0.000500,-0.000058,2.292578,2.292578,2.292578
37680.000000,33.578212,-117.064196,477.087692,33.578307,-117.064316,472.979712,-0.000536,-0.000502,-0.000059,2.289861,2.289861,2.289861
37695.000000,33.578209,-117.064196,476.886434,33.578306,-117.064316,473.001610,-0.000536,-0.000504,-0.000060,2.287212,2.287212,2.287212
37710.000000,33.578208,-117.064196,476.296991,33.578306,-117.064315,473.021571,-0.000535,-0.000506,-0.000061,2.284491,2.284491,2.284491
37725.000000,33.578207,-117.064195,475.310947,33.578306,-117.064315,473.037965,-0.000534,-0.000507,-0.000062,2.281754,2.281754,2.281754
37740.000000,33.578203,-117.064201,475.533550,33.578305,-117.064315,473.055054,-0.000533,-0.000509,-0.000063,2.279044,2.279044,2.279044
37755.000000,33.578199,-117.064199,475.184783,33.578305,-117.064314,473.070826,-0.000532,-0.000511,-0.000064,2.276344,2.276344,2.276344
37770.000000,33.578199,-117.064198,474.584964,33.578304,-117.064314,473.084372,-0.000531,-0.000513,-0.000066,2.273665,2.273665,2.273665
37785.000000,33.578197,-117.064198,474.083458,33.578304,-117.064313,473.096114,-0.000530,-0.000514,-0.000067,2.270956,2.270956,2.270956
37800.000000,33.578195,-117.064198,474.204402,33.578303,-117.064313,473.108141,-0.000530,-0.000516,-0.000068,2.268364,2.268364,2.268364
37815.000000,33.578192,-117.064201,473.483010,33.578303,-117.064313,473.117621,-0.000529,-0.000518,-0.000070,2.265730,2.265730,2.265730
37830.000000,33.578191,-117.064203,473.084527,33.578302,-117.064312,473.125662,-0.000528,-0.000519,-0.000071,2.263114,2.263114,2.263114
37845.000000,33.578190,-117.064201,473.171428,33.578302,-117.064312,473.133979,-0.000527,-0.000521,-0.000073,2.260569,2.260569,2.260569
37860.000000,33.578190,-117.064199,472.316903,33.578302,-117.064312,473.139233,-0.000526,-0.000522,-0.000074,2.257921,2.257921,2.257921
37875.000000,33.578186,-117.064199,472.622906,33.578301,-117.064311,473.145586,-0.000525,-0.000524,-0.000076,2.255342,2.255342,2.255342
37890.000000,33.578183,-117.064200,472.727751,33.578301,-117.064311,473.152316,-0.000524,-0.000525,-0.000077,2.252858,2.252858,2.252858
37905.000000,33.578182,-117.064199,471.586491,33.578300,-117.064311,473.154997,-0.000523,-0.000527,-0.000079,2.250282,2.250282,2.250282
37920.000000,33.578179,-117.064200,471.115718,33.578300,-117.064310,473.156116,-0.000522,-0.000528,-0.000081,2.247762,2.247762,2.247762
37935.000000,33.578178,-117.064201,470.462740,33.578299,-117.064310,473.154997,-0.000522,-0.000529,-0.000083,2.245252,2.245252,2.245252
37950.000000,33.578177,-117.064200,470.650289,33.578299,-117.064310,473.154634,-0.000521,-0.000530,-0.000084,2.242796,2.242796,2.242796
37965.000000,33.578175,-117.064203,469.561711,33.578298,-117.064309,473.150271,-0.000520,-0.000532,-0.000086,2.240249,2.240249,2.240249
37980.000000,33.578175,-117.064202,469.337174,33.578298,-117.064309,473.145041,-0.000519,-0.000533,-0.000088,2.237676,2.237676,2.237676
37995.000000,33.578171,-117.064201,469.611782,33.578297,-117.064309,473.141284,-0.000518,-0.000534,-0.000090,2.235265,2.235265,2.235265
38010.000000,33.578167,-117.064202,469.288188,33.578297,-117.064308,473.136700,-0.000517,-0.000535,-0.000092,2.232930,2.232930,2.232930
38025.000000,33.578169,-117.064203,469.121874,33.578296,-117.064308,473.131391,-0.000516,-0.000536,-0.000094,2.230546,2.230546,2.230546
38040.000000,33.578165,-117.064204,468.610730,33.578296,-117.064308,473.124263,-0.000515,-0.000537,-0.000096,2.228134,2.228134,2.228134
38055.000000,33.578163,-117.064203,468.599373,33.578295,-117.064307,473.117300,-0.000514,-0.000539,-0.000098,2.225771,2.225771,2.225771
38070.000000,33.578164,-117.064203,467.996305,33.578295,-117.064307,473.108246,-0.000513,-0.000540,-0.000100,2.223388,2.223388,2.223388
38085.000000,33.578164,-117.064202,467.794991,33.578294,-117.064307,473.098678,-0.000512,-0.000541,-0.000102,2.221037,2.221037,2.221037
38100.000000,33.578161,-117.064204,467.668048,33.578294,-117.064306,473.088873,-0.000511,-0.000542,-0.000104,2.218722,2.218722,2.218722
38115.000000,33.578158,-117.064207,467.167091,33.578293,-117.064306,473.077498,-0.000511,-0.000543,-0.000106,2.216419,2.216419,2.216419
38130.000000,33.578158,-117.064204,466.620312,33.578293,-117.064306,473.064345,-0.000510,-0.000544,-0.000108,2.214116,2.214116,2.214116
38145.000000,33.578413,-117.064145,502.270755,33.578293,-117.064306,473.120538,-0.000509,-0.000545,-0.000106,2.213626,2.213626,2.213626
38160.000000,33.578413,-117.064147,501.699001,33.578293,-117.064305,473.175282,-0.000509,-0.000546,-0.000104,2.213154,2.213154,2.213154
38175.000000,33.578414,-117.064148,502.547834,33.578293,-117.064305,473.230129,-0.000509,-0.000548,-0.000103,2.212727,2.212727,2.212727
38190.000000,33.578415,-117.064145,502.163822,33.578293,-117.064305,473.283282,-0.000508,-0.000549,-0.000101,2.212339,2.212339,2.212339
38205.000000,33.578416,-117.064145,502.019966,33.578293,-117.064305,473.335594,-0.000508,-0.000550,-0.000099,2.211973,2.211973,2.211973
38220.000000,33.578413,-117.064147,502.096143,33.578293,-117.064304,473.387783,-0.000508,-0.000552,-0.000098,2.211613,2.211613,2.211613
38235.000000,33.578413,-117.064149,502.314484,33.578294,-117.064304,473.439507,-0.000507,-0.000553,-0.000096,2.211282,2.211282,2.211282
38250.000000,33.578415,-117.064149,501.558857,33.578294,-117.064304,473.489886,-0.000507,-0.000554,-0.000094,2.210956,2.210956,2.210956
38265.000000,33.578414,-117.064147,501.240049,33.578294,-117.064304,473.539587,-0.000507,-0.000556,-0.000093,2.210636,2.210636,2.210636
38280.000000,33.578415,-117.064147,501.130055,33.578294,-117.064304,473.588908,-0.000506,-0.000557,-0.000091,2.210323,2.210323,2.210323
38295.000000,33.578415,-117.064147,501.335376,33.578294,-117.064303,473.637840,-0.000506,-0.000558,-0.000090,2.210035,2.210035,2.210035
38310.000000,33.578416,-117.064146,501.341025,33.578294,-117.064303,473.685847,-0.000505,-0.000559,-0.000088,2.209782,2.209782,2.209782
38325.000000,33.578416,-117.064145,501.309542,33.578294,-117.064303,473.732936,-0.000505,-0.000560,-0.000087,2.209562,2.209562,2.209562
38340.000000,33.578418,-117.064145,501.460178,33.578294,-117.064303,473.779265,-0.000505,-0.000561,-0.000085,2.209378,2.209378,2.209378
38355.000000,33.578415,-117.064145,500.961413,33.578294,-117.064303,473.824975,-0.000504,-0.000563,-0.000084,2.209190,2.209190,2.209190
38370.000000,33.578416,-117.064145,500.825554,33.578295,-117.064303,473.870095,-0.000504,-0.000564,-0.000082,2.209017,2.209017,2.209017
38385.000000,33.578418,-117.064145,500.351999,33.578295,-117.064302,473.914285,-0.000504,-0.000565,-0.000081,2.208854,2.208854,2.208854
38400.000000,33.578415,-117.064141,499.955847,33.578295,-117.064302,473.957951,-0.000503,-0.000566,-0.000079,2.208688,2.208688,2.208688
38415.000000,33.578413,-117.064145,500.231292,33.578295,-117.064302,474.001297,-0.000503,-0.000567,-0.000078,2.208549,2.208549,2.208549
38430.000000,33.578413,-117.064146,500.149405,33.578295,-117.064302,474.044251,-0.000503,-0.000568,-0.000077,2.208421,2.208421,2.208421
38445.000000,33.578417,-117.064141,499.393630,33.578295,-117.064302,474.085612,-0.000502,-0.000569,-0.000075,2.208316,2.208316,2.208316
38460.000000,33.578412,-117.064145,499.571345,33.578295,-117.064301,474.126880,-0.000502,-0.000570,-0.000074,2.208224,2.208224,2.208224
38475.000000,33.578412,-117.064147,499.928730,33.578295,-117.064301,474.168429,-0.000502,-0.000571,-0.000073,2.208138,2.208138,2.208138
38490.000000,33.578417,-117.064144,498.647691,33.578295,-117.064301,474.207965,-0.000501,-0.000572,-0.000072,2.208067,2.208067,2.208067
38505.000000,33.578415,-117.064146,498.960606,33.578295,-117.064301,474.247380,-0.000501,-0.000573,-0.000070,2.208017,2.208017,2.208017
38520.000000,33.578417,-117.064146,498.881602,33.578296,-117.064301,474.286453,-0.000501,-0.000574,-0.000069,2.207976,2.207976,2.207976
38535.000000,33.578414,-117.064145,498.706101,33.578296,-117.064301,474.325197,-0.000500,-0.000574,-0.000068,2.207939,2.207939,2.207939
38550.000000,33.578418,-117.064142,497.936976,33.578296,-117.064300,474.362412,-0.000500,-0.000575,-0.000067,2.207927,2.207927,2.207927
38565.000000,33.578416,-117.064144,498.489992,33.578296,-117.064300,474.399995,-0.000500,-0.000576,-0.000066,2.207927,2.207927,2.207927
38580.000000,33.578417,-117.064144,498.109542,33.578296,-117.064300,474.436560,-0.000499,-0.000577,-0.000064,2.207952,2.207952,2.207952
38595.000000,33.578415,-117.064142,497.380286,33.578296,-117.064300,474.472391,-0.000499,-0.000578,-0.000063,2.207969,2.207969,2.207969
38610.000000,33.578414,-117.064145,497.815325,33.578296,-117.064300,474.508115,-0.000499,-0.000579,-0.000062,2.208015,2.208015,2.208015
38625.000000,33.578416,-117.064144,497.372049,33.578296,-117.064300,474.542939,-0.000498,-0.000579,-0.000061,2.208077,2.208077,2.208077
38640.000000,33.578417,-117.064145,496.525309,33.578296,-117.064300,474.576929,-0.000498,-0.000580,-0.000060,2.208131,2.208131,2.208131
38655.000000,33.578415,-117.064145,496.495218,33.578296,-117.064299,474.610760,-0.000498,-0.000581,-0.000059,2.208190,2.208190,2.208190
38670.000000,33.578416,-117.064148,496.924627,33.578296,-117.064299,474.644717,-0.000497,-0.000582,-0.000058,2.208265,2.208265,2.208265
38685.000000,33.578416,-117.064147,496.253571,33.578296,-117.064299,474.677687,-0.000497,-0.000582,-0.000057,2.208351,2.208351,2.208351
38700.000000,33.578419,-117.064145,495.551458,33.578296,-117.064299,474.709678,-0.000496,-0.000583,-0.000056,2.208445,2.208445,2.208445
38715.000000,33.578417,-117.064147,496.063939,33.578296,-117.064299,474.741795,-0.000496,-0.000584,-0.000055,2.208561,2.208561,2.208561
38730.000000,33.578412,-117.064150,495.950343,33.578297,-117.064299,474.773687,-0.000496,-0.000584,-0.000054,2.208681,2.208681,2.208681
38745.000000,33.578415,-117.064145,495.444672,33.578297,-117.064299,474.804740,-0.000495,-0.000585,-0.000053,2.208814,2.208814,2.208814
38760.000000,33.578416,-117.064147,494.485519,33.578297,-117.064298,474.834671,-0.000495,-0.000586,-0.000052,2.208952,2.208952,2.208952
38775.000000,33.578415,-117.064149,494.389785,33.578297,-117.064298,474.864172,-0.000495,-0.000586,-0.000051,2.209106,2.209106,2.209106
38790.000000,33.578417,-117.064146,494.218491,33.578297,-117.064298,474.893145,-0.000494,-0.000587,-0.000050,2.209279,2.209279,2.209279
38805.000000,33.578415,-117.064148,493.895189,33.578297,-117.064298,474.921938,-0.000494,-0.000587,-0.000049,2.209442,2.209442,2.209442
38820.000000,33.578416,-117.064148,493.781597,33.578297,-117.064298,474.950289,-0.000494,-0.000588,-0.000049,2.209622,2.209622,2.209622
38835.000000,33.578416,-117.064149,493.502730,33.578297,-117.064298,474.978040,-0.000493,-0.000588,-0.000048,2.209819,2.209819,2.209819
38850.000000,33.578417,-117.064150,492.962370,33.578297,-117.064298,475.005309,-0.000493,-0.000589,-0.000047,2.210011,2.210011,2.210011
38865.000000,33.578415,-117.064150,493.194831,33.578297,-117.064298,475.032464,-0.000493,-0.000590,-0.000046,2.210223,2.210223,2.210223
38880.000000,33.578412,-117.064150,492.380355,33.578297,-117.064297,475.058610,-0.000492,-0.000590,-0.000045,2.210446,2.210446,2.210446
38895.000000,33.578414,-117.064152,492.375735,33.578297,-117.064297,475.084590,-0.000492,-0.000591,-0.000044,2.210677,2.210677,2.210677
38910.000000,33.578412,-117.064153,491.908953,33.578297,-117.064297,475.110036,-0.000492,-0.000591,-0.000044,2.210913,2.210913,2.210913
38925.000000,33.578413,-117.064151,491.980408,33.578297,-117.064297,475.135249,-0.000491,-0.000591,-0.000043,2.211167,2.211167,2.211167
38940.000000,33.578412,-117.064150,491.867720,33.578297,-117.064297,475.160253,-0.000491,-0.000592,-0.000042,2.211426,2.211426,2.211426
38955.000000,33.578416,-117.064151,491.523761,33.578297,-117.064297,475.184730,-0.000491,-0.000592,-0.000041,2.211698,2.211698,2.211698
38970.000000,33.578414,-117.064152,491.200099,33.578297,-117.064297,475.209037,-0.000490,-0.000593,-0.000041,2.211959,2.211959,2.211959
38985.000000,33.578415,-117.064155,490.846040,33.578298,-117.064297,475.232863,-0.000490,-0.000593,-0.000040,2.212228,2.212228,2.212228
39000.000000,33.578415,-117.064152,489.875620,33.578298,-117.064297,475.255596,-0.000490,-0.000594,-0.000039,2.212510,2.212510,2.212510
39015.000000,33.578414,-117.064155,489.244304,33.578298,-117.064296,475.277549,-0.000489,-0.000594,-0.000038,2.212805,2.212805,2.212805
39030.000000,33.578413,-117.064155,489.568408,33.578298,-117.064296,475.299727,-0.000489,-0.000594,-0.000038,2.213105,2.213105,2.213105
39045.000000,33.578414,-117.064155,488.953426,33.578298,-117.064296,475.321349,-0.000488,-0.000595,-0.000037,2.213402,2.213402,2.213402
39060.000000,33.578412,-117.064157,488.479120,33.578298,-117.064296,475.342486,-0.000488,-0.000595,-0.000036,2.213703,2.213703,2.213703
39075.000000,33.578415,-117.064156,488.327695,33.578298,-117.064296,475.363222,-0.000488,-0.000595,-0.000036,2.214024,2.214024,2.214024
39090.000000,33.578413,-117.064157,488.322117,33.578298,-117.064296,475.383846,-0.000487,-0.000596,-0.000035,2.214354,2.214354,2.214354
39105.000000,33.578413,-117.064159,488.047808,33.578298,-117.064296,475.404096,-0.000487,-0.000596,-0.000035,2.214693,2.214693,2.214693
39120.000000,33.578417,-117.064155,487.273021,33.578298,-117.064296,475.423489,-0.000487,-0.000596,-0.000034,2.215047,2.215047,2.215047
39135.000000,33.578414,-117.064159,487.296297,33.578298,-117.064296,475.442845,-0.000486,-0.000597,-0.000033,2.215406,2.215406,2.215406
39150.000000,33.578416,-117.064158,486.597033,33.578298,-117.064296,475.461546,-0.000486,-0.000597,-0.000033,2.215768,2.215768,2.215768
39165.000000,33.578413,-117.064160,486.411767,33.578298,-117.064295,475.480069,-0.000486,-0.000597,-0.000032,2.216131,2.216131,2.216131
39180.000000,33.578413,-117.064161,486.408463,33.578298,-117.064295,475.498553,-0.000485,-0.000597,-0.000032,2.216496,2.216496,2.216496
39195.000000,33.578413,-117.064158,485.486898,33.578298,-117.064295,475.516149,-0.000485,-0.000598,-0.000031,2.216870,2.216870,2.216870
39210.000000,33.578412,-117.064159,485.384747,33.578298,-117.064295,475.533644,-0.000485,-0.000598,-0.000031,2.217245,2.217245,2.217245
39225.000000,33.578411,-117.064162,485.443067,33.578298,-117.064295,475.551105,-0.000484,-0.000598,-0.000030,2.217628,2.217628,2.217628
39240.000000,33.578413,-117.064162,484.672119,33.578298,-117.064295,475.567886,-0.000484,-0.000598,-0.000030,2.218014,2.218014,2.218014
39255.000000,33.578414,-117.064164,484.461174,33.578298,-117.064295,475.584401,-0.000484,-0.000598,-0.000029,2.218409,2.218409,2.218409
39270.000000,33.578415,-117.064163,483.561178,33.578298,-117.064295,475.600041,-0.000483,-0.000599,-0.000029,2.218820,2.218820,2.218820
39285.000000,33.578410,-117.064167,483.438804,33.578298,-117.064295,475.615676,-0.000483,-0.000599,-0.000028,2.219217,2.219217,2.219217
39300.000000,33.578413,-117.064166,482.333802,33.578298,-117.064295,475.630365,-0.000483,-0.000599,-0.000028,2.219617,2.219617,2.219617
39315.000000,33.578411,-117.064167,482.387160,33.578298,-117.064295,475.645033,-0.000482,-0.000599,-0.000027,2.220027,2.220027,2.220027
39330.000000,33.578405,-117.064172,482.785445,33.578298,-117.064295,475.659961,-0.000482,-0.000599,-0.000027,2.220444,2.220444,2.220444
39345.000000,33.578409,-117.064170,482.035244,33.578298,-117.064294,475.674244,-0.000481,-0.000599,-0.000026,2.220868,2.220868,2.220868
39360.000000,33.578413,-117.064168,481.464449,33.578298,-117.064294,475.687984,-0.000481,-0.000599,-0.000026,2.221305,2.221305,2.221305
39375.000000,33.578413,-117.064167,480.360867,33.578299,-117.064294,475.700831,-0.000481,-0.000599,-0.000025,2.221746,2.221746,2.221746
39390.000000,33.578409,-117.064172,481.072727,33.578299,-117.064294,475.714235,-0.000480,-0.000600,-0.000025,2.222186,2.222186,2.222186
39405.000000,33.578412,-117.064170,479.900993,33.578299,-117.064294,475.726667,-0.000480,-0.000600,-0.000025,2.222637,2.222637,2.222637
39420.000000,33.578409,-117.064175,479.861940,33.578299,-117.064294,475.739068,-0.000480,-0.000600,-0.000024,2.223085,2.223085,2.223085
39435.000000,33.578410,-117.064173,479.631678,33.578299,-117.064294,475.751249,-0.000479,-0.000600,-0.000024,2.223543,2.223543,2.223543
39450.000000,33.578410,-117.064176,478.980982,33.578299,-117.064294,475.762894,-0.000479,-0.000600,-0.000024,2.224011,2.224011,2.224011
39465.000000,33.578413,-117.064172,478.061445,33.578299,-117.064294,475.773833,-0.000479,-0.000600,-0.000023,2.224480,2.224480,2.224480
39480.000000,33.578379,-117.064121,492.175024,33.578299,-117.064294,475.796985,-0.000478,-0.000600,-0.000023,2.224844,2.224844,2.224844
39495.000000,33.578380,-117.064119,491.517633,33.578299,-117.064294,475.819498,-0.000478,-0.000601,-0.000022,2.225213,2.225213,2.225213
39510.000000,33.578378,-117.064120,491.455037,33.578299,-117.064294,475.841856,-0.000478,-0.000601,-0.000022,2.225589,2.225589,2.225589
39525.000000,33.578381,-117.064114,490.481026,33.578299,-117.064293,475.863145,-0.000477,-0.000602,-0.000021,2.225982,2.225982,2.225982
39540.000000,33.578378,-117.064120,490.620120,33.578299,-117.064293,475.884609,-0.000477,-0.000602,-0.000021,2.226369,2.226369,2.226369
39555.000000,33.578380,-117.064118,489.687241,33.578299,-117.064293,475.905147,-0.000476,-0.000603,-0.000020,2.226768,2.226768,2.226768
39570.000000,33.578376,-117.064120,489.420659,33.578299,-117.064293,475.925506,-0.000476,-0.000603,-0.000020,2.227163,2.227163,2.227163
39585.000000,33.578377,-117.064121,488.985821,33.578299,-117.064293,475.945348,-0.000476,-0.000603,-0.000019,2.227569,2.227569,2.227569
39600.000000,33.578375,-117.064121,488.955556,33.578299,-117.064293,475.965213,-0.000475,-0.000604,-0.000019,2.227971,2.227971,2.227971
39615.000000,33.578375,-117.064120,488.867474,33.578299,-117.064293,475.984955,-0.000475,-0.000604,-0.000018,2.228376,2.228376,2.228376
39630.000000,33.578377,-117.064119,488.142012,33.578299,-117.064293,476.004075,-0.000475,-0.000605,-0.000018,2.228782,2.228782,2.228782
39645.000000,33.578376,-117.064121,487.653638,33.578299,-117.064293,476.022618,-0.000474,-0.000605,-0.000017,2.229205,2.229205,2.229205
39660.000000,33.578373,-117.064122,487.959704,33.578299,-117.064292,476.041393,-0.000474,-0.000605,-0.000017,2.229628,2.229628,2.229628
39675.000000,33.578375,-117.064121,487.116580,33.578299,-117.064292,476.059404,-0.000474,-0.000606,-0.000017,2.230059,2.230059,2.230059
39690.000000,33.578373,-117.064124,486.688332,33.578299,-117.064292,476.077045,-0.000473,-0.000606,-0.000016,2.230492,2.230492,2.230492
39705.000000,33.578372,-117.064123,486.443777,33.578299,-117.064292,476.094513,-0.000473,-0.000606,-0.000016,2.230921,2.230921,2.230921
39720.000000,33.578371,-117.064124,486.360566,33.578299,-117.064292,476.111856,-0.000472,-0.000607,-0.000015,2.231356,2.231356,2.231356
39735.000000,33.578373,-117.064123,485.302468,33.578299,-117.064292,476.128306,-0.000472,-0.000607,-0.000015,2.231797,2.231797,2.231797
39750.000000,33.578313,-117.064195,495.582161,33.578299,-117.064292,476.150238,-0.000472,-0.000607,-0.000015,2.232382,2.232382,2.232382
39765.000000,33.578312,-117.064195,495.606550,33.578299,-117.064292,476.172136,-0.000472,-0.000608,-0.000014,2.232969,2.232969,2.232969
39780.000000,33.578311,-117.064195,495.606541,33.578299,-117.064292,476.193915,-0.000472,-0.000608,-0.000014,2.233563,2.233563,2.233563
39795.000000,33.578309,-117.064195,495.099551,33.578299,-117.064292,476.215299,-0.000472,-0.000609,-0.000014,2.234159,2.234159,2.234159
39810.000000,33.578307,-117.064196,494.783083,33.578299,-117.064292,476.236380,-0.000472,-0.000609,-0.000014,2.234762,2.234762,2.234762
39825.000000,33.578306,-117.064196,494.525599,33.578298,-117.064292,476.257162,-0.000472,-0.000610,-0.000013,2.235372,2.235372,2.235372
39840.000000,33.578304,-117.064196,494.462166,33.578298,-117.064292,476.277952,-0.000472,-0.000610,-0.000013,2.235978,2.235978,2.235978
39855.000000,33.578303,-117.064195,494.034459,33.578298,-117.064292,476.298332,-0.000472,-0.000610,-0.000013,2.236593,2.236593,2.236593
39870.000000,33.578303,-117.064197,493.853848,33.578298,-117.064292,476.318578,-0.000472,-0.000611,-0.000013,2.237209,2.237209,2.237209
39885.000000,33.578302,-117.064198,493.700561,33.578298,-117.064291,476.338683,-0.000472,-0.000611,-0.000012,2.237827,2.237827,2.237827
39900.000000,33.578302,-117.064199,493.240465,33.578298,-117.064291,476.358502,-0.000472,-0.000612,-0.000012,2.238444,2.238444,2.238444
39915.000000,33.578301,-117.064199,492.948355,33.578298,-117.064291,476.378015,-0.000472,-0.000612,-0.000012,2.239069,2.239069,2.239069
39930.000000,33.578300,-117.064199,492.859451,33.578298,-117.064291,476.397465,-0.000472,-0.000612,-0.000012,2.239695,2.239695,2.239695
39945.000000,33.578298,-117.064201,492.412750,33.578298,-117.064291,476.416529,-0.000472,-0.000613,-0.000011,2.240327,2.240327,2.240327
39960.000000,33.578295,-117.064203,491.945970,33.578298,-117.064291,476.435266,-0.000472,-0.000613,-0.000011,2.240963,2.240963,2.240963
39975.000000,33.578296,-117.064203,491.747577,33.578298,-117.064291,476.453828,-0.000472,-0.000614,-0.000011,2.241601,2.241601,2.241601
39990.000000,33.578295,-117.064205,491.371812,33.578298,-117.064291,476.472255,-0.000472,-0.000614,-0.000011,2.242233,2.242233,2.242233
40005.000000,33.578293,-117.064206,491.347780,33.578298,-117.064291,476.490503,-0.000471,-0.000614,-0.000011,2.242876,2.242876,2.242876
40020.000000,33.578292,-117.064206,491.366364,33.578298,-117.064291,476.508651,-0.000471,-0.000615,-0.000011,2.243527,2.243527,2.243527
40035.000000,33.578291,-117.064208,490.753199,33.578298,-117.064291,476.526448,-0.000471,-0.000615,-0.000010,2.244176,2.244176,2.244176
40050.000000,33.578289,-117.064209,490.182069,33.578298,-117.064291,476.543855,-0.000471,-0.000615,-0.000010,2.244830,2.244830,2.244830
40065.000000,33.578289,-117.064208,490.070197,33.578298,-117.064291,476.561179,-0.000471,-0.000616,-0.000010,2.245484,2.245484,2.245484
40080.000000,33.578288,-117.064210,489.558347,33.578297,-117.064291,476.578145,-0.000471,-0.000616,-0.000010,2.246143,2.246143,2.246143
40095.000000,33.578287,-117.064210,489.374292,33.578297,-117.064291,476.594997,-0.000471,-0.000616,-0.000010,2.246801,2.246801,2.246801
40110.000000,33.578287,-117.064214,488.789582,33.578297,-117.064291,476.611525,-0.000471,-0.000616,-0.000010,2.247458,2.247458,2.247458
40125.000000,33.578284,-117.064215,488.848213,33.578297,-117.064291,476.628022,-0.000471,-0.000617,-0.000010,2.248120,2.248120,2.248120
40140.000000,33.578284,-117.064214,488.349700,33.578297,-117.064291,476.644188,-0.000471,-0.000617,-0.000009,2.248786,2.248786,2.248786
40155.000000,33.578284,-117.064214,487.672888,33.578297,-117.064291,476.659962,-0.000471,-0.000617,-0.000009,2.249451,2.249451,2.249451
40170.000000,33.578285,-117.064215,487.110214,33.578297,-117.064291,476.675419,-0.000471,-0.000618,-0.000009,2.250115,2.250115,2.250115
40185.000000,33.578283,-117.064217,486.699126,33.578297,-117.064291,476.690588,-0.000471,-0.000618,-0.000009,2.250784,2.250784,2.250784
40200.000000,33.578279,-117.064218,486.804616,33.578297,-117.064291,476.705833,-0.000471,-0.000618,-0.000009,2.251450,2.251450,2.251450
40215.000000,33.578279,-117.064219,486.523379,33.578297,-117.064291,476.720856,-0.000471,-0.000618,-0.000009,2.252123,2.252123,2.252123
40230.000000,33.578278,-117.064221,486.219887,33.578297,-117.064291,476.735672,-0.000471,-0.000619,-0.000009,2.252799,2.252799,2.252799
40245.000000,33.578277,-117.064220,485.647227,33.578297,-117.064291,476.750131,-0.000471,-0.000619,-0.000009,2.253479,2.253479,2.253479
40260.000000,33.578276,-117.064223,485.378263,33.578297,-117.064291,476.764406,-0.000471,-0.000619,-0.000009,2.254162,2.254162,2.254162
40275.000000,33.578275,-117.064223,485.025204,33.578297,-117.064291,476.778491,-0.000471,-0.000619,-0.000009,2.254844,2.254844,2.254844
40290.000000,33.578276,-117.064223,484.477561,33.578297,-117.064291,476.792279,-0.000471,-0.000619,-0.000009,2.255524,2.255524,2.255524
40305.000000,33.578274,-117.064224,484.291932,33.578296,-117.064291,476.805961,-0.000471,-0.000620,-0.000009,2.256203,2.256203,2.256203
40320.000000,33.578272,-117.064224,484.134726,33.578296,-117.064291,476.819519,-0.000471,-0.000620,-0.000009,2.256886,2.256886,2.256886
40335.000000,33.578269,-117.064226,483.533715,33.578296,-117.064291,476.832719,-0.000471,-0.000620,-0.000009,2.257573,2.257573,2.257573
40350.000000,33.578270,-117.064226,482.864981,33.578296,-117.064291,476.845520,-0.000471,-0.000620,-0.000008,2.258264,2.258264,2.258264
40365.000000,33.578267,-117.064228,482.222091,33.578296,-117.064291,476.857941,-0.000471,-0.000620,-0.000008,2.258960,2.258960,2.258960
40380.000000,33.578264,-117.064228,482.043057,33.578296,-117.064291,476.870210,-0.000471,-0.000621,-0.000008,2.259667,2.259667,2.259667
40395.000000,33.578265,-117.064226,481.388627,33.578296,-117.064291,476.882118,-0.000470,-0.000621,-0.000008,2.260375,2.260375,2.260375
40410.000000,33.578265,-117.064226,480.774678,33.578296,-117.064291,476.893688,-0.000470,-0.000621,-0.000009,2.261085,2.261085,2.261085
40425.000000,33.578266,-117.064229,480.623438,33.578296,-117.064291,476.905194,-0.000470,-0.000621,-0.000009,2.261788,2.261788,2.261788
40440.000000,33.578264,-117.064234,480.259611,33.578296,-117.064291,476.916503,-0.000470,-0.000621,-0.000009,2.262491,2.262491,2.262491
40455.000000,33.578263,-117.064236,480.086530,33.578296,-117.064291,476.927722,-0.000470,-0.000621,-0.000009,2.263190,2.263190,2.263190
40470.000000,33.578263,-117.064236,479.487649,33.578296,-117.064291,476.938605,-0.000470,-0.000621,-0.000009,2.263893,2.263893,2.263893
40485.000000,33.578263,-117.064238,479.335166,33.578296,-117.064291,476.949400,-0.000470,-0.000622,-0.000009,2.264596,2.264596,2.264596
40500.000000,33.578262,-117.064240,479.025798,33.578295,-117.064291,476.960019,-0.000470,-0.000622,-0.000009,2.265302,2.265302,2.265302
40515.000000,33.578261,-117.064239,478.285738,33.578295,-117.064291,476.970238,-0.000470,-0.000622,-0.000009,2.266008,2.266008,2.266008
40530.000000,33.578258,-117.064241,478.052015,33.578295,-117.064291,476.980322,-0.000470,-0.000622,-0.000009,2.266721,2.266721,2.266721
40545.000000,33.578259,-117.064241,477.583797,33.578295,-117.064291,476.990155,-0.000470,-0.000622,-0.000009,2.267431,2.267431,2.267431
40560.000000,33.578258,-117.064240,476.914299,33.578295,-117.064291,476.999629,-0.000470,-0.000622,-0.000009,2.268139,2.268139,2.268139
40575.000000,33.578257,-117.064242,476.609624,33.578295,-117.064291,477.008938,-0.000470,-0.000622,-0.000009,2.268850,2.268850,2.268850
40590.000000,33.578255,-117.064244,476.356790,33.578295,-117.064291,477.018110,-0.000470,-0.000622,-0.000009,2.269565,2.269565,2.269565
40605.000000,33.578253,-117.064246,475.791983,33.578295,-117.064291,477.026981,-0.000470,-0.000622,-0.000009,2.270279,2.270279,2.270279
40620.000000,33.578256,-117.064245,475.039456,33.578295,-117.064291,477.035453,-0.000470,-0.000622,-0.000009,2.270993,2.270993,2.270993
40635.000000,33.578256,-117.064245,474.264125,33.578295,-117.064291,477.043500,-0.000470,-0.000622,-0.000009,2.271702,2.271702,2.271702
40650.000000,33.578255,-117.064245,473.984400,33.578295,-117.064291,477.051406,-0.000469,-0.000622,-0.000009,2.272414,2.272414,2.272414
40665.000000,33.578252,-117.064249,473.802738,33.578295,-117.064291,477.059216,-0.000469,-0.000622,-0.000010,2.273129,2.273129,2.273129
40680.000000,33.578251,-117.064252,473.576714,33.578295,-117.064291,477.066907,-0.000469,-0.000622,-0.000010,2.273844,2.273844,2.273844
40695.000000,33.578251,-117.064251,473.015076,33.578294,-117.064291,477.074318,-0.000469,-0.000622,-0.000010,2.274565,2.274565,2.274565
40710.000000,33.578251,-117.064252,472.313808,33.578294,-117.064291,477.081359,-0.000469,-0.000622,-0.000010,2.275285,2.275285,2.275285
40725.000000,33.578251,-117.064253,471.616273,33.578294,-117.064291,477.088028,-0.000469,-0.000622,-0.000010,2.276004,2.276004,2.276004
40740.000000,33.578249,-117.064254,471.115152,33.578294,-117.064291,477.094433,-0.000469,-0.000622,-0.000010,2.276722,2.276722,2.276722
40755.000000,33.578247,-117.064254,471.060316,33.578294,-117.064291,477.100804,-0.000469,-0.000622,-0.000010,2.277441,2.277441,2.277441
40770.000000,33.578245,-117.064257,470.689128,33.578294,-117.064291,477.106984,-0.000469,-0.000622,-0.000011,2.278160,2.278160,2.278160
40785.000000,33.578244,-117.064255,470.181611,33.578294,-117.064291,477.112900,-0.000469,-0.000622,-0.000011,2.278881,2.278881,2.278881
40800.000000,33.578243,-117.064258,469.586304,33.578294,-117.064291,477.118500,-0.000469,-0.000622,-0.000011,2.279600,2.279600,2.279600
40815.000000,33.578242,-117.064256,469.330344,33.578294,-117.064291,477.123998,-0.000469,-0.000622,-0.000011,2.280325,2.280325,2.280325
40830.000000,33.578240,-117.064261,468.620682,33.578294,-117.064291,477.129141,-0.000468,-0.000622,-0.000011,2.281051,2.281051,2.281051
40845.000000,33.578239,-117.064260,468.222317,33.578294,-117.064291,477.134082,-0.000468,-0.000622,-0.000011,2.281778,2.281778,2.281778
40860.000000,33.578240,-117.064260,467.720722,33.578294,-117.064291,477.138768,-0.000468,-0.000622,-0.000012,2.282505,2.282505,2.282505
40875.000000,33.578239,-117.064263,467.042253,33.578293,-117.064291,477.143113,-0.000468,-0.000622,-0.000012,2.283234,2.283234,2.283234
40890.000000,33.578241,-117.064261,466.426196,33.578293,-117.064291,477.147118,-0.000468,-0.000622,-0.000012,2.283960,2.283960,2.283960
40905.000000,33.578239,-117.064263,466.111869,33.578293,-117.064291,477.150965,-0.000468,-0.000622,-0.000012,2.284687,2.284687,2.284687
40920.000000,33.578240,-117.064266,465.828482,33.578293,-117.064291,477.154618,-0.000468,-0.000622,-0.000013,2.285409,2.285409,2.285409
40935.000000,33.578238,-117.064264,465.383769,33.578293,-117.064291,477.158055,-0.000468,-0.000622,-0.000013,2.286133,2.286133,2.286133
40950.000000,33.578238,-117.064266,464.686935,33.578293,-117.064291,477.161130,-0.000468,-0.000622,-0.000013,2.286857,2.286857,2.286857
40965.000000,33.578238,-117.064266,464.063067,33.578293,-117.064291,477.163906,-0.000468,-0.000622,-0.000013,2.287582,2.287582,2.287582
40980.000000,33.578237,-117.064268,463.695912,33.578293,-117.064291,477.166471,-0.000468,-0.000621,-0.000013,2.288306,2.288306,2.288306
40995.000000,33.578238,-117.064270,463.123452,33.578293,-117.064291,477.168742,-0.000467,-0.000621,-0.000014,2.289031,2.289031,2.289031
41010.000000,33.578237,-117.064272,462.345310,33.578293,-117.064291,477.170630,-0.000467,-0.000621,-0.000014,2.289756,2.289756,2.289756
41025.000000,33.578237,-117.064270,462.019538,33.578293,-117.064291,477.172349,-0.000467,-0.000621,-0.000014,2.290482,2.290482,2.290482
41040.000000,33.578235,-117.064273,461.812581,33.578292,-117.064291,477.173974,-0.000467,-0.000621,-0.000015,2.291209,2.291209,2.291209
41055.000000,33.578234,-117.064272,461.208337,33.578292,-117.064291,477.175294,-0.000467,-0.000621,-0.000015,2.291936,2.291936,2.291936
41070.000000,33.578387,-117.064189,476.110839,33.578292,-117.064291,477.184208,-0.000467,-0.000621,-0.000015,2.292684,2.292684,2.292684
41085.000000,33.578384,-117.064194,475.842858,33.578292,-117.064291,477.192986,-0.000467,-0.000621,-0.000014,2.293432,2.293432,2.293432
41100.000000,33.578379,-117.064198,474.228767,33.578292,-117.064291,477.200958,-0.000466,-0.000621,-0.000014,2.294176,2.294176,2.294176
41115.000000,33.578386,-117.064194,473.780398,33.578292,-117.064291,477.208714,-0.000466,-0.000621,-0.000014,2.294923,2.294923,2.294923
41130.000000,33.578391,-117.064192,474.048279,33.578292,-117.064291,477.216634,-0.000466,-0.000621,-0.000014,2.295683,2.295683,2.295683
41145.000000,33.578377,-117.064202,472.740910,33.578292,-117.064291,477.223848,-0.000466,-0.000620,-0.000014,2.296424,2.296424,2.296424
41160.000000,33.578388,-117.064196,472.787005,33.578292,-117.064291,477.231170,-0.000465,-0.000620,-0.000014,2.297188,2.297188,2.297188
41175.000000,33.578379,-117.064203,471.843575,33.578292,-117.064291,477.237965,-0.000465,-0.000620,-0.000014,2.297937,2.297937,2.297937
41190.000000,33.578387,-117.064198,471.515827,33.578292,-117.064291,477.244646,-0.000465,-0.000620,-0.000014,2.298695,2.298695,2.298695
41205.000000,33.578383,-117.064201,470.378995,33.578292,-117.064291,477.250713,-0.000465,-0.000620,-0.000014,2.299443,2.299443,2.299443
41220.000000,33.578390,-117.064197,470.003639,33.578292,-117.064291,477.256663,-0.000465,-0.000620,-0.000014,2.300202,2.300202,2.300202
41235.000000,33.578390,-117.064198,469.227740,33.578292,-117.064291,477.262199,-0.000464,-0.000620,-0.000013,2.300955,2.300955,2.300955
41250.000000,33.578393,-117.064200,468.996732,33.578292,-117.064290,477.267651,-0.000464,-0.000620,-0.000013,2.301713,2.301713,2.301713
41265.000000,33.578390,-117.064201,467.720557,33.578292,-117.064290,477.272510,-0.000464,-0.000619,-0.000013,2.302473,2.302473,2.302473
41280.000000,33.578393,-117.064201,467.589804,33.578292,-117.064290,477.277329,-0.000464,-0.000619,-0.000013,2.303237,2.303237,2.303237
41295.000000,33.578387,-117.064207,466.590212,33.578292,-117.064290,477.281546,-0.000463,-0.000619,-0.000013,2.303987,2.303987,2.303987
41310.000000,33.578428,-117.064368,508.612837,33.578292,-117.064291,477.313491,-0.000464,-0.000619,-0.000012,2.304469,2.304469,2.304469
41325.000000,33.578428,-117.064367,508.545912,33.578292,-117.064291,477.345291,-0.000464,-0.000620,-0.000012,2.304953,2.304953,2.304953
41340.000000,33.578430,-117.064366,507.904627,33.578292,-117.064291,477.376572,-0.000464,-0.000620,-0.000011,2.305439,2.305439,2.305439
41355.000000,33.578430,-117.064366,508.036242,33.578292,-117.064291,477.407678,-0.000465,-0.000620,-0.000010,2.305934,2.305934,2.305934
41370.000000,33.578427,-117.064367,507.269804,33.578292,-117.064291,477.438170,-0.000465,-0.000621,-0.000009,2.306432,2.306432,2.306432
41385.000000,33.578432,-117.064368,507.347587,33.578292,-117.064291,477.468658,-0.000466,-0.000621,-0.000008,2.306931,2.306931,2.306931
41400.000000,33.578429,-117.064366,506.453981,33.578292,-117.064291,477.498408,-0.000466,-0.000621,-0.000008,2.307434,2.307434,2.307434
41415.000000,33.578431,-117.064366,506.145763,33.578292,-117.064291,477.527868,-0.000466,-0.000622,-0.000007,2.307939,2.307939,2.307939
41430.000000,33.578432,-117.064366,505.931337,33.578293,-117.064291,477.556960,-0.000467,-0.000622,-0.000006,2.308452,2.308452,2.308452
41445.000000,33.578431,-117.064366,505.083429,33.578293,-117.064291,477.585305,-0.000467,-0.000622,-0.000005,2.308972,2.308972,2.308972
41460.000000,33.578430,-117.064367,504.475922,33.578293,-117.064291,477.613386,-0.000467,-0.000622,-0.000005,2.309484,2.309484,2.309484
41475.000000,33.578431,-117.064368,504.790510,33.578293,-117.064291,477.641608,-0.000468,-0.000623,-0.000004,2.309999,2.309999,2.309999
41490.000000,33.578437,-117.064364,504.567180,33.578293,-117.064291,477.669279,-0.000468,-0.000623,-0.000003,2.310530,2.310530,2.310530
41505.000000,33.578435,-117.064365,503.821437,33.578293,-117.064291,477.696509,-0.000468,-0.000623,-0.000003,2.311058,2.311058,2.311058
41520.000000,33.578435,-117.064367,503.641996,33.578293,-117.064292,477.723660,-0.000469,-0.000623,-0.000002,2.311583,2.311583,2.311583
41535.000000,33.578435,-117.064366,503.363927,33.578293,-117.064292,477.750529,-0.000469,-0.000624,-0.000001,2.312112,2.312112,2.312112
41550.000000,33.578440,-117.064367,503.324728,33.578293,-117.064292,477.777162,-0.000469,-0.000624,-0.000000,2.312650,2.312650,2.312650
41565.000000,33.578438,-117.064367,502.800563,33.578293,-117.064292,477.803481,-0.000469,-0.000624,0.000000,2.313185,2.313185,2.313185
41580.000000,33.578437,-117.064366,501.543877,33.578293,-117.064292,477.828916,-0.000470,-0.000624,0.000001,2.313722,2.313722,2.313722
41595.000000,33.578437,-117.064368,500.938566,33.578293,-117.064292,477.853935,-0.000470,-0.000624,0.000002,2.314259,2.314259,2.314259
41610.000000,33.578439,-117.064368,500.804269,33.578293,-117.064292,477.878699,-0.000470,-0.000624,0.000002,2.314804,2.314804,2.314804
41625.000000,33.578441,-117.064368,500.989146,33.578293,-117.064292,477.903375,-0.000471,-0.000624,0.000003,2.315358,2.315358,2.315358
41640.000000,33.578440,-117.064368,500.557756,33.578293,-117.064292,477.927870,-0.000471,-0.000625,0.000004,2.315907,2.315907,2.315907
41655.000000,33.578443,-117.064367,499.413450,33.578293,-117.064292,477.951665,-0.000471,-0.000625,0.000004,2.316452,2.316452,2.316452
41670.000000,33.578443,-117.064366,499.102554,33.578293,-117.064292,477.975093,-0.000471,-0.000625,0.000005,2.317005,2.317005,2.317005
41685.000000,33.578444,-117.064366,498.503046,33.578293,-117.064292,477.998037,-0.000472,-0.000625,0.000005,2.317563,2.317563,2.317563
41700.000000,33.578444,-117.064368,497.907159,33.578293,-117.064292,478.020577,-0.000472,-0.000625,0.000006,2.318122,2.318122,2.318122
41715.000000,33.578444,-117.064368,497.510173,33.578293,-117.064292,478.042828,-0.000472,-0.000625,0.000007,2.318681,2.318681,2.318681
41730.000000,33.578447,-117.064367,496.530456,33.578293,-117.064293,478.064334,-0.000472,-0.000625,0.000007,2.319247,2.319247,2.319247
41745.000000,33.578448,-117.064366,495.684671,33.578293,-117.064293,478.085332,-0.000472,-0.000625,0.000008,2.319811,2.319811,2.319811
41760.000000,33.578448,-117.064366,495.775741,33.578293,-117.064293,478.106263,-0.000473,-0.000625,0.000008,2.320381,2.320381,2.320381
41775.000000,33.578451,-117.064367,495.020258,33.578293,-117.064293,478.126631,-0.000473,-0.000625,0.000009,2.320957,2.320957,2.320957
41790.000000,33.578451,-117.064367,494.418271,33.578293,-117.064293,478.146608,-0.000473,-0.000625,0.000009,2.321532,2.321532,2.321532
41805.000000,33.578451,-117.064368,494.163802,33.578294,-117.064293,478.166357,-0.000473,-0.000625,0.000010,2.322112,2.322112,2.322112
41820.000000,33.578452,-117.064367,493.098468,33.578294,-117.064293,478.185486,-0.000473,-0.000625,0.000011,2.322687,2.322687,2.322687
41835.000000,33.578455,-117.064366,492.187172,33.578294,-117.064293,478.204003,-0.000473,-0.000625,0.000011,2.323265,2.323265,2.323265
41850.000000,33.578453,-117.064367,491.658767,33.578294,-117.064293,478.222138,-0.000474,-0.000625,0.000012,2.323846,2.323846,2.323846
41865.000000,33.578454,-117.064368,491.563053,33.578294,-117.064293,478.240217,-0.000474,-0.000625,0.000012,2.324426,2.324426,2.324426
41880.000000,33.578453,-117.064367,491.352048,33.578294,-117.064293,478.258111,-0.000474,-0.000625,0.000013,2.325010,2.325010,2.325010
41895.000000,33.578453,-117.064371,491.091011,33.578294,-117.064293,478.275841,-0.000474,-0.000625,0.000013,2.325594,2.325594,2.325594
41910.000000,33.578457,-117.064367,490.290095,33.578294,-117.064293,478.293031,-0.000474,-0.000625,0.000014,2.326180,2.326180,2.326180
41925.000000,33.578458,-117.064369,489.098815,33.578294,-117.064293,478.309455,-0.000474,-0.000625,0.000014,2.326768,2.326768,2.326768
41940.000000,33.578459,-117.064366,488.721881,33.578294,-117.064293,478.325569,-0.000475,-0.000625,0.000015,2.327365,2.327365,2.327365
41955.000000,33.578458,-117.064368,488.186474,33.578294,-117.064294,478.341411,-0.000475,-0.000625,0.000015,2.327953,2.327953,2.327953
41970.000000,33.578459,-117.064369,487.946822,33.578294,-117.064294,478.357043,-0.000475,-0.000625,0.000016,2.328549,2.328549,2.328549
41985.000000,33.578460,-117.064370,487.010422,33.578294,-117.064294,478.372079,-0.000475,-0.000624,0.000016,2.329146,2.329146,2.329146
42000.000000,33.578463,-117.064366,485.894921,33.578294,-117.064294,478.386384,-0.000475,-0.000624,0.000016,2.329750,2.329750,2.329750
42015.000000,33.578462,-117.064367,485.377664,33.578294,-117.064294,478.400372,-0.000475,-0.000624,0.000017,2.330354,2.330354,2.330354
42030.000000,33.578463,-117.064366,484.559273,33.578294,-117.064294,478.413838,-0.000475,-0.000624,0.000017,2.330963,2.330963,2.330963
42045.000000,33.578464,-117.064367,484.054930,33.578294,-117.064294,478.427003,-0.000475,-0.000624,0.000018,2.331569,2.331569,2.331569
42060.000000,33.578464,-117.064370,483.712047,33.578294,-117.064294,478.439923,-0.000475,-0.000624,0.000018,2.332183,2.332183,2.332183
42075.000000,33.578465,-117.064369,483.362711,33.578294,-117.064294,478.452630,-0.000475,-0.000623,0.000019,2.332796,2.332796,2.332796
42090.000000,33.578466,-117.064369,482.199611,33.578294,-117.064294,478.464642,-0.000475,-0.000623,0.000019,2.333409,2.333409,2.333409
42105.000000,33.578467,-117.064367,481.092998,33.578294,-117.064294,478.475987,-0.000475,-0.000623,0.000019,2.334023,2.334023,2.334023
42120.000000,33.578468,-117.064367,480.226111,33.578294,-117.064294,478.486815,-0.000476,-0.000623,0.000020,2.334635,2.334635,2.334635
42135.000000,33.578467,-117.064369,479.498800,33.578295,-117.064294,478.497200,-0.000476,-0.000622,0.000020,2.335255,2.335255,2.335255
42150.000000,33.578467,-117.064371,479.155967,33.578295,-117.064294,478.507377,-0.000476,-0.000622,0.000020,2.335875,2.335875,2.335875
42165.000000,33.578470,-117.064370,478.413343,33.578295,-117.064294,478.517113,-0.000476,-0.000622,0.000021,2.336502,2.336502,2.336502
42180.000000,33.578471,-117.064372,477.788860,33.578295,-117.064295,478.526482,-0.000476,-0.000622,0.000021,2.337130,2.337130,2.337130
42195.000000,33.578473,-117.064369,476.682479,33.578295,-117.064295,478.535207,-0.000476,-0.000621,0.000021,2.337759,2.337759,2.337759
42210.000000,33.578474,-117.064369,475.991764,33.578295,-117.064295,478.543520,-0.000476,-0.000621,0.000022,2.338385,2.338385,2.338385
42225.000000,33.578473,-117.064370,475.728422,33.578295,-117.064295,478.551670,-0.000476,-0.000621,0.000022,2.339009,2.339009,2.339009
42240.000000,33.578472,-117.064371,475.243098,33.578295,-117.064295,478.559521,-0.000476,-0.000620,0.000022,2.339629,2.339629,2.339629
42255.000000,33.578474,-117.064370,474.185979,33.578295,-117.064295,478.566757,-0.000476,-0.000620,0.000023,2.340250,2.340250,2.340250
42270.000000,33.578477,-117.064371,472.929549,33.578295,-117.064295,478.573287,-0.000476,-0.000620,0.000023,2.340879,2.340879,2.340879
42285.000000,33.578479,-117.064369,471.624779,33.578295,-117.064295,478.579057,-0.000476,-0.000619,0.000023,2.341507,2.341507,2.341507
42300.000000,33.578478,-117.064370,471.562444,33.578295,-117.064295,478.584791,-0.000476,-0.000619,0.000024,2.342136,2.342136,2.342136
42315.000000,33.578480,-117.064368,470.776673,33.578295,-117.064295,478.590066,-0.000476,-0.000618,0.000024,2.342765,2.342765,2.342765
42330.000000,33.578481,-117.064370,470.462611,33.578295,-117.064295,478.595148,-0.000475,-0.000618,0.000024,2.343392,2.343392,2.343392
42345.000000,33.578483,-117.064369,469.348891,33.578295,-117.064295,478.599579,-0.000475,-0.000617,0.000024,2.344019,2.344019,2.344019
42360.000000,33.578484,-117.064370,468.828881,33.578295,-117.064295,478.603724,-0.000475,-0.000617,0.000025,2.344648,2.344648,2.344648
42375.000000,33.578484,-117.064372,468.305650,33.578295,-117.064295,478.607566,-0.000475,-0.000617,0.000025,2.345277,2.345277,2.345277
42390.000000,33.578485,-117.064371,466.902587,33.578295,-117.064295,478.610619,-0.000475,-0.000616,0.000025,2.345909,2.345909,2.345909
42405.000000,33.578485,-117.064372,466.313165,33.578295,-117.064296,478.613323,-0.000475,-0.000616,0.000025,2.346539,2.346539,2.346539
42420.000000,33.578487,-117.064372,465.271006,33.578295,-117.064296,478.615432,-0.000475,-0.000615,0.000026,2.347170,2.347170,2.347170
42435.000000,33.578486,-117.064372,464.891974,33.578296,-117.064296,478.617278,-0.000475,-0.000615,0.000026,2.347798,2.347798,2.347798
42450.000000,33.578488,-117.064371,464.228444,33.578296,-117.064296,478.618696,-0.000475,-0.000614,0.000026,2.348422,2.348422,2.348422
42465.000000,33.578491,-117.064370,462.467024,33.578296,-117.064296,478.619183,-0.000475,-0.000614,0.000026,2.349052,2.349052,2.349052
42480.000000,33.578492,-117.064372,462.355389,33.578296,-117.064296,478.619565,-0.000475,-0.000613,0.000026,2.349680,2.349680,2.349680
42495.000000,33.578494,-117.064370,461.161224,33.578296,-117.064296,478.619272,-0.000475,-0.000612,0.000027,2.350308,2.350308,2.350308
42510.000000,33.578492,-117.064372,460.800772,33.578296,-117.064296,478.618765,-0.000474,-0.000612,0.000027,2.350937,2.350937,2.350937
42525.000000,33.578494,-117.064374,459.883901,33.578296,-117.064296,478.617754,-0.000474,-0.000611,0.000027,2.351566,2.351566,2.351566
42540.000000,33.578492,-117.064377,459.754095,33.578296,-117.064296,478.616592,-0.000474,-0.000611,0.000027,2.352192,2.352192,2.352192
42555.000000,33.578494,-117.064376,458.261605,33.578296,-117.064296,478.614668,-0.000474,-0.000610,0.000027,2.352822,2.352822,2.352822
42570.000000,33.578496,-117.064376,457.658217,33.578296,-117.064296,478.612288,-0.000474,-0.000609,0.000027,2.353447,2.353447,2.353447
42585.000000,33.578498,-117.064374,456.186067,33.578296,-117.064296,478.609093,-0.000474,-0.000609,0.000028,2.354074,2.354074,2.354074
42600.000000,33.578501,-117.064375,455.412367,33.578296,-117.064296,478.605472,-0.000474,-0.000608,0.000028,2.354701,2.354701,2.354701
42615.000000,33.578500,-117.064377,454.832677,33.578296,-117.064297,478.601541,-0.000473,-0.000607,0.000028,2.355330,2.355330,2.355330
42630.000000,33.578501,-117.064377,453.788173,33.578296,-117.064297,478.596945,-0.000473,-0.000607,0.000028,2.355955,2.355955,2.355955
42645.000000,33.578502,-117.064380,453.466673,33.578296,-117.064297,478.592112,-0.000473,-0.000606,0.000028,2.356578,2.356578,2.356578
42660.000000,33.578501,-117.064378,452.334988,33.578296,-117.064297,478.586619,-0.000473,-0.000605,0.000028,2.357200,2.357200,2.357200
42675.000000,33.578505,-117.064376,451.350276,33.578297,-117.064297,478.580471,-0.000473,-0.000605,0.000028,2.357819,2.357819,2.357819
42690.000000,33.578506,-117.064377,450.289725,33.578297,-117.064297,478.573728,-0.000472,-0.000604,0.000028,2.358439,2.358439,2.358439
42705.000000,33.578507,-117.064378,449.260264,33.578297,-117.064297,478.566441,-0.000472,-0.000603,0.000028,2.359061,2.359061,2.359061
42720.000000,33.578507,-117.064379,448.206071,33.578297,-117.064297,478.558563,-0.000472,-0.000602,0.000028,2.359683,2.359683,2.359683
42735.000000,33.578510,-117.064378,447.780797,33.578297,-117.064297,478.550434,-0.000472,-0.000601,0.000028,2.360305,2.360305,2.360305
42750.000000,33.578509,-117.064380,447.432595,33.578297,-117.064297,478.542013,-0.000471,-0.000601,0.000028,2.360923,2.360923,2.360923
42765.000000,33.578510,-117.064379,446.437668,33.578297,-117.064297,478.532861,-0.000471,-0.000600,0.000029,2.361536,2.361536,2.361536
42780.000000,33.578511,-117.064380,445.638567,33.578297,-117.064297,478.523244,-0.000471,-0.000599,0.000029,2.362149,2.362149,2.362149
42795.000000,33.578514,-117.064378,444.038360,33.578297,-117.064297,478.512757,-0.000471,-0.000598,0.000029,2.362763,2.362763,2.362763
42810.000000,33.578511,-117.064381,443.704602,33.578297,-117.064297,478.501977,-0.000470,-0.000597,0.000029,2.363375,2.363375,2.363375
42825.000000,33.578514,-117.064379,442.356000,33.578297,-117.064298,478.490372,-0.000470,-0.000596,0.000029,2.363985,2.363985,2.363985
42840.000000,33.578514,-117.064382,441.855018,33.578297,-117.064298,478.478433,-0.000470,-0.000595,0.000029,2.364594,2.364594,2.364594
42855.000000,33.578516,-117.064382,441.404454,33.578297,-117.064298,478.466167,-0.000470,-0.000594,0.000029,2.365200,2.365200,2.365200
42870.000000,33.578518,-117.064380,440.237639,33.578297,-117.064298,478.453260,-0.000469,-0.000593,0.000029,2.365808,2.365808,2.365808
42885.000000,33.578518,-117.064380,439.072651,33.578298,-117.064298,478.439666,-0.000469,-0.000592,0.000029,2.366415,2.366415,2.366415
42900.000000,33.578520,-117.064382,438.177926,33.578298,-117.064298,478.425369,-0.000469,-0.000591,0.000028,2.367017,2.367017,2.367017
42915.000000,33.578520,-117.064384,437.327261,33.578298,-117.064298,478.410551,-0.000468,-0.000590,0.000028,2.367619,2.367619,2.367619
42930.000000,33.578521,-117.064384,436.260500,33.578298,-117.064298,478.395244,-0.000468,-0.000589,0.000028,2.368224,2.368224,2.368224
42945.000000,33.578521,-117.064386,436.113594,33.578298,-117.064298,478.379736,-0.000468,-0.000588,0.000028,2.368826,2.368826,2.368826
42960.000000,33.578522,-117.064387,435.023786,33.578298,-117.064298,478.363397,-0.000467,-0.000587,0.000028,2.369423,2.369423,2.369423
42975.000000,33.578523,-117.064386,434.138515,33.578298,-117.064298,478.346543,-0.000467,-0.000586,0.000028,2.370020,2.370020,2.370020
42990.000000,33.578523,-117.064388,433.386179,33.578298,-117.064298,478.329335,-0.000467,-0.000585,0.000028,2.370619,2.370619,2.370619
43005.000000,33.578526,-117.064386,432.144496,33.578298,-117.064298,478.311377,-0.000466,-0.000584,0.000028,2.371218,2.371218,2.371218
43020.000000,33.578527,-117.064388,431.299452,33.578298,-117.064298,478.292739,-0.000466,-0.000583,0.000028,2.371812,2.371812,2.371812
43035.000000,33.578527,-117.064386,430.429805,33.578298,-117.064299,478.273511,-0.000466,-0.000582,0.000028,2.372404,2.372404,2.372404
43050.000000,33.578526,-117.064390,429.718426,33.578298,-117.064299,478.253860,-0.000465,-0.000581,0.000028,2.372995,2.372995,2.372995
43065.000000,33.578528,-117.064390,429.058650,33.578299,-117.064299,478.233772,-0.000465,-0.000580,0.000028,2.373586,2.373586,2.373586
43080.000000,33.578527,-117.064390,428.526013,33.578299,-117.064299,478.213137,-0.000464,-0.000578,0.000027,2.374171,2.374171,2.374171
43095.000000,33.578530,-117.064389,427.087167,33.578299,-117.064299,478.191655,-0.000464,-0.000577,0.000027,2.374756,2.374756,2.374756
43110.000000,33.578531,-117.064390,426.722075,33.578299,-117.064299,478.169693,-0.000464,-0.000576,0.000027,2.375336,2.375336,2.375336
43125.000000,33.578532,-117.064391,425.914320,33.578299,-117.064299,478.147327,-0.000463,-0.000575,0.000027,2.375916,2.375916,2.375916
43140.000000,33.578532,-117.064393,424.782001,33.578299,-117.064299,478.124481,-0.000463,-0.000574,0.000027,2.376502,2.376502,2.376502
43155.000000,33.578533,-117.064394,424.144303,33.578299,-117.064299,478.100889,-0.000462,-0.000572,0.000027,2.377079,2.377079,2.377079
43170.000000,33.578535,-117.064391,423.446608,33.578299,-117.064299,478.076691,-0.000462,-0.000571,0.000026,2.377652,2.377652,2.377652
43185.000000,33.578535,-117.064394,422.554911,33.578299,-117.064299,478.052012,-0.000461,-0.000570,0.000026,2.378226,2.378226,2.378226
43200.000000,33.578537,-117.064394,422.095499,33.578299,-117.064299,478.026510,-0.000461,-0.000568,0.000026,2.378788,2.378788,2.378788
43215.000000,33.578537,-117.064395,421.250254,33.578299,-117.064300,478.000587,-0.000461,-0.000567,0.000026,2.379352,2.379352,2.379352
43230.000000,33.578538,-117.064396,420.093515,33.578300,-117.064300,477.973982,-0.000460,-0.000566,0.000026,2.379917,2.379917,2.379917
43245.000000,33.578540,-117.064397,419.835622,33.578300,-117.064300,477.946982,-0.000460,-0.000564,0.000025,2.380477,2.380477,2.380477
43260.000000,33.578540,-117.064399,419.139333,33.578300,-117.064300,477.919469,-0.000459,-0.000563,0.000025,2.381034,2.381034,2.381034
43275.000000,33.578541,-117.064399,418.297025,33.578300,-117.064300,477.891285,-0.000459,-0.000562,0.000025,2.381589,2.381589,2.381589
43290.000000,33.578543,-117.064398,417.168996,33.578300,-117.064300,477.862160,-0.000458,-0.000560,0.000025,2.382139,2.382139,2.382139
43305.000000,33.578542,-117.064399,416.404018,33.578300,-117.064300,477.832310,-0.000458,-0.000559,0.000024,2.382683,2.382683,2.382683
43320.000000,33.578544,-117.064400,415.601487,33.578300,-117.064300,477.801807,-0.000457,-0.000557,0.000024,2.383225,2.383225,2.383225
43335.000000,33.578546,-117.064400,413.998642,33.578300,-117.064300,477.770464,-0.000457,-0.000556,0.000024,2.383770,2.383770,2.383770
43350.000000,33.578545,-117.064403,414.147334,33.578300,-117.064300,477.739242,-0.000456,-0.000554,0.000023,2.384315,2.384315,2.384315
43365.000000,33.578545,-117.064404,413.558596,33.578300,-117.064300,477.707401,-0.000456,-0.000553,0.000023,2.384855,2.384855,2.384855
43380.000000,33.578546,-117.064405,413.295264,33.578301,-117.064300,477.675138,-0.000455,-0.000551,0.000023,2.385390,2.385390,2.385390
43395.000000,33.578546,-117.064407,412.534210,33.578301,-117.064301,477.642307,-0.000455,-0.000550,0.000023,2.385924,2.385924,2.385924
43410.000000,33.578549,-117.064403,410.934616,33.578301,-117.064301,477.608156,-0.000454,-0.000548,0.000022,2.386452,2.386452,2.386452
43425.000000,33.578551,-117.064403,409.760235,33.578301,-117.064301,477.573231,-0.000453,-0.000547,0.000022,2.386979,2.386979,2.386979
43440.000000,33.578551,-117.064406,409.187825,33.578301,-117.064301,477.537951,-0.000453,-0.000545,0.000022,2.387506,2.387506,2.387506
43455.000000,33.578550,-117.064407,408.938263,33.578301,-117.064301,477.502096,-0.000452,-0.000543,0.000021,2.388026,2.388026,2.388026
43470.000000,33.578551,-117.064405,407.724322,33.578301,-117.064301,477.465108,-0.000452,-0.000542,0.000021,2.388540,2.388540,2.388540
43485.000000,33.578550,-117.064410,407.934476,33.578301,-117.064301,477.427935,-0.000451,-0.000540,0.000020,2.389047,2.389047,2.389047
43500.000000,33.578549,-117.064411,407.797158,33.578301,-117.064301,477.390239,-0.000451,-0.000538,0.000020,2.389547,2.389547,2.389547
43515.000000,33.578552,-117.064408,406.106350,33.578302,-117.064301,477.351325,-0.000450,-0.000537,0.000020,2.390045,2.390045,2.390045
43530.000000,33.578555,-117.064408,405.244023,33.578302,-117.064301,477.311711,-0.000449,-0.000535,0.000019,2.390541,2.390541,2.390541
43545.000000,33.578556,-117.064409,404.772302,33.578302,-117.064302,477.271006,-0.000449,-0.000533,0.000019,2.391024,2.391024,2.391024
43560.000000,33.578557,-117.064411,404.276490,33.578302,-117.064302,477.229961,-0.000448,-0.000531,0.000018,2.391506,2.391506,2.391506
43575.000000,33.578556,-117.064413,403.100351,33.578302,-117.064302,477.188421,-0.000447,-0.000529,0.000018,2.391993,2.391993,2.391993
43590.000000,33.578557,-117.064412,401.820980,33.578302,-117.064302,477.145942,-0.000447,-0.000528,0.000018,2.392478,2.392478,2.392478
43605.000000,33.578556,-117.064412,402.497680,33.578302,-117.064302,477.102846,-0.000446,-0.000526,0.000017,2.392946,2.392946,2.392946
43620.000000,33.578556,-117.064413,401.943405,33.578302,-117.064302,477.058730,-0.000445,-0.000524,0.000017,2.393404,2.393404,2.393404
43635.000000,33.578558,-117.064414,400.961232,33.578303,-117.064302,477.014104,-0.000445,-0.000522,0.000016,2.393863,2.393863,2.393863
43650.000000,33.578558,-117.064416,400.385044,33.578303,-117.064302,476.968948,-0.000444,-0.000520,0.000016,2.394321,2.394321,2.394321
43665.000000,33.578559,-117.064418,399.389823,33.578303,-117.064302,476.923128,-0.000443,-0.000518,0.000015,2.394778,2.394778,2.394778
43680.000000,33.578562,-117.064415,398.258034,33.578303,-117.064302,476.875916,-0.000443,-0.000516,0.000015,2.395226,2.395226,2.395226
43695.000000,33.578561,-117.064417,398.543138,33.578303,-117.064303,476.828286,-0.000442,-0.000514,0.000014,2.395664,2.395664,2.395664
43710.000000,33.578562,-117.064419,397.892368,33.578303,-117.064303,476.780241,-0.000441,-0.000512,0.000014,2.396102,2.396102,2.396102
43725.000000,33.578561,-117.064418,397.272470,33.578303,-117.064303,476.731208,-0.000441,-0.000510,0.000013,2.396532,2.396532,2.396532
43740.000000,33.578563,-117.064419,396.434912,33.578304,-117.064303,476.681118,-0.000440,-0.000508,0.000013,2.396955,2.396955,2.396955
43755.000000,33.578563,-117.064421,396.131222,33.578304,-117.064303,476.630349,-0.000439,-0.000506,0.000012,2.397370,2.397370,2.397370
43770.000000,33.578563,-117.064422,395.586220,33.578304,-117.064303,476.579168,-0.000438,-0.000504,0.000012,2.397785,2.397785,2.397785
43785.000000,33.578564,-117.064423,395.249515,33.578304,-117.064303,476.527228,-0.000438,-0.000502,0.000011,2.398192,2.398192,2.398192
43800.000000,33.578563,-117.064425,394.707728,33.578304,-117.064303,476.474700,-0.000437,-0.000500,0.000010,2.398595,2.398595,2.398595
43815.000000,33.578566,-117.064427,393.675315,33.578304,-117.064303,476.421677,-0.000436,-0.000498,0.000010,2.399002,2.399002,2.399002
43830.000000,33.578567,-117.064426,393.069557,33.578304,-117.064304,476.367669,-0.000435,-0.000495,0.000009,2.399401,2.399401,2.399401
43845.000000,33.578568,-117.064426,392.272888,33.578305,-117.064304,476.312534,-0.000435,-0.000493,0.000009,2.399792,2.399792,2.399792
43860.000000,33.578567,-117.064431,393.162822,33.578305,-117.064304,476.257761,-0.000434,-0.000491,0.000008,2.400178,2.400178,2.400178
43875.000000,33.578568,-117.064428,391.585615,33.578305,-117.064304,476.201314,-0.000433,-0.000489,0.000008,2.400556,2.400556,2.400556
43890.000000,33.578568,-117.064431,390.778009,33.578305,-117.064304,476.144298,-0.000432,-0.000486,0.000007,2.400935,2.400935,2.400935
43905.000000,33.578566,-117.064434,390.935995,33.578305,-117.064304,476.086939,-0.000431,-0.000484,0.000006,2.401307,2.401307,2.401307
43920.000000,33.578567,-117.064434,390.447471,33.578305,-117.064304,476.028909,-0.000431,-0.000482,0.000006,2.401674,2.401674,2.401674
43935.000000,33.578570,-117.064431,388.341886,33.578305,-117.064304,475.968582,-0.000430,-0.000480,0.000005,2.402031,2.402031,2.402031
43950.000000,33.578569,-117.064435,388.880275,33.578306,-117.064305,475.908415,-0.000429,-0.000477,0.000004,2.402384,2.402384,2.402384
43965.000000,33.578571,-117.064435,388.161129,33.578306,-117.064305,475.847151,-0.000428,-0.000475,0.000004,2.402730,2.402730,2.402730
43980.000000,33.578570,-117.064436,388.181094,33.578306,-117.064305,475.784963,-0.000427,-0.000472,0.000003,2.403062,2.403062,2.403062
43995.000000,33.578570,-117.064435,388.501528,33.578306,-117.064305,475.722168,-0.000426,-0.000470,0.000002,2.403381,2.403381,2.403381
44010.000000,33.578572,-117.064435,386.654518,33.578306,-117.064305,475.657491,-0.000425,-0.000467,0.000002,2.403695,2.403695,2.403695
44025.000000,33.578572,-117.064437,386.480184,33.578306,-117.064305,475.592048,-0.000425,-0.000465,0.000001,2.404000,2.404000,2.404000
44040.000000,33.578573,-117.064439,385.766985,33.578307,-117.064305,475.525933,-0.000424,-0.000462,0.000000,2.404302,2.404302,2.404302
44055.000000,33.578572,-117.064441,386.583972,33.578307,-117.064306,475.459351,-0.000423,-0.000460,-0.000001,2.404589,2.404589,2.404589
44070.000000,33.578572,-117.064441,386.434166,33.578307,-117.064306,475.392156,-0.000422,-0.000457,-0.000001,2.404869,2.404869,2.404869
44085.000000,33.578573,-117.064443,385.919938,33.578307,-117.064306,475.324745,-0.000421,-0.000455,-0.000002,2.405151,2.405151,2.405151
44100.000000,33.578575,-117.064441,384.166554,33.578307,-117.064306,475.255574,-0.000420,-0.000452,-0.000003,2.405429,2.405429,2.405429
44115.000000,33.578574,-117.064443,384.269037,33.578308,-117.064306,475.185601,-0.000419,-0.000449,-0.000004,2.405694,2.405694,2.405694
44130.000000,33.578572,-117.064447,384.904815,33.578308,-117.064306,475.115860,-0.000418,-0.000447,-0.000004,2.405954,2.405954,2.405954
44145.000000,33.578574,-117.064443,383.603861,33.578308,-117.064306,475.043977,-0.000417,-0.000444,-0.000005,2.406201,2.406201,2.406201
44160.000000,33.578574,-117.064445,383.725455,33.578308,-117.064307,474.971913,-0.000416,-0.000441,-0.000006,2.406442,2.406442,2.406442
44175.000000,33.578573,-117.064450,383.543152,33.578308,-117.064307,474.900044,-0.000415,-0.000438,-0.000007,2.406688,2.406688,2.406688
44190.000000,33.578573,-117.064450,383.256239,33.578308,-117.064307,474.827136,-0.000414,-0.000436,-0.000008,2.406923,2.406923,2.406923
44205.000000,33.578574,-117.064450,382.585497,33.578309,-117.064307,474.753216,-0.000414,-0.000433,-0.000009,2.407151,2.407151,2.407151
44220.000000,33.578575,-117.064450,382.169685,33.578309,-117.064307,474.678103,-0.000413,-0.000430,-0.000009,2.407369,2.407369,2.407369
44235.000000,33.578577,-117.064450,380.947139,33.578309,-117.064307,474.601414,-0.000412,-0.000427,-0.000010,2.407579,2.407579,2.407579
44250.000000,33.578576,-117.064452,380.443242,33.578309,-117.064307,474.524331,-0.000411,-0.000424,-0.000011,2.407789,2.407789,2.407789
44265.000000,33.578574,-117.064453,381.571090,33.578309,-117.064308,474.446314,-0.000410,-0.000421,-0.000012,2.407973,2.407973,2.407973
44280.000000,33.578573,-117.064455,381.032782,33.578310,-117.064308,474.367777,-0.000409,-0.000418,-0.000013,2.408156,2.408156,2.408156
44295.000000,33.578575,-117.064454,380.216049,33.578310,-117.064308,474.287410,-0.000408,-0.000415,-0.000014,2.408324,2.408324,2.408324
44310.000000,33.578575,-117.064455,379.711616,33.578310,-117.064308,474.205638,-0.000407,-0.000412,-0.000015,2.408480,2.408480,2.408480
44325.000000,33.578576,-117.064454,379.352150,33.578310,-117.064308,474.122746,-0.000405,-0.000409,-0.000016,2.408625,2.408625,2.408625
44340.000000,33.578575,-117.064460,379.853557,33.578310,-117.064308,474.040767,-0.000404,-0.000406,-0.000017,2.408775,2.408775,2.408775
44355.000000,33.578574,-117.064462,380.077143,33.578311,-117.064309,473.957588,-0.000403,-0.000403,-0.000018,2.408906,2.408906,2.408906
44370.000000,33.578577,-117.064458,378.101544,33.578311,-117.064309,473.872457,-0.000402,-0.000400,-0.000018,2.409035,2.409035,2.409035
44385.000000,33.578578,-117.064458,378.752516,33.578311,-117.064309,473.786280,-0.000401,-0.000397,-0.000019,2.409142,2.409142,2.409142
44400.000000,33.578578,-117.064459,378.662306,33.578311,-117.064309,473.699488,-0.000400,-0.000394,-0.000020,2.409242,2.409242,2.409242
44415.000000,33.578575,-117.064464,379.065884,33.578312,-117.064309,473.612836,-0.000399,-0.000391,-0.000021,2.409338,2.409338,2.409338
44430.000000,33.578576,-117.064463,377.602450,33.578312,-117.064309,473.523811,-0.000398,-0.000387,-0.000022,2.409421,2.409421,2.409421
44445.000000,33.578575,-117.064465,378.254503,33.578312,-117.064310,473.434820,-0.000397,-0.000384,-0.000023,2.409495,2.409495,2.409495
44460.000000,33.578576,-117.064465,378.071293,33.578312,-117.064310,473.344927,-0.000396,-0.000381,-0.000024,2.409560,2.409560,2.409560
44475.000000,33.578577,-117.064462,378.203772,33.578312,-117.064310,473.253618,-0.000395,-0.000378,-0.000025,2.409604,2.409604,2.409604
44490.000000,33.578576,-117.064466,377.751508,33.578313,-117.064310,473.161595,-0.000394,-0.000374,-0.000026,2.409643,2.409643,2.409643
44505.000000,33.578648,-117.064344,330.349432,33.578313,-117.064310,473.047705,-0.000392,-0.000370,-0.000028,2.409909,2.409909,2.409909
44520.000000,33.578649,-117.064342,330.092677,33.578313,-117.064310,472.931767,-0.000390,-0.000367,-0.000029,2.410159,2.410159,2.410159
44535.000000,33.578649,-117.064342,330.186465,33.578313,-117.064310,472.813834,-0.000388,-0.000363,-0.000031,2.410391,2.410391,2.410391
44550.000000,33.578650,-117.064342,328.982214,33.578314,-117.064310,472.694091,-0.000386,-0.000359,-0.000032,2.410616,2.410616,2.410616
44565.000000,33.578649,-117.064344,328.667598,33.578314,-117.064311,472.572957,-0.000384,-0.000355,-0.000034,2.410830,2.410830,2.410830
44580.000000,33.578650,-117.064343,327.671036,33.578314,-117.064311,472.449793,-0.000382,-0.000351,-0.000035,2.411035,2.411035,2.411035
44595.000000,33.578650,-117.064344,327.519250,33.578314,-117.064311,472.324390,-0.000380,-0.000347,-0.000037,2.411221,2.411221,2.411221
44610.000000,33.578650,-117.064343,327.483545,33.578315,-117.064311,472.197280,-0.000378,-0.000343,-0.000039,2.411392,2.411392,2.411392
44625.000000,33.578649,-117.064346,326.765306,33.578315,-117.064311,472.068606,-0.000376,-0.000339,-0.000040,2.411555,2.411555,2.411555
44640.000000,33.578649,-117.064346,327.186854,33.578315,-117.064311,471.938162,-0.000374,-0.000334,-0.000042,2.411699,2.411699,2.411699
44655.000000,33.578650,-117.064345,326.697822,33.578316,-117.064311,471.805913,-0.000372,-0.000330,-0.000043,2.411831,2.411831,2.411831
44670.000000,33.578649,-117.064347,326.084560,33.578316,-117.064311,471.671887,-0.000370,-0.000326,-0.000045,2.411953,2.411953,2.411953
44685.000000,33.578648,-117.064348,327.103176,33.578316,-117.064311,471.535840,-0.000368,-0.000321,-0.000047,2.412048,2.412048,2.412048
44700.000000,33.578647,-117.064349,325.991629,33.578316,-117.064311,471.399243,-0.000366,-0.000317,-0.000049,2.412147,2.412147,2.412147
44715.000000,33.578649,-117.064350,325.716747,33.578317,-117.064311,471.261270,-0.000364,-0.000313,-0.000050,2.412236,2.412236,2.412236
44730.000000,33.578647,-117.064351,326.247600,33.578317,-117.064311,471.121349,-0.000362,-0.000308,-0.000052,2.412304,2.412304,2.412304
44745.000000,33.578647,-117.064351,325.198780,33.578317,-117.064311,470.978841,-0.000360,-0.000304,-0.000054,2.412357,2.412357,2.412357
44760.000000,33.578647,-117.064352,325.059714,33.578318,-117.064311,470.834242,-0.000357,-0.000299,-0.000056,2.412394,2.412394,2.412394
44775.000000,33.578646,-117.064355,325.357393,33.578318,-117.064311,470.688603,-0.000355,-0.000294,-0.000057,2.412419,2.412419,2.412419
44790.000000,33.578645,-117.064355,325.262773,33.578318,-117.064312,470.541437,-0.000353,-0.000290,-0.000059,2.412430,2.412430,2.412430
44805.000000,33.578645,-117.064356,325.185911,33.578318,-117.064312,470.393085,-0.000351,-0.000285,-0.000061,2.412432,2.412432,2.412432
44820.000000,33.578644,-117.064355,325.315757,33.578319,-117.064312,470.242159,-0.000348,-0.000280,-0.000063,2.412410,2.412410,2.412410
44835.000000,33.578645,-117.064356,325.543512,33.578319,-117.064312,470.088950,-0.000346,-0.000275,-0.000065,2.412366,2.412366,2.412366
44850.000000,33.578643,-117.064360,326.212755,33.578319,-117.064312,469.934103,-0.000344,-0.000270,-0.000067,2.412300,2.412300,2.412300
44865.000000,33.578643,-117.064360,324.904931,33.578320,-117.064312,469.778116,-0.000341,-0.000265,-0.000069,2.412236,2.412236,2.412236
44880.000000,33.578342,-117.064424,449.048448,33.578320,-117.064312,469.770510,-0.000341,-0.000265,-0.000069,2.412813,2.412813,2.412813
44895.000000,33.578342,-117.064421,448.061949,33.578320,-117.064312,469.762233,-0.000341,-0.000264,-0.000069,2.413383,2.413383,2.413383
44910.000000,33.578340,-117.064420,448.127731,33.578320,-117.064312,469.753965,-0.000341,-0.000264,-0.000069,2.413951,2.413951,2.413951
44925.000000,33.578337,-117.064420,447.305680,33.578320,-117.064312,469.745365,-0.000341,-0.000264,-0.000070,2.414528,2.414528,2.414528
44940.000000,33.578334,-117.064420,447.159414,33.578320,-117.064312,469.736808,-0.000341,-0.000263,-0.000070,2.415110,2.415110,2.415110
44955.000000,33.578334,-117.064418,446.514027,33.578320,-117.064312,469.727750,-0.000341,-0.000263,-0.000070,2.415686,2.415686,2.415686
44970.000000,33.578334,-117.064417,445.994496,33.578320,-117.064313,469.718232,-0.000341,-0.000262,-0.000070,2.416253,2.416253,2.416253
44985.000000,33.578332,-117.064417,445.527001,33.578320,-117.064313,469.708503,-0.000341,-0.000262,-0.000071,2.416823,2.416823,2.416823
45000.000000,33.578334,-117.064412,444.468076,33.578319,-117.064313,469.697995,-0.000341,-0.000261,-0.000071,2.417385,2.417385,2.417385
45015.000000,33.578331,-117.064411,443.941596,33.578319,-117.064313,469.687249,-0.000341,-0.000261,-0.000071,2.417950,2.417950,2.417950
45030.000000,33.578332,-117.064409,443.022051,33.578319,-117.064313,469.675707,-0.000341,-0.000260,-0.000071,2.418503,2.418503,2.418503
45045.000000,33.578330,-117.064408,443.317146,33.578319,-117.064313,469.664489,-0.000341,-0.000260,-0.000072,2.419063,2.419063,2.419063
45060.000000,33.578329,-117.064407,443.155840,33.578319,-117.064313,469.653095,-0.000341,-0.000259,-0.000072,2.419619,2.419619,2.419619
45075.000000,33.578325,-117.064407,441.830818,33.578319,-117.064313,469.641282,-0.000341,-0.000259,-0.000072,2.420190,2.420190,2.420190
45090.000000,33.578327,-117.064406,441.302948,33.578319,-117.064313,469.628895,-0.000341,-0.000258,-0.000073,2.420749,2.420749,2.420749
45105.000000,33.578328,-117.064404,440.625486,33.578319,-117.064313,469.615944,-0.000341,-0.000258,-0.000073,2.421301,2.421301,2.421301
45120.000000,33.578325,-117.064404,440.224808,33.578319,-117.064313,469.602836,-0.000341,-0.000257,-0.000073,2.421857,2.421857,2.421857
45135.000000,33.578325,-117.064402,439.886061,33.578319,-117.064313,469.589302,-0.000341,-0.000257,-0.000074,2.422403,2.422403,2.422403
45150.000000,33.578323,-117.064401,439.490059,33.578319,-117.064314,469.575554,-0.000341,-0.000256,-0.000074,2.422949,2.422949,2.422949
45165.000000,33.578322,-117.064400,438.925198,33.578319,-117.064314,469.561389,-0.000341,-0.000256,-0.000074,2.423492,2.423492,2.423492
45180.000000,33.578317,-117.064400,438.773924,33.578319,-117.064314,469.547414,-0.000341,-0.000255,-0.000075,2.424046,2.424046,2.424046
45195.000000,33.578319,-117.064397,437.843007,33.578319,-117.064314,469.532564,-0.000340,-0.000254,-0.000075,2.424587,2.424587,2.424587
45210.000000,33.578318,-117.064396,437.674432,33.578319,-117.064314,469.517572,-0.000340,-0.000254,-0.000075,2.425126,2.425126,2.425126
45225.000000,33.578316,-117.064395,436.914862,33.578319,-117.064314,469.502170,-0.000340,-0.000253,-0.000076,2.425667,2.425667,2.425667
45240.000000,33.578314,-117.064395,436.650457,33.578319,-117.064314,469.486423,-0.000340,-0.000253,-0.000076,2.426201,2.426201,2.426201
45255.000000,33.578312,-117.064394,436.406227,33.578319,-117.064314,469.470637,-0.000340,-0.000252,-0.000076,2.426738,2.426738,2.426738
45270.000000,33.578313,-117.064392,435.609638,33.578319,-117.064314,469.454053,-0.000340,-0.000252,-0.000077,2.427264,2.427264,2.427264
45285.000000,33.578310,-117.064392,435.149770,33.578319,-117.064314,469.437399,-0.000340,-0.000251,-0.000077,2.427796,2.427796,2.427796
45300.000000,33.578310,-117.064391,434.532014,33.578319,-117.064314,469.420128,-0.000340,-0.000250,-0.000078,2.428320,2.428320,2.428320
45315.000000,33.578308,-117.064391,433.740037,33.578319,-117.064314,469.402418,-0.000339,-0.000250,-0.000078,2.428846,2.428846,2.428846
45330.000000,33.578308,-117.064388,433.637600,33.578319,-117.064315,469.384465,-0.000339,-0.000249,-0.000079,2.429365,2.429365,2.429365
45345.000000,33.578307,-117.064388,434.194412,33.578319,-117.064315,469.366748,-0.000339,-0.000248,-0.000079,2.429879,2.429879,2.429879
45360.000000,33.578306,-117.064389,432.929467,33.578319,-117.064315,469.348236,-0.000339,-0.000248,-0.000080,2.430394,2.430394,2.430394
45375.000000,33.578306,-117.064385,432.628018,33.578319,-117.064315,469.329230,-0.000339,-0.000247,-0.000080,2.430897,2.430897,2.430897
45390.000000,33.578305,-117.064385,432.241093,33.578319,-117.064315,469.309885,-0.000339,-0.000247,-0.000080,2.431398,2.431398,2.431398
45405.000000,33.578300,-117.064384,431.134868,33.578318,-117.064315,469.290088,-0.000338,-0.000246,-0.000081,2.431905,2.431905,2.431905
45420.000000,33.578298,-117.064384,430.881162,33.578318,-117.064315,469.270263,-0.000338,-0.000245,-0.000081,2.432417,2.432417,2.432417
45435.000000,33.578300,-117.064383,430.075282,33.578318,-117.064315,469.249387,-0.000338,-0.000245,-0.000082,2.432911,2.432911,2.432911
45450.000000,33.578297,-117.064382,430.039987,33.578318,-117.064315,469.228680,-0.000338,-0.000244,-0.000082,2.433411,2.433411,2.433411
45465.000000,33.578297,-117.064381,430.333265,33.578318,-117.064315,469.207815,-0.000338,-0.000243,-0.000083,2.433899,2.433899,2.433899
45480.000000,33.578293,-117.064382,429.010307,33.578318,-117.064315,469.186411,-0.000337,-0.000243,-0.000084,2.434397,2.434397,2.434397
45495.000000,33.578293,-117.064382,429.173652,33.578318,-117.064315,469.164790,-0.000337,-0.000242,-0.000084,2.434884,2.434884,2.434884
45510.000000,33.578291,-117.064382,428.382605,33.578318,-117.064315,469.142646,-0.000337,-0.000241,-0.000085,2.435371,2.435371,2.435371
45525.000000,33.578292,-117.064380,428.916943,33.578318,-117.064315,469.120584,-0.000337,-0.000240,-0.000085,2.435849,2.435849,2.435849
45540.000000,33.578291,-117.064379,428.146468,33.578318,-117.064316,469.097849,-0.000337,-0.000240,-0.000086,2.436322,2.436322,2.436322
45555.000000,33.578287,-117.064379,427.898178,33.578318,-117.064316,469.075263,-0.000336,-0.000239,-0.000086,2.436804,2.436804,2.436804
45570.000000,33.578286,-117.064377,427.358071,33.578318,-117.064316,469.052182,-0.000336,-0.000238,-0.000087,2.437281,2.437281,2.437281
45585.000000,33.578281,-117.064378,426.291352,33.578318,-117.064316,469.028597,-0.000336,-0.000238,-0.000088,2.437763,2.437763,2.437763
45600.000000,33.578284,-117.064376,427.297544,33.578318,-117.064316,469.005091,-0.000336,-0.000237,-0.000088,2.438228,2.438228,2.438228
45615.000000,33.578280,-117.064377,426.648309,33.578318,-117.064316,468.981342,-0.000336,-0.000236,-0.000089,2.438697,2.438697,2.438697
45630.000000,33.578279,-117.064376,425.874960,33.578318,-117.064316,468.956914,-0.000335,-0.000235,-0.000089,2.439162,2.439162,2.439162
45645.000000,33.578276,-117.064375,425.595631,33.578318,-117.064316,468.932255,-0.000335,-0.000235,-0.000090,2.439625,2.439625,2.439625
45660.000000,33.578275,-117.064375,425.921662,33.578318,-117.064316,468.907744,-0.000335,-0.000234,-0.000091,2.440085,2.440085,2.440085
45675.000000,33.578271,-117.064375,425.584427,33.578317,-117.064316,468.883276,-0.000335,-0.000233,-0.000091,2.440553,2.440553,2.440553
45690.000000,33.578271,-117.064373,425.383186,33.578317,-117.064316,468.858236,-0.000334,-0.000233,-0.000092,2.441008,2.441008,2.441008
45705.000000,33.578268,-117.064373,424.883072,33.578317,-117.064316,468.833271,-0.000334,-0.000232,-0.000093,2.441474,2.441474,2.441474
45720.000000,33.578268,-117.064373,424.248720,33.578317,-117.064316,468.807613,-0.000334,-0.000231,-0.000093,2.441932,2.441932,2.441932
45735.000000,33.578264,-117.064371,424.032460,33.578317,-117.064316,468.781941,-0.000334,-0.000230,-0.000094,2.442392,2.442392,2.442392
45750.000000,33.578265,-117.064370,424.514194,33.578317,-117.064317,468.756064,-0.000333,-0.000230,-0.000095,2.442839,2.442839,2.442839
45765.000000,33.578266,-117.064369,424.620331,33.578317,-117.064317,468.729812,-0.000333,-0.000229,-0.000095,2.443272,2.443272,2.443272
45780.000000,33.578262,-117.064370,423.559597,33.578317,-117.064317,468.702980,-0.000333,-0.000228,-0.000096,2.443709,2.443709,2.443709
45795.000000,33.578263,-117.064370,423.118997,33.578317,-117.064317,468.675435,-0.000333,-0.000227,-0.000097,2.444134,2.444134,2.444134
45810.000000,33.578259,-117.064371,422.857750,33.578317,-117.064317,468.648048,-0.000332,-0.000227,-0.000097,2.444568,2.444568,2.444568
45825.000000,33.578257,-117.064371,422.455292,33.578317,-117.064317,468.620140,-0.000332,-0.000226,-0.000098,2.444994,2.444994,2.444994
45840.000000,33.578256,-117.064370,422.370511,33.578317,-117.064317,468.591929,-0.000332,-0.000225,-0.000099,2.445414,2.445414,2.445414
45855.000000,33.578254,-117.064369,421.225999,33.578317,-117.064317,468.562840,-0.000332,-0.000224,-0.000100,2.445831,2.445831,2.445831
45870.000000,33.578254,-117.064368,421.508004,33.578316,-117.064317,468.533555,-0.000331,-0.000223,-0.000100,2.446238,2.446238,2.446238
45885.000000,33.578253,-117.064367,421.666903,33.578316,-117.064317,468.504479,-0.000331,-0.000223,-0.000101,2.446647,2.446647,2.446647
45900.000000,33.578250,-117.064368,420.899344,33.578316,-117.064317,468.474742,-0.000331,-0.000222,-0.000102,2.447051,2.447051,2.447051
45915.000000,33.578248,-117.064366,420.875907,33.578316,-117.064317,468.444975,-0.000330,-0.000221,-0.000103,2.447456,2.447456,2.447456
45930.000000,33.578249,-117.064366,420.731389,33.578316,-117.064317,468.414515,-0.000330,-0.000220,-0.000103,2.447844,2.447844,2.447844
45945.000000,33.578249,-117.064365,420.222206,33.578316,-117.064317,468.383230,-0.000330,-0.000219,-0.000104,2.448220,2.448220,2.448220
45960.000000,33.578244,-117.064367,419.833472,33.578316,-117.064317,468.352181,-0.000329,-0.000218,-0.000105,2.448609,2.448609,2.448609
45975.000000,33.578244,-117.064367,418.926899,33.578316,-117.064318,468.320182,-0.000329,-0.000218,-0.000106,2.448990,2.448990,2.448990
45990.000000,33.578242,-117.064365,419.665313,33.578316,-117.064318,468.288559,-0.000329,-0.000217,-0.000107,2.449366,2.449366,2.449366
46005.000000,33.578241,-117.064365,419.719019,33.578316,-117.064318,468.256768,-0.000329,-0.000216,-0.000108,2.449737,2.449737,2.449737
46020.000000,33.578237,-117.064366,419.101450,33.578316,-117.064318,468.224954,-0.000328,-0.000215,-0.000108,2.450118,2.450118,2.450118
46035.000000,33.578236,-117.064365,418.834663,33.578316,-117.064318,468.192625,-0.000328,-0.000214,-0.000109,2.450490,2.450490,2.450490
46050.000000,33.578232,-117.064366,418.466614,33.578315,-117.064318,468.160247,-0.000328,-0.000213,-0.000110,2.450867,2.450867,2.450867
46065.000000,33.578230,-117.064366,418.020365,33.578315,-117.064318,468.127505,-0.000327,-0.000212,-0.000111,2.451243,2.451243,2.451243
46080.000000,33.578229,-117.064364,418.551131,33.578315,-117.064318,468.094849,-0.000327,-0.000212,-0.000112,2.451611,2.451611,2.451611
46095.000000,33.578230,-117.064366,418.829685,33.578315,-117.064318,468.061782,-0.000327,-0.000211,-0.000113,2.451963,2.451963,2.451963
46110.000000,33.578225,-117.064364,418.193078,33.578315,-117.064318,468.028546,-0.000326,-0.000210,-0.000114,2.452322,2.452322,2.452322
46125.000000,33.578226,-117.064364,418.782880,33.578315,-117.064318,467.995195,-0.000326,-0.000209,-0.000115,2.452667,2.452667,2.452667
46140.000000,33.578226,-117.064363,419.110566,33.578315,-117.064318,467.961684,-0.000326,-0.000208,-0.000115,2.453001,2.453001,2.453001
46155.000000,33.578222,-117.064365,417.860139,33.578315,-117.064318,467.927553,-0.000325,-0.000207,-0.000116,2.453342,2.453342,2.453342
46170.000000,33.578220,-117.064366,417.932518,33.578315,-117.064318,467.893518,-0.000325,-0.000207,-0.000117,2.453684,2.453684,2.453684
46185.000000,33.578219,-117.064364,417.344326,33.578314,-117.064318,467.858791,-0.000325,-0.000206,-0.000118,2.454020,2.454020,2.454020
46200.000000,33.578214,-117.064366,416.570605,33.578314,-117.064319,467.823458,-0.000324,-0.000205,-0.000119,2.454354,2.454354,2.454354
46215.000000,33.578215,-117.064364,416.869791,33.578314,-117.064319,467.787967,-0.000324,-0.000204,-0.000120,2.454678,2.454678,2.454678
46230.000000,33.578214,-117.064362,417.153306,33.578314,-117.064319,467.752218,-0.000324,-0.000203,-0.000121,2.454990,2.454990,2.454990
46245.000000,33.578213,-117.064363,416.896089,33.578314,-117.064319,467.716322,-0.000323,-0.000202,-0.000122,2.455303,2.455303,2.455303
46260.000000,33.578209,-117.064364,415.992742,33.578314,-117.064319,467.679967,-0.000323,-0.000201,-0.000123,2.455621,2.455621,2.455621
46275.000000,33.578211,-117.064362,416.739185,33.578314,-117.064319,467.643429,-0.000323,-0.000200,-0.000124,2.455921,2.455921,2.455921
46290.000000,33.578209,-117.064364,415.886239,33.578314,-117.064319,467.605956,-0.000322,-0.000199,-0.000125,2.456213,2.456213,2.456213
46305.000000,33.578206,-117.064364,415.589519,33.578314,-117.064319,467.568055,-0.000322,-0.000198,-0.000126,2.456500,2.456500,2.456500
46320.000000,33.578206,-117.064363,415.587010,33.578313,-117.064319,467.529812,-0.000322,-0.000198,-0.000127,2.456778,2.456778,2.456778
46335.000000,33.578203,-117.064364,415.527254,33.578313,-117.064319,467.491640,-0.000321,-0.000197,-0.000128,2.457059,2.457059,2.457059
46350.000000,33.578200,-117.064363,415.375759,33.578313,-117.064319,467.453495,-0.000321,-0.000196,-0.000129,2.457342,2.457342,2.457342
46365.000000,33.578203,-117.064361,416.334270,33.578313,-117.064319,467.415225,-0.000321,-0.000195,-0.000130,2.457604,2.457604,2.457604
46380.000000,33.578202,-117.064361,415.784207,33.578313,-117.064319,467.376385,-0.000320,-0.000194,-0.000131,2.457862,2.457862,2.457862
46395.000000,33.578198,-117.064362,415.394699,33.578313,-117.064319,467.337489,-0.000320,-0.000193,-0.000133,2.458126,2.458126,2.458126
46410.000000,33.578195,-117.064362,414.929781,33.578313,-117.064319,467.298297,-0.000320,-0.000192,-0.000134,2.458390,2.458390,2.458390
46425.000000,33.578196,-117.064362,415.361456,33.578312,-117.064319,467.258995,-0.000319,-0.000191,-0.000135,2.458644,2.458644,2.458644
46440.000000,33.578191,-117.064362,414.953305,33.578312,-117.064320,467.219424,-0.000319,-0.000190,-0.000136,2.458898,2.458898,2.458898
46455.000000,33.578187,-117.064362,414.600279,33.578312,-117.064320,467.179436,-0.000319,-0.000189,-0.000137,2.459148,2.459148,2.459148
46470.000000,33.578190,-117.064362,415.012721,33.578312,-117.064320,467.138730,-0.000318,-0.000188,-0.000138,2.459373,2.459373,2.459373
46485.000000,33.578187,-117.064362,415.241290,33.578312,-117.064320,467.098504,-0.000318,-0.000187,-0.000139,2.459604,2.459604,2.459604
46500.000000,33.578648,-117.064183,520.054080,33.578313,-117.064319,467.277972,-0.000318,-0.000190,-0.000132,2.456744,2.456744,2.456744
46515.000000,33.578648,-117.064184,520.118796,33.578314,-117.064319,467.453278,-0.000318,-0.000193,-0.000126,2.453977,2.453977,2.453977
46530.000000,33.578646,-117.064184,520.381853,33.578315,-117.064319,467.626877,-0.000318,-0.000196,-0.000119,2.451261,2.451261,2.451261
46545.000000,33.578644,-117.064184,519.881963,33.578316,-117.064318,467.794632,-0.000318,-0.000199,-0.000113,2.448636,2.448636,2.448636
46560.000000,33.578643,-117.064185,520.233206,33.578317,-117.064318,467.961675,-0.000318,-0.000202,-0.000107,2.446046,2.446046,2.446046
46575.000000,33.578639,-117.064185,519.865491,33.578318,-117.064317,468.123868,-0.000318,-0.000205,-0.000101,2.443535,2.443535,2.443535
46590.000000,33.578640,-117.064186,519.528279,33.578319,-117.064317,468.281830,-0.000318,-0.000207,-0.000095,2.441092,2.441092,2.441092
46605.000000,33.578639,-117.064185,519.743780,33.578320,-117.064317,468.435809,-0.000318,-0.000210,-0.000089,2.438752,2.438752,2.438752
46620.000000,33.578637,-117.064186,519.332823,33.578321,-117.064316,468.586951,-0.000317,-0.000212,-0.000083,2.436444,2.436444,2.436444
46635.000000,33.578634,-117.064186,518.799973,33.578322,-117.064316,468.733297,-0.000317,-0.000215,-0.000078,2.434208,2.434208,2.434208
46650.000000,33.578633,-117.064185,518.873842,33.578322,-117.064316,468.876455,-0.000317,-0.000217,-0.000072,2.432048,2.432048,2.432048
46665.000000,33.578631,-117.064186,518.994238,33.578323,-117.064315,469.017892,-0.000317,-0.000220,-0.000067,2.429931,2.429931,2.429931
46680.000000,33.578629,-117.064186,518.892699,33.578324,-117.064315,469.156107,-0.000317,-0.000222,-0.000062,2.427880,2.427880,2.427880
46695.000000,33.578628,-117.064185,518.718043,33.578325,-117.064315,469.291407,-0.000317,-0.000224,-0.000057,2.425883,2.425883,2.425883
46710.000000,33.578625,-117.064188,517.576995,33.578326,-117.064314,469.423267,-0.000317,-0.000226,-0.000052,2.423890,2.423890,2.423890
46725.000000,33.578623,-117.064187,518.301661,33.578326,-117.064314,469.553062,-0.000317,-0.000229,-0.000048,2.421990,2.421990,2.421990
46740.000000,33.578620,-117.064189,517.904593,33.578327,-117.064314,469.680827,-0.000317,-0.000231,-0.000043,2.420109,2.420109,2.420109
46755.000000,33.578619,-117.064188,517.780197,33.578328,-117.064313,469.804703,-0.000317,-0.000233,-0.000038,2.418313,2.418313,2.418313
46770.000000,33.578618,-117.064188,517.819797,33.578328,-117.064313,469.925876,-0.000317,-0.000235,-0.000034,2.416583,2.416583,2.416583
46785.000000,33.578613,-117.064189,517.269810,33.578329,-117.064313,470.044162,-0.000317,-0.000237,-0.000030,2.414887,2.414887,2.414887
46800.000000,33.578610,-117.064195,515.501018,33.578330,-117.064313,470.160055,-0.000317,-0.000239,-0.000026,2.413135,2.413135,2.413135
46815.000000,33.578608,-117.064197,515.111780,33.578330,-117.064312,470.273780,-0.000317,-0.000241,-0.000021,2.411411,2.411411,2.411411
46830.000000,33.578605,-117.064195,514.939310,33.578331,-117.064312,470.383901,-0.000317,-0.000243,-0.000017,2.409768,2.409768,2.409768
46845.000000,33.578603,-117.064195,514.735500,33.578332,-117.064312,470.491841,-0.000317,-0.000244,-0.000014,2.408166,2.408166,2.408166
46860.000000,33.578599,-117.064196,513.670281,33.578332,-117.064312,470.595739,-0.000317,-0.000246,-0.000010,2.406603,2.406603,2.406603
46875.000000,33.578596,-117.064197,513.686411,33.578333,-117.064311,470.697331,-0.000317,-0.000248,-0.000006,2.405100,2.405100,2.405100
46890.000000,33.578594,-117.064198,513.946249,33.578333,-117.064311,470.798341,-0.000317,-0.000250,-0.000003,2.403626,2.403626,2.403626
46905.000000,33.578591,-117.064197,513.650386,33.578334,-117.064311,470.897091,-0.000317,-0.000251,0.000001,2.402192,2.402192,2.402192
46920.000000,33.578589,-117.064198,512.984347,33.578334,-117.064311,470.993014,-0.000317,-0.000253,0.000004,2.400792,2.400792,2.400792
46935.000000,33.578586,-117.064196,512.745278,33.578335,-117.064311,471.086242,-0.000317,-0.000254,0.000008,2.399452,2.399452,2.399452
46950.000000,33.578581,-117.064197,512.574478,33.578335,-117.064310,471.177060,-0.000317,-0.000256,0.000011,2.398166,2.398166,2.398166
46965.000000,33.578580,-117.064199,511.836268,33.578336,-117.064310,471.266183,-0.000317,-0.000257,0.000014,2.396881,2.396881,2.396881
46980.000000,33.578576,-117.064199,511.449406,33.578336,-117.064310,471.352711,-0.000317,-0.000259,0.000017,2.395646,2.395646,2.395646
46995.000000,33.578573,-117.064200,510.988577,33.578337,-117.064310,471.437403,-0.000317,-0.000260,0.000020,2.394434,2.394434,2.394434
47010.000000,33.578570,-117.064200,510.789272,33.578337,-117.064310,471.520790,-0.000317,-0.000262,0.000023,2.393245,2.393245,2.393245
47025.000000,33.578567,-117.064202,510.100305,33.578338,-117.064309,471.601848,-0.000316,-0.000263,0.000026,2.392083,2.392083,2.392083
47040.000000,33.578563,-117.064203,509.735900,33.578338,-117.064309,471.680744,-0.000316,-0.000264,0.000028,2.390962,2.390962,2.390962
47055.000000,33.578559,-117.064202,509.562553,33.578338,-117.064309,471.758032,-0.000316,-0.000266,0.000031,2.389878,2.389878,2.389878
47070.000000,33.578556,-117.064203,508.665835,33.578339,-117.064309,471.832722,-0.000316,-0.000267,0.000034,2.388820,2.388820,2.388820
47085.000000,33.578551,-117.064206,508.658531,33.578339,-117.064309,471.906557,-0.000316,-0.000268,0.000036,2.387785,2.387785,2.387785
47100.000000,33.578547,-117.064205,508.115934,33.578340,-117.064309,471.978077,-0.000316,-0.000269,0.000039,2.386790,2.386790,2.386790
47115.000000,33.578544,-117.064206,507.576553,33.578340,-117.064308,472.047823,-0.000316,-0.000271,0.000041,2.385818,2.385818,2.385818
47130.000000,33.578541,-117.064206,507.424231,33.578340,-117.064308,472.116249,-0.000316,-0.000272,0.000043,2.384878,2.384878,2.384878
47145.000000,33.578537,-117.064207,507.041122,33.578341,-117.064308,472.183243,-0.000316,-0.000273,0.000045,2.383960,2.383960,2.383960
47160.000000,33.578534,-117.064207,506.885371,33.578341,-117.064308,472.249355,-0.000316,-0.000274,0.000048,2.383060,2.383060,2.383060
47175.000000,33.578529,-117.064209,505.952634,33.578341,-117.064308,472.313387,-0.000316,-0.000275,0.000050,2.382173,2.382173,2.382173
47190.000000,33.578526,-117.064209,505.849392,33.578341,-117.064308,472.376123,-0.000316,-0.000276,0.000052,2.381323,2.381323,2.381323
47205.000000,33.578519,-117.064212,504.243618,33.578342,-117.064307,472.435606,-0.000316,-0.000277,0.000054,2.380488,2.380488,2.380488
47220.000000,33.578517,-117.064212,504.485920,33.578342,-117.064307,472.494268,-0.000316,-0.000278,0.000055,2.379696,2.379696,2.379696
47235.000000,33.578513,-117.064213,503.408137,33.578342,-117.064307,472.550887,-0.000316,-0.000279,0.000057,2.378911,2.378911,2.378911
47250.000000,33.578509,-117.064214,502.766819,33.578343,-117.064307,472.605889,-0.000316,-0.000280,0.000059,2.378145,2.378145,2.378145
47265.000000,33.578409,-117.064262,479.371225,33.578343,-117.064307,472.624866,-0.000316,-0.000280,0.000060,2.376944,2.376944,2.376944
47280.000000,33.578408,-117.064262,479.505654,33.578343,-117.064307,472.644046,-0.000315,-0.000281,0.000060,2.375750,2.375750,2.375750
47295.000000,33.578409,-117.064259,480.385619,33.578343,-117.064307,472.664841,-0.000315,-0.000281,0.000061,2.374573,2.374573,2.374573
47310.000000,33.578410,-117.064258,480.935253,33.578343,-117.064307,472.686666,-0.000315,-0.000281,0.000062,2.373401,2.373401,2.373401
47325.000000,33.578403,-117.064260,479.959779,33.578343,-117.064307,472.706354,-0.000315,-0.000282,0.000062,2.372256,2.372256,2.372256
47340.000000,33.578402,-117.064261,480.305616,33.578343,-117.064307,472.726782,-0.000315,-0.000282,0.000063,2.371097,2.371097,2.371097
47355.000000,33.578399,-117.064259,480.055573,33.578343,-117.064307,472.746531,-0.000315,-0.000282,0.000064,2.369963,2.369963,2.369963
47370.000000,33.578398,-117.064261,480.225014,33.578343,-117.064307,472.766610,-0.000314,-0.000282,0.000064,2.368824,2.368824,2.368824
47385.000000,33.578395,-117.064260,479.901996,33.578343,-117.064306,472.785832,-0.000314,-0.000283,0.000065,2.367717,2.367717,2.367717
47400.000000,33.578397,-117.064258,481.229447,33.578344,-117.064306,472.807512,-0.000314,-0.000283,0.000065,2.366621,2.366621,2.366621
47415.000000,33.578395,-117.064258,480.352800,33.578344,-117.064306,472.827406,-0.000314,-0.000283,0.000066,2.365536,2.365536,2.365536
47430.000000,33.578393,-117.064259,480.571779,33.578344,-117.064306,472.847695,-0.000314,-0.000284,0.000067,2.364449,2.364449,2.364449
47445.000000,33.578388,-117.064260,480.281131,33.578344,-117.064306,472.867288,-0.000314,-0.000284,0.000067,2.363381,2.363381,2.363381
47460.000000,33.578384,-117.064261,479.582753,33.578344,-117.064306,472.885446,-0.000314,-0.000284,0.000067,2.362326,2.362326,2.362326
47475.000000,33.578382,-117.064262,479.483098,33.578344,-117.064306,472.903320,-0.000313,-0.000285,0.000068,2.361283,2.361283,2.361283
47490.000000,33.578381,-117.064259,479.972916,33.578344,-117.064306,472.922008,-0.000313,-0.000285,0.000068,2.360254,2.360254,2.360254
47505.000000,33.578381,-117.064258,480.133075,33.578344,-117.064306,472.940958,-0.000313,-0.000285,0.000069,2.359226,2.359226,2.359226
47520.000000,33.578379,-117.064257,480.613853,33.578344,-117.064306,472.960601,-0.000313,-0.000286,0.000069,2.358225,2.358225,2.358225
47535.000000,33.578373,-117.064259,479.979671,33.578344,-117.064306,472.978910,-0.000313,-0.000286,0.000070,2.357247,2.357247,2.357247
47550.000000,33.578369,-117.064263,479.055417,33.578344,-117.064306,472.995571,-0.000313,-0.000286,0.000070,2.356257,2.356257,2.356257
47565.000000,33.578370,-117.064260,479.467779,33.578344,-117.064306,473.012883,-0.000313,-0.000287,0.000070,2.355281,2.355281,2.355281
47580.000000,33.578369,-117.064258,480.068907,33.578344,-117.064306,473.031200,-0.000312,-0.000287,0.000071,2.354317,2.354317,2.354317
47595.000000,33.578367,-117.064257,480.174220,33.578344,-117.064306,473.049573,-0.000312,-0.000287,0.000071,2.353370,2.353370,2.353370
47610.000000,33.578365,-117.064257,480.000399,33.578344,-117.064306,473.067557,-0.000312,-0.000288,0.000071,2.352431,2.352431,2.352431
47625.000000,33.578361,-117.064259,479.852115,33.578344,-117.064305,473.085181,-0.000312,-0.000288,0.000072,2.351505,2.351505,2.351505
47640.000000,33.578355,-117.064262,478.412466,33.578344,-117.064305,473.100191,-0.000312,-0.000288,0.000072,2.350584,2.350584,2.350584
47655.000000,33.578355,-117.064259,479.009237,33.578344,-117.064305,473.116221,-0.000312,-0.000289,0.000072,2.349667,2.349667,2.349667
47670.000000,33.578355,-117.064258,479.416803,33.578344,-117.064305,473.132908,-0.000312,-0.000289,0.000073,2.348758,2.348758,2.348758
47685.000000,33.578351,-117.064259,479.331711,33.578344,-117.064305,473.149360,-0.000312,-0.000289,0.000073,2.347860,2.347860,2.347860
47700.000000,33.578350,-117.064260,479.589904,33.578344,-117.064305,473.166189,-0.000312,-0.000290,0.000073,2.346972,2.346972,2.346972
47715.000000,33.578345,-117.064260,479.083048,33.578344,-117.064305,473.182027,-0.000312,-0.000290,0.000073,2.346100,2.346100,2.346100
47730.000000,33.578344,-117.064259,479.529458,33.578344,-117.064305,473.198634,-0.000311,-0.000290,0.000073,2.345225,2.345225,2.345225
47745.000000,33.578339,-117.064259,478.674193,33.578344,-117.064305,473.213663,-0.000311,-0.000291,0.000074,2.344365,2.344365,2.344365
47760.000000,33.578337,-117.064258,478.725399,33.578344,-117.064305,473.228712,-0.000311,-0.000291,0.000074,2.343515,2.343515,2.343515
47775.000000,33.578340,-117.064258,479.267087,33.578344,-117.064305,473.244706,-0.000311,-0.000292,0.000074,2.342657,2.342657,2.342657
47790.000000,33.578334,-117.064258,478.953308,33.578344,-117.064305,473.260077,-0.000311,-0.000292,0.000074,2.341812,2.341812,2.341812
47805.000000,33.578329,-117.064259,478.279904,33.578344,-117.064305,473.274249,-0.000311,-0.000292,0.000074,2.340973,2.340973,2.340973
47820.000000,33.578328,-117.064257,478.301327,33.578344,-117.064305,473.288414,-0.000311,-0.000293,0.000074,2.340140,2.340140,2.340140
47835.000000,33.578325,-117.064257,477.868496,33.578344,-117.064305,473.301734,-0.000311,-0.000293,0.000074,2.339330,2.339330,2.339330
47850.000000,33.578326,-117.064256,478.711095,33.578344,-117.064305,473.316478,-0.000311,-0.000293,0.000074,2.338513,2.338513,2.338513
47865.000000,33.578322,-117.064258,478.335871,33.578344,-117.064305,473.330574,-0.000311,-0.000294,0.000074,2.337695,2.337695,2.337695
47880.000000,33.578317,-117.064257,478.014161,33.578344,-117.064304,473.344069,-0.000311,-0.000294,0.000074,2.336888,2.336888,2.336888
47895.000000,33.578314,-117.064258,477.633660,33.578344,-117.064304,473.356920,-0.000311,-0.000295,0.000074,2.336076,2.336076,2.336076
47910.000000,33.578313,-117.064256,477.969687,33.578343,-117.064304,473.370242,-0.000310,-0.000295,0.000074,2.335284,2.335284,2.335284
47925.000000,33.578309,-117.064257,477.519688,33.578343,-117.064304,473.382807,-0.000310,-0.000295,0.000074,2.334489,2.334489,2.334489
47940.000000,33.578307,-117.064256,477.799447,33.578343,-117.064304,473.395799,-0.000310,-0.000296,0.000074,2.333699,2.333699,2.333699
47955.000000,33.578302,-117.064256,477.777854,33.578343,-117.064304,473.408680,-0.000310,-0.000296,0.000074,2.332925,2.332925,2.332925
47970.000000,33.578302,-117.064255,478.296328,33.578343,-117.064304,473.422402,-0.000310,-0.000297,0.000074,2.332149,2.332149,2.332149
47985.000000,33.578300,-117.064257,477.980710,33.578343,-117.064304,473.435556,-0.000310,-0.000297,0.000074,2.331381,2.331381,2.331381
48000.000000,33.578292,-117.064257,477.231322,33.578343,-117.064304,473.447415,-0.000310,-0.000297,0.000074,2.330627,2.330627,2.330627
48015.000000,33.578290,-117.064258,476.323436,33.578343,-117.064304,473.457811,-0.000310,-0.000298,0.000074,2.329859,2.329859,2.329859
48030.000000,33.578291,-117.064258,477.072771,33.578343,-117.064304,473.469380,-0.000310,-0.000298,0.000073,2.329105,2.329105,2.329105
48045.000000,33.578289,-117.064256,477.149681,33.578343,-117.064304,473.481024,-0.000310,-0.000299,0.000073,2.328362,2.328362,2.328362
48060.000000,33.578284,-117.064257,476.867856,33.578342,-117.064304,473.492187,-0.000310,-0.000299,0.000073,2.327622,2.327622,2.327622
48075.000000,33.578282,-117.064258,476.524812,33.578342,-117.064304,473.502786,-0.000310,-0.000299,0.000073,2.326878,2.326878,2.326878
48090.000000,33.578281,-117.064253,477.121485,33.578342,-117.064304,473.514266,-0.000310,-0.000300,0.000073,2.326158,2.326158,2.326158
48105.000000,33.578280,-117.064254,477.056483,33.578342,-117.064304,473.525622,-0.000310,-0.000300,0.000073,2.325439,2.325439,2.325439
48120.000000,33.578273,-117.064257,476.162048,33.578342,-117.064304,473.535563,-0.000310,-0.000301,0.000072,2.324707,2.324707,2.324707
48135.000000,33.578270,-117.064256,475.850582,33.578342,-117.064304,473.544961,-0.000310,-0.000301,0.000072,2.323988,2.323988,2.323988
48150.000000,33.578266,-117.064257,475.534733,33.578342,-117.064304,473.553841,-0.000310,-0.000301,0.000072,2.323268,2.323268,2.323268
48165.000000,33.578261,-117.064258,475.168953,33.578342,-117.064303,473.562128,-0.000309,-0.000302,0.000071,2.322545,2.322545,2.322545
48180.000000,33.578264,-117.064255,476.564459,33.578341,-117.064303,473.572605,-0.000309,-0.000302,0.000071,2.321836,2.321836,2.321836
48195.000000,33.578261,-117.064255,476.143555,33.578341,-117.064303,473.582373,-0.000309,-0.000303,0.000071,2.321137,2.321137,2.321137
48210.000000,33.578257,-117.064255,476.071581,33.578341,-117.064303,473.592007,-0.000309,-0.000303,0.000070,2.320442,2.320442,2.320442
48225.000000,33.578445,-117.064306,503.783531,33.578341,-117.064303,473.637456,-0.000310,-0.000304,0.000072,2.320050,2.320050,2.320050
48240.000000,33.578444,-117.064309,503.471744,33.578341,-117.064303,473.681908,-0.000310,-0.000305,0.000073,2.319680,2.319680,2.319680
48255.000000,33.578441,-117.064308,503.965035,33.578341,-117.064303,473.726525,-0.000311,-0.000305,0.000074,2.319326,2.319326,2.319326
48270.000000,33.578441,-117.064306,504.465668,33.578342,-117.064303,473.771206,-0.000311,-0.000306,0.000075,2.318992,2.318992,2.318992
48285.000000,33.578440,-117.064306,504.151772,33.578342,-117.064303,473.815397,-0.000311,-0.000307,0.000076,2.318660,2.318660,2.318660
48300.000000,33.578439,-117.064306,504.367154,33.578342,-117.064303,473.859519,-0.000312,-0.000307,0.000077,2.318339,2.318339,2.318339
48315.000000,33.578438,-117.064306,504.487443,33.578342,-117.064303,473.903717,-0.000312,-0.000308,0.000078,2.318019,2.318019,2.318019
48330.000000,33.578436,-117.064307,504.259352,33.578342,-117.064304,473.947342,-0.000312,-0.000309,0.000079,2.317709,2.317709,2.317709
48345.000000,33.578435,-117.064308,504.490790,33.578342,-117.064304,473.991060,-0.000313,-0.000309,0.000080,2.317404,2.317404,2.317404
48360.000000,33.578433,-117.064309,504.307372,33.578342,-117.064304,474.033942,-0.000313,-0.000310,0.000081,2.317121,2.317121,2.317121
48375.000000,33.578435,-117.064309,504.484891,33.578342,-117.064304,474.076761,-0.000313,-0.000311,0.000082,2.316847,2.316847,2.316847
48390.000000,33.578433,-117.064311,504.729766,33.578342,-117.064304,474.119864,-0.000314,-0.000311,0.000083,2.316572,2.316572,2.316572
48405.000000,33.578430,-117.064310,504.815893,33.578342,-117.064304,474.162603,-0.000314,-0.000312,0.000084,2.316313,2.316313,2.316313
48420.000000,33.578429,-117.064311,504.832324,33.578342,-117.064304,474.205183,-0.000315,-0.000313,0.000085,2.316059,2.316059,2.316059
48435.000000,33.578430,-117.064309,504.942717,33.578343,-117.064304,474.247588,-0.000315,-0.000314,0.000086,2.315815,2.315815,2.315815
48450.000000,33.578428,-117.064310,504.885538,33.578343,-117.064304,474.289589,-0.000315,-0.000314,0.000087,2.315583,2.315583,2.315583
48465.000000,33.578427,-117.064310,505.241182,33.578343,-117.064304,474.332058,-0.000316,-0.000315,0.000088,2.315347,2.315347,2.315347
48480.000000,33.578424,-117.064308,504.846577,33.578343,-117.064304,474.373461,-0.000316,-0.000316,0.000089,2.315132,2.315132,2.315132
48495.000000,33.578423,-117.064312,504.726640,33.578343,-117.064304,474.414265,-0.000316,-0.000316,0.000090,2.314933,2.314933,2.314933
48510.000000,33.578422,-117.064312,504.717037,33.578343,-117.064304,474.454838,-0.000317,-0.000317,0.000091,2.314741,2.314741,2.314741
48525.000000,33.578422,-117.064311,505.215363,33.578343,-117.064304,474.495658,-0.000317,-0.000318,0.000091,2.314560,2.314560,2.314560
48540.000000,33.578421,-117.064308,505.587971,33.578343,-117.064304,474.536781,-0.000318,-0.000318,0.000092,2.314382,2.314382,2.314382
48555.000000,33.578419,-117.064310,505.422335,33.578343,-117.064304,474.577464,-0.000318,-0.000319,0.000093,2.314212,2.314212,2.314212
48570.000000,33.578417,-117.064311,505.700204,33.578343,-117.064304,474.618269,-0.000318,-0.000320,0.000094,2.314048,2.314048,2.314048
48585.000000,33.578416,-117.064312,505.344904,33.578343,-117.064304,474.658549,-0.000319,-0.000320,0.000095,2.313887,2.313887,2.313887
48600.000000,33.578417,-117.064314,505.325127,33.578343,-117.064304,474.698279,-0.000319,-0.000321,0.000096,2.313744,2.313744,2.313744
48615.000000,33.578415,-117.064312,505.646183,33.578343,-117.064304,474.738153,-0.000319,-0.000322,0.000097,2.313608,2.313608,2.313608
48630.000000,33.578413,-117.064314,505.283108,33.578343,-117.064304,474.777673,-0.000320,-0.000322,0.000097,2.313470,2.313470,2.313470
48645.000000,33.578410,-117.064312,505.156154,33.578343,-117.064304,474.817067,-0.000320,-0.000323,0.000098,2.313329,2.313329,2.313329
48660.000000,33.578407,-117.064311,504.922685,33.578343,-117.064304,474.855904,-0.000321,-0.000324,0.000099,2.313198,2.313198,2.313198
48675.000000,33.578407,-117.064314,505.204570,33.578344,-117.064304,474.894516,-0.000321,-0.000324,0.000100,2.313087,2.313087,2.313087
48690.000000,33.578404,-117.064314,505.078261,33.578344,-117.064304,474.933051,-0.000321,-0.000325,0.000101,2.312971,2.312971,2.312971
48705.000000,33.578402,-117.064315,504.970017,33.578344,-117.064304,474.971399,-0.000322,-0.000325,0.000101,2.312858,2.312858,2.312858
48720.000000,33.578405,-117.064314,505.588420,33.578344,-117.064304,475.009756,-0.000322,-0.000326,0.000102,2.312767,2.312767,2.312767
48735.000000,33.578404,-117.064314,505.563994,33.578344,-117.064304,475.047932,-0.000322,-0.000327,0.000103,2.312682,2.312682,2.312682
48750.000000,33.578403,-117.064315,505.357723,33.578344,-117.064304,475.085859,-0.000323,-0.000327,0.000104,2.312596,2.312596,2.312596
48765.000000,33.578404,-117.064314,505.602018,33.578344,-117.064304,475.123227,-0.000323,-0.000328,0.000104,2.312540,2.312540,2.312540
48780.000000,33.578400,-117.064316,505.475626,33.578344,-117.064304,475.160245,-0.000323,-0.000329,0.000105,2.312491,2.312491,2.312491
48795.000000,33.578398,-117.064315,505.592572,33.578344,-117.064304,475.197326,-0.000324,-0.000329,0.000106,2.312443,2.312443,2.312443
48810.000000,33.578397,-117.064316,505.811356,33.578344,-117.064304,475.234476,-0.000324,-0.000330,0.000107,2.312399,2.312399,2.312399
48825.000000,33.578397,-117.064317,506.061701,33.578344,-117.064305,475.271589,-0.000324,-0.000331,0.000107,2.312365,2.312365,2.312365
48840.000000,33.578395,-117.064316,505.823539,33.578344,-117.064305,475.308180,-0.000325,-0.000331,0.000108,2.312341,2.312341,2.312341
48855.000000,33.578395,-117.064317,505.614101,33.578344,-117.064305,475.344279,-0.000325,-0.000332,0.000109,2.312327,2.312327,2.312327
48870.000000,33.578393,-117.064315,505.871137,33.578344,-117.064305,475.380595,-0.000326,-0.000332,0.000109,2.312312,2.312312,2.312312
48885.000000,33.578390,-117.064316,505.860644,33.578344,-117.064305,475.416760,-0.000326,-0.000333,0.000110,2.312302,2.312302,2.312302
48900.000000,33.578389,-117.064316,505.636079,33.578344,-117.064305,475.452544,-0.000326,-0.000334,0.000111,2.312297,2.312297,2.312297
48915.000000,33.578387,-117.064316,505.659497,33.578344,-117.064305,475.488234,-0.000327,-0.000334,0.000111,2.312296,2.312296,2.312296
48930.000000,33.578387,-117.064317,505.744444,33.578344,-117.064305,475.523898,-0.000327,-0.000335,0.000112,2.312297,2.312297,2.312297
48945.000000,33.578386,-117.064318,505.601840,33.578344,-117.064305,475.559208,-0.000327,-0.000335,0.000113,2.312305,2.312305,2.312305
48960.000000,33.578384,-117.064318,505.799200,33.578344,-117.064305,475.594668,-0.000328,-0.000336,0.000113,2.312314,2.312314,2.312314
48975.000000,33.578384,-117.064317,505.599003,33.578344,-117.064305,475.629474,-0.000328,-0.000337,0.000114,2.312340,2.312340,2.312340
48990.000000,33.578383,-117.064318,505.413969,33.578344,-117.064305,475.664024,-0.000328,-0.000337,0.000114,2.312368,2.312368,2.312368
49005.000000,33.578381,-117.064316,505.443849,33.578344,-117.064305,475.698326,-0.000329,-0.000338,0.000115,2.312405,2.312405,2.312405
49020.000000,33.578378,-117.064318,505.578790,33.578344,-117.064305,475.732553,-0.000329,-0.000338,0.000116,2.312449,2.312449,2.312449
49035.000000,33.578378,-117.064320,505.376986,33.578344,-117.064305,475.766366,-0.000329,-0.000339,0.000116,2.312501,2.312501,2.312501
49050.000000,33.578375,-117.064320,505.469332,33.578344,-117.064305,475.800168,-0.000330,-0.000340,0.000117,2.312556,2.312556,2.312556
49065.000000,33.578374,-117.064320,505.067610,33.578344,-117.064305,475.833386,-0.000330,-0.000340,0.000117,2.312618,2.312618,2.312618
49080.000000,33.578372,-117.064320,505.242075,33.578344,-117.064305,475.866643,-0.000330,-0.000341,0.000118,2.312684,2.312684,2.312684
49095.000000,33.578370,-117.064319,505.248622,33.578344,-117.064305,475.899826,-0.000331,-0.000341,0.000118,2.312752,2.312752,2.312752
49110.000000,33.578370,-117.064320,505.236086,33.578344,-117.064305,475.932687,-0.000331,-0.000342,0.000119,2.312831,2.312831,2.312831
49125.000000,33.578367,-117.064320,504.881738,33.578344,-117.064305,475.965097,-0.000331,-0.000342,0.000119,2.312914,2.312914,2.312914
49140.000000,33.578367,-117.064321,504.863962,33.578344,-117.064305,475.997357,-0.000332,-0.000343,0.000120,2.313002,2.313002,2.313002
49155.000000,33.578366,-117.064321,504.802236,33.578344,-117.064305,476.029518,-0.000332,-0.000343,0.000120,2.313091,2.313091,2.313091
49170.000000,33.578361,-117.064321,504.693057,33.578344,-117.064305,476.061746,-0.000332,-0.000344,0.000121,2.313172,2.313172,2.313172
49185.000000,33.578363,-117.064319,505.049839,33.578344,-117.064305,476.093654,-0.000333,-0.000345,0.000121,2.313278,2.313278,2.313278
49200.000000,33.578360,-117.064323,504.713167,33.578344,-117.064305,476.125248,-0.000333,-0.000345,0.000122,2.313383,2.313383,2.313383
49215.000000,33.578358,-117.064322,504.251437,33.578344,-117.064305,476.156450,-0.000333,-0.000346,0.000122,2.313488,2.313488,2.313488
49230.000000,33.578358,-117.064324,504.541764,33.578344,-117.064305,476.187790,-0.000334,-0.000346,0.000123,2.313595,2.313595,2.313595
49245.000000,33.578357,-117.064324,504.712094,33.578344,-117.064306,476.218913,-0.000334,-0.000347,0.000123,2.313717,2.313717,2.313717
49260.000000,33.578355,-117.064323,504.412488,33.578344,-117.064306,476.249888,-0.000334,-0.000347,0.000124,2.313834,2.313834,2.313834
49275.000000,33.578353,-117.064322,504.158613,33.578344,-117.064306,476.280302,-0.000335,-0.000348,0.000124,2.313963,2.313963,2.313963
49290.000000,33.578353,-117.064324,504.239921,33.578344,-117.064306,476.310602,-0.000335,-0.000348,0.000125,2.314099,2.314099,2.314099
49305.000000,33.578351,-117.064325,504.251972,33.578344,-117.064306,476.340791,-0.000335,-0.000349,0.000125,2.314240,2.314240,2.314240
49320.000000,33.578346,-117.064326,504.117883,33.578344,-117.064306,476.370869,-0.000336,-0.000349,0.000125,2.314379,2.314379,2.314379
49335.000000,33.578346,-117.064326,504.210850,33.578344,-117.064306,476.400786,-0.000336,-0.000350,0.000126,2.314528,2.314528,2.314528
49350.000000,33.578345,-117.064325,503.862272,33.578344,-117.064306,476.430358,-0.000336,-0.000350,0.000126,2.314678,2.314678,2.314678
49365.000000,33.578346,-117.064327,503.554112,33.578344,-117.064306,476.459645,-0.000337,-0.000351,0.000127,2.314828,2.314828,2.314828
49380.000000,33.578344,-117.064325,503.935896,33.578344,-117.064306,476.488910,-0.000337,-0.000351,0.000127,2.314992,2.314992,2.314992
49395.000000,33.578341,-117.064326,503.519155,33.578344,-117.064306,476.518040,-0.000337,-0.000352,0.000127,2.315145,2.315145,2.315145
49410.000000,33.578342,-117.064327,503.458815,33.578344,-117.064306,476.546728,-0.000337,-0.000352,0.000128,2.315315,2.315315,2.315315
49425.000000,33.578341,-117.064328,503.234176,33.578344,-117.064306,476.575073,-0.000338,-0.000353,0.000128,2.315491,2.315491,2.315491
49440.000000,33.578337,-117.064328,503.045565,33.578344,-117.064306,476.603407,-0.000338,-0.000353,0.000129,2.315660,2.315660,2.315660
49455.000000,33.578336,-117.064328,503.299116,33.578344,-117.064306,476.631818,-0.000338,-0.000354,0.000129,2.315834,2.315834,2.315834
49470.000000,33.578334,-117.064327,502.908413,33.578344,-117.064306,476.659598,-0.000339,-0.000354,0.000129,2.316021,2.316021,2.316021
49485.000000,33.578333,-117.064327,502.689039,33.578344,-117.064306,476.687063,-0.000339,-0.000355,0.000130,2.316213,2.316213,2.316213
49500.000000,33.578331,-117.064327,502.427215,33.578344,-117.064306,476.714149,-0.000339,-0.000355,0.000130,2.316412,2.316412,2.316412
49515.000000,33.578327,-117.064328,502.599553,33.578344,-117.064306,476.741414,-0.000340,-0.000356,0.000130,2.316609,2.316609,2.316609
49530.000000,33.578326,-117.064329,502.741387,33.578344,-117.064306,476.768835,-0.000340,-0.000356,0.000131,2.316802,2.316802,2.316802
49545.000000,33.578325,-117.064329,502.371435,33.578344,-117.064306,476.795735,-0.000340,-0.000357,0.000131,2.317005,2.317005,2.317005
49560.000000,33.578324,-117.064330,502.533242,33.578344,-117.064306,476.822719,-0.000340,-0.000357,0.000131,2.317209,2.317209,2.317209
49575.000000,33.578323,-117.064331,502.125162,33.578344,-117.064306,476.849199,-0.000341,-0.000358,0.000131,2.317421,2.317421,2.317421
49590.000000,33.578322,-117.064332,501.920417,33.578344,-117.064306,476.875470,-0.000341,-0.000358,0.000132,2.317634,2.317634,2.317634
49605.000000,33.578321,-117.064333,501.750709,33.578344,-117.064306,476.901512,-0.000341,-0.000359,0.000132,2.317851,2.317851,2.317851
49620.000000,33.578319,-117.064333,501.753639,33.578344,-117.064307,476.927506,-0.000342,-0.000359,0.000132,2.318070,2.318070,2.318070
49635.000000,33.578318,-117.064334,501.252233,33.578343,-117.064307,476.953051,-0.000342,-0.000359,0.000133,2.318291,2.318291,2.318291
49650.000000,33.578316,-117.064332,501.252623,33.578343,-117.064307,476.978434,-0.000342,-0.000360,0.000133,2.318519,2.318519,2.318519
49665.000000,33.578314,-117.064334,500.856348,33.578343,-117.064307,477.003411,-0.000343,-0.000360,0.000133,2.318751,2.318751,2.318751
49680.000000,33.578313,-117.064334,500.729350,33.578343,-117.064307,477.028363,-0.000343,-0.000361,0.000133,2.318979,2.318979,2.318979
49695.000000,33.578310,-117.064332,500.710561,33.578343,-117.064307,477.053210,-0.000343,-0.000361,0.000134,2.319211,2.319211,2.319211
49710.000000,33.578311,-117.064334,500.227851,33.578343,-117.064307,477.077494,-0.000343,-0.000362,0.000134,2.319452,2.319452,2.319452
49725.000000,33.578309,-117.064336,499.724422,33.578343,-117.064307,477.101371,-0.000344,-0.000362,0.000134,2.319693,2.319693,2.319693
49740.000000,33.578306,-117.064337,499.206678,33.578343,-117.064307,477.124841,-0.000344,-0.000362,0.000134,2.319936,2.319936,2.319936
49755.000000,33.578304,-117.064338,499.475194,33.578343,-117.064307,477.148434,-0.000344,-0.000363,0.000134,2.320181,2.320181,2.320181
49770.000000,33.578305,-117.064338,499.675604,33.578343,-117.064307,477.172042,-0.000345,-0.000363,0.000135,2.320432,2.320432,2.320432
49785.000000,33.578301,-117.064336,498.966178,33.578343,-117.064307,477.194906,-0.000345,-0.000364,0.000135,2.320695,2.320695,2.320695
49800.000000,33.578299,-117.064337,498.780657,33.578343,-117.064307,477.217705,-0.000345,-0.000364,0.000135,2.320953,2.320953,2.320953
49815.000000,33.578297,-117.064338,498.564379,33.578343,-117.064307,477.240362,-0.000345,-0.000364,0.000135,2.321209,2.321209,2.321209
49830.000000,33.578296,-117.064340,498.609331,33.578343,-117.064307,477.263021,-0.000346,-0.000365,0.000135,2.321466,2.321466,2.321466
49845.000000,33.578294,-117.064338,497.952135,33.578343,-117.064307,477.285148,-0.000346,-0.000365,0.000136,2.321726,2.321726,2.321726
49860.000000,33.578293,-117.064340,498.001165,33.578343,-117.064307,477.307100,-0.000346,-0.000366,0.000136,2.321996,2.321996,2.321996
49875.000000,33.578292,-117.064341,498.457411,33.578343,-117.064307,477.329485,-0.000346,-0.000366,0.000136,2.322260,2.322260,2.322260
49890.000000,33.578292,-117.064342,498.454942,33.578343,-117.064307,477.351841,-0.000347,-0.000366,0.000136,2.322524,2.322524,2.322524
49905.000000,33.578289,-117.064342,497.705264,33.578343,-117.064307,477.373555,-0.000347,-0.000367,0.000136,2.322794,2.322794,2.322794
49920.000000,33.578288,-117.064341,497.169985,33.578342,-117.064307,477.394837,-0.000347,-0.000367,0.000136,2.323066,2.323066,2.323066
49935.000000,33.578288,-117.064342,497.212843,33.578342,-117.064307,477.416016,-0.000348,-0.000367,0.000136,2.323344,2.323344,2.323344
49950.000000,33.578286,-117.064345,497.032611,33.578342,-117.064308,477.437105,-0.000348,-0.000368,0.000137,2.323620,2.323620,2.323620
49965.000000,33.578283,-117.064345,496.442782,33.578342,-117.064308,477.457648,-0.000348,-0.000368,0.000137,2.323903,2.323903,2.323903
49980.000000,33.578283,-117.064344,496.683809,33.578342,-117.064308,477.478316,-0.000348,-0.000369,0.000137,2.324187,2.324187,2.324187
49995.000000,33.578283,-117.064345,496.362610,33.578342,-117.064308,477.498675,-0.000349,-0.000369,0.000137,2.324476,2.324476,2.324476
50010.000000,33.578280,-117.064346,496.100149,33.578342,-117.064308,477.518879,-0.000349,-0.000369,0.000137,2.324763,2.324763,2.324763
50025.000000,33.578279,-117.064346,495.714580,33.578342,-117.064308,477.538760,-0.000349,-0.000370,0.000137,2.325052,2.325052,2.325052
50040.000000,33.578278,-117.064348,495.508365,33.578342,-117.064308,477.558421,-0.000349,-0.000370,0.000137,2.325345,2.325345,2.325345
50055.000000,33.578277,-117.064350,495.372771,33.578342,-117.064308,477.578018,-0.000350,-0.000370,0.000137,2.325636,2.325636,2.325636
50070.000000,33.578276,-117.064350,495.204156,33.578342,-117.064308,477.597393,-0.000350,-0.000371,0.000137,2.325932,2.325932,2.325932
50085.000000,33.578274,-117.064351,495.001737,33.578342,-117.064308,477.616628,-0.000350,-0.000371,0.000137,2.326228,2.326228,2.326228
50100.000000,33.578272,-117.064350,494.468215,33.578342,-117.064308,477.635362,-0.000350,-0.000371,0.000137,2.326532,2.326532,2.326532
50115.000000,33.578272,-117.064348,494.029947,33.578342,-117.064308,477.653788,-0.000351,-0.000371,0.000138,2.326837,2.326837,2.326837
50130.000000,33.578270,-117.064349,493.868336,33.578342,-117.064308,477.671993,-0.000351,-0.000372,0.000138,2.327148,2.327148,2.327148
50145.000000,33.578269,-117.064351,493.513101,33.578342,-117.064308,477.689894,-0.000351,-0.000372,0.000138,2.327463,2.327463,2.327463
50160.000000,33.578268,-117.064350,493.406856,33.578341,-117.064308,477.707707,-0.000351,-0.000372,0.000138,2.327779,2.327779,2.327779
50175.000000,33.578267,-117.064353,493.236770,33.578341,-117.064308,477.725395,-0.000352,-0.000373,0.000138,2.328094,2.328094,2.328094
50190.000000,33.578263,-117.064352,492.782007,33.578341,-117.064308,477.742753,-0.000352,-0.000373,0.000138,2.328411,2.328411,2.328411
50205.000000,33.578263,-117.064353,492.386825,33.578341,-117.064308,477.759774,-0.000352,-0.000373,0.000138,2.328733,2.328733,2.328733
50220.000000,33.578263,-117.064355,491.954957,33.578341,-117.064308,477.776505,-0.000352,-0.000373,0.000138,2.329054,2.329054,2.329054
50235.000000,33.578260,-117.064355,491.875237,33.578341,-117.064308,477.793149,-0.000353,-0.000374,0.000138,2.329377,2.329377,2.329377
50250.000000,33.578258,-117.064356,491.513872,33.578341,-117.064309,477.809566,-0.000353,-0.000374,0.000138,2.329698,2.329698,2.329698
50265.000000,33.578257,-117.064357,491.241893,33.578341,-117.064309,477.825793,-0.000353,-0.000374,0.000138,2.330019,2.330019,2.330019
50280.000000,33.578257,-117.064357,490.830376,33.578341,-117.064309,477.841646,-0.000353,-0.000375,0.000138,2.330348,2.330348,2.330348
50295.000000,33.578256,-117.064358,490.790626,33.578341,-117.064309,477.857525,-0.000354,-0.000375,0.000138,2.330672,2.330672,2.330672
50310.000000,33.578255,-117.064356,490.214546,33.578341,-117.064309,477.872933,-0.000354,-0.000375,0.000138,2.331003,2.331003,2.331003
50325.000000,33.578251,-117.064358,490.301517,33.578341,-117.064309,477.888436,-0.000354,-0.000375,0.000138,2.331330,2.331330,2.331330
50340.000000,33.578249,-117.064359,489.928658,33.578341,-117.064309,477.903711,-0.000354,-0.000376,0.000138,2.331654,2.331654,2.331654
50355.000000,33.578248,-117.064359,489.836242,33.578340,-117.064309,477.918888,-0.000354,-0.000376,0.000138,2.331981,2.331981,2.331981
50370.000000,33.578247,-117.064359,489.361163,33.578340,-117.064309,477.933673,-0.000355,-0.000376,0.000138,2.332315,2.332315,2.332315
50385.000000,33.578249,-117.064360,489.055771,33.578340,-117.064309,477.948243,-0.000355,-0.000376,0.000137,2.332650,2.332650,2.332650
50400.000000,33.578241,-117.064358,488.780816,33.578340,-117.064309,477.962513,-0.000355,-0.000376,0.000137,2.332997,2.332997,2.332997
50415.000000,33.578239,-117.064359,488.394310,33.578340,-117.064309,477.976553,-0.000355,-0.000377,0.000137,2.333341,2.333341,2.333341
50430.000000,33.578237,-117.064361,488.317486,33.578340,-117.064309,477.990511,-0.000356,-0.000377,0.000137,2.333688,2.333688,2.333688
50445.000000,33.578237,-117.064362,488.056646,33.578340,-117.064309,478.004283,-0.000356,-0.000377,0.000137,2.334036,2.334036,2.334036
50460.000000,33.578236,-117.064363,487.451307,33.578340,-117.064309,478.017642,-0.000356,-0.000377,0.000137,2.334387,2.334387,2.334387
50475.000000,33.578234,-117.064363,487.054577,33.578340,-117.064309,478.030751,-0.000356,-0.000378,0.000137,2.334736,2.334736,2.334736
50490.000000,33.578234,-117.064364,486.862707,33.578340,-117.064309,478.043752,-0.000356,-0.000378,0.000137,2.335082,2.335082,2.335082
50505.000000,33.578234,-117.064365,486.404914,33.578340,-117.064310,478.056417,-0.000357,-0.000378,0.000137,2.335434,2.335434,2.335434
50520.000000,33.578232,-117.064367,485.396368,33.578339,-117.064310,478.068423,-0.000357,-0.000378,0.000137,2.335787,2.335787,2.335787
50535.000000,33.578230,-117.064366,485.487679,33.578339,-117.064310,478.080481,-0.000357,-0.000378,0.000137,2.336140,2.336140,2.336140
50550.000000,33.578226,-117.064367,484.916530,33.578339,-117.064310,478.092158,-0.000357,-0.000378,0.000136,2.336495,2.336495,2.336495
50565.000000,33.578229,-117.064367,484.583966,33.578339,-117.064310,478.103619,-0.000357,-0.000379,0.000136,2.336850,2.336850,2.336850
50580.000000,33.578228,-117.064369,484.103632,33.578339,-117.064310,478.114742,-0.000358,-0.000379,0.000136,2.337210,2.337210,2.337210
50595.000000,33.578227,-117.064369,483.645821,33.578339,-117.064310,478.125574,-0.000358,-0.000379,0.000136,2.337571,2.337571,2.337571
50610.000000,33.578228,-117.064370,482.790045,33.578339,-117.064310,478.135847,-0.000358,-0.000379,0.000136,2.337935,2.337935,2.337935
50625.000000,33.578223,-117.064371,483.058621,33.578339,-117.064310,478.146300,-0.000358,-0.000379,0.000136,2.338295,2.338295,2.338295
50640.000000,33.578221,-117.064372,482.994667,33.578339,-117.064310,478.156704,-0.000358,-0.000379,0.000136,2.338656,2.338656,2.338656
50655.000000,33.578220,-117.064374,482.506497,33.578339,-117.064310,478.166786,-0.000359,-0.000379,0.000135,2.339020,2.339020,2.339020
50670.000000,33.578221,-117.064374,481.400328,33.578339,-117.064310,478.176167,-0.000359,-0.000380,0.000135,2.339387,2.339387,2.339387
50685.000000,33.578221,-117.064374,481.047461,33.578338,-117.064310,478.185321,-0.000359,-0.000380,0.000135,2.339755,2.339755,2.339755
50700.000000,33.578218,-117.064376,481.263193,33.578338,-117.064310,478.194602,-0.000359,-0.000380,0.000135,2.340123,2.340123,2.340123
50715.000000,33.578216,-117.064379,480.721021,33.578338,-117.064310,478.203549,-0.000359,-0.000380,0.000135,2.340489,2.340489,2.340489
50730.000000,33.578216,-117.064378,480.285197,33.578338,-117.064310,478.212220,-0.000360,-0.000380,0.000134,2.340854,2.340854,2.340854
50745.000000,33.578217,-117.064378,479.331793,33.578338,-117.064310,478.220289,-0.000360,-0.000380,0.000134,2.341229,2.341229,2.341229
50760.000000,33.578217,-117.064380,479.303544,33.578338,-117.064311,478.228340,-0.000360,-0.000380,0.000134,2.341598,2.341598,2.341598
50775.000000,33.578215,-117.064380,478.283138,33.578338,-117.064311,478.235759,-0.000360,-0.000380,0.000134,2.341970,2.341970,2.341970
50790.000000,33.578212,-117.064381,478.432403,33.578338,-117.064311,478.243266,-0.000360,-0.000380,0.000134,2.342340,2.342340,2.342340
50805.000000,33.578213,-117.064382,478.249524,33.578338,-117.064311,478.250655,-0.000360,-0.000380,0.000133,2.342709,2.342709,2.342709
50820.000000,33.578213,-117.064385,478.018410,33.578338,-117.064311,478.257897,-0.000361,-0.000380,0.000133,2.343074,2.343074,2.343074
50835.000000,33.578210,-117.064385,477.667923,33.578337,-117.064311,478.264918,-0.000361,-0.000381,0.000133,2.343439,2.343439,2.343439
50850.000000,33.578286,-117.064456,507.409490,33.578337,-117.064311,478.289901,-0.000361,-0.000381,0.000133,2.343819,2.343819,2.343819
50865.000000,33.578285,-117.064456,507.092377,33.578337,-117.064311,478.314649,-0.000362,-0.000381,0.000133,2.344201,2.344201,2.344201
50880.000000,33.578283,-117.064458,506.752662,33.578337,-117.064311,478.339219,-0.000362,-0.000382,0.000134,2.344582,2.344582,2.344582
50895.000000,33.578281,-117.064458,506.784942,33.578337,-117.064311,478.363755,-0.000363,-0.000382,0.000134,2.344963,2.344963,2.344963
50910.000000,33.578281,-117.064458,506.067180,33.578337,-117.064311,478.387783,-0.000363,-0.000382,0.000134,2.345348,2.345348,2.345348
50925.000000,33.578280,-117.064458,505.908167,33.578337,-117.064312,478.411617,-0.000364,-0.000383,0.000134,2.345736,2.345736,2.345736
50940.000000,33.578280,-117.064458,504.452853,33.578337,-117.064312,478.434419,-0.000364,-0.000383,0.000134,2.346131,2.346131,2.346131
50955.000000,33.578276,-117.064460,504.977204,33.578337,-117.064312,478.457636,-0.000364,-0.000383,0.000135,2.346521,2.346521,2.346521
50970.000000,33.578275,-117.064461,504.384373,33.578337,-117.064312,478.480497,-0.000365,-0.000383,0.000135,2.346911,2.346911,2.346911
50985.000000,33.578276,-117.064459,503.707428,33.578337,-117.064312,478.502780,-0.000365,-0.000384,0.000135,2.347308,2.347308,2.347308
51000.000000,33.578274,-117.064461,503.529807,33.578337,-117.064312,478.524902,-0.000366,-0.000384,0.000135,2.347707,2.347707,2.347707
51015.000000,33.578273,-117.064461,502.542650,33.578337,-117.064312,478.546426,-0.000366,-0.000384,0.000135,2.348106,2.348106,2.348106
51030.000000,33.578272,-117.064460,501.785925,33.578337,-117.064312,478.567386,-0.000367,-0.000385,0.000135,2.348511,2.348511,2.348511
51045.000000,33.578270,-117.064461,501.714307,33.578337,-117.064312,478.588287,-0.000367,-0.000385,0.000135,2.348917,2.348917,2.348917
51060.000000,33.578268,-117.064462,501.569536,33.578337,-117.064313,478.609202,-0.000367,-0.000385,0.000135,2.349317,2.349317,2.349317
51075.000000,33.578268,-117.064461,500.484869,33.578337,-117.064313,478.629424,-0.000368,-0.000385,0.000136,2.349719,2.349719,2.349719
51090.000000,33.578267,-117.064462,499.916498,33.578336,-117.064313,478.649246,-0.000368,-0.000386,0.000136,2.350125,2.350125,2.350125
51105.000000,33.578264,-117.064464,499.546193,33.578336,-117.064313,478.668830,-0.000369,-0.000386,0.000136,2.350531,2.350531,2.350531
51120.000000,33.578263,-117.064464,499.384459,33.578336,-117.064313,478.688277,-0.000369,-0.000386,0.000136,2.350940,2.350940,2.350940
51135.000000,33.578264,-117.064463,498.573291,33.578336,-117.064313,478.707223,-0.000369,-0.000386,0.000136,2.351349,2.351349,2.351349
51150.000000,33.578263,-117.064464,498.191754,33.578336,-117.064313,478.725930,-0.000370,-0.000386,0.000136,2.351760,2.351760,2.351760
51165.000000,33.578262,-117.064465,498.127550,33.578336,-117.064313,478.744561,-0.000370,-0.000387,0.000136,2.352172,2.352172,2.352172
51180.000000,33.578262,-117.064463,496.705410,33.578336,-117.064313,478.762258,-0.000371,-0.000387,0.000136,2.352591,2.352591,2.352591
51195.000000,33.578260,-117.064465,496.863563,33.578336,-117.064314,478.780018,-0.000371,-0.000387,0.000136,2.353012,2.353012,2.353012
51210.000000,33.578258,-117.064465,496.364480,33.578336,-117.064314,478.797484,-0.000371,-0.000387,0.000136,2.353432,2.353432,2.353432
51225.000000,33.578259,-117.064466,495.477411,33.578336,-117.064314,478.814445,-0.000372,-0.000387,0.000136,2.353853,2.353853,2.353853
51240.000000,33.578256,-117.064468,495.650052,33.578336,-117.064314,478.831549,-0.000372,-0.000388,0.000136,2.354269,2.354269,2.354269
51255.000000,33.578252,-117.064469,495.803559,33.578336,-117.064314,478.848809,-0.000372,-0.000388,0.000136,2.354680,2.354680,2.354680
51270.000000,33.578256,-117.064467,493.875187,33.578336,-117.064314,478.864797,-0.000373,-0.000388,0.000136,2.355104,2.355104,2.355104
51285.000000,33.578254,-117.064467,493.242340,33.578336,-117.064314,478.880409,-0.000373,-0.000388,0.000136,2.355529,2.355529,2.355529
51300.000000,33.578253,-117.064466,492.937624,33.578336,-117.064314,478.895830,-0.000373,-0.000388,0.000136,2.355955,2.355955,2.355955
51315.000000,33.578252,-117.064468,492.199187,33.578335,-117.064314,478.910810,-0.000374,-0.000388,0.000136,2.356382,2.356382,2.356382
51330.000000,33.578249,-117.064470,491.893453,33.578335,-117.064315,478.925668,-0.000374,-0.000388,0.000136,2.356805,2.356805,2.356805
51345.000000,33.578248,-117.064471,491.460782,33.578335,-117.064315,478.940252,-0.000374,-0.000389,0.000136,2.357229,2.357229,2.357229
51360.000000,33.578251,-117.064469,489.357251,33.578335,-117.064315,478.953569,-0.000375,-0.000389,0.000136,2.357664,2.357664,2.357664
51375.000000,33.578250,-117.064468,488.992012,33.578335,-117.064315,478.966698,-0.000375,-0.000389,0.000136,2.358096,2.358096,2.358096
51390.000000,33.578248,-117.064471,489.186759,33.578335,-117.064315,478.979941,-0.000375,-0.000389,0.000136,2.358526,2.358526,2.358526
51405.000000,33.578248,-117.064471,488.003501,33.578335,-117.064315,478.992485,-0.000376,-0.000389,0.000136,2.358961,2.358961,2.358961
51420.000000,33.578246,-117.064474,487.973064,33.578335,-117.064315,479.005059,-0.000376,-0.000389,0.000136,2.359389,2.359389,2.359389
51435.000000,33.578245,-117.064474,487.539020,33.578335,-117.064315,479.017363,-0.000376,-0.000389,0.000136,2.359821,2.359821,2.359821
51450.000000,33.578244,-117.064473,486.727642,33.578335,-117.064315,479.029199,-0.000377,-0.000389,0.000136,2.360254,2.360254,2.360254
51465.000000,33.578243,-117.064474,486.112101,33.578335,-117.064316,479.040699,-0.000377,-0.000389,0.000136,2.360686,2.360686,2.360686
51480.000000,33.578244,-117.064475,484.949625,33.578335,-117.064316,479.051532,-0.000377,-0.000389,0.000136,2.361122,2.361122,2.361122
51495.000000,33.578241,-117.064478,485.117678,33.578335,-117.064316,479.062479,-0.000378,-0.000389,0.000136,2.361553,2.361553,2.361553
51510.000000,33.578241,-117.064476,484.171565,33.578335,-117.064316,479.072888,-0.000378,-0.000389,0.000136,2.361986,2.361986,2.361986
51525.000000,33.578240,-117.064476,483.445421,33.578334,-117.064316,479.082882,-0.000378,-0.000389,0.000135,2.362422,2.362422,2.362422
51540.000000,33.578241,-117.064476,482.488470,33.578334,-117.064316,479.092346,-0.000378,-0.000389,0.000135,2.362859,2.362859,2.362859
51555.000000,33.578355,-117.064508,513.489819,33.578334,-117.064316,479.119423,-0.000379,-0.000390,0.000136,2.363272,2.363272,2.363272
51570.000000,33.578353,-117.064507,513.873257,33.578334,-117.064316,479.146678,-0.000379,-0.000390,0.000136,2.363685,2.363685,2.363685
51585.000000,33.578356,-117.064508,512.743486,33.578334,-117.064317,479.173096,-0.000380,-0.000390,0.000136,2.364106,2.364106,2.364106
51600.000000,33.578355,-117.064510,512.254116,33.578334,-117.064317,479.199215,-0.000380,-0.000391,0.000137,2.364526,2.364526,2.364526
51615.000000,33.578357,-117.064511,511.476817,33.578334,-117.064317,479.224866,-0.000381,-0.000391,0.000137,2.364947,2.364947,2.364947
51630.000000,33.578358,-117.064513,510.858319,33.578334,-117.064317,479.250024,-0.000381,-0.000391,0.000137,2.365374,2.365374,2.365374
51645.000000,33.578359,-117.064512,510.181628,33.578334,-117.064317,479.274582,-0.000382,-0.000391,0.000138,2.365808,2.365808,2.365808
51660.000000,33.578357,-117.064516,510.082968,33.578334,-117.064317,479.299231,-0.000382,-0.000391,0.000138,2.366237,2.366237,2.366237
51675.000000,33.578359,-117.064516,509.399875,33.578334,-117.064317,479.323427,-0.000383,-0.000392,0.000138,2.366668,2.366668,2.366668
51690.000000,33.578359,-117.064518,508.941294,33.578334,-117.064318,479.347335,-0.000383,-0.000392,0.000139,2.367100,2.367100,2.367100
51705.000000,33.578361,-117.064519,507.721355,33.578334,-117.064318,479.370473,-0.000384,-0.000392,0.000139,2.367536,2.367536,2.367536
51720.000000,33.578360,-117.064520,507.738374,33.578334,-117.064318,479.393594,-0.000384,-0.000392,0.000139,2.367972,2.367972,2.367972
51735.000000,33.578361,-117.064523,507.147798,33.578334,-117.064318,479.416308,-0.000384,-0.000392,0.000140,2.368412,2.368412,2.368412
51750.000000,33.578362,-117.064523,506.131223,33.578334,-117.064318,479.438408,-0.000385,-0.000393,0.000140,2.368853,2.368853,2.368853
51765.000000,33.578362,-117.064525,505.823602,33.578334,-117.064318,479.460315,-0.000385,-0.000393,0.000140,2.369296,2.369296,2.369296
51780.000000,33.578365,-117.064526,505.284503,33.578334,-117.064318,479.481844,-0.000386,-0.000393,0.000140,2.369742,2.369742,2.369742
51795.000000,33.578366,-117.064527,504.352329,33.578334,-117.064318,479.502788,-0.000386,-0.000393,0.000141,2.370192,2.370192,2.370192
51810.000000,33.578364,-117.064528,503.879993,33.578334,-117.064319,479.523453,-0.000387,-0.000393,0.000141,2.370643,2.370643,2.370643
51825.000000,33.578365,-117.064531,503.855894,33.578334,-117.064319,479.544112,-0.000387,-0.000393,0.000141,2.371093,2.371093,2.371093
51840.000000,33.578362,-117.064531,502.678943,33.578334,-117.064319,479.564162,-0.000387,-0.000393,0.000141,2.371541,2.371541,2.371541
51855.000000,33.578364,-117.064532,501.754775,33.578334,-117.064319,479.583641,-0.000388,-0.000393,0.000142,2.371993,2.371993,2.371993
51870.000000,33.578367,-117.064533,500.898099,33.578334,-117.064319,479.602564,-0.000388,-0.000394,0.000142,2.372451,2.372451,2.372451
51885.000000,33.578366,-117.064535,500.633978,33.578334,-117.064319,479.621318,-0.000389,-0.000394,0.000142,2.372910,2.372910,2.372910
51900.000000,33.578366,-117.064537,500.283184,33.578334,-117.064319,479.639888,-0.000389,-0.000394,0.000142,2.373368,2.373368,2.373368
51915.000000,33.578368,-117.064538,500.057663,33.578334,-117.064320,479.658280,-0.000389,-0.000394,0.000143,2.373829,2.373829,2.373829
51930.000000,33.578368,-117.064540,499.650383,33.578334,-117.064320,479.676447,-0.000390,-0.000394,0.000143,2.374290,2.374290,2.374290
51945.000000,33.578373,-117.064540,497.569696,33.578334,-117.064320,479.693443,-0.000390,-0.000394,0.000143,2.374757,2.374757,2.374757
51960.000000,33.578371,-117.064543,497.523352,33.578334,-117.064320,479.710466,-0.000391,-0.000394,0.000143,2.375220,2.375220,2.375220
51975.000000,33.578373,-117.064543,496.646418,33.578334,-117.064320,479.726963,-0.000391,-0.000394,0.000143,2.375688,2.375688,2.375688
51990.000000,33.578371,-117.064545,496.675387,33.578334,-117.064320,479.743525,-0.000391,-0.000394,0.000144,2.376151,2.376151,2.376151
52005.000000,33.578373,-117.064547,495.051576,33.578334,-117.064320,479.759177,-0.000392,-0.000394,0.000144,2.376619,2.376619,2.376619
52020.000000,33.578373,-117.064549,494.886057,33.578334,-117.064321,479.774681,-0.000392,-0.000394,0.000144,2.377091,2.377091,2.377091
52035.000000,33.578376,-117.064548,493.217796,33.578334,-117.064321,479.789343,-0.000392,-0.000394,0.000144,2.377563,2.377563,2.377563
52050.000000,33.578376,-117.064550,492.665610,33.578334,-117.064321,479.803678,-0.000393,-0.000394,0.000144,2.378037,2.378037,2.378037
52065.000000,33.578376,-117.064553,491.893445,33.578334,-117.064321,479.817622,-0.000393,-0.000394,0.000145,2.378511,2.378511,2.378511
52080.000000,33.578379,-117.064552,491.112141,33.578334,-117.064321,479.831124,-0.000393,-0.000394,0.000145,2.378990,2.378990,2.378990
52095.000000,33.578379,-117.064556,490.681482,33.578334,-117.064321,479.844390,-0.000394,-0.000394,0.000145,2.379469,2.379469,2.379469
52110.000000,33.578381,-117.064557,489.527529,33.578334,-117.064321,479.857059,-0.000394,-0.000394,0.000145,2.379950,2.379950,2.379950
52125.000000,33.578382,-117.064560,488.711922,33.578334,-117.064322,479.869323,-0.000394,-0.000393,0.000145,2.380430,2.380430,2.380430
52140.000000,33.578381,-117.064562,488.149142,33.578334,-117.064322,479.881277,-0.000395,-0.000393,0.000145,2.380912,2.380912,2.380912
52155.000000,33.578382,-117.064564,487.927998,33.578334,-117.064322,479.893129,-0.000395,-0.000393,0.000145,2.381393,2.381393,2.381393
52170.000000,33.578384,-117.064564,486.343753,33.578334,-117.064322,479.904161,-0.000395,-0.000393,0.000146,2.381878,2.381878,2.381878
52185.000000,33.578384,-117.064566,485.662395,33.578334,-117.064322,479.914857,-0.000396,-0.000393,0.000146,2.382361,2.382361,2.382361
52200.000000,33.578387,-117.064566,484.009712,33.578334,-117.064322,479.924718,-0.000396,-0.000393,0.000146,2.382846,2.382846,2.382846
52215.000000,33.578387,-117.064570,483.748001,33.578334,-117.064322,479.934439,-0.000396,-0.000393,0.000146,2.383332,2.383332,2.383332
52230.000000,33.578387,-117.064569,482.587877,33.578334,-117.064323,479.943577,-0.000397,-0.000393,0.000146,2.383821,2.383821,2.383821
52245.000000,33.578389,-117.064572,481.814473,33.578334,-117.064323,479.952327,-0.000397,-0.000392,0.000146,2.384311,2.384311,2.384311
52260.000000,33.578394,-117.064574,479.561504,33.578334,-117.064323,479.959967,-0.000397,-0.000392,0.000146,2.384805,2.384805,2.384805
52275.000000,33.578391,-117.064576,479.573381,33.578334,-117.064323,479.967608,-0.000397,-0.000392,0.000146,2.385297,2.385297,2.385297
52290.000000,33.578393,-117.064578,478.698126,33.578334,-117.064323,479.974817,-0.000398,-0.000392,0.000146,2.385789,2.385789,2.385789
52305.000000,33.578390,-117.064579,478.612652,33.578334,-117.064323,479.981978,-0.000398,-0.000391,0.000146,2.386278,2.386278,2.386278
52320.000000,33.578396,-117.064582,476.536388,33.578334,-117.064324,479.988117,-0.000398,-0.000391,0.000146,2.386768,2.386768,2.386768
52335.000000,33.578395,-117.064584,476.570221,33.578334,-117.064324,479.994274,-0.000399,-0.000391,0.000146,2.387260,2.387260,2.387260
52350.000000,33.578397,-117.064584,475.164827,33.578334,-117.064324,479.999745,-0.000399,-0.000391,0.000147,2.387753,2.387753,2.387753
52365.000000,33.578397,-117.064587,474.262592,33.578334,-117.064324,480.004768,-0.000399,-0.000390,0.000147,2.388244,2.388244,2.388244
52380.000000,33.578397,-117.064589,473.757997,33.578334,-117.064324,480.009549,-0.000399,-0.000390,0.000147,2.388737,2.388737,2.388737
52395.000000,33.578398,-117.064589,472.905652,33.578334,-117.064324,480.013894,-0.000400,-0.000390,0.000147,2.389227,2.389227,2.389227
52410.000000,33.578403,-117.064590,470.814532,33.578334,-117.064324,480.017279,-0.000400,-0.000390,0.000147,2.389726,2.389726,2.389726
52425.000000,33.578401,-117.064593,470.033279,33.578334,-117.064325,480.020243,-0.000400,-0.000389,0.000147,2.390219,2.390219,2.390219
52440.000000,33.578401,-117.064595,469.673996,33.578334,-117.064325,480.023029,-0.000400,-0.000389,0.000147,2.390713,2.390713,2.390713
52455.000000,33.578401,-117.064598,468.897886,33.578334,-117.064325,480.025463,-0.000401,-0.000389,0.000147,2.391209,2.391209,2.391209
52470.000000,33.578402,-117.064600,468.541780,33.578334,-117.064325,480.027672,-0.000401,-0.000388,0.000147,2.391700,2.391700,2.391700
52485.000000,33.578404,-117.064603,467.585737,33.578334,-117.064325,480.029430,-0.000401,-0.000388,0.000147,2.392192,2.392192,2.392192
52500.000000,33.578403,-117.064605,466.883987,33.578334,-117.064325,480.030825,-0.000401,-0.000387,0.000147,2.392683,2.392683,2.392683
52515.000000,33.578406,-117.064606,465.137271,33.578334,-117.064326,480.031410,-0.000401,-0.000387,0.000147,2.393177,2.393177,2.393177
52530.000000,33.578407,-117.064607,464.558257,33.578334,-117.064326,480.031725,-0.000402,-0.000387,0.000147,2.393672,2.393672,2.393672
52545.000000,33.578409,-117.064608,463.030643,33.578334,-117.064326,480.031275,-0.000402,-0.000386,0.000147,2.394165,2.394165,2.394165
52560.000000,33.578409,-117.064610,462.705783,33.578334,-117.064326,480.030661,-0.000402,-0.000386,0.000146,2.394658,2.394658,2.394658
52575.000000,33.578409,-117.064613,462.363862,33.578334,-117.064326,480.029870,-0.000402,-0.000385,0.000146,2.395150,2.395150,2.395150
52590.000000,33.578411,-117.064612,460.901695,33.578334,-117.064326,480.028360,-0.000403,-0.000385,0.000146,2.395641,2.395641,2.395641
52605.000000,33.578415,-117.064615,458.967723,33.578334,-117.064327,480.026004,-0.000403,-0.000385,0.000146,2.396138,2.396138,2.396138
52620.000000,33.578418,-117.064618,457.362098,33.578334,-117.064327,480.022865,-0.000403,-0.000384,0.000146,2.396634,2.396634,2.396634
52635.000000,33.578414,-117.064621,457.877123,33.578334,-117.064327,480.019932,-0.000403,-0.000384,0.000146,2.397128,2.397128,2.397128
52650.000000,33.578417,-117.064622,456.612829,33.578334,-117.064327,480.016380,-0.000403,-0.000383,0.000146,2.397621,2.397621,2.397621
52665.000000,33.578416,-117.064624,456.650884,33.578334,-117.064327,480.012803,-0.000404,-0.000383,0.000146,2.398113,2.398113,2.398113
52680.000000,33.578419,-117.064626,454.329817,33.578334,-117.064328,480.008177,-0.000404,-0.000382,0.000146,2.398607,2.398607,2.398607
52695.000000,33.578423,-117.064626,452.422842,33.578334,-117.064328,480.002615,-0.000404,-0.000381,0.000146,2.399101,2.399101,2.399101
52710.000000,33.578425,-117.064629,450.909453,33.578335,-117.064328,479.996328,-0.000404,-0.000381,0.000146,2.399595,2.399595,2.399595
52725.000000,33.578423,-117.064632,451.193894,33.578335,-117.064328,479.990128,-0.000404,-0.000380,0.000146,2.400087,2.400087,2.400087
52740.000000,33.578419,-117.064636,452.151674,33.578335,-117.064328,479.984276,-0.000404,-0.000380,0.000146,2.400574,2.400574,2.400574
52755.000000,33.578424,-117.064638,449.954251,33.578335,-117.064328,479.977499,-0.000405,-0.000379,0.000145,2.401067,2.401067,2.401067
52770.000000,33.578426,-117.064639,448.900092,33.578335,-117.064329,479.970097,-0.000405,-0.000379,0.000145,2.401555,2.401555,2.401555
52785.000000,33.578428,-117.064639,447.065604,33.578335,-117.064329,479.961786,-0.000405,-0.000378,0.000145,2.402042,2.402042,2.402042
52800.000000,33.578428,-117.064643,446.225955,33.578335,-117.064329,479.953140,-0.000405,-0.000377,0.000145,2.402532,2.402532,2.402532
52815.000000,33.578430,-117.064644,445.095552,33.578335,-117.064329,479.943914,-0.000405,-0.000377,0.000145,2.403020,2.403020,2.403020
52830.000000,33.578431,-117.064645,443.808812,33.578335,-117.064329,479.934119,-0.000405,-0.000376,0.000145,2.403511,2.403511,2.403511
52845.000000,33.578430,-117.064647,443.966357,33.578335,-117.064329,479.924230,-0.000405,-0.000375,0.000145,2.403995,2.403995,2.403995
52860.000000,33.578429,-117.064650,443.714078,33.578335,-117.064330,479.914218,-0.000406,-0.000375,0.000144,2.404480,2.404480,2.404480
52875.000000,33.578433,-117.064652,442.191238,33.578335,-117.064330,479.903428,-0.000406,-0.000374,0.000144,2.404963,2.404963,2.404963
52890.000000,33.578437,-117.064652,439.728818,33.578335,-117.064330,479.891429,-0.000406,-0.000373,0.000144,2.405446,2.405446,2.405446
52905.000000,33.578437,-117.064655,438.626789,33.578335,-117.064330,479.878774,-0.000406,-0.000373,0.000144,2.405925,2.405925,2.405925
52920.000000,33.578438,-117.064655,438.172337,33.578335,-117.064330,479.865783,-0.000406,-0.000372,0.000144,2.406401,2.406401,2.406401
52935.000000,33.578436,-117.064659,437.979632,33.578335,-117.064331,479.852643,-0.000406,-0.000371,0.000143,2.406875,2.406875,2.406875
52950.000000,33.578439,-117.064658,436.384343,33.578335,-117.064331,479.838667,-0.000406,-0.000370,0.000143,2.407348,2.407348,2.407348
52965.000000,33.578438,-117.064662,436.124575,33.578335,-117.064331,479.824546,-0.000406,-0.000370,0.000143,2.407820,2.407820,2.407820
52980.000000,33.578438,-117.064664,436.140025,33.578335,-117.064331,479.810223,-0.000407,-0.000369,0.000143,2.408287,2.408287,2.408287
52995.000000,33.578443,-117.064666,433.269021,33.578335,-117.064331,479.794627,-0.000407,-0.000368,0.000143,2.408757,2.408757,2.408757
53010.000000,33.578449,-117.064667,430.875769,33.578335,-117.064332,479.777895,-0.000407,-0.000367,0.000142,2.409229,2.409229,2.409229
53025.000000,33.578446,-117.064669,431.263167,33.578335,-117.064332,479.761364,-0.000407,-0.000366,0.000142,2.409701,2.409701,2.409701
53040.000000,33.578442,-117.064673,431.921231,33.578335,-117.064332,479.744936,-0.000407,-0.000366,0.000142,2.410167,2.410167,2.410167
53055.000000,33.578446,-117.064675,430.162974,33.578335,-117.064332,479.727611,-0.000407,-0.000365,0.000142,2.410632,2.410632,2.410632
53070.000000,33.578292,-117.064726,490.723536,33.578335,-117.064332,479.739948,-0.000408,-0.000365,0.000142,2.411177,2.411177,2.411177
53085.000000,33.578296,-117.064729,488.716857,33.578335,-117.064333,479.751431,-0.000408,-0.000365,0.000142,2.411718,2.411718,2.411718
53100.000000,33.578304,-117.064727,485.164361,33.578335,-117.064333,479.761350,-0.000409,-0.000364,0.000142,2.412260,2.412260,2.412260
53115.000000,33.578308,-117.064728,483.710814,33.578335,-117.064333,479.770638,-0.000409,-0.000364,0.000142,2.412799,2.412799,2.412799
53130.000000,33.578311,-117.064730,481.729414,33.578335,-117.064333,479.779044,-0.000409,-0.000364,0.000142,2.413341,2.413341,2.413341
53145.000000,33.578317,-117.064730,479.675909,33.578335,-117.064333,479.786549,-0.000410,-0.000364,0.000142,2.413877,2.413877,2.413877
53160.000000,33.578321,-117.064732,477.675759,33.578335,-117.064334,479.793176,-0.000410,-0.000364,0.000142,2.414419,2.414419,2.414419
53175.000000,33.578327,-117.064731,475.050267,33.578335,-117.064334,479.798644,-0.000411,-0.000363,0.000141,2.414958,2.414958,2.414958
53190.000000,33.578330,-117.064731,472.891651,33.578335,-117.064334,479.803176,-0.000411,-0.000363,0.000141,2.415500,2.415500,2.415500
53205.000000,33.578336,-117.064731,470.500016,33.578335,-117.064334,479.806648,-0.000411,-0.000363,0.000141,2.416040,2.416040,2.416040
53220.000000,33.578339,-117.064734,468.611148,33.578335,-117.064334,479.809302,-0.000412,-0.000362,0.000141,2.416581,2.416581,2.416581
53235.000000,33.578343,-117.064735,466.492466,33.578335,-117.064335,479.811029,-0.000412,-0.000362,0.000141,2.417123,2.417123,2.417123
53250.000000,33.578347,-117.064735,464.112686,33.578335,-117.064335,479.811675,-0.000413,-0.000362,0.000141,2.417661,2.417661,2.417661
53265.000000,33.578353,-117.064736,461.864187,33.578335,-117.064335,479.811329,-0.000413,-0.000361,0.000141,2.418199,2.418199,2.418199
53280.000000,33.578356,-117.064737,460.085553,33.578335,-117.064335,479.810208,-0.000413,-0.000361,0.000141,2.418737,2.418737,2.418737
53295.000000,33.578359,-117.064738,458.291043,33.578335,-117.064336,479.808308,-0.000413,-0.000360,0.000141,2.419276,2.419276,2.419276
53310.000000,33.578365,-117.064737,456.242128,33.578335,-117.064336,479.805489,-0.000414,-0.000360,0.000141,2.419814,2.419814,2.419814
53325.000000,33.578368,-117.064739,453.785816,33.578335,-117.064336,479.801623,-0.000414,-0.000359,0.000140,2.420353,2.420353,2.420353
53340.000000,33.578373,-117.064738,451.465645,33.578335,-117.064336,479.796689,-0.000414,-0.000359,0.000140,2.420889,2.420889,2.420889
53355.000000,33.578377,-117.064740,449.135384,33.578335,-117.064336,479.790777,-0.000415,-0.000358,0.000140,2.421428,2.421428,2.421428
53370.000000,33.578381,-117.064740,447.361571,33.578335,-117.064337,479.783933,-0.000415,-0.000358,0.000140,2.421960,2.421960,2.421960
53385.000000,33.578384,-117.064741,445.379027,33.578335,-117.064337,479.776193,-0.000415,-0.000357,0.000140,2.422492,2.422492,2.422492
53400.000000,33.578389,-117.064741,443.289652,33.578335,-117.064337,479.767509,-0.000415,-0.000357,0.000140,2.423023,2.423023,2.423023
53415.000000,33.578393,-117.064743,440.726899,33.578335,-117.064337,479.757645,-0.000416,-0.000356,0.000139,2.423553,2.423553,2.423553
53430.000000,33.578398,-117.064742,438.888975,33.578335,-117.064337,479.746914,-0.000416,-0.000355,0.000139,2.424081,2.424081,2.424081
53445.000000,33.578402,-117.064743,436.580878,33.578335,-117.064338,479.735213,-0.000416,-0.000355,0.000139,2.424610,2.424610,2.424610
53460.000000,33.578404,-117.064744,434.945899,33.578335,-117.064338,479.722566,-0.000416,-0.000354,0.000139,2.425134,2.425134,2.425134
53475.000000,33.578408,-117.064744,432.793146,33.578335,-117.064338,479.708917,-0.000416,-0.000353,0.000138,2.425656,2.425656,2.425656
53490.000000,33.578413,-117.064744,430.863210,33.578335,-117.064338,479.694334,-0.000417,-0.000352,0.000138,2.426177,2.426177,2.426177
53505.000000,33.578418,-117.064745,428.620064,33.578335,-117.064339,479.678637,-0.000417,-0.000352,0.000138,2.426695,2.426695,2.426695
53520.000000,33.578419,-117.064746,427.378016,33.578335,-117.064339,479.662243,-0.000417,-0.000351,0.000138,2.427210,2.427210,2.427210
53535.000000,33.578424,-117.064746,424.867903,33.578335,-117.064339,479.644614,-0.000417,-0.000350,0.000137,2.427722,2.427722,2.427722
53550.000000,33.578428,-117.064746,423.050803,33.578335,-117.064339,479.626118,-0.000417,-0.000349,0.000137,2.428234,2.428234,2.428234
53565.000000,33.578432,-117.064746,421.172130,33.578335,-117.064339,479.606730,-0.000417,-0.000348,0.000137,2.428745,2.428745,2.428745
53580.000000,33.578436,-117.064747,419.373441,33.578335,-117.064340,479.586310,-0.000417,-0.000347,0.000136,2.429251,2.429251,2.429251
53595.000000,33.578439,-117.064748,417.556658,33.578335,-117.064340,479.565201,-0.000417,-0.000346,0.000136,2.429760,2.429760,2.429760
53610.000000,33.578441,-117.064748,416.192485,33.578335,-117.064340,479.543440,-0.000418,-0.000345,0.000136,2.430269,2.430269,2.430269
53625.000000,33.578443,-117.064747,414.498592,33.578335,-117.064340,479.520769,-0.000418,-0.000345,0.000135,2.430775,2.430775,2.430775
53640.000000,33.578446,-117.064748,412.593629,33.578335,-117.064341,479.497174,-0.000418,-0.000344,0.000135,2.431280,2.431280,2.431280
53655.000000,33.578450,-117.064748,410.908575,33.578335,-117.064341,479.472654,-0.000418,-0.000343,0.000135,2.431782,2.431782,2.431782
53670.000000,33.578452,-117.064750,409.711656,33.578335,-117.064341,479.447585,-0.000418,-0.000341,0.000134,2.432284,2.432284,2.432284
53685.000000,33.578456,-117.064749,408.206358,33.578335,-117.064341,479.421395,-0.000418,-0.000340,0.000134,2.432779,2.432779,2.432779
53700.000000,33.578458,-117.064750,406.076271,33.578335,-117.064341,479.394373,-0.000418,-0.000339,0.000133,2.433276,2.433276,2.433276
53715.000000,33.578461,-117.064750,404.996233,33.578335,-117.064342,479.366510,-0.000418,-0.000338,0.000133,2.433768,2.433768,2.433768
53730.000000,33.578466,-117.064750,402.744420,33.578335,-117.064342,479.337582,-0.000418,-0.000337,0.000133,2.434259,2.434259,2.434259
53745.000000,33.578467,-117.064750,401.554090,33.578335,-117.064342,479.307624,-0.000418,-0.000336,0.000132,2.434743,2.434743,2.434743
53760.000000,33.578468,-117.064750,400.282783,33.578335,-117.064342,479.276978,-0.000418,-0.000335,0.000132,2.435226,2.435226,2.435226
53775.000000,33.578471,-117.064750,398.911427,33.578335,-117.064343,479.245398,-0.000418,-0.000334,0.000131,2.435704,2.435704,2.435704
53790.000000,33.578475,-117.064750,396.708091,33.578335,-117.064343,479.212612,-0.000418,-0.000332,0.000131,2.436179,2.436179,2.436179
53805.000000,33.578476,-117.064751,395.952057,33.578335,-117.064343,479.179229,-0.000418,-0.000331,0.000130,2.436652,2.436652,2.436652
53820.000000,33.578479,-117.064753,394.055533,33.578335,-117.064343,479.144940,-0.000418,-0.000330,0.000130,2.437124,2.437124,2.437124
53835.000000,33.578480,-117.064752,393.078822,33.578335,-117.064343,479.109784,-0.000418,-0.000329,0.000129,2.437590,2.437590,2.437590
53850.000000,33.578484,-117.064754,391.801549,33.578336,-117.064344,479.073962,-0.000418,-0.000327,0.000129,2.438056,2.438056,2.438056
53865.000000,33.578485,-117.064756,390.637793,33.578336,-117.064344,479.037379,-0.000418,-0.000326,0.000128,2.438519,2.438519,2.438519
53880.000000,33.578486,-117.064753,390.035505,33.578336,-117.064344,479.000012,-0.000418,-0.000325,0.000128,2.438975,2.438975,2.438975
53895.000000,33.578488,-117.064755,388.676250,33.578336,-117.064344,478.962076,-0.000418,-0.000323,0.000127,2.439432,2.439432,2.439432
53910.000000,33.578490,-117.064753,387.554937,33.578336,-117.064345,478.922990,-0.000418,-0.000322,0.000127,2.439881,2.439881,2.439881
53925.000000,33.578491,-117.064755,386.373346,33.578336,-117.064345,478.883398,-0.000417,-0.000321,0.000126,2.440331,2.440331,2.440331
53940.000000,33.578495,-117.064752,385.138970,33.578336,-117.064345,478.842639,-0.000417,-0.000319,0.000126,2.440774,2.440774,2.440774
53955.000000,33.578495,-117.064755,383.903718,33.578336,-117.064345,478.801136,-0.000417,-0.000318,0.000125,2.441215,2.441215,2.441215
53970.000000,33.578497,-117.064754,383.163475,33.578336,-117.064346,478.758811,-0.000417,-0.000316,0.000125,2.441650,2.441650,2.441650
53985.000000,33.578499,-117.064754,381.533825,33.578336,-117.064346,478.715506,-0.000417,-0.000315,0.000124,2.442083,2.442083,2.442083
54000.000000,33.578498,-117.064758,383.394361,33.578336,-117.064346,478.672838,-0.000417,-0.000313,0.000123,2.442511,2.442511,2.442511
54015.000000,33.578501,-117.064755,382.331302,33.578336,-117.064346,478.629030,-0.000417,-0.000312,0.000123,2.442932,2.442932,2.442932
54030.000000,33.578501,-117.064756,381.045091,33.578336,-117.064347,478.584619,-0.000417,-0.000310,0.000122,2.443354,2.443354,2.443354
54045.000000,33.578504,-117.064756,380.134287,33.578336,-117.064347,478.539288,-0.000417,-0.000309,0.000122,2.443770,2.443770,2.443770
54060.000000,33.578505,-117.064756,378.990551,33.578336,-117.064347,478.492870,-0.000416,-0.000307,0.000121,2.444179,2.444179,2.444179
54075.000000,33.578509,-117.064756,377.655570,33.578336,-117.064347,478.445964,-0.000416,-0.000306,0.000120,2.444591,2.444591,2.444591
54090.000000,33.578509,-117.064756,376.978900,33.578337,-117.064348,478.398030,-0.000416,-0.000304,0.000120,2.444995,2.444995,2.444995
54105.000000,33.578509,-117.064755,376.485067,33.578337,-117.064348,478.349801,-0.000416,-0.000303,0.000119,2.445398,2.445398,2.445398
54120.000000,33.578510,-117.064755,376.027736,33.578337,-117.064348,478.300587,-0.000416,-0.000301,0.000119,2.445792,2.445792,2.445792
54135.000000,33.578511,-117.064755,375.056572,33.578337,-117.064348,478.250553,-0.000416,-0.000299,0.000118,2.446183,2.446183,2.446183
54150.000000,33.578513,-117.064754,374.406510,33.578337,-117.064349,478.199811,-0.000415,-0.000298,0.000117,2.446569,2.446569,2.446569
54165.000000,33.578512,-117.064756,373.289013,33.578337,-117.064349,478.148496,-0.000415,-0.000296,0.000117,2.446955,2.446955,2.446955
54180.000000,33.578515,-117.064754,372.703856,33.578337,-117.064349,478.095737,-0.000415,-0.000294,0.000116,2.447327,2.447327,2.447327
54195.000000,33.578517,-117.064757,371.458466,33.578337,-117.064350,478.042377,-0.000415,-0.000293,0.000115,2.447701,2.447701,2.447701
54210.000000,33.578517,-117.064757,370.691785,33.578337,-117.064350,477.988336,-0.000415,-0.000291,0.000115,2.448072,2.448072,2.448072
54225.000000,33.578519,-117.064756,370.556619,33.578337,-117.064350,477.933285,-0.000415,-0.000289,0.000114,2.448431,2.448431,2.448431
54240.000000,33.578517,-117.064757,369.410121,33.578337,-117.064350,477.877697,-0.000414,-0.000287,0.000113,2.448792,2.448792,2.448792
54255.000000,33.578521,-117.064754,369.196653,33.578337,-117.064351,477.821014,-0.000414,-0.000285,0.000112,2.449141,2.449141,2.449141
54270.000000,33.578520,-117.064757,367.997028,33.578337,-117.064351,477.763894,-0.000414,-0.000284,0.000112,2.449493,2.449493,2.449493
54285.000000,33.578520,-117.064756,368.153745,33.578338,-117.064351,477.706153,-0.000414,-0.000282,0.000111,2.449836,2.449836,2.449836
54300.000000,33.578521,-117.064756,367.031930,33.578338,-117.064351,477.647683,-0.000413,-0.000280,0.000110,2.450179,2.450179,2.450179
54315.000000,33.578520,-117.064756,366.692569,33.578338,-117.064352,477.588433,-0.000413,-0.000278,0.000109,2.450514,2.450514,2.450514
54330.000000,33.578523,-117.064754,366.817372,33.578338,-117.064352,477.528549,-0.000413,-0.000276,0.000109,2.450842,2.450842,2.450842
54345.000000,33.578521,-117.064755,365.665648,33.578338,-117.064352,477.467955,-0.000413,-0.000274,0.000108,2.451168,2.451168,2.451168
54360.000000,33.578524,-117.064754,365.395743,33.578338,-117.064353,477.406633,-0.000412,-0.000272,0.000107,2.451489,2.451489,2.451489
54375.000000,33.578522,-117.064756,364.742437,33.578338,-117.064353,477.345132,-0.000412,-0.000270,0.000106,2.451811,2.451811,2.451811
54390.000000,33.578525,-117.064755,363.795904,33.578338,-117.064353,477.282535,-0.000412,-0.000269,0.000105,2.452127,2.452127,2.452127
54405.000000,33.578523,-117.064755,364.451033,33.578338,-117.064353,477.219750,-0.000412,-0.000267,0.000105,2.452437,2.452437,2.452437
54420.000000,33.578523,-117.064754,363.364646,33.578338,-117.064354,477.156155,-0.000411,-0.000265,0.000104,2.452744,2.452744,2.452744
54435.000000,33.578524,-117.064752,363.574391,33.578338,-117.064354,477.091738,-0.000411,-0.000263,0.000103,2.453041,2.453041,2.453041
54450.000000,33.578523,-117.064752,363.413555,33.578339,-117.064354,477.026392,-0.000411,-0.000261,0.000102,2.453329,2.453329,2.453329
54465.000000,33.578524,-117.064754,362.567707,33.578339,-117.064355,476.960343,-0.000411,-0.000259,0.000101,2.453614,2.453614,2.453614
54480.000000,33.578526,-117.064752,362.315082,33.578339,-117.064355,476.893239,-0.000410,-0.000257,0.000101,2.453889,2.453889,2.453889
54495.000000,33.578524,-117.064754,361.934925,33.578339,-117.064355,476.825886,-0.000410,-0.000254,0.000100,2.454164,2.454164,2.454164
54510.000000,33.578525,-117.064752,361.909186,33.578339,-117.064355,476.757650,-0.000410,-0.000252,0.000099,2.454429,2.454429,2.454429
54525.000000,33.578525,-117.064751,361.126672,33.578339,-117.064356,476.688708,-0.000409,-0.000250,0.000098,2.454692,2.454692,2.454692
54540.000000,33.578526,-117.064753,360.211887,33.578339,-117.064356,476.619009,-0.000409,-0.000248,0.000097,2.454952,2.454952,2.454952
54555.000000,33.578525,-117.064753,360.817887,33.578339,-117.064356,476.549061,-0.000409,-0.000246,0.000096,2.455205,2.455205,2.455205
54570.000000,33.578525,-117.064752,359.917029,33.578339,-117.064357,476.478236,-0.000408,-0.000244,0.000095,2.455455,2.455455,2.455455
54585.000000,33.578524,-117.064753,359.794976,33.578339,-117.064357,476.407110,-0.000408,-0.000242,0.000094,2.455702,2.455702,2.455702
54600.000000,33.578523,-117.064753,359.903656,33.578340,-117.064357,476.335374,-0.000408,-0.000240,0.000094,2.455941,2.455941,2.455941
54615.000000,33.578521,-117.064753,360.437881,33.578340,-117.064358,476.263537,-0.000408,-0.000237,0.000093,2.456175,2.456175,2.456175
54630.000000,33.578259,-117.064493,450.557607,33.578340,-117.064358,476.257176,-0.000408,-0.000237,0.000092,2.456654,2.456654,2.456654
54645.000000,33.578261,-117.064490,449.788166,33.578340,-117.064358,476.250407,-0.000408,-0.000237,0.000092,2.457130,2.457130,2.457130
54660.000000,33.578260,-117.064488,448.926435,33.578340,-117.064358,476.243295,-0.000408,-0.000237,0.000092,2.457610,2.457610,2.457610
54675.000000,33.578260,-117.064487,448.304043,33.578339,-117.064358,476.235777,-0.000408,-0.000236,0.000091,2.458084,2.458084,2.458084
54690.000000,33.578264,-117.064483,447.196121,33.578339,-117.064358,476.227620,-0.000408,-0.000236,0.000091,2.458553,2.458553,2.458553
54705.000000,33.578261,-117.064484,446.332393,33.578339,-117.064358,476.219134,-0.000408,-0.000236,0.000091,2.459025,2.459025,2.459025
54720.000000,33.578264,-117.064482,445.558290,33.578339,-117.064358,476.210164,-0.000408,-0.000235,0.000090,2.459493,2.459493,2.459493
54735.000000,33.578263,-117.064479,445.045959,33.578339,-117.064358,476.201066,-0.000408,-0.000235,0.000090,2.459964,2.459964,2.459964
54750.000000,33.578263,-117.064479,444.004317,33.578339,-117.064358,476.191257,-0.000408,-0.000235,0.000090,2.460428,2.460428,2.460428
54765.000000,33.578263,-117.064475,443.843484,33.578339,-117.064359,476.181352,-0.000408,-0.000234,0.000089,2.460891,2.460891,2.460891
54780.000000,33.578265,-117.064473,442.685338,33.578339,-117.064359,476.170756,-0.000408,-0.000234,0.000089,2.461348,2.461348,2.461348
54795.000000,33.578263,-117.064474,442.216809,33.578339,-117.064359,476.159867,-0.000408,-0.000234,0.000089,2.461803,2.461803,2.461803
54810.000000,33.578266,-117.064470,441.308363,33.578339,-117.064359,476.148382,-0.000408,-0.000233,0.000088,2.462253,2.462253,2.462253
54825.000000,33.578261,-117.064468,440.850850,33.578339,-117.064359,476.136939,-0.000408,-0.000233,0.000088,2.462711,2.462711,2.462711
54840.000000,33.578264,-117.064467,440.770141,33.578339,-117.064359,476.125130,-0.000408,-0.000232,0.000088,2.463158,2.463158,2.463158
54855.000000,33.578264,-117.064465,439.562185,33.578339,-117.064359,476.112797,-0.000408,-0.000232,0.000087,2.463607,2.463607,2.463607
54870.000000,33.578262,-117.064464,438.791282,33.578339,-117.064359,476.100283,-0.000408,-0.000232,0.000087,2.464063,2.464063,2.464063
54885.000000,33.578264,-117.064464,438.911004,33.578339,-117.064359,476.087491,-0.000407,-0.000231,0.000086,2.464507,2.464507,2.464507
54900.000000,33.578260,-117.064461,437.672090,33.578339,-117.064359,476.074348,-0.000407,-0.000231,0.000086,2.464960,2.464960,2.464960
54915.000000,33.578263,-117.064460,436.517962,33.578339,-117.064360,476.060398,-0.000407,-0.000231,0.000086,2.465405,2.465405,2.465405
54930.000000,33.578265,-117.064459,436.168274,33.578339,-117.064360,476.046058,-0.000407,-0.000230,0.000085,2.465842,2.465842,2.465842
54945.000000,33.578266,-117.064456,435.309808,33.578338,-117.064360,476.031287,-0.000407,-0.000230,0.000085,2.466280,2.466280,2.466280
54960.000000,33.578262,-117.064458,434.146036,33.578338,-117.064360,476.016024,-0.000407,-0.000229,0.000084,2.466720,2.466720,2.466720
54975.000000,33.578267,-117.064455,434.269661,33.578338,-117.064360,476.000414,-0.000407,-0.000229,0.000084,2.467148,2.467148,2.467148
54990.000000,33.578263,-117.064453,433.253075,33.578338,-117.064360,475.984483,-0.000407,-0.000228,0.000084,2.467581,2.467581,2.467581
55005.000000,33.578263,-117.064452,432.621558,33.578338,-117.064360,475.968149,-0.000407,-0.000228,0.000083,2.468011,2.468011,2.468011
55020.000000,33.578267,-117.064447,432.729477,33.578338,-117.064360,475.951606,-0.000407,-0.000227,0.000083,2.468434,2.468434,2.468434
55035.000000,33.578262,-117.064449,431.902672,33.578338,-117.064360,475.934820,-0.000407,-0.000227,0.000082,2.468861,2.468861,2.468861
55050.000000,33.578262,-117.064445,431.443905,33.578338,-117.064360,475.917722,-0.000407,-0.000226,0.000082,2.469286,2.469286,2.469286
55065.000000,33.578265,-117.064446,430.634543,33.578338,-117.064360,475.900086,-0.000406,-0.000226,0.000081,2.469708,2.469708,2.469708
55080.000000,33.578262,-117.064444,430.634997,33.578338,-117.064360,475.882244,-0.000406,-0.000226,0.000081,2.470123,2.470123,2.470123
55095.000000,33.578259,-117.064444,429.306152,33.578338,-117.064361,475.863989,-0.000406,-0.000225,0.000080,2.470546,2.470546,2.470546
55110.000000,33.578267,-117.064439,429.197820,33.578338,-117.064361,475.845064,-0.000406,-0.000225,0.000080,2.470952,2.470952,2.470952
55125.000000,33.578260,-117.064438,428.448049,33.578338,-117.064361,475.826015,-0.000406,-0.000224,0.000079,2.471365,2.471365,2.471365
55140.000000,33.578260,-117.064436,427.337507,33.578338,-117.064361,475.806620,-0.000406,-0.000223,0.000079,2.471783,2.471783,2.471783
55155.000000,33.578262,-117.064436,427.968160,33.578338,-117.064361,475.787002,-0.000406,-0.000223,0.000078,2.472187,2.472187,2.472187
55170.000000,33.578262,-117.064435,426.984138,33.578338,-117.064361,475.766836,-0.000405,-0.000222,0.000078,2.472590,2.472590,2.472590
55185.000000,33.578260,-117.064436,426.026523,33.578338,-117.064361,475.745925,-0.000405,-0.000222,0.000077,2.472987,2.472987,2.472987
55200.000000,33.578262,-117.064433,426.359252,33.578337,-117.064361,475.725158,-0.000405,-0.000221,0.000077,2.473382,2.473382,2.473382
55215.000000,33.578263,-117.064429,425.597013,33.578337,-117.064361,475.703848,-0.000405,-0.000221,0.000076,2.473774,2.473774,2.473774
55230.000000,33.578260,-117.064431,424.677279,33.578337,-117.064361,475.682262,-0.000405,-0.000220,0.000076,2.474171,2.474171,2.474171
55245.000000,33.578264,-117.064428,424.449886,33.578337,-117.064361,475.659967,-0.000405,-0.000220,0.000075,2.474553,2.474553,2.474553
55260.000000,33.578261,-117.064424,424.140319,33.578337,-117.064361,475.637748,-0.000404,-0.000219,0.000075,2.474941,2.474941,2.474941
55275.000000,33.578258,-117.064424,423.045228,33.578337,-117.064362,475.615121,-0.000404,-0.000219,0.000074,2.475333,2.475333,2.475333
55290.000000,33.578261,-117.064422,422.486264,33.578337,-117.064362,475.591976,-0.000404,-0.000218,0.000074,2.475720,2.475720,2.475720
55305.000000,33.578263,-117.064422,422.899046,33.578337,-117.064362,475.568512,-0.000404,-0.000217,0.000073,2.476093,2.476093,2.476093
55320.000000,33.578258,-117.064424,421.915536,33.578337,-117.064362,475.544675,-0.000404,-0.000217,0.000072,2.476470,2.476470,2.476470
55335.000000,33.578260,-117.064421,422.070345,33.578337,-117.064362,475.520566,-0.000403,-0.000216,0.000072,2.476839,2.476839,2.476839
55350.000000,33.578261,-117.064416,422.122462,33.578337,-117.064362,475.496511,-0.000403,-0.000216,0.000071,2.477208,2.477208,2.477208
55365.000000,33.578260,-117.064415,421.364217,33.578337,-117.064362,475.471954,-0.000403,-0.000215,0.000071,2.477574,2.477574,2.477574
55380.000000,33.578256,-117.064415,420.294578,33.578337,-117.064362,475.447067,-0.000403,-0.000215,0.000070,2.477946,2.477946,2.477946
55395.000000,33.578259,-117.064415,420.255171,33.578337,-117.064362,475.421763,-0.000403,-0.000214,0.000070,2.478309,2.478309,2.478309
55410.000000,33.578258,-117.064409,420.091498,33.578337,-117.064362,475.396436,-0.000402,-0.000213,0.000069,2.478673,2.478673,2.478673
55425.000000,33.578252,-117.064413,418.849279,33.578337,-117.064362,475.370650,-0.000402,-0.000213,0.000068,2.479042,2.479042,2.479042
55440.000000,33.578258,-117.064408,418.920958,33.578336,-117.064362,475.344125,-0.000402,-0.000212,0.000068,2.479394,2.479394,2.479394
55455.000000,33.578256,-117.064406,419.384119,33.578336,-117.064362,475.318030,-0.000402,-0.000211,0.000067,2.479749,2.479749,2.479749
55470.000000,33.578258,-117.064404,418.646303,33.578336,-117.064362,475.291254,-0.000401,-0.000211,0.000067,2.480098,2.480098,2.480098
55485.000000,33.578251,-117.064405,417.716303,33.578336,-117.064363,475.264170,-0.000401,-0.000210,0.000066,2.480451,2.480451,2.480451
55500.000000,33.578256,-117.064403,417.628858,33.578336,-117.064363,475.236619,-0.000401,-0.000210,0.000065,2.480795,2.480795,2.480795
55515.000000,33.578257,-117.064403,417.460413,33.578336,-117.064363,475.208475,-0.000401,-0.000209,0.000065,2.481128,2.481128,2.481128
55530.000000,33.578251,-117.064400,417.176203,33.578336,-117.064363,475.180496,-0.000400,-0.000208,0.000064,2.481467,2.481467,2.481467
55545.000000,33.578253,-117.064400,417.088409,33.578336,-117.064363,475.152022,-0.000400,-0.000208,0.000063,2.481797,2.481797,2.481797
55560.000000,33.578255,-117.064399,417.476387,33.578336,-117.064363,475.123269,-0.000400,-0.000207,0.000063,2.482115,2.482115,2.482115
55575.000000,33.578255,-117.064396,416.599190,33.578336,-117.064363,475.094143,-0.000400,-0.000206,0.000062,2.482437,2.482437,2.482437
55590.000000,33.578252,-117.064398,415.756475,33.578336,-117.064363,475.064282,-0.000399,-0.000206,0.000061,2.482753,2.482753,2.482753
55605.000000,33.578253,-117.064396,415.802996,33.578336,-117.064363,475.034225,-0.000399,-0.000205,0.000061,2.483063,2.483063,2.483063
55620.000000,33.578254,-117.064395,415.384693,33.578336,-117.064363,475.003811,-0.000399,-0.000204,0.000060,2.483372,2.483372,2.483372
55635.000000,33.578251,-117.064395,414.746188,33.578336,-117.064363,474.973028,-0.000398,-0.000204,0.000059,2.483680,2.483680,2.483680
55650.000000,33.578253,-117.064391,414.156727,33.578336,-117.064363,474.941789,-0.000398,-0.000203,0.000059,2.483985,2.483985,2.483985
55665.000000,33.578253,-117.064393,414.504503,33.578335,-117.064363,474.910307,-0.000398,-0.000202,0.000058,2.484281,2.484281,2.484281
55680.000000,33.578254,-117.064392,413.710166,33.578335,-117.064363,474.878003,-0.000397,-0.000201,0.000057,2.484570,2.484570,2.484570
55695.000000,33.578253,-117.064393,413.330637,33.578335,-117.064363,474.845422,-0.000397,-0.000201,0.000057,2.484857,2.484857,2.484857
55710.000000,33.578249,-117.064390,412.771051,33.578335,-117.064363,474.812657,-0.000397,-0.000200,0.000056,2.485148,2.485148,2.485148
55725.000000,33.578251,-117.064388,412.952970,33.578335,-117.064364,474.779480,-0.000396,-0.000199,0.000055,2.485427,2.485427,2.485427
55740.000000,33.578251,-117.064387,413.294639,33.578335,-117.064364,474.746352,-0.000396,-0.000199,0.000054,2.485703,2.485703,2.485703
55755.000000,33.578251,-117.064384,412.112045,33.578335,-117.064364,474.712437,-0.000396,-0.000198,0.000054,2.485977,2.485977,2.485977
55770.000000,33.578250,-117.064383,412.953680,33.578335,-117.064364,474.678672,-0.000395,-0.000197,0.000053,2.486243,2.486243,2.486243
55785.000000,33.578250,-117.064384,411.675254,33.578335,-117.064364,474.644227,-0.000395,-0.000196,0.000052,2.486512,2.486512,2.486512
55800.000000,33.578251,-117.064383,411.921297,33.578335,-117.064364,474.609184,-0.000395,-0.000196,0.000051,2.486765,2.486765,2.486765
55815.000000,33.578247,-117.064382,410.865308,33.578335,-117.064364,474.573858,-0.000394,-0.000195,0.000051,2.487025,2.487025,2.487025
55830.000000,33.578246,-117.064382,411.408866,33.578335,-117.064364,474.538854,-0.000394,-0.000194,0.000050,2.487284,2.487284,2.487284
55845.000000,33.578249,-117.064379,411.564413,33.578335,-117.064364,474.503273,-0.000394,-0.000193,0.000049,2.487530,2.487530,2.487530
55860.000000,33.578243,-117.064379,411.066784,33.578334,-117.064364,474.467857,-0.000393,-0.000192,0.000048,2.487785,2.487785,2.487785
55875.000000,33.578246,-117.064377,410.589419,33.578334,-117.064364,474.431783,-0.000393,-0.000192,0.000048,2.488032,2.488032,2.488032
55890.000000,33.578247,-117.064376,411.110027,33.578334,-117.064364,474.395395,-0.000393,-0.000191,0.000047,2.488267,2.488267,2.488267
55905.000000,33.578245,-117.064375,410.388538,33.578334,-117.064364,474.358753,-0.000392,-0.000190,0.000046,2.488505,2.488505,2.488505
55920.000000,33.578243,-117.064376,410.669452,33.578334,-117.064364,474.321993,-0.000392,-0.000189,0.000045,2.488737,2.488737,2.488737
55935.000000,33.578245,-117.064372,410.366428,33.578334,-117.064364,474.284497,-0.000391,-0.000189,0.000044,2.488957,2.488957,2.488957
55950.000000,33.578239,-117.064375,410.211833,33.578334,-117.064364,474.247613,-0.000391,-0.000188,0.000044,2.489192,2.489192,2.489192
55965.000000,33.578241,-117.064370,410.238841,33.578334,-117.064364,474.210094,-0.000391,-0.000187,0.000043,2.489413,2.489413,2.489413
55980.000000,33.578241,-117.064369,410.267600,33.578334,-117.064364,474.172247,-0.000390,-0.000186,0.000042,2.489627,2.489627,2.489627
55995.000000,33.578237,-117.064370,409.287249,33.578334,-117.064364,474.134080,-0.000390,-0.000185,0.000041,2.489847,2.489847,2.489847
56010.000000,33.578241,-117.064369,409.883298,33.578334,-117.064364,474.095291,-0.000389,-0.000185,0.000040,2.490047,2.490047,2.490047
56025.000000,33.578240,-117.064367,409.432978,33.578334,-117.064365,474.056251,-0.000389,-0.000184,0.000039,2.490247,2.490247,2.490247
56040.000000,33.578237,-117.064367,409.240599,33.578334,-117.064365,474.017020,-0.000389,-0.000183,0.000039,2.490446,2.490446,2.490446
56055.000000,33.578239,-117.064366,408.812079,33.578333,-117.064365,473.976802,-0.000388,-0.000182,0.000038,2.490631,2.490631,2.490631
56070.000000,33.578239,-117.064364,408.037194,33.578333,-117.064365,473.936029,-0.000388,-0.000181,0.000037,2.490815,2.490815,2.490815
56085.000000,33.578236,-117.064365,408.241667,33.578333,-117.064365,473.895490,-0.000387,-0.000181,0.000036,2.491001,2.491001,2.491001
56100.000000,33.578238,-117.064363,408.079588,33.578333,-117.064365,473.854224,-0.000387,-0.000180,0.000035,2.491174,2.491174,2.491174
56115.000000,33.578239,-117.064363,408.748510,33.578333,-117.064365,473.812847,-0.000386,-0.000179,0.000034,2.491336,2.491336,2.491336
56130.000000,33.578240,-117.064358,408.474534,33.578333,-117.064365,473.771349,-0.000386,-0.000178,0.000033,2.491498,2.491498,2.491498
56145.000000,33.578303,-117.064351,419.698893,33.578333,-117.064365,473.743128,-0.000386,-0.000177,0.000033,2.491785,2.491785,2.491785
56160.000000,33.578303,-117.064351,419.340732,33.578333,-117.064365,473.714525,-0.000385,-0.000177,0.000032,2.492067,2.492067,2.492067
56175.000000,33.578300,-117.064353,419.236970,33.578333,-117.064365,473.685526,-0.000385,-0.000176,0.000032,2.492341,2.492341,2.492341
56190.000000,33.578300,-117.064350,419.080475,33.578333,-117.064365,473.656289,-0.000385,-0.000175,0.000031,2.492611,2.492611,2.492611
56205.000000,33.578299,-117.064348,418.454463,33.578333,-117.064365,473.626803,-0.000384,-0.000175,0.000031,2.492884,2.492884,2.492884
56220.000000,33.578296,-117.064348,418.287007,33.578333,-117.064365,473.596930,-0.000384,-0.000174,0.000030,2.493150,2.493150,2.493150
56235.000000,33.578297,-117.064346,418.172238,33.578333,-117.064365,473.566790,-0.000384,-0.000173,0.000029,2.493412,2.493412,2.493412
56250.000000,33.578297,-117.064346,417.403060,33.578333,-117.064365,473.536023,-0.000383,-0.000173,0.000029,2.493670,2.493670,2.493670
56265.000000,33.578295,-117.064347,417.558623,33.578333,-117.064365,473.504998,-0.000383,-0.000172,0.000028,2.493919,2.493919,2.493919
56280.000000,33.578295,-117.064343,417.093150,33.578333,-117.064365,473.473836,-0.000382,-0.000171,0.000028,2.494172,2.494172,2.494172
56295.000000,33.578292,-117.064345,417.442552,33.578333,-117.064365,473.442510,-0.000382,-0.000171,0.000027,2.494416,2.494416,2.494416
56310.000000,33.578290,-117.064345,417.301385,33.578332,-117.064365,473.410974,-0.000382,-0.000170,0.000026,2.494656,2.494656,2.494656
56325.000000,33.578289,-117.064344,417.433358,33.578332,-117.064365,473.379400,-0.000381,-0.000169,0.000026,2.494894,2.494894,2.494894
56340.000000,33.578286,-117.064344,417.016458,33.578332,-117.064365,473.347510,-0.000381,-0.000169,0.000025,2.495130,2.495130,2.495130
56355.000000,33.578285,-117.064344,416.908163,33.578332,-117.064365,473.315400,-0.000380,-0.000168,0.000025,2.495362,2.495362,2.495362
56370.000000,33.578286,-117.064342,416.531240,33.578332,-117.064365,473.282680,-0.000380,-0.000167,0.000024,2.495586,2.495586,2.495586
56385.000000,33.578281,-117.064340,416.412550,33.578332,-117.064365,473.250223,-0.000380,-0.000167,0.000023,2.495817,2.495817,2.495817
56400.000000,33.578279,-117.064340,416.252998,33.578332,-117.064365,473.217355,-0.000379,-0.000166,0.000023,2.496040,2.496040,2.496040
56415.000000,33.578281,-117.064338,416.384014,33.578332,-117.064365,473.184210,-0.000379,-0.000165,0.000022,2.496256,2.496256,2.496256
56430.000000,33.578277,-117.064336,416.177746,33.578332,-117.064365,473.151145,-0.000378,-0.000165,0.000021,2.496475,2.496475,2.496475
56445.000000,33.578276,-117.064337,415.508713,33.578332,-117.064365,473.117608,-0.000378,-0.000164,0.000021,2.496694,2.496694,2.496694
56460.000000,33.578278,-117.064336,415.974199,33.578332,-117.064365,473.083574,-0.000378,-0.000163,0.000020,2.496894,2.496894,2.496894
56475.000000,33.578277,-117.064335,416.130921,33.578332,-117.064365,473.049343,-0.000377,-0.000162,0.000019,2.497087,2.497087,2.497087
56490.000000,33.578267,-117.064337,415.001239,33.578332,-117.064365,473.015218,-0.000377,-0.000162,0.000019,2.497299,2.497299,2.497299
56505.000000,33.578274,-117.064335,415.537796,33.578332,-117.064366,472.980426,-0.000376,-0.000161,0.000018,2.497488,2.497488,2.497488
56520.000000,33.578274,-117.064334,415.200496,33.578332,-117.064366,472.945137,-0.000376,-0.000160,0.000017,2.497671,2.497671,2.497671
56535.000000,33.578267,-117.064335,414.725669,33.578332,-117.064366,472.909704,-0.000376,-0.000160,0.000016,2.497857,2.497857,2.497857
56550.000000,33.578271,-117.064333,414.706101,33.578332,-117.064366,472.873687,-0.000375,-0.000159,0.000016,2.498030,2.498030,2.498030
56565.000000,33.578272,-117.064333,415.375399,33.578331,-117.064366,472.837531,-0.000375,-0.000158,0.000015,2.498190,2.498190,2.498190
56580.000000,33.578267,-117.064335,414.785279,33.578331,-117.064366,472.801037,-0.000374,-0.000157,0.000014,2.498351,2.498351,2.498351
56595.000000,33.578262,-117.064333,413.464879,33.578331,-117.064366,472.764332,-0.000374,-0.000157,0.000014,2.498526,2.498526,2.498526
56610.000000,33.578270,-117.064329,414.490688,33.578331,-117.064366,472.727225,-0.000373,-0.000156,0.000013,2.498678,2.498678,2.498678
56625.000000,33.578266,-117.064330,414.788120,33.578331,-117.064366,472.690247,-0.000373,-0.000155,0.000012,2.498827,2.498827,2.498827
56640.000000,33.578255,-117.064333,413.072293,33.578331,-117.064366,472.652857,-0.000372,-0.000154,0.000011,2.498992,2.498992,2.498992
56655.000000,33.578260,-117.064331,413.696782,33.578331,-117.064366,472.614900,-0.000372,-0.000154,0.000011,2.499135,2.499135,2.499135
56670.000000,33.578262,-117.064330,414.145310,33.578331,-117.064366,472.576658,-0.000371,-0.000153,0.000010,2.499266,2.499266,2.499266
56685.000000,33.578257,-117.064332,413.810943,33.578331,-117.064366,472.538343,-0.000371,-0.000152,0.000009,2.499399,2.499399,2.499399
56700.000000,33.578253,-117.064331,412.558862,33.578331,-117.064366,472.499253,-0.000371,-0.000151,0.000008,2.499534,2.499534,2.499534
56715.000000,33.578259,-117.064331,413.961987,33.578331,-117.064366,472.460014,-0.000370,-0.000151,0.000007,2.499644,2.499644,2.499644
56730.000000,33.578257,-117.064329,414.269059,33.578331,-117.064366,472.421045,-0.000370,-0.000150,0.000007,2.499755,2.499755,2.499755
56745.000000,33.578248,-117.064330,412.755027,33.578331,-117.064366,472.381919,-0.000369,-0.000149,0.000006,2.499885,2.499885,2.499885
56760.000000,33.578251,-117.064325,412.571192,33.578331,-117.064366,472.342156,-0.000369,-0.000148,0.000005,2.500004,2.500004,2.500004
56775.000000,33.578255,-117.064324,413.406786,33.578330,-117.064366,472.301761,-0.000368,-0.000148,0.000004,2.500096,2.500096,2.500096
56790.000000,33.578249,-117.064325,413.605451,33.578330,-117.064366,472.261661,-0.000368,-0.000147,0.000003,2.500191,2.500191,2.500191
56805.000000,33.578244,-117.064324,412.643017,33.578330,-117.064366,472.221108,-0.000367,-0.000146,0.000003,2.500290,2.500290,2.500290
56820.000000,33.578248,-117.064320,412.457429,33.578330,-117.064366,472.180140,-0.000367,-0.000145,0.000002,2.500384,2.500384,2.500384
56835.000000,33.578249,-117.064319,413.054971,33.578330,-117.064366,472.139235,-0.000366,-0.000144,0.000001,2.500468,2.500468,2.500468
56850.000000,33.578242,-117.064322,413.281425,33.578330,-117.064366,472.098568,-0.000366,-0.000144,0.000000,2.500554,2.500554,2.500554
56865.000000,33.578238,-117.064323,412.792027,33.578330,-117.064366,472.057416,-0.000365,-0.000143,-0.000001,2.500636,2.500636,2.500636
56880.000000,33.578243,-117.064315,412.087994,33.578330,-117.064366,472.015526,-0.000365,-0.000142,-0.000002,2.500714,2.500714,2.500714
56895.000000,33.578244,-117.064318,412.841563,33.578330,-117.064366,471.973243,-0.000364,-0.000141,-0.000003,2.500771,2.500771,2.500771
56910.000000,33.578234,-117.064321,412.582173,33.578330,-117.064366,471.931348,-0.000364,-0.000141,-0.000003,2.500839,2.500839,2.500839
56925.000000,33.578232,-117.064321,411.849484,33.578330,-117.064366,471.889065,-0.000363,-0.000140,-0.000004,2.500910,2.500910,2.500910
56940.000000,33.578238,-117.064318,411.682367,33.578329,-117.064366,471.845562,-0.000363,-0.000139,-0.000005,2.500959,2.500959,2.500959
56955.000000,33.578236,-117.064317,412.658284,33.578329,-117.064366,471.802523,-0.000362,-0.000138,-0.000006,2.501000,2.501000,2.501000
56970.000000,33.578231,-117.064318,411.640262,33.578329,-117.064366,471.758828,-0.000362,-0.000137,-0.000007,2.501044,2.501044,2.501044
56985.000000,33.578229,-117.064317,411.210702,33.578329,-117.064366,471.714865,-0.000361,-0.000137,-0.000008,2.501088,2.501088,2.501088
57000.000000,33.578232,-117.064314,411.650119,33.578329,-117.064366,471.670619,-0.000361,-0.000136,-0.000009,2.501119,2.501119,2.501119
57015.000000,33.578230,-117.064315,412.629638,33.578329,-117.064366,471.626384,-0.000360,-0.000135,-0.000010,2.501133,2.501133,2.501133
57030.000000,33.578229,-117.064317,412.639904,33.578329,-117.064366,471.581850,-0.000360,-0.000134,-0.000011,2.501139,2.501139,2.501139
57045.000000,33.578227,-117.064316,411.626854,33.578329,-117.064366,471.536734,-0.000359,-0.000133,-0.000012,2.501150,2.501150,2.501150
57060.000000,33.578795,-117.064148,496.727115,33.578330,-117.064366,471.592341,-0.000358,-0.000134,-0.000008,2.499582,2.499582,2.499582
57075.000000,33.578792,-117.064148,496.026747,33.578331,-117.064365,471.645284,-0.000357,-0.000134,-0.000005,2.498071,2.498071,2.498071
57090.000000,33.578789,-117.064147,495.036768,33.578332,-117.064365,471.694995,-0.000356,-0.000134,-0.000002,2.496622,2.496622,2.496622
57105.000000,33.578789,-117.064147,495.437084,33.578332,-117.064364,471.745265,-0.000354,-0.000134,0.000001,2.495181,2.495181,2.495181
57120.000000,33.578787,-117.064146,495.402332,33.578333,-117.064364,471.794877,-0.000353,-0.000134,0.000004,2.493768,2.493768,2.493768
57135.000000,33.578785,-117.064144,495.140107,33.578334,-117.064364,471.842948,-0.000352,-0.000134,0.000006,2.492406,2.492406,2.492406
57150.000000,33.578784,-117.064144,495.079933,33.578335,-117.064363,471.890045,-0.000351,-0.000134,0.000009,2.491087,2.491087,2.491087
57165.000000,33.578779,-117.064148,495.071212,33.578336,-117.064363,471.937161,-0.000350,-0.000134,0.000012,2.489763,2.489763,2.489763
57180.000000,33.578776,-117.064145,494.957190,33.578337,-117.064362,471.983448,-0.000349,-0.000134,0.000015,2.488468,2.488468,2.488468
57195.000000,33.578775,-117.064144,495.254045,33.578337,-117.064362,472.029659,-0.000348,-0.000134,0.000017,2.487204,2.487204,2.487204
57210.000000,33.578772,-117.064146,494.740637,33.578338,-117.064362,472.074209,-0.000347,-0.000135,0.000020,2.485976,2.485976,2.485976
57225.000000,33.578770,-117.064143,494.490114,33.578339,-117.064361,472.117552,-0.000346,-0.000135,0.000022,2.484787,2.484787,2.484787
57240.000000,33.578738,-117.064221,524.815285,33.578339,-117.064361,472.204639,-0.000345,-0.000136,0.000025,2.483832,2.483832,2.483832
57255.000000,33.578736,-117.064221,524.718579,33.578340,-117.064361,472.290938,-0.000345,-0.000137,0.000028,2.482890,2.482890,2.482890
57270.000000,33.578733,-117.064221,524.984013,33.578341,-117.064361,472.376698,-0.000345,-0.000138,0.000031,2.481968,2.481968,2.481968
57285.000000,33.578731,-117.064220,524.735568,33.578341,-117.064361,472.460376,-0.000345,-0.000139,0.000034,2.481084,2.481084,2.481084
57300.000000,33.578732,-117.064220,525.088642,33.578342,-117.064361,472.544358,-0.000345,-0.000140,0.000036,2.480203,2.480203,2.480203
57315.000000,33.578728,-117.064220,524.960992,33.578342,-117.064360,472.627248,-0.000345,-0.000141,0.000039,2.479341,2.479341,2.479341
57330.000000,33.578726,-117.064220,524.638369,33.578343,-117.064360,472.708100,-0.000345,-0.000142,0.000041,2.478515,2.478515,2.478515
57345.000000,33.578726,-117.064217,525.141375,33.578343,-117.064360,472.789619,-0.000345,-0.000143,0.000044,2.477687,2.477687,2.477687
57360.000000,33.578723,-117.064217,525.119741,33.578344,-117.064360,472.869904,-0.000345,-0.000143,0.000047,2.476887,2.476887,2.476887
57375.000000,33.578722,-117.064218,525.022034,33.578345,-117.064360,472.948932,-0.000344,-0.000144,0.000049,2.476110,2.476110,2.476110
57390.000000,33.578717,-117.064218,524.733955,33.578345,-117.064360,473.026675,-0.000344,-0.000145,0.000052,2.475353,2.475353,2.475353
57405.000000,33.578718,-117.064217,524.564559,33.578346,-117.064359,473.103077,-0.000344,-0.000146,0.000054,2.474619,2.474619,2.474619
57420.000000,33.578486,-117.064299,478.152532,33.578346,-117.064359,473.114412,-0.000344,-0.000146,0.000055,2.473833,2.473833,2.473833
57435.000000,33.578484,-117.064297,478.532382,33.578346,-117.064359,473.126246,-0.000344,-0.000146,0.000055,2.473056,2.473056,2.473056
57450.000000,33.578479,-117.064297,477.249728,33.578346,-117.064359,473.136128,-0.000343,-0.000146,0.000056,2.472306,2.472306,2.472306
57465.000000,33.578481,-117.064296,478.173871,33.578346,-117.064359,473.147402,-0.000343,-0.000146,0.000056,2.471533,2.471533,2.471533
57480.000000,33.578480,-117.064294,478.548228,33.578346,-117.064359,473.159153,-0.000343,-0.000146,0.000057,2.470771,2.470771,2.470771
57495.000000,33.578477,-117.064294,477.794997,33.578347,-117.064359,473.169751,-0.000343,-0.000146,0.000057,2.470025,2.470025,2.470025
57510.000000,33.578476,-117.064294,478.288643,33.578347,-117.064359,473.181051,-0.000342,-0.000146,0.000058,2.469276,2.469276,2.469276
57525.000000,33.578475,-117.064293,478.363682,33.578347,-117.064359,473.192458,-0.000342,-0.000146,0.000059,2.468523,2.468523,2.468523
57540.000000,33.578473,-117.064291,478.406208,33.578347,-117.064359,473.203906,-0.000342,-0.000146,0.000059,2.467772,2.467772,2.467772
57555.000000,33.578470,-117.064290,477.955341,33.578347,-117.064359,473.214659,-0.000342,-0.000146,0.000060,2.467032,2.467032,2.467032
57570.000000,33.578470,-117.064289,478.024994,33.578347,-117.064359,473.225470,-0.000341,-0.000146,0.000060,2.466299,2.466299,2.466299
57585.000000,33.578467,-117.064288,477.693769,33.578348,-117.064359,473.235724,-0.000341,-0.000146,0.000061,2.465587,2.465587,2.465587
57600.000000,33.578465,-117.064288,477.203573,33.578348,-117.064359,473.245264,-0.000341,-0.000146,0.000061,2.464883,2.464883,2.464883
57615.000000,33.578462,-117.064287,476.925423,33.578348,-117.064359,473.254394,-0.000340,-0.000146,0.000062,2.464184,2.464184,2.464184
57630.000000,33.578460,-117.064285,476.339315,33.578348,-117.064359,473.262634,-0.000340,-0.000146,0.000062,2.463513,2.463513,2.463513
57645.000000,33.578459,-117.064286,477.153414,33.578348,-117.064358,473.272003,-0.000340,-0.000146,0.000063,2.462831,2.462831,2.462831
57660.000000,33.578461,-117.064282,477.036203,33.578348,-117.064358,473.281166,-0.000340,-0.000146,0.000063,2.462160,2.462160,2.462160
57675.000000,33.578457,-117.064283,477.041751,33.578348,-117.064358,473.290365,-0.000339,-0.000146,0.000063,2.461476,2.461476,2.461476
57690.000000,33.578460,-117.064282,477.955989,33.578349,-117.064358,473.300849,-0.000339,-0.000146,0.000064,2.460780,2.460780,2.460780
57705.000000,33.578457,-117.064282,477.225136,33.578349,-117.064358,473.310247,-0.000339,-0.000146,0.000064,2.460105,2.460105,2.460105
57720.000000,33.578453,-117.064282,476.383740,33.578349,-117.064358,473.318440,-0.000338,-0.000146,0.000065,2.459452,2.459452,2.459452
57735.000000,33.578452,-117.064280,477.036822,33.578349,-117.064358,473.327519,-0.000338,-0.000146,0.000065,2.458791,2.458791,2.458791
57750.000000,33.578446,-117.064280,475.791942,33.578349,-117.064358,473.334867,-0.000338,-0.000146,0.000066,2.458154,2.458154,2.458154
57765.000000,33.578451,-117.064278,477.174906,33.578349,-117.064358,473.344103,-0.000338,-0.000146,0.000066,2.457497,2.457497,2.457497
57780.000000,33.578446,-117.064277,476.715201,33.578349,-117.064358,473.352666,-0.000337,-0.000146,0.000066,2.456856,2.456856,2.456856
57795.000000,33.578444,-117.064276,476.360605,33.578349,-117.064358,473.360742,-0.000337,-0.000146,0.000067,2.456217,2.456217,2.456217
57810.000000,33.578441,-117.064275,475.693633,33.578350,-117.064358,473.367918,-0.000337,-0.000146,0.000067,2.455583,2.455583,2.455583
57825.000000,33.578439,-117.064274,475.813404,33.578350,-117.064358,473.375218,-0.000336,-0.000146,0.000067,2.454960,2.454960,2.454960
57840.000000,33.578440,-117.064272,476.132820,33.578350,-117.064358,473.382941,-0.000336,-0.000146,0.000068,2.454333,2.454333,2.454333
57855.000000,33.578437,-117.064270,476.317390,33.578350,-117.064357,473.390914,-0.000336,-0.000146,0.000068,2.453699,2.453699,2.453699
57870.000000,33.578433,-117.064270,475.106909,33.578350,-117.064357,473.397245,-0.000335,-0.000146,0.000068,2.453088,2.453088,2.453088
57885.000000,33.578434,-117.064269,475.529583,33.578350,-117.064357,473.404127,-0.000335,-0.000146,0.000069,2.452472,2.452472,2.452472
57900.000000,33.578431,-117.064270,474.934631,33.578350,-117.064357,473.410213,-0.000335,-0.000146,0.000069,2.451865,2.451865,2.451865
57915.000000,33.578428,-117.064268,474.748951,33.578350,-117.064357,473.416032,-0.000334,-0.000146,0.000069,2.451274,2.451274,2.451274
57930.000000,33.578426,-117.064266,475.022299,33.578350,-117.064357,473.422203,-0.000334,-0.000146,0.000070,2.450678,2.450678,2.450678
57945.000000,33.578425,-117.064263,475.451371,33.578350,-117.064357,473.428919,-0.000334,-0.000146,0.000070,2.450084,2.450084,2.450084
57960.000000,33.578425,-117.064261,475.372982,33.578350,-117.064357,473.435517,-0.000334,-0.000146,0.000070,2.449494,2.449494,2.449494
57975.000000,33.578418,-117.064262,474.058270,33.578351,-117.064357,473.440415,-0.000333,-0.000146,0.000070,2.448912,2.448912,2.448912
57990.000000,33.578417,-117.064260,474.208066,33.578351,-117.064357,473.445493,-0.000333,-0.000146,0.000071,2.448337,2.448337,2.448337
58005.000000,33.578415,-117.064260,473.853728,33.578351,-117.064357,473.450112,-0.000333,-0.000146,0.000071,2.447770,2.447770,2.447770
58020.000000,33.578408,-117.064261,472.895363,33.578351,-117.064357,473.453513,-0.000332,-0.000146,0.000071,2.447206,2.447206,2.447206
58035.000000,33.578413,-117.064258,474.086426,33.578351,-117.064357,473.458424,-0.000332,-0.000146,0.000071,2.446623,2.446623,2.446623
58050.000000,33.578412,-117.064258,473.875895,33.578351,-117.064356,473.463055,-0.000332,-0.000146,0.000071,2.446053,2.446053,2.446053
58065.000000,33.578409,-117.064256,473.567404,33.578351,-117.064356,473.467290,-0.000331,-0.000146,0.000072,2.445482,2.445482,2.445482
58080.000000,33.578408,-117.064255,473.109687,33.578351,-117.064356,473.470943,-0.000331,-0.000147,0.000072,2.444927,2.444927,2.444927
58095.000000,33.578408,-117.064253,473.580158,33.578351,-117.064356,473.475183,-0.000331,-0.000147,0.000072,2.444364,2.444364,2.444364
58110.000000,33.578401,-117.064254,472.082643,33.578351,-117.064356,473.477552,-0.000330,-0.000147,0.000072,2.443823,2.443823,2.443823
58125.000000,33.578400,-117.064252,472.825156,33.578351,-117.064356,473.480835,-0.000330,-0.000147,0.000072,2.443269,2.443269,2.443269
58140.000000,33.578397,-117.064250,472.348711,33.578351,-117.064356,473.483524,-0.000330,-0.000147,0.000072,2.442724,2.442724,2.442724
58155.000000,33.578399,-117.064248,472.938040,33.578351,-117.064356,473.486946,-0.000329,-0.000147,0.000072,2.442182,2.442182,2.442182
58170.000000,33.578395,-117.064248,472.234601,33.578351,-117.064356,473.489483,-0.000329,-0.000147,0.000073,2.441635,2.441635,2.441635
58185.000000,33.578392,-117.064246,472.015946,33.578351,-117.064356,473.491758,-0.000328,-0.000147,0.000073,2.441101,2.441101,2.441101
58200.000000,33.578389,-117.064246,471.544177,33.578351,-117.064355,473.493439,-0.000328,-0.000147,0.000073,2.440562,2.440562,2.440562
58215.000000,33.578387,-117.064245,471.189963,33.578351,-117.064355,473.494698,-0.000328,-0.000147,0.000073,2.440034,2.440034,2.440034
58230.000000,33.578384,-117.064244,471.444517,33.578351,-117.064355,473.496261,-0.000327,-0.000147,0.000073,2.439502,2.439502,2.439502
58245.000000,33.578384,-117.064242,471.646649,33.578351,-117.064355,473.498077,-0.000327,-0.000147,0.000073,2.438973,2.438973,2.438973
58260.000000,33.578379,-117.064242,471.252385,33.578351,-117.064355,473.499403,-0.000327,-0.000147,0.000073,2.438445,2.438445,2.438445
58275.000000,33.578377,-117.064241,470.736304,33.578351,-117.064355,473.500061,-0.000326,-0.000147,0.000073,2.437903,2.437903,2.437903
58290.000000,33.578378,-117.064238,471.054569,33.578351,-117.064355,473.501128,-0.000326,-0.000147,0.000073,2.437368,2.437368,2.437368
58305.000000,33.578373,-117.064237,470.136086,33.578352,-117.064355,473.501089,-0.000326,-0.000147,0.000073,2.436846,2.436846,2.436846
58320.000000,33.578372,-117.064234,470.005849,33.578352,-117.064355,473.500917,-0.000325,-0.000147,0.000073,2.436333,2.436333,2.436333
58335.000000,33.578368,-117.064234,469.910691,33.578352,-117.064355,473.500587,-0.000325,-0.000147,0.000073,2.435806,2.435806,2.435806
58350.000000,33.578365,-117.064232,469.231600,33.578352,-117.064354,473.499482,-0.000324,-0.000147,0.000073,2.435297,2.435297,2.435297
58365.000000,33.578363,-117.064231,468.904113,33.578352,-117.064354,473.497967,-0.000324,-0.000147,0.000073,2.434785,2.434785,2.434785
58380.000000,33.578361,-117.064230,468.654813,33.578352,-117.064354,473.496158,-0.000324,-0.000147,0.000073,2.434275,2.434275,2.434275
58395.000000,33.578357,-117.064230,468.390950,33.578352,-117.064354,473.493995,-0.000323,-0.000147,0.000073,2.433757,2.433757,2.433757
58410.000000,33.578355,-117.064230,468.618672,33.578352,-117.064354,473.492122,-0.000323,-0.000147,0.000073,2.433241,2.433241,2.433241
58425.000000,33.578353,-117.064228,468.651604,33.578352,-117.064354,473.490260,-0.000322,-0.000148,0.000073,2.432719,2.432719,2.432719
58440.000000,33.578351,-117.064225,467.597538,33.578351,-117.064354,473.487223,-0.000322,-0.000148,0.000073,2.432220,2.432220,2.432220
58455.000000,33.578378,-117.064242,461.076969,33.578352,-117.064354,473.471952,-0.000321,-0.000147,0.000072,2.431293,2.431293,2.431293
58470.000000,33.578376,-117.064240,460.115372,33.578352,-117.064353,473.455298,-0.000321,-0.000147,0.000072,2.430375,2.430375,2.430375
58485.000000,33.578376,-117.064240,460.371672,33.578352,-117.064353,473.439234,-0.000320,-0.000147,0.000072,2.429473,2.429473,2.429473
58500.000000,33.578371,-117.064240,459.817356,33.578352,-117.064353,473.422246,-0.000319,-0.000147,0.000072,2.428564,2.428564,2.428564
58515.000000,33.578373,-117.064240,459.542792,33.578352,-117.064353,473.404981,-0.000319,-0.000146,0.000071,2.427665,2.427665,2.427665
58530.000000,33.578369,-117.064237,459.259600,33.578352,-117.064353,473.387497,-0.000318,-0.000146,0.000071,2.426784,2.426784,2.426784
58545.000000,33.578363,-117.064234,457.947582,33.578352,-117.064353,473.367984,-0.000318,-0.000146,0.000071,2.425899,2.425899,2.425899
58560.000000,33.578363,-117.064233,458.349321,33.578352,-117.064353,473.349126,-0.000317,-0.000145,0.000071,2.425016,2.425016,2.425016
58575.000000,33.578359,-117.064234,457.346154,33.578352,-117.064352,473.328847,-0.000316,-0.000145,0.000070,2.424139,2.424139,2.424139
58590.000000,33.578362,-117.064236,457.465143,33.578352,-117.064352,473.308735,-0.000316,-0.000145,0.000070,2.423260,2.423260,2.423260
58605.000000,33.578351,-117.064233,456.604826,33.578352,-117.064352,473.287230,-0.000315,-0.000145,0.000070,2.422373,2.422373,2.422373
58620.000000,33.578353,-117.064233,456.408103,33.578352,-117.064352,473.265486,-0.000314,-0.000144,0.000069,2.421489,2.421489,2.421489
58635.000000,33.578348,-117.064231,455.928314,33.578352,-117.064352,473.243106,-0.000314,-0.000144,0.000069,2.420609,2.420609,2.420609
58650.000000,33.578350,-117.064231,456.309195,33.578352,-117.064352,473.221428,-0.000313,-0.000144,0.000068,2.419738,2.419738,2.419738
58665.000000,33.578345,-117.064229,455.766514,33.578352,-117.064352,473.198872,-0.000312,-0.000143,0.000068,2.418860,2.418860,2.418860
58680.000000,33.578345,-117.064227,454.367702,33.578352,-117.064351,473.174753,-0.000312,-0.000143,0.000068,2.418017,2.418017,2.418017
58695.000000,33.578341,-117.064228,454.712534,33.578352,-117.064351,473.150694,-0.000311,-0.000143,0.000067,2.417143,2.417143,2.417143
58710.000000,33.578339,-117.064228,453.526163,33.578351,-117.064351,473.125157,-0.000310,-0.000142,0.000067,2.416287,2.416287,2.416287
58725.000000,33.578335,-117.064225,453.768641,33.578351,-117.064351,473.099742,-0.000310,-0.000142,0.000066,2.415414,2.415414,2.415414
58740.000000,33.578336,-117.064224,453.226617,33.578351,-117.064351,473.073998,-0.000309,-0.000142,0.000066,2.414570,2.414570,2.414570
58755.000000,33.578335,-117.064224,452.969320,33.578351,-117.064351,473.047936,-0.000308,-0.000141,0.000065,2.413728,2.413728,2.413728
58770.000000,33.578328,-117.064223,452.665121,33.578351,-117.064350,473.021057,-0.000308,-0.000141,0.000065,2.412863,2.412863,2.412863
58785.000000,33.578327,-117.064222,452.383269,33.578351,-117.064350,472.993898,-0.000307,-0.000141,0.000064,2.412004,2.412004,2.412004
58800.000000,33.578325,-117.064223,452.146415,33.578351,-117.064350,472.966584,-0.000306,-0.000140,0.000064,2.411156,2.411156,2.411156
58815.000000,33.578320,-117.064222,451.174211,33.578351,-117.064350,472.937987,-0.000305,-0.000140,0.000063,2.410316,2.410316,2.410316
58830.000000,33.578322,-117.064222,451.134280,33.578351,-117.064350,472.909306,-0.000305,-0.000140,0.000062,2.409472,2.409472,2.409472
58845.000000,33.578318,-117.064219,450.590349,33.578351,-117.064350,472.879871,-0.000304,-0.000139,0.000062,2.408630,2.408630,2.408630
58860.000000,33.578314,-117.064218,450.048442,33.578351,-117.064350,472.849717,-0.000303,-0.000139,0.000061,2.407791,2.407791,2.407791
58875.000000,33.578310,-117.064217,449.374191,33.578351,-117.064349,472.818389,-0.000303,-0.000139,0.000061,2.406942,2.406942,2.406942
58890.000000,33.578307,-117.064217,448.500671,33.578351,-117.064349,472.785919,-0.000302,-0.000138,0.000060,2.406099,2.406099,2.406099
58905.000000,33.578305,-117.064215,447.901250,33.578351,-117.064349,472.752878,-0.000301,-0.000138,0.000059,2.405270,2.405270,2.405270
58920.000000,33.578303,-117.064214,447.666051,33.578351,-117.064349,472.719359,-0.000300,-0.000137,0.000058,2.404434,2.404434,2.404434
58935.000000,33.578299,-117.064213,446.944785,33.578351,-117.064349,472.684710,-0.000300,-0.000137,0.000058,2.403592,2.403592,2.403592
58950.000000,33.578296,-117.064213,446.426326,33.578350,-117.064349,472.649397,-0.000299,-0.000136,0.000057,2.402755,2.402755,2.402755
58965.000000,33.578299,-117.064212,447.469754,33.578350,-117.064348,472.615572,-0.000298,-0.000136,0.000056,2.401912,2.401912,2.401912
58980.000000,33.578291,-117.064210,446.928547,33.578350,-117.064348,472.580460,-0.000297,-0.000136,0.000055,2.401045,2.401045,2.401045
58995.000000,33.578289,-117.064212,446.773262,33.578350,-117.064348,472.545108,-0.000296,-0.000135,0.000055,2.400177,2.400177,2.400177
59010.000000,33.578287,-117.064209,445.517965,33.578350,-117.064348,472.508201,-0.000296,-0.000135,0.000054,2.399322,2.399322,2.399322
59025.000000,33.578284,-117.064210,445.131077,33.578350,-117.064348,472.470720,-0.000295,-0.000134,0.000053,2.398465,2.398465,2.398465
59040.000000,33.578283,-117.064210,444.267692,33.578350,-117.064347,472.432372,-0.000294,-0.000134,0.000052,2.397625,2.397625,2.397625
59055.000000,33.578279,-117.064210,443.807067,33.578350,-117.064347,472.393204,-0.000293,-0.000134,0.000051,2.396778,2.396778,2.396778
59070.000000,33.578278,-117.064208,443.453411,33.578350,-117.064347,472.353754,-0.000292,-0.000133,0.000050,2.395939,2.395939,2.395939
59085.000000,33.578275,-117.064207,443.506224,33.578349,-117.064347,472.314245,-0.000292,-0.000133,0.000049,2.395093,2.395093,2.395093
59100.000000,33.578274,-117.064205,442.937331,33.578349,-117.064347,472.274077,-0.000291,-0.000132,0.000049,2.394253,2.394253,2.394253
59115.000000,33.578270,-117.064206,442.451317,33.578349,-117.064347,472.233387,-0.000290,-0.000132,0.000048,2.393420,2.393420,2.393420
59130.000000,33.578271,-117.064206,442.318235,33.578349,-117.064346,472.192740,-0.000289,-0.000131,0.000047,2.392594,2.392594,2.392594
59145.000000,33.578266,-117.064202,441.557424,33.578349,-117.064346,472.150743,-0.000288,-0.000131,0.000046,2.391758,2.391758,2.391758
59160.000000,33.578262,-117.064201,440.430839,33.578349,-117.064346,472.107142,-0.000288,-0.000130,0.000045,2.390922,2.390922,2.390922
59175.000000,33.578261,-117.064203,440.684397,33.578349,-117.064346,472.063922,-0.000287,-0.000130,0.000044,2.390085,2.390085,2.390085
59190.000000,33.578258,-117.064200,439.718224,33.578349,-117.064346,472.019612,-0.000286,-0.000129,0.000043,2.389260,2.389260,2.389260
59205.000000,33.578255,-117.064200,439.486863,33.578348,-117.064345,471.974621,-0.000285,-0.000129,0.000042,2.388420,2.388420,2.388420
59220.000000,33.578250,-117.064199,438.514898,33.578348,-117.064345,471.928278,-0.000284,-0.000128,0.000041,2.387582,2.387582,2.387582
59235.000000,33.578246,-117.064200,438.462289,33.578348,-117.064345,471.881176,-0.000283,-0.000128,0.000040,2.386717,2.386717,2.386717
59250.000000,33.578246,-117.064198,437.933856,33.578348,-117.064345,471.833799,-0.000282,-0.000127,0.000038,2.385870,2.385870,2.385870
59265.000000,33.578243,-117.064198,437.329048,33.578348,-117.064345,471.785609,-0.000282,-0.000127,0.000037,2.385023,2.385023,2.385023
59280.000000,33.578239,-117.064197,437.024498,33.578348,-117.064345,471.736593,-0.000281,-0.000126,0.000036,2.384163,2.384163,2.384163
59295.000000,33.578237,-117.064197,436.765687,33.578347,-117.064344,471.687288,-0.000280,-0.000126,0.000035,2.383304,2.383304,2.383304
59310.000000,33.578234,-117.064195,436.212826,33.578347,-117.064344,471.637243,-0.000279,-0.000125,0.000034,2.382446,2.382446,2.382446
59325.000000,33.578229,-117.064197,435.700277,33.578347,-117.064344,471.586171,-0.000278,-0.000125,0.000033,2.381578,2.381578,2.381578
59340.000000,33.578227,-117.064194,435.404709,33.578347,-117.064344,471.534861,-0.000277,-0.000124,0.000031,2.380715,2.380715,2.380715
59355.000000,33.578224,-117.064196,435.382834,33.578347,-117.064344,471.483011,-0.000276,-0.000123,0.000030,2.379834,2.379834,2.379834
59370.000000,33.578220,-117.064193,434.457141,33.578346,-117.064343,471.429901,-0.000275,-0.000123,0.000029,2.378955,2.378955,2.378955
59385.000000,33.578218,-117.064194,434.370391,33.578346,-117.064343,471.376470,-0.000274,-0.000122,0.000028,2.378069,2.378069,2.378069
59400.000000,33.578215,-117.064193,433.447668,33.578346,-117.064343,471.321368,-0.000274,-0.000122,0.000026,2.377173,2.377173,2.377173
59415.000000,33.578214,-117.064193,433.563872,33.578346,-117.064343,471.266250,-0.000273,-0.000121,0.000025,2.376268,2.376268,2.376268
59430.000000,33.578212,-117.064191,432.642161,33.578346,-117.064343,471.210195,-0.000272,-0.000121,0.000024,2.375377,2.375377,2.375377
59445.000000,33.578209,-117.064187,431.857120,33.578345,-117.064342,471.153326,-0.000271,-0.000120,0.000022,2.374496,2.374496,2.374496
59460.000000,33.578209,-117.064188,431.997476,33.578345,-117.064342,471.096877,-0.000270,-0.000119,0.000021,2.373619,2.373619,2.373619
59475.000000,33.578204,-117.064188,431.268053,33.578345,-117.064342,471.038683,-0.000269,-0.000119,0.000019,2.372721,2.372721,2.372721
59490.000000,33.578201,-117.064187,430.724802,33.578345,-117.064342,470.979783,-0.000268,-0.000118,0.000018,2.371826,2.371826,2.371826
59505.000000,33.578199,-117.064189,430.021568,33.578344,-117.064342,470.920337,-0.000267,-0.000117,0.000017,2.370944,2.370944,2.370944
59520.000000,33.578194,-117.064186,429.377937,33.578344,-117.064341,470.859472,-0.000266,-0.000117,0.000015,2.370047,2.370047,2.370047
59535.000000,33.578194,-117.064187,429.340392,33.578344,-117.064341,470.798597,-0.000265,-0.000116,0.000014,2.369150,2.369150,2.369150
59550.000000,33.578193,-117.064185,428.884183,33.578344,-117.064341,470.737010,-0.000264,-0.000116,0.000012,2.368251,2.368251,2.368251
59565.000000,33.578186,-117.064183,428.916667,33.578343,-117.064341,470.674562,-0.000263,-0.000115,0.000011,2.367324,2.367324,2.367324
59580.000000,33.578184,-117.064185,428.578593,33.578343,-117.064341,470.612163,-0.000262,-0.000114,0.000009,2.366412,2.366412,2.366412
59595.000000,33.578181,-117.064185,428.016124,33.578343,-117.064340,470.549000,-0.000261,-0.000114,0.000008,2.365500,2.365500,2.365500
59610.000000,33.578180,-117.064186,427.513047,33.578343,-117.064340,470.484751,-0.000260,-0.000113,0.000006,2.364579,2.364579,2.364579
59625.000000,33.578177,-117.064183,427.578419,33.578342,-117.064340,470.420162,-0.000259,-0.000112,0.000004,2.363643,2.363643,2.363643
59640.000000,33.578175,-117.064184,427.028712,33.578342,-117.064340,470.354730,-0.000258,-0.000112,0.000003,2.362706,2.362706,2.362706
59655.000000,33.578170,-117.064180,426.442949,33.578342,-117.064339,470.287999,-0.000257,-0.000111,0.000001,2.361757,2.361757,2.361757
59670.000000,33.578168,-117.064182,425.560365,33.578341,-117.064339,470.220670,-0.000256,-0.000110,-0.000001,2.360826,2.360826,2.360826
59685.000000,33.578164,-117.064179,425.511553,33.578341,-117.064339,470.152191,-0.000255,-0.000110,-0.000002,2.359866,2.359866,2.359866
59700.000000,33.578164,-117.064182,424.696907,33.578341,-117.064339,470.083119,-0.000254,-0.000109,-0.000004,2.358922,2.358922,2.358922
59715.000000,33.578161,-117.064179,424.442243,33.578341,-117.064339,470.013414,-0.000253,-0.000108,-0.000006,2.357969,2.357969,2.357969
59730.000000,33.578158,-117.064179,424.187851,33.578340,-117.064338,469.942738,-0.000252,-0.000107,-0.000007,2.357001,2.357001,2.357001
59745.000000,33.578156,-117.064179,423.975372,33.578340,-117.064338,469.871914,-0.000251,-0.000107,-0.000009,2.356035,2.356035,2.356035
59760.000000,33.578149,-117.064176,422.645898,33.578340,-117.064338,469.797497,-0.000250,-0.000106,-0.000011,2.355030,2.355030,2.355030
59775.000000,33.578148,-117.064178,422.597386,33.578339,-117.064338,469.723948,-0.000249,-0.000105,-0.000013,2.354047,2.354047,2.354047
59790.000000,33.578145,-117.064179,422.592296,33.578339,-117.064337,469.650274,-0.000247,-0.000104,-0.000015,2.353059,2.353059,2.353059
59805.000000,33.578142,-117.064180,423.250060,33.578339,-117.064337,469.576780,-0.000246,-0.000104,-0.000017,2.352047,2.352047,2.352047
59820.000000,33.578140,-117.064178,422.313694,33.578338,-117.064337,469.501865,-0.000245,-0.000103,-0.000018,2.351035,2.351035,2.351035
59835.000000,33.578137,-117.064178,421.620806,33.578338,-117.064337,469.425206,-0.000244,-0.000102,-0.000020,2.350006,2.350006,2.350006
59850.000000,33.578135,-117.064181,420.342073,33.578338,-117.064336,469.347440,-0.000243,-0.000101,-0.000022,2.348999,2.348999,2.348999
59865.000000,33.578132,-117.064179,420.489564,33.578337,-117.064336,469.269151,-0.000242,-0.000101,-0.000024,2.347972,2.347972,2.347972
59880.000000,33.578129,-117.064176,420.425192,33.578337,-117.064336,469.189721,-0.000241,-0.000100,-0.000026,2.346917,2.346917,2.346917
59895.000000,33.578126,-117.064176,419.865716,33.578336,-117.064336,469.109607,-0.000240,-0.000099,-0.000028,2.345866,2.345866,2.345866
59910.000000,33.578124,-117.064177,418.947088,33.578336,-117.064336,469.027987,-0.000239,-0.000098,-0.000030,2.344814,2.344814,2.344814
59925.000000,33.578122,-117.064177,419.403296,33.578336,-117.064335,468.945916,-0.000238,-0.000097,-0.000032,2.343731,2.343731,2.343731
59940.000000,33.578118,-117.064178,419.674303,33.578335,-117.064335,468.863136,-0.000236,-0.000097,-0.000035,2.342618,2.342618,2.342618
59955.000000,33.578117,-117.064180,419.664425,33.578335,-117.064335,468.781022,-0.000235,-0.000096,-0.000037,2.341518,2.341518,2.341518
59970.000000,33.578117,-117.064179,418.677702,33.578335,-117.064335,468.698275,-0.000234,-0.000095,-0.000039,2.340441,2.340441,2.340441
59985.000000,33.578113,-117.064175,417.947764,33.578334,-117.064334,468.613336,-0.000233,-0.000094,-0.000041,2.339340,2.339340,2.339340
60000.000000,33.578111,-117.064173,416.876275,33.578334,-117.064334,468.526708,-0.000232,-0.000093,-0.000043,2.338240,2.338240,2.338240
60015.000000,33.578109,-117.064169,416.745188,33.578333,-117.064334,468.439147,-0.000231,-0.000092,-0.000045,2.337122,2.337122,2.337122
60030.000000,33.578106,-117.064172,416.350266,33.578333,-117.064334,468.351439,-0.000229,-0.000092,-0.000047,2.336013,2.336013,2.336013
60045.000000,33.578104,-117.064177,416.976447,33.578332,-117.064333,468.263963,-0.000228,-0.000091,-0.000050,2.334883,2.334883,2.334883
60060.000000,33.578102,-117.064176,416.589435,33.578332,-117.064333,468.175326,-0.000227,-0.000090,-0.000052,2.333739,2.333739,2.333739
60075.000000,33.578098,-117.064172,415.950360,33.578332,-117.064333,468.085120,-0.000226,-0.000089,-0.000054,2.332583,2.332583,2.332583
60090.000000,33.578096,-117.064174,415.340920,33.578331,-117.064333,467.993616,-0.000225,-0.000088,-0.000057,2.331419,2.331419,2.331419
60105.000000,33.578093,-117.064173,415.330413,33.578331,-117.064332,467.901321,-0.000223,-0.000087,-0.000059,2.330236,2.330236,2.330236
60120.000000,33.578090,-117.064173,414.465579,33.578330,-117.064332,467.807945,-0.000222,-0.000086,-0.000061,2.329061,2.329061,2.329061
60135.000000,33.578087,-117.064174,415.267907,33.578330,-117.064332,467.714412,-0.000221,-0.000085,-0.000064,2.327848,2.327848,2.327848
60150.000000,33.578087,-117.064174,414.796691,33.578329,-117.064331,467.619952,-0.000220,-0.000085,-0.000066,2.326631,2.326631,2.326631
60165.000000,33.578086,-117.064173,414.278603,33.578329,-117.064331,467.524593,-0.000218,-0.000084,-0.000069,2.325412,2.325412,2.325412
60180.000000,33.578082,-117.064172,413.323753,33.578328,-117.064331,467.427767,-0.000217,-0.000083,-0.000071,2.324196,2.324196,2.324196
60195.000000,33.578080,-117.064175,412.910661,33.578328,-117.064331,467.330069,-0.000216,-0.000082,-0.000074,2.322975,2.322975,2.322975
60210.000000,33.578078,-117.064178,413.984267,33.578327,-117.064330,467.233686,-0.000215,-0.000081,-0.000076,2.321738,2.321738,2.321738
60225.000000,33.578076,-117.064177,413.757922,33.578327,-117.064330,467.135539,-0.000214,-0.000080,-0.000079,2.320469,2.320469,2.320469
60240.000000,33.578075,-117.064175,412.405826,33.578327,-117.064330,467.036313,-0.000212,-0.000079,-0.000081,2.319227,2.319227,2.319227
60255.000000,33.578071,-117.064173,412.135545,33.578326,-117.064330,466.935025,-0.000211,-0.000078,-0.000084,2.317950,2.317950,2.317950
60270.000000,33.578069,-117.064173,412.277354,33.578326,-117.064329,466.834355,-0.000210,-0.000077,-0.000086,2.316678,2.316678,2.316678
60285.000000,33.578066,-117.064172,412.094915,33.578325,-117.064329,466.732446,-0.000208,-0.000076,-0.000089,2.315384,2.315384,2.315384
60300.000000,33.578064,-117.064173,411.736168,33.578324,-117.064329,466.629524,-0.000207,-0.000075,-0.000092,2.314080,2.314080,2.314080
60315.000000,33.578064,-117.064170,411.057366,33.578324,-117.064329,466.525427,-0.000206,-0.000074,-0.000094,2.312776,2.312776,2.312776
60330.000000,33.578061,-117.064170,410.655573,33.578323,-117.064328,466.420653,-0.000205,-0.000073,-0.000097,2.311471,2.311471,2.311471
60345.000000,33.578061,-117.064176,411.503764,33.578323,-117.064328,466.317995,-0.000203,-0.000072,-0.000100,2.310173,2.310173,2.310173
60360.000000,33.578056,-117.064174,411.487839,33.578322,-117.064328,466.213023,-0.000202,-0.000071,-0.000102,2.308825,2.308825,2.308825
60375.000000,33.578056,-117.064173,410.525415,33.578322,-117.064327,466.106358,-0.000201,-0.000070,-0.000105,2.307477,2.307477,2.307477
60390.000000,33.578054,-117.064174,410.630301,33.578321,-117.064327,465.999691,-0.000199,-0.000069,-0.000108,2.306123,2.306123,2.306123
60405.000000,33.578053,-117.064173,410.140116,33.578321,-117.064327,465.890979,-0.000198,-0.000068,-0.000111,2.304742,2.304742,2.304742
60420.000000,33.578050,-117.064174,409.992946,33.578320,-117.064327,465.782217,-0.000197,-0.000067,-0.000113,2.303364,2.303364,2.303364
60435.000000,33.578049,-117.064175,409.873891,33.578320,-117.064326,465.673209,-0.000195,-0.000066,-0.000116,2.301983,2.301983,2.301983
60450.000000,33.578048,-117.064173,409.317328,33.578319,-117.064326,465.562422,-0.000194,-0.000065,-0.000119,2.300584,2.300584,2.300584
60465.000000,33.578046,-117.064176,409.853190,33.578319,-117.064326,465.451528,-0.000193,-0.000064,-0.000122,2.299159,2.299159,2.299159
60480.000000,33.578042,-117.064177,409.175213,33.578318,-117.064326,465.339317,-0.000191,-0.000063,-0.000125,2.297731,2.297731,2.297731
60495.000000,33.578041,-117.064173,408.815473,33.578317,-117.064325,465.224847,-0.000190,-0.000062,-0.000128,2.296269,2.296269,2.296269
60510.000000,33.578039,-117.064176,408.736993,33.578317,-117.064325,465.111017,-0.000189,-0.000061,-0.000131,2.294820,2.294820,2.294820
60525.000000,33.578039,-117.064175,408.983717,33.578316,-117.064325,464.998661,-0.000187,-0.000060,-0.000134,2.293388,2.293388,2.293388
60540.000000,33.578035,-117.064173,407.881900,33.578316,-117.064324,464.881366,-0.000186,-0.000059,-0.000137,2.291898,2.291898,2.291898
60555.000000,33.578034,-117.064175,408.090322,33.578315,-117.064324,464.763985,-0.000185,-0.000058,-0.000140,2.290394,2.290394,2.290394
60570.000000,33.578033,-117.064176,408.200640,33.578314,-117.064324,464.647575,-0.000183,-0.000057,-0.000143,2.288902,2.288902,2.288902
60585.000000,33.578032,-117.064177,407.518196,33.578314,-117.064324,464.530771,-0.000182,-0.000056,-0.000146,2.287428,2.287428,2.287428
60600.000000,33.578031,-117.064173,407.511070,33.578313,-117.064323,464.411469,-0.000180,-0.000054,-0.000149,2.285900,2.285900,2.285900
60615.000000,33.578029,-117.064176,407.817641,33.578313,-117.064323,464.293376,-0.000179,-0.000053,-0.000152,2.284381,2.284381,2.284381
60630.000000,33.578028,-117.064174,406.928532,33.578312,-117.064323,464.172078,-0.000178,-0.000052,-0.000155,2.282831,2.282831,2.282831
60645.000000,33.578027,-117.064175,407.164602,33.578311,-117.064322,464.051392,-0.000176,-0.000051,-0.000158,2.281280,2.281280,2.281280
60660.000000,33.578026,-117.064176,407.477847,33.578311,-117.064322,463.930295,-0.000175,-0.000050,-0.000161,2.279704,2.279704,2.279704
60675.000000,33.578024,-117.064177,407.045229,33.578310,-117.064322,463.809524,-0.000173,-0.000049,-0.000165,2.278150,2.278150,2.278150
60690.000000,33.578023,-117.064178,406.541975,33.578309,-117.064322,463.688365,-0.000172,-0.000048,-0.000168,2.276606,2.276606,2.276606
60705.000000,33.578024,-117.064182,406.967860,33.578309,-117.064321,463.569476,-0.000171,-0.000047,-0.000171,2.275086,2.275086,2.275086
60720.000000,33.578021,-117.064178,406.672009,33.578308,-117.064321,463.446776,-0.000169,-0.000046,-0.000174,2.273499,2.273499,2.273499
60735.000000,33.578019,-117.064177,406.179881,33.578307,-117.064321,463.322001,-0.000168,-0.000044,-0.000177,2.271888,2.271888,2.271888
60750.000000,33.578017,-117.064178,406.931290,33.578307,-117.064320,463.197364,-0.000166,-0.000043,-0.000180,2.270244,2.270244,2.270244
60765.000000,33.578014,-117.064176,406.379893,33.578306,-117.064320,463.068849,-0.000165,-0.000042,-0.000184,2.268542,2.268542,2.268542
60780.000000,33.578014,-117.064176,405.662484,33.578305,-117.064320,462.938520,-0.000164,-0.000041,-0.000187,2.266834,2.266834,2.266834
60795.000000,33.578013,-117.064181,406.535485,33.578305,-117.064319,462.812327,-0.000162,-0.000040,-0.000191,2.265164,2.265164,2.265164
60810.000000,33.578012,-117.064180,406.245497,33.578304,-117.064319,462.683907,-0.000161,-0.000039,-0.000194,2.263459,2.263459,2.263459
60825.000000,33.578011,-117.064184,406.184337,33.578303,-117.064319,462.556870,-0.000159,-0.000038,-0.000197,2.261781,2.261781,2.261781
60840.000000,33.578009,-117.064184,406.139923,33.578303,-117.064319,462.430168,-0.000158,-0.000036,-0.000201,2.260108,2.260108,2.260108
60855.000000,33.577968,-117.064077,427.052922,33.578302,-117.064318,462.323560,-0.000156,-0.000037,-0.000204,2.257573,2.257573,2.257573
60870.000000,33.577967,-117.064077,427.215695,33.578301,-117.064317,462.216686,-0.000154,-0.000037,-0.000208,2.255006,2.255006,2.255006
60885.000000,33.577965,-117.064077,426.762116,33.578299,-117.064316,462.107564,-0.000152,-0.000037,-0.000212,2.252406,2.252406,2.252406
60900.000000,33.577963,-117.064077,426.003788,33.578298,-117.064316,461.995287,-0.000151,-0.000037,-0.000216,2.249773,2.249773,2.249773
60915.000000,33.577964,-117.064079,427.792374,33.578297,-117.064315,461.888444,-0.000149,-0.000037,-0.000220,2.247129,2.247129,2.247129
60930.000000,33.577961,-117.064079,427.555793,33.578296,-117.064314,461.778628,-0.000147,-0.000037,-0.000224,2.244406,2.244406,2.244406
60945.000000,33.577961,-117.064079,427.449407,33.578295,-117.064314,461.668532,-0.000145,-0.000038,-0.000228,2.241677,2.241677,2.241677
60960.000000,33.577960,-117.064078,427.161971,33.578294,-117.064313,461.555431,-0.000143,-0.000038,-0.000232,2.238873,2.238873,2.238873
60975.000000,33.577958,-117.064077,426.545473,33.578293,-117.064312,461.439505,-0.000141,-0.000038,-0.000237,2.236036,2.236036,2.236036
60990.000000,33.577958,-117.064078,427.236689,33.578292,-117.064311,461.325702,-0.000139,-0.000038,-0.000241,2.233187,2.233187,2.233187
61005.000000,33.577958,-117.064077,426.172186,33.578291,-117.064311,461.207324,-0.000137,-0.000039,-0.000245,2.230296,2.230296,2.230296
61020.000000,33.577955,-117.064078,426.517362,33.578289,-117.064310,461.088616,-0.000135,-0.000039,-0.000249,2.227350,2.227350,2.227350
61035.000000,33.577956,-117.064079,426.602432,33.578288,-117.064309,460.971285,-0.000133,-0.000039,-0.000254,2.224432,2.224432,2.224432
61050.000000,33.577957,-117.064065,419.364960,33.578287,-117.064308,460.874064,-0.000132,-0.000039,-0.000257,2.222700,2.222700,2.222700
61065.000000,33.577956,-117.064063,418.942603,33.578287,-117.064308,460.774120,-0.000130,-0.000039,-0.000260,2.220918,2.220918,2.220918
61080.000000,33.577956,-117.064062,418.596846,33.578286,-117.064307,460.673350,-0.000128,-0.000038,-0.000263,2.219132,2.219132,2.219132
61095.000000,33.577955,-117.064061,418.315737,33.578285,-117.064307,460.569946,-0.000127,-0.000038,-0.000267,2.217291,2.217291,2.217291
61110.000000,33.577955,-117.064060,417.947936,33.578284,-117.064306,460.464405,-0.000125,-0.000038,-0.000270,2.215412,2.215412,2.215412
61125.000000,33.577955,-117.064060,417.570288,33.578283,-117.064306,460.355752,-0.000123,-0.000038,-0.000273,2.213473,2.213473,2.213473
61140.000000,33.577954,-117.064059,416.534911,33.578282,-117.064305,460.243059,-0.000122,-0.000038,-0.000277,2.211493,2.211493,2.211493
61155.000000,33.577952,-117.064059,416.041828,33.578281,-117.064304,460.128074,-0.000120,-0.000037,-0.000280,2.209482,2.209482,2.209482
61170.000000,33.577953,-117.064060,416.122979,33.578281,-117.064304,460.011842,-0.000118,-0.000037,-0.000284,2.207430,2.207430,2.207430
61185.000000,33.577952,-117.064058,414.739083,33.578280,-117.064303,459.889340,-0.000116,-0.000037,-0.000288,2.205309,2.205309,2.205309
61200.000000,33.577950,-117.064057,414.492984,33.578279,-117.064302,459.765437,-0.000114,-0.000036,-0.000292,2.203164,2.203164,2.203164
61215.000000,33.577948,-117.064053,413.325654,33.578278,-117.064302,459.638866,-0.000112,-0.000036,-0.000295,2.201026,2.201026,2.201026
61230.000000,33.577949,-117.064055,413.275219,33.578277,-117.064301,459.511535,-0.000110,-0.000036,-0.000299,2.198868,2.198868,2.198868
61245.000000,33.577948,-117.064055,413.593761,33.578276,-117.064300,459.381200,-0.000108,-0.000035,-0.000303,2.196612,2.196612,2.196612
61260.000000,33.577948,-117.064052,412.631701,33.578275,-117.064300,459.246407,-0.000106,-0.000035,-0.000307,2.194309,2.194309,2.194309
61275.000000,33.577948,-117.064051,412.059896,33.578274,-117.064299,459.111929,-0.000104,-0.000034,-0.000311,2.192046,2.192046,2.192046
61290.000000,33.577946,-117.064053,412.663531,33.578273,-117.064298,458.974797,-0.000102,-0.000034,-0.000315,2.189675,2.189675,2.189675
61305.000000,33.577946,-117.064050,411.543697,33.578272,-117.064298,458.834726,-0.000100,-0.000033,-0.000320,2.187305,2.187305,2.187305
61320.000000,33.577947,-117.064049,411.414086,33.578271,-117.064297,458.691893,-0.000097,-0.000033,-0.000324,2.184874,2.184874,2.184874
61335.000000,33.577947,-117.064047,409.952165,33.578270,-117.064296,458.543911,-0.000095,-0.000032,-0.000328,2.182420,2.182420,2.182420
61350.000000,33.577945,-117.064049,409.490260,33.578269,-117.064295,458.388389,-0.000093,-0.000031,-0.000333,2.179822,2.179822,2.179822
61365.000000,33.577946,-117.064049,409.473918,33.578268,-117.064295,458.230599,-0.000090,-0.000031,-0.000337,2.177168,2.177168,2.177168
61380.000000,33.577945,-117.064049,408.742848,33.578267,-117.064294,458.068921,-0.000088,-0.000030,-0.000342,2.174473,2.174473,2.174473
61395.000000,33.577945,-117.064050,407.836433,33.578266,-117.064293,457.902195,-0.000085,-0.000029,-0.000347,2.171725,2.171725,2.171725
61410.000000,33.577945,-117.064048,408.257400,33.578265,-117.064292,457.735409,-0.000083,-0.000029,-0.000351,2.168938,2.168938,2.168938
61425.000000,33.577945,-117.064048,407.559231,33.578263,-117.064291,457.562765,-0.000080,-0.000028,-0.000356,2.166067,2.166067,2.166067
61440.000000,33.577944,-117.064045,406.967133,33.578262,-117.064291,457.390334,-0.000078,-0.000027,-0.000361,2.163236,2.163236,2.163236
61455.000000,33.577943,-117.064049,407.045730,33.578261,-117.064290,457.216442,-0.000075,-0.000026,-0.000366,2.160360,2.160360,2.160360
61470.000000,33.577943,-117.064048,406.451559,33.578260,-117.064289,457.035601,-0.000072,-0.000025,-0.000371,2.157372,2.157372,2.157372
61485.000000,33.577944,-117.064046,406.196671,33.578259,-117.064288,456.851851,-0.000070,-0.000024,-0.000376,2.154333,2.154333,2.154333
61500.000000,33.577945,-117.064046,405.525165,33.578258,-117.064287,456.661513,-0.000067,-0.000023,-0.000382,2.151197,2.151197,2.151197
61515.000000,33.577945,-117.064047,405.055955,33.578256,-117.064286,456.468294,-0.000064,-0.000022,-0.000387,2.148029,2.148029,2.148029
61530.000000,33.577944,-117.064046,405.088227,33.578255,-117.064285,456.271884,-0.000061,-0.000021,-0.000392,2.144782,2.144782,2.144782
61545.000000,33.577945,-117.064047,404.868333,33.578254,-117.064285,456.073342,-0.000058,-0.000020,-0.000398,2.141498,2.141498,2.141498
61560.000000,33.577944,-117.064046,404.355088,33.578253,-117.064284,455.867596,-0.000055,-0.000019,-0.000403,2.138097,2.138097,2.138097
61575.000000,33.577942,-117.064047,404.778926,33.578251,-117.064283,455.661099,-0.000052,-0.000018,-0.000409,2.134634,2.134634,2.134634
61590.000000,33.577944,-117.064045,403.729210,33.578250,-117.064282,455.448927,-0.000049,-0.000017,-0.000415,2.131131,2.131131,2.131131
61605.000000,33.577944,-117.064046,403.078306,33.578249,-117.064281,455.231246,-0.000046,-0.000016,-0.000421,2.127559,2.127559,2.127559
61620.000000,33.577942,-117.064046,403.389402,33.578247,-117.064280,455.009271,-0.000043,-0.000014,-0.000427,2.123861,2.123861,2.123861
61635.000000,33.577943,-117.064048,404.025359,33.578246,-117.064279,454.785488,-0.000039,-0.000013,-0.000433,2.120057,2.120057,2.120057
61650.000000,33.577945,-117.064047,402.527736,33.578245,-117.064278,454.551953,-0.000036,-0.000012,-0.000439,2.116176,2.116176,2.116176
61665.000000,33.577944,-117.064046,401.771286,33.578243,-117.064277,454.313451,-0.000033,-0.000010,-0.000446,2.112250,2.112250,2.112250
61680.000000,33.577946,-117.064045,401.812162,33.578242,-117.064276,454.072291,-0.000029,-0.000009,-0.000452,2.108254,2.108254,2.108254
61695.000000,33.577945,-117.064046,401.885135,33.578241,-117.064275,453.827511,-0.000026,-0.000007,-0.000458,2.104165,2.104165,2.104165
61710.000000,33.577944,-117.064046,401.624094,33.578239,-117.064274,453.574691,-0.000022,-0.000006,-0.000465,2.099925,2.099925,2.099925
61725.000000,33.577945,-117.064046,400.776144,33.578238,-117.064272,453.316145,-0.000018,-0.000004,-0.000472,2.095637,2.095637,2.095637
61740.000000,33.577944,-117.064048,401.374112,33.578236,-117.064271,453.051520,-0.000014,-0.000002,-0.000479,2.091154,2.091154,2.091154
61755.000000,33.577944,-117.064048,401.320755,33.578234,-117.064270,452.784153,-0.000011,-0.000001,-0.000486,2.086604,2.086604,2.086604
61770.000000,33.577945,-117.064048,400.995680,33.578233,-117.064269,452.508205,-0.000007,0.000001,-0.000493,2.081899,2.081899,2.081899
61785.000000,33.577945,-117.064047,400.014500,33.578231,-117.064268,452.223982,-0.000003,0.000003,-0.000501,2.077115,2.077115,2.077115
61800.000000,33.577946,-117.064047,399.806746,33.578230,-117.064267,451.940018,0.000001,0.000005,-0.000508,2.072341,2.072341,2.072341
61815.000000,33.577946,-117.064046,400.049887,33.578228,-117.064265,451.651938,0.000006,0.000007,-0.000516,2.067442,2.067442,2.067442
61830.000000,33.577946,-117.064050,399.901492,33.578227,-117.064264,451.360808,0.000010,0.000008,-0.000523,2.062479,2.062479,2.062479
61845.000000,33.577948,-117.064048,399.695895,33.578225,-117.064263,451.062795,0.000014,0.000010,-0.000531,2.057383,2.057383,2.057383
61860.000000,33.577945,-117.064048,399.726114,33.578223,-117.064262,450.764086,0.000018,0.000012,-0.000539,2.052250,2.052250,2.052250
61875.000000,33.577945,-117.064049,399.635571,33.578222,-117.064261,450.457835,0.000022,0.000014,-0.000547,2.046956,2.046956,2.046956
61890.000000,33.577947,-117.064049,398.755355,33.578220,-117.064259,450.143198,0.000027,0.000017,-0.000555,2.041578,2.041578,2.041578
61905.000000,33.577948,-117.064050,398.467388,33.578218,-117.064258,449.819308,0.000031,0.000019,-0.000563,2.036030,2.036030,2.036030
61920.000000,33.577949,-117.064047,397.667802,33.578216,-117.064257,449.494093,0.000036,0.000021,-0.000571,2.030531,2.030531,2.030531
61935.000000,33.577948,-117.064050,398.129313,33.578215,-117.064255,449.149998,0.000041,0.000024,-0.000580,2.024578,2.024578,2.024578
61950.000000,33.577949,-117.064050,397.497974,33.578213,-117.064254,448.798419,0.000045,0.000026,-0.000589,2.018535,2.018535,2.018535
61965.000000,33.577949,-117.064051,397.953200,33.578211,-117.064253,448.445463,0.000050,0.000029,-0.000598,2.012378,2.012378,2.012378
61980.000000,33.577950,-117.064052,397.749576,33.578209,-117.064251,448.085177,0.000055,0.000031,-0.000607,2.006075,2.006075,2.006075
61995.000000,33.577948,-117.064054,398.644656,33.578207,-117.064250,447.720595,0.000060,0.000034,-0.000616,1.999528,1.999528,1.999528
62010.000000,33.577949,-117.064054,397.557583,33.578205,-117.064248,447.352680,0.000065,0.000036,-0.000626,1.993043,1.993043,1.993043
62025.000000,33.577950,-117.064054,397.480015,33.578203,-117.064247,446.983590,0.000070,0.000039,-0.000635,1.986516,1.986516,1.986516
62040.000000,33.577950,-117.064055,396.807636,33.578201,-117.064245,446.597032,0.000076,0.000042,-0.000645,1.979710,1.979710,1.979710
62055.000000,33.577949,-117.064055,397.520662,33.578199,-117.064244,446.205311,0.000081,0.000045,-0.000654,1.972656,1.972656,1.972656
62070.000000,33.577951,-117.064055,397.201075,33.578197,-117.064242,445.802751,0.000087,0.000048,-0.000665,1.965400,1.965400,1.965400
62085.000000,33.577953,-117.064055,396.684211,33.578195,-117.064241,445.403331,0.000092,0.000051,-0.000674,1.958254,1.958254,1.958254
62100.000000,33.577951,-117.064057,397.592782,33.578193,-117.064239,444.985539,0.000098,0.000054,-0.000685,1.950544,1.950544,1.950544
62115.000000,33.577953,-117.064058,397.253040,33.578191,-117.064238,444.574699,0.000103,0.000057,-0.000695,1.942996,1.942996,1.942996
62130.000000,33.577954,-117.064059,397.468918,33.578189,-117.064236,444.156285,0.000109,0.000060,-0.000706,1.935214,1.935214,1.935214
62145.000000,33.577952,-117.064059,396.908331,33.578186,-117.064235,443.719469,0.000115,0.000064,-0.000716,1.927113,1.927113,1.927113
62160.000000,33.577953,-117.064058,396.527166,33.578184,-117.064233,443.276513,0.000121,0.000067,-0.000727,1.918912,1.918912,1.918912
62175.000000,33.577954,-117.064058,396.318105,33.578182,-117.064231,442.829671,0.000127,0.000070,-0.000738,1.910625,1.910625,1.910625
62190.000000,33.577955,-117.064059,395.693171,33.578180,-117.064230,442.369774,0.000133,0.000074,-0.000750,1.902145,1.902145,1.902145
62205.000000,33.577954,-117.064061,397.030044,33.578177,-117.064228,441.897175,0.000139,0.000078,-0.000761,1.893074,1.893074,1.893074
62220.000000,33.577956,-117.064060,395.871381,33.578175,-117.064226,441.412224,0.000146,0.000082,-0.000773,1.883940,1.883940,1.883940
62235.000000,33.577955,-117.064062,396.118685,33.578172,-117.064224,440.912160,0.000152,0.000085,-0.000785,1.874379,1.874379,1.874379
62250.000000,33.577958,-117.064063,395.748446,33.578170,-117.064222,440.410707,0.000159,0.000090,-0.000798,1.864811,1.864811,1.864811
62265.000000,33.577958,-117.064062,395.450216,33.578168,-117.064221,439.901270,0.000166,0.000094,-0.000810,1.855083,1.855083,1.855083
62280.000000,33.577959,-117.064065,395.675730,33.578165,-117.064219,439.378832,0.000173,0.000098,-0.000823,1.844962,1.844962,1.844962
62295.000000,33.577959,-117.064066,395.110335,33.578163,-117.064217,438.854350,0.000179,0.000102,-0.000835,1.834868,1.834868,1.834868
62310.000000,33.577958,-117.064067,395.132095,33.578160,-117.064215,438.317454,0.000186,0.000107,-0.000848,1.824437,1.824437,1.824437
62325.000000,33.577959,-117.064065,395.026139,33.578158,-117.064213,437.793274,0.000193,0.000111,-0.000861,1.814228,1.814228,1.814228
62340.000000,33.577960,-117.064067,395.005924,33.578155,-117.064212,437.243179,0.000200,0.000116,-0.000874,1.803399,1.803399,1.803399
62355.000000,33.577961,-117.064066,394.802269,33.578152,-117.064210,436.686873,0.000208,0.000121,-0.000887,1.792412,1.792412,1.792412
62370.000000,33.577962,-117.064067,395.072408,33.578150,-117.064208,436.126164,0.000215,0.000125,-0.000900,1.781170,1.781170,1.781170
62385.000000,33.577963,-117.064068,394.460950,33.578147,-117.064206,435.574945,0.000222,0.000130,-0.000913,1.770221,1.770221,1.770221
62400.000000,33.577963,-117.064068,394.385189,33.578145,-117.064204,435.008505,0.000229,0.000135,-0.000927,1.758881,1.758881,1.758881
62415.000000,33.577962,-117.064069,394.183277,33.578142,-117.064202,434.444029,0.000237,0.000140,-0.000940,1.747553,1.747553,1.747553
62430.000000,33.577964,-117.064070,394.390965,33.578140,-117.064200,433.896714,0.000244,0.000145,-0.000953,1.736450,1.736450,1.736450
62445.000000,33.577967,-117.064072,394.510855,33.578137,-117.064199,433.364740,0.000251,0.000149,-0.000965,1.725564,1.725564,1.725564
62460.000000,33.577966,-117.064073,394.967801,33.578135,-117.064197,432.851928,0.000257,0.000154,-0.000977,1.714887,1.714887,1.714887
62475.000000,33.577966,-117.064074,394.327276,33.578133,-117.064195,432.343393,0.000263,0.000158,-0.000989,1.704414,1.704414,1.704414
62490.000000,33.577965,-117.064073,394.600295,33.578130,-117.064194,431.850623,0.000270,0.000163,-0.001000,1.694138,1.694138,1.694138
62505.000000,33.577968,-117.064075,393.961701,33.578128,-117.064192,431.361551,0.000276,0.000167,-0.001012,1.684053,1.684053,1.684053
62520.000000,33.577968,-117.064077,394.723361,33.578126,-117.064191,430.893481,0.000282,0.000171,-0.001022,1.674153,1.674153,1.674153
62535.000000,33.577967,-117.064076,394.992680,33.578124,-117.064189,430.439606,0.000287,0.000175,-0.001033,1.664432,1.664432,1.664432
62550.000000,33.577970,-117.064078,394.702076,33.578122,-117.064188,429.992610,0.000293,0.000179,-0.001043,1.654886,1.654886,1.654886
62565.000000,33.577971,-117.064078,394.837102,33.578120,-117.064187,429.557372,0.000298,0.000183,-0.001053,1.645509,1.645509,1.645509
62580.000000,33.577971,-117.064078,394.551930,33.578118,-117.064185,429.128488,0.000304,0.000187,-0.001063,1.636297,1.636297,1.636297
62595.000000,33.577971,-117.064080,394.553728,33.578117,-117.064184,428.709114,0.000309,0.000191,-0.001072,1.627244,1.627244,1.627244
62610.000000,33.577971,-117.064079,394.592023,33.578115,-117.064183,428.299354,0.000314,0.000195,-0.001082,1.618346,1.618346,1.618346
62625.000000,33.577973,-117.064081,394.159160,33.578113,-117.064182,427.893462,0.000319,0.000198,-0.001091,1.609599,1.609599,1.609599
62640.000000,33.577976,-117.064082,393.815314,33.578111,-117.064180,427.492321,0.000324,0.000202,-0.001100,1.600998,1.600998,1.600998
62655.000000,33.577975,-117.064081,393.489017,33.578110,-117.064179,427.095971,0.000329,0.000206,-0.001108,1.592540,1.592540,1.592540
62670.000000,33.577975,-117.064085,394.078551,33.578108,-117.064178,426.714470,0.000333,0.000210,-0.001117,1.584221,1.584221,1.584221
62685.000000,33.578303,-117.064292,493.587645,33.578108,-117.064178,426.712568,0.000333,0.000210,-0.001117,1.584671,1.584671,1.584671
62700.000000,33.578307,-117.064295,493.510523,33.578108,-117.064178,426.710423,0.000333,0.000209,-0.001116,1.585124,1.585124,1.585124
62715.000000,33.578307,-117.064297,492.837153,33.578108,-117.064178,426.708205,0.000333,0.000209,-0.001116,1.585577,1.585577,1.585577
62730.000000,33.578309,-117.064296,491.533784,33.578108,-117.064178,426.705751,0.000333,0.000209,-0.001116,1.586030,1.586030,1.586030
62745.000000,33.578309,-117.064298,490.916592,33.578108,-117.064178,426.703138,0.000333,0.000209,-0.001116,1.586484,1.586484,1.586484
62760.000000,33.578313,-117.064299,490.288394,33.578108,-117.064178,426.700405,0.000332,0.000209,-0.001116,1.586938,1.586938,1.586938
62775.000000,33.578312,-117.064302,489.535563,33.578108,-117.064178,426.697535,0.000332,0.000209,-0.001115,1.587393,1.587393,1.587393
62790.000000,33.578313,-117.064303,489.470077,33.578108,-117.064178,426.694622,0.000332,0.000209,-0.001115,1.587847,1.587847,1.587847
62805.000000,33.578315,-117.064304,487.939091,33.578108,-117.064178,426.691460,0.000332,0.000209,-0.001115,1.588302,1.588302,1.588302
62820.000000,33.578314,-117.064306,488.139506,33.578108,-117.064178,426.688323,0.000332,0.000208,-0.001115,1.588757,1.588757,1.588757
62835.000000,33.578317,-117.064307,487.138358,33.578107,-117.064178,426.684949,0.000332,0.000208,-0.001114,1.589213,1.589213,1.589213
62850.000000,33.578318,-117.064310,486.871455,33.578107,-117.064178,426.681516,0.000332,0.000208,-0.001114,1.589670,1.589670,1.589670
62865.000000,33.578322,-117.064311,485.055394,33.578107,-117.064178,426.677758,0.000332,0.000208,-0.001114,1.590126,1.590126,1.590126
62880.000000,33.578320,-117.064313,485.295824,33.578107,-117.064178,426.674021,0.000331,0.000208,-0.001114,1.590583,1.590583,1.590583
62895.000000,33.578327,-117.064313,482.929025,33.578107,-117.064178,426.669862,0.000331,0.000208,-0.001114,1.591041,1.591041,1.591041
62910.000000,33.578322,-117.064317,483.358189,33.578107,-117.064178,426.665811,0.000331,0.000208,-0.001113,1.591498,1.591498,1.591498
62925.000000,33.578327,-117.064317,481.565329,33.578107,-117.064178,426.661372,0.000331,0.000208,-0.001113,1.591957,1.591957,1.591957
62940.000000,33.578327,-117.064317,481.357857,33.578107,-117.064178,426.656966,0.000331,0.000208,-0.001113,1.592415,1.592415,1.592415
62955.000000,33.578328,-117.064318,480.629466,33.578107,-117.064178,426.652373,0.000331,0.000208,-0.001113,1.592873,1.592873,1.592873
62970.000000,33.578326,-117.064322,480.196336,33.578107,-117.064178,426.647798,0.000331,0.000207,-0.001113,1.593331,1.593331,1.593331
62985.000000,33.578330,-117.064324,479.099827,33.578107,-117.064178,426.642962,0.000331,0.000207,-0.001112,1.593790,1.593790,1.593790
63000.000000,33.578332,-117.064326,478.111797,33.578107,-117.064178,426.638006,0.000331,0.000207,-0.001112,1.594249,1.594249,1.594249
63015.000000,33.578336,-117.064328,476.574134,33.578107,-117.064178,426.632767,0.000331,0.000207,-0.001112,1.594708,1.594708,1.594708
63030.000000,33.578336,-117.064329,476.085529,33.578107,-117.064178,426.627465,0.000330,0.000207,-0.001112,1.595166,1.595166,1.595166
63045.000000,33.578335,-117.064331,475.935396,33.578107,-117.064178,426.622101,0.000330,0.000207,-0.001112,1.595626,1.595626,1.595626
63060.000000,33.578335,-117.064332,475.121828,33.578107,-117.064178,426.616617,0.000330,0.000207,-0.001111,1.596085,1.596085,1.596085
63075.000000,33.578338,-117.064334,473.800202,33.578106,-117.064178,426.610915,0.000330,0.000207,-0.001111,1.596545,1.596545,1.596545
63090.000000,33.578338,-117.064334,472.968412,33.578106,-117.064178,426.605045,0.000330,0.000207,-0.001111,1.597005,1.597005,1.597005
63105.000000,33.578341,-117.064336,472.096345,33.578106,-117.064178,426.599050,0.000330,0.000207,-0.001111,1.597465,1.597465,1.597465
63120.000000,33.578342,-117.064338,470.962839,33.578106,-117.064178,426.592890,0.000330,0.000207,-0.001111,1.597925,1.597925,1.597925
63135.000000,33.578345,-117.064340,470.649825,33.578106,-117.064178,426.586596,0.000330,0.000207,-0.001110,1.598387,1.598387,1.598387
63150.000000,33.578341,-117.064342,470.774179,33.578106,-117.064178,426.580402,0.000330,0.000207,-0.001110,1.598847,1.598847,1.598847
63165.000000,33.578346,-117.064344,468.566381,33.578106,-117.064178,426.573851,0.000330,0.000207,-0.001110,1.599307,1.599307,1.599307
63180.000000,33.578349,-117.064348,468.464311,33.578106,-117.064178,426.567210,0.000329,0.000207,-0.001110,1.599769,1.599769,1.599769
63195.000000,33.578352,-117.064348,466.634808,33.578106,-117.064178,426.560319,0.000329,0.000207,-0.001110,1.600230,1.600230,1.600230
63210.000000,33.578351,-117.064351,466.446152,33.578106,-117.064178,426.553385,0.000329,0.000206,-0.001110,1.600691,1.600691,1.600691
63225.000000,33.578356,-117.064352,464.922668,33.578106,-117.064178,426.546167,0.000329,0.000206,-0.001109,1.601153,1.601153,1.601153
63240.000000,33.578339,-117.064286,477.359719,33.578106,-117.064178,426.543566,0.000329,0.000206,-0.001109,1.601574,1.601574,1.601574
63255.000000,33.578340,-117.064292,475.034823,33.578106,-117.064178,426.540524,0.000329,0.000206,-0.001109,1.601995,1.601995,1.601995
63270.000000,33.578336,-117.064283,477.346701,33.578106,-117.064178,426.537897,0.000329,0.000206,-0.001109,1.602416,1.602416,1.602416
63285.000000,33.578338,-117.064280,477.613993,33.578106,-117.064178,426.535205,0.000329,0.000206,-0.001108,1.602840,1.602840,1.602840
63300.000000,33.578341,-117.064289,475.912335,33.578106,-117.064178,426.532187,0.000329,0.000206,-0.001108,1.603263,1.603263,1.603263
63315.000000,33.578343,-117.064282,475.689648,33.578106,-117.064178,426.529039,0.000329,0.000206,-0.001108,1.603688,1.603688,1.603688
63330.000000,33.578345,-117.064292,473.688941,33.578105,-117.064178,426.525547,0.000328,0.000206,-0.001108,1.604111,1.604111,1.604111
63345.000000,33.578345,-117.064291,473.502837,33.578105,-117.064178,426.522001,0.000328,0.000206,-0.001107,1.604535,1.604535,1.604535
63360.000000,33.578343,-117.064287,473.962129,33.578105,-117.064178,426.518485,0.000328,0.000206,-0.001107,1.604960,1.604960,1.604960
63375.000000,33.578346,-117.064294,472.350147,33.578105,-117.064178,426.514581,0.000328,0.000205,-0.001107,1.605386,1.605386,1.605386
63390.000000,33.578344,-117.064294,472.594463,33.578105,-117.064178,426.510823,0.000328,0.000205,-0.001107,1.605811,1.605811,1.605811
63405.000000,33.578344,-117.064284,473.502798,33.578105,-117.064178,426.507180,0.000328,0.000205,-0.001106,1.606237,1.606237,1.606237
63420.000000,33.578344,-117.064284,473.299313,33.578105,-117.064178,426.503507,0.000328,0.000205,-0.001106,1.606662,1.606662,1.606662
63435.000000,33.578347,-117.064285,471.215919,33.578105,-117.064178,426.499380,0.000328,0.000205,-0.001106,1.607089,1.607089,1.607089
63450.000000,33.578349,-117.064283,470.846879,33.578105,-117.064178,426.495176,0.000328,0.000205,-0.001106,1.607515,1.607515,1.607515
63465.000000,33.578347,-117.064279,471.216489,33.578105,-117.064178,426.491098,0.000328,0.000205,-0.001105,1.607941,1.607941,1.607941
63480.000000,33.578350,-117.064296,468.490791,33.578105,-117.064178,426.486464,0.000327,0.000205,-0.001105,1.608367,1.608367,1.608367
63495.000000,33.578349,-117.064299,468.115956,33.578105,-117.064178,426.481784,0.000327,0.000205,-0.001105,1.608792,1.608792,1.608792
63510.000000,33.578348,-117.064285,469.511585,33.578105,-117.064178,426.477365,0.000327,0.000205,-0.001105,1.609217,1.609217,1.609217
63525.000000,33.578349,-117.064285,468.710213,33.578105,-117.064178,426.472703,0.000327,0.000205,-0.001105,1.609645,1.609645,1.609645
63540.000000,33.578351,-117.064294,467.313110,33.578105,-117.064178,426.467838,0.000327,0.000205,-0.001104,1.610071,1.610071,1.610071
63555.000000,33.578352,-117.064280,468.419611,33.578105,-117.064178,426.463121,0.000327,0.000205,-0.001104,1.610498,1.610498,1.610498
63570.000000,33.578352,-117.064281,468.431865,33.578105,-117.064178,426.458394,0.000327,0.000205,-0.001104,1.610926,1.610926,1.610926
63585.000000,33.578356,-117.064290,465.981772,33.578105,-117.064178,426.453230,0.000327,0.000204,-0.001104,1.611352,1.611352,1.611352
63600.000000,33.578358,-117.064292,465.066008,33.578105,-117.064178,426.447815,0.000327,0.000204,-0.001103,1.611780,1.611780,1.611780
63615.000000,33.578354,-117.064286,465.997329,33.578105,-117.064178,426.442668,0.000327,0.000204,-0.001103,1.612207,1.612207,1.612207
63630.000000,33.578352,-117.064283,466.632087,33.578104,-117.064178,426.437642,0.000327,0.000204,-0.001103,1.612634,1.612634,1.612634
63645.000000,33.578358,-117.064293,463.700939,33.578104,-117.064178,426.432043,0.000326,0.000204,-0.001103,1.613060,1.613060,1.613060
63660.000000,33.578359,-117.064288,463.708101,33.578104,-117.064178,426.426388,0.000326,0.000204,-0.001102,1.613488,1.613488,1.613488
63675.000000,33.578357,-117.064283,463.789574,33.578104,-117.064178,426.420749,0.000326,0.000204,-0.001102,1.613916,1.613916,1.613916
63690.000000,33.578357,-117.064286,462.986400,33.578104,-117.064178,426.415029,0.000326,0.000204,-0.001102,1.614342,1.614342,1.614342
63705.000000,33.578357,-117.064285,462.616999,33.578104,-117.064178,426.409238,0.000326,0.000204,-0.001102,1.614768,1.614768,1.614768
63720.000000,33.578359,-117.064287,461.315464,33.578104,-117.064178,426.403188,0.000326,0.000204,-0.001102,1.615194,1.615194,1.615194
63735.000000,33.578358,-117.064282,462.351931,33.578104,-117.064178,426.397324,0.000326,0.000204,-0.001101,1.615620,1.615620,1.615620
63750.000000,33.578361,-117.064286,460.897971,33.578104,-117.064178,426.391186,0.000326,0.000204,-0.001101,1.616046,1.616046,1.616046
63765.000000,33.578357,-117.064287,461.185815,33.578104,-117.064178,426.385136,0.000326,0.000204,-0.001101,1.616472,1.616472,1.616472
63780.000000,33.578357,-117.064292,460.472288,33.578104,-117.064177,426.378994,0.000326,0.000204,-0.001101,1.616896,1.616896,1.616896
63795.000000,33.578360,-117.064285,460.038835,33.578104,-117.064177,426.372638,0.000326,0.000204,-0.001101,1.617324,1.617324,1.617324
63810.000000,33.578362,-117.064284,460.221667,33.578104,-117.064177,426.366270,0.000326,0.000204,-0.001100,1.617753,1.617753,1.617753
63825.000000,33.578360,-117.064284,460.297881,33.578104,-117.064177,426.359968,0.000326,0.000204,-0.001100,1.618180,1.618180,1.618180
63840.000000,33.578361,-117.064293,458.702931,33.578104,-117.064177,426.353338,0.000325,0.000204,-0.001100,1.618608,1.618608,1.618608
63855.000000,33.578365,-117.064293,457.568640,33.578104,-117.064177,426.346489,0.000325,0.000204,-0.001100,1.619036,1.619036,1.619036
63870.000000,33.578366,-117.064289,457.501488,33.578104,-117.064177,426.339604,0.000325,0.000204,-0.001099,1.619464,1.619464,1.619464
63885.000000,33.578367,-117.064288,456.669815,33.578104,-117.064177,426.332536,0.000325,0.000204,-0.001099,1.619893,1.619893,1.619893
63900.000000,33.578367,-117.064288,456.564776,33.578104,-117.064177,426.325433,0.000325,0.000204,-0.001099,1.620322,1.620322,1.620322
63915.000000,33.578365,-117.064292,455.774211,33.578104,-117.064177,426.318179,0.000325,0.000204,-0.001099,1.620752,1.620752,1.620752
63930.000000,33.578369,-117.064293,454.656283,33.578104,-117.064177,426.310695,0.000325,0.000204,-0.001099,1.621181,1.621181,1.621181
63945.000000,33.578366,-117.064287,456.187180,33.578104,-117.064177,426.303526,0.000325,0.000204,-0.001098,1.621610,1.621610,1.621610
63960.000000,33.578370,-117.064281,455.303603,33.578103,-117.064177,426.296119,0.000325,0.000204,-0.001098,1.622041,1.622041,1.622041
63975.000000,33.578370,-117.064284,454.044310,33.578103,-117.064177,426.288474,0.000325,0.000204,-0.001098,1.622472,1.622472,1.622472
63990.000000,33.578366,-117.064291,454.323203,33.578103,-117.064177,426.280951,0.000325,0.000204,-0.001098,1.622901,1.622901,1.622901
64005.000000,33.578370,-117.064295,452.547414,33.578103,-117.064177,426.273101,0.000325,0.000204,-0.001098,1.623330,1.623330,1.623330
64020.000000,33.578366,-117.064295,452.979989,33.578103,-117.064177,426.265370,0.000325,0.000204,-0.001097,1.623757,1.623757,1.623757
64035.000000,33.578370,-117.064292,452.350028,33.578103,-117.064177,426.257488,0.000325,0.000204,-0.001097,1.624185,1.624185,1.624185
64050.000000,33.578368,-117.064293,451.988825,33.578103,-117.064177,426.249520,0.000325,0.000204,-0.001097,1.624614,1.624614,1.624614
64065.000000,33.578366,-117.064286,453.136377,33.578103,-117.064177,426.241758,0.000325,0.000204,-0.001097,1.625043,1.625043,1.625043
64080.000000,33.578371,-117.064289,451.232664,33.578103,-117.064177,426.233597,0.000324,0.000204,-0.001097,1.625473,1.625473,1.625473
64095.000000,33.578368,-117.064286,451.574688,33.578103,-117.064177,426.225529,0.000324,0.000204,-0.001097,1.625903,1.625903,1.625903
64110.000000,33.578373,-117.064289,450.388931,33.578103,-117.064177,426.217220,0.000324,0.000204,-0.001096,1.626333,1.626333,1.626333
64125.000000,33.578374,-117.064288,449.914295,33.578103,-117.064177,426.208812,0.000324,0.000204,-0.001096,1.626763,1.626763,1.626763
64140.000000,33.578370,-117.064286,450.089925,33.578103,-117.064177,426.200486,0.000324,0.000204,-0.001096,1.627191,1.627191,1.627191
64155.000000,33.578373,-117.064288,448.712760,33.578103,-117.064177,426.191886,0.000324,0.000204,-0.001096,1.627619,1.627619,1.627619
64170.000000,33.578374,-117.064293,448.101238,33.578103,-117.064177,426.183162,0.000324,0.000204,-0.001096,1.628048,1.628048,1.628048
64185.000000,33.578374,-117.064292,447.938394,33.578103,-117.064177,426.174432,0.000324,0.000204,-0.001095,1.628475,1.628475,1.628475
64200.000000,33.578375,-117.064294,446.921052,33.578103,-117.064177,426.165476,0.000324,0.000204,-0.001095,1.628904,1.628904,1.628904
64215.000000,33.578375,-117.064292,446.262951,33.578103,-117.064177,426.156412,0.000324,0.000204,-0.001095,1.629331,1.629331,1.629331
64230.000000,33.578376,-117.064292,445.969726,33.578103,-117.064177,426.147272,0.000324,0.000204,-0.001095,1.629760,1.629760,1.629760
64245.000000,33.578374,-117.064290,446.317406,33.578103,-117.064177,426.138226,0.000324,0.000204,-0.001095,1.630187,1.630187,1.630187
64260.000000,33.578376,-117.064295,445.348226,33.578103,-117.064177,426.128957,0.000324,0.000204,-0.001094,1.630616,1.630616,1.630616
64275.000000,33.578375,-117.064292,445.331052,33.578103,-117.064177,426.119729,0.000324,0.000204,-0.001094,1.631043,1.631043,1.631043
64290.000000,33.578374,-117.064293,444.722295,33.578102,-117.064177,426.110406,0.000324,0.000204,-0.001094,1.631469,1.631469,1.631469
64305.000000,33.578376,-117.064291,444.485899,33.578102,-117.064177,426.101017,0.000324,0.000204,-0.001094,1.631895,1.631895,1.631895
64320.000000,33.578375,-117.064289,444.866378,33.578102,-117.064177,426.091687,0.000324,0.000204,-0.001094,1.632323,1.632323,1.632323
64335.000000,33.578378,-117.064292,443.629036,33.578102,-117.064177,426.082128,0.000324,0.000204,-0.001094,1.632750,1.632750,1.632750
64350.000000,33.578376,-117.064295,443.066374,33.578102,-117.064177,426.072498,0.000324,0.000204,-0.001093,1.633175,1.633175,1.633175
64365.000000,33.578376,-117.064291,443.338392,33.578102,-117.064177,426.062904,0.000324,0.000204,-0.001093,1.633600,1.633600,1.633600
64380.000000,33.578375,-117.064293,442.351095,33.578102,-117.064177,426.053106,0.000324,0.000204,-0.001093,1.634026,1.634026,1.634026
64395.000000,33.578187,-117.064386,484.600442,33.578102,-117.064177,426.050058,0.000323,0.000204,-0.001093,1.634481,1.634481,1.634481
64410.000000,33.578189,-117.064382,483.540069,33.578102,-117.064177,426.046801,0.000323,0.000204,-0.001093,1.634935,1.634935,1.634935
64425.000000,33.578190,-117.064381,483.106879,33.578102,-117.064177,426.043437,0.000323,0.000204,-0.001093,1.635391,1.635391,1.635391
64440.000000,33.578191,-117.064381,482.065214,33.578102,-117.064177,426.039903,0.000323,0.000204,-0.001092,1.635846,1.635846,1.635846
64455.000000,33.578195,-117.064380,481.125364,33.578102,-117.064177,426.036151,0.000323,0.000204,-0.001092,1.636302,1.636302,1.636302
64470.000000,33.578198,-117.064378,480.335057,33.578102,-117.064177,426.032309,0.000323,0.000203,-0.001092,1.636757,1.636757,1.636757
64485.000000,33.578200,-117.064378,479.152842,33.578102,-117.064177,426.028225,0.000322,0.000203,-0.001092,1.637214,1.637214,1.637214
64500.000000,33.578203,-117.064375,477.984216,33.578102,-117.064177,426.023909,0.000322,0.000203,-0.001092,1.637670,1.637670,1.637670
64515.000000,33.578205,-117.064375,476.995052,33.578101,-117.064177,426.019411,0.000322,0.000203,-0.001092,1.638128,1.638128,1.638128
64530.000000,33.578209,-117.064377,475.537672,33.578101,-117.064177,426.014670,0.000322,0.000203,-0.001091,1.638585,1.638585,1.638585
64545.000000,33.578215,-117.064376,474.693466,33.578101,-117.064177,426.009830,0.000322,0.000203,-0.001091,1.639041,1.639041,1.639041
64560.000000,33.578216,-117.064375,473.694463,33.578101,-117.064177,426.004780,0.000322,0.000203,-0.001091,1.639498,1.639498,1.639498
64575.000000,33.578220,-117.064371,472.908466,33.578101,-117.064177,425.999638,0.000322,0.000203,-0.001091,1.639955,1.639955,1.639955
64590.000000,33.578222,-117.064372,471.582580,33.578101,-117.064177,425.994241,0.000322,0.000203,-0.001091,1.640412,1.640412,1.640412
64605.000000,33.578224,-117.064371,470.629408,33.578101,-117.064177,425.988692,0.000321,0.000203,-0.001091,1.640869,1.640869,1.640869
64620.000000,33.578228,-117.064370,469.940569,33.578101,-117.064177,425.983083,0.000321,0.000203,-0.001091,1.641326,1.641326,1.641326
64635.000000,33.578230,-117.064369,468.932610,33.578101,-117.064177,425.977249,0.000321,0.000202,-0.001090,1.641783,1.641783,1.641783
64650.000000,33.578232,-117.064368,468.504764,33.578101,-117.064177,425.971336,0.000321,0.000202,-0.001090,1.642241,1.642241,1.642241
64665.000000,33.578236,-117.064367,467.215020,33.578101,-117.064177,425.965232,0.000321,0.000202,-0.001090,1.642698,1.642698,1.642698
64680.000000,33.578234,-117.064366,467.049158,33.578101,-117.064177,425.959089,0.000321,0.000202,-0.001090,1.643155,1.643155,1.643155
64695.000000,33.578238,-117.064368,465.689557,33.578101,-117.064177,425.952726,0.000321,0.000202,-0.001090,1.643612,1.643612,1.643612
64710.000000,33.578240,-117.064367,464.865395,33.578100,-117.064177,425.946259,0.000321,0.000202,-0.001090,1.644069,1.644069,1.644069
64725.000000,33.578242,-117.064362,464.476840,33.578100,-117.064177,425.939667,0.000321,0.000202,-0.001090,1.644527,1.644527,1.644527
64740.000000,33.578244,-117.064366,462.905955,33.578100,-117.064177,425.932874,0.000320,0.000202,-0.001089,1.644984,1.644984,1.644984
64755.000000,33.578244,-117.064365,462.519188,33.578100,-117.064177,425.926019,0.000320,0.000202,-0.001089,1.645440,1.645440,1.645440
64770.000000,33.578248,-117.064363,461.592678,33.578100,-117.064177,425.919036,0.000320,0.000202,-0.001089,1.645896,1.645896,1.645896
64785.000000,33.578251,-117.064364,460.374528,33.578100,-117.064177,425.911804,0.000320,0.000202,-0.001089,1.646353,1.646353,1.646353
64800.000000,33.578252,-117.064363,459.820340,33.578100,-117.064177,425.904495,0.000320,0.000202,-0.001089,1.646810,1.646810,1.646810
64815.000000,33.578251,-117.064363,459.421169,33.578100,-117.064177,425.897114,0.000320,0.000202,-0.001089,1.647267,1.647267,1.647267
64830.000000,33.578256,-117.064362,458.302752,33.578100,-117.064177,425.889573,0.000320,0.000202,-0.001089,1.647723,1.647723,1.647723
64845.000000,33.578258,-117.064362,457.120413,33.578100,-117.064177,425.881825,0.000320,0.000202,-0.001088,1.648180,1.648180,1.648180
64860.000000,33.578259,-117.064358,456.989308,33.578100,-117.064177,425.874084,0.000320,0.000202,-0.001088,1.648636,1.648636,1.648636
64875.000000,33.578261,-117.064357,456.221809,33.578100,-117.064177,425.866229,0.000320,0.000202,-0.001088,1.649091,1.649091,1.649091
64890.000000,33.578266,-117.064357,454.940046,33.578100,-117.064177,425.858117,0.000319,0.000202,-0.001088,1.649548,1.649548,1.649548
64905.000000,33.578266,-117.064355,454.256511,33.578100,-117.064177,425.849933,0.000319,0.000202,-0.001088,1.650004,1.650004,1.650004
64920.000000,33.578269,-117.064356,453.322435,33.578099,-117.064177,425.841613,0.000319,0.000202,-0.001088,1.650458,1.650458,1.650458
64935.000000,33.578271,-117.064355,452.720395,33.578099,-117.064177,425.833200,0.000319,0.000202,-0.001088,1.650913,1.650913,1.650913
64950.000000,33.578271,-117.064354,452.214145,33.578099,-117.064177,425.824671,0.000319,0.000202,-0.001088,1.651369,1.651369,1.651369
64965.000000,33.578272,-117.064353,451.457113,33.578099,-117.064177,425.816009,0.000319,0.000202,-0.001087,1.651824,1.651824,1.651824
64980.000000,33.578271,-117.064354,450.782882,33.578099,-117.064177,425.807241,0.000319,0.000202,-0.001087,1.652280,1.652280,1.652280
64995.000000,33.578278,-117.064354,449.845309,33.578099,-117.064177,425.798294,0.000319,0.000202,-0.001087,1.652736,1.652736,1.652736
65010.000000,33.578276,-117.064351,449.340844,33.578099,-117.064177,425.789296,0.000319,0.000202,-0.001087,1.653191,1.653191,1.653191
65025.000000,33.578278,-117.064352,448.549420,33.578099,-117.064177,425.780168,0.000319,0.000202,-0.001087,1.653646,1.653646,1.653646
65040.000000,33.578280,-117.064351,447.516702,33.578099,-117.064177,425.770862,0.000319,0.000202,-0.001087,1.654102,1.654102,1.654102
65055.000000,33.578281,-117.064350,446.794415,33.578099,-117.064177,425.761419,0.000319,0.000202,-0.001087,1.654557,1.654557,1.654557
65070.000000,33.578283,-117.064351,445.915819,33.578099,-117.064177,425.751856,0.000319,0.000202,-0.001087,1.655012,1.655012,1.655012
65085.000000,33.578286,-117.064350,445.598720,33.578099,-117.064177,425.742281,0.000318,0.000202,-0.001086,1.655465,1.655465,1.655465
65100.000000,33.578286,-117.064349,444.718487,33.578099,-117.064177,425.732531,0.000318,0.000202,-0.001086,1.655919,1.655919,1.655919
65115.000000,33.578286,-117.064351,443.805890,33.578099,-117.064177,425.722651,0.000318,0.000202,-0.001086,1.656372,1.656372,1.656372
65130.000000,33.578293,-117.064348,442.740989,33.578099,-117.064177,425.712598,0.000318,0.000202,-0.001086,1.656824,1.656824,1.656824
65145.000000,33.578292,-117.064348,442.673170,33.578098,-117.064177,425.702538,0.000318,0.000202,-0.001086,1.657276,1.657276,1.657276
65160.000000,33.578292,-117.064347,441.898420,33.578098,-117.064177,425.692327,0.000318,0.000202,-0.001086,1.657729,1.657729,1.657729
65175.000000,33.578294,-117.064347,441.323332,33.578098,-117.064177,425.682053,0.000318,0.000202,-0.001086,1.658181,1.658181,1.658181
65190.000000,33.578295,-117.064348,440.569382,33.578098,-117.064177,425.671624,0.000318,0.000202,-0.001086,1.658633,1.658633,1.658633
65205.000000,33.578297,-117.064346,440.055366,33.578098,-117.064177,425.661132,0.000318,0.000202,-0.001086,1.659084,1.659084,1.659084
65220.000000,33.578296,-117.064347,439.844611,33.578098,-117.064177,425.650584,0.000318,0.000202,-0.001085,1.659536,1.659536,1.659536
65235.000000,33.578299,-117.064346,439.184594,33.578098,-117.064177,425.639936,0.000318,0.000202,-0.001085,1.659988,1.659988,1.659988
65250.000000,33.578298,-117.064345,438.666343,33.578098,-117.064177,425.629189,0.000318,0.000202,-0.001085,1.660440,1.660440,1.660440
65265.000000,33.578303,-117.064343,437.788108,33.578098,-117.064177,425.618294,0.000318,0.000202,-0.001085,1.660892,1.660892,1.660892
65280.000000,33.578300,-117.064343,437.242554,33.578098,-117.064177,425.607312,0.000318,0.000202,-0.001085,1.661343,1.661343,1.661343
65295.000000,33.578303,-117.064342,436.547812,33.578098,-117.064177,425.596207,0.000318,0.000202,-0.001085,1.661795,1.661795,1.661795
65310.000000,33.578301,-117.064342,435.635278,33.578098,-117.064177,425.584940,0.000318,0.000202,-0.001085,1.662246,1.662246,1.662246
65325.000000,33.578305,-117.064340,435.631473,33.578098,-117.064177,425.573701,0.000317,0.000202,-0.001085,1.662696,1.662696,1.662696
65340.000000,33.578302,-117.064342,434.613153,33.578098,-117.064177,425.562269,0.000317,0.000202,-0.001085,1.663147,1.663147,1.663147
65355.000000,33.578305,-117.064342,434.021036,33.578098,-117.064177,425.550739,0.000317,0.000202,-0.001084,1.663597,1.663597,1.663597
65370.000000,33.578304,-117.064342,433.139187,33.578098,-117.064177,425.539054,0.000317,0.000202,-0.001084,1.664047,1.664047,1.664047
65385.000000,33.578303,-117.064343,432.835943,33.578097,-117.064177,425.527306,0.000317,0.000202,-0.001084,1.664498,1.664498,1.664498
65400.000000,33.578306,-117.064341,432.029329,33.578097,-117.064177,425.515423,0.000317,0.000202,-0.001084,1.664949,1.664949,1.664949
65415.000000,33.578307,-117.064342,431.499879,33.578097,-117.064177,425.503456,0.000317,0.000202,-0.001084,1.665398,1.665398,1.665398
65430.000000,33.578312,-117.064340,430.267402,33.578097,-117.064177,425.491269,0.000317,0.000203,-0.001084,1.665848,1.665848,1.665848
65445.000000,33.578315,-117.064340,430.399810,33.578097,-117.064177,425.479120,0.000317,0.000203,-0.001084,1.666295,1.666295,1.666295
65460.000000,33.578312,-117.064341,430.113955,33.578097,-117.064177,425.466923,0.000317,0.000203,-0.001084,1.666742,1.666742,1.666742
65475.000000,33.578313,-117.064339,429.832728,33.578097,-117.064177,425.454680,0.000317,0.000203,-0.001084,1.667189,1.667189,1.667189
65490.000000,33.578311,-117.064338,429.720101,33.578097,-117.064177,425.442420,0.000317,0.000203,-0.001084,1.667635,1.667635,1.667635
65505.000000,33.578313,-117.064340,428.701813,33.578097,-117.064177,425.429977,0.000317,0.000203,-0.001083,1.668081,1.668081,1.668081
65520.000000,33.578314,-117.064339,428.360433,33.578097,-117.064177,425.417474,0.000317,0.000203,-0.001083,1.668526,1.668526,1.668526
65535.000000,33.578315,-117.064339,428.025613,33.578097,-117.064177,425.404918,0.000317,0.000203,-0.001083,1.668970,1.668970,1.668970
65550.000000,33.578316,-117.064338,427.320187,33.578097,-117.064177,425.392229,0.000317,0.000203,-0.001083,1.669415,1.669415,1.669415
65565.000000,33.578313,-117.064338,427.208030,33.578097,-117.064177,425.379523,0.000317,0.000203,-0.001083,1.669859,1.669859,1.669859
65580.000000,33.578312,-117.064340,427.057128,33.578097,-117.064177,425.366790,0.000317,0.000203,-0.001083,1.670304,1.670304,1.670304
65595.000000,33.578316,-117.064339,425.858138,33.578097,-117.064177,425.353837,0.000317,0.000203,-0.001083,1.670747,1.670747,1.670747
65610.000000,33.578192,-117.064310,453.996629,33.578097,-117.064177,425.347382,0.000317,0.000203,-0.001083,1.671155,1.671155,1.671155
65625.000000,33.578191,-117.064306,453.733970,33.578097,-117.064177,425.340797,0.000317,0.000203,-0.001083,1.671565,1.671565,1.671565
65640.000000,33.578193,-117.064307,452.837496,33.578096,-117.064177,425.334062,0.000316,0.000203,-0.001083,1.671974,1.671974,1.671974
65655.000000,33.578191,-117.064305,452.872562,33.578096,-117.064177,425.327355,0.000316,0.000203,-0.001082,1.672383,1.672383,1.672383
65670.000000,33.578194,-117.064306,451.665791,33.578096,-117.064177,425.320400,0.000316,0.000203,-0.001082,1.672791,1.672791,1.672791
65685.000000,33.578194,-117.064305,452.324047,33.578096,-117.064177,425.313664,0.000316,0.000203,-0.001082,1.673196,1.673196,1.673196
65700.000000,33.578195,-117.064303,451.044546,33.578096,-117.064177,425.306601,0.000316,0.000203,-0.001082,1.673603,1.673603,1.673603
65715.000000,33.578197,-117.064303,450.391388,33.578096,-117.064177,425.299413,0.000316,0.000203,-0.001082,1.674009,1.674009,1.674009
65730.000000,33.578199,-117.064302,450.385987,33.578096,-117.064177,425.292293,0.000316,0.000203,-0.001082,1.674413,1.674413,1.674413
65745.000000,33.578194,-117.064306,449.497680,33.578096,-117.064177,425.284907,0.000316,0.000203,-0.001082,1.674819,1.674819,1.674819
65760.000000,33.578202,-117.064299,449.597263,33.578096,-117.064177,425.277633,0.000316,0.000203,-0.001081,1.675222,1.675222,1.675222
65775.000000,33.578200,-117.064299,448.279027,33.578096,-117.064177,425.270034,0.000316,0.000203,-0.001081,1.675625,1.675625,1.675625
65790.000000,33.578199,-117.064300,448.300029,33.578096,-117.064177,425.262433,0.000315,0.000203,-0.001081,1.676029,1.676029,1.676029
65805.000000,33.578201,-117.064300,448.523252,33.578096,-117.064177,425.254930,0.000315,0.000203,-0.001081,1.676432,1.676432,1.676432
65820.000000,33.578199,-117.064299,446.626859,33.578096,-117.064177,425.246943,0.000315,0.000203,-0.001081,1.676836,1.676836,1.676836
65835.000000,33.578204,-117.064297,447.632548,33.578096,-117.064177,425.239288,0.000315,0.000203,-0.001081,1.677236,1.677236,1.677236
65850.000000,33.578200,-117.064298,446.341310,33.578095,-117.064177,425.231266,0.000315,0.000203,-0.001081,1.677639,1.677639,1.677639
65865.000000,33.578209,-117.064295,445.906002,33.578095,-117.064177,425.223243,0.000315,0.000203,-0.001081,1.678038,1.678038,1.678038
65880.000000,33.578204,-117.064296,445.973670,33.578095,-117.064177,425.215207,0.000315,0.000203,-0.001080,1.678438,1.678438,1.678438
65895.000000,33.578202,-117.064296,445.316610,33.578095,-117.064177,425.207026,0.000315,0.000203,-0.001080,1.678838,1.678838,1.678838
65910.000000,33.578208,-117.064293,444.608084,33.578095,-117.064177,425.198710,0.000315,0.000203,-0.001080,1.679237,1.679237,1.679237
65925.000000,33.578203,-117.064293,444.543587,33.578095,-117.064177,425.190310,0.000315,0.000203,-0.001080,1.679638,1.679638,1.679638
65940.000000,33.578208,-117.064295,444.276021,33.578095,-117.064177,425.181990,0.000315,0.000203,-0.001080,1.680034,1.680034,1.680034
65955.000000,33.578207,-117.064292,443.998315,33.578095,-117.064177,425.173561,0.000315,0.000202,-0.001080,1.680431,1.680431,1.680431
65970.000000,33.578205,-117.064293,443.160897,33.578095,-117.064177,425.164910,0.000315,0.000202,-0.001080,1.680830,1.680830,1.680830
65985.000000,33.578717,-117.064214,502.152316,33.578095,-117.064177,425.213013,0.000314,0.000202,-0.001078,1.680764,1.680764,1.680764
66000.000000,33.578721,-117.064213,501.195958,33.578096,-117.064177,425.261908,0.000314,0.000202,-0.001076,1.680681,1.680681,1.680681
66015.000000,33.578720,-117.064210,501.947313,33.578096,-117.064177,425.309669,0.000314,0.000201,-0.001074,1.680617,1.680617,1.680617
66030.000000,33.578720,-117.064209,502.006848,33.578096,-117.064177,425.357828,0.000313,0.000201,-0.001072,1.680548,1.680548,1.680548
66045.000000,33.578724,-117.064210,501.259059,33.578097,-117.064177,425.405996,0.000313,0.000200,-0.001070,1.680473,1.680473,1.680473
66060.000000,33.578725,-117.064207,501.912778,33.578097,-117.064177,425.453044,0.000313,0.000200,-0.001068,1.680415,1.680415,1.680415
66075.000000,33.578724,-117.064207,501.750730,33.578098,-117.064177,425.499941,0.000313,0.000200,-0.001066,1.680358,1.680358,1.680358
66090.000000,33.578727,-117.064205,501.588421,33.578098,-117.064177,425.547952,0.000312,0.000199,-0.001065,1.680286,1.680286,1.680286
66105.000000,33.578727,-117.064205,501.643120,33.578098,-117.064177,425.595700,0.000312,0.000199,-0.001063,1.680218,1.680218,1.680218
66120.000000,33.578575,-117.064262,485.280188,33.578099,-117.064177,425.632021,0.000312,0.000199,-0.001061,1.680126,1.680126,1.680126
66135.000000,33.578579,-117.064260,485.090491,33.578099,-117.064177,425.668615,0.000311,0.000198,-0.001060,1.680029,1.680029,1.680029
66150.000000,33.578584,-117.064258,485.947121,33.578099,-117.064177,425.706873,0.000311,0.000198,-0.001058,1.679918,1.679918,1.679918
66165.000000,33.578582,-117.064256,485.037204,33.578100,-117.064177,425.743474,0.000311,0.000198,-0.001057,1.679819,1.679819,1.679819
66180.000000,33.578574,-117.064259,483.420036,33.578100,-117.064177,425.777565,0.000311,0.000197,-0.001055,1.679736,1.679736,1.679736
66195.000000,33.578580,-117.064258,484.597376,33.578100,-117.064177,425.814185,0.000310,0.000197,-0.001054,1.679631,1.679631,1.679631
66210.000000,33.578585,-117.064255,484.387239,33.578101,-117.064177,425.850582,0.000310,0.000197,-0.001052,1.679527,1.679527,1.679527
66225.000000,33.578579,-117.064257,483.577739,33.578101,-117.064177,425.885327,0.000310,0.000197,-0.001050,1.679436,1.679436,1.679436
66240.000000,33.578586,-117.064256,483.992099,33.578101,-117.064177,425.921159,0.000309,0.000196,-0.001049,1.679334,1.679334,1.679334
66255.000000,33.578585,-117.064253,483.693788,33.578102,-117.064177,425.956526,0.000309,0.000196,-0.001047,1.679235,1.679235,1.679235
66270.000000,33.578580,-117.064257,483.039148,33.578102,-117.064177,425.991074,0.000309,0.000196,-0.001046,1.679140,1.679140,1.679140
66285.000000,33.578596,-117.064247,484.120624,33.578102,-117.064178,426.028117,0.000308,0.000196,-0.001044,1.679022,1.679022,1.679022
66300.000000,33.578589,-117.064250,483.403938,33.578102,-117.064178,426.063785,0.000308,0.000195,-0.001043,1.678914,1.678914,1.678914
66315.000000,33.578580,-117.064252,481.344987,33.578103,-117.064178,426.095928,0.000308,0.000195,-0.001041,1.678833,1.678833,1.678833
66330.000000,33.578591,-117.064247,483.225284,33.578103,-117.064178,426.131286,0.000308,0.000195,-0.001040,1.678727,1.678727,1.678727
66345.000000,33.578595,-117.064247,483.348033,33.578103,-117.064178,426.167589,0.000307,0.000195,-0.001038,1.678609,1.678609,1.678609
66360.000000,33.578580,-117.064252,481.429701,33.578104,-117.064178,426.199975,0.000307,0.000194,-0.001037,1.678524,1.678524,1.678524
66375.000000,33.578592,-117.064247,482.276371,33.578104,-117.064178,426.234307,0.000307,0.000194,-0.001035,1.678421,1.678421,1.678421
66390.000000,33.578597,-117.064242,482.729225,33.578104,-117.064178,426.268426,0.000307,0.000194,-0.001034,1.678326,1.678326,1.678326
66405.000000,33.578580,-117.064252,480.756432,33.578105,-117.064178,426.299789,0.000306,0.000194,-0.001032,1.678248,1.678248,1.678248
66420.000000,33.578597,-117.064242,482.137757,33.578105,-117.064178,426.333908,0.000306,0.000193,-0.001031,1.678146,1.678146,1.678146
66435.000000,33.578600,-117.064242,482.167598,33.578105,-117.064178,426.368757,0.000306,0.000193,-0.001029,1.678032,1.678032,1.678032
66450.000000,33.578581,-117.064249,480.403956,33.578106,-117.064178,426.400098,0.000306,0.000193,-0.001028,1.677950,1.677950,1.677950
66465.000000,33.578600,-117.064240,481.631177,33.578106,-117.064178,426.433821,0.000305,0.000193,-0.001026,1.677846,1.677846,1.677846
66480.000000,33.578600,-117.064241,481.723619,33.578106,-117.064178,426.467810,0.000305,0.000193,-0.001025,1.677739,1.677739,1.677739
66495.000000,33.578586,-117.064244,479.434275,33.578106,-117.064178,426.497967,0.000305,0.000192,-0.001024,1.677662,1.677662,1.677662
66510.000000,33.578600,-117.064238,481.692549,33.578107,-117.064178,426.531728,0.000305,0.000192,-0.001022,1.677557,1.677557,1.677557
66525.000000,33.578602,-117.064237,481.186152,33.578107,-117.064178,426.565173,0.000304,0.000192,-0.001021,1.677451,1.677451,1.677451
66540.000000,33.578589,-117.064242,478.892883,33.578107,-117.064178,426.594695,0.000304,0.000192,-0.001019,1.677376,1.677376,1.677376
66555.000000,33.578600,-117.064238,481.190446,33.578108,-117.064178,426.628154,0.000304,0.000192,-0.001018,1.677269,1.677269,1.677269
66570.000000,33.578601,-117.064234,480.288487,33.578108,-117.064178,426.659760,0.000304,0.000191,-0.001016,1.677179,1.677179,1.677179
66585.000000,33.578589,-117.064238,479.378448,33.578108,-117.064178,426.689663,0.000303,0.000191,-0.001015,1.677103,1.677103,1.677103
66600.000000,33.578599,-117.064235,480.084794,33.578109,-117.064178,426.721206,0.000303,0.000191,-0.001013,1.677011,1.677011,1.677011
66615.000000,33.578600,-117.064236,479.253264,33.578109,-117.064178,426.752569,0.000303,0.000191,-0.001012,1.676910,1.676910,1.676910
66630.000000,33.578587,-117.064238,478.981186,33.578109,-117.064178,426.782132,0.000303,0.000191,-0.001010,1.676834,1.676834,1.676834
66645.000000,33.578601,-117.064231,479.294842,33.578110,-117.064178,426.812972,0.000303,0.000190,-0.001009,1.676742,1.676742,1.676742
66660.000000,33.578597,-117.064235,479.213838,33.578110,-117.064178,426.844174,0.000302,0.000190,-0.001008,1.676643,1.676643,1.676643
66675.000000,33.578589,-117.064234,477.647630,33.578110,-117.064178,426.872197,0.000302,0.000190,-0.001006,1.676574,1.676574,1.676574
66690.000000,33.578600,-117.064230,479.217295,33.578110,-117.064178,426.902953,0.000302,0.000190,-0.001005,1.676481,1.676481,1.676481
66705.000000,33.578592,-117.064233,477.944747,33.578111,-117.064178,426.932043,0.000302,0.000190,-0.001003,1.676398,1.676398,1.676398
66720.000000,33.578598,-117.064230,477.871209,33.578111,-117.064178,426.961178,0.000302,0.000189,-0.001002,1.676313,1.676313,1.676313
66735.000000,33.578595,-117.064232,478.031495,33.578111,-117.064178,426.990735,0.000301,0.000189,-0.001001,1.676224,1.676224,1.676224
66750.000000,33.578599,-117.064225,478.188536,33.578112,-117.064178,427.019558,0.000301,0.000189,-0.000999,1.676148,1.676148,1.676148
66765.000000,33.578593,-117.064231,477.880487,33.578112,-117.064178,427.048297,0.000301,0.000189,-0.000998,1.676069,1.676069,1.676069
66780.000000,33.578596,-117.064228,477.211861,33.578112,-117.064178,427.075837,0.000301,0.000189,-0.000996,1.676001,1.676001,1.676001
66795.000000,33.578597,-117.064228,477.281358,33.578113,-117.064178,427.103985,0.000301,0.000189,-0.000995,1.675923,1.675923,1.675923
66810.000000,33.578597,-117.064226,477.540043,33.578113,-117.064178,427.132563,0.000300,0.000188,-0.000994,1.675842,1.675842,1.675842
66825.000000,33.578594,-117.064228,476.623078,33.578113,-117.064178,427.160306,0.000300,0.000188,-0.000992,1.675762,1.675762,1.675762
66840.000000,33.578597,-117.064224,477.821955,33.578113,-117.064178,427.189276,0.000300,0.000188,-0.000991,1.675677,1.675677,1.675677
66855.000000,33.578594,-117.064226,476.173436,33.578114,-117.064178,427.216316,0.000300,0.000188,-0.000990,1.675602,1.675602,1.675602
66870.000000,33.578599,-117.064226,476.342409,33.578114,-117.064178,427.244371,0.000300,0.000188,-0.000988,1.675512,1.675512,1.675512
66885.000000,33.578602,-117.064222,477.086972,33.578114,-117.064178,427.272407,0.000300,0.000188,-0.000987,1.675432,1.675432,1.675432
66900.000000,33.578587,-117.064227,475.949936,33.578115,-117.064178,427.298217,0.000299,0.000187,-0.000986,1.675375,1.675375,1.675375
66915.000000,33.578605,-117.064218,476.899571,33.578115,-117.064178,427.326243,0.000299,0.000187,-0.000984,1.675292,1.675292,1.675292
66930.000000,33.578593,-117.064224,475.192437,33.578115,-117.064178,427.352010,0.000299,0.000187,-0.000983,1.675225,1.675225,1.675225
66945.000000,33.578594,-117.064223,475.536219,33.578116,-117.064178,427.377981,0.000299,0.000187,-0.000982,1.675159,1.675159,1.675159
66960.000000,33.578595,-117.064222,475.960037,33.578116,-117.064178,427.404299,0.000299,0.000187,-0.000980,1.675092,1.675092,1.675092
66975.000000,33.578586,-117.064224,474.639722,33.578116,-117.064178,427.428633,0.000299,0.000187,-0.000979,1.675041,1.675041,1.675041
66990.000000,33.578597,-117.064221,475.730014,33.578116,-117.064178,427.455177,0.000298,0.000187,-0.000978,1.674967,1.674967,1.674967
67005.000000,33.578590,-117.064222,475.104383,33.578117,-117.064178,427.480467,0.000298,0.000186,-0.000976,1.674906,1.674906,1.674906
67020.000000,33.578590,-117.064221,474.784301,33.578117,-117.064178,427.505086,0.000298,0.000186,-0.000975,1.674852,1.674852,1.674852
67035.000000,33.578600,-117.064217,475.398475,33.578117,-117.064178,427.531176,0.000298,0.000186,-0.000974,1.674780,1.674780,1.674780
67050.000000,33.578588,-117.064217,473.892969,33.578118,-117.064178,427.554682,0.000298,0.000186,-0.000972,1.674733,1.674733,1.674733
67065.000000,33.578600,-117.064214,474.989656,33.578118,-117.064178,427.579948,0.000298,0.000186,-0.000971,1.674670,1.674670,1.674670
67080.000000,33.578593,-117.064215,474.655834,33.578118,-117.064178,427.604525,0.000298,0.000186,-0.000970,1.674614,1.674614,1.674614
67095.000000,33.578588,-117.064218,473.255269,33.578118,-117.064178,427.627356,0.000297,0.000186,-0.000969,1.674570,1.674570,1.674570
67110.000000,33.578594,-117.064214,474.608099,33.578119,-117.064178,427.652036,0.000297,0.000186,-0.000967,1.674511,1.674511,1.674511
67125.000000,33.578587,-117.064217,473.377334,33.578119,-117.064178,427.675190,0.000297,0.000185,-0.000966,1.674462,1.674462,1.674462
67140.000000,33.578593,-117.064214,474.174510,33.578119,-117.064178,427.699207,0.000297,0.000185,-0.000965,1.674409,1.674409,1.674409
67155.000000,33.578591,-117.064212,473.002386,33.578119,-117.064178,427.721875,0.000297,0.000185,-0.000964,1.674363,1.674363,1.674363
67170.000000,33.578590,-117.064214,473.400333,33.578120,-117.064178,427.744893,0.000297,0.000185,-0.000962,1.674317,1.674317,1.674317
67185.000000,33.578593,-117.064210,472.805052,33.578120,-117.064178,427.767557,0.000297,0.000185,-0.000961,1.674268,1.674268,1.674268
67200.000000,33.578589,-117.064210,472.787539,33.578120,-117.064178,427.789816,0.000297,0.000185,-0.000960,1.674227,1.674227,1.674227
67215.000000,33.578589,-117.064209,472.727989,33.578121,-117.064178,427.811775,0.000296,0.000185,-0.000959,1.674190,1.674190,1.674190
67230.000000,33.578585,-117.064214,472.508062,33.578121,-117.064178,427.833736,0.000296,0.000185,-0.000958,1.674150,1.674150,1.674150
67245.000000,33.578585,-117.064210,472.059996,33.578121,-117.064178,427.855147,0.000296,0.000184,-0.000956,1.674114,1.674114,1.674114
67260.000000,33.578587,-117.064209,472.077582,33.578121,-117.064178,427.876683,0.000296,0.000184,-0.000955,1.674075,1.674075,1.674075
67275.000000,33.578584,-117.064208,471.737584,33.578122,-117.064178,427.897919,0.000296,0.000184,-0.000954,1.674037,1.674037,1.674037
67290.000000,33.578590,-117.064207,471.661623,33.578122,-117.064178,427.918954,0.000296,0.000184,-0.000953,1.674002,1.674002,1.674002
67305.000000,33.578587,-117.064206,471.157619,33.578122,-117.064178,427.939210,0.000296,0.000184,-0.000952,1.673974,1.673974,1.673974
67320.000000,33.578587,-117.064205,470.891796,33.578122,-117.064178,427.958994,0.000296,0.000184,-0.000951,1.673951,1.673951,1.673951
67335.000000,33.578588,-117.064205,470.397870,33.578123,-117.064178,427.978444,0.000296,0.000184,-0.000949,1.673928,1.673928,1.673928
67350.000000,33.578587,-117.064205,470.148757,33.578123,-117.064178,427.997684,0.000296,0.000184,-0.000948,1.673905,1.673905,1.673905
67365.000000,33.578587,-117.064203,470.211963,33.578123,-117.064178,428.016951,0.000295,0.000184,-0.000947,1.673883,1.673883,1.673883
67380.000000,33.578587,-117.064201,469.789429,33.578123,-117.064178,428.035914,0.000295,0.000184,-0.000946,1.673860,1.673860,1.673860
67395.000000,33.578585,-117.064202,469.560416,33.578124,-117.064178,428.054447,0.000295,0.000184,-0.000945,1.673842,1.673842,1.673842
67410.000000,33.578586,-117.064202,470.302972,33.578124,-117.064178,428.073792,0.000295,0.000183,-0.000944,1.673818,1.673818,1.673818
67425.000000,33.578582,-117.064206,469.433646,33.578124,-117.064178,428.092436,0.000295,0.000183,-0.000943,1.673796,1.673796,1.673796
67440.000000,33.578582,-117.064203,469.777163,33.578124,-117.064178,428.111573,0.000295,0.000183,-0.000942,1.673769,1.673769,1.673769
67455.000000,33.578582,-117.064202,468.553845,33.578125,-117.064178,428.129314,0.000295,0.000183,-0.000940,1.673752,1.673752,1.673752
67470.000000,33.578584,-117.064202,468.600063,33.578125,-117.064178,428.147081,0.000295,0.000183,-0.000939,1.673734,1.673734,1.673734
67485.000000,33.578584,-117.064201,468.342502,33.578125,-117.064178,428.164478,0.000295,0.000183,-0.000938,1.673721,1.673721,1.673721
67500.000000,33.578579,-117.064203,468.776094,33.578125,-117.064178,428.182374,0.000295,0.000183,-0.000937,1.673703,1.673703,1.673703
67515.000000,33.578584,-117.064200,468.415832,33.578126,-117.064178,428.199929,0.000295,0.000183,-0.000936,1.673687,1.673687,1.673687
67530.000000,33.578573,-117.064207,467.930421,33.578126,-117.064178,428.217186,0.000295,0.000183,-0.000935,1.673670,1.673670,1.673670
67545.000000,33.578584,-117.064197,468.018772,33.578126,-117.064178,428.234011,0.000295,0.000183,-0.000934,1.673663,1.673663,1.673663
67560.000000,33.578577,-117.064201,467.335690,33.578126,-117.064178,428.250229,0.000294,0.000183,-0.000933,1.673658,1.673658,1.673658
67575.000000,33.578577,-117.064199,467.316902,33.578127,-117.064178,428.266574,0.000294,0.000183,-0.000932,1.673650,1.673650,1.673650
67590.000000,33.578574,-117.064202,467.163104,33.578127,-117.064178,428.282762,0.000294,0.000183,-0.000931,1.673644,1.673644,1.673644
67605.000000,33.578576,-117.064200,467.203341,33.578127,-117.064178,428.299027,0.000294,0.000183,-0.000930,1.673635,1.673635,1.673635
67620.000000,33.578574,-117.064200,466.875723,33.578127,-117.064178,428.315049,0.000294,0.000183,-0.000929,1.673627,1.673627,1.673627
67635.000000,33.578572,-117.064202,467.230179,33.578128,-117.064178,428.331356,0.000294,0.000183,-0.000928,1.673619,1.673619,1.673619
67650.000000,33.578574,-117.064197,466.850454,33.578128,-117.064178,428.347083,0.000294,0.000182,-0.000927,1.673616,1.673616,1.673616
67665.000000,33.578572,-117.064198,466.524912,33.578128,-117.064178,428.362565,0.000294,0.000182,-0.000926,1.673614,1.673614,1.673614
67680.000000,33.578569,-117.064200,466.871402,33.578128,-117.064178,428.378568,0.000294,0.000182,-0.000925,1.673606,1.673606,1.673606
67695.000000,33.578567,-117.064200,465.796370,33.578128,-117.064178,428.393618,0.000294,0.000182,-0.000924,1.673602,1.673602,1.673602
67710.000000,33.578569,-117.064200,465.751431,33.578129,-117.064178,428.408496,0.000294,0.000182,-0.000923,1.673601,1.673601,1.673601
67725.000000,33.578566,-117.064198,464.814998,33.578129,-117.064178,428.422641,0.000294,0.000182,-0.000922,1.673601,1.673601,1.673601
67740.000000,33.578566,-117.064196,464.995367,33.578129,-117.064178,428.436633,0.000294,0.000182,-0.000921,1.673608,1.673608,1.673608
67755.000000,33.578565,-117.064196,464.498258,33.578129,-117.064178,428.450021,0.000294,0.000182,-0.000920,1.673621,1.673621,1.673621
67770.000000,33.578565,-117.064194,464.273326,33.578130,-117.064178,428.463120,0.000294,0.000182,-0.000919,1.673636,1.673636,1.673636
67785.000000,33.578563,-117.064195,464.120256,33.578130,-117.064178,428.476202,0.000294,0.000182,-0.000918,1.673650,1.673650,1.673650
67800.000000,33.578559,-117.064195,463.896222,33.578130,-117.064178,428.488976,0.000294,0.000182,-0.000917,1.673667,1.673667,1.673667
67815.000000,33.578564,-117.064193,463.089413,33.578130,-117.064178,428.501211,0.000293,0.000182,-0.000916,1.673684,1.673684,1.673684
67830.000000,33.578558,-117.064193,463.138603,33.578130,-117.064178,428.513387,0.000293,0.000182,-0.000915,1.673703,1.673703,1.673703
67845.000000,33.578559,-117.064193,462.704204,33.578131,-117.064178,428.525164,0.000293,0.000182,-0.000914,1.673724,1.673724,1.673724
67860.000000,33.578559,-117.064191,461.462759,33.578131,-117.064178,428.535871,0.000293,0.000182,-0.000913,1.673751,1.673751,1.673751
67875.000000,33.578553,-117.064196,463.181363,33.578131,-117.064178,428.548164,0.000293,0.000182,-0.000912,1.673767,1.673767,1.673767
67890.000000,33.578553,-117.064194,461.841444,33.578131,-117.064178,428.559382,0.000293,0.000182,-0.000911,1.673788,1.673788,1.673788
67905.000000,33.578554,-117.064193,461.958093,33.578131,-117.064178,428.570454,0.000293,0.000182,-0.000910,1.673814,1.673814,1.673814
67920.000000,33.578548,-117.064197,462.040749,33.578132,-117.064178,428.581893,0.000293,0.000182,-0.000909,1.673832,1.673832,1.673832
67935.000000,33.578556,-117.064189,460.639798,33.578132,-117.064178,428.591921,0.000293,0.000182,-0.000909,1.673862,1.673862,1.673862
67950.000000,33.578548,-117.064195,461.575227,33.578132,-117.064178,428.602875,0.000293,0.000182,-0.000908,1.673884,1.673884,1.673884
67965.000000,33.578549,-117.064193,460.800282,33.578132,-117.064178,428.612970,0.000293,0.000182,-0.000907,1.673915,1.673915,1.673915
67980.000000,33.578549,-117.064191,460.068357,33.578132,-117.064178,428.622584,0.000293,0.000182,-0.000906,1.673946,1.673946,1.673946
67995.000000,33.578544,-117.064194,460.625736,33.578133,-117.064178,428.632752,0.000293,0.000182,-0.000905,1.673971,1.673971,1.673971
68010.000000,33.578547,-117.064189,459.704872,33.578133,-117.064178,428.642017,0.000293,0.000182,-0.000904,1.674005,1.674005,1.674005
68025.000000,33.578542,-117.064194,460.246899,33.578133,-117.064178,428.651785,0.000293,0.000182,-0.000903,1.674034,1.674034,1.674034
68040.000000,33.578539,-117.064195,460.201364,33.578133,-117.064178,428.661461,0.000293,0.000182,-0.000903,1.674065,1.674065,1.674065
68055.000000,33.578542,-117.064189,459.512280,33.578133,-117.064178,428.670644,0.000293,0.000182,-0.000902,1.674097,1.674097,1.674097
68070.000000,33.578535,-117.064195,459.497662,33.578134,-117.064177,428.679904,0.000293,0.000182,-0.000901,1.674127,1.674127,1.674127
68085.000000,33.578538,-117.064191,458.443542,33.578134,-117.064177,428.688324,0.000293,0.000182,-0.000900,1.674160,1.674160,1.674160
68100.000000,33.578536,-117.064192,458.752150,33.578134,-117.064177,428.696830,0.000293,0.000182,-0.000899,1.674197,1.674197,1.674197
68115.000000,33.578536,-117.064190,458.582781,33.578134,-117.064177,428.705209,0.000293,0.000182,-0.000898,1.674234,1.674234,1.674234
68130.000000,33.578535,-117.064190,458.064031,33.578134,-117.064177,428.713176,0.000293,0.000182,-0.000898,1.674273,1.674273,1.674273
68145.000000,33.578532,-117.064191,457.463375,33.578135,-117.064177,428.720838,0.000293,0.000182,-0.000897,1.674310,1.674310,1.674310
68160.000000,33.578531,-117.064191,457.705970,33.578135,-117.064177,428.728668,0.000293,0.000182,-0.000896,1.674346,1.674346,1.674346
68175.000000,33.578527,-117.064191,456.637621,33.578135,-117.064177,428.735634,0.000293,0.000182,-0.000895,1.674387,1.674387,1.674387
68190.000000,33.578528,-117.064192,456.944745,33.578135,-117.064177,428.742766,0.000293,0.000182,-0.000894,1.674429,1.674429,1.674429
68205.000000,33.578522,-117.064193,456.402892,33.578135,-117.064177,428.749473,0.000293,0.000182,-0.000894,1.674473,1.674473,1.674473
68220.000000,33.578527,-117.064188,455.506214,33.578135,-117.064177,428.755476,0.000293,0.000182,-0.000893,1.674521,1.674521,1.674521
68235.000000,33.578522,-117.064189,455.101790,33.578136,-117.064177,428.761254,0.000293,0.000182,-0.000892,1.674568,1.674568,1.674568
68250.000000,33.578520,-117.064191,455.270483,33.578136,-117.064177,428.767169,0.000293,0.000182,-0.000891,1.674614,1.674614,1.674614
68265.000000,33.578378,-117.064337,484.996759,33.578136,-117.064177,428.787838,0.000292,0.000182,-0.000891,1.674725,1.674725,1.674725
68280.000000,33.578378,-117.064336,483.918066,33.578136,-117.064177,428.807644,0.000292,0.000181,-0.000890,1.674839,1.674839,1.674839
68295.000000,33.578377,-117.064335,483.862430,33.578136,-117.064177,428.827306,0.000292,0.000181,-0.000889,1.674954,1.674954,1.674954
68310.000000,33.578373,-117.064335,483.578245,33.578136,-117.064177,428.846903,0.000291,0.000181,-0.000889,1.675068,1.675068,1.675068
68325.000000,33.578375,-117.064333,483.558502,33.578136,-117.064178,428.866447,0.000291,0.000181,-0.000888,1.675183,1.675183,1.675183
68340.000000,33.578371,-117.064333,483.100912,33.578136,-117.064178,428.885782,0.000291,0.000180,-0.000887,1.675296,1.675296,1.675296
68355.000000,33.578371,-117.064332,482.661484,33.578136,-117.064178,428.904657,0.000290,0.000180,-0.000887,1.675413,1.675413,1.675413
68370.000000,33.578367,-117.064334,482.616506,33.578136,-117.064178,428.923424,0.000290,0.000180,-0.000886,1.675532,1.675532,1.675532
68385.000000,33.578367,-117.064332,481.955478,33.578136,-117.064178,428.941469,0.000290,0.000180,-0.000885,1.675655,1.675655,1.675655
68400.000000,33.578371,-117.064329,481.406911,33.578136,-117.064178,428.959176,0.000289,0.000179,-0.000885,1.675779,1.675779,1.675779
68415.000000,33.578371,-117.064328,480.922526,33.578136,-117.064178,428.976374,0.000289,0.000179,-0.000884,1.675907,1.675907,1.675907
68430.000000,33.578372,-117.064326,480.141439,33.578136,-117.064178,428.992965,0.000289,0.000179,-0.000883,1.676038,1.676038,1.676038
68445.000000,33.578367,-117.064328,479.935346,33.578136,-117.064178,429.009325,0.000288,0.000179,-0.000883,1.676171,1.676171,1.676171
68460.000000,33.578369,-117.064326,479.218360,33.578136,-117.064178,429.024969,0.000288,0.000178,-0.000882,1.676310,1.676310,1.676310
68475.000000,33.578366,-117.064325,478.821310,33.578136,-117.064178,429.040573,0.000288,0.000178,-0.000882,1.676445,1.676445,1.676445
68490.000000,33.578367,-117.064323,478.156247,33.578137,-117.064178,429.055576,0.000287,0.000178,-0.000881,1.676584,1.676584,1.676584
68505.000000,33.578366,-117.064324,478.007786,33.578137,-117.064178,429.070365,0.000287,0.000178,-0.000880,1.676726,1.676726,1.676726
68520.000000,33.578361,-117.064324,477.939579,33.578137,-117.064178,429.085268,0.000287,0.000178,-0.000880,1.676865,1.676865,1.676865
68535.000000,33.578364,-117.064322,477.497170,33.578137,-117.064178,429.099629,0.000287,0.000177,-0.000879,1.677010,1.677010,1.677010
68550.000000,33.578361,-117.064321,477.199600,33.578137,-117.064178,429.113934,0.000286,0.000177,-0.000879,1.677152,1.677152,1.677152
68565.000000,33.578358,-117.064321,476.908254,33.578137,-117.064178,429.128084,0.000286,0.000177,-0.000878,1.677295,1.677295,1.677295
68580.000000,33.578358,-117.064320,476.160712,33.578137,-117.064178,429.141712,0.000286,0.000177,-0.000878,1.677439,1.677439,1.677439
68595.000000,33.578355,-117.064319,475.970729,33.578137,-117.064178,429.155244,0.000285,0.000177,-0.000877,1.677584,1.677584,1.677584
68610.000000,33.578358,-117.064317,475.563315,33.578137,-117.064179,429.168323,0.000285,0.000176,-0.000876,1.677733,1.677733,1.677733
68625.000000,33.578352,-117.064320,475.351478,33.578137,-117.064179,429.181423,0.000285,0.000176,-0.000876,1.677879,1.677879,1.677879
68640.000000,33.578352,-117.064317,474.587125,33.578137,-117.064179,429.194095,0.000285,0.000176,-0.000875,1.678026,1.678026,1.678026
68655.000000,33.578352,-117.064317,473.702299,33.578137,-117.064179,429.206235,0.000284,0.000176,-0.000875,1.678175,1.678175,1.678175
68670.000000,33.578350,-117.064316,473.382495,33.578137,-117.064179,429.218138,0.000284,0.000176,-0.000874,1.678324,1.678324,1.678324
68685.000000,33.578354,-117.064311,472.308439,33.578137,-117.064179,429.229123,0.000284,0.000175,-0.000874,1.678481,1.678481,1.678481
68700.000000,33.578350,-117.064313,472.050938,33.578137,-117.064179,429.240035,0.000284,0.000175,-0.000873,1.678637,1.678637,1.678637
68715.000000,33.578345,-117.064313,471.834575,33.578137,-117.064179,429.250839,0.000283,0.000175,-0.000873,1.678792,1.678792,1.678792
68730.000000,33.578345,-117.064313,471.250450,33.578137,-117.064179,429.261274,0.000283,0.000175,-0.000872,1.678949,1.678949,1.678949
68745.000000,33.578342,-117.064313,470.942238,33.578137,-117.064179,429.271624,0.000283,0.000175,-0.000872,1.679104,1.679104,1.679104
68760.000000,33.578339,-117.064313,470.661618,33.578137,-117.064179,429.281767,0.000283,0.000175,-0.000871,1.679261,1.679261,1.679261
68775.000000,33.578339,-117.064313,469.990160,33.578137,-117.064179,429.291510,0.000282,0.000174,-0.000871,1.679419,1.679419,1.679419
68790.000000,33.578335,-117.064313,469.420231,33.578137,-117.064179,429.300990,0.000282,0.000174,-0.000870,1.679576,1.679576,1.679576
68805.000000,33.578338,-117.064309,468.977603,33.578137,-117.064179,429.310196,0.000282,0.000174,-0.000870,1.679734,1.679734,1.679734
68820.000000,33.578333,-117.064312,468.767310,33.578137,-117.064179,429.319207,0.000282,0.000174,-0.000869,1.679895,1.679895,1.679895
68835.000000,33.578332,-117.064311,468.321570,33.578137,-117.064179,429.327958,0.000281,0.000174,-0.000869,1.680056,1.680056,1.680056
68850.000000,33.578328,-117.064312,468.101109,33.578137,-117.064179,429.336685,0.000281,0.000174,-0.000869,1.680215,1.680215,1.680215
68865.000000,33.578327,-117.064312,467.264946,33.578137,-117.064179,429.344948,0.000281,0.000174,-0.000868,1.680375,1.680375,1.680375
68880.000000,33.578328,-117.064309,466.446861,33.578137,-117.064179,429.352715,0.000281,0.000173,-0.000868,1.680536,1.680536,1.680536
68895.000000,33.578329,-117.064306,466.082664,33.578137,-117.064179,429.360260,0.000281,0.000173,-0.000867,1.680699,1.680699,1.680699
68910.000000,33.578325,-117.064308,465.427587,33.578137,-117.064179,429.367504,0.000280,0.000173,-0.000867,1.680861,1.680861,1.680861
68925.000000,33.578325,-117.064305,464.619217,33.578137,-117.064179,429.374140,0.000280,0.000173,-0.000866,1.681028,1.681028,1.681028
68940.000000,33.578321,-117.064307,464.558932,33.578137,-117.064179,429.380795,0.000280,0.000173,-0.000866,1.681194,1.681194,1.681194
68955.000000,33.578321,-117.064307,463.829885,33.578137,-117.064179,429.387067,0.000280,0.000173,-0.000866,1.681361,1.681361,1.681361
68970.000000,33.578321,-117.064304,463.283547,33.578137,-117.064179,429.393050,0.000279,0.000173,-0.000865,1.681527,1.681527,1.681527
68985.000000,33.578315,-117.064306,463.178168,33.578137,-117.064179,429.399064,0.000279,0.000173,-0.000865,1.681692,1.681692,1.681692
69000.000000,33.578314,-117.064307,462.961472,33.578137,-117.064180,429.405014,0.000279,0.000172,-0.000864,1.681856,1.681856,1.681856
69015.000000,33.578315,-117.064304,462.281401,33.578137,-117.064180,429.410532,0.000279,0.000172,-0.000864,1.682022,1.682022,1.682022
69030.000000,33.578312,-117.064303,461.287176,33.578137,-117.064180,429.415496,0.000279,0.000172,-0.000864,1.682190,1.682190,1.682190
69045.000000,33.578309,-117.064303,460.882906,33.578137,-117.064180,429.420345,0.000278,0.000172,-0.000863,1.682355,1.682355,1.682355
69060.000000,33.578308,-117.064302,460.009388,33.578137,-117.064180,429.424660,0.000278,0.000172,-0.000863,1.682524,1.682524,1.682524
69075.000000,33.578395,-117.064263,475.605098,33.578138,-117.064180,429.440362,0.000278,0.000172,-0.000862,1.682624,1.682624,1.682624
69090.000000,33.578393,-117.064262,475.156697,33.578138,-117.064180,429.455745,0.000278,0.000172,-0.000862,1.682725,1.682725,1.682725
69105.000000,33.578395,-117.064261,474.180023,33.578138,-117.064180,429.470327,0.000278,0.000171,-0.000861,1.682830,1.682830,1.682830
69120.000000,33.578390,-117.064261,473.299315,33.578138,-117.064180,429.484685,0.000277,0.000171,-0.000860,1.682930,1.682930,1.682930
69135.000000,33.578387,-117.064261,473.354822,33.578138,-117.064180,429.499175,0.000277,0.000171,-0.000860,1.683028,1.683028,1.683028
69150.000000,33.578390,-117.064257,473.056412,33.578138,-117.064180,429.513011,0.000277,0.000171,-0.000859,1.683136,1.683136,1.683136
69165.000000,33.578383,-117.064260,471.785514,33.578138,-117.064180,429.526530,0.000277,0.000171,-0.000858,1.683235,1.683235,1.683235
69180.000000,33.578382,-117.064258,471.280574,33.578138,-117.064180,429.539816,0.000277,0.000170,-0.000858,1.683333,1.683333,1.683333
69195.000000,33.578386,-117.064256,471.510896,33.578138,-117.064180,429.552835,0.000276,0.000170,-0.000857,1.683439,1.683439,1.683439
69210.000000,33.578390,-117.064252,472.301705,33.578138,-117.064180,429.565803,0.000276,0.000170,-0.000857,1.683555,1.683555,1.683555
69225.000000,33.578382,-117.064255,470.649798,33.578138,-117.064180,429.578469,0.000276,0.000170,-0.000856,1.683659,1.683659,1.683659
69240.000000,33.578380,-117.064254,470.899737,33.578138,-117.064180,429.591198,0.000276,0.000170,-0.000856,1.683763,1.683763,1.683763
69255.000000,33.578389,-117.064249,471.774377,33.578138,-117.064180,429.603585,0.000276,0.000169,-0.000855,1.683885,1.683885,1.683885
69270.000000,33.578384,-117.064249,469.984543,33.578138,-117.064180,429.615146,0.000275,0.000169,-0.000854,1.684003,1.684003,1.684003
69285.000000,33.578382,-117.064248,469.528610,33.578138,-117.064180,429.626609,0.000275,0.000169,-0.000854,1.684118,1.684118,1.684118
69300.000000,33.578388,-117.064245,469.351427,33.578139,-117.064180,429.637389,0.000275,0.000169,-0.000853,1.684245,1.684245,1.684245
69315.000000,33.578384,-117.064246,468.554398,33.578139,-117.064180,429.648040,0.000275,0.000169,-0.000853,1.684366,1.684366,1.684366
69330.000000,33.578377,-117.064247,467.954219,33.578139,-117.064180,429.658730,0.000275,0.000169,-0.000852,1.684479,1.684479,1.684479
69345.000000,33.578382,-117.064243,468.388251,33.578139,-117.064180,429.669200,0.000275,0.000168,-0.000852,1.684601,1.684601,1.684601
69360.000000,33.578380,-117.064243,468.272017,33.578139,-117.064180,429.679500,0.000274,0.000168,-0.000851,1.684726,1.684726,1.684726
69375.000000,33.578376,-117.064244,466.670853,33.578139,-117.064180,429.689114,0.000274,0.000168,-0.000851,1.684847,1.684847,1.684847
69390.000000,33.578375,-117.064244,467.131040,33.578139,-117.064180,429.698891,0.000274,0.000168,-0.000850,1.684970,1.684970,1.684970
69405.000000,33.578377,-117.064239,466.782524,33.578139,-117.064180,429.708192,0.000274,0.000168,-0.000849,1.685099,1.685099,1.685099
69420.000000,33.578370,-117.064242,465.563113,33.578139,-117.064180,429.717370,0.000274,0.000168,-0.000849,1.685215,1.685215,1.685215
69435.000000,33.578374,-117.064240,465.673283,33.578139,-117.064180,429.726170,0.000274,0.000168,-0.000848,1.685342,1.685342,1.685342
69450.000000,33.578374,-117.064237,464.886705,33.578139,-117.064180,429.734374,0.000273,0.000167,-0.000848,1.685473,1.685473,1.685473
69465.000000,33.578369,-117.064240,464.427973,33.578139,-117.064180,429.742631,0.000273,0.000167,-0.000847,1.685597,1.685597,1.685597
69480.000000,33.578370,-117.064239,463.988396,33.578139,-117.064180,429.750545,0.000273,0.000167,-0.000847,1.685724,1.685724,1.685724
69495.000000,33.578372,-117.064235,464.214318,33.578139,-117.064180,429.758304,0.000273,0.000167,-0.000846,1.685857,1.685857,1.685857
69510.000000,33.578367,-117.064235,463.188244,33.578139,-117.064180,429.765831,0.000273,0.000167,-0.000846,1.685982,1.685982,1.685982
69525.000000,33.578371,-117.064232,463.409432,33.578139,-117.064180,429.773095,0.000273,0.000167,-0.000846,1.686117,1.686117,1.686117
69540.000000,33.578368,-117.064232,463.144155,33.578139,-117.064180,429.780274,0.000273,0.000167,-0.000845,1.686250,1.686250,1.686250
69555.000000,33.578366,-117.064230,462.754508,33.578139,-117.064180,429.787276,0.000273,0.000167,-0.000845,1.686383,1.686383,1.686383
69570.000000,33.578367,-117.064229,462.563492,33.578139,-117.064180,429.793953,0.000272,0.000166,-0.000844,1.686521,1.686521,1.686521
69585.000000,33.578359,-117.064231,461.366453,33.578139,-117.064180,429.800549,0.000272,0.000166,-0.000844,1.686645,1.686645,1.686645
69600.000000,33.578367,-117.064226,460.621078,33.578140,-117.064180,429.806225,0.000272,0.000166,-0.000843,1.686783,1.686783,1.686783
69615.000000,33.578363,-117.064228,459.185672,33.578140,-117.064180,429.811283,0.000272,0.000166,-0.000843,1.686917,1.686917,1.686917
69630.000000,33.578362,-117.064227,459.375628,33.578140,-117.064180,429.816419,0.000272,0.000166,-0.000842,1.687052,1.687052,1.687052
69645.000000,33.578365,-117.064225,458.614155,33.578140,-117.064180,429.820957,0.000272,0.000166,-0.000842,1.687192,1.687192,1.687192
69660.000000,33.578361,-117.064226,458.376800,33.578140,-117.064180,429.825601,0.000272,0.000166,-0.000841,1.687326,1.687326,1.687326
69675.000000,33.578363,-117.064224,458.570187,33.578140,-117.064180,429.830197,0.000272,0.000166,-0.000841,1.687464,1.687464,1.687464
69690.000000,33.578361,-117.064224,458.270354,33.578140,-117.064180,429.834615,0.000272,0.000166,-0.000841,1.687603,1.687603,1.687603
69705.000000,33.578357,-117.064224,457.472410,33.578140,-117.064180,429.838799,0.000272,0.000166,-0.000840,1.687736,1.687736,1.687736
69720.000000,33.578356,-117.064222,457.120550,33.578140,-117.064180,429.842707,0.000271,0.000166,-0.000840,1.687872,1.687872,1.687872
69735.000000,33.578357,-117.064219,456.597388,33.578140,-117.064180,429.846245,0.000271,0.000166,-0.000839,1.688011,1.688011,1.688011
69750.000000,33.578353,-117.064222,455.810713,33.578140,-117.064180,429.849453,0.000271,0.000165,-0.000839,1.688148,1.688148,1.688148
69765.000000,33.578356,-117.064218,456.061298,33.578140,-117.064180,429.852594,0.000271,0.000165,-0.000839,1.688291,1.688291,1.688291
69780.000000,33.578346,-117.064222,454.538099,33.578140,-117.064180,429.855331,0.000271,0.000165,-0.000838,1.688421,1.688421,1.688421
69795.000000,33.578356,-117.064216,455.217215,33.578140,-117.064180,429.857855,0.000271,0.000165,-0.000838,1.688570,1.688570,1.688570
69810.000000,33.578352,-117.064218,453.998383,33.578140,-117.064180,429.859901,0.000271,0.000165,-0.000837,1.688714,1.688714,1.688714
69825.000000,33.578350,-117.064217,453.780599,33.578140,-117.064180,429.861854,0.000271,0.000165,-0.000837,1.688857,1.688857,1.688857
69840.000000,33.578352,-117.064215,453.308505,33.578140,-117.064180,429.863552,0.000271,0.000165,-0.000837,1.689001,1.689001,1.689001
69855.000000,33.578348,-117.064214,452.407919,33.578140,-117.064180,429.864875,0.000271,0.000165,-0.000836,1.689142,1.689142,1.689142
69870.000000,33.578350,-117.064212,452.589873,33.578140,-117.064180,429.866096,0.000271,0.000165,-0.000836,1.689290,1.689290,1.689290
69885.000000,33.578348,-117.064214,451.218492,33.578140,-117.064180,429.866682,0.000271,0.000165,-0.000835,1.689436,1.689436,1.689436
69900.000000,33.578344,-117.064213,451.423572,33.578140,-117.064180,429.867449,0.000271,0.000165,-0.000835,1.689579,1.689579,1.689579
69915.000000,33.578342,-117.064212,451.206944,33.578140,-117.064180,429.868147,0.000270,0.000165,-0.000835,1.689720,1.689720,1.689720
69930.000000,33.578341,-117.064211,450.481065,33.578140,-117.064180,429.868468,0.000270,0.000165,-0.000834,1.689861,1.689861,1.689861
69945.000000,33.578342,-117.064209,451.003295,33.578140,-117.064180,429.868894,0.000270,0.000165,-0.000834,1.690009,1.690009,1.690009
69960.000000,33.578338,-117.064211,449.431826,33.578140,-117.064180,429.868731,0.000270,0.000165,-0.000834,1.690148,1.690148,1.690148
69975.000000,33.578339,-117.064210,448.614971,33.578140,-117.064180,429.868057,0.000270,0.000165,-0.000833,1.690291,1.690291,1.690291
69990.000000,33.578335,-117.064210,448.957040,33.578140,-117.064180,429.867613,0.000270,0.000165,-0.000833,1.690432,1.690432,1.690432
70005.000000,33.578335,-117.064212,447.828053,33.578140,-117.064180,429.866444,0.000270,0.000165,-0.000833,1.690579,1.690579,1.690579
70020.000000,33.578335,-117.064209,447.754565,33.578140,-117.064180,429.865267,0.000270,0.000165,-0.000832,1.690725,1.690725,1.690725
70035.000000,33.578336,-117.064208,447.165824,33.578140,-117.064180,429.863735,0.000270,0.000165,-0.000832,1.690874,1.690874,1.690874
70050.000000,33.578333,-117.064209,446.721114,33.578141,-117.064180,429.862091,0.000270,0.000165,-0.000832,1.691018,1.691018,1.691018
70065.000000,33.578330,-117.064208,445.989851,33.578141,-117.064180,429.860043,0.000270,0.000165,-0.000831,1.691163,1.691163,1.691163
70080.000000,33.578332,-117.064207,445.784422,33.578141,-117.064180,429.857822,0.000270,0.000165,-0.000831,1.691312,1.691312,1.691312
70095.000000,33.578329,-117.064205,445.452940,33.578141,-117.064180,429.855576,0.000270,0.000165,-0.000831,1.691453,1.691453,1.691453
70110.000000,33.578328,-117.064203,445.239538,33.578141,-117.064180,429.853095,0.000270,0.000165,-0.000831,1.691601,1.691601,1.691601
70125.000000,33.578324,-117.064205,444.543133,33.578141,-117.064180,429.850380,0.000270,0.000165,-0.000830,1.691743,1.691743,1.691743
70140.000000,33.578327,-117.064202,443.514874,33.578141,-117.064180,429.847054,0.000270,0.000165,-0.000830,1.691890,1.691890,1.691890
70155.000000,33.578327,-117.064203,442.988802,33.578141,-117.064180,429.843468,0.000270,0.000165,-0.000830,1.692036,1.692036,1.692036
70170.000000,33.578326,-117.064201,442.668952,33.578141,-117.064180,429.839717,0.000270,0.000165,-0.000829,1.692183,1.692183,1.692183
70185.000000,33.578323,-117.064200,442.384366,33.578141,-117.064180,429.835884,0.000270,0.000165,-0.000829,1.692326,1.692326,1.692326
70200.000000,33.578321,-117.064202,441.850395,33.578141,-117.064180,429.831787,0.000270,0.000165,-0.000829,1.692469,1.692469,1.692469
70215.000000,33.578321,-117.064200,441.830430,33.578141,-117.064180,429.827659,0.000270,0.000165,-0.000829,1.692613,1.692613,1.692613
70230.000000,33.578320,-117.064200,441.072841,33.578141,-117.064180,429.823134,0.000270,0.000165,-0.000828,1.692758,1.692758,1.692758
70245.000000,33.578320,-117.064198,440.321136,33.578141,-117.064180,429.818246,0.000270,0.000165,-0.000828,1.692902,1.692902,1.692902
70260.000000,33.578319,-117.064199,439.834583,33.578141,-117.064180,429.813109,0.000270,0.000165,-0.000828,1.693047,1.693047,1.693047
70275.000000,33.578314,-117.064200,440.214089,33.578141,-117.064180,429.808249,0.000270,0.000165,-0.000828,1.693185,1.693185,1.693185
70290.000000,33.578315,-117.064198,439.379609,33.578141,-117.064179,429.802949,0.000270,0.000165,-0.000827,1.693323,1.693323,1.693323
70305.000000,33.578315,-117.064199,438.548180,33.578141,-117.064179,429.797218,0.000270,0.000165,-0.000827,1.693463,1.693463,1.693463
70320.000000,33.578313,-117.064198,438.605299,33.578141,-117.064179,429.791523,0.000270,0.000165,-0.000827,1.693602,1.693602,1.693602
70335.000000,33.578313,-117.064198,437.898511,33.578141,-117.064179,429.785423,0.000270,0.000165,-0.000827,1.693746,1.693746,1.693746
70350.000000,33.578313,-117.064196,437.190706,33.578141,-117.064179,429.778974,0.000270,0.000165,-0.000826,1.693889,1.693889,1.693889
70365.000000,33.578311,-117.064196,436.198948,33.578141,-117.064179,429.772049,0.000270,0.000165,-0.000826,1.694029,1.694029,1.694029
70380.000000,33.578310,-117.064195,436.187728,33.578141,-117.064179,429.765107,0.000270,0.000165,-0.000826,1.694170,1.694170,1.694170
70395.000000,33.578309,-117.064195,436.145649,33.578141,-117.064179,429.758151,0.000270,0.000165,-0.000826,1.694312,1.694312,1.694312
70410.000000,33.578305,-117.064195,435.695454,33.578141,-117.064179,429.751038,0.000270,0.000165,-0.000825,1.694443,1.694443,1.694443
70425.000000,33.578306,-117.064194,435.047978,33.578141,-117.064179,429.743553,0.000270,0.000165,-0.000825,1.694580,1.694580,1.694580
70440.000000,33.578304,-117.064194,434.552717,33.578141,-117.064179,429.735835,0.000270,0.000166,-0.000825,1.694715,1.694715,1.694715
70455.000000,33.578304,-117.064193,434.596466,33.578141,-117.064179,429.728119,0.000270,0.000166,-0.000825,1.694853,1.694853,1.694853
70470.000000,33.578303,-117.064195,433.291502,33.578141,-117.064179,429.719744,0.000270,0.000166,-0.000825,1.694990,1.694990,1.694990
70485.000000,33.578300,-117.064193,432.898223,33.578141,-117.064179,429.711178,0.000270,0.000166,-0.000824,1.695124,1.695124,1.695124
70500.000000,33.578298,-117.064194,432.990531,33.578141,-117.064179,429.702680,0.000270,0.000166,-0.000824,1.695255,1.695255,1.695255
70515.000000,33.578300,-117.064193,432.567005,33.578141,-117.064179,429.693955,0.000270,0.000166,-0.000824,1.695389,1.695389,1.695389
70530.000000,33.578297,-117.064193,431.900820,33.578141,-117.064179,429.684901,0.000270,0.000166,-0.000824,1.695517,1.695517,1.695517
70545.000000,33.578295,-117.064192,431.730432,33.578141,-117.064179,429.675761,0.000270,0.000166,-0.000824,1.695647,1.695647,1.695647
70560.000000,33.578294,-117.064194,430.926818,33.578141,-117.064179,429.666209,0.000270,0.000166,-0.000824,1.695774,1.695774,1.695774
70575.000000,33.578294,-117.064192,431.012563,33.578141,-117.064179,429.656702,0.000270,0.000166,-0.000823,1.695904,1.695904,1.695904
70590.000000,33.578293,-117.064193,429.983352,33.578141,-117.064179,429.646662,0.000270,0.000166,-0.000823,1.696033,1.696033,1.696033
70605.000000,33.578293,-117.064191,429.420581,33.578141,-117.064179,429.636333,0.000270,0.000166,-0.000823,1.696163,1.696163,1.696163
70620.000000,33.578291,-117.064193,429.426953,33.578141,-117.064179,429.626012,0.000270,0.000167,-0.000823,1.696292,1.696292,1.696292
70635.000000,33.578290,-117.064193,429.015703,33.578141,-117.064179,429.615481,0.000270,0.000167,-0.000823,1.696421,1.696421,1.696421
70650.000000,33.578287,-117.064192,428.893097,33.578141,-117.064179,429.604885,0.000270,0.000167,-0.000823,1.696543,1.696543,1.696543
70665.000000,33.578285,-117.064191,427.884651,33.578141,-117.064179,429.593749,0.000270,0.000167,-0.000822,1.696661,1.696661,1.696661
70680.000000,33.578284,-117.064190,427.863760,33.578141,-117.064179,429.582614,0.000270,0.000167,-0.000822,1.696781,1.696781,1.696781
70695.000000,33.578283,-117.064191,427.848563,33.578141,-117.064179,429.571471,0.000270,0.000167,-0.000822,1.696899,1.696899,1.696899
70710.000000,33.578283,-117.064190,426.867478,33.578141,-117.064179,429.559814,0.000270,0.000167,-0.000822,1.697019,1.697019,1.697019
70725.000000,33.578280,-117.064189,426.980018,33.578141,-117.064179,429.548208,0.000270,0.000167,-0.000822,1.697133,1.697133,1.697133
70740.000000,33.578279,-117.064191,426.468357,33.578141,-117.064179,429.536338,0.000271,0.000168,-0.000822,1.697250,1.697250,1.697250
70755.000000,33.578278,-117.064192,425.830399,33.578141,-117.064179,429.524125,0.000271,0.000168,-0.000822,1.697365,1.697365,1.697365
70770.000000,33.578277,-117.064192,424.900261,33.578141,-117.064179,429.511406,0.000271,0.000168,-0.000821,1.697478,1.697478,1.697478
70785.000000,33.578276,-117.064191,425.109100,33.578141,-117.064179,429.498820,0.000271,0.000168,-0.000821,1.697594,1.697594,1.697594
70800.000000,33.578276,-117.064191,424.308234,33.578141,-117.064179,429.485788,0.000271,0.000168,-0.000821,1.697706,1.697706,1.697706
70815.000000,33.578275,-117.064190,424.074563,33.578141,-117.064179,429.472609,0.000271,0.000168,-0.000821,1.697814,1.697814,1.697814
70830.000000,33.578272,-117.064191,423.727141,33.578141,-117.064179,429.459231,0.000271,0.000168,-0.000821,1.697920,1.697920,1.697920
70845.000000,33.578271,-117.064191,422.970534,33.578141,-117.064179,429.445411,0.000271,0.000169,-0.000821,1.698021,1.698021,1.698021
70860.000000,33.578270,-117.064189,422.779342,33.578141,-117.064179,429.431507,0.000271,0.000169,-0.000821,1.698124,1.698124,1.698124
70875.000000,33.578268,-117.064191,422.526286,33.578141,-117.064179,429.417455,0.000271,0.000169,-0.000821,1.698226,1.698226,1.698226
70890.000000,33.578269,-117.064190,421.981498,33.578141,-117.064179,429.403169,0.000271,0.000169,-0.000821,1.698334,1.698334,1.698334
70905.000000,33.578266,-117.064191,421.626695,33.578141,-117.064179,429.388642,0.000271,0.000169,-0.000820,1.698436,1.698436,1.698436
70920.000000,33.578265,-117.064190,421.082098,33.578141,-117.064179,429.373794,0.000271,0.000169,-0.000820,1.698536,1.698536,1.698536
70935.000000,33.578264,-117.064190,420.475887,33.578141,-117.064179,429.358598,0.000271,0.000169,-0.000820,1.698634,1.698634,1.698634
70950.000000,33.578263,-117.064190,420.439965,33.578141,-117.064179,429.343382,0.000271,0.000170,-0.000820,1.698731,1.698731,1.698731
70965.000000,33.578261,-117.064189,419.759300,33.578141,-117.064179,429.327733,0.000271,0.000170,-0.000820,1.698822,1.698822,1.698822
70980.000000,33.578260,-117.064189,419.645893,33.578141,-117.064179,429.312048,0.000272,0.000170,-0.000820,1.698916,1.698916,1.698916
70995.000000,33.578260,-117.064190,418.868974,33.578141,-117.064179,429.295921,0.000272,0.000170,-0.000820,1.699008,1.699008,1.699008
71010.000000,33.578255,-117.064191,419.698229,33.578141,-117.064179,429.280163,0.000272,0.000170,-0.000820,1.699091,1.699091,1.699091
71025.000000,33.578254,-117.064192,419.116492,33.578141,-117.064179,429.264031,0.000272,0.000171,-0.000820,1.699170,1.699170,1.699170
71040.000000,33.578256,-117.064191,418.457148,33.578141,-117.064179,429.247560,0.000272,0.000171,-0.000820,1.699251,1.699251,1.699251
71055.000000,33.578253,-117.064191,418.170155,33.578141,-117.064178,429.230927,0.000272,0.000171,-0.000820,1.699333,1.699333,1.699333
71070.000000,33.578253,-117.064191,417.847559,33.578141,-117.064178,429.214039,0.000272,0.000171,-0.000820,1.699408,1.699408,1.699408
71085.000000,33.578252,-117.064192,417.273142,33.578141,-117.064178,429.196674,0.000272,0.000171,-0.000820,1.699473,1.699473,1.699473
71100.000000,33.578250,-117.064193,417.062267,33.578141,-117.064178,429.179174,0.000272,0.000172,-0.000820,1.699536,1.699536,1.699536
71115.000000,33.578248,-117.064195,417.210904,33.578141,-117.064178,429.161759,0.000272,0.000172,-0.000820,1.699598,1.699598,1.699598
71130.000000,33.578248,-117.064196,416.387811,33.578141,-117.064178,429.143877,0.000272,0.000172,-0.000820,1.699662,1.699662,1.699662
71145.000000,33.578245,-117.064194,416.325684,33.578141,-117.064178,429.125866,0.000272,0.000172,-0.000820,1.699719,1.699719,1.699719
71160.000000,33.578245,-117.064192,416.167888,33.578141,-117.064178,429.107802,0.000273,0.000172,-0.000819,1.699778,1.699778,1.699778
71175.000000,33.578243,-117.064194,415.964027,33.578141,-117.064178,429.089577,0.000273,0.000173,-0.000819,1.699833,1.699833,1.699833
71190.000000,33.578242,-117.064196,415.429739,33.578141,-117.064178,429.071035,0.000273,0.000173,-0.000819,1.699889,1.699889,1.699889
71205.000000,33.578241,-117.064196,414.932186,33.578141,-117.064178,429.052065,0.000273,0.000173,-0.000819,1.699936,1.699936,1.699936
71220.000000,33.578241,-117.064195,414.507939,33.578141,-117.064178,429.032800,0.000273,0.000173,-0.000819,1.699981,1.699981,1.699981
71235.000000,33.578241,-117.064194,414.313313,33.578141,-117.064178,429.013489,0.000273,0.000174,-0.000819,1.700029,1.700029,1.700029
71250.000000,33.578239,-117.064195,414.187111,33.578141,-117.064178,428.994002,0.000273,0.000174,-0.000819,1.700071,1.700071,1.700071
71265.000000,33.578237,-117.064196,414.000953,33.578141,-117.064178,428.974366,0.000273,0.000174,-0.000819,1.700111,1.700111,1.700111
71280.000000,33.578234,-117.064196,414.009542,33.578141,-117.064178,428.954650,0.000273,0.000174,-0.000819,1.700145,1.700145,1.700145
71295.000000,33.578233,-117.064195,413.503041,33.578141,-117.064178,428.934597,0.000273,0.000175,-0.000819,1.700178,1.700178,1.700178
71310.000000,33.578233,-117.064196,413.288567,33.578141,-117.064178,428.914404,0.000274,0.000175,-0.000819,1.700209,1.700209,1.700209
71325.000000,33.578231,-117.064197,412.856140,33.578141,-117.064178,428.893801,0.000274,0.000175,-0.000819,1.700233,1.700233,1.700233
71340.000000,33.578232,-117.064198,412.457848,33.578141,-117.064178,428.872976,0.000274,0.000175,-0.000819,1.700258,1.700258,1.700258
71355.000000,33.578230,-117.064198,412.147432,33.578141,-117.064178,428.851916,0.000274,0.000176,-0.000819,1.700281,1.700281,1.700281
71370.000000,33.578229,-117.064198,411.403554,33.578141,-117.064178,428.830417,0.000274,0.000176,-0.000819,1.700304,1.700304,1.700304
71385.000000,33.578227,-117.064197,411.570780,33.578141,-117.064178,428.808878,0.000274,0.000176,-0.000819,1.700320,1.700320,1.700320
71400.000000,33.578226,-117.064197,411.503246,33.578141,-117.064178,428.787262,0.000274,0.000176,-0.000819,1.700334,1.700334,1.700334
71415.000000,33.578224,-117.064199,411.447505,33.578141,-117.064178,428.765549,0.000274,0.000177,-0.000819,1.700344,1.700344,1.700344
71430.000000,33.578224,-117.064199,411.021274,33.578141,-117.064178,428.743587,0.000274,0.000177,-0.000820,1.700355,1.700355,1.700355
71445.000000,33.578224,-117.064200,411.155390,33.578141,-117.064178,428.721594,0.000274,0.000177,-0.000820,1.700360,1.700360,1.700360
71460.000000,33.578223,-117.064199,410.530255,33.578141,-117.064178,428.699209,0.000275,0.000177,-0.000820,1.700365,1.700365,1.700365
71475.000000,33.578222,-117.064201,409.708063,33.578141,-117.064178,428.676248,0.000275,0.000178,-0.000820,1.700369,1.700369,1.700369
71490.000000,33.578222,-117.064202,410.001588,33.578141,-117.064178,428.653510,0.000275,0.000178,-0.000820,1.700372,1.700372,1.700372
71505.000000,33.578218,-117.064203,409.914971,33.578141,-117.064178,428.630492,0.000275,0.000178,-0.000820,1.700365,1.700365,1.700365
71520.000000,33.578219,-117.064202,409.202586,33.578141,-117.064178,428.606961,0.000275,0.000179,-0.000820,1.700357,1.700357,1.700357
71535.000000,33.578217,-117.064203,409.732255,33.578141,-117.064178,428.583717,0.000275,0.000179,-0.000820,1.700344,1.700344,1.700344
71550.000000,33.578215,-117.064202,409.456599,33.578141,-117.064178,428.560164,0.000275,0.000179,-0.000820,1.700325,1.700325,1.700325
71565.000000,33.578216,-117.064200,408.789022,33.578141,-117.064178,428.536179,0.000275,0.000179,-0.000820,1.700307,1.700307,1.700307
71580.000000,33.578216,-117.064202,408.756743,33.578141,-117.064178,428.512070,0.000275,0.000180,-0.000820,1.700284,1.700284,1.700284
71595.000000,33.578214,-117.064203,408.647505,33.578141,-117.064178,428.487727,0.000276,0.000180,-0.000820,1.700253,1.700253,1.700253
71610.000000,33.578211,-117.064204,408.256740,33.578141,-117.064178,428.463050,0.000276,0.000180,-0.000820,1.700220,1.700220,1.700220
71625.000000,33.578210,-117.064204,408.701762,33.578141,-117.064178,428.438556,0.000276,0.000181,-0.000820,1.700180,1.700180,1.700180
71640.000000,33.578207,-117.064203,409.216580,33.578141,-117.064178,428.414191,0.000276,0.000181,-0.000820,1.700129,1.700129,1.700129
71655.000000,33.578210,-117.064208,407.670059,33.578140,-117.064178,428.388949,0.000276,0.000181,-0.000820,1.700087,1.700087,1.700087
71670.000000,33.578208,-117.064205,407.809803,33.578140,-117.064178,428.363660,0.000276,0.000182,-0.000820,1.700039,1.700039,1.700039
71685.000000,33.578207,-117.064208,407.270684,33.578140,-117.064178,428.338117,0.000276,0.000182,-0.000821,1.699995,1.699995,1.699995
71700.000000,33.578203,-117.064208,407.260348,33.578140,-117.064178,428.312228,0.000276,0.000182,-0.000821,1.699937,1.699937,1.699937
71715.000000,33.578207,-117.064211,406.191833,33.578140,-117.064178,428.285849,0.000277,0.000183,-0.000821,1.699890,1.699890,1.699890
71730.000000,33.578204,-117.064209,406.803433,33.578140,-117.064178,428.259638,0.000277,0.000183,-0.000821,1.699831,1.699831,1.699831
71745.000000,33.578205,-117.064212,406.275557,33.578140,-117.064178,428.233051,0.000277,0.000183,-0.000821,1.699773,1.699773,1.699773
71760.000000,33.578203,-117.064210,406.367490,33.578140,-117.064178,428.206340,0.000277,0.000184,-0.000821,1.699706,1.699706,1.699706
71775.000000,33.578201,-117.064210,407.057928,33.578140,-117.064178,428.180024,0.000277,0.000184,-0.000821,1.699633,1.699633,1.699633
71790.000000,33.578202,-117.064212,406.354664,33.578140,-117.064178,428.153056,0.000277,0.000184,-0.000821,1.699556,1.699556,1.699556
71805.000000,33.578199,-117.064211,406.515805,33.578140,-117.064178,428.125978,0.000277,0.000185,-0.000821,1.699468,1.699468,1.699468
71820.000000,33.578200,-117.064214,405.262838,33.578140,-117.064178,428.098103,0.000277,0.000185,-0.000821,1.699386,1.699386,1.699386
71835.000000,33.578198,-117.064212,405.811741,33.578140,-117.064178,428.070243,0.000278,0.000185,-0.000822,1.699287,1.699287,1.699287
71850.000000,33.578201,-117.064215,404.635025,33.578140,-117.064178,428.041929,0.000278,0.000186,-0.000822,1.699205,1.699205,1.699205
71865.000000,33.578196,-117.064214,404.948852,33.578140,-117.064178,428.013659,0.000278,0.000186,-0.000822,1.699115,1.699115,1.699115
71880.000000,33.578198,-117.064213,403.800406,33.578140,-117.064178,427.984541,0.000278,0.000187,-0.000822,1.699026,1.699026,1.699026
71895.000000,33.578195,-117.064212,404.468348,33.578140,-117.064178,427.955456,0.000278,0.000187,-0.000822,1.698919,1.698919,1.698919
71910.000000,33.578194,-117.064215,403.784807,33.578140,-117.064178,427.925844,0.000278,0.000187,-0.000822,1.698811,1.698811,1.698811
71925.000000,33.578190,-117.064214,404.558947,33.578140,-117.064178,427.896483,0.000278,0.000188,-0.000822,1.698690,1.698690,1.698690
71940.000000,33.578189,-117.064214,405.272456,33.578140,-117.064178,427.867493,0.000278,0.000188,-0.000823,1.698560,1.698560,1.698560
71955.000000,33.578192,-117.064216,403.894062,33.578140,-117.064178,427.837624,0.000279,0.000189,-0.000823,1.698438,1.698438,1.698438
71970.000000,33.578192,-117.064218,404.192317,33.578140,-117.064178,427.807745,0.000279,0.000189,-0.000823,1.698307,1.698307,1.698307
71985.000000,33.578193,-117.064222,403.549653,33.578140,-117.064178,427.777501,0.000279,0.000189,-0.000823,1.698180,1.698180,1.698180
72000.000000,33.578190,-117.064219,404.072235,33.578140,-117.064178,427.747319,0.000279,0.000190,-0.000823,1.698039,1.698039,1.698039
72015.000000,33.578194,-117.064222,402.983271,33.578140,-117.064178,427.716616,0.000279,0.000190,-0.000823,1.697911,1.697911,1.697911
72030.000000,33.578185,-117.064217,404.475569,33.578140,-117.064178,427.686351,0.000279,0.000191,-0.000824,1.697754,1.697754,1.697754
72045.000000,33.578189,-117.064222,403.424838,33.578140,-117.064178,427.655400,0.000279,0.000191,-0.000824,1.697603,1.697603,1.697603
72060.000000,33.578187,-117.064223,403.402048,33.578140,-117.064178,427.624210,0.000279,0.000191,-0.000824,1.697444,1.697444,1.697444
72075.000000,33.578187,-117.064224,402.858479,33.578140,-117.064178,427.592662,0.000280,0.000192,-0.000824,1.697288,1.697288,1.697288
72090.000000,33.578184,-117.064225,403.344007,33.578140,-117.064178,427.561254,0.000280,0.000192,-0.000824,1.697121,1.697121,1.697121
72105.000000,33.578362,-117.064242,441.709128,33.578140,-117.064178,427.554957,0.000280,0.000192,-0.000824,1.697428,1.697428,1.697428
72120.000000,33.578363,-117.064243,440.164060,33.578140,-117.064178,427.548212,0.000280,0.000192,-0.000824,1.697735,1.697735,1.697735
72135.000000,33.578360,-117.064241,440.914279,33.578140,-117.064178,427.541727,0.000280,0.000192,-0.000824,1.698039,1.698039,1.698039
72150.000000,33.578364,-117.064243,438.630342,33.578140,-117.064178,427.534558,0.000280,0.000192,-0.000823,1.698343,1.698343,1.698343
72165.000000,33.578364,-117.064243,438.844062,33.578140,-117.064178,427.527451,0.000280,0.000192,-0.000823,1.698647,1.698647,1.698647
72180.000000,33.578369,-117.064243,437.400235,33.578140,-117.064178,427.519860,0.000280,0.000193,-0.000823,1.698955,1.698955,1.698955
72195.000000,33.578367,-117.064244,437.366244,33.578140,-117.064178,427.512324,0.000280,0.000193,-0.000823,1.699257,1.699257,1.699257
72210.000000,33.578369,-117.064242,436.209402,33.578140,-117.064178,427.504384,0.000280,0.000193,-0.000823,1.699565,1.699565,1.699565
72225.000000,33.578368,-117.064241,436.153319,33.578140,-117.064178,427.496453,0.000280,0.000193,-0.000823,1.699870,1.699870,1.699870
72240.000000,33.578365,-117.064240,435.848174,33.578140,-117.064178,427.488462,0.000279,0.000193,-0.000822,1.700173,1.700173,1.700173
72255.000000,33.578369,-117.064239,435.580006,33.578140,-117.064178,427.480345,0.000279,0.000193,-0.000822,1.700480,1.700480,1.700480
72270.000000,33.578367,-117.064239,434.731689,33.578140,-117.064178,427.471993,0.000279,0.000193,-0.000822,1.700785,1.700785,1.700785
72285.000000,33.578369,-117.064239,433.573033,33.578140,-117.064178,427.463286,0.000279,0.000193,-0.000822,1.701091,1.701091,1.701091
72300.000000,33.578369,-117.064241,434.008084,33.578140,-117.064178,427.454708,0.000279,0.000193,-0.000822,1.701398,1.701398,1.701398
72315.000000,33.578371,-117.064241,432.331494,33.578140,-117.064178,427.445617,0.000279,0.000193,-0.000822,1.701706,1.701706,1.701706
72330.000000,33.578372,-117.064244,430.934104,33.578140,-117.064178,427.436135,0.000279,0.000193,-0.000821,1.702009,1.702009,1.702009
72345.000000,33.578372,-117.064243,431.514217,33.578140,-117.064178,427.426831,0.000279,0.000193,-0.000821,1.702312,1.702312,1.702312
72360.000000,33.578374,-117.064242,431.106671,33.578140,-117.064178,427.417391,0.000279,0.000193,-0.000821,1.702619,1.702619,1.702619
72375.000000,33.578369,-117.064241,430.843460,33.578140,-117.064178,427.407905,0.000279,0.000193,-0.000821,1.702918,1.702918,1.702918
72390.000000,33.578372,-117.064243,430.088138,33.578140,-117.064178,427.398184,0.000279,0.000194,-0.000821,1.703218,1.703218,1.703218
72405.000000,33.578373,-117.064241,430.192901,33.578140,-117.064178,427.388488,0.000279,0.000194,-0.000821,1.703521,1.703521,1.703521
72420.000000,33.578374,-117.064242,429.022480,33.578140,-117.064178,427.378442,0.000279,0.000194,-0.000820,1.703822,1.703822,1.703822
72435.000000,33.578373,-117.064244,428.176076,33.578140,-117.064178,427.368145,0.000279,0.000194,-0.000820,1.704117,1.704117,1.704117
72450.000000,33.578378,-117.064247,426.994628,33.578140,-117.064178,427.357483,0.000279,0.000194,-0.000820,1.704420,1.704420,1.704420
72465.000000,33.578377,-117.064247,427.432102,33.578140,-117.064178,427.346958,0.000279,0.000194,-0.000820,1.704721,1.704721,1.704721
72480.000000,33.578380,-117.064249,425.539453,33.578140,-117.064178,427.335853,0.000279,0.000194,-0.000820,1.705022,1.705022,1.705022
72495.000000,33.578378,-117.064248,425.467024,33.578140,-117.064178,427.324720,0.000279,0.000194,-0.000820,1.705318,1.705318,1.705318
72510.000000,33.578381,-117.064248,424.678299,33.578140,-117.064178,427.313359,0.000280,0.000194,-0.000820,1.705620,1.705620,1.705620
72525.000000,33.578377,-117.064247,425.426515,33.578140,-117.064178,427.302220,0.000280,0.000195,-0.000819,1.705916,1.705916,1.705916
72540.000000,33.578378,-117.064247,424.457400,33.578140,-117.064178,427.290779,0.000280,0.000195,-0.000819,1.706212,1.706212,1.706212
72555.000000,33.578380,-117.064249,423.799838,33.578140,-117.064178,427.279145,0.000280,0.000195,-0.000819,1.706510,1.706510,1.706510
72570.000000,33.578378,-117.064247,424.101929,33.578140,-117.064178,427.267612,0.000280,0.000195,-0.000819,1.706809,1.706809,1.706809
72585.000000,33.578382,-117.064250,422.500291,33.578140,-117.064178,427.255579,0.000280,0.000195,-0.000819,1.707106,1.707106,1.707106
72600.000000,33.578381,-117.064248,422.705579,33.578140,-117.064178,427.243607,0.000280,0.000195,-0.000819,1.707403,1.707403,1.707403
72615.000000,33.578384,-117.064251,420.562393,33.578140,-117.064178,427.230951,0.000280,0.000195,-0.000819,1.707697,1.707697,1.707697
72630.000000,33.578385,-117.064253,419.909202,33.578140,-117.064178,427.218114,0.000280,0.000195,-0.000818,1.707994,1.707994,1.707994
72645.000000,33.578388,-117.064254,419.072537,33.578140,-117.064178,427.205038,0.000280,0.000196,-0.000818,1.708292,1.708292,1.708292
72660.000000,33.578383,-117.064252,420.203636,33.578140,-117.064178,427.192284,0.000280,0.000196,-0.000818,1.708587,1.708587,1.708587
72675.000000,33.578381,-117.064248,420.083719,33.578140,-117.064178,427.179475,0.000280,0.000196,-0.000818,1.708879,1.708879,1.708879
72690.000000,33.578401,-117.064414,457.357235,33.578140,-117.064178,427.181328,0.000280,0.000196,-0.000818,1.709090,1.709090,1.709090
72705.000000,33.578404,-117.064416,456.018387,33.578140,-117.064178,427.182432,0.000279,0.000196,-0.000817,1.709308,1.709308,1.709308
72720.000000,33.578401,-117.064414,455.509227,33.578140,-117.064178,427.183187,0.000279,0.000196,-0.000817,1.709530,1.709530,1.709530
72735.000000,33.578401,-117.064413,455.164650,33.578140,-117.064178,427.183815,0.000279,0.000196,-0.000817,1.709752,1.709752,1.709752
72750.000000,33.578403,-117.064414,453.357983,33.578140,-117.064178,427.183602,0.000279,0.000196,-0.000816,1.709977,1.709977,1.709977
72765.000000,33.578402,-117.064408,453.664388,33.578140,-117.064178,427.183807,0.000279,0.000196,-0.000816,1.710193,1.710193,1.710193
72780.000000,33.578399,-117.064410,452.883046,33.578140,-117.064178,427.183583,0.000278,0.000196,-0.000816,1.710413,1.710413,1.710413
72795.000000,33.578400,-117.064409,452.628860,33.578140,-117.064178,427.183272,0.000278,0.000196,-0.000815,1.710632,1.710632,1.710632
72810.000000,33.578402,-117.064411,451.965419,33.578140,-117.064178,427.182458,0.000278,0.000196,-0.000815,1.710860,1.710860,1.710860
72825.000000,33.578271,-117.064423,481.183853,33.578140,-117.064179,427.191658,0.000278,0.000196,-0.000815,1.711110,1.711110,1.711110
72840.000000,33.578270,-117.064426,479.376714,33.578140,-117.064179,427.199749,0.000277,0.000196,-0.000814,1.711368,1.711368,1.711368
72855.000000,33.578268,-117.064427,479.604393,33.578140,-117.064179,427.207777,0.000277,0.000196,-0.000814,1.711628,1.711628,1.711628
72870.000000,33.578266,-117.064431,478.510376,33.578140,-117.064179,427.214795,0.000277,0.000196,-0.000814,1.711898,1.711898,1.711898
72885.000000,33.578266,-117.064426,478.221558,33.578140,-117.064179,427.221987,0.000277,0.000195,-0.000813,1.712164,1.712164,1.712164
72900.000000,33.578265,-117.064423,477.343964,33.578140,-117.064179,427.228941,0.000276,0.000195,-0.000813,1.712428,1.712428,1.712428
72915.000000,33.578266,-117.064421,477.334548,33.578140,-117.064179,427.235945,0.000276,0.000195,-0.000813,1.712692,1.712692,1.712692
72930.000000,33.578267,-117.064418,476.480222,33.578140,-117.064179,427.242866,0.000276,0.000195,-0.000813,1.712952,1.712952,1.712952
72945.000000,33.578262,-117.064420,475.798797,33.578140,-117.064179,427.249042,0.000275,0.000195,-0.000812,1.713221,1.713221,1.713221
72960.000000,33.578263,-117.064416,475.881418,33.578140,-117.064179,427.255600,0.000275,0.000195,-0.000812,1.713483,1.713483,1.713483
72975.000000,33.578262,-117.064411,475.212574,33.578140,-117.064179,427.262195,0.000275,0.000195,-0.000812,1.713741,1.713741,1.713741
72990.000000,33.578265,-117.064413,474.678444,33.578140,-117.064179,427.268219,0.000275,0.000194,-0.000811,1.714006,1.714006,1.714006
73005.000000,33.578263,-117.064417,473.181395,33.578140,-117.064179,427.273375,0.000274,0.000194,-0.000811,1.714277,1.714277,1.714277
73020.000000,33.578259,-117.064417,472.490511,33.578140,-117.064179,427.278075,0.000274,0.000194,-0.000811,1.714552,1.714552,1.714552
73035.000000,33.578262,-117.064413,472.254549,33.578140,-117.064179,427.282805,0.000274,0.000194,-0.000811,1.714825,1.714825,1.714825
73050.000000,33.578259,-117.064406,472.318241,33.578140,-117.064179,427.288035,0.000274,0.000194,-0.000810,1.715089,1.715089,1.715089
73065.000000,33.578257,-117.064404,471.653492,33.578140,-117.064179,427.293114,0.000273,0.000194,-0.000810,1.715352,1.715352,1.715352
73080.000000,33.578258,-117.064405,471.345604,33.578140,-117.064179,427.297937,0.000273,0.000194,-0.000810,1.715617,1.715617,1.715617
73095.000000,33.578258,-117.064398,470.511400,33.578140,-117.064180,427.302955,0.000273,0.000194,-0.000809,1.715873,1.715873,1.715873
73110.000000,33.578258,-117.064404,469.272364,33.578140,-117.064180,427.306919,0.000273,0.000193,-0.000809,1.716141,1.716141,1.716141
73125.000000,33.578257,-117.064402,469.032330,33.578140,-117.064180,427.310732,0.000272,0.000193,-0.000809,1.716411,1.716411,1.716411
73140.000000,33.578256,-117.064403,468.504574,33.578140,-117.064180,427.314137,0.000272,0.000193,-0.000809,1.716685,1.716685,1.716685
73155.000000,33.578255,-117.064401,467.923500,33.578139,-117.064180,427.317349,0.000272,0.000193,-0.000808,1.716960,1.716960,1.716960
73170.000000,33.578257,-117.064391,468.344396,33.578139,-117.064180,427.321300,0.000272,0.000193,-0.000808,1.717222,1.717222,1.717222
73185.000000,33.578253,-117.064393,467.055445,33.578139,-117.064180,427.324558,0.000272,0.000193,-0.000808,1.717489,1.717489,1.717489
73200.000000,33.578255,-117.064392,466.855721,33.578139,-117.064180,427.327810,0.000271,0.000193,-0.000808,1.717755,1.717755,1.717755
73215.000000,33.578251,-117.064391,466.334625,33.578139,-117.064180,427.330746,0.000271,0.000193,-0.000808,1.718023,1.718023,1.718023
73230.000000,33.578253,-117.064393,465.100175,33.578139,-117.064180,427.333188,0.000271,0.000193,-0.000807,1.718294,1.718294,1.718294
73245.000000,33.578251,-117.064393,464.337174,33.578139,-117.064180,427.335203,0.000271,0.000192,-0.000807,1.718568,1.718568,1.718568
73260.000000,33.578252,-117.064393,462.468017,33.578139,-117.064180,427.336648,0.000271,0.000192,-0.000807,1.718841,1.718841,1.718841
73275.000000,33.578250,-117.064391,462.299187,33.578139,-117.064180,427.337957,0.000270,0.000192,-0.000807,1.719116,1.719116,1.719116
73290.000000,33.578251,-117.064378,463.516202,33.578139,-117.064180,427.340399,0.000270,0.000192,-0.000806,1.719374,1.719374,1.719374
73305.000000,33.578250,-117.064387,461.154029,33.578139,-117.064180,427.341393,0.000270,0.000192,-0.000806,1.719647,1.719647,1.719647
73320.000000,33.578250,-117.064384,460.757195,33.578139,-117.064180,427.342321,0.000270,0.000192,-0.000806,1.719919,1.719919,1.719919
73335.000000,33.578253,-117.064376,461.410040,33.578139,-117.064180,427.343944,0.000270,0.000192,-0.000806,1.720179,1.720179,1.720179
73350.000000,33.578251,-117.064382,459.178432,33.578139,-117.064180,427.344368,0.000269,0.000192,-0.000806,1.720450,1.720450,1.720450
73365.000000,33.578247,-117.064381,458.728594,33.578139,-117.064180,427.344618,0.000269,0.000192,-0.000805,1.720721,1.720721,1.720721
73380.000000,33.578246,-117.064379,457.709310,33.578139,-117.064180,427.344489,0.000269,0.000192,-0.000805,1.720994,1.720994,1.720994
73395.000000,33.578246,-117.064376,457.576856,33.578139,-117.064180,427.344361,0.000269,0.000192,-0.000805,1.721265,1.721265,1.721265
73410.000000,33.578247,-117.064374,457.116042,33.578139,-117.064181,427.344111,0.000269,0.000192,-0.000805,1.721535,1.721535,1.721535
73425.000000,33.578246,-117.064371,457.102840,33.578139,-117.064181,427.344041,0.000268,0.000192,-0.000805,1.721800,1.721800,1.721800
73440.000000,33.578246,-117.064369,456.163273,33.578139,-117.064181,427.343470,0.000268,0.000192,-0.000804,1.722070,1.722070,1.722070
73455.000000,33.578246,-117.064368,455.340908,33.578139,-117.064181,427.342690,0.000268,0.000191,-0.000804,1.722339,1.722339,1.722339
73470.000000,33.578244,-117.064371,453.943121,33.578139,-117.064181,427.341282,0.000268,0.000191,-0.000804,1.722612,1.722612,1.722612
73485.000000,33.578244,-117.064371,453.458058,33.578139,-117.064181,427.339796,0.000268,0.000191,-0.000804,1.722882,1.722882,1.722882
73500.000000,33.578241,-117.064371,452.216369,33.578139,-117.064181,427.337735,0.000268,0.000191,-0.000804,1.723158,1.723158,1.723158
73515.000000,33.578243,-117.064363,452.903981,33.578139,-117.064181,427.336210,0.000267,0.000191,-0.000803,1.723424,1.723424,1.723424
73530.000000,33.578241,-117.064368,450.776192,33.578139,-117.064181,427.333694,0.000267,0.000191,-0.000803,1.723699,1.723699,1.723699
73545.000000,33.578241,-117.064359,451.406334,33.578139,-117.064181,427.331711,0.000267,0.000191,-0.000803,1.723962,1.723962,1.723962
73560.000000,33.578240,-117.064360,450.669316,33.578139,-117.064181,427.329408,0.000267,0.000191,-0.000803,1.724228,1.724228,1.724228
73575.000000,33.578238,-117.064360,449.811875,33.578139,-117.064181,427.326693,0.000267,0.000191,-0.000803,1.724499,1.724499,1.724499
73590.000000,33.578237,-117.064361,449.069348,33.578139,-117.064181,427.323759,0.000267,0.000191,-0.000803,1.724768,1.724768,1.724768
73605.000000,33.578238,-117.064357,448.657675,33.578139,-117.064181,427.320703,0.000267,0.000191,-0.000802,1.725037,1.725037,1.725037
73620.000000,33.578238,-117.064358,447.651343,33.578139,-117.064181,427.317289,0.000266,0.000191,-0.000802,1.725307,1.725307,1.725307
73635.000000,33.578239,-117.064354,447.128807,33.578138,-117.064181,427.313743,0.000266,0.000191,-0.000802,1.725575,1.725575,1.725575
73650.000000,33.578275,-117.064243,468.436160,33.578138,-117.064181,427.320135,0.000266,0.000191,-0.000802,1.725786,1.725786,1.725786
73665.000000,33.578275,-117.064243,468.244520,33.578138,-117.064181,427.326351,0.000266,0.000191,-0.000802,1.726000,1.726000,1.726000
73680.000000,33.578273,-117.064241,468.324402,33.578138,-117.064181,427.332670,0.000266,0.000191,-0.000801,1.726212,1.726212,1.726212
73695.000000,33.578272,-117.064242,467.231132,33.578138,-117.064181,427.338412,0.000266,0.000190,-0.000801,1.726426,1.726426,1.726426
73710.000000,33.578271,-117.064242,466.681187,33.578138,-117.064181,427.343885,0.000265,0.000190,-0.000801,1.726642,1.726642,1.726642
73725.000000,33.578271,-117.064238,466.021908,33.578138,-117.064181,427.349265,0.000265,0.000190,-0.000800,1.726855,1.726855,1.726855
73740.000000,33.578273,-117.064239,464.840096,33.578138,-117.064181,427.354104,0.000265,0.000190,-0.000800,1.727068,1.727068,1.727068
73755.000000,33.578273,-117.064239,464.311582,33.578138,-117.064181,427.358684,0.000265,0.000190,-0.000800,1.727283,1.727283,1.727283
73770.000000,33.578195,-117.064105,508.657538,33.578138,-117.064181,427.395002,0.000265,0.000189,-0.000799,1.727349,1.727349,1.727349
73785.000000,33.578194,-117.064104,508.751274,33.578138,-117.064181,427.430974,0.000265,0.000188,-0.000799,1.727420,1.727420,1.727420
73800.000000,33.578195,-117.064102,507.840649,33.578138,-117.064181,427.466153,0.000264,0.000188,-0.000798,1.727493,1.727493,1.727493
73815.000000,33.578193,-117.064101,507.879152,33.578138,-117.064181,427.501189,0.000264,0.000187,-0.000797,1.727568,1.727568,1.727568
73830.000000,33.578194,-117.064099,507.267811,33.578138,-117.064181,427.535587,0.000264,0.000186,-0.000797,1.727646,1.727646,1.727646
73845.000000,33.578194,-117.064095,506.056891,33.578138,-117.064181,427.569233,0.000263,0.000185,-0.000796,1.727724,1.727724,1.727724
73860.000000,33.578194,-117.064097,506.307739,33.578138,-117.064181,427.602520,0.000263,0.000185,-0.000796,1.727808,1.727808,1.727808
73875.000000,33.578193,-117.064097,505.993502,33.578138,-117.064181,427.635544,0.000263,0.000184,-0.000795,1.727893,1.727893,1.727893
73890.000000,33.578194,-117.064097,505.301469,33.578138,-117.064180,427.667922,0.000263,0.000183,-0.000794,1.727981,1.727981,1.727981
73905.000000,33.578195,-117.064094,505.155971,33.578138,-117.064180,427.699941,0.000262,0.000183,-0.000794,1.728071,1.728071,1.728071
73920.000000,33.578194,-117.064094,505.100773,33.578138,-117.064180,427.731635,0.000262,0.000182,-0.000793,1.728165,1.728165,1.728165
73935.000000,33.578195,-117.064091,504.076775,33.578138,-117.064180,427.762581,0.000262,0.000181,-0.000793,1.728261,1.728261,1.728261
73950.000000,33.578195,-117.064090,503.718618,33.578138,-117.064180,427.793315,0.000262,0.000181,-0.000792,1.728356,1.728356,1.728356
73965.000000,33.578194,-117.064088,503.465612,33.578138,-117.064180,427.823467,0.000262,0.000180,-0.000792,1.728457,1.728457,1.728457
73980.000000,33.578194,-117.064088,502.677507,33.578138,-117.064180,427.853276,0.000261,0.000179,-0.000791,1.728557,1.728557,1.728557
73995.000000,33.578192,-117.064086,502.800648,33.578138,-117.064180,427.883286,0.000261,0.000179,-0.000791,1.728655,1.728655,1.728655
74010.000000,33.578190,-117.064085,502.892701,33.578138,-117.064180,427.912985,0.000261,0.000178,-0.000790,1.728757,1.728757,1.728757
74025.000000,33.578192,-117.064083,501.393101,33.578138,-117.064180,427.941835,0.000261,0.000177,-0.000790,1.728860,1.728860,1.728860
74040.000000,33.578195,-117.064086,500.404944,33.578138,-117.064180,427.969613,0.000260,0.000177,-0.000789,1.728969,1.728969,1.728969
74055.000000,33.578195,-117.064083,500.230464,33.578138,-117.064180,427.996676,0.000260,0.000176,-0.000789,1.729085,1.729085,1.729085
74070.000000,33.578193,-117.064082,500.135380,33.578138,-117.064180,428.023396,0.000260,0.000176,-0.000788,1.729205,1.729205,1.729205
74085.000000,33.578192,-117.064080,499.864309,33.578138,-117.064179,428.050057,0.000260,0.000175,-0.000788,1.729324,1.729324,1.729324
74100.000000,33.578195,-117.064081,498.940440,33.578137,-117.064179,428.076094,0.000260,0.000174,-0.000787,1.729444,1.729444,1.729444
74115.000000,33.578195,-117.064080,498.114667,33.578137,-117.064179,428.101597,0.000260,0.000174,-0.000787,1.729566,1.729566,1.729566
74130.000000,33.578197,-117.064081,497.291738,33.578137,-117.064179,428.126695,0.000259,0.000173,-0.000786,1.729687,1.729687,1.729687
74145.000000,33.578195,-117.064080,496.919208,33.578137,-117.064179,428.151552,0.000259,0.000173,-0.000786,1.729809,1.729809,1.729809
74160.000000,33.578197,-117.064079,495.925388,33.578137,-117.064179,428.175429,0.000259,0.000172,-0.000785,1.729937,1.729937,1.729937
74175.000000,33.578196,-117.064080,495.590475,33.578137,-117.064179,428.199245,0.000259,0.000172,-0.000785,1.730064,1.730064,1.730064
74190.000000,33.578197,-117.064077,494.858239,33.578137,-117.064179,428.222347,0.000259,0.000171,-0.000784,1.730195,1.730195,1.730195
74205.000000,33.578197,-117.064078,494.318425,33.578137,-117.064179,428.245148,0.000258,0.000170,-0.000784,1.730326,1.730326,1.730326
74220.000000,33.578198,-117.064078,494.021192,33.578137,-117.064179,428.267534,0.000258,0.000170,-0.000783,1.730461,1.730461,1.730461
74235.000000,33.578197,-117.064076,493.190311,33.578137,-117.064179,428.289455,0.000258,0.000169,-0.000783,1.730596,1.730596,1.730596
74250.000000,33.578198,-117.064076,492.605353,33.578137,-117.064179,428.310879,0.000258,0.000169,-0.000782,1.730734,1.730734,1.730734
74265.000000,33.578199,-117.064074,491.920233,33.578137,-117.064179,428.332020,0.000258,0.000168,-0.000782,1.730871,1.730871,1.730871
74280.000000,33.578200,-117.064075,490.932848,33.578137,-117.064179,428.352360,0.000258,0.000168,-0.000782,1.731013,1.731013,1.731013
74295.000000,33.578197,-117.064073,491.204175,33.578137,-117.064178,428.372811,0.000258,0.000167,-0.000781,1.731155,1.731155,1.731155
74310.000000,33.578195,-117.064236,527.055083,33.578137,-117.064178,428.406081,0.000257,0.000167,-0.000781,1.731335,1.731335,1.731335
74325.000000,33.578195,-117.064238,526.179725,33.578137,-117.064178,428.438623,0.000257,0.000166,-0.000780,1.731519,1.731519,1.731519
74340.000000,33.578194,-117.064237,526.251913,33.578137,-117.064178,428.471011,0.000256,0.000166,-0.000780,1.731704,1.731704,1.731704
74355.000000,33.578193,-117.064236,526.221404,33.578137,-117.064178,428.503148,0.000256,0.000165,-0.000779,1.731891,1.731891,1.731891
74370.000000,33.578195,-117.064240,525.277485,33.578137,-117.064178,428.534463,0.000256,0.000164,-0.000778,1.732082,1.732082,1.732082
74385.000000,33.578196,-117.064241,524.510496,33.578137,-117.064178,428.565299,0.000255,0.000164,-0.000778,1.732275,1.732275,1.732275
74400.000000,33.578194,-117.064238,524.786044,33.578137,-117.064178,428.596070,0.000255,0.000163,-0.000777,1.732468,1.732468,1.732468
74415.000000,33.578185,-117.064268,531.235167,33.578137,-117.064178,428.636311,0.000255,0.000162,-0.000777,1.732605,1.732605,1.732605
74430.000000,33.578186,-117.064269,530.714701,33.578137,-117.064178,428.675769,0.000254,0.000162,-0.000776,1.732746,1.732746,1.732746
74445.000000,33.578185,-117.064267,530.282444,33.578137,-117.064179,428.714999,0.000254,0.000161,-0.000776,1.732887,1.732887,1.732887
74460.000000,33.578186,-117.064269,529.464242,33.578136,-117.064179,428.753666,0.000253,0.000160,-0.000775,1.733029,1.733029,1.733029
74475.000000,33.578186,-117.064271,528.940874,33.578136,-117.064179,428.791912,0.000253,0.000160,-0.000774,1.733173,1.733173,1.733173
74490.000000,33.578184,-117.064272,528.951961,33.578136,-117.064179,428.829769,0.000252,0.000159,-0.000774,1.733320,1.733320,1.733320
74505.000000,33.578185,-117.064273,528.598199,33.578136,-117.064179,428.866884,0.000252,0.000158,-0.000773,1.733472,1.733472,1.733472
74520.000000,33.578185,-117.064273,528.139680,33.578136,-117.064179,428.903540,0.000251,0.000158,-0.000772,1.733625,1.733625,1.733625
74535.000000,33.578185,-117.064272,527.302546,33.578136,-117.064179,428.939950,0.000251,0.000157,-0.000772,1.733778,1.733778,1.733778
74550.000000,33.578185,-117.064276,527.017155,33.578136,-117.064179,428.975632,0.000251,0.000156,-0.000771,1.733936,1.733936,1.733936
74565.000000,33.578186,-117.064275,526.605446,33.578136,-117.064179,429.010782,0.000250,0.000156,-0.000771,1.734096,1.734096,1.734096
74580.000000,33.578184,-117.064275,526.075718,33.578136,-117.064179,429.045785,0.000250,0.000155,-0.000770,1.734256,1.734256,1.734256
74595.000000,33.578186,-117.064280,525.585076,33.578136,-117.064179,429.080041,0.000249,0.000154,-0.000770,1.734420,1.734420,1.734420
74610.000000,33.578188,-117.064279,524.727619,33.578136,-117.064179,429.113782,0.000249,0.000154,-0.000769,1.734585,1.734585,1.734585
74625.000000,33.578186,-117.064279,524.488550,33.578136,-117.064179,429.147187,0.000248,0.000153,-0.000768,1.734752,1.734752,1.734752
74640.000000,33.578187,-117.064282,523.980850,33.578136,-117.064179,429.180032,0.000248,0.000152,-0.000768,1.734922,1.734922,1.734922
74655.000000,33.578186,-117.064277,523.252588,33.578136,-117.064179,429.212569,0.000248,0.000152,-0.000767,1.735092,1.735092,1.735092
74670.000000,33.578187,-117.064282,522.923164,33.578136,-117.064179,429.244755,0.000247,0.000151,-0.000767,1.735264,1.735264,1.735264
74685.000000,33.578187,-117.064283,522.091283,33.578136,-117.064179,429.276527,0.000247,0.000151,-0.000766,1.735436,1.735436,1.735436
74700.000000,33.578184,-117.064281,522.538350,33.578136,-117.064179,429.308176,0.000246,0.000150,-0.000766,1.735610,1.735610,1.735610
74715.000000,33.578187,-117.064284,520.894212,33.578136,-117.064179,429.339025,0.000246,0.000150,-0.000765,1.735786,1.735786,1.735786
74730.000000,33.578185,-117.064281,520.427439,33.578136,-117.064179,429.369844,0.000246,0.000149,-0.000765,1.735960,1.735960,1.735960
74745.000000,33.578186,-117.064284,520.274408,33.578136,-117.064179,429.400073,0.000245,0.000148,-0.000764,1.736138,1.736138,1.736138
74760.000000,33.578187,-117.064288,519.991322,33.578136,-117.064179,429.429617,0.000245,0.000148,-0.000764,1.736322,1.736322,1.736322
74775.000000,33.578184,-117.064284,519.968305,33.578136,-117.064179,429.458977,0.000244,0.000147,-0.000763,1.736507,1.736507,1.736507
74790.000000,33.578186,-117.064288,518.299797,33.578135,-117.064179,429.487751,0.000244,0.000147,-0.000763,1.736692,1.736692,1.736692
74805.000000,33.578184,-117.064289,518.923057,33.578135,-117.064179,429.516114,0.000244,0.000146,-0.000762,1.736882,1.736882,1.736882
74820.000000,33.578184,-117.064289,517.527408,33.578135,-117.064179,429.544038,0.000243,0.000146,-0.000762,1.737071,1.737071,1.737071
74835.000000,33.578185,-117.064293,516.868422,33.578135,-117.064179,429.571719,0.000243,0.000145,-0.000761,1.737260,1.737260,1.737260
74850.000000,33.578184,-117.064290,516.297831,33.578135,-117.064179,429.598693,0.000243,0.000145,-0.000761,1.737453,1.737453,1.737453
74865.000000,33.578185,-117.064293,515.694627,33.578135,-117.064179,429.625304,0.000242,0.000144,-0.000760,1.737647,1.737647,1.737647
74880.000000,33.578185,-117.064293,514.836194,33.578135,-117.064179,429.651619,0.000242,0.000144,-0.000760,1.737841,1.737841,1.737841
74895.000000,33.578186,-117.064295,514.014552,33.578135,-117.064179,429.677326,0.000241,0.000143,-0.000759,1.738037,1.738037,1.738037
74910.000000,33.578185,-117.064298,514.043225,33.578135,-117.064179,429.702766,0.000241,0.000143,-0.000759,1.738236,1.738236,1.738236
74925.000000,33.578186,-117.064296,512.984118,33.578135,-117.064179,429.728033,0.000241,0.000142,-0.000759,1.738432,1.738432,1.738432
74940.000000,33.578184,-117.064300,512.969226,33.578135,-117.064179,429.752768,0.000240,0.000142,-0.000758,1.738633,1.738633,1.738633
74955.000000,33.578186,-117.064301,511.805240,33.578135,-117.064179,429.777094,0.000240,0.000141,-0.000758,1.738834,1.738834,1.738834
74970.000000,33.578187,-117.064298,510.574593,33.578135,-117.064179,429.801104,0.000240,0.000141,-0.000757,1.739033,1.739033,1.739033
74985.000000,33.578188,-117.064300,509.887194,33.578135,-117.064179,429.824619,0.000239,0.000140,-0.000757,1.739234,1.739234,1.739234
75000.000000,33.578188,-117.064302,509.183938,33.578135,-117.064179,429.847789,0.000239,0.000140,-0.000756,1.739435,1.739435,1.739435
75015.000000,33.578188,-117.064308,509.417025,33.578135,-117.064179,429.870362,0.000239,0.000140,-0.000756,1.739644,1.739644,1.739644
75030.000000,33.578188,-117.064310,508.593424,33.578135,-117.064179,429.892708,0.000238,0.000139,-0.000756,1.739852,1.739852,1.739852
75045.000000,33.578186,-117.064311,507.628699,33.578135,-117.064179,429.914640,0.000238,0.000139,-0.000755,1.740060,1.740060,1.740060
75060.000000,33.578187,-117.064311,506.745551,33.578135,-117.064179,429.936278,0.000238,0.000138,-0.000755,1.740267,1.740267,1.740267
75075.000000,33.578187,-117.064308,505.462235,33.578135,-117.064179,429.957496,0.000237,0.000138,-0.000754,1.740473,1.740473,1.740473
75090.000000,33.578188,-117.064313,505.199429,33.578135,-117.064179,429.978373,0.000237,0.000137,-0.000754,1.740682,1.740682,1.740682
75105.000000,33.578186,-117.064315,505.290866,33.578135,-117.064180,429.999231,0.000237,0.000137,-0.000754,1.740891,1.740891,1.740891
75120.000000,33.578185,-117.064318,504.797415,33.578134,-117.064180,430.019502,0.000236,0.000137,-0.000753,1.741105,1.741105,1.741105
75135.000000,33.578186,-117.064319,503.950872,33.578134,-117.064180,430.039347,0.000236,0.000136,-0.000753,1.741320,1.741320,1.741320
75150.000000,33.578188,-117.064318,502.654501,33.578134,-117.064180,430.058830,0.000236,0.000136,-0.000752,1.741533,1.741533,1.741533
75165.000000,33.578188,-117.064316,501.519639,33.578134,-117.064180,430.077904,0.000236,0.000136,-0.000752,1.741745,1.741745,1.741745
75180.000000,33.578186,-117.064320,501.601622,33.578134,-117.064180,430.096853,0.000235,0.000135,-0.000752,1.741959,1.741959,1.741959
75195.000000,33.578187,-117.064324,500.883839,33.578134,-117.064180,430.115353,0.000235,0.000135,-0.000751,1.742176,1.742176,1.742176
75210.000000,33.578186,-117.064325,500.288782,33.578134,-117.064180,430.133437,0.000235,0.000134,-0.000751,1.742394,1.742394,1.742394
75225.000000,33.578187,-117.064330,499.588185,33.578134,-117.064180,430.151063,0.000234,0.000134,-0.000751,1.742615,1.742615,1.742615
75240.000000,33.578186,-117.064325,498.042325,33.578134,-117.064180,430.168450,0.000234,0.000134,-0.000750,1.742831,1.742831,1.742831
75255.000000,33.578187,-117.064326,497.345724,33.578134,-117.064180,430.185638,0.000234,0.000133,-0.000750,1.743046,1.743046,1.743046
75270.000000,33.578186,-117.064329,496.659993,33.578134,-117.064180,430.202430,0.000233,0.000133,-0.000750,1.743263,1.743263,1.743263
75285.000000,33.578187,-117.064335,497.029298,33.578134,-117.064180,430.219017,0.000233,0.000133,-0.000749,1.743485,1.743485,1.743485
75300.000000,33.578241,-117.064252,516.966935,33.578134,-117.064180,430.245031,0.000233,0.000132,-0.000749,1.743688,1.743688,1.743688
75315.000000,33.578242,-117.064249,515.588902,33.578134,-117.064180,430.270669,0.000232,0.000132,-0.000748,1.743889,1.743889,1.743889
75330.000000,33.578242,-117.064253,514.302101,33.578134,-117.064180,430.296032,0.000232,0.000131,-0.000748,1.744088,1.744088,1.744088
75345.000000,33.578244,-117.064250,512.983347,33.578134,-117.064180,430.320912,0.000232,0.000131,-0.000747,1.744286,1.744286,1.744286
75360.000000,33.578246,-117.064253,514.162334,33.578134,-117.064180,430.345629,0.000232,0.000130,-0.000747,1.744491,1.744491,1.744491
75375.000000,33.578246,-117.064250,513.316567,33.578134,-117.064180,430.370189,0.000231,0.000130,-0.000746,1.744693,1.744693,1.744693
75390.000000,33.578247,-117.064257,512.165955,33.578134,-117.064180,430.393915,0.000231,0.000130,-0.000746,1.744900,1.744900,1.744900
75405.000000,33.578246,-117.064261,510.985293,33.578134,-117.064180,430.417288,0.000231,0.000129,-0.000745,1.745105,1.745105,1.745105
75420.000000,33.578250,-117.064253,511.245952,33.578134,-117.064180,430.440620,0.000230,0.000129,-0.000745,1.745312,1.745312,1.745312
75435.000000,33.578253,-117.064254,510.001020,33.578134,-117.064180,430.463571,0.000230,0.000128,-0.000744,1.745517,1.745517,1.745517
75450.000000,33.578251,-117.064261,509.459447,33.578134,-117.064180,430.486023,0.000230,0.000128,-0.000744,1.745726,1.745726,1.745726
75465.000000,33.578250,-117.064263,508.924166,33.578134,-117.064180,430.508337,0.000230,0.000127,-0.000743,1.745933,1.745933,1.745933
75480.000000,33.578250,-117.064263,508.916883,33.578134,-117.064180,430.530431,0.000229,0.000127,-0.000743,1.746143,1.746143,1.746143
75495.000000,33.578253,-117.064263,508.131262,33.578134,-117.064180,430.551983,0.000229,0.000127,-0.000743,1.746355,1.746355,1.746355
75510.000000,33.578254,-117.064262,506.658828,33.578134,-117.064180,430.573119,0.000229,0.000126,-0.000742,1.746566,1.746566,1.746566
75525.000000,33.578256,-117.064260,506.475027,33.578134,-117.064180,430.594071,0.000228,0.000126,-0.000742,1.746777,1.746777,1.746777
75540.000000,33.578256,-117.064260,506.715495,33.578134,-117.064180,430.614972,0.000228,0.000126,-0.000741,1.746991,1.746991,1.746991
75555.000000,33.578255,-117.064266,506.113131,33.578134,-117.064180,430.635615,0.000228,0.000125,-0.000741,1.747204,1.747204,1.747204
75570.000000,33.578254,-117.064269,504.540955,33.578134,-117.064180,430.655619,0.000228,0.000125,-0.000740,1.747418,1.747418,1.747418
75585.000000,33.578259,-117.064261,505.156882,33.578134,-117.064180,430.675713,0.000227,0.000124,-0.000740,1.747633,1.747633,1.747633
75600.000000,33.578259,-117.064264,504.547709,33.578133,-117.064180,430.695349,0.000227,0.000124,-0.000740,1.747851,1.747851,1.747851
75615.000000,33.578260,-117.064267,502.232685,33.578133,-117.064180,430.714578,0.000227,0.000124,-0.000739,1.748063,1.748063,1.748063
75630.000000,33.578261,-117.064265,502.698219,33.578133,-117.064180,430.733515,0.000227,0.000123,-0.000739,1.748281,1.748281,1.748281
75645.000000,33.578262,-117.064267,502.979126,33.578133,-117.064180,430.752239,0.000226,0.000123,-0.000738,1.748502,1.748502,1.748502
75660.000000,33.578262,-117.064271,501.717993,33.578133,-117.064180,430.770535,0.000226,0.000123,-0.000738,1.748723,1.748723,1.748723
75675.000000,33.578261,-117.064277,499.853926,33.578133,-117.064180,430.788444,0.000226,0.000122,-0.000737,1.748940,1.748940,1.748940
75690.000000,33.578267,-117.064268,500.327712,33.578133,-117.064180,430.806213,0.000226,0.000122,-0.000737,1.749160,1.749160,1.749160
75705.000000,33.578267,-117.064270,499.829660,33.578133,-117.064180,430.823596,0.000225,0.000122,-0.000737,1.749383,1.749383,1.749383
75720.000000,33.578264,-117.064274,497.816588,33.578133,-117.064180,430.840737,0.000225,0.000121,-0.000736,1.749599,1.749599,1.749599
75735.000000,33.578268,-117.064277,498.752261,33.578133,-117.064180,430.857491,0.000225,0.000121,-0.000736,1.749825,1.749825,1.749825
75750.000000,33.578269,-117.064274,497.990678,33.578133,-117.064180,430.874039,0.000225,0.000121,-0.000735,1.750050,1.750050,1.750050
75765.000000,33.578269,-117.064278,496.782365,33.578133,-117.064180,430.890226,0.000225,0.000120,-0.000735,1.750273,1.750273,1.750273
75780.000000,33.578270,-117.064276,496.281189,33.578133,-117.064180,430.906039,0.000224,0.000120,-0.000735,1.750499,1.750499,1.750499
75795.000000,33.578272,-117.064277,495.636896,33.578133,-117.064180,430.921681,0.000224,0.000120,-0.000734,1.750724,1.750724,1.750724
75810.000000,33.578270,-117.064280,495.155102,33.578133,-117.064180,430.936985,0.000224,0.000120,-0.000734,1.750951,1.750951,1.750951
75825.000000,33.578271,-117.064280,494.395080,33.578133,-117.064180,430.952120,0.000224,0.000119,-0.000734,1.751176,1.751176,1.751176
75840.000000,33.578273,-117.064283,494.197031,33.578133,-117.064180,430.966816,0.000223,0.000119,-0.000733,1.751406,1.751406,1.751406
75855.000000,33.578275,-117.064281,493.117263,33.578133,-117.064180,430.981359,0.000223,0.000119,-0.000733,1.751633,1.751633,1.751633
75870.000000,33.578277,-117.064282,492.179989,33.578133,-117.064180,430.995539,0.000223,0.000118,-0.000732,1.751860,1.751860,1.751860
75885.000000,33.578275,-117.064285,492.303811,33.578133,-117.064180,431.009716,0.000223,0.000118,-0.000732,1.752087,1.752087,1.752087
75900.000000,33.578278,-117.064287,491.502367,33.578133,-117.064180,431.023381,0.000222,0.000118,-0.000732,1.752317,1.752317,1.752317
75915.000000,33.578277,-117.064289,491.087618,33.578133,-117.064180,431.036852,0.000222,0.000118,-0.000731,1.752549,1.752549,1.752549
75930.000000,33.578279,-117.064288,490.843436,33.578133,-117.064180,431.050239,0.000222,0.000117,-0.000731,1.752779,1.752779,1.752779
75945.000000,33.578281,-117.064287,488.945376,33.578133,-117.064180,431.063374,0.000222,0.000117,-0.000731,1.753004,1.753004,1.753004
75960.000000,33.578281,-117.064289,488.847232,33.578133,-117.064180,431.076292,0.000222,0.000117,-0.000730,1.753230,1.753230,1.753230
75975.000000,33.578281,-117.064287,488.004719,33.578133,-117.064180,431.088920,0.000221,0.000117,-0.000730,1.753457,1.753457,1.753457
75990.000000,33.578283,-117.064293,486.918943,33.578133,-117.064180,431.101170,0.000221,0.000117,-0.000730,1.753683,1.753683,1.753683
76005.000000,33.578284,-117.064295,487.060417,33.578133,-117.064180,431.113324,0.000221,0.000116,-0.000729,1.753911,1.753911,1.753911
76020.000000,33.578287,-117.064295,486.496826,33.578133,-117.064180,431.125118,0.000221,0.000116,-0.000729,1.754141,1.754141,1.754141
76035.000000,33.578286,-117.064294,485.160369,33.578133,-117.064180,431.136618,0.000221,0.000116,-0.000728,1.754369,1.754369,1.754369
76050.000000,33.578288,-117.064294,484.689420,33.578133,-117.064180,431.147682,0.000220,0.000116,-0.000728,1.754600,1.754600,1.754600
76065.000000,33.578288,-117.064297,484.560567,33.578133,-117.064181,431.158714,0.000220,0.000115,-0.000728,1.754831,1.754831,1.754831
76080.000000,33.578289,-117.064298,483.606910,33.578133,-117.064181,431.169423,0.000220,0.000115,-0.000727,1.755062,1.755062,1.755062
76095.000000,33.578289,-117.064299,482.811114,33.578133,-117.064181,431.180030,0.000220,0.000115,-0.000727,1.755289,1.755289,1.755289
76110.000000,33.578291,-117.064298,481.694607,33.578133,-117.064181,431.190029,0.000220,0.000115,-0.000727,1.755520,1.755520,1.755520
76125.000000,33.578289,-117.064303,481.240404,33.578133,-117.064181,431.200089,0.000219,0.000115,-0.000726,1.755747,1.755747,1.755747
76140.000000,33.578293,-117.064304,480.786546,33.578133,-117.064181,431.209611,0.000219,0.000115,-0.000726,1.755980,1.755980,1.755980
76155.000000,33.578291,-117.064304,480.794352,33.578133,-117.064181,431.219266,0.000219,0.000114,-0.000726,1.756211,1.756211,1.756211
76170.000000,33.578292,-117.064306,479.357038,33.578133,-117.064181,431.228401,0.000219,0.000114,-0.000726,1.756441,1.756441,1.756441
76185.000000,33.578292,-117.064306,479.447893,33.578133,-117.064181,431.237564,0.000219,0.000114,-0.000725,1.756672,1.756672,1.756672
76200.000000,33.578297,-117.064305,478.236000,33.578133,-117.064181,431.246245,0.000219,0.000114,-0.000725,1.756904,1.756904,1.756904
76215.000000,33.578294,-117.064312,477.341639,33.578133,-117.064181,431.254552,0.000218,0.000114,-0.000725,1.757136,1.757136,1.757136
76230.000000,33.578297,-117.064313,476.514607,33.578133,-117.064181,431.262342,0.000218,0.000114,-0.000724,1.757372,1.757372,1.757372
76245.000000,33.578295,-117.064313,476.149565,33.578133,-117.064181,431.270326,0.000218,0.000113,-0.000724,1.757602,1.757602,1.757602
76260.000000,33.578294,-117.064318,475.624622,33.578133,-117.064181,431.277952,0.000218,0.000113,-0.000724,1.757835,1.757835,1.757835
76275.000000,33.578295,-117.064314,475.339949,33.578133,-117.064181,431.285635,0.000218,0.000113,-0.000723,1.758065,1.758065,1.758065
76290.000000,33.578300,-117.064315,473.465306,33.578133,-117.064181,431.292543,0.000217,0.000113,-0.000723,1.758297,1.758297,1.758297
76305.000000,33.578295,-117.064320,474.072803,33.578133,-117.064181,431.299848,0.000217,0.000113,-0.000723,1.758525,1.758525,1.758525
76320.000000,33.578302,-117.064317,473.205876,33.578133,-117.064181,431.306523,0.000217,0.000113,-0.000722,1.758760,1.758760,1.758760
76335.000000,33.578297,-117.064322,472.630365,33.578133,-117.064181,431.313280,0.000217,0.000113,-0.000722,1.758988,1.758988,1.758988
76350.000000,33.578302,-117.064322,471.522191,33.578133,-117.064181,431.319540,0.000217,0.000113,-0.000722,1.759219,1.759219,1.759219
76365.000000,33.578300,-117.064321,471.750702,33.578133,-117.064181,431.326047,0.000217,0.000112,-0.000722,1.759445,1.759445,1.759445
76380.000000,33.578302,-117.064323,470.296240,33.578133,-117.064181,431.331958,0.000216,0.000112,-0.000721,1.759673,1.759673,1.759673
76395.000000,33.578300,-117.064323,470.603232,33.578133,-117.064181,431.338030,0.000216,0.000112,-0.000721,1.759900,1.759900,1.759900
76410.000000,33.578304,-117.064327,470.076643,33.578133,-117.064181,431.343752,0.000216,0.000112,-0.000721,1.760130,1.760130,1.760130
76425.000000,33.578303,-117.064328,468.957507,33.578133,-117.064181,431.349356,0.000216,0.000112,-0.000720,1.760354,1.760354,1.760354
76440.000000,33.578308,-117.064328,467.996610,33.578133,-117.064181,431.354335,0.000216,0.000112,-0.000720,1.760584,1.760584,1.760584
76455.000000,33.578307,-117.064327,467.084369,33.578133,-117.064181,431.359210,0.000216,0.000112,-0.000720,1.760808,1.760808,1.760808
76470.000000,33.578304,-117.064331,466.978777,33.578133,-117.064181,431.364026,0.000215,0.000112,-0.000720,1.761033,1.761033,1.761033
76485.000000,33.578304,-117.064333,466.982466,33.578133,-117.064181,431.368710,0.000215,0.000112,-0.000719,1.761261,1.761261,1.761261
76500.000000,33.578308,-117.064332,465.261168,33.578133,-117.064181,431.372984,0.000215,0.000112,-0.000719,1.761483,1.761483,1.761483
76515.000000,33.578309,-117.064332,465.007723,33.578133,-117.064181,431.377126,0.000215,0.000112,-0.000719,1.761706,1.761706,1.761706
76530.000000,33.578308,-117.064336,464.738485,33.578133,-117.064181,431.381178,0.000215,0.000111,-0.000719,1.761929,1.761929,1.761929
76545.000000,33.578309,-117.064335,463.657765,33.578133,-117.064181,431.384850,0.000215,0.000111,-0.000718,1.762151,1.762151,1.762151
76560.000000,33.578308,-117.064339,463.739852,33.578133,-117.064181,431.388484,0.000214,0.000111,-0.000718,1.762375,1.762375,1.762375
76575.000000,33.578310,-117.064340,462.841379,33.578133,-117.064181,431.391832,0.000214,0.000111,-0.000718,1.762597,1.762597,1.762597
76590.000000,33.578310,-117.064341,462.341886,33.578133,-117.064181,431.395047,0.000214,0.000111,-0.000717,1.762818,1.762818,1.762818
76605.000000,33.578311,-117.064345,461.297290,33.578133,-117.064182,431.397802,0.000214,0.000111,-0.000717,1.763041,1.763041,1.763041
76620.000000,33.578310,-117.064346,460.550784,33.578133,-117.064182,431.400295,0.000214,0.000111,-0.000717,1.763264,1.763264,1.763264
76635.000000,33.578311,-117.064348,459.865105,33.578133,-117.064182,431.402545,0.000214,0.000111,-0.000717,1.763486,1.763486,1.763486
76650.000000,33.578311,-117.064350,459.364335,33.578133,-117.064182,431.404726,0.000214,0.000111,-0.000716,1.763704,1.763704,1.763704
76665.000000,33.578314,-117.064351,458.483746,33.578133,-117.064182,431.406496,0.000213,0.000111,-0.000716,1.763925,1.763925,1.763925
76680.000000,33.578311,-117.064351,458.059656,33.578133,-117.064182,431.408174,0.000213,0.000111,-0.000716,1.764144,1.764144,1.764144
76695.000000,33.578312,-117.064352,457.118446,33.578133,-117.064182,431.409450,0.000213,0.000111,-0.000716,1.764364,1.764364,1.764364
76710.000000,33.578312,-117.064353,456.764323,33.578133,-117.064182,431.410683,0.000213,0.000111,-0.000715,1.764581,1.764581,1.764581
76725.000000,33.578316,-117.064355,455.868860,33.578133,-117.064182,431.411546,0.000213,0.000111,-0.000715,1.764799,1.764799,1.764799
76740.000000,33.578311,-117.064356,456.375555,33.578133,-117.064182,431.412626,0.000213,0.000111,-0.000715,1.765017,1.765017,1.765017
76755.000000,33.578315,-117.064357,455.166036,33.578133,-117.064182,431.413290,0.000213,0.000111,-0.000715,1.765232,1.765232,1.765232
76770.000000,33.578313,-117.064359,455.290697,33.578133,-117.064182,431.414064,0.000212,0.000111,-0.000715,1.765446,1.765446,1.765446
76785.000000,33.578316,-117.064356,453.963779,33.578133,-117.064182,431.414341,0.000212,0.000111,-0.000714,1.765659,1.765659,1.765659
76800.000000,33.578316,-117.064357,453.704149,33.578133,-117.064182,431.414617,0.000212,0.000111,-0.000714,1.765868,1.765868,1.765868
76815.000000,33.578318,-117.064363,453.345922,33.578133,-117.064182,431.414671,0.000212,0.000111,-0.000714,1.766081,1.766081,1.766081
76830.000000,33.578318,-117.064365,452.738548,33.578133,-117.064182,431.414552,0.000212,0.000111,-0.000714,1.766291,1.766291,1.766291
76845.000000,33.578317,-117.064362,451.942104,33.578133,-117.064182,431.414167,0.000212,0.000111,-0.000713,1.766499,1.766499,1.766499
76860.000000,33.578322,-117.064364,451.173573,33.578133,-117.064182,431.413518,0.000211,0.000111,-0.000713,1.766706,1.766706,1.766706
76875.000000,33.578322,-117.064365,450.944076,33.578133,-117.064182,431.412757,0.000211,0.000111,-0.000713,1.766914,1.766914,1.766914
76890.000000,33.578323,-117.064365,450.036834,33.578133,-117.064182,431.411683,0.000211,0.000111,-0.000713,1.767120,1.767120,1.767120
76905.000000,33.578322,-117.064370,450.077630,33.578133,-117.064182,431.410716,0.000211,0.000111,-0.000712,1.767322,1.767322,1.767322
76920.000000,33.578319,-117.064369,449.563735,33.578133,-117.064182,431.409486,0.000211,0.000111,-0.000712,1.767526,1.767526,1.767526
76935.000000,33.578319,-117.064371,449.489092,33.578133,-117.064183,431.408290,0.000211,0.000111,-0.000712,1.767728,1.767728,1.767728
76950.000000,33.578321,-117.064373,448.611297,33.578133,-117.064183,431.406730,0.000211,0.000111,-0.000712,1.767931,1.767931,1.767931
76965.000000,33.578324,-117.064371,447.551304,33.578133,-117.064183,431.404835,0.000211,0.000111,-0.000712,1.768129,1.768129,1.768129
76980.000000,33.578324,-117.064373,447.189920,33.578133,-117.064183,431.402735,0.000210,0.000111,-0.000711,1.768330,1.768330,1.768330
76995.000000,33.578321,-117.064375,446.498875,33.578133,-117.064183,431.400431,0.000210,0.000111,-0.000711,1.768528,1.768528,1.768528
77010.000000,33.578327,-117.064378,446.204380,33.578133,-117.064183,431.397973,0.000210,0.000112,-0.000711,1.768728,1.768728,1.768728
77025.000000,33.578323,-117.064379,445.889725,33.578133,-117.064183,431.395449,0.000210,0.000112,-0.000711,1.768924,1.768924,1.768924
77040.000000,33.578326,-117.064380,445.593486,33.578133,-117.064183,431.392829,0.000210,0.000112,-0.000710,1.769119,1.769119,1.769119
77055.000000,33.578324,-117.064379,444.690056,33.578133,-117.064183,431.389845,0.000210,0.000112,-0.000710,1.769315,1.769315,1.769315
77070.000000,33.578324,-117.064376,444.580798,33.578133,-117.064183,431.386966,0.000210,0.000112,-0.000710,1.769500,1.769500,1.769500
77085.000000,33.578325,-117.064382,443.440506,33.578133,-117.064183,431.383480,0.000209,0.000112,-0.000710,1.769695,1.769695,1.769695
77100.000000,33.578325,-117.064386,443.510565,33.578133,-117.064183,431.380052,0.000209,0.000112,-0.000710,1.769889,1.769889,1.769889
77115.000000,33.578327,-117.064383,442.274317,33.578133,-117.064183,431.376112,0.000209,0.000112,-0.000709,1.770083,1.770083,1.770083
77130.000000,33.578327,-117.064386,442.304058,33.578133,-117.064183,431.372220,0.000209,0.000112,-0.000709,1.770275,1.770275,1.770275
77145.000000,33.578326,-117.064386,441.722122,33.578133,-117.064183,431.368119,0.000209,0.000112,-0.000709,1.770465,1.770465,1.770465
77160.000000,33.578325,-117.064387,441.084007,33.578133,-117.064183,431.363744,0.000209,0.000112,-0.000709,1.770656,1.770656,1.770656
77175.000000,33.578326,-117.064390,441.386133,33.578133,-117.064183,431.359540,0.000209,0.000112,-0.000709,1.770843,1.770843,1.770843
77190.000000,33.578326,-117.064387,440.621950,33.578133,-117.064184,431.355064,0.000209,0.000113,-0.000708,1.771026,1.771026,1.771026
77205.000000,33.578322,-117.064391,440.897779,33.578133,-117.064184,431.350726,0.000208,0.000113,-0.000708,1.771208,1.771208,1.771208
77220.000000,33.578324,-117.064390,440.156565,33.578133,-117.064184,431.346056,0.000208,0.000113,-0.000708,1.771392,1.771392,1.771392
77235.000000,33.578321,-117.064390,439.877784,33.578133,-117.064184,431.341309,0.000208,0.000113,-0.000708,1.771572,1.771572,1.771572
77250.000000,33.578325,-117.064391,439.385143,33.578133,-117.064184,431.336394,0.000208,0.000113,-0.000708,1.771748,1.771748,1.771748
77265.000000,33.578324,-117.064394,439.177291,33.578133,-117.064184,431.331403,0.000208,0.000113,-0.000707,1.771923,1.771923,1.771923
77280.000000,33.578328,-117.064395,437.866268,33.578133,-117.064184,431.325814,0.000208,0.000113,-0.000707,1.772105,1.772105,1.772105
77295.000000,33.578327,-117.064398,437.842959,33.578133,-117.064184,431.320250,0.000208,0.000113,-0.000707,1.772282,1.772282,1.772282
77310.000000,33.578324,-117.064395,437.965492,33.578133,-117.064184,431.314775,0.000208,0.000114,-0.000707,1.772454,1.772454,1.772454
77325.000000,33.578324,-117.064397,437.099367,33.578133,-117.064184,431.308960,0.000207,0.000114,-0.000707,1.772622,1.772622,1.772622
77340.000000,33.578322,-117.064399,437.102272,33.578133,-117.064184,431.303141,0.000207,0.000114,-0.000707,1.772792,1.772792,1.772792
77355.000000,33.578327,-117.064401,436.435588,33.578133,-117.064184,431.297069,0.000207,0.000114,-0.000706,1.772956,1.772956,1.772956
77370.000000,33.578585,-117.064339,484.413854,33.578134,-117.064184,431.367331,0.000206,0.000114,-0.000704,1.772194,1.772194,1.772194
77385.000000,33.578581,-117.064340,484.126669,33.578135,-117.064185,431.437740,0.000206,0.000113,-0.000702,1.771421,1.771421,1.771421
77400.000000,33.578583,-117.064338,484.909179,33.578135,-117.064185,431.511072,0.000205,0.000113,-0.000700,1.770618,1.770618,1.770618
77415.000000,33.578584,-117.064342,484.189771,33.578136,-117.064185,431.578557,0.000205,0.000113,-0.000698,1.769893,1.769893,1.769893
77430.000000,33.578583,-117.064339,484.613357,33.578136,-117.064185,431.651443,0.000204,0.000113,-0.000695,1.769087,1.769087,1.769087
77445.000000,33.578583,-117.064344,484.018327,33.578137,-117.064186,431.719672,0.000203,0.000112,-0.000693,1.768344,1.768344,1.768344
77460.000000,33.578585,-117.064340,483.791749,33.578138,-117.064186,431.789605,0.000203,0.000112,-0.000691,1.767565,1.767565,1.767565
77475.000000,33.578582,-117.064340,484.055364,33.578138,-117.064186,431.863759,0.000202,0.000112,-0.000689,1.766720,1.766720,1.766720
77490.000000,33.578587,-117.064340,483.527488,33.578139,-117.064186,431.932424,0.000201,0.000112,-0.000687,1.765953,1.765953,1.765953
77505.000000,33.578584,-117.064342,483.493616,33.578139,-117.064186,432.001576,0.000201,0.000111,-0.000685,1.765177,1.765177,1.765177
77520.000000,33.578586,-117.064339,483.576597,33.578140,-117.064187,432.071610,0.000200,0.000111,-0.000682,1.764386,1.764386,1.764386
77535.000000,33.578587,-117.064341,482.558615,33.578141,-117.064187,432.138326,0.000200,0.000111,-0.000680,1.763625,1.763625,1.763625
77550.000000,33.578585,-117.064340,483.841810,33.578141,-117.064187,432.209193,0.000199,0.000111,-0.000678,1.762824,1.762824,1.762824
77565.000000,33.578586,-117.064343,482.920435,33.578142,-117.064187,432.276727,0.000198,0.000111,-0.000676,1.762056,1.762056,1.762056
77580.000000,33.578586,-117.064340,482.797076,33.578142,-117.064187,432.344741,0.000198,0.000110,-0.000674,1.761275,1.761275,1.761275
77595.000000,33.578586,-117.064342,482.915409,33.578143,-117.064188,432.411583,0.000197,0.000110,-0.000672,1.760516,1.760516,1.760516
77610.000000,33.578589,-117.064342,481.931809,33.578144,-117.064188,432.475216,0.000197,0.000110,-0.000670,1.759788,1.759788,1.759788
77625.000000,33.578587,-117.064341,482.015070,33.578144,-117.064188,432.541199,0.000196,0.000110,-0.000668,1.759019,1.759019,1.759019
77640.000000,33.578587,-117.064341,482.407471,33.578145,-117.064188,432.607503,0.000195,0.000110,-0.000666,1.758253,1.758253,1.758253
77655.000000,33.578588,-117.064341,481.980888,33.578145,-117.064188,432.672959,0.000195,0.000109,-0.000663,1.757490,1.757490,1.757490
77670.000000,33.578589,-117.064340,481.656344,33.578146,-117.064189,432.738142,0.000194,0.000109,-0.000661,1.756722,1.756722,1.756722
77685.000000,33.578589,-117.064340,481.649434,33.578147,-117.064189,432.803207,0.000194,0.000109,-0.000659,1.755955,1.755955,1.755955
77700.000000,33.578586,-117.064339,482.419557,33.578147,-117.064189,432.873690,0.000193,0.000109,-0.000657,1.755112,1.755112,1.755112
77715.000000,33.578589,-117.064338,481.937619,33.578148,-117.064189,432.940302,0.000193,0.000109,-0.000655,1.754322,1.754322,1.754322
77730.000000,33.578551,-117.064239,498.087864,33.578148,-117.064189,433.031213,0.000192,0.000108,-0.000653,1.753535,1.753535,1.753535
77745.000000,33.578551,-117.064240,497.769910,33.578149,-117.064189,433.118972,0.000191,0.000107,-0.000650,1.752782,1.752782,1.752782
77760.000000,33.578552,-117.064241,497.509277,33.578149,-117.064189,433.208311,0.000191,0.000106,-0.000648,1.752002,1.752002,1.752002
77775.000000,33.578552,-117.064243,497.398804,33.578150,-117.064190,433.295524,0.000190,0.000106,-0.000646,1.751247,1.751247,1.751247
77790.000000,33.578554,-117.064239,497.526294,33.578151,-117.064190,433.376728,0.000190,0.000105,-0.000644,1.750575,1.750575,1.750575
77805.000000,33.578552,-117.064241,497.507169,33.578151,-117.064190,433.462875,0.000189,0.000104,-0.000642,1.749835,1.749835,1.749835
77820.000000,33.578552,-117.064238,497.485156,33.578152,-117.064190,433.549188,0.000189,0.000104,-0.000640,1.749090,1.749090,1.749090
77835.000000,33.578553,-117.064239,496.791117,33.578152,-117.064190,433.634376,0.000188,0.000103,-0.000637,1.748346,1.748346,1.748346
77850.000000,33.578552,-117.064241,497.146214,33.578153,-117.064190,433.724355,0.000188,0.000102,-0.000635,1.747542,1.747542,1.747542
77865.000000,33.578553,-117.064237,496.989901,33.578153,-117.064190,433.811286,0.000187,0.000102,-0.000633,1.746776,1.746776,1.746776
77880.000000,33.578554,-117.064241,496.256565,33.578154,-117.064190,433.896234,0.000187,0.000101,-0.000631,1.746021,1.746021,1.746021
77895.000000,33.578553,-117.064238,497.098930,33.578154,-117.064190,433.981801,0.000186,0.000100,-0.000629,1.745274,1.745274,1.745274
77910.000000,33.578555,-117.064237,496.950162,33.578155,-117.064190,434.064633,0.000186,0.000100,-0.000626,1.744560,1.744560,1.744560
77925.000000,33.578556,-117.064239,496.180438,33.578155,-117.064190,434.149255,0.000185,0.000099,-0.000624,1.743804,1.743804,1.743804
77940.000000,33.578554,-117.064239,496.100973,33.578156,-117.064190,434.233692,0.000185,0.000098,-0.000622,1.743049,1.743049,1.743049
77955.000000,33.578555,-117.064237,496.172313,33.578156,-117.064190,434.316607,0.000184,0.000098,-0.000620,1.742315,1.742315,1.742315
77970.000000,33.578476,-117.064301,510.160022,33.578158,-117.064191,434.748773,0.000181,0.000093,-0.000611,1.737795,1.737795,1.737795
77985.000000,33.578476,-117.064295,510.704066,33.578160,-117.064191,435.165305,0.000178,0.000090,-0.000603,1.733475,1.733475,1.733475
78000.000000,33.578475,-117.064297,510.827965,33.578162,-117.064192,435.583572,0.000174,0.000086,-0.000595,1.729128,1.729128,1.729128
78015.000000,33.578477,-117.064295,510.588833,33.578163,-117.064192,436.002434,0.000171,0.000082,-0.000587,1.724744,1.724744,1.724744
78030.000000,33.578476,-117.064299,510.154107,33.578165,-117.064193,436.412137,0.000168,0.000078,-0.000579,1.720423,1.720423,1.720423
78045.000000,33.578477,-117.064296,510.163089,33.578167,-117.064194,436.815513,0.000165,0.000074,-0.000571,1.716162,1.716162,1.716162
78060.000000,33.578477,-117.064295,510.477715,33.578168,-117.064194,437.213515,0.000162,0.000070,-0.000563,1.711970,1.711970,1.711970
78075.000000,33.578477,-117.064295,510.025033,33.578170,-117.064195,437.613811,0.000158,0.000066,-0.000555,1.707707,1.707707,1.707707
78090.000000,33.578478,-117.064295,509.660424,33.578172,-117.064195,437.995215,0.000155,0.000063,-0.000548,1.703631,1.703631,1.703631
78105.000000,33.578479,-117.064292,509.536364,33.578173,-117.064196,438.378298,0.000152,0.000059,-0.000540,1.699512,1.699512,1.699512
78120.000000,33.578478,-117.064292,509.695718,33.578175,-117.064196,438.753234,0.000150,0.000056,-0.000533,1.695488,1.695488,1.695488
78135.000000,33.578479,-117.064292,509.934225,33.578176,-117.064197,439.112030,0.000147,0.000052,-0.000526,1.691658,1.691658,1.691658
78150.000000,33.578480,-117.064293,509.273846,33.578178,-117.064197,439.471921,0.000144,0.000049,-0.000519,1.687763,1.687763,1.687763
78165.000000,33.578478,-117.064291,509.630834,33.578179,-117.064198,439.829260,0.000141,0.000046,-0.000512,1.683907,1.683907,1.683907
78180.000000,33.578479,-117.064289,510.082519,33.578181,-117.064198,440.181852,0.000139,0.000042,-0.000505,1.680125,1.680125,1.680125
78195.000000,33.578479,-117.064291,509.426790,33.578182,-117.064199,440.535109,0.000136,0.000039,-0.000498,1.676282,1.676282,1.676282
78210.000000,33.578482,-117.064293,509.446905,33.578184,-117.064199,440.877976,0.000133,0.000036,-0.000491,1.672555,1.672555,1.672555
78225.000000,33.578481,-117.064289,509.658279,33.578185,-117.064199,441.216730,0.000131,0.000033,-0.000484,1.668879,1.668879,1.668879
78240.000000,33.578482,-117.064289,509.460377,33.578187,-117.064200,441.547960,0.000128,0.000030,-0.000478,1.665272,1.665272,1.665272
78255.000000,33.578483,-117.064286,509.407472,33.578188,-117.064200,441.882663,0.000126,0.000027,-0.000471,1.661608,1.661608,1.661608
78270.000000,33.578483,-117.064287,509.105127,33.578190,-117.064201,442.208055,0.000123,0.000023,-0.000464,1.658029,1.658029,1.658029
78285.000000,33.578483,-117.064286,509.245285,33.578191,-117.064201,442.532221,0.000121,0.000020,-0.000458,1.654463,1.654463,1.654463
78300.000000,33.578484,-117.064286,508.918395,33.578192,-117.064201,442.840342,0.000118,0.000018,-0.000452,1.651066,1.651066,1.651066
78315.000000,33.578484,-117.064286,508.908835,33.578194,-117.064202,443.154518,0.000116,0.000015,-0.000446,1.647582,1.647582,1.647582
78330.000000,33.578486,-117.064287,508.450714,33.578195,-117.064202,443.449932,0.000114,0.000012,-0.000440,1.644298,1.644298,1.644298
78345.000000,33.578483,-117.064288,508.297261,33.578196,-117.064203,443.750488,0.000112,0.000009,-0.000434,1.640929,1.640929,1.640929
78360.000000,33.578484,-117.064286,508.515135,33.578198,-117.064203,444.056653,0.000109,0.000006,-0.000428,1.637492,1.637492,1.637492
78375.000000,33.578482,-117.064287,508.807458,33.578199,-117.064203,444.352556,0.000107,0.000004,-0.000422,1.634193,1.634193,1.634193
78390.000000,33.578484,-117.064289,508.113997,33.578200,-117.064204,444.641114,0.000105,0.000001,-0.000416,1.630937,1.630937,1.630937
78405.000000,33.578485,-117.064285,508.563028,33.578201,-117.064204,444.924438,0.000103,-0.000002,-0.000410,1.627764,1.627764,1.627764
78420.000000,33.578485,-117.064285,507.919805,33.578203,-117.064204,445.215172,0.000101,-0.000004,-0.000405,1.624449,1.624449,1.624449
78435.000000,33.578486,-117.064286,507.780997,33.578204,-117.064205,445.487730,0.000099,-0.000007,-0.000399,1.621353,1.621353,1.621353
78450.000000,33.578487,-117.064284,507.352938,33.578205,-117.064205,445.759224,0.000097,-0.000009,-0.000394,1.618236,1.618236,1.618236
78465.000000,33.578485,-117.064284,507.351490,33.578206,-117.064206,446.024500,0.000095,-0.000012,-0.000388,1.615193,1.615193,1.615193
78480.000000,33.578486,-117.064283,507.608938,33.578207,-117.064206,446.294758,0.000093,-0.000014,-0.000383,1.612090,1.612090,1.612090
78495.000000,33.578488,-117.064284,507.454351,33.578209,-117.064206,446.555083,0.000091,-0.000016,-0.000378,1.609100,1.609100,1.609100
78510.000000,33.578486,-117.064280,507.102815,33.578210,-117.064206,446.811018,0.000089,-0.000019,-0.000372,1.606140,1.606140,1.606140
78525.000000,33.578487,-117.064283,507.445737,33.578211,-117.064207,447.059547,0.000087,-0.000021,-0.000367,1.603290,1.603290,1.603290
78540.000000,33.578486,-117.064283,507.019068,33.578212,-117.064207,447.308580,0.000085,-0.000023,-0.000362,1.600402,1.600402,1.600402
78555.000000,33.578486,-117.064286,507.001208,33.578213,-117.064207,447.549383,0.000083,-0.000025,-0.000357,1.597615,1.597615,1.597615
78570.000000,33.578487,-117.064283,506.252367,33.578214,-117.064208,447.784358,0.000082,-0.000027,-0.000353,1.594859,1.594859,1.594859
78585.000000,33.578487,-117.064282,506.318515,33.578215,-117.064208,448.018896,0.000080,-0.000030,-0.000348,1.592104,1.592104,1.592104
78600.000000,33.578486,-117.064285,506.620290,33.578216,-117.064208,448.249435,0.000078,-0.000032,-0.000343,1.589414,1.589414,1.589414
78615.000000,33.578486,-117.064285,506.258828,33.578217,-117.064209,448.475899,0.000077,-0.000034,-0.000339,1.586752,1.586752,1.586752
78630.000000,33.578487,-117.064282,505.973962,33.578218,-117.064209,448.699382,0.000075,-0.000036,-0.000334,1.584109,1.584109,1.584109
78645.000000,33.578486,-117.064280,506.324512,33.578219,-117.064209,448.916757,0.000073,-0.000038,-0.000330,1.581562,1.581562,1.581562
78660.000000,33.578485,-117.064281,506.039489,33.578220,-117.064209,449.137715,0.000072,-0.000040,-0.000325,1.578944,1.578944,1.578944
78675.000000,33.578486,-117.064280,505.789884,33.578221,-117.064210,449.348511,0.000070,-0.000041,-0.000321,1.576448,1.576448,1.576448
78690.000000,33.578486,-117.064281,505.387481,33.578222,-117.064210,449.555360,0.000069,-0.000043,-0.000317,1.573979,1.573979,1.573979
78705.000000,33.578487,-117.064282,505.147428,33.578223,-117.064210,449.759264,0.000067,-0.000045,-0.000313,1.571533,1.571533,1.571533
78720.000000,33.578487,-117.064282,505.302522,33.578224,-117.064210,449.960038,0.000066,-0.000047,-0.000309,1.569133,1.569133,1.569133
78735.000000,33.578488,-117.064277,505.116134,33.578225,-117.064211,450.164593,0.000064,-0.000049,-0.000304,1.566664,1.566664,1.566664
78750.000000,33.578488,-117.064279,505.119907,33.578226,-117.064211,450.364009,0.000063,-0.000050,-0.000300,1.564262,1.564262,1.564262
78765.000000,33.578488,-117.064279,504.806748,33.578227,-117.064211,450.556235,0.000062,-0.000052,-0.000296,1.561941,1.561941,1.561941
78780.000000,33.578488,-117.064277,504.537033,33.578228,-117.064211,450.748553,0.000060,-0.000054,-0.000292,1.559599,1.559599,1.559599
78795.000000,33.578487,-117.064277,503.993952,33.578229,-117.064212,450.935936,0.000059,-0.000055,-0.000289,1.557294,1.557294,1.557294
78810.000000,33.578487,-117.064279,504.217796,33.578230,-117.064212,451.121539,0.000058,-0.000057,-0.000285,1.555022,1.555022,1.555022
78825.000000,33.578488,-117.064276,503.968453,33.578230,-117.064212,451.301801,0.000056,-0.000059,-0.000281,1.552811,1.552811,1.552811
78840.000000,33.578485,-117.064279,504.110937,33.578231,-117.064212,451.481973,0.000055,-0.000060,-0.000277,1.550602,1.550602,1.550602
78855.000000,33.578485,-117.064281,503.848131,33.578232,-117.064212,451.659444,0.000054,-0.000062,-0.000274,1.548415,1.548415,1.548415
78870.000000,33.578485,-117.064276,503.326212,33.578233,-117.064213,451.834310,0.000053,-0.000063,-0.000270,1.546234,1.546234,1.546234
78885.000000,33.578486,-117.064276,503.734119,33.578234,-117.064213,452.004514,0.000051,-0.000065,-0.000267,1.544139,1.544139,1.544139
78900.000000,33.578486,-117.064279,503.254817,33.578235,-117.064213,452.173644,0.000050,-0.000066,-0.000263,1.542031,1.542031,1.542031
78915.000000,33.578486,-117.064278,503.107783,33.578235,-117.064213,452.340253,0.000049,-0.000067,-0.000260,1.539949,1.539949,1.539949
78930.000000,33.578486,-117.064277,502.812789,33.578236,-117.064213,452.501284,0.000048,-0.000069,-0.000256,1.537933,1.537933,1.537933
78945.000000,33.578484,-117.064277,502.716233,33.578237,-117.064214,452.663006,0.000047,-0.000070,-0.000253,1.535896,1.535896,1.535896
78960.000000,33.578485,-117.064275,502.516471,33.578238,-117.064214,452.822895,0.000046,-0.000072,-0.000250,1.533873,1.533873,1.533873
78975.000000,33.578485,-117.064277,502.046715,33.578238,-117.064214,452.978944,0.000044,-0.000073,-0.000246,1.531882,1.531882,1.531882
78990.000000,33.578484,-117.064274,502.164996,33.578239,-117.064214,453.133504,0.000043,-0.000074,-0.000243,1.529915,1.529915,1.529915
79005.000000,33.578484,-117.064276,501.809549,33.578240,-117.064214,453.284941,0.000042,-0.000076,-0.000240,1.527975,1.527975,1.527975
79020.000000,33.578485,-117.064277,501.539175,33.578241,-117.064215,453.433284,0.000041,-0.000077,-0.000237,1.526066,1.526066,1.526066
79035.000000,33.578484,-117.064276,501.313917,33.578241,-117.064215,453.575705,0.000040,-0.000078,-0.000234,1.524236,1.524236,1.524236
79050.000000,33.578484,-117.064277,500.933528,33.578242,-117.064215,453.717543,0.000039,-0.000079,-0.000231,1.522393,1.522393,1.522393
79065.000000,33.578484,-117.064276,500.508578,33.578243,-117.064215,453.859149,0.000038,-0.000080,-0.000228,1.520529,1.520529,1.520529
79080.000000,33.578482,-117.064276,500.478214,33.578243,-117.064215,453.994458,0.000037,-0.000081,-0.000225,1.518762,1.518762,1.518762
79095.000000,33.578481,-117.064278,500.638745,33.578244,-117.064215,454.126650,0.000036,-0.000083,-0.000222,1.517050,1.517050,1.517050
79110.000000,33.578484,-117.064274,499.884816,33.578245,-117.064216,454.259046,0.000035,-0.000084,-0.000220,1.515295,1.515295,1.515295
79125.000000,33.578482,-117.064275,500.136193,33.578245,-117.064216,454.387289,0.000035,-0.000085,-0.000217,1.513616,1.513616,1.513616
79140.000000,33.578480,-117.064278,500.015064,33.578246,-117.064216,454.514116,0.000034,-0.000086,-0.000214,1.511953,1.511953,1.511953
79155.000000,33.578480,-117.064275,500.003131,33.578247,-117.064216,454.642610,0.000033,-0.000087,-0.000212,1.510257,1.510257,1.510257
79170.000000,33.578479,-117.064274,499.416995,33.578247,-117.064216,454.767507,0.000032,-0.000088,-0.000209,1.508590,1.508590,1.508590
79185.000000,33.578479,-117.064277,499.483577,33.578248,-117.064216,454.888604,0.000031,-0.000089,-0.000206,1.506987,1.506987,1.506987
79200.000000,33.578479,-117.064275,499.043763,33.578248,-117.064216,455.006343,0.000030,-0.000090,-0.000204,1.505418,1.505418,1.505418
79215.000000,33.578479,-117.064274,498.476372,33.578249,-117.064217,455.121129,0.000029,-0.000091,-0.000201,1.503870,1.503870,1.503870
79230.000000,33.578478,-117.064275,498.313502,33.578250,-117.064217,455.234224,0.000029,-0.000092,-0.000199,1.502341,1.502341,1.502341
79245.000000,33.578477,-117.064277,498.318225,33.578250,-117.064217,455.344500,0.000028,-0.000092,-0.000197,1.500858,1.500858,1.500858
79260.000000,33.578477,-117.064275,497.878900,33.578251,-117.064217,455.453217,0.000027,-0.000093,-0.000194,1.499379,1.499379,1.499379
79275.000000,33.578477,-117.064273,497.496291,33.578251,-117.064217,455.561668,0.000026,-0.000094,-0.000192,1.497885,1.497885,1.497885
79290.000000,33.578477,-117.064276,497.444946,33.578252,-117.064217,455.667187,0.000026,-0.000095,-0.000190,1.496438,1.496438,1.496438
79305.000000,33.578474,-117.064277,497.254489,33.578252,-117.064217,455.769710,0.000025,-0.000096,-0.000188,1.495033,1.495033,1.495033
79320.000000,33.578476,-117.064275,496.659680,33.578253,-117.064218,455.870220,0.000024,-0.000097,-0.000185,1.493635,1.493635,1.493635
79335.000000,33.578475,-117.064279,496.431741,33.578253,-117.064218,455.967530,0.000023,-0.000097,-0.000183,1.492283,1.492283,1.492283
79350.000000,33.578474,-117.064278,496.048266,33.578254,-117.064218,456.064471,0.000023,-0.000098,-0.000181,1.490918,1.490918,1.490918
79365.000000,33.578473,-117.064279,495.880100,33.578254,-117.064218,456.158418,0.000022,-0.000099,-0.000179,1.489599,1.489599,1.489599
79380.000000,33.578472,-117.064279,495.496615,33.578255,-117.064218,456.253314,0.000021,-0.000100,-0.000177,1.488242,1.488242,1.488242
79395.000000,33.578471,-117.064279,495.731413,33.578255,-117.064218,456.344849,0.000021,-0.000100,-0.000175,1.486956,1.486956,1.486956
79410.000000,33.578472,-117.064276,495.222215,33.578256,-117.064218,456.434730,0.000020,-0.000101,-0.000173,1.485677,1.485677,1.485677
79425.000000,33.578470,-117.064277,494.948971,33.578256,-117.064219,456.523117,0.000020,-0.000102,-0.000171,1.484412,1.484412,1.484412
79440.000000,33.578468,-117.064279,494.816323,33.578257,-117.064219,456.609469,0.000019,-0.000102,-0.000170,1.483179,1.483179,1.483179
79455.000000,33.578468,-117.064278,494.433676,33.578257,-117.064219,456.695969,0.000018,-0.000103,-0.000168,1.481922,1.481922,1.481922
79470.000000,33.578469,-117.064277,493.716394,33.578258,-117.064219,456.780116,0.000018,-0.000104,-0.000166,1.480678,1.480678,1.480678
79485.000000,33.578466,-117.064279,494.152236,33.578258,-117.064219,456.862767,0.000017,-0.000104,-0.000164,1.479481,1.479481,1.479481
79500.000000,33.578466,-117.064279,493.363136,33.578259,-117.064219,456.943192,0.000016,-0.000105,-0.000162,1.478290,1.478290,1.478290
79515.000000,33.578467,-117.064277,492.321660,33.578259,-117.064219,457.021119,0.000016,-0.000105,-0.000161,1.477102,1.477102,1.477102
79530.000000,33.578466,-117.064276,492.520655,33.578259,-117.064219,457.098768,0.000015,-0.000106,-0.000159,1.475927,1.475927,1.475927
79545.000000,33.578463,-117.064278,492.587939,33.578260,-117.064219,457.175742,0.000015,-0.000106,-0.000157,1.474766,1.474766,1.474766
79560.000000,33.578463,-117.064280,492.178089,33.578260,-117.064220,457.250530,0.000014,-0.000107,-0.000155,1.473630,1.473630,1.473630
79575.000000,33.578462,-117.064279,491.650823,33.578261,-117.064220,457.323485,0.000014,-0.000107,-0.000154,1.472508,1.472508,1.472508
79590.000000,33.578459,-117.064281,491.919182,33.578261,-117.064220,457.395423,0.000013,-0.000108,-0.000152,1.471417,1.471417,1.471417
79605.000000,33.578460,-117.064282,490.929230,33.578261,-117.064220,457.465071,0.000013,-0.000108,-0.000151,1.470329,1.470329,1.470329
79620.000000,33.578459,-117.064281,490.212930,33.578262,-117.064220,457.532773,0.000012,-0.000109,-0.000149,1.469249,1.469249,1.469249
79635.000000,33.578457,-117.064281,490.281266,33.578262,-117.064220,457.600249,0.000012,-0.000109,-0.000148,1.468176,1.468176,1.468176
79650.000000,33.578455,-117.064283,490.442310,33.578263,-117.064220,457.666896,0.000011,-0.000110,-0.000146,1.467127,1.467127,1.467127
79665.000000,33.578455,-117.064280,489.958755,33.578263,-117.064220,457.733383,0.000011,-0.000110,-0.000145,1.466057,1.466057,1.466057
79680.000000,33.578453,-117.064280,489.579201,33.578263,-117.064221,457.797920,0.000010,-0.000111,-0.000143,1.465012,1.465012,1.465012
79695.000000,33.578453,-117.064281,489.350948,33.578264,-117.064221,457.860513,0.000010,-0.000111,-0.000142,1.463999,1.463999,1.463999
79710.000000,33.578452,-117.064280,488.654175,33.578264,-117.064221,457.921331,0.000009,-0.000112,-0.000141,1.462994,1.462994,1.462994
79725.000000,33.578452,-117.064279,488.088422,33.578264,-117.064221,457.980957,0.000009,-0.000112,-0.000139,1.461989,1.461989,1.461989
79740.000000,33.578449,-117.064282,488.480463,33.578265,-117.064221,458.040009,0.000008,-0.000112,-0.000138,1.461014,1.461014,1.461014
79755.000000,33.578448,-117.064284,488.079976,33.578265,-117.064221,458.098024,0.000008,-0.000113,-0.000137,1.460045,1.460045,1.460045
79770.000000,33.578447,-117.064284,487.324518,33.578265,-117.064221,458.153932,0.000008,-0.000113,-0.000135,1.459089,1.459089,1.459089
79785.000000,33.578446,-117.064285,487.203497,33.578266,-117.064221,458.209250,0.000007,-0.000113,-0.000134,1.458141,1.458141,1.458141
79800.000000,33.578445,-117.064287,486.390703,33.578266,-117.064221,458.262595,0.000007,-0.000114,-0.000133,1.457202,1.457202,1.457202
79815.000000,33.578444,-117.064283,486.008817,33.578266,-117.064222,458.315027,0.000006,-0.000114,-0.000132,1.456267,1.456267,1.456267
79830.000000,33.578443,-117.064285,485.776390,33.578267,-117.064222,458.366291,0.000006,-0.000114,-0.000130,1.455349,1.455349,1.455349
79845.000000,33.578442,-117.064286,485.591342,33.578267,-117.064222,458.416107,0.000006,-0.000115,-0.000129,1.454459,1.454459,1.454459
79860.000000,33.578440,-117.064285,485.254957,33.578267,-117.064222,458.465487,0.000005,-0.000115,-0.000128,1.453563,1.453563,1.453563
79875.000000,33.578438,-117.064289,485.115380,33.578267,-117.064222,458.513838,0.000005,-0.000115,-0.000127,1.452686,1.452686,1.452686
79890.000000,33.578436,-117.064289,484.735333,33.578268,-117.064222,458.560633,0.000004,-0.000115,-0.000126,1.451832,1.451832,1.451832
79905.000000,33.578438,-117.064285,483.984912,33.578268,-117.064222,458.606143,0.000004,-0.000116,-0.000125,1.450975,1.450975,1.450975
79920.000000,33.578436,-117.064286,483.634960,33.578268,-117.064222,458.651013,0.000004,-0.000116,-0.000124,1.450117,1.450117,1.450117
79935.000000,33.578433,-117.064288,483.670480,33.578269,-117.064222,458.694912,0.000003,-0.000116,-0.000123,1.449287,1.449287,1.449287
79950.000000,33.578432,-117.064289,482.871485,33.578269,-117.064222,458.737399,0.000003,-0.000116,-0.000122,1.448457,1.448457,1.448457
79965.000000,33.578430,-117.064288,482.849998,33.578269,-117.064223,458.779808,0.000003,-0.000117,-0.000121,1.447626,1.447626,1.447626
79980.000000,33.578429,-117.064291,482.488742,33.578269,-117.064223,458.820644,0.000002,-0.000117,-0.000120,1.446823,1.446823,1.446823
79995.000000,33.578429,-117.064290,481.600410,33.578270,-117.064223,458.859539,0.000002,-0.000117,-0.000119,1.446031,1.446031,1.446031
80010.000000,33.578430,-117.064287,481.098989,33.578270,-117.064223,458.897664,0.000002,-0.000117,-0.000118,1.445236,1.445236,1.445236
80025.000000,33.578427,-117.064291,480.752383,33.578270,-117.064223,458.934591,0.000001,-0.000117,-0.000117,1.444459,1.444459,1.444459
80040.000000,33.578425,-117.064291,480.797296,33.578270,-117.064223,458.971592,0.000001,-0.000117,-0.000116,1.443681,1.443681,1.443681
80055.000000,33.578423,-117.064291,480.559936,33.578271,-117.064223,459.007856,0.000001,-0.000118,-0.000115,1.442913,1.442913,1.442913
80070.000000,33.578422,-117.064289,479.957102,33.578271,-117.064223,459.042859,0.000000,-0.000118,-0.000115,1.442152,1.442152,1.442152
80085.000000,33.578419,-117.064292,479.900611,33.578271,-117.064223,459.077371,0.000000,-0.000118,-0.000114,1.441404,1.441404,1.441404
80100.000000,33.578417,-117.064295,479.527183,33.578271,-117.064224,459.110764,-0.000000,-0.000118,-0.000113,1.440673,1.440673,1.440673
80115.000000,33.578418,-117.064294,478.410632,33.578271,-117.064224,459.142342,-0.000001,-0.000118,-0.000112,1.439940,1.439940,1.439940
80130.000000,33.578417,-117.064292,477.857196,33.578272,-117.064224,459.172535,-0.000001,-0.000118,-0.000111,1.439226,1.439226,1.439226
80145.000000,33.578414,-117.064294,477.646593,33.578272,-117.064224,459.201630,-0.000001,-0.000118,-0.000111,1.438539,1.438539,1.438539
80160.000000,33.578413,-117.064293,477.527276,33.578272,-117.064224,459.231033,-0.000001,-0.000118,-0.000110,1.437832,1.437832,1.437832
80175.000000,33.578411,-117.064295,476.925488,33.578272,-117.064224,459.259320,-0.000002,-0.000119,-0.000109,1.437131,1.437131,1.437131
80190.000000,33.578408,-117.064295,477.087017,33.578272,-117.064224,459.287323,-0.000002,-0.000119,-0.000109,1.436450,1.436450,1.436450
80205.000000,33.578407,-117.064295,476.825627,33.578273,-117.064224,459.315077,-0.000002,-0.000119,-0.000108,1.435762,1.435762,1.435762
80220.000000,33.578404,-117.064297,476.744561,33.578273,-117.064224,459.342444,-0.000003,-0.000119,-0.000107,1.435083,1.435083,1.435083
80235.000000,33.578404,-117.064299,476.081972,33.578273,-117.064224,459.368222,-0.000003,-0.000119,-0.000107,1.434427,1.434427,1.434427
80250.000000,33.578403,-117.064299,475.695618,33.578273,-117.064225,459.393579,-0.000003,-0.000119,-0.000106,1.433763,1.433763,1.433763
80265.000000,33.578402,-117.064300,474.680870,33.578273,-117.064225,459.417195,-0.000003,-0.000119,-0.000105,1.433107,1.433107,1.433107
80280.000000,33.578400,-117.064300,474.750721,33.578274,-117.064225,459.440564,-0.000004,-0.000119,-0.000105,1.432466,1.432466,1.432466
80295.000000,33.578399,-117.064301,474.190712,33.578274,-117.064225,459.463234,-0.000004,-0.000119,-0.000104,1.431817,1.431817,1.431817
80310.000000,33.578397,-117.064301,473.697403,33.578274,-117.064225,459.485073,-0.000004,-0.000119,-0.000104,1.431172,1.431172,1.431172
80325.000000,33.578394,-117.064302,473.318916,33.578274,-117.064225,459.506227,-0.000004,-0.000119,-0.000103,1.430531,1.430531,1.430531
80340.000000,33.578395,-117.064302,472.547410,33.578274,-117.064225,459.526014,-0.000005,-0.000119,-0.000102,1.429901,1.429901,1.429901
80355.000000,33.578394,-117.064301,472.086834,33.578274,-117.064225,459.545097,-0.000005,-0.000119,-0.000102,1.429272,1.429272,1.429272
80370.000000,33.578391,-117.064302,471.941948,33.578275,-117.064225,459.563777,-0.000005,-0.000119,-0.000101,1.428652,1.428652,1.428652
80385.000000,33.578389,-117.064304,471.826007,33.578275,-117.064226,459.582292,-0.000005,-0.000119,-0.000101,1.428030,1.428030,1.428030
80400.000000,33.578387,-117.064305,471.116122,33.578275,-117.064226,459.599652,-0.000005,-0.000119,-0.000100,1.427415,1.427415,1.427415
80415.000000,33.578384,-117.064306,470.850369,33.578275,-117.064226,459.616530,-0.000006,-0.000119,-0.000100,1.426805,1.426805,1.426805
80430.000000,33.578383,-117.064306,470.552114,33.578275,-117.064226,459.632828,-0.000006,-0.000119,-0.000099,1.426202,1.426202,1.426202
80445.000000,33.578384,-117.064304,469.813792,33.578275,-117.064226,459.648020,-0.000006,-0.000119,-0.000099,1.425602,1.425602,1.425602
80460.000000,33.578383,-117.064304,469.326874,33.578275,-117.064226,459.662476,-0.000006,-0.000119,-0.000099,1.425003,1.425003,1.425003
80475.000000,33.578379,-117.064307,469.320248,33.578275,-117.064226,459.676937,-0.000007,-0.000119,-0.000098,1.424402,1.424402,1.424402
80490.000000,33.578377,-117.064310,469.032365,33.578276,-117.064226,459.690887,-0.000007,-0.000119,-0.000098,1.423808,1.423808,1.423808
80505.000000,33.578378,-117.064308,468.321981,33.578276,-117.064226,459.703817,-0.000007,-0.000119,-0.000097,1.423212,1.423212,1.423212
80520.000000,33.578375,-117.064309,467.962077,33.578276,-117.064226,459.716115,-0.000007,-0.000119,-0.000097,1.422625,1.422625,1.422625
80535.000000,33.578371,-117.064313,467.893602,33.578276,-117.064227,459.728181,-0.000007,-0.000118,-0.000097,1.422049,1.422049,1.422049
80550.000000,33.578369,-117.064311,467.354755,33.578276,-117.064227,459.739413,-0.000008,-0.000118,-0.000096,1.421479,1.421479,1.421479
80565.000000,33.578367,-117.064314,467.125166,33.578276,-117.064227,459.750325,-0.000008,-0.000118,-0.000096,1.420908,1.420908,1.420908
80580.000000,33.578369,-117.064312,465.939748,33.578276,-117.064227,459.759554,-0.000008,-0.000118,-0.000095,1.420338,1.420338,1.420338
80595.000000,33.578364,-117.064315,465.691692,33.578276,-117.064227,459.768255,-0.000008,-0.000118,-0.000095,1.419788,1.419788,1.419788
80610.000000,33.578364,-117.064314,464.974860,33.578277,-117.064227,459.775937,-0.000008,-0.000118,-0.000095,1.419243,1.419243,1.419243
80625.000000,33.578361,-117.064315,464.903038,33.578277,-117.064227,459.783476,-0.000009,-0.000118,-0.000095,1.418702,1.418702,1.418702
80640.000000,33.578359,-117.064318,464.836696,33.578277,-117.064227,459.790959,-0.000009,-0.000118,-0.000094,1.418156,1.418156,1.418156
80655.000000,33.578359,-117.064316,464.344813,33.578277,-117.064227,459.797783,-0.000009,-0.000118,-0.000094,1.417606,1.417606,1.417606
80670.000000,33.578357,-117.064319,463.911372,33.578277,-117.064228,459.803967,-0.000009,-0.000117,-0.000094,1.417064,1.417064,1.417064
80685.000000,33.578354,-117.064318,463.559262,33.578277,-117.064228,459.809613,-0.000009,-0.000117,-0.000094,1.416531,1.416531,1.416531
80700.000000,33.578354,-117.064316,462.983975,33.578277,-117.064228,459.814481,-0.000009,-0.000117,-0.000093,1.415997,1.415997,1.415997
80715.000000,33.578353,-117.064318,462.521488,33.578277,-117.064228,459.818696,-0.000010,-0.000117,-0.000093,1.415469,1.415469,1.415469
80730.000000,33.578351,-117.064320,462.218903,33.578277,-117.064228,459.822538,-0.000010,-0.000117,-0.000093,1.414931,1.414931,1.414931
80745.000000,33.578349,-117.064322,462.299723,33.578277,-117.064228,459.826498,-0.000010,-0.000117,-0.000093,1.414389,1.414389,1.414389
80760.000000,33.578350,-117.064321,461.292053,33.578277,-117.064228,459.829071,-0.000010,-0.000116,-0.000092,1.413852,1.413852,1.413852
80775.000000,33.578344,-117.064322,461.477319,33.578277,-117.064228,459.831858,-0.000010,-0.000116,-0.000092,1.413329,1.413329,1.413329
80790.000000,33.578342,-117.064327,461.028488,33.578278,-117.064229,459.834033,-0.000011,-0.000116,-0.000092,1.412813,1.412813,1.412813
80805.000000,33.578343,-117.064325,459.872650,33.578278,-117.064229,459.834671,-0.000011,-0.000116,-0.000092,1.412300,1.412300,1.412300
80820.000000,33.578340,-117.064327,459.725198,33.578278,-117.064229,459.835114,-0.000011,-0.000116,-0.000092,1.411791,1.411791,1.411791
80835.000000,33.578340,-117.064324,458.998221,33.578278,-117.064229,459.834587,-0.000011,-0.000115,-0.000092,1.411272,1.411272,1.411272
80850.000000,33.578338,-117.064326,458.695580,33.578278,-117.064229,459.833650,-0.000011,-0.000115,-0.000091,1.410748,1.410748,1.410748
80865.000000,33.578335,-117.064327,458.180302,33.578278,-117.064229,459.832038,-0.000011,-0.000115,-0.000091,1.410231,1.410231,1.410231
80880.000000,33.578335,-117.064326,457.633322,33.578278,-117.064229,459.829757,-0.000011,-0.000115,-0.000091,1.409731,1.409731,1.409731
80895.000000,33.578330,-117.064331,457.976803,33.578278,-117.064229,459.827919,-0.000012,-0.000115,-0.000091,1.409230,1.409230,1.409230
80910.000000,33.578329,-117.064332,457.572794,33.578278,-117.064230,459.825556,-0.000012,-0.000114,-0.000091,1.408728,1.408728,1.408728
80925.000000,33.578330,-117.064330,456.685987,33.578278,-117.064230,459.822040,-0.000012,-0.000114,-0.000091,1.408228,1.408228,1.408228
80940.000000,33.578327,-117.064332,456.231772,33.578278,-117.064230,459.817914,-0.000012,-0.000114,-0.000091,1.407724,1.407724,1.407724
80955.000000,33.578326,-117.064332,455.905198,33.578278,-117.064230,459.813389,-0.000012,-0.000114,-0.000091,1.407225,1.407225,1.407225
80970.000000,33.578326,-117.064333,455.083238,33.578278,-117.064230,459.807697,-0.000012,-0.000113,-0.000091,1.406711,1.406711,1.406711
80985.000000,33.578321,-117.064335,455.385298,33.578278,-117.064230,459.802517,-0.000013,-0.000113,-0.000091,1.406214,1.406214,1.406214
81000.000000,33.578317,-117.064338,455.223550,33.578278,-117.064230,459.797145,-0.000013,-0.000113,-0.000091,1.405720,1.405720,1.405720
81015.000000,33.578319,-117.064336,454.670943,33.578278,-117.064230,459.791068,-0.000013,-0.000113,-0.000091,1.405226,1.405226,1.405226
81030.000000,33.578319,-117.064335,453.792595,33.578278,-117.064231,459.783832,-0.000013,-0.000112,-0.000091,1.404729,1.404729,1.404729
81045.000000,33.578317,-117.064338,453.654987,33.578278,-117.064231,459.776386,-0.000013,-0.000112,-0.000091,1.404229,1.404229,1.404229
81060.000000,33.578314,-117.064339,453.209816,33.578278,-117.064231,459.768396,-0.000013,-0.000112,-0.000091,1.403732,1.403732,1.403732
81075.000000,33.578307,-117.064344,454.426440,33.578278,-117.064231,459.763172,-0.000013,-0.000111,-0.000091,1.403389,1.403389,1.403389
81090.000000,33.578304,-117.064346,453.829947,33.578278,-117.064231,459.757294,-0.000014,-0.000111,-0.000091,1.403044,1.403044,1.403044
81105.000000,33.578304,-117.064344,453.189982,33.578278,-117.064231,459.750714,-0.000014,-0.000111,-0.000091,1.402699,1.402699,1.402699
81120.000000,33.578302,-117.064345,452.877276,33.578278,-117.064231,459.743789,-0.000014,-0.000111,-0.000091,1.402352,1.402352,1.402352
81135.000000,33.578300,-117.064347,452.530548,33.578278,-117.064231,459.736516,-0.000014,-0.000110,-0.000091,1.402008,1.402008,1.402008
81150.000000,33.578298,-117.064348,452.618697,33.578278,-117.064232,459.729361,-0.000014,-0.000110,-0.000091,1.401666,1.401666,1.401666
81165.000000,33.578295,-117.064351,452.275141,33.578278,-117.064232,459.721885,-0.000014,-0.000110,-0.000091,1.401328,1.401328,1.401328
81180.000000,33.578295,-117.064349,451.875584,33.578278,-117.064232,459.713928,-0.000014,-0.000110,-0.000091,1.400985,1.400985,1.400985
81195.000000,33.578295,-117.064347,451.203380,33.578278,-117.064232,459.705223,-0.000014,-0.000109,-0.000091,1.400639,1.400639,1.400639
81210.000000,33.578293,-117.064349,450.816886,33.578278,-117.064232,459.696143,-0.000015,-0.000109,-0.000091,1.400297,1.400297,1.400297
81225.000000,33.578290,-117.064354,450.885943,33.578278,-117.064232,459.687270,-0.000015,-0.000109,-0.000091,1.399965,1.399965,1.399965
81240.000000,33.578288,-117.064352,450.497018,33.578278,-117.064232,459.677959,-0.000015,-0.000109,-0.000091,1.399631,1.399631,1.399631
81255.000000,33.578287,-117.064352,449.880415,33.578278,-117.064232,459.667913,-0.000015,-0.000108,-0.000091,1.399291,1.399291,1.399291
81270.000000,33.578286,-117.064355,449.488587,33.578278,-117.064233,459.657494,-0.000015,-0.000108,-0.000092,1.398953,1.398953,1.398953
81285.000000,33.578284,-117.064356,449.042603,33.578278,-117.064233,459.646517,-0.000015,-0.000108,-0.000092,1.398611,1.398611,1.398611
81300.000000,33.578282,-117.064360,449.157063,33.578278,-117.064233,459.635762,-0.000015,-0.000108,-0.000092,1.398274,1.398274,1.398274
81315.000000,33.578279,-117.064358,448.906412,33.578278,-117.064233,459.624754,-0.000016,-0.000107,-0.000092,1.397938,1.397938,1.397938
81330.000000,33.578282,-117.064358,448.050184,33.578278,-117.064233,459.612576,-0.000016,-0.000107,-0.000092,1.397586,1.397586,1.397586
81345.000000,33.578279,-117.064359,447.840475,33.578278,-117.064233,459.600275,-0.000016,-0.000107,-0.000092,1.397240,1.397240,1.397240
81360.000000,33.578276,-117.064361,447.211295,33.578278,-117.064233,459.587348,-0.000016,-0.000106,-0.000092,1.396897,1.396897,1.396897
81375.000000,33.578275,-117.064361,446.627760,33.578278,-117.064233,459.573797,-0.000016,-0.000106,-0.000092,1.396553,1.396553,1.396553
81390.000000,33.578273,-117.064361,446.722635,33.578278,-117.064234,459.560471,-0.000016,-0.000106,-0.000093,1.396216,1.396216,1.396216
81405.000000,33.578273,-117.064361,446.357670,33.578278,-117.064234,459.546584,-0.000016,-0.000105,-0.000093,1.395870,1.395870,1.395870
81420.000000,33.578271,-117.064360,445.992930,33.578278,-117.064234,459.532279,-0.000016,-0.000105,-0.000093,1.395521,1.395521,1.395521
81435.000000,33.578267,-117.064364,445.655802,33.578278,-117.064234,459.517725,-0.000017,-0.000105,-0.000093,1.395179,1.395179,1.395179
81450.000000,33.578267,-117.064362,445.501700,33.578278,-117.064234,459.502961,-0.000017,-0.000104,-0.000093,1.394833,1.394833,1.394833
81465.000000,33.578266,-117.064366,444.955357,33.578278,-117.064234,459.487539,-0.000017,-0.000104,-0.000094,1.394484,1.394484,1.394484
81480.000000,33.578265,-117.064369,444.438568,33.578278,-117.064234,459.471552,-0.000017,-0.000104,-0.000094,1.394135,1.394135,1.394135
81495.000000,33.578265,-117.064367,444.510685,33.578278,-117.064235,459.455515,-0.000017,-0.000103,-0.000094,1.393779,1.393779,1.393779
81510.000000,33.578264,-117.064369,444.140582,33.578278,-117.064235,459.439080,-0.000017,-0.000103,-0.000094,1.393423,1.393423,1.393423
81525.000000,33.578261,-117.064370,444.238853,33.578278,-117.064235,459.422857,-0.000017,-0.000103,-0.000094,1.393071,1.393071,1.393071
81540.000000,33.578260,-117.064368,444.079435,33.578278,-117.064235,459.406417,-0.000017,-0.000102,-0.000095,1.392717,1.392717,1.392717
81555.000000,33.578256,-117.064371,443.985971,33.578278,-117.064235,459.389915,-0.000018,-0.000102,-0.000095,1.392363,1.392363,1.392363
81570.000000,33.578258,-117.064370,442.936872,33.578278,-117.064235,459.371953,-0.000018,-0.000102,-0.000095,1.391997,1.391997,1.391997
81585.000000,33.578256,-117.064372,442.630705,33.578278,-117.064235,459.353793,-0.000018,-0.000101,-0.000095,1.391636,1.391636,1.391636
81600.000000,33.578251,-117.064376,442.722549,33.578278,-117.064236,459.336159,-0.000018,-0.000101,-0.000096,1.391292,1.391292,1.391292
81615.000000,33.578251,-117.064375,442.258026,33.578278,-117.064236,459.317801,-0.000018,-0.000101,-0.000096,1.390938,1.390938,1.390938
81630.000000,33.578251,-117.064375,441.544393,33.578278,-117.064236,459.298413,-0.000018,-0.000100,-0.000096,1.390575,1.390575,1.390575
81645.000000,33.578250,-117.064374,441.331925,33.578278,-117.064236,459.278671,-0.000018,-0.000100,-0.000096,1.390206,1.390206,1.390206
81660.000000,33.578246,-117.064378,441.330048,33.578278,-117.064236,459.259034,-0.000018,-0.000099,-0.000097,1.389841,1.389841,1.389841
81675.000000,33.578247,-117.064379,441.070706,33.578278,-117.064236,459.239027,-0.000018,-0.000099,-0.000097,1.389472,1.389472,1.389472
81690.000000,33.578247,-117.064378,440.369561,33.578277,-117.064236,459.218277,-0.000019,-0.000099,-0.000097,1.389104,1.389104,1.389104
81705.000000,33.578246,-117.064380,440.429837,33.578277,-117.064237,459.197562,-0.000019,-0.000098,-0.000098,1.388735,1.388735,1.388735
81720.000000,33.578244,-117.064382,440.472579,33.578277,-117.064237,459.176814,-0.000019,-0.000098,-0.000098,1.388362,1.388362,1.388362
81735.000000,33.578242,-117.064381,440.377998,33.578277,-117.064237,459.156018,-0.000019,-0.000097,-0.000098,1.387990,1.387990,1.387990
81750.000000,33.578246,-117.064380,439.091029,33.578277,-117.064237,459.133336,-0.000019,-0.000097,-0.000098,1.387603,1.387603,1.387603
81765.000000,33.578240,-117.064383,439.594089,33.578277,-117.064237,459.111508,-0.000019,-0.000096,-0.000099,1.387225,1.387225,1.387225
81780.000000,33.578242,-117.064383,438.567838,33.578277,-117.064237,459.088377,-0.000019,-0.000096,-0.000099,1.386842,1.386842,1.386842
81795.000000,33.578237,-117.064384,439.108984,33.578277,-117.064238,459.066204,-0.000019,-0.000096,-0.000099,1.386470,1.386470,1.386470
81810.000000,33.578235,-117.064387,439.037698,33.578277,-117.064238,459.044060,-0.000020,-0.000095,-0.000100,1.386101,1.386101,1.386101
81825.000000,33.578236,-117.064387,438.223748,33.578277,-117.064238,459.020669,-0.000020,-0.000095,-0.000100,1.385721,1.385721,1.385721
81840.000000,33.578236,-117.064386,437.563068,33.578277,-117.064238,458.996194,-0.000020,-0.000094,-0.000100,1.385329,1.385329,1.385329
81855.000000,33.578236,-117.064387,437.523112,33.578277,-117.064238,458.971582,-0.000020,-0.000094,-0.000101,1.384933,1.384933,1.384933
81870.000000,33.578229,-117.064390,437.855713,33.578277,-117.064238,458.947700,-0.000020,-0.000093,-0.000101,1.384549,1.384549,1.384549
81885.000000,33.578231,-117.064389,437.599293,33.578277,-117.064239,458.923409,-0.000020,-0.000093,-0.000102,1.384160,1.384160,1.384160
81900.000000,33.578231,-117.064387,436.931755,33.578277,-117.064239,458.898160,-0.000020,-0.000092,-0.000102,1.383764,1.383764,1.383764
81915.000000,33.578230,-117.064389,436.562713,33.578277,-117.064239,458.872312,-0.000020,-0.000092,-0.000102,1.383363,1.383363,1.383363
81930.000000,33.578227,-117.064394,436.904161,33.578276,-117.064239,458.846929,-0.000021,-0.000092,-0.000103,1.382963,1.382963,1.382963
81945.000000,33.578226,-117.064394,436.154658,33.578276,-117.064239,458.820525,-0.000021,-0.000091,-0.000103,1.382558,1.382558,1.382558
81960.000000,33.578227,-117.064392,436.001486,33.578276,-117.064239,458.793728,-0.000021,-0.000091,-0.000103,1.382145,1.382145,1.382145
81975.000000,33.578228,-117.064394,435.248032,33.578276,-117.064240,458.765989,-0.000021,-0.000090,-0.000104,1.381731,1.381731,1.381731
81990.000000,33.578224,-117.064396,435.674727,33.578276,-117.064240,458.739066,-0.000021,-0.000090,-0.000104,1.381325,1.381325,1.381325
82005.000000,33.578223,-117.064396,435.322489,33.578276,-117.064240,458.711660,-0.000021,-0.000089,-0.000105,1.380917,1.380917,1.380917
82020.000000,33.578222,-117.064396,434.819245,33.578276,-117.064240,458.683349,-0.000021,-0.000089,-0.000105,1.380499,1.380499,1.380499
82035.000000,33.578223,-117.064394,434.289251,33.578276,-117.064240,458.654143,-0.000022,-0.000088,-0.000106,1.380073,1.380073,1.380073
82050.000000,33.578222,-117.064397,434.621849,33.578276,-117.064241,458.625207,-0.000022,-0.000088,-0.000106,1.379643,1.379643,1.379643
82065.000000,33.578219,-117.064400,434.879790,33.578276,-117.064241,458.596973,-0.000022,-0.000087,-0.000106,1.379223,1.379223,1.379223
82080.000000,33.578219,-117.064401,434.111516,33.578276,-117.064241,458.567467,-0.000022,-0.000087,-0.000107,1.378793,1.378793,1.378793
82095.000000,33.578215,-117.064402,434.188588,33.578276,-117.064241,458.538242,-0.000022,-0.000086,-0.000107,1.378367,1.378367,1.378367
82110.000000,33.578216,-117.064402,433.431176,33.578275,-117.064241,458.507838,-0.000022,-0.000086,-0.000108,1.377933,1.377933,1.377933
82125.000000,33.578215,-117.064401,433.545100,33.578275,-117.064242,458.477401,-0.000022,-0.000085,-0.000108,1.377494,1.377494,1.377494
82140.000000,33.578213,-117.064403,433.014843,33.578275,-117.064242,458.446374,-0.000022,-0.000084,-0.000109,1.377056,1.377056,1.377056
82155.000000,33.578210,-117.064402,433.292481,33.578275,-117.064242,458.415743,-0.000023,-0.000084,-0.000109,1.376618,1.376618,1.376618
82170.000000,33.578213,-117.064402,432.295869,33.578275,-117.064242,458.383306,-0.000023,-0.000083,-0.000110,1.376165,1.376165,1.376165
82185.000000,33.578212,-117.064405,432.786043,33.578275,-117.064242,458.351776,-0.000023,-0.000083,-0.000110,1.375719,1.375719,1.375719
82200.000000,33.578209,-117.064410,432.677786,33.578275,-117.064242,458.320146,-0.000023,-0.000082,-0.000111,1.375273,1.375273,1.375273
82215.000000,33.578208,-117.064409,432.311852,33.578275,-117.064243,458.288029,-0.000023,-0.000082,-0.000111,1.374825,1.374825,1.374825
82230.000000,33.578211,-117.064408,431.318948,33.578275,-117.064243,458.253948,-0.000023,-0.000081,-0.000112,1.374358,1.374358,1.374358
82245.000000,33.578211,-117.064408,431.178167,33.578275,-117.064243,458.219593,-0.000023,-0.000081,-0.000112,1.373888,1.373888,1.373888
82260.000000,33.578207,-117.064411,431.614346,33.578274,-117.064243,458.186284,-0.000024,-0.000080,-0.000113,1.373429,1.373429,1.373429
82275.000000,33.578447,-117.064375,472.842565,33.578274,-117.064243,458.192170,-0.000024,-0.000080,-0.000113,1.373562,1.373562,1.373562
82290.000000,33.578450,-117.064376,472.265533,33.578275,-117.064243,458.197709,-0.000024,-0.000080,-0.000112,1.373701,1.373701,1.373701
82305.000000,33.578355,-117.064271,494.279590,33.578275,-117.064243,458.210399,-0.000024,-0.000080,-0.000112,1.373865,1.373865,1.373865
82320.000000,33.578355,-117.064271,494.651134,33.578275,-117.064243,458.222991,-0.000024,-0.000080,-0.000112,1.374034,1.374034,1.374034
82335.000000,33.578353,-117.064267,493.593997,33.578275,-117.064243,458.235216,-0.000024,-0.000080,-0.000112,1.374203,1.374203,1.374203
82350.000000,33.578355,-117.064271,493.802667,33.578275,-117.064243,458.247364,-0.000024,-0.000080,-0.000112,1.374375,1.374375,1.374375
82365.000000,33.578354,-117.064275,493.823057,33.578275,-117.064243,458.259451,-0.000024,-0.000081,-0.000111,1.374548,1.374548,1.374548
82380.000000,33.578351,-117.064278,493.682353,33.578275,-117.064243,458.271519,-0.000024,-0.000081,-0.000111,1.374721,1.374721,1.374721
82395.000000,33.578354,-117.064272,492.905559,33.578275,-117.064243,458.283222,-0.000024,-0.000081,-0.000111,1.374895,1.374895,1.374895
82410.000000,33.578351,-117.064271,492.812554,33.578275,-117.064243,458.294849,-0.000024,-0.000081,-0.000111,1.375070,1.375070,1.375070
82425.000000,33.578350,-117.064277,493.126573,33.578275,-117.064243,458.306451,-0.000024,-0.000081,-0.000111,1.375248,1.375248,1.375248
82440.000000,33.578345,-117.064278,492.658436,33.578275,-117.064243,458.318033,-0.000025,-0.000081,-0.000111,1.375423,1.375423,1.375423
82455.000000,33.578347,-117.064276,492.511795,33.578275,-117.064244,458.329308,-0.000025,-0.000081,-0.000110,1.375604,1.375604,1.375604
82470.000000,33.578349,-117.064276,492.168249,33.578275,-117.064244,458.340335,-0.000025,-0.000082,-0.000110,1.375787,1.375787,1.375787
82485.000000,33.578347,-117.064276,492.336900,33.578275,-117.064244,458.351364,-0.000025,-0.000082,-0.000110,1.375971,1.375971,1.375971
82500.000000,33.578347,-117.064276,491.916191,33.578275,-117.064244,458.362139,-0.000025,-0.000082,-0.000110,1.376157,1.376157,1.376157
82515.000000,33.578345,-117.064276,491.899024,33.578275,-117.064244,458.372856,-0.000025,-0.000082,-0.000110,1.376344,1.376344,1.376344
82530.000000,33.578345,-117.064278,491.874402,33.578275,-117.064244,458.383508,-0.000025,-0.000082,-0.000110,1.376533,1.376533,1.376533
82545.000000,33.578341,-117.064280,491.429313,33.578275,-117.064244,458.393959,-0.000025,-0.000082,-0.000110,1.376723,1.376723,1.376723
82560.000000,33.578343,-117.064279,490.830128,33.578275,-117.064244,458.404151,-0.000025,-0.000082,-0.000109,1.376914,1.376914,1.376914
82575.000000,33.578340,-117.064281,490.892431,33.578275,-117.064244,458.414355,-0.000025,-0.000082,-0.000109,1.377106,1.377106,1.377106
82590.000000,33.578341,-117.064282,490.511299,33.578275,-117.064244,458.424351,-0.000025,-0.000082,-0.000109,1.377299,1.377299,1.377299
82605.000000,33.578339,-117.064281,490.682675,33.578275,-117.064244,458.434289,-0.000026,-0.000083,-0.000109,1.377495,1.377495,1.377495
82620.000000,33.578338,-117.064282,490.349464,33.578275,-117.064244,458.444102,-0.000026,-0.000083,-0.000109,1.377691,1.377691,1.377691
82635.000000,33.578336,-117.064281,490.357298,33.578275,-117.064244,458.453853,-0.000026,-0.000083,-0.000109,1.377888,1.377888,1.377888
82650.000000,33.578338,-117.064281,489.971095,33.578275,-117.064244,458.463417,-0.000026,-0.000083,-0.000109,1.378087,1.378087,1.378087
82665.000000,33.578336,-117.064282,489.278836,33.578275,-117.064244,458.472884,-0.000026,-0.000083,-0.000108,1.378284,1.378284,1.378284
82680.000000,33.578339,-117.064282,488.696791,33.578275,-117.064244,458.482096,-0.000026,-0.000083,-0.000108,1.378482,1.378482,1.378482
82695.000000,33.578333,-117.064283,488.780238,33.578275,-117.064244,458.491328,-0.000026,-0.000083,-0.000108,1.378681,1.378681,1.378681
82710.000000,33.578334,-117.064284,488.333779,33.578275,-117.064244,458.500286,-0.000026,-0.000083,-0.000108,1.378883,1.378883,1.378883
82725.000000,33.578333,-117.064288,488.333514,33.578275,-117.064244,458.509183,-0.000026,-0.000083,-0.000108,1.379086,1.379086,1.379086
82740.000000,33.578337,-117.064283,487.498941,33.578275,-117.064244,458.517846,-0.000026,-0.000084,-0.000108,1.379288,1.379288,1.379288
82755.000000,33.578335,-117.064286,487.917938,33.578275,-117.064244,458.526497,-0.000026,-0.000084,-0.000108,1.379494,1.379494,1.379494
82770.000000,33.578329,-117.064287,487.926790,33.578275,-117.064244,458.535117,-0.000026,-0.000084,-0.000108,1.379701,1.379701,1.379701
82785.000000,33.578329,-117.064285,487.275788,33.578275,-117.064244,458.543528,-0.000026,-0.000084,-0.000107,1.379908,1.379908,1.379908
82800.000000,33.578329,-117.064289,487.472481,33.578275,-117.064244,458.551945,-0.000026,-0.000084,-0.000107,1.380116,1.380116,1.380116
82815.000000,33.578327,-117.064288,486.691457,33.578275,-117.064244,458.560128,-0.000027,-0.000084,-0.000107,1.380325,1.380325,1.380325
82830.000000,33.578329,-117.064293,486.845484,33.578275,-117.064244,458.568320,-0.000027,-0.000084,-0.000107,1.380535,1.380535,1.380535
82845.000000,33.578328,-117.064290,486.120556,33.578275,-117.064244,458.576335,-0.000027,-0.000084,-0.000107,1.380743,1.380743,1.380743
82860.000000,33.578323,-117.064294,486.335783,33.578275,-117.064244,458.584398,-0.000027,-0.000084,-0.000107,1.380952,1.380952,1.380952
82875.000000,33.578326,-117.064295,485.700283,33.578275,-117.064244,458.592246,-0.000027,-0.000084,-0.000107,1.381162,1.381162,1.381162
82890.000000,33.578326,-117.064294,485.506208,33.578275,-117.064244,458.599959,-0.000027,-0.000084,-0.000107,1.381374,1.381374,1.381374
82905.000000,33.578325,-117.064295,485.246183,33.578275,-117.064244,458.607560,-0.000027,-0.000085,-0.000107,1.381587,1.381587,1.381587
82920.000000,33.578328,-117.064291,484.241339,33.578275,-117.064244,458.614820,-0.000027,-0.000085,-0.000106,1.381802,1.381802,1.381802
82935.000000,33.578322,-117.064296,484.378654,33.578275,-117.064244,458.622170,-0.000027,-0.000085,-0.000106,1.382015,1.382015,1.382015
82950.000000,33.578324,-117.064296,483.817775,33.578275,-117.064244,458.629310,-0.000027,-0.000085,-0.000106,1.382230,1.382230,1.382230
82965.000000,33.578317,-117.064300,483.675918,33.578275,-117.064244,458.636452,-0.000027,-0.000085,-0.000106,1.382443,1.382443,1.382443
82980.000000,33.578323,-117.064296,482.976645,33.578275,-117.064244,458.643232,-0.000027,-0.000085,-0.000106,1.382661,1.382661,1.382661
82995.000000,33.578322,-117.064295,482.499061,33.578275,-117.064244,458.649924,-0.000027,-0.000085,-0.000106,1.382878,1.382878,1.382878
83010.000000,33.578319,-117.064299,483.054797,33.578275,-117.064244,458.656683,-0.000027,-0.000085,-0.000106,1.383098,1.383098,1.383098
83025.000000,33.578317,-117.064298,482.602825,33.578275,-117.064244,458.663310,-0.000028,-0.000085,-0.000106,1.383318,1.383318,1.383318
83040.000000,33.578317,-117.064300,482.367224,33.578275,-117.064244,458.669899,-0.000028,-0.000085,-0.000106,1.383537,1.383537,1.383537
83055.000000,33.578316,-117.064300,481.864410,33.578275,-117.064244,458.676258,-0.000028,-0.000085,-0.000106,1.383758,1.383758,1.383758
83070.000000,33.578315,-117.064298,481.268399,33.578275,-117.064244,458.682447,-0.000028,-0.000085,-0.000105,1.383981,1.383981,1.383981
83085.000000,33.578313,-117.064301,481.175556,33.578275,-117.064244,458.688571,-0.000028,-0.000085,-0.000105,1.384204,1.384204,1.384204
83100.000000,33.578310,-117.064304,481.437557,33.578275,-117.064244,458.694747,-0.000028,-0.000085,-0.000105,1.384428,1.384428,1.384428
83115.000000,33.578312,-117.064302,480.895127,33.578275,-117.064244,458.700765,-0.000028,-0.000085,-0.000105,1.384652,1.384652,1.384652
83130.000000,33.578312,-117.064299,480.485552,33.578275,-117.064244,458.706630,-0.000028,-0.000086,-0.000105,1.384878,1.384878,1.384878
83145.000000,33.578313,-117.064301,480.064978,33.578274,-117.064244,458.712373,-0.000028,-0.000086,-0.000105,1.385104,1.385104,1.385104
83160.000000,33.578311,-117.064306,480.349442,33.578274,-117.064244,458.718181,-0.000028,-0.000086,-0.000105,1.385331,1.385331,1.385331
83175.000000,33.578310,-117.064308,479.905303,33.578274,-117.064244,458.723852,-0.000028,-0.000086,-0.000105,1.385558,1.385558,1.385558
83190.000000,33.578311,-117.064305,479.165030,33.578274,-117.064244,458.729295,-0.000028,-0.000086,-0.000105,1.385787,1.385787,1.385787
83205.000000,33.578310,-117.064306,478.680291,33.578274,-117.064244,458.734630,-0.000028,-0.000086,-0.000105,1.386015,1.386015,1.386015
83220.000000,33.578310,-117.064307,478.676613,33.578274,-117.064244,458.739935,-0.000028,-0.000086,-0.000105,1.386244,1.386244,1.386244
83235.000000,33.578308,-117.064310,478.680491,33.578274,-117.064244,458.745252,-0.000028,-0.000086,-0.000105,1.386472,1.386472,1.386472
83250.000000,33.578307,-117.064311,477.876817,33.578274,-117.064244,458.750379,-0.000028,-0.000086,-0.000105,1.386700,1.386700,1.386700
83265.000000,33.578308,-117.064311,477.606486,33.578274,-117.064244,458.755398,-0.000028,-0.000086,-0.000105,1.386930,1.386930,1.386930
83280.000000,33.578309,-117.064310,477.095768,33.578274,-117.064244,458.760244,-0.000029,-0.000086,-0.000104,1.387161,1.387161,1.387161
83295.000000,33.578307,-117.064309,476.710181,33.578274,-117.064244,458.764979,-0.000029,-0.000086,-0.000104,1.387392,1.387392,1.387392
83310.000000,33.578306,-117.064311,476.170455,33.578274,-117.064244,458.769576,-0.000029,-0.000086,-0.000104,1.387624,1.387624,1.387624
83325.000000,33.578302,-117.064314,476.349134,33.578274,-117.064244,458.774220,-0.000029,-0.000086,-0.000104,1.387856,1.387856,1.387856
83340.000000,33.578303,-117.064312,475.507486,33.578274,-117.064244,458.778621,-0.000029,-0.000086,-0.000104,1.388089,1.388089,1.388089
83355.000000,33.578302,-117.064314,475.125448,33.578274,-117.064244,458.782937,-0.000029,-0.000086,-0.000104,1.388321,1.388321,1.388321
83370.000000,33.578305,-117.064313,474.167407,33.578274,-117.064244,458.787015,-0.000029,-0.000086,-0.000104,1.388554,1.388554,1.388554
83385.000000,33.578300,-117.064317,474.899239,33.578274,-117.064244,458.791265,-0.000029,-0.000086,-0.000104,1.388787,1.388787,1.388787
83400.000000,33.578300,-117.064318,474.213744,33.578274,-117.064244,458.795352,-0.000029,-0.000086,-0.000104,1.389020,1.389020,1.389020
83415.000000,33.578299,-117.064317,473.848140,33.578274,-117.064244,458.799321,-0.000029,-0.000086,-0.000104,1.389254,1.389254,1.389254
83430.000000,33.578301,-117.064317,473.108572,33.578274,-117.064244,458.803075,-0.000029,-0.000086,-0.000104,1.389489,1.389489,1.389489
83445.000000,33.578299,-117.064320,473.131216,33.578274,-117.064244,458.806817,-0.000029,-0.000086,-0.000104,1.389725,1.389725,1.389725
83460.000000,33.578296,-117.064319,473.240673,33.578274,-117.064244,458.810579,-0.000029,-0.000086,-0.000104,1.389962,1.389962,1.389962
83475.000000,33.578298,-117.064319,472.059706,33.578274,-117.064244,458.814041,-0.000029,-0.000086,-0.000104,1.390199,1.390199,1.390199
83490.000000,33.578296,-117.064321,472.121742,33.578274,-117.064244,458.817515,-0.000029,-0.000087,-0.000104,1.390437,1.390437,1.390437
83505.000000,33.578296,-117.064322,471.488890,33.578274,-117.064244,458.820840,-0.000029,-0.000087,-0.000104,1.390674,1.390674,1.390674
83520.000000,33.578294,-117.064324,471.362848,33.578274,-117.064244,458.824129,-0.000029,-0.000087,-0.000104,1.390912,1.390912,1.390912
83535.000000,33.578297,-117.064322,470.391904,33.578274,-117.064244,458.827157,-0.000029,-0.000087,-0.000104,1.391151,1.391151,1.391151
83550.000000,33.578294,-117.064324,470.438812,33.578274,-117.064244,458.830193,-0.000029,-0.000087,-0.000104,1.391390,1.391390,1.391390
83565.000000,33.578294,-117.064325,470.059190,33.578274,-117.064244,458.833131,-0.000030,-0.000087,-0.000104,1.391630,1.391630,1.391630
83580.000000,33.578293,-117.064325,469.428350,33.578274,-117.064244,458.835905,-0.000030,-0.000087,-0.000103,1.391871,1.391871,1.391871
83595.000000,33.578292,-117.064329,469.401646,33.578274,-117.064244,458.838669,-0.000030,-0.000087,-0.000103,1.392112,1.392112,1.392112
83610.000000,33.578291,-117.064329,468.912602,33.578274,-117.064244,458.841324,-0.000030,-0.000087,-0.000103,1.392353,1.392353,1.392353
83625.000000,33.578292,-117.064328,468.312137,33.578274,-117.064244,458.843833,-0.000030,-0.000087,-0.000103,1.392594,1.392594,1.392594
83640.000000,33.578193,-117.064415,486.352306,33.578274,-117.064245,458.850031,-0.000030,-0.000087,-0.000103,1.392849,1.392849,1.392849
83655.000000,33.578190,-117.064415,485.971688,33.578274,-117.064245,458.856127,-0.000030,-0.000087,-0.000103,1.393105,1.393105,1.393105
83670.000000,33.578192,-117.064417,485.686331,33.578274,-117.064245,458.862176,-0.000030,-0.000087,-0.000103,1.393360,1.393360,1.393360
83685.000000,33.578194,-117.064417,484.721691,33.578274,-117.064245,458.867998,-0.000030,-0.000087,-0.000103,1.393616,1.393616,1.393616
83700.000000,33.578193,-117.064420,484.711972,33.578274,-117.064245,458.873828,-0.000030,-0.000087,-0.000103,1.393871,1.393871,1.393871
83715.000000,33.578190,-117.064419,484.410536,33.578274,-117.064245,458.879499,-0.000030,-0.000087,-0.000103,1.394130,1.394130,1.394130
83730.000000,33.578188,-117.064419,484.321080,33.578274,-117.064245,458.885180,-0.000030,-0.000087,-0.000103,1.394387,1.394387,1.394387
83745.000000,33.578189,-117.064419,483.725544,33.578274,-117.064245,458.890750,-0.000031,-0.000087,-0.000103,1.394644,1.394644,1.394644
83760.000000,33.578189,-117.064421,483.295835,33.578274,-117.064245,458.896236,-0.000031,-0.000087,-0.000103,1.394901,1.394901,1.394901
83775.000000,33.578187,-117.064421,482.948328,33.578274,-117.064245,458.901648,-0.000031,-0.000087,-0.000103,1.395158,1.395158,1.395158
83790.000000,33.578186,-117.064421,482.654477,33.578274,-117.064245,458.906951,-0.000031,-0.000087,-0.000103,1.395416,1.395416,1.395416
83805.000000,33.578186,-117.064422,481.951444,33.578274,-117.064245,458.912117,-0.000031,-0.000087,-0.000103,1.395673,1.395673,1.395673
83820.000000,33.578186,-117.064423,481.624169,33.578274,-117.064245,458.917185,-0.000031,-0.000088,-0.000103,1.395932,1.395932,1.395932
83835.000000,33.578183,-117.064423,481.770455,33.578274,-117.064245,458.922262,-0.000031,-0.000088,-0.000103,1.396191,1.396191,1.396191
83850.000000,33.578184,-117.064424,480.966258,33.578274,-117.064245,458.927175,-0.000031,-0.000088,-0.000103,1.396451,1.396451,1.396451
83865.000000,33.578185,-117.064425,480.572626,33.578274,-117.064245,458.932011,-0.000031,-0.000088,-0.000103,1.396710,1.396710,1.396710
83880.000000,33.578184,-117.064424,480.184695,33.578274,-117.064245,458.936768,-0.000032,-0.000088,-0.000103,1.396969,1.396969,1.396969
83895.000000,33.578183,-117.064425,480.121542,33.578273,-117.064245,458.941487,-0.000032,-0.000088,-0.000103,1.397228,1.397228,1.397228
83910.000000,33.578183,-117.064424,479.075427,33.578273,-117.064245,458.945986,-0.000032,-0.000088,-0.000103,1.397488,1.397488,1.397488
83925.000000,33.578182,-117.064426,478.967018,33.578273,-117.064245,458.950448,-0.000032,-0.000088,-0.000103,1.397749,1.397749,1.397749
83940.000000,33.578183,-117.064427,478.520525,33.578273,-117.064245,458.954847,-0.000032,-0.000088,-0.000103,1.398008,1.398008,1.398008
83955.000000,33.578182,-117.064427,478.134437,33.578273,-117.064245,458.959123,-0.000032,-0.000088,-0.000103,1.398269,1.398269,1.398269
83970.000000,33.578204,-117.064652,531.745913,33.578273,-117.064245,458.977494,-0.000032,-0.000088,-0.000103,1.398501,1.398501,1.398501
83985.000000,33.578205,-117.064653,531.747982,33.578273,-117.064245,458.995771,-0.000033,-0.000088,-0.000103,1.398734,1.398734,1.398734
84000.000000,33.578203,-117.064651,531.447631,33.578273,-117.064246,459.013962,-0.000033,-0.000089,-0.000102,1.398966,1.398966,1.398966
84015.000000,33.578202,-117.064650,531.057063,33.578273,-117.064246,459.031945,-0.000033,-0.000089,-0.000102,1.399201,1.399201,1.399201
84030.000000,33.578201,-117.064651,530.781686,33.578273,-117.064246,459.049722,-0.000034,-0.000089,-0.000102,1.399436,1.399436,1.399436
84045.000000,33.578200,-117.064652,530.432712,33.578273,-117.064246,459.067370,-0.000034,-0.000089,-0.000102,1.399672,1.399672,1.399672
84060.000000,33.578199,-117.064650,529.669782,33.578273,-117.064246,459.084772,-0.000034,-0.000089,-0.000102,1.399908,1.399908,1.399908
84075.000000,33.578198,-117.064649,529.816536,33.578273,-117.064246,459.102095,-0.000034,-0.000089,-0.000102,1.400146,1.400146,1.400146
84090.000000,33.578197,-117.064649,529.389807,33.578273,-117.064246,459.119345,-0.000035,-0.000090,-0.000102,1.400383,1.400383,1.400383
84105.000000,33.578195,-117.064648,529.487553,33.578273,-117.064246,459.136422,-0.000035,-0.000090,-0.000101,1.400622,1.400622,1.400622
84120.000000,33.578196,-117.064647,528.660430,33.578273,-117.064246,459.153233,-0.000035,-0.000090,-0.000101,1.400862,1.400862,1.400862
84135.000000,33.578194,-117.064647,528.163211,33.578273,-117.064246,459.169846,-0.000036,-0.000090,-0.000101,1.401103,1.401103,1.401103
84150.000000,33.578192,-117.064648,528.029313,33.578273,-117.064247,459.186367,-0.000036,-0.000090,-0.000101,1.401344,1.401344,1.401344
84165.000000,33.578192,-117.064646,527.528713,33.578273,-117.064247,459.202664,-0.000036,-0.000091,-0.000101,1.401586,1.401586,1.401586
84180.000000,33.578193,-117.064645,526.890342,33.578273,-117.064247,459.218843,-0.000036,-0.000091,-0.000101,1.401828,1.401828,1.401828
84195.000000,33.578192,-117.064645,526.633032,33.578273,-117.064247,459.234831,-0.000037,-0.000091,-0.000101,1.402072,1.402072,1.402072
84210.000000,33.578189,-117.064644,526.536999,33.578273,-117.064247,459.250799,-0.000037,-0.000091,-0.000100,1.402315,1.402315,1.402315
84225.000000,33.578190,-117.064644,526.508005,33.578273,-117.064247,459.266650,-0.000037,-0.000091,-0.000100,1.402560,1.402560,1.402560
84240.000000,33.578189,-117.064642,525.851414,33.578273,-117.064247,459.282322,-0.000037,-0.000091,-0.000100,1.402804,1.402804,1.402804
84255.000000,33.578187,-117.064642,525.671181,33.578273,-117.064247,459.297834,-0.000038,-0.000092,-0.000100,1.403051,1.403051,1.403051
84270.000000,33.578187,-117.064642,524.940022,33.578273,-117.064247,459.313199,-0.000038,-0.000092,-0.000100,1.403296,1.403296,1.403296
84285.000000,33.578187,-117.064642,524.203370,33.578272,-117.064247,459.328329,-0.000038,-0.000092,-0.000100,1.403543,1.403543,1.403543
84300.000000,33.578186,-117.064641,523.723003,33.578272,-117.064247,459.343320,-0.000038,-0.000092,-0.000100,1.403790,1.403790,1.403790
84315.000000,33.578186,-117.064639,523.046691,33.578272,-117.064247,459.358199,-0.000039,-0.000092,-0.000100,1.404036,1.404036,1.404036
84330.000000,33.578185,-117.064638,522.596461,33.578272,-117.064248,459.372901,-0.000039,-0.000092,-0.000099,1.404283,1.404283,1.404283
84345.000000,33.578184,-117.064638,522.159754,33.578272,-117.064248,459.387488,-0.000039,-0.000092,-0.000099,1.404531,1.404531,1.404531
84360.000000,33.578183,-117.064639,522.157868,33.578272,-117.064248,459.401942,-0.000040,-0.000093,-0.000099,1.404780,1.404780,1.404780
84375.000000,33.578182,-117.064638,521.556391,33.578272,-117.064248,459.416212,-0.000040,-0.000093,-0.000099,1.405029,1.405029,1.405029
84390.000000,33.578183,-117.064637,520.833702,33.578272,-117.064248,459.430217,-0.000040,-0.000093,-0.000099,1.405280,1.405280,1.405280
84405.000000,33.578181,-117.064636,520.431234,33.578272,-117.064248,459.444171,-0.000040,-0.000093,-0.000099,1.405530,1.405530,1.405530
84420.000000,33.578180,-117.064635,519.860120,33.578272,-117.064248,459.457878,-0.000041,-0.000093,-0.000099,1.405782,1.405782,1.405782
84435.000000,33.578179,-117.064634,519.342290,33.578272,-117.064248,459.471501,-0.000041,-0.000093,-0.000099,1.406033,1.406033,1.406033
84450.000000,33.578179,-117.064633,519.139058,33.578272,-117.064248,459.484940,-0.000041,-0.000094,-0.000099,1.406286,1.406286,1.406286
84465.000000,33.578179,-117.064631,518.496971,33.578272,-117.064248,459.498286,-0.000041,-0.000094,-0.000098,1.406538,1.406538,1.406538
84480.000000,33.578178,-117.064632,517.875081,33.578272,-117.064248,459.511446,-0.000041,-0.000094,-0.000098,1.406791,1.406791,1.406791
84495.000000,33.578177,-117.064631,517.720929,33.578272,-117.064249,459.524476,-0.000042,-0.000094,-0.000098,1.407045,1.407045,1.407045
84510.000000,33.578176,-117.064630,516.654516,33.578272,-117.064249,459.537238,-0.000042,-0.000094,-0.000098,1.407300,1.407300,1.407300
84525.000000,33.578176,-117.064630,516.239333,33.578272,-117.064249,459.549856,-0.000042,-0.000094,-0.000098,1.407555,1.407555,1.407555
84540.000000,33.578175,-117.064627,515.589143,33.578272,-117.064249,459.562235,-0.000042,-0.000094,-0.000098,1.407811,1.407811,1.407811
84555.000000,33.578174,-117.064627,515.186488,33.578272,-117.064249,459.574563,-0.000043,-0.000094,-0.000098,1.408067,1.408067,1.408067
84570.000000,33.578173,-117.064626,514.460909,33.578272,-117.064249,459.586748,-0.000043,-0.000095,-0.000098,1.408323,1.408323,1.408323
84585.000000,33.578174,-117.064625,513.819652,33.578272,-117.064249,459.598762,-0.000043,-0.000095,-0.000098,1.408579,1.408579,1.408579
84600.000000,33.578172,-117.064623,513.247289,33.578272,-117.064249,459.610575,-0.000043,-0.000095,-0.000098,1.408837,1.408837,1.408837
84615.000000,33.578173,-117.064623,512.396522,33.578272,-117.064249,459.622223,-0.000043,-0.000095,-0.000098,1.409094,1.409094,1.409094
84630.000000,33.578173,-117.064621,511.810498,33.578272,-117.064249,459.633668,-0.000044,-0.000095,-0.000097,1.409352,1.409352,1.409352
84645.000000,33.578174,-117.064621,510.456873,33.578272,-117.064249,459.644838,-0.000044,-0.000095,-0.000097,1.409610,1.409610,1.409610
84660.000000,33.578173,-117.064620,510.441496,33.578272,-117.064249,459.655932,-0.000044,-0.000095,-0.000097,1.409869,1.409869,1.409869
84675.000000,33.578173,-117.064619,509.894182,33.578271,-117.064249,459.666883,-0.000044,-0.000095,-0.000097,1.410129,1.410129,1.410129
84690.000000,33.578174,-117.064616,508.873587,33.578271,-117.064250,459.677637,-0.000045,-0.000095,-0.000097,1.410388,1.410388,1.410388
84705.000000,33.578172,-117.064615,508.514215,33.578271,-117.064250,459.688252,-0.000045,-0.000096,-0.000097,1.410648,1.410648,1.410648
84720.000000,33.578172,-117.064615,507.430479,33.578271,-117.064250,459.698684,-0.000045,-0.000096,-0.000097,1.410908,1.410908,1.410908
84735.000000,33.578172,-117.064614,506.406911,33.578271,-117.064250,459.708888,-0.000045,-0.000096,-0.000097,1.411168,1.411168,1.411168
84750.000000,33.578172,-117.064614,505.853664,33.578271,-117.064250,459.718985,-0.000045,-0.000096,-0.000097,1.411428,1.411428,1.411428
84765.000000,33.578170,-117.064614,505.241489,33.578271,-117.064250,459.728892,-0.000046,-0.000096,-0.000097,1.411688,1.411688,1.411688
84780.000000,33.578170,-117.064611,504.644795,33.578271,-117.064250,459.738722,-0.000046,-0.000096,-0.000097,1.411948,1.411948,1.411948
84795.000000,33.578171,-117.064611,503.730396,33.578271,-117.064250,459.748295,-0.000046,-0.000096,-0.000097,1.412209,1.412209,1.412209
84810.000000,33.578171,-117.064608,503.098381,33.578271,-117.064250,459.757680,-0.000046,-0.000096,-0.000097,1.412471,1.412471,1.412471
84825.000000,33.578170,-117.064607,502.240220,33.578271,-117.064250,459.766942,-0.000046,-0.000096,-0.000097,1.412732,1.412732,1.412732
84840.000000,33.578171,-117.064607,501.581689,33.578271,-117.064250,459.776017,-0.000047,-0.000096,-0.000097,1.412994,1.412994,1.412994
84855.000000,33.578169,-117.064606,501.136615,33.578271,-117.064250,459.784972,-0.000047,-0.000096,-0.000097,1.413257,1.413257,1.413257
84870.000000,33.578169,-117.064603,500.176667,33.578271,-117.064250,459.793754,-0.000047,-0.000097,-0.000096,1.413519,1.413519,1.413519
84885.000000,33.578170,-117.064601,499.505318,33.578271,-117.064250,459.802386,-0.000047,-0.000097,-0.000096,1.413781,1.413781,1.413781
84900.000000,33.578169,-117.064599,498.643331,33.578271,-117.064251,459.810856,-0.000047,-0.000097,-0.000096,1.414043,1.414043,1.414043
84915.000000,33.578169,-117.064597,497.788822,33.578271,-117.064251,459.819085,-0.000047,-0.000097,-0.000096,1.414307,1.414307,1.414307
84930.000000,33.578169,-117.064597,496.761159,33.578271,-117.064251,459.827075,-0.000048,-0.000097,-0.000096,1.414571,1.414571,1.414571
84945.000000,33.578170,-117.064594,495.876961,33.578271,-117.064251,459.834883,-0.000048,-0.000097,-0.000096,1.414835,1.414835,1.414835
84960.000000,33.578171,-117.064594,494.825359,33.578271,-117.064251,459.842461,-0.000048,-0.000097,-0.000096,1.415099,1.415099,1.415099
84975.000000,33.578169,-117.064592,494.001575,33.578271,-117.064251,459.849862,-0.000048,-0.000097,-0.000096,1.415363,1.415363,1.415363
84990.000000,33.578170,-117.064592,493.513480,33.578271,-117.064251,459.857176,-0.000048,-0.000097,-0.000096,1.415628,1.415628,1.415628
85005.000000,33.578171,-117.064589,492.268216,33.578271,-117.064251,459.864271,-0.000048,-0.000097,-0.000096,1.415892,1.415892,1.415892
85020.000000,33.578172,-117.064588,491.574465,33.578271,-117.064251,459.871253,-0.000049,-0.000097,-0.000096,1.416155,1.416155,1.416155
85035.000000,33.578171,-117.064587,490.622861,33.578271,-117.064251,459.878018,-0.000049,-0.000097,-0.000096,1.416418,1.416418,1.416418
85050.000000,33.578172,-117.064587,489.168680,33.578270,-117.064251,459.884465,-0.000049,-0.000097,-0.000096,1.416683,1.416683,1.416683
85065.000000,33.578171,-117.064584,488.269439,33.578270,-117.064251,459.890719,-0.000049,-0.000097,-0.000096,1.416947,1.416947,1.416947
85080.000000,33.578174,-117.064583,487.337516,33.578270,-117.064251,459.896763,-0.000049,-0.000097,-0.000096,1.417212,1.417212,1.417212
85095.000000,33.578174,-117.064581,486.427772,33.578270,-117.064251,459.902616,-0.000049,-0.000097,-0.000096,1.417478,1.417478,1.417478
85110.000000,33.578174,-117.064579,485.584404,33.578270,-117.064252,459.908316,-0.000050,-0.000098,-0.000096,1.417743,1.417743,1.417743
85125.000000,33.578175,-117.064578,484.670814,33.578270,-117.064252,459.913836,-0.000050,-0.000098,-0.000096,1.418008,1.418008,1.418008
85140.000000,33.578174,-117.064575,483.627435,33.578270,-117.064252,459.919144,-0.000050,-0.000098,-0.000096,1.418273,1.418273,1.418273
85155.000000,33.578176,-117.064574,482.001344,33.578270,-117.064252,459.924129,-0.000050,-0.000098,-0.000096,1.418538,1.418538,1.418538
85170.000000,33.578177,-117.064572,480.864674,33.578270,-117.064252,459.928889,-0.000050,-0.000098,-0.000096,1.418802,1.418802,1.418802
85185.000000,33.578177,-117.064573,480.183725,33.578270,-117.064252,459.933501,-0.000050,-0.000098,-0.000096,1.419068,1.419068,1.419068
85200.000000,33.578178,-117.064570,478.978449,33.578270,-117.064252,459.937865,-0.000050,-0.000098,-0.000096,1.419333,1.419333,1.419333
85215.000000,33.578179,-117.064570,478.044078,33.578270,-117.064252,459.942037,-0.000051,-0.000098,-0.000096,1.419599,1.419599,1.419599
85230.000000,33.578179,-117.064569,476.835887,33.578270,-117.064252,459.945970,-0.000051,-0.000098,-0.000096,1.419865,1.419865,1.419865
85245.000000,33.578179,-117.064567,476.249813,33.578270,-117.064252,459.949789,-0.000051,-0.000098,-0.000096,1.420131,1.420131,1.420131
85260.000000,33.578180,-117.064563,474.929922,33.578270,-117.064252,459.953345,-0.000051,-0.000098,-0.000096,1.420396,1.420396,1.420396
85275.000000,33.578181,-117.064561,474.088736,33.578270,-117.064252,459.956745,-0.000051,-0.000098,-0.000096,1.420662,1.420662,1.420662
85290.000000,33.578181,-117.064559,472.812503,33.578270,-117.064252,459.959892,-0.000051,-0.000098,-0.000096,1.420927,1.420927,1.420927
85305.000000,33.578181,-117.064560,471.860616,33.578270,-117.064252,459.962843,-0.000051,-0.000098,-0.000096,1.421192,1.421192,1.421192
85320.000000,33.578182,-117.064558,470.498379,33.578270,-117.064252,459.965516,-0.000051,-0.000098,-0.000096,1.421458,1.421458,1.421458
85335.000000,33.578183,-117.064557,469.639301,33.578270,-117.064252,459.968029,-0.000052,-0.000098,-0.000096,1.421723,1.421723,1.421723
85350.000000,33.578184,-117.064554,468.468499,33.578270,-117.064253,459.970303,-0.000052,-0.000098,-0.000096,1.421989,1.421989,1.421989
85365.000000,33.578183,-117.064551,467.571499,33.578270,-117.064253,459.972409,-0.000052,-0.000098,-0.000096,1.422253,1.422253,1.422253
85380.000000,33.578183,-117.064552,466.939751,33.578270,-117.064253,459.974386,-0.000052,-0.000098,-0.000096,1.422518,1.422518,1.422518
85395.000000,33.578185,-117.064550,465.120173,33.578270,-117.064253,459.975998,-0.000052,-0.000098,-0.000096,1.422784,1.422784,1.422784
85410.000000,33.578186,-117.064549,464.489583,33.578270,-117.064253,459.977482,-0.000052,-0.000098,-0.000096,1.423049,1.423049,1.423049
85425.000000,33.578187,-117.064546,463.154188,33.578270,-117.064253,459.978705,-0.000052,-0.000098,-0.000096,1.423314,1.423314,1.423314
85440.000000,33.578188,-117.064546,461.861913,33.578270,-117.064253,459.979670,-0.000052,-0.000098,-0.000096,1.423578,1.423578,1.423578
85455.000000,33.578189,-117.064544,461.008138,33.578269,-117.064253,459.980463,-0.000052,-0.000098,-0.000096,1.423843,1.423843,1.423843
85470.000000,33.578191,-117.064542,459.248771,33.578269,-117.064253,459.980905,-0.000053,-0.000098,-0.000096,1.424109,1.424109,1.424109
85485.000000,33.578192,-117.064541,458.314901,33.578269,-117.064253,459.981160,-0.000053,-0.000098,-0.000096,1.424373,1.424373,1.424373
85500.000000,33.578192,-117.064536,457.441583,33.578269,-117.064253,459.981239,-0.000053,-0.000098,-0.000096,1.424638,1.424638,1.424638
85515.000000,33.578195,-117.064536,456.294708,33.578269,-117.064253,459.981086,-0.000053,-0.000097,-0.000096,1.424902,1.424902,1.424902
85530.000000,33.578195,-117.064535,455.310078,33.578269,-117.064253,459.980730,-0.000053,-0.000097,-0.000096,1.425165,1.425165,1.425165
85545.000000,33.578196,-117.064533,454.060899,33.578269,-117.064253,459.980118,-0.000053,-0.000097,-0.000096,1.425427,1.425427,1.425427
85560.000000,33.578197,-117.064532,452.775094,33.578269,-117.064253,459.979252,-0.000053,-0.000097,-0.000096,1.425691,1.425691,1.425691
85575.000000,33.578200,-117.064531,451.163001,33.578269,-117.064253,459.978056,-0.000053,-0.000097,-0.000096,1.425954,1.425954,1.425954
85590.000000,33.578200,-117.064530,450.042716,33.578269,-117.064253,459.976638,-0.000053,-0.000097,-0.000096,1.426217,1.426217,1.426217
85605.000000,33.578202,-117.064529,448.583707,33.578269,-117.064253,459.974917,-0.000053,-0.000097,-0.000096,1.426480,1.426480,1.426480
85620.000000,33.578203,-117.064525,447.810336,33.578269,-117.064254,459.973033,-0.000053,-0.000097,-0.000096,1.426742,1.426742,1.426742
85635.000000,33.578204,-117.064523,446.914027,33.578269,-117.064254,459.970956,-0.000053,-0.000097,-0.000096,1.427004,1.427004,1.427004
85650.000000,33.578270,-117.064602,501.641679,33.578269,-117.064254,459.978744,-0.000054,-0.000097,-0.000096,1.427288,1.427288,1.427288
85665.000000,33.578272,-117.064600,501.001767,33.578269,-117.064254,459.986332,-0.000054,-0.000097,-0.000096,1.427573,1.427573,1.427573
85680.000000,33.578276,-117.064601,499.730827,33.578269,-117.064254,459.993671,-0.000054,-0.000097,-0.000096,1.427859,1.427859,1.427859
85695.000000,33.578277,-117.064598,497.453954,33.578269,-117.064254,460.000658,-0.000054,-0.000097,-0.000096,1.428144,1.428144,1.428144
85710.000000,33.578280,-117.064597,497.567325,33.578269,-117.064254,460.007601,-0.000054,-0.000097,-0.000096,1.428430,1.428430,1.428430
85725.000000,33.578282,-117.064595,496.093267,33.578269,-117.064254,460.014273,-0.000054,-0.000097,-0.000096,1.428717,1.428717,1.428717
85740.000000,33.578283,-117.064593,494.321986,33.578269,-117.064254,460.020655,-0.000054,-0.000097,-0.000096,1.429004,1.429004,1.429004
85755.000000,33.578285,-117.064589,493.617522,33.578269,-117.064254,460.026929,-0.000055,-0.000097,-0.000096,1.429291,1.429291,1.429291
85770.000000,33.578289,-117.064590,492.620551,33.578269,-117.064254,460.032996,-0.000055,-0.000097,-0.000096,1.429578,1.429578,1.429578
85785.000000,33.578290,-117.064589,491.254158,33.578269,-117.064254,460.038821,-0.000055,-0.000097,-0.000096,1.429866,1.429866,1.429866
85800.000000,33.578294,-117.064587,490.110897,33.578269,-117.064254,460.044451,-0.000055,-0.000097,-0.000096,1.430153,1.430153,1.430153
85815.000000,33.578296,-117.064586,489.059328,33.578269,-117.064254,460.049870,-0.000055,-0.000097,-0.000096,1.430442,1.430442,1.430442
85830.000000,33.578300,-117.064582,487.384873,33.578269,-117.064254,460.055008,-0.000055,-0.000097,-0.000096,1.430731,1.430731,1.430731
85845.000000,33.578301,-117.064579,486.133129,33.578269,-117.064254,460.059949,-0.000055,-0.000097,-0.000096,1.431019,1.431019,1.431019
85860.000000,33.578305,-117.064578,484.909126,33.578269,-117.064254,460.064690,-0.000055,-0.000097,-0.000096,1.431308,1.431308,1.431308
85875.000000,33.578305,-117.064576,483.586048,33.578269,-117.064255,460.069208,-0.000055,-0.000097,-0.000095,1.431596,1.431596,1.431596
85890.000000,33.578309,-117.064573,482.274057,33.578269,-117.064255,460.073493,-0.000056,-0.000097,-0.000095,1.431885,1.431885,1.431885
85905.000000,33.578311,-117.064574,481.192084,33.578269,-117.064255,460.077584,-0.000056,-0.000097,-0.000095,1.432174,1.432174,1.432174
85920.000000,33.578314,-117.064570,478.768389,33.578269,-117.064255,460.081306,-0.000056,-0.000097,-0.000095,1.432463,1.432463,1.432463
85935.000000,33.578315,-117.064570,478.254119,33.578269,-117.064255,460.084927,-0.000056,-0.000097,-0.000095,1.432752,1.432752,1.432752
85950.000000,33.578320,-117.064566,477.107224,33.578269,-117.064255,460.088337,-0.000056,-0.000097,-0.000095,1.433041,1.433041,1.433041
85965.000000,33.578321,-117.064562,474.094234,33.578269,-117.064255,460.091306,-0.000056,-0.000097,-0.000095,1.433328,1.433328,1.433328
85980.000000,33.578326,-117.064562,474.590316,33.578269,-117.064255,460.094304,-0.000056,-0.000097,-0.000095,1.433618,1.433618,1.433618
85995.000000,33.578328,-117.064561,472.648260,33.578269,-117.064255,460.096985,-0.000056,-0.000097,-0.000095,1.433908,1.433908,1.433908
86010.000000,33.578331,-117.064560,470.123686,33.578269,-117.064255,460.099253,-0.000056,-0.000097,-0.000095,1.434197,1.434197,1.434197
86025.000000,33.578336,-117.064556,469.009122,33.578269,-117.064255,460.101328,-0.000056,-0.000097,-0.000095,1.434487,1.434487,1.434487
86040.000000,33.578337,-117.064554,468.270685,33.578269,-117.064255,460.103281,-0.000057,-0.000097,-0.000095,1.434777,1.434777,1.434777
86055.000000,33.578341,-117.064552,465.919443,33.578269,-117.064255,460.104854,-0.000057,-0.000097,-0.000095,1.435067,1.435067,1.435067
86070.000000,33.578343,-117.064548,464.326550,33.578269,-117.064255,460.106169,-0.000057,-0.000097,-0.000095,1.435356,1.435356,1.435356
86085.000000,33.578347,-117.064548,462.530046,33.578269,-117.064255,460.107185,-0.000057,-0.000097,-0.000095,1.435645,1.435645,1.435645
86100.000000,33.578351,-117.064548,461.432372,33.578269,-117.064255,460.108019,-0.000057,-0.000097,-0.000095,1.435936,1.435936,1.435936
86115.000000,33.578353,-117.064543,459.820974,33.578269,-117.064255,460.108588,-0.000057,-0.000097,-0.000095,1.436225,1.436225,1.436225
86130.000000,33.578358,-117.064543,457.948193,33.578269,-117.064255,460.108849,-0.000057,-0.000097,-0.000095,1.436514,1.436514,1.436514
86145.000000,33.578359,-117.064539,457.180879,33.578269,-117.064255,460.108981,-0.000057,-0.000097,-0.000095,1.436803,1.436803,1.436803
86160.000000,33.578364,-117.064537,455.237991,33.578269,-117.064255,460.108789,-0.000057,-0.000097,-0.000095,1.437092,1.437092,1.437092
86175.000000,33.578367,-117.064536,452.828736,33.578269,-117.064256,460.108196,-0.000057,-0.000097,-0.000095,1.437380,1.437380,1.437380
86190.000000,33.578369,-117.064534,451.912379,33.578269,-117.064256,460.107451,-0.000057,-0.000097,-0.000095,1.437669,1.437669,1.437669
86205.000000,33.578373,-117.064533,450.185574,33.578269,-117.064256,460.106423,-0.000057,-0.000097,-0.000095,1.437958,1.437958,1.437958
86220.000000,33.578376,-117.064532,448.518976,33.578269,-117.064256,460.105115,-0.000057,-0.000097,-0.000095,1.438246,1.438246,1.438246
86235.000000,33.578380,-117.064528,446.920387,33.578269,-117.064256,460.103531,-0.000057,-0.000097,-0.000095,1.438534,1.438534,1.438534
86250.000000,33.578383,-117.064527,445.398020,33.578269,-117.064256,460.101697,-0.000057,-0.000096,-0.000095,1.438822,1.438822,1.438822
86265.000000,33.578388,-117.064523,443.200008,33.578269,-117.064256,460.099488,-0.000057,-0.000096,-0.000095,1.439110,1.439110,1.439110
86280.000000,33.578391,-117.064522,441.760367,33.578269,-117.064256,460.097031,-0.000057,-0.000096,-0.000095,1.439398,1.439398,1.439398
86295.000000,33.578395,-117.064521,440.469122,33.578269,-117.064256,460.094387,-0.000057,-0.000096,-0.000095,1.439686,1.439686,1.439686
86310.000000,33.578397,-117.064519,438.497248,33.578269,-117.064256,460.091385,-0.000058,-0.000096,-0.000095,1.439974,1.439974,1.439974
86325.000000,33.578403,-117.064517,436.438883,33.578269,-117.064256,460.088030,-0.000058,-0.000096,-0.000095,1.440261,1.440261,1.440261
86340.000000,33.578408,-117.064514,434.408451,33.578269,-117.064256,460.084333,-0.000058,-0.000096,-0.000095,1.440549,1.440549,1.440549
86355.000000,33.578408,-117.064511,433.633827,33.578269,-117.064256,460.080507,-0.000058,-0.000096,-0.000095,1.440836,1.440836,1.440836
86370.000000,33.578413,-117.064509,431.651299,33.578269,-117.064256,460.076323,-0.000058,-0.000096,-0.000095,1.441123,1.441123,1.441123
86385.000000,33.578416,-117.064509,430.111912,33.578269,-117.064256,460.071883,-0.000058,-0.000095,-0.000095,1.441410,1.441410,1.441410
