t_gps,lat_deg,lon_deg,height_m,sigma0_m,pdop,n_sats,converged
0.000000,33.578365,-117.064533,454.636594,44.525311,2.351702,10,1
15.000000,33.578364,-117.064528,453.658849,44.234346,2.354707,10,1
30.000000,33.578370,-117.064527,451.369309,44.284306,2.357627,10,1
45.000000,33.578372,-117.064526,450.235306,44.422351,2.360459,10,1
60.000000,33.578377,-117.064523,448.114846,44.341296,2.363202,10,1
75.000000,33.578381,-117.064524,445.678507,44.256106,2.365854,10,1
90.000000,33.578382,-117.064520,445.440500,44.269834,2.368415,10,1
105.000000,33.578388,-117.064518,442.890860,44.243243,2.370883,10,1
120.000000,33.578390,-117.064517,441.109803,44.220319,2.373257,10,1
135.000000,33.578394,-117.064516,440.179805,44.305062,2.375535,10,1
150.000000,33.578396,-117.064513,439.066175,44.352106,2.377716,10,1
165.000000,33.578403,-117.064512,436.436915,44.363145,2.379800,10,1
180.000000,33.578405,-117.064508,434.693002,44.238996,2.381785,10,1
195.000000,33.578410,-117.064508,433.177614,44.308391,2.383670,10,1
210.000000,33.578413,-117.064505,431.774098,44.255484,2.385454,10,1
225.000000,33.578414,-117.064502,430.540196,44.233893,2.387136,10,1
240.000000,33.578418,-117.064500,428.899331,44.025564,2.388715,10,1
255.000000,33.578423,-117.064500,425.963515,44.018870,2.390191,10,1
270.000000,33.578428,-117.064501,424.156427,44.066842,2.391563,10,1
285.000000,33.578430,-117.064496,422.859710,43.828538,2.392829,10,1
300.000000,33.578432,-117.064494,421.774613,43.820196,2.393989,10,1
315.000000,33.578437,-117.064493,419.705536,43.850943,2.395043,10,1
330.000000,33.578441,-117.064491,417.737229,43.753639,2.395990,10,1
345.000000,33.578446,-117.064490,416.000678,43.782858,2.396829,10,1
360.000000,33.578448,-117.064488,414.571419,43.910802,2.397560,10,1
375.000000,33.578452,-117.064485,412.858942,43.724711,2.398183,10,1
390.000000,33.578456,-117.064483,411.180145,43.571807,2.398697,10,1
405.000000,33.578459,-117.064480,410.026101,43.616278,2.399102,10,1
420.000000,33.578463,-117.064480,407.476363,43.353155,2.399398,10,1
435.000000,33.578466,-117.064476,405.818881,43.205779,2.399584,10,1
450.000000,33.578471,-117.064476,404.330301,43.251662,2.399661,10,1
465.000000,33.578472,-117.064472,403.243330,43.209438,2.399628,10,1
480.000000,33.578475,-117.064473,401.884978,42.967765,2.399486,10,1
495.000000,33.578479,-117.064471,400.187489,43.011205,2.399235,10,1
510.000000,33.578481,-117.064468,399.056195,42.786760,2.398874,10,1
525.000000,33.578487,-117.064469,396.478144,42.768529,2.398404,10,1
540.000000,33.578490,-117.064466,395.364976,42.586738,2.397826,10,1
555.000000,33.578494,-117.064464,393.657915,42.506021,2.397139,10,1
570.000000,33.578498,-117.064461,391.746288,42.376852,2.396344,10,1
585.000000,33.578502,-117.064463,390.182347,42.466656,2.395441,10,1
600.000000,33.578505,-117.064461,388.445525,42.081252,2.394432,10,1
615.000000,33.578508,-117.064461,387.125121,42.282825,2.393315,10,1
630.000000,33.578508,-117.064459,386.145123,41.974045,2.392093,10,1
645.000000,33.578513,-117.064458,384.549961,41.998994,2.390766,10,1
660.000000,33.578517,-117.064457,382.747243,41.746293,2.389335,10,1
675.000000,33.578522,-117.064455,381.113361,41.736110,2.387800,10,1
690.000000,33.578524,-117.064457,379.948933,41.588378,2.386161,10,1
705.000000,33.578528,-117.064454,378.042335,41.466229,2.384422,10,1
720.000000,33.578532,-117.064454,376.076927,41.404464,2.382581,10,1
735.000000,33.578534,-117.064453,375.001033,41.292736,2.380640,10,1
750.000000,33.578534,-117.064449,374.299371,41.045360,2.378600,10,1
765.000000,33.578539,-117.064448,372.763200,40.884143,2.376463,10,1
780.000000,33.578542,-117.064448,371.146196,40.867565,2.374228,10,1
795.000000,33.578546,-117.064447,369.266390,40.755283,2.371899,10,1
810.000000,33.578549,-117.064445,367.978018,40.470765,2.369475,10,1
825.000000,33.578554,-117.064445,366.450782,40.459385,2.366958,10,1
840.000000,33.578555,-117.064442,365.726350,40.298724,2.364349,10,1
855.000000,33.578558,-117.064441,363.813298,40.154098,2.361650,10,1
870.000000,33.578559,-117.064442,362.435456,39.829865,2.358862,10,1
885.000000,33.578563,-117.064440,361.532494,39.985811,2.355986,10,1
900.000000,33.578566,-117.064438,360.712223,39.622149,2.353024,10,1
915.000000,33.578568,-117.064438,359.602067,39.513945,2.349978,10,1
930.000000,33.578571,-117.064437,358.143490,39.305778,2.346848,10,1
945.000000,33.578572,-117.064440,357.234559,39.172768,2.343637,10,1
960.000000,33.578578,-117.064437,355.845775,39.047106,2.340346,10,1
975.000000,33.578579,-117.064436,355.158480,38.925160,2.336976,10,1
990.000000,33.578582,-117.064435,353.954874,38.797091,2.333529,10,1
1005.000000,33.578582,-117.064435,353.025877,38.661028,2.330007,10,1
1020.000000,33.578584,-117.064435,352.065672,38.481519,2.326411,10,1
1035.000000,33.578590,-117.064439,350.117369,38.386523,2.322744,10,1
1050.000000,33.578592,-117.064437,348.970345,38.088890,2.319006,10,1
1065.000000,33.578594,-117.064435,348.458156,37.895329,2.315199,10,1
1080.000000,33.578596,-117.064436,347.343198,37.725050,2.311326,10,1
1095.000000,33.578597,-117.064437,346.428784,37.594968,2.307387,10,1
1110.000000,33.578601,-117.064435,345.361366,37.502154,2.303384,10,1
1125.000000,33.578604,-117.064436,343.930157,37.335648,2.299320,10,1
1140.000000,33.578607,-117.064436,342.999901,37.142698,2.295196,10,1
1155.000000,33.578608,-117.064436,341.699159,37.054512,2.291013,10,1
1170.000000,33.578609,-117.064431,341.928847,36.767522,2.286774,10,1
1185.000000,33.578609,-117.064433,341.033840,36.794207,2.282480,10,1
1200.000000,33.578610,-117.064431,340.752300,36.440704,2.278132,10,1
1215.000000,33.578613,-117.064433,339.327811,36.299249,2.273734,10,1
1230.000000,33.578616,-117.064432,338.392649,36.108931,2.269285,10,1
1245.000000,33.578616,-117.064432,338.355957,35.991774,2.264788,10,1
1260.000000,33.578304,-117.064343,419.127038,42.490785,1.857638,11,1
1275.000000,33.578306,-117.064338,418.268795,42.260428,1.855688,11,1
1290.000000,33.578306,-117.064341,417.403812,42.397228,1.853702,11,1
1305.000000,33.578304,-117.064341,417.137252,42.394113,1.851681,11,1
1320.000000,33.578308,-117.064333,416.014803,41.861738,1.849626,11,1
1335.000000,33.578305,-117.064338,415.436776,42.236009,1.847537,11,1
1350.000000,33.578309,-117.064335,414.557440,41.933423,1.845415,11,1
1365.000000,33.578306,-117.064335,414.370652,42.061168,1.843261,11,1
1380.000000,33.578309,-117.064332,413.252919,41.858589,1.841074,11,1
1395.000000,33.578310,-117.064335,412.738822,41.916398,1.838856,11,1
1410.000000,33.578310,-117.064331,411.754168,41.842031,1.836607,11,1
1425.000000,33.578313,-117.064329,411.180204,41.533923,1.834328,11,1
1440.000000,33.578310,-117.064329,410.949309,41.702607,1.832019,11,1
1455.000000,33.578315,-117.064324,409.477834,41.279660,1.829682,11,1
1470.000000,33.578312,-117.064325,409.080639,41.398326,1.827316,11,1
1485.000000,33.578315,-117.064324,407.941984,41.258256,1.824922,11,1
1500.000000,33.578316,-117.064325,406.814571,41.141750,1.822501,11,1
1515.000000,33.578315,-117.064323,406.918541,41.029389,1.820054,11,1
1530.000000,33.578317,-117.064317,405.756777,40.680252,1.817581,11,1
1545.000000,33.578316,-117.064319,405.551497,40.691868,1.815082,11,1
1560.000000,33.578319,-117.064317,404.507028,40.505412,1.812559,11,1
1575.000000,33.578319,-117.064318,403.879254,40.571800,1.810012,11,1
1590.000000,33.578319,-117.064319,402.564711,40.677500,1.807441,11,1
1605.000000,33.578321,-117.064315,401.944715,40.412332,1.804848,11,1
1620.000000,33.578320,-117.064316,401.661369,40.440105,1.802233,11,1
1635.000000,33.578322,-117.064316,400.898590,40.206850,1.799596,11,1
1650.000000,33.578319,-117.064313,400.501720,40.226490,1.796938,11,1
1665.000000,33.578319,-117.064313,400.026820,40.162334,1.794260,11,1
1680.000000,33.578323,-117.064310,399.406801,39.882695,1.791563,11,1
1695.000000,33.578320,-117.064315,398.995460,40.208599,1.788846,11,1
1710.000000,33.578324,-117.064310,397.791870,39.908340,1.786112,11,1
1725.000000,33.578320,-117.064307,397.952040,39.887822,1.783359,11,1
1740.000000,33.578319,-117.064310,397.780893,39.948237,1.780589,11,1
1755.000000,33.578321,-117.064307,397.382346,39.691817,1.777803,11,1
1770.000000,33.578320,-117.064310,396.479310,39.845123,1.775001,11,1
1785.000000,33.578322,-117.064309,396.129496,39.664012,1.772183,11,1
1800.000000,33.578320,-117.064309,395.649240,39.784891,1.769351,11,1
1815.000000,33.578320,-117.064308,395.245822,39.501457,1.766505,11,1
1830.000000,33.578321,-117.064306,394.734788,39.367266,1.763645,11,1
1845.000000,33.578320,-117.064307,394.463031,39.373467,1.760772,11,1
1860.000000,33.578323,-117.064307,393.669033,39.133846,1.757887,11,1
1875.000000,33.578321,-117.064308,393.418939,39.082458,1.754990,11,1
1890.000000,33.578323,-117.064305,393.193759,38.735648,1.752082,11,1
1905.000000,33.578323,-117.064304,392.732747,38.755231,1.749163,11,1
1920.000000,33.578324,-117.064302,392.383298,38.590292,1.746234,11,1
1935.000000,33.578324,-117.064303,392.121950,38.472264,1.743296,11,1
1950.000000,33.578322,-117.064300,391.527800,38.540150,1.740349,11,1
1965.000000,33.578324,-117.064300,391.099792,38.156604,1.737393,11,1
1980.000000,33.578324,-117.064301,390.758978,38.111440,1.734429,11,1
1995.000000,33.578325,-117.064301,389.989372,37.925493,1.731458,11,1
2010.000000,33.578326,-117.064301,389.530935,37.760768,1.728481,11,1
2025.000000,33.578327,-117.064300,389.166347,37.630995,1.725497,11,1
2040.000000,33.578323,-117.064298,388.963955,37.750458,1.722507,11,1
2055.000000,33.578325,-117.064302,388.207462,37.643031,1.719512,11,1
2070.000000,33.578326,-117.064303,387.508308,37.723982,1.716512,11,1
2085.000000,33.578351,-117.064362,401.988472,39.793341,1.905119,10,1
2100.000000,33.578348,-117.064361,402.094670,39.854067,1.901952,10,1
2115.000000,33.578348,-117.064363,401.210711,39.843025,1.898768,10,1
2130.000000,33.578349,-117.064355,401.051425,39.453235,1.895566,10,1
2145.000000,33.578347,-117.064354,401.096692,39.305172,1.892347,10,1
2160.000000,33.578347,-117.064359,399.199375,39.654927,1.889113,10,1
2175.000000,33.578361,-117.064281,421.537382,38.854832,1.967649,9,1
2190.000000,33.578360,-117.064279,420.930137,38.982200,1.965117,9,1
2205.000000,33.578362,-117.064277,420.797847,38.552659,1.962567,9,1
2220.000000,33.578359,-117.064277,419.833355,38.840945,1.959999,9,1
2235.000000,33.578360,-117.064275,419.663752,38.571580,1.957414,9,1
2250.000000,33.578360,-117.064275,419.638110,38.232538,1.954813,9,1
2265.000000,33.578355,-117.064276,418.833474,38.494988,1.952197,9,1
2280.000000,33.578357,-117.064273,418.701382,38.244062,1.949564,9,1
2295.000000,33.578357,-117.064274,418.231380,38.095124,1.946917,9,1
2310.000000,33.578355,-117.064274,416.956414,38.335843,1.944256,9,1
2325.000000,33.578357,-117.064273,417.032414,37.946752,1.941581,9,1
2340.000000,33.578356,-117.064271,416.872302,37.933277,1.938893,9,1
2355.000000,33.578353,-117.064273,416.165384,38.231962,1.936192,9,1
2370.000000,33.578354,-117.064272,416.444633,37.939394,1.933479,9,1
2385.000000,33.578352,-117.064270,416.354052,37.945877,1.930755,9,1
2400.000000,33.578350,-117.064273,414.887866,38.161571,1.928019,9,1
2415.000000,33.578354,-117.064271,414.665605,37.696890,1.925273,9,1
2430.000000,33.578351,-117.064268,414.332080,37.774599,1.922517,9,1
2445.000000,33.578352,-117.064272,413.612361,37.655820,1.919751,9,1
2460.000000,33.578352,-117.064271,413.821379,37.371548,1.916977,9,1
2475.000000,33.578353,-117.064270,413.478057,37.156824,1.914193,9,1
2490.000000,33.578351,-117.064270,412.288383,37.329735,1.911402,9,1
2505.000000,33.578352,-117.064271,412.244970,37.038042,1.908603,9,1
2520.000000,33.578352,-117.064268,411.759283,36.899161,1.905797,9,1
2535.000000,33.578348,-117.064268,410.992168,37.333597,1.902984,9,1
2550.000000,33.578347,-117.064270,410.886619,37.175260,1.900165,9,1
2565.000000,33.578348,-117.064268,410.940541,36.975006,1.897341,9,1
2580.000000,33.578346,-117.064269,409.919329,37.025839,1.894511,9,1
2595.000000,33.578343,-117.064269,409.316112,37.256065,1.891677,9,1
2610.000000,33.578346,-117.064268,409.457171,36.905849,1.888838,9,1
2625.000000,33.578344,-117.064268,409.262506,36.812810,1.885995,9,1
2640.000000,33.578342,-117.064269,408.549775,37.085166,1.883149,9,1
2655.000000,33.578344,-117.064267,408.724403,36.664082,1.880300,9,1
2670.000000,33.578344,-117.064267,408.913300,36.490059,1.877449,9,1
2685.000000,33.578339,-117.064266,408.122035,36.787186,1.874595,9,1
2700.000000,33.578339,-117.064267,407.432977,36.510841,1.871740,9,1
2715.000000,33.578339,-117.064267,407.781392,36.447537,1.868883,9,1
2730.000000,33.578337,-117.064268,406.812794,36.576299,1.866025,9,1
2745.000000,33.578335,-117.064269,407.376363,36.468634,1.863167,9,1
2760.000000,33.578340,-117.064269,407.202277,35.923133,1.860309,9,1
2775.000000,33.578335,-117.064268,406.686516,36.286253,1.857451,9,1
2790.000000,33.578331,-117.064271,405.044243,36.579887,1.854594,9,1
2805.000000,33.578335,-117.064268,406.241850,35.874263,1.851738,9,1
2820.000000,33.578337,-117.064267,406.496047,35.552954,1.848883,9,1
2835.000000,33.578335,-117.064269,405.307244,35.764211,1.846030,9,1
2850.000000,33.578336,-117.064270,405.592678,35.510260,1.843179,9,1
2865.000000,33.578337,-117.064268,405.488729,35.266210,1.840331,9,1
2880.000000,33.578338,-117.064269,405.526770,35.060642,1.837486,9,1
2895.000000,33.578335,-117.064271,404.676809,35.249857,1.834643,9,1
2910.000000,33.578335,-117.064269,405.382832,34.894745,1.831805,9,1
2925.000000,33.578336,-117.064270,405.075684,34.694362,1.828970,9,1
2940.000000,33.578329,-117.064271,403.182288,35.315769,1.826139,9,1
2955.000000,33.578328,-117.064272,402.638461,35.300331,1.823313,9,1
2970.000000,33.578334,-117.064271,403.662654,34.637410,1.820491,9,1
2985.000000,33.578334,-117.064269,403.712499,34.426519,1.817675,9,1
3000.000000,33.578331,-117.064269,404.035835,34.426836,1.814864,9,1
3015.000000,33.578331,-117.064269,403.410395,34.440480,1.812059,9,1
3030.000000,33.578330,-117.064269,404.025398,34.102178,1.809260,9,1
3045.000000,33.578327,-117.064271,402.970835,34.464566,1.806467,9,1
3060.000000,33.578324,-117.064274,402.090371,34.650985,1.803681,9,1
3075.000000,33.578324,-117.064270,402.504971,34.498637,1.800901,9,1
3090.000000,33.578330,-117.064269,403.767696,33.811754,1.798129,9,1
3105.000000,33.578327,-117.064270,403.446707,33.878649,1.795364,9,1
3120.000000,33.578322,-117.064273,401.873378,34.377570,1.792606,9,1
3135.000000,33.578319,-117.064273,401.804450,34.493844,1.789857,9,1
3150.000000,33.578322,-117.064270,402.478298,33.986542,1.787115,9,1
3165.000000,33.578323,-117.064268,402.960300,33.626763,1.784382,9,1
3180.000000,33.578321,-117.064271,402.346304,33.761710,1.781658,9,1
3195.000000,33.578315,-117.064273,401.403459,34.038205,1.778943,9,1
3210.000000,33.578318,-117.064273,401.654206,33.704785,1.776236,9,1
3225.000000,33.578596,-117.064129,475.818540,14.739614,2.128403,8,1
3240.000000,33.578596,-117.064128,476.074862,14.818209,2.129214,8,1
3255.000000,33.578595,-117.064130,475.479488,14.918836,2.130029,8,1
3270.000000,33.578595,-117.064129,475.495302,15.076307,2.130849,8,1
3285.000000,33.578594,-117.064128,475.684001,15.205236,2.131673,8,1
3300.000000,33.578593,-117.064130,475.312050,15.210502,2.132500,8,1
3315.000000,33.578593,-117.064129,475.845723,15.347625,2.133330,8,1
3330.000000,33.578589,-117.064131,475.752764,15.476970,2.134164,8,1
3345.000000,33.578588,-117.064130,475.450985,15.645911,2.135000,8,1
3360.000000,33.578587,-117.064132,475.562919,15.667337,2.135839,8,1
3375.000000,33.578585,-117.064131,475.613802,15.756509,2.136679,8,1
3390.000000,33.578585,-117.064130,475.450562,15.807804,2.137521,8,1
3405.000000,33.578584,-117.064130,475.169849,15.971396,2.138365,8,1
3420.000000,33.578583,-117.064130,475.345092,16.131579,2.139210,8,1
3435.000000,33.578583,-117.064131,475.485692,16.072403,2.140055,8,1
3450.000000,33.578582,-117.064132,475.226545,16.082309,2.140901,8,1
3465.000000,33.578581,-117.064132,474.704838,16.157150,2.141746,8,1
3480.000000,33.578578,-117.064130,474.827536,16.395355,2.142592,8,1
3495.000000,33.578578,-117.064132,474.822754,16.383027,2.143436,8,1
3510.000000,33.578575,-117.064130,474.730421,16.620620,2.144280,8,1
3525.000000,33.578575,-117.064131,474.377672,16.675597,2.145122,8,1
3540.000000,33.578574,-117.064132,474.858427,16.725334,2.145962,8,1
3555.000000,33.578574,-117.064130,474.344602,16.867453,2.146800,8,1
3570.000000,33.578571,-117.064130,474.142191,16.962700,2.147636,8,1
3585.000000,33.578570,-117.064130,474.104272,17.080110,2.148468,8,1
3600.000000,33.578570,-117.064130,474.092201,17.184729,2.149298,8,1
3615.000000,33.578567,-117.064130,474.575688,17.344938,2.150123,8,1
3630.000000,33.578566,-117.064130,474.369326,17.485109,2.150945,8,1
3645.000000,33.578565,-117.064132,474.549438,17.438838,2.151762,8,1
3660.000000,33.578563,-117.064132,474.283394,17.597324,2.152575,8,1
3675.000000,33.578561,-117.064133,474.073162,17.744534,2.153382,8,1
3690.000000,33.578561,-117.064135,473.734310,17.766072,2.154184,8,1
3705.000000,33.578558,-117.064135,473.558338,17.790183,2.154980,8,1
3720.000000,33.578558,-117.064135,473.696101,17.874061,2.155769,8,1
3735.000000,33.578556,-117.064135,473.672646,18.148575,2.156552,8,1
3750.000000,33.578553,-117.064134,474.002819,18.184729,2.157327,8,1
3765.000000,33.578553,-117.064133,473.612190,18.223524,2.158095,8,1
3780.000000,33.578552,-117.064132,473.180089,18.418169,2.158855,8,1
3795.000000,33.578548,-117.064135,473.360898,18.476157,2.159607,8,1
3810.000000,33.578549,-117.064134,472.960629,18.587138,2.160350,8,1
3825.000000,33.578546,-117.064135,472.640881,18.699135,2.161084,8,1
3840.000000,33.578543,-117.064137,472.364076,18.757497,2.161808,8,1
3855.000000,33.578544,-117.064136,472.240131,18.751646,2.162522,8,1
3870.000000,33.578544,-117.064136,472.629302,18.822417,2.163227,8,1
3885.000000,33.578541,-117.064136,472.161244,18.938821,2.163920,8,1
3900.000000,33.578537,-117.064136,472.136169,19.111002,2.164603,8,1
3915.000000,33.578535,-117.064136,471.881748,19.160320,2.165274,8,1
3930.000000,33.578537,-117.064136,471.581628,19.240813,2.165933,8,1
3945.000000,33.578533,-117.064138,471.568795,19.306356,2.166580,8,1
3960.000000,33.578532,-117.064138,471.650842,19.370010,2.167214,8,1
3975.000000,33.578530,-117.064139,471.152242,19.493628,2.167835,8,1
3990.000000,33.578527,-117.064138,470.629711,19.697017,2.168443,8,1
4005.000000,33.578525,-117.064140,471.249730,19.723282,2.169038,8,1
4020.000000,33.578524,-117.064139,471.167988,19.784766,2.169618,8,1
4035.000000,33.578523,-117.064138,470.850722,19.906999,2.170183,8,1
4050.000000,33.578519,-117.064140,470.642654,20.007502,2.170734,8,1
4065.000000,33.578517,-117.064141,470.318889,20.093262,2.171270,8,1
4080.000000,33.578517,-117.064141,470.113233,20.108829,2.171790,8,1
4095.000000,33.578516,-117.064141,470.156218,20.211315,2.172294,8,1
4110.000000,33.578514,-117.064142,470.364419,20.274898,2.172782,8,1
4125.000000,33.578511,-117.064145,469.442689,20.369766,2.173253,8,1
4140.000000,33.578511,-117.064145,468.920508,20.437597,2.173708,8,1
4155.000000,33.578510,-117.064145,468.597792,20.451704,2.174145,8,1
4170.000000,33.578507,-117.064144,468.246523,20.638597,2.174564,8,1
4185.000000,33.578505,-117.064145,468.194910,20.664091,2.174966,8,1
4200.000000,33.578501,-117.064147,467.429280,20.842633,2.175349,8,1
4215.000000,33.578499,-117.064147,467.069776,20.908368,2.175714,8,1
4230.000000,33.578497,-117.064147,467.463492,20.947957,2.176059,8,1
4245.000000,33.578493,-117.064148,467.002260,21.109578,2.176386,8,1
4260.000000,33.578493,-117.064149,467.385711,21.095123,2.176693,8,1
4275.000000,33.578491,-117.064149,466.784259,21.179244,2.176981,8,1
4290.000000,33.578490,-117.064148,466.947841,21.247245,2.177248,8,1
4305.000000,33.578487,-117.064149,466.458013,21.274647,2.177496,8,1
4320.000000,33.578486,-117.064151,466.492980,21.311649,2.177722,8,1
4335.000000,33.578484,-117.064152,466.906814,21.386169,2.177928,8,1
4350.000000,33.578481,-117.064151,466.121469,21.533088,2.178113,8,1
4365.000000,33.578480,-117.064153,466.002267,21.524048,2.178277,8,1
4380.000000,33.578478,-117.064153,465.085502,21.722964,2.178419,8,1
4395.000000,33.578475,-117.064155,465.069150,21.723476,2.178539,8,1
4410.000000,33.578475,-117.064155,465.070297,21.785514,2.178637,8,1
4425.000000,33.578471,-117.064157,464.792232,21.922630,2.178714,8,1
4440.000000,33.578470,-117.064157,464.480200,21.932612,2.178768,8,1
4455.000000,33.578467,-117.064159,464.515938,21.945851,2.178799,8,1
4470.000000,33.578465,-117.064161,463.946377,21.957311,2.178808,8,1
4485.000000,33.578463,-117.064160,463.362025,22.112940,2.178794,8,1
4500.000000,33.578461,-117.064159,462.702159,22.234157,2.178757,8,1
4515.000000,33.578458,-117.064162,462.344965,22.315526,2.178697,8,1
4530.000000,33.578456,-117.064163,461.996437,22.378579,2.178613,8,1
4545.000000,33.578453,-117.064163,461.412013,22.380485,2.178506,8,1
4560.000000,33.578453,-117.064164,461.825215,22.373418,2.178375,8,1
4575.000000,33.578450,-117.064163,461.081619,22.562475,2.178221,8,1
4590.000000,33.578448,-117.064165,461.378484,22.608321,2.178043,8,1
4605.000000,33.578445,-117.064167,461.458678,22.607959,2.177842,8,1
4620.000000,33.578440,-117.064167,460.489561,22.741768,2.177616,8,1
4635.000000,33.578437,-117.064169,460.426060,22.840077,2.177367,8,1
4650.000000,33.578434,-117.064170,459.738895,22.895181,2.177093,8,1
4665.000000,33.578433,-117.064171,459.239852,22.911047,2.176796,8,1
4680.000000,33.578431,-117.064172,459.411038,22.885625,2.176474,8,1
4695.000000,33.578429,-117.064171,459.633229,22.939296,2.176129,8,1
4710.000000,33.578427,-117.064174,459.120010,23.038078,2.175759,8,1
4725.000000,33.578422,-117.064176,458.515081,23.054674,2.175366,8,1
4740.000000,33.578423,-117.064177,458.376341,23.057924,2.174948,8,1
4755.000000,33.578419,-117.064177,458.152101,23.198107,2.174506,8,1
4770.000000,33.578419,-117.064180,457.912124,23.084428,2.174040,8,1
4785.000000,33.578414,-117.064181,457.723146,23.195345,2.173550,8,1
4800.000000,33.578414,-117.064181,457.671940,23.268500,2.173037,8,1
4815.000000,33.578408,-117.064184,457.223814,23.309917,2.172500,8,1
4830.000000,33.578410,-117.064184,457.488810,23.294866,2.171938,8,1
4845.000000,33.578406,-117.064187,456.843573,23.336619,2.171354,8,1
4860.000000,33.578403,-117.064186,456.275523,23.440907,2.170746,8,1
4875.000000,33.578400,-117.064187,455.714253,23.532913,2.170114,8,1
4890.000000,33.578397,-117.064189,455.533147,23.565950,2.169459,8,1
4905.000000,33.578395,-117.064189,455.294918,23.632849,2.168781,8,1
4920.000000,33.578390,-117.064189,454.972833,23.721125,2.168080,8,1
4935.000000,33.578390,-117.064191,454.759037,23.678636,2.167356,8,1
4950.000000,33.578390,-117.064191,454.724451,23.726306,2.166610,8,1
4965.000000,33.578385,-117.064194,453.823350,23.838517,2.165841,8,1
4980.000000,33.578381,-117.064193,453.440990,23.922430,2.165050,8,1
4995.000000,33.578381,-117.064196,453.543649,23.823458,2.164237,8,1
5010.000000,33.578377,-117.064198,452.697909,23.923472,2.163402,8,1
5025.000000,33.578374,-117.064199,452.780637,23.933968,2.162545,8,1
5040.000000,33.578371,-117.064200,452.576035,23.979812,2.161667,8,1
5055.000000,33.578370,-117.064202,452.551572,23.937760,2.160768,8,1
5070.000000,33.578368,-117.064202,452.011841,24.040869,2.159848,8,1
5085.000000,33.578365,-117.064205,451.878017,24.030111,2.158907,8,1
5100.000000,33.578364,-117.064207,451.910825,23.980932,2.157946,8,1
5115.000000,33.578357,-117.064207,450.727450,24.172692,2.156965,8,1
5130.000000,33.578355,-117.064208,449.924525,24.232216,2.155964,8,1
5145.000000,33.578355,-117.064209,450.324834,24.230061,2.154943,8,1
5160.000000,33.578352,-117.064210,449.864825,24.247962,2.153904,8,1
5175.000000,33.578351,-117.064211,450.014899,24.261392,2.152845,8,1
5190.000000,33.578350,-117.064213,449.344062,24.237898,2.151768,8,1
5205.000000,33.578344,-117.064215,448.858836,24.237990,2.150673,8,1
5220.000000,33.578343,-117.064216,448.526617,24.275977,2.149560,8,1
5235.000000,33.578340,-117.064218,447.924185,24.345107,2.148429,8,1
5250.000000,33.578338,-117.064219,447.708923,24.325219,2.147281,8,1
5265.000000,33.578333,-117.064221,447.145410,24.407978,2.146117,8,1
5280.000000,33.578331,-117.064221,446.740667,24.419659,2.144935,8,1
5295.000000,33.578328,-117.064223,445.928472,24.412440,2.143738,8,1
5310.000000,33.578326,-117.064225,445.758037,24.418191,2.142525,8,1
5325.000000,33.578322,-117.064226,445.551722,24.450359,2.141297,8,1
5340.000000,33.578323,-117.064227,446.102780,24.401196,2.140054,8,1
5355.000000,33.578493,-117.064134,483.047397,26.636150,1.748109,9,1
5370.000000,33.578492,-117.064135,482.443558,26.802995,1.749780,9,1
5385.000000,33.578492,-117.064136,482.723362,26.890508,1.751459,9,1
5400.000000,33.578490,-117.064136,482.449644,26.976252,1.753143,9,1
5415.000000,33.578491,-117.064136,482.697458,27.038850,1.754835,9,1
5430.000000,33.578493,-117.064135,483.053473,27.209062,1.756532,9,1
5445.000000,33.578492,-117.064137,482.312805,27.224014,1.758235,9,1
5460.000000,33.578492,-117.064136,483.102735,27.486466,1.759945,9,1
5475.000000,33.578489,-117.064138,482.073332,27.522355,1.761660,9,1
5490.000000,33.578488,-117.064138,481.936916,27.510730,1.763380,9,1
5505.000000,33.578485,-117.064139,481.806564,27.592388,1.765106,9,1
5520.000000,33.578486,-117.064139,482.432228,27.806200,1.766838,9,1
5535.000000,33.578483,-117.064139,482.121790,27.973388,1.768574,9,1
5550.000000,33.578481,-117.064140,482.185831,27.982637,1.770315,9,1
5565.000000,33.578482,-117.064142,481.541019,27.936592,1.772062,9,1
5580.000000,33.578482,-117.064142,481.543073,28.139301,1.773812,9,1
5595.000000,33.578481,-117.064143,481.626589,28.187054,1.775567,9,1
5610.000000,33.578480,-117.064143,480.978110,28.431608,1.777327,9,1
5625.000000,33.578480,-117.064143,481.061928,28.641824,1.779090,9,1
5640.000000,33.578477,-117.064145,480.760023,28.686854,1.780858,9,1
5655.000000,33.578476,-117.064146,480.708675,28.742008,1.782629,9,1
5670.000000,33.578475,-117.064145,480.885274,28.929191,1.784404,9,1
5685.000000,33.578475,-117.064148,480.909172,28.657712,1.786182,9,1
5700.000000,33.578509,-117.064205,500.284080,27.168029,1.892503,8,1
5715.000000,33.578507,-117.064206,500.031518,27.229008,1.894919,8,1
5730.000000,33.578507,-117.064206,500.791663,27.333037,1.897345,8,1
5745.000000,33.578507,-117.064205,501.347026,27.499581,1.899782,8,1
5760.000000,33.578505,-117.064207,501.178248,27.471094,1.902228,8,1
5775.000000,33.578502,-117.064207,500.680320,27.572565,1.904685,8,1
5790.000000,33.578506,-117.064206,501.375565,27.828462,1.907151,8,1
5805.000000,33.578508,-117.064205,501.265957,28.004467,1.909626,8,1
5820.000000,33.578503,-117.064207,500.768365,27.940081,1.912110,8,1
5835.000000,33.578500,-117.064207,500.477390,28.072416,1.914604,8,1
5850.000000,33.578501,-117.064208,500.988012,28.216992,1.917106,8,1
5865.000000,33.578500,-117.064207,500.731255,28.262169,1.919616,8,1
5880.000000,33.578500,-117.064209,500.737347,28.296727,1.922135,8,1
5895.000000,33.578500,-117.064210,500.477650,28.413474,1.924662,8,1
5910.000000,33.578501,-117.064209,500.331450,28.652459,1.927197,8,1
5925.000000,33.578499,-117.064211,500.364174,28.675581,1.929739,8,1
5940.000000,33.578499,-117.064211,500.221227,28.807066,1.932289,8,1
5955.000000,33.578498,-117.064211,499.978849,28.930241,1.934845,8,1
5970.000000,33.578499,-117.064210,499.790907,29.067670,1.937409,8,1
5985.000000,33.578498,-117.064211,499.688843,29.242616,1.939978,8,1
6000.000000,33.578494,-117.064212,499.957811,29.262329,1.942555,8,1
6015.000000,33.578495,-117.064210,499.577950,29.459452,1.945137,8,1
6030.000000,33.578496,-117.064213,499.126737,29.490712,1.947725,8,1
6045.000000,33.578493,-117.064213,499.025289,29.634042,1.950318,8,1
6060.000000,33.578495,-117.064213,499.164048,29.792945,1.952917,8,1
6075.000000,33.578493,-117.064214,499.271302,29.924151,1.955521,8,1
6090.000000,33.578492,-117.064216,498.878268,29.966898,1.958129,8,1
6105.000000,33.578491,-117.064215,498.553491,30.029699,1.960742,8,1
6120.000000,33.578489,-117.064216,498.268091,30.120503,1.963359,8,1
6135.000000,33.578489,-117.064217,498.023693,30.223635,1.965979,8,1
6150.000000,33.578488,-117.064217,498.661550,30.399915,1.968603,8,1
6165.000000,33.578488,-117.064218,498.148816,30.417503,1.971231,8,1
6180.000000,33.578487,-117.064217,497.619554,30.506787,1.973861,8,1
6195.000000,33.578484,-117.064220,496.874521,30.507663,1.976494,8,1
6210.000000,33.578483,-117.064221,497.688084,30.663640,1.979130,8,1
6225.000000,33.578483,-117.064222,496.976149,30.740811,1.981767,8,1
6240.000000,33.578484,-117.064221,496.584874,30.978443,1.984406,8,1
6255.000000,33.578484,-117.064222,496.570500,31.023528,1.987047,8,1
6270.000000,33.578479,-117.064224,496.918789,31.032424,1.989688,8,1
6285.000000,33.578481,-117.064225,496.292801,31.201578,1.992331,8,1
6300.000000,33.578481,-117.064224,495.842446,31.387147,1.994974,8,1
6315.000000,33.578479,-117.064225,496.175159,31.383560,1.997617,8,1
6330.000000,33.578478,-117.064228,495.573478,31.452724,2.000260,8,1
6345.000000,33.578480,-117.064227,494.528608,31.641990,2.002902,8,1
6360.000000,33.578478,-117.064229,494.479747,31.711737,2.005544,8,1
6375.000000,33.578477,-117.064230,495.069947,31.910893,2.008184,8,1
6390.000000,33.578476,-117.064232,494.834443,31.894827,2.010823,8,1
6405.000000,33.578477,-117.064232,494.202423,32.096570,2.013461,8,1
6420.000000,33.578476,-117.064233,493.911464,32.167526,2.016095,8,1
6435.000000,33.578475,-117.064233,493.828575,32.372622,2.018728,8,1
6450.000000,33.578475,-117.064233,493.726610,32.499299,2.021357,8,1
6465.000000,33.578473,-117.064236,493.579198,32.532677,2.023984,8,1
6480.000000,33.578474,-117.064237,492.789192,32.696320,2.026607,8,1
6495.000000,33.578471,-117.064236,492.920046,32.837149,2.029226,8,1
6510.000000,33.578473,-117.064237,492.734571,32.915967,2.031840,8,1
6525.000000,33.578469,-117.064241,492.400413,32.861784,2.034451,8,1
6540.000000,33.578469,-117.064241,492.097218,33.095074,2.037056,8,1
6555.000000,33.578470,-117.064243,491.888860,33.103312,2.039656,8,1
6570.000000,33.578468,-117.064243,491.191209,33.191823,2.042250,8,1
6585.000000,33.578469,-117.064245,490.436851,33.258043,2.044838,8,1
6600.000000,33.578466,-117.064248,490.674985,33.281835,2.047420,8,1
6615.000000,33.578466,-117.064249,490.461728,33.415461,2.049995,8,1
6630.000000,33.578467,-117.064250,490.127850,33.582049,2.052563,8,1
6645.000000,33.578463,-117.064252,489.542131,33.555800,2.055124,8,1
6660.000000,33.578463,-117.064249,488.915595,33.886273,2.057677,8,1
6675.000000,33.578459,-117.064253,488.561644,33.849443,2.060221,8,1
6690.000000,33.578458,-117.064254,488.375362,33.859409,2.062757,8,1
6705.000000,33.578455,-117.064257,488.262383,33.886794,2.065284,8,1
6720.000000,33.578458,-117.064258,487.662914,34.184074,2.067802,8,1
6735.000000,33.578456,-117.064260,487.678539,34.150383,2.070311,8,1
6750.000000,33.578455,-117.064262,487.106396,34.163755,2.072809,8,1
6765.000000,33.578454,-117.064262,486.324375,34.261059,2.075297,8,1
6780.000000,33.578455,-117.064265,486.074494,34.445635,2.077774,8,1
6795.000000,33.578457,-117.064265,485.074956,34.658278,2.080240,8,1
6810.000000,33.578453,-117.064267,485.066680,34.585961,2.082695,8,1
6825.000000,33.578453,-117.064270,485.110777,34.715152,2.085138,8,1
6840.000000,33.578450,-117.064273,484.663025,34.702893,2.087569,8,1
6855.000000,33.578452,-117.064272,484.147704,34.881653,2.089987,8,1
6870.000000,33.578451,-117.064274,483.123375,34.978857,2.092392,8,1
6885.000000,33.578451,-117.064276,482.420907,35.084802,2.094784,8,1
6900.000000,33.578450,-117.064278,482.179150,35.040757,2.097163,8,1
6915.000000,33.578446,-117.064281,483.017672,35.044677,2.099527,8,1
6930.000000,33.578448,-117.064281,481.681073,35.269138,2.101878,8,1
6945.000000,33.578446,-117.064284,481.277750,35.346877,2.104213,8,1
6960.000000,33.578445,-117.064286,480.330325,35.448421,2.106534,8,1
6975.000000,33.578444,-117.064288,480.333349,35.451907,2.108839,8,1
6990.000000,33.578441,-117.064289,480.130695,35.468166,2.111129,8,1
7005.000000,33.578404,-117.064182,500.855046,32.560699,1.569013,9,1
7020.000000,33.578403,-117.064182,500.091140,32.652577,1.570055,9,1
7035.000000,33.578402,-117.064181,499.811889,32.812342,1.571090,9,1
7050.000000,33.578401,-117.064178,500.064517,32.968240,1.572119,9,1
7065.000000,33.578398,-117.064182,499.808992,32.895379,1.573142,9,1
7080.000000,33.578397,-117.064183,499.158366,33.008245,1.574158,9,1
7095.000000,33.578395,-117.064184,498.426978,33.131049,1.575168,9,1
7110.000000,33.578394,-117.064183,498.792362,33.211343,1.576171,9,1
7125.000000,33.578393,-117.064180,498.293054,33.355139,1.577167,9,1
7140.000000,33.578389,-117.064180,498.680099,33.422286,1.578156,9,1
7155.000000,33.578389,-117.064182,497.969533,33.532166,1.579139,9,1
7170.000000,33.578385,-117.064181,498.224142,33.640347,1.580114,9,1
7185.000000,33.578384,-117.064180,497.951868,33.735721,1.581081,9,1
7200.000000,33.578383,-117.064182,497.099051,33.728032,1.582041,9,1
7215.000000,33.578381,-117.064182,497.409681,33.900860,1.582994,9,1
7230.000000,33.578380,-117.064182,497.084934,33.881089,1.583939,9,1
7245.000000,33.578377,-117.064185,496.812811,33.831590,1.584876,9,1
7260.000000,33.578376,-117.064186,496.229769,33.872402,1.585805,9,1
7275.000000,33.578376,-117.064181,496.747172,34.155434,1.586727,9,1
7290.000000,33.578372,-117.064182,496.163994,34.155827,1.587640,9,1
7305.000000,33.578372,-117.064182,496.056212,34.368362,1.588545,9,1
7320.000000,33.578371,-117.064183,495.682915,34.416618,1.589442,9,1
7335.000000,33.578367,-117.064183,495.268050,34.471233,1.590330,9,1
7350.000000,33.578367,-117.064187,495.091102,34.591028,1.591210,9,1
7365.000000,33.578364,-117.064187,495.300823,34.500127,1.592081,9,1
7380.000000,33.578363,-117.064188,494.485455,34.614366,1.592943,9,1
7395.000000,33.578363,-117.064191,494.061995,34.623407,1.593797,9,1
7410.000000,33.578361,-117.064189,493.821797,34.797549,1.594641,9,1
7425.000000,33.578359,-117.064191,493.859052,34.822609,1.595477,9,1
7440.000000,33.578356,-117.064190,493.606518,34.913852,1.596304,9,1
7455.000000,33.578354,-117.064193,493.409663,34.961111,1.597121,9,1
7470.000000,33.578353,-117.064193,492.625398,35.033361,1.597930,9,1
7485.000000,33.578350,-117.064192,492.886847,35.149894,1.598729,9,1
7500.000000,33.578349,-117.064192,492.883905,35.223118,1.599518,9,1
7515.000000,33.578349,-117.064191,492.885933,35.294487,1.600298,9,1
7530.000000,33.578346,-117.064192,492.561082,35.320296,1.601069,9,1
7545.000000,33.578345,-117.064192,492.173449,35.477235,1.601830,9,1
7560.000000,33.578344,-117.064194,491.284687,35.480305,1.602581,9,1
7575.000000,33.578342,-117.064195,490.921929,35.536338,1.603322,9,1
7590.000000,33.578341,-117.064197,490.777550,35.585187,1.604054,9,1
7605.000000,33.578339,-117.064198,490.144366,35.640136,1.604776,9,1
7620.000000,33.578296,-117.064257,501.635164,38.627946,1.749893,8,1
7635.000000,33.578294,-117.064260,501.419078,38.766108,1.750992,8,1
7650.000000,33.578292,-117.064258,500.896047,39.005693,1.752085,8,1
7665.000000,33.578291,-117.064257,500.557007,39.020998,1.753171,8,1
7680.000000,33.578290,-117.064257,500.473529,39.090908,1.754251,8,1
7695.000000,33.578288,-117.064259,499.991367,39.138977,1.755324,8,1
7710.000000,33.578286,-117.064259,499.933703,39.273313,1.756389,8,1
7725.000000,33.578285,-117.064257,499.841993,39.420057,1.757448,8,1
7740.000000,33.578284,-117.064259,499.090746,39.437646,1.758500,8,1
7755.000000,33.578282,-117.064256,499.074811,39.543176,1.759545,8,1
7770.000000,33.578281,-117.064259,498.797694,39.580512,1.760582,8,1
7785.000000,33.578279,-117.064261,498.725042,39.686547,1.761612,8,1
7800.000000,33.578277,-117.064263,497.929848,39.574157,1.762634,8,1
7815.000000,33.578277,-117.064263,497.285013,39.686962,1.763649,8,1
7830.000000,33.578276,-117.064262,497.075697,39.806811,1.764655,8,1
7845.000000,33.578275,-117.064261,496.712783,39.826761,1.765654,8,1
7860.000000,33.578274,-117.064262,496.391500,39.978776,1.766645,8,1
7875.000000,33.578272,-117.064262,495.953511,40.022057,1.767628,8,1
7890.000000,33.578269,-117.064262,496.404813,40.117869,1.768602,8,1
7905.000000,33.578266,-117.064263,495.930678,40.167884,1.769568,8,1
7920.000000,33.578266,-117.064264,495.837484,40.231912,1.770526,8,1
7935.000000,33.578265,-117.064263,494.957809,40.218914,1.771475,8,1
7950.000000,33.578266,-117.064265,494.455907,40.328168,1.772415,8,1
7965.000000,33.578264,-117.064266,494.121190,40.375877,1.773347,8,1
7980.000000,33.578262,-117.064267,493.663328,40.488617,1.774269,8,1
7995.000000,33.578260,-117.064267,493.365259,40.513406,1.775183,8,1
8010.000000,33.578259,-117.064269,492.741722,40.618937,1.776088,8,1
8025.000000,33.578257,-117.064267,492.874188,40.712369,1.776984,8,1
8040.000000,33.578257,-117.064270,492.508932,40.699210,1.777870,8,1
8055.000000,33.578254,-117.064269,492.050972,40.848670,1.778747,8,1
8070.000000,33.578253,-117.064269,491.875931,40.932107,1.779615,8,1
8085.000000,33.578253,-117.064269,491.208378,41.034471,1.780473,8,1
8100.000000,33.578253,-117.064268,490.835661,41.053810,1.781322,8,1
8115.000000,33.578251,-117.064269,490.459147,41.121109,1.782161,8,1
8130.000000,33.578250,-117.064268,489.921252,41.103103,1.782990,8,1
8145.000000,33.578248,-117.064271,489.798884,41.131047,1.783810,8,1
8160.000000,33.578245,-117.064273,489.563839,41.212121,1.784619,8,1
8175.000000,33.578244,-117.064275,489.208053,41.250898,1.785419,8,1
8190.000000,33.578244,-117.064277,488.529123,41.233581,1.786209,8,1
8205.000000,33.578244,-117.064279,487.684396,41.221976,1.786988,8,1
8220.000000,33.578241,-117.064274,487.731920,41.431967,1.787758,8,1
8235.000000,33.578240,-117.064275,487.327814,41.478066,1.788517,8,1
8250.000000,33.578238,-117.064275,486.908600,41.547358,1.789266,8,1
8265.000000,33.578238,-117.064277,486.344121,41.610087,1.790005,8,1
8280.000000,33.578237,-117.064277,485.795468,41.517571,1.790733,8,1
8295.000000,33.578234,-117.064276,485.361030,41.661887,1.791451,8,1
8310.000000,33.578234,-117.064278,485.025932,41.660573,1.792158,8,1
8325.000000,33.578233,-117.064279,484.149141,41.803391,1.792855,8,1
8340.000000,33.578231,-117.064279,483.308045,41.842137,1.793541,8,1
8355.000000,33.578231,-117.064282,483.357348,41.666090,1.794216,8,1
8370.000000,33.578229,-117.064282,483.066784,41.779896,1.794881,8,1
8385.000000,33.578228,-117.064281,481.810311,41.930405,1.795535,8,1
8400.000000,33.578226,-117.064283,481.657459,41.912989,1.796178,8,1
8415.000000,33.578226,-117.064282,481.307302,42.028405,1.796811,8,1
8430.000000,33.578225,-117.064282,481.155943,42.104768,1.797432,8,1
8445.000000,33.578222,-117.064284,480.855365,41.994923,1.798043,8,1
8460.000000,33.578222,-117.064284,480.236842,41.998543,1.798642,8,1
8475.000000,33.578221,-117.064285,479.953423,42.152345,1.799231,8,1
8490.000000,33.578221,-117.064285,479.719419,42.185405,1.799809,8,1
8505.000000,33.578218,-117.064285,479.089805,42.134403,1.800375,8,1
8520.000000,33.578219,-117.064289,478.981873,42.102061,1.800931,8,1
8535.000000,33.578216,-117.064291,478.208228,42.174729,1.801475,8,1
8550.000000,33.578215,-117.064289,477.600398,42.298092,1.802009,8,1
8565.000000,33.578213,-117.064292,476.963786,42.283029,1.802531,8,1
8580.000000,33.578213,-117.064293,476.908652,42.232667,1.803042,8,1
8595.000000,33.578211,-117.064293,476.183627,42.208132,1.803543,8,1
8610.000000,33.578211,-117.064296,476.155659,42.205274,1.804032,8,1
8625.000000,33.578208,-117.064295,475.513258,42.324880,1.804509,8,1
8640.000000,33.578209,-117.064297,474.981107,42.289886,1.804976,8,1
8655.000000,33.578208,-117.064297,474.238107,42.366389,1.805432,8,1
8670.000000,33.578207,-117.064297,474.430618,42.405820,1.805876,8,1
8685.000000,33.578205,-117.064299,473.625640,42.489589,1.806309,8,1
8700.000000,33.578204,-117.064299,473.339931,42.348304,1.806731,8,1
8715.000000,33.578204,-117.064300,472.577871,42.475592,1.807142,8,1
8730.000000,33.578204,-117.064300,472.090909,42.471169,1.807542,8,1
8745.000000,33.578203,-117.064300,471.778594,42.474613,1.807930,8,1
8760.000000,33.578201,-117.064302,471.410637,42.498150,1.808307,8,1
8775.000000,33.578201,-117.064304,470.820818,42.504305,1.808674,8,1
8790.000000,33.578201,-117.064306,469.748324,42.609057,1.809029,8,1
8805.000000,33.578200,-117.064306,470.170905,42.566026,1.809373,8,1
8820.000000,33.578198,-117.064304,469.368754,42.574692,1.809706,8,1
8835.000000,33.578197,-117.064307,469.016087,42.556975,1.810028,8,1
8850.000000,33.578196,-117.064305,468.301187,42.663511,1.810339,8,1
8865.000000,33.578196,-117.064308,468.464579,42.755594,1.810639,8,1
8880.000000,33.578193,-117.064310,467.650629,42.656688,1.810928,8,1
8895.000000,33.578193,-117.064311,466.999901,42.717019,1.811206,8,1
8910.000000,33.578192,-117.064312,466.955272,42.706338,1.811473,8,1
8925.000000,33.578192,-117.064310,466.184303,42.656567,1.811730,8,1
8940.000000,33.578193,-117.064311,466.238840,42.673258,1.811975,8,1
8955.000000,33.578190,-117.064317,465.098649,42.706818,1.812210,8,1
8970.000000,33.578188,-117.064314,464.877762,42.716850,1.812433,8,1
8985.000000,33.578186,-117.064315,464.582231,42.710734,1.812647,8,1
9000.000000,33.578189,-117.064315,463.952445,42.842071,1.812849,8,1
9015.000000,33.578188,-117.064319,463.584897,42.706592,1.813041,8,1
9030.000000,33.578186,-117.064317,463.148431,42.701109,1.813222,8,1
9045.000000,33.578188,-117.064319,462.376277,42.665243,1.813393,8,1
9060.000000,33.578186,-117.064319,462.392626,42.699632,1.813553,8,1
9075.000000,33.578183,-117.064321,462.177027,42.712131,1.813703,8,1
9090.000000,33.578184,-117.064322,461.225645,42.662107,1.813842,8,1
9105.000000,33.578185,-117.064322,460.689406,42.674431,1.813971,8,1
9120.000000,33.578185,-117.064322,460.095881,42.664902,1.814090,8,1
9135.000000,33.578185,-117.064325,459.339494,42.605408,1.814198,8,1
9150.000000,33.578183,-117.064326,459.435418,42.645986,1.814297,8,1
9165.000000,33.578180,-117.064329,459.203274,42.677853,1.814385,8,1
9180.000000,33.578182,-117.064331,458.457565,42.475320,1.814463,8,1
9195.000000,33.578181,-117.064331,458.234609,42.556713,1.814532,8,1
9210.000000,33.578180,-117.064330,457.448882,42.554318,1.814590,8,1
9225.000000,33.578178,-117.064332,457.159260,42.551509,1.814639,8,1
9240.000000,33.578178,-117.064330,456.693487,42.553395,1.814677,8,1
9255.000000,33.578180,-117.064329,455.602549,42.598652,1.814707,8,1
9270.000000,33.578178,-117.064333,455.747675,42.555816,1.814726,8,1
9285.000000,33.578178,-117.064335,455.087483,42.499376,1.814736,8,1
9300.000000,33.578176,-117.064335,454.492846,42.551244,1.814736,8,1
9315.000000,33.578176,-117.064337,454.484581,42.643827,1.814728,8,1
9330.000000,33.578175,-117.064339,454.210873,42.542797,1.814709,8,1
9345.000000,33.578175,-117.064339,453.806159,42.504059,1.814682,8,1
9360.000000,33.578175,-117.064338,452.647908,42.613545,1.814645,8,1
9375.000000,33.578174,-117.064341,452.140879,42.550015,1.814600,8,1
9390.000000,33.578175,-117.064342,452.183895,42.390689,1.814545,8,1
9405.000000,33.578172,-117.064345,451.789335,42.368725,1.814482,8,1
9420.000000,33.578173,-117.064345,451.528325,42.443910,1.814409,8,1
9435.000000,33.578172,-117.064346,450.584788,42.434351,1.814328,8,1
9450.000000,33.578170,-117.064348,450.173393,42.409580,1.814238,8,1
9465.000000,33.578206,-117.064386,464.610852,48.136743,2.083519,7,1
9480.000000,33.578206,-117.064388,463.915595,48.087058,2.083468,7,1
9495.000000,33.578205,-117.064389,463.560589,48.103126,2.083392,7,1
9510.000000,33.578205,-117.064390,463.006001,47.983141,2.083289,7,1
9525.000000,33.578204,-117.064389,461.893265,48.103458,2.083162,7,1
9540.000000,33.578203,-117.064389,461.143301,47.958414,2.083009,7,1
9555.000000,33.578202,-117.064389,460.486257,47.956950,2.082830,7,1
9570.000000,33.578201,-117.064392,460.250206,47.953400,2.082627,7,1
9585.000000,33.578201,-117.064390,459.157145,48.046361,2.082399,7,1
9600.000000,33.578340,-117.064384,497.973433,46.318229,1.804102,8,1
9615.000000,33.578340,-117.064383,496.874340,46.197287,1.805923,8,1
9630.000000,33.578339,-117.064384,495.564298,46.262287,1.807733,8,1
9645.000000,33.578337,-117.064386,495.778100,46.116464,1.809532,8,1
9660.000000,33.578342,-117.064385,496.649957,46.279331,1.811319,8,1
9675.000000,33.578342,-117.064385,495.327979,46.468209,1.813095,8,1
9690.000000,33.578342,-117.064384,494.669016,46.526190,1.814859,8,1
9705.000000,33.578346,-117.064384,494.322223,46.561101,1.816611,8,1
9720.000000,33.578342,-117.064387,493.471690,46.365344,1.818349,8,1
9735.000000,33.578342,-117.064386,493.099909,46.642222,1.820075,8,1
9750.000000,33.578345,-117.064387,492.253760,46.647646,1.821788,8,1
9765.000000,33.578343,-117.064389,491.555524,46.638683,1.823487,8,1
9780.000000,33.578344,-117.064390,491.522195,46.684999,1.825173,8,1
9795.000000,33.578348,-117.064389,490.999364,46.814436,1.826844,8,1
9810.000000,33.578349,-117.064390,490.200718,47.007147,1.828500,8,1
9825.000000,33.578349,-117.064394,490.124281,47.005891,1.830142,8,1
9840.000000,33.578349,-117.064390,489.603890,47.090117,1.831769,8,1
9855.000000,33.578351,-117.064391,489.097955,47.221815,1.833381,8,1
9870.000000,33.578349,-117.064392,488.370140,47.075645,1.834976,8,1
9885.000000,33.578351,-117.064391,487.760466,47.134932,1.836556,8,1
9900.000000,33.578351,-117.064393,487.438355,47.312244,1.838120,8,1
9915.000000,33.578351,-117.064395,486.757843,47.238688,1.839667,8,1
9930.000000,33.578353,-117.064391,486.491045,42.265280,1.596256,9,1
9945.000000,33.578354,-117.064390,486.410629,42.508551,1.596841,9,1
9960.000000,33.578353,-117.064388,485.955499,42.465665,1.597416,9,1
9975.000000,33.578354,-117.064390,486.208616,42.668967,1.597979,9,1
9990.000000,33.578353,-117.064392,485.570765,42.558224,1.598531,9,1
10005.000000,33.578353,-117.064387,484.822016,42.649262,1.599071,9,1
10020.000000,33.578357,-117.064390,484.179059,42.783548,1.599600,9,1
10035.000000,33.578354,-117.064389,483.773263,42.604798,1.600116,9,1
10050.000000,33.578353,-117.064391,483.971765,42.594007,1.600621,9,1
10065.000000,33.578356,-117.064388,483.165724,42.579907,1.601114,9,1
10080.000000,33.578356,-117.064387,483.263010,42.880643,1.601595,9,1
10095.000000,33.578356,-117.064383,482.951402,42.734036,1.602064,9,1
10110.000000,33.578359,-117.064383,482.029458,42.813376,1.602520,9,1
10125.000000,33.578357,-117.064380,481.766145,42.866983,1.602964,9,1
10140.000000,33.578359,-117.064384,481.218080,42.921449,1.603395,9,1
10155.000000,33.578356,-117.064385,481.038516,42.941745,1.603814,9,1
10170.000000,33.578356,-117.064377,480.574334,43.059464,1.604220,9,1
10185.000000,33.578357,-117.064382,480.035088,42.996472,1.604613,9,1
10200.000000,33.578358,-117.064378,480.050761,43.039396,1.604993,9,1
10215.000000,33.578357,-117.064377,479.991336,43.021075,1.605360,9,1
10230.000000,33.578358,-117.064377,480.085451,43.073960,1.605715,9,1
10245.000000,33.578359,-117.064382,478.275030,43.041061,1.606056,9,1
10260.000000,33.578360,-117.064376,478.759367,43.248807,1.606383,9,1
10275.000000,33.578360,-117.064381,477.431296,42.987476,1.606698,9,1
10290.000000,33.578364,-117.064381,476.767141,43.166266,1.606999,9,1
10305.000000,33.578361,-117.064382,476.131333,43.104919,1.607286,9,1
10320.000000,33.578360,-117.064374,476.930350,43.251384,1.607560,9,1
10335.000000,33.578359,-117.064372,476.582769,43.441898,1.607821,9,1
10350.000000,33.578362,-117.064374,476.722830,43.414022,1.608067,9,1
10365.000000,33.578361,-117.064366,476.839657,43.472537,1.608300,9,1
10380.000000,33.578362,-117.064373,474.883794,43.473023,1.608519,9,1
10395.000000,33.578363,-117.064377,474.138345,43.364570,1.608724,9,1
10410.000000,33.578364,-117.064377,473.863318,43.542385,1.608916,9,1
10425.000000,33.578364,-117.064372,473.815962,43.422102,1.609093,9,1
10440.000000,33.578363,-117.064370,473.522670,43.667199,1.609256,9,1
10455.000000,33.578365,-117.064372,472.889689,43.453902,1.609406,9,1
10470.000000,33.578363,-117.064374,472.805648,43.583073,1.609541,9,1
10485.000000,33.578367,-117.064374,472.153346,43.417544,1.609662,9,1
10500.000000,33.578365,-117.064369,471.636859,43.698286,1.609768,9,1
10515.000000,33.578367,-117.064368,471.517140,43.539055,1.609861,9,1
10530.000000,33.578367,-117.064371,470.418151,43.858893,1.609939,9,1
10545.000000,33.578366,-117.064371,470.388440,43.528611,1.610003,9,1
10560.000000,33.578366,-117.064369,470.057247,43.700782,1.610053,9,1
10575.000000,33.578366,-117.064367,470.082149,43.486423,1.610088,9,1
10590.000000,33.578366,-117.064367,469.391781,43.706025,1.610110,9,1
10605.000000,33.578368,-117.064368,468.346607,43.641190,1.610116,9,1
10620.000000,33.578367,-117.064366,468.695395,43.673400,1.610108,9,1
10635.000000,33.578367,-117.064364,468.498832,43.653069,1.610086,9,1
10650.000000,33.578367,-117.064366,467.551777,43.617904,1.610050,9,1
10665.000000,33.578367,-117.064363,467.264497,43.546291,1.609999,9,1
10680.000000,33.578366,-117.064364,466.315807,43.442753,1.609934,9,1
10695.000000,33.578368,-117.064364,465.418926,43.406448,1.609854,9,1
10710.000000,33.578367,-117.064361,466.135829,43.616056,1.609760,9,1
10725.000000,33.578366,-117.064365,465.949556,43.653125,1.609652,9,1
10740.000000,33.578369,-117.064361,464.604073,43.740559,1.609529,9,1
10755.000000,33.578370,-117.064366,463.928373,43.677534,1.609392,9,1
10770.000000,33.578368,-117.064367,463.960606,43.692223,1.609240,9,1
10785.000000,33.578369,-117.064363,463.891156,43.880909,1.609075,9,1
10800.000000,33.578367,-117.064364,463.852409,43.623444,1.608895,9,1
10815.000000,33.578368,-117.064364,462.918551,43.784672,1.608700,9,1
10830.000000,33.578367,-117.064363,462.774017,43.785863,1.608492,9,1
10845.000000,33.578369,-117.064366,462.029371,43.868675,1.608269,9,1
10860.000000,33.578369,-117.064365,461.680183,43.772222,1.608032,9,1
10875.000000,33.578370,-117.064361,460.900690,43.765616,1.607781,9,1
10890.000000,33.578371,-117.064360,460.574444,43.887110,1.607516,9,1
10905.000000,33.578370,-117.064358,460.403298,43.881809,1.607237,9,1
10920.000000,33.578371,-117.064359,460.165756,43.965797,1.606944,9,1
10935.000000,33.578369,-117.064362,459.258936,43.921188,1.606637,9,1
10950.000000,33.578372,-117.064360,458.466281,43.819116,1.606316,9,1
10965.000000,33.578373,-117.064361,457.601041,43.636067,1.605981,9,1
10980.000000,33.578374,-117.064360,456.773016,43.848200,1.605632,9,1
10995.000000,33.578374,-117.064361,457.046784,43.705514,1.605270,9,1
11010.000000,33.578374,-117.064361,456.559345,43.715817,1.604894,9,1
11025.000000,33.578373,-117.064361,456.625365,43.635733,1.604505,9,1
11040.000000,33.578375,-117.064360,455.587484,43.768847,1.604102,9,1
11055.000000,33.578375,-117.064358,455.280309,43.643914,1.603685,9,1
11070.000000,33.578375,-117.064357,455.081254,43.783753,1.603255,9,1
11085.000000,33.578374,-117.064362,455.346157,43.558133,1.602812,9,1
11100.000000,33.578373,-117.064362,454.915280,43.491187,1.602356,9,1
11115.000000,33.578374,-117.064362,453.600793,43.547706,1.601887,9,1
11130.000000,33.578375,-117.064358,453.296971,43.499448,1.601404,9,1
11145.000000,33.578375,-117.064355,452.720952,43.574106,1.600909,9,1
11160.000000,33.578375,-117.064360,452.595114,43.661623,1.600401,9,1
11175.000000,33.578373,-117.064359,452.341939,43.503313,1.599880,9,1
11190.000000,33.578375,-117.064361,452.062416,43.539651,1.599346,9,1
11205.000000,33.578374,-117.064358,451.387744,43.443564,1.598800,9,1
11220.000000,33.578376,-117.064355,451.101679,43.461930,1.598241,9,1
11235.000000,33.578372,-117.064361,450.871129,43.603515,1.597670,9,1
11250.000000,33.578373,-117.064361,450.964118,43.352375,1.597086,9,1
11265.000000,33.578373,-117.064361,450.037511,43.462875,1.596491,9,1
11280.000000,33.578373,-117.064361,449.683788,43.447891,1.595883,9,1
11295.000000,33.578374,-117.064362,449.453719,43.453763,1.595264,9,1
11310.000000,33.578374,-117.064364,449.208961,43.481929,1.594633,9,1
11325.000000,33.578374,-117.064360,448.519466,43.445706,1.593989,9,1
11340.000000,33.578376,-117.064358,447.625387,43.410333,1.593335,9,1
11355.000000,33.578376,-117.064358,447.253646,43.254787,1.592669,9,1
11370.000000,33.578375,-117.064358,447.314878,43.230992,1.591991,9,1
11385.000000,33.578376,-117.064359,446.814964,43.214256,1.591302,9,1
11400.000000,33.578375,-117.064358,446.482406,43.407401,1.590602,9,1
11415.000000,33.578374,-117.064359,446.005248,43.483003,1.589891,9,1
11430.000000,33.578376,-117.064360,445.742640,43.305782,1.589170,9,1
11445.000000,33.578376,-117.064358,445.107286,43.319853,1.588437,9,1
11460.000000,33.578377,-117.064358,444.641570,43.179649,1.587694,9,1
11475.000000,33.578376,-117.064358,444.236943,42.998553,1.586940,9,1
11490.000000,33.578375,-117.064359,443.869184,43.060558,1.586176,9,1
11505.000000,33.578377,-117.064358,444.233350,42.885275,1.585402,9,1
11520.000000,33.578377,-117.064356,442.538058,43.241793,1.584618,9,1
11535.000000,33.578379,-117.064352,442.225962,42.877868,1.583823,9,1
11550.000000,33.578376,-117.064357,442.119718,43.039512,1.583019,9,1
11565.000000,33.578375,-117.064360,442.887662,42.839332,1.582205,9,1
11580.000000,33.578374,-117.064359,442.238761,42.974725,1.581382,9,1
11595.000000,33.578375,-117.064359,441.865998,42.855328,1.580549,9,1
11610.000000,33.578379,-117.064353,440.517531,42.659566,1.579707,9,1
11625.000000,33.578376,-117.064352,439.776370,42.795701,1.578856,9,1
11640.000000,33.578376,-117.064353,440.436478,42.590509,1.577996,9,1
11655.000000,33.578375,-117.064356,439.927002,42.778683,1.577127,9,1
11670.000000,33.578372,-117.064359,440.657099,42.655472,1.576249,9,1
11685.000000,33.578375,-117.064357,440.085518,42.607496,1.575363,9,1
11700.000000,33.578375,-117.064354,438.793574,42.678069,1.574469,9,1
11715.000000,33.578378,-117.064349,437.546904,42.434499,1.573566,9,1
11730.000000,33.578374,-117.064352,438.099500,42.511710,1.572655,9,1
11745.000000,33.578374,-117.064357,438.552470,42.359216,1.571736,9,1
11760.000000,33.578372,-117.064359,438.918356,42.298993,1.570809,9,1
11775.000000,33.578372,-117.064356,437.841390,42.352826,1.569875,9,1
11790.000000,33.578374,-117.064355,437.776394,42.209585,1.568933,9,1
11805.000000,33.578374,-117.064353,436.620618,42.349268,1.567984,9,1
11820.000000,33.578375,-117.064354,436.210845,42.199291,1.567027,9,1
11835.000000,33.578374,-117.064353,435.767000,42.174630,1.566063,9,1
11850.000000,33.578371,-117.064357,436.661132,42.243920,1.565093,9,1
11865.000000,33.578371,-117.064360,437.161625,41.943269,1.564116,9,1
11880.000000,33.578373,-117.064354,435.666994,42.120362,1.563132,9,1
11895.000000,33.578374,-117.064357,435.551555,41.947959,1.562141,9,1
11910.000000,33.578375,-117.064353,434.442596,41.925832,1.561145,9,1
11925.000000,33.578375,-117.064353,433.850484,42.000714,1.560142,9,1
11940.000000,33.578376,-117.064355,433.480787,46.814484,2.054394,8,1
11955.000000,33.578377,-117.064352,432.970319,46.689456,2.051394,8,1
11970.000000,33.578377,-117.064351,431.926041,46.824692,2.048375,8,1
11985.000000,33.578374,-117.064353,431.820308,46.795649,2.045338,8,1
12000.000000,33.578376,-117.064350,430.935049,46.679430,2.042283,8,1
12015.000000,33.578378,-117.064350,429.791078,46.754634,2.039211,8,1
12030.000000,33.578376,-117.064349,429.197258,46.794003,2.036122,8,1
12045.000000,33.578378,-117.064346,428.883881,46.466534,2.033018,8,1
12060.000000,33.578378,-117.064346,427.866969,46.669046,2.029898,8,1
12075.000000,33.578383,-117.064341,427.306419,46.163383,2.026763,8,1
12090.000000,33.578381,-117.064342,426.882168,46.257375,2.023615,8,1
12105.000000,33.578381,-117.064342,426.269239,46.340215,2.020452,8,1
12120.000000,33.578382,-117.064342,425.861699,46.000725,2.017277,8,1
12135.000000,33.578380,-117.064339,425.053939,46.243672,2.014090,8,1
12150.000000,33.578385,-117.064338,424.449660,45.798216,2.010891,8,1
12165.000000,33.578384,-117.064335,424.161462,45.675110,2.007680,8,1
12180.000000,33.578382,-117.064336,423.296463,45.772946,2.004459,8,1
12195.000000,33.578383,-117.064332,423.132208,45.453724,2.001228,8,1
12210.000000,33.578383,-117.064331,422.191086,45.577468,1.997988,8,1
12225.000000,33.578382,-117.064330,421.862749,45.627528,1.994739,8,1
12240.000000,33.578383,-117.064329,421.910411,45.384917,1.991481,8,1
12255.000000,33.578384,-117.064325,421.190720,45.269778,1.988215,8,1
12270.000000,33.578381,-117.064326,420.362029,45.587022,1.984943,8,1
12285.000000,33.578383,-117.064325,420.518172,45.172477,1.981663,8,1
12300.000000,33.578382,-117.064324,420.009037,45.153488,1.978378,8,1
12315.000000,33.578379,-117.064326,419.674576,45.335421,1.975086,8,1
12330.000000,33.578382,-117.064322,419.340944,44.967215,1.971790,8,1
12345.000000,33.578382,-117.064322,419.051257,44.856805,1.968489,8,1
12360.000000,33.578379,-117.064323,418.198946,45.260870,1.965184,8,1
12375.000000,33.578383,-117.064321,418.035103,44.804612,1.961875,8,1
12390.000000,33.578384,-117.064317,417.760226,44.738793,1.958563,8,1
12405.000000,33.578380,-117.064318,416.440459,45.133584,1.955248,8,1
12420.000000,33.578384,-117.064315,416.792483,44.540420,1.951932,8,1
12435.000000,33.578384,-117.064315,416.243055,44.385559,1.948613,8,1
12450.000000,33.578379,-117.064317,414.981187,44.792042,1.945293,8,1
12465.000000,33.578381,-117.064317,415.436116,44.385968,1.941973,8,1
12480.000000,33.578385,-117.064311,414.721267,44.002883,1.938652,8,1
12495.000000,33.578380,-117.064314,413.966774,44.426468,1.935331,8,1
12510.000000,33.578381,-117.064312,414.320075,44.136081,1.932011,8,1
12525.000000,33.578385,-117.064309,413.730180,43.786780,1.928692,8,1
12540.000000,33.578377,-117.064316,413.264916,44.259517,1.925374,8,1
12555.000000,33.578381,-117.064311,412.888264,43.943346,1.922058,8,1
12570.000000,33.578382,-117.064309,412.856050,43.649640,1.918745,8,1
12585.000000,33.578376,-117.064314,412.339774,44.075222,1.915434,8,1
12600.000000,33.578381,-117.064309,411.263180,43.722047,1.912126,8,1
12615.000000,33.578381,-117.064307,412.346676,43.175889,1.908821,8,1
12630.000000,33.578377,-117.064310,411.463747,43.464547,1.905520,8,1
12645.000000,33.578376,-117.064308,410.336298,43.713285,1.902224,8,1
12660.000000,33.578381,-117.064307,411.157164,42.964363,1.898931,8,1
12675.000000,33.578380,-117.064306,410.096540,43.155880,1.895644,8,1
12690.000000,33.578374,-117.064307,408.951070,43.632581,1.892362,8,1
12705.000000,33.578379,-117.064306,410.086958,42.721452,1.889086,8,1
12720.000000,33.578378,-117.064305,409.855796,42.660767,1.885816,8,1
12735.000000,33.578375,-117.064306,408.131464,43.249743,1.882552,8,1
12750.000000,33.578377,-117.064305,409.467449,42.567552,1.879294,8,1
12765.000000,33.578377,-117.064303,409.005859,42.571386,1.876044,8,1
12780.000000,33.578376,-117.064302,407.674501,42.814075,1.872800,8,1
12795.000000,33.578375,-117.064304,407.973631,42.569826,1.869564,8,1
12810.000000,33.578376,-117.064303,407.928956,42.406615,1.866336,8,1
12825.000000,33.578375,-117.064301,407.141660,42.490935,1.863117,8,1
12840.000000,33.578370,-117.064304,407.198807,42.685781,1.859905,8,1
12855.000000,33.578374,-117.064299,407.188646,42.206933,1.856703,8,1
12870.000000,33.578374,-117.064300,407.165184,42.078272,1.853509,8,1
12885.000000,33.578371,-117.064303,407.025034,42.021447,1.850324,8,1
12900.000000,33.578372,-117.064302,406.289755,42.045089,1.847149,8,1
12915.000000,33.578371,-117.064301,406.790123,41.733963,1.843984,8,1
12930.000000,33.578370,-117.064302,406.572342,41.808980,1.840829,8,1
12945.000000,33.578370,-117.064301,405.861999,41.789549,1.837684,8,1
12960.000000,33.578371,-117.064298,405.728447,41.550635,1.834549,8,1
12975.000000,33.578370,-117.064298,405.676599,41.372072,1.831426,8,1
12990.000000,33.578365,-117.064300,405.625950,41.481926,1.828313,8,1
13005.000000,33.578367,-117.064297,405.234427,41.403770,1.825211,8,1
13020.000000,33.578369,-117.064298,405.809714,41.021216,1.822121,8,1
13035.000000,33.578369,-117.064295,404.800304,41.057965,1.819042,8,1
13050.000000,33.578365,-117.064297,404.613927,41.150032,1.815975,8,1
13065.000000,33.578365,-117.064299,404.111046,41.075034,1.812920,8,1
13080.000000,33.578365,-117.064300,403.910724,41.001983,1.809877,8,1
13095.000000,33.578365,-117.064297,403.398488,41.023721,1.806847,8,1
13110.000000,33.578364,-117.064299,404.164716,40.692020,1.803829,8,1
13125.000000,33.578361,-117.064299,403.492459,40.836327,1.800824,8,1
13140.000000,33.578363,-117.064297,403.881205,40.567295,1.797831,8,1
13155.000000,33.578362,-117.064299,403.768430,40.384041,1.794852,8,1
13170.000000,33.578360,-117.064297,403.514973,40.409729,1.791886,8,1
13185.000000,33.578358,-117.064299,403.445800,40.337782,1.788933,8,1
13200.000000,33.578357,-117.064299,402.969782,40.377199,1.785994,8,1
13215.000000,33.578358,-117.064298,403.174317,40.058753,1.783068,8,1
13230.000000,33.578360,-117.064297,403.644195,39.740701,1.780156,8,1
13245.000000,33.578354,-117.064299,402.960786,40.164741,1.777258,8,1
13260.000000,33.578352,-117.064298,402.135921,40.229831,1.774374,8,1
13275.000000,33.578359,-117.064295,403.316247,39.472590,1.771504,8,1
13290.000000,33.578357,-117.064295,403.482957,39.399419,1.768649,8,1
13305.000000,33.578352,-117.064297,402.418195,39.807774,1.765808,8,1
13320.000000,33.578353,-117.064295,402.320401,39.553371,1.762982,8,1
13335.000000,33.578354,-117.064295,403.147752,39.246411,1.760170,8,1
13350.000000,33.578356,-117.064293,402.306021,39.154103,1.757373,8,1
13365.000000,33.578351,-117.064297,402.647750,39.159864,1.754590,8,1
13380.000000,33.578352,-117.064294,401.913718,39.152196,1.751823,8,1
13395.000000,33.578347,-117.064298,402.683502,39.095607,1.749071,8,1
13410.000000,33.578353,-117.064291,402.617229,38.736093,1.746334,8,1
13425.000000,33.578346,-117.064295,402.378641,38.929671,1.743612,8,1
13440.000000,33.578347,-117.064294,401.013181,39.096738,1.740905,8,1
13455.000000,33.578348,-117.064295,402.069545,38.711435,1.738214,8,1
13470.000000,33.578348,-117.064294,402.198408,38.570452,1.735538,8,1
13485.000000,33.578346,-117.064295,401.848576,38.499114,1.732878,8,1
13500.000000,33.578342,-117.064298,402.125311,38.542472,1.730233,8,1
13515.000000,33.578346,-117.064295,401.346529,38.351115,1.727605,8,1
13530.000000,33.578341,-117.064299,403.005809,38.078634,1.724991,8,1
13545.000000,33.578345,-117.064293,401.511108,38.106428,1.722394,8,1
13560.000000,33.578342,-117.064298,403.114704,37.881167,1.719812,8,1
13575.000000,33.578339,-117.064295,400.765799,38.252392,1.717246,8,1
13590.000000,33.578337,-117.064302,401.834326,37.962353,1.714697,8,1
13605.000000,33.578345,-117.064293,402.012383,37.484721,1.712163,8,1
13620.000000,33.578335,-117.064301,402.387977,37.831700,1.709645,8,1
13635.000000,33.578339,-117.064295,401.798603,37.521963,1.707143,8,1
13650.000000,33.578332,-117.064300,401.795968,37.779244,1.704658,8,1
13665.000000,33.578337,-117.064294,401.980936,37.372251,1.702188,8,1
13680.000000,33.578334,-117.064297,402.213569,37.365423,1.699735,8,1
13695.000000,33.578333,-117.064298,401.837335,37.395582,1.697298,8,1
13710.000000,33.578328,-117.064299,400.826908,37.575292,1.694877,8,1
13725.000000,33.578328,-117.064299,401.889486,37.254826,1.692473,8,1
13740.000000,33.578721,-117.064156,489.034587,15.734195,2.207277,7,1
13755.000000,33.578720,-117.064157,489.352463,15.757231,2.210654,7,1
13770.000000,33.578721,-117.064152,488.799723,15.861221,2.214082,7,1
13785.000000,33.578718,-117.064157,489.750517,15.860289,2.217561,7,1
13800.000000,33.578721,-117.064155,489.607437,15.984476,2.221090,7,1
13815.000000,33.578721,-117.064155,490.050032,16.021737,2.224670,7,1
13830.000000,33.578720,-117.064154,490.353186,16.059964,2.228300,7,1
13845.000000,33.578718,-117.064157,491.212008,15.992695,2.231981,7,1
13860.000000,33.578720,-117.064153,490.776453,16.209529,2.235713,7,1
13875.000000,33.578720,-117.064154,491.581126,16.097722,2.239496,7,1
13890.000000,33.578721,-117.064154,491.218846,16.214939,2.243329,7,1
13905.000000,33.578718,-117.064156,492.123254,16.178474,2.247213,7,1
13920.000000,33.578719,-117.064154,491.775098,16.312566,2.251148,7,1
13935.000000,33.578718,-117.064155,492.248756,16.328216,2.255133,7,1
13950.000000,33.578719,-117.064153,492.308950,16.430839,2.259168,7,1
13965.000000,33.578719,-117.064154,492.379618,16.587408,2.263254,7,1
13980.000000,33.578718,-117.064154,492.484456,16.635180,2.267390,7,1
13995.000000,33.578719,-117.064152,492.494751,16.765648,2.271577,7,1
14010.000000,33.578718,-117.064154,493.142086,16.738479,2.275813,7,1
14025.000000,33.578718,-117.064153,493.439789,16.821443,2.280099,7,1
14040.000000,33.578717,-117.064153,493.548206,16.863922,2.284435,7,1
14055.000000,33.578717,-117.064153,493.799405,16.865086,2.288821,7,1
14070.000000,33.578716,-117.064155,494.286220,16.919870,2.293256,7,1
14085.000000,33.578717,-117.064152,494.101191,17.011847,2.297741,7,1
14100.000000,33.578716,-117.064151,494.625090,17.058982,2.302274,7,1
14115.000000,33.578718,-117.064149,494.216450,17.225754,2.306857,7,1
14130.000000,33.578718,-117.064150,494.495875,17.331539,2.311488,7,1
14145.000000,33.578717,-117.064149,494.495541,17.427548,2.316168,7,1
14160.000000,33.578716,-117.064149,494.783715,17.436799,2.320896,7,1
14175.000000,33.578717,-117.064149,494.655241,17.610381,2.325672,7,1
14190.000000,33.578716,-117.064150,495.451348,17.614806,2.330495,7,1
14205.000000,33.578715,-117.064149,495.757378,17.634642,2.335366,7,1
14220.000000,33.578715,-117.064149,495.873441,17.729747,2.340284,7,1
14235.000000,33.578714,-117.064150,495.938259,17.811841,2.345248,7,1
14250.000000,33.578715,-117.064148,496.053697,17.918018,2.350259,7,1
14265.000000,33.578715,-117.064148,496.617087,17.996145,2.355315,7,1
14280.000000,33.578714,-117.064145,495.888765,18.171007,2.360417,7,1
14295.000000,33.578714,-117.064145,495.974437,18.242706,2.365564,7,1
14310.000000,33.578714,-117.064142,495.832951,18.351303,2.370756,7,1
14325.000000,33.578713,-117.064146,496.229267,18.412788,2.375991,7,1
14340.000000,33.578712,-117.064144,496.319141,18.498351,2.381271,7,1
14355.000000,33.578712,-117.064145,496.888002,18.482644,2.386593,7,1
14370.000000,33.578710,-117.064145,497.290387,18.562450,2.391958,7,1
14385.000000,33.578710,-117.064145,497.511144,18.669863,2.397364,7,1
14400.000000,33.578710,-117.064145,497.594404,18.705711,2.402813,7,1
14415.000000,33.578710,-117.064145,497.525302,18.847253,2.408301,7,1
14430.000000,33.578710,-117.064145,498.138451,18.905085,2.413830,7,1
14445.000000,33.578710,-117.064143,498.178276,19.000772,2.419398,7,1
14460.000000,33.578708,-117.064144,498.789064,19.036235,2.425005,7,1
14475.000000,33.578707,-117.064143,498.038858,19.212442,2.430650,7,1
14490.000000,33.578707,-117.064144,498.238930,19.281777,2.436332,7,1
14505.000000,33.578706,-117.064144,498.075404,19.419891,2.442050,7,1
14520.000000,33.578704,-117.064143,497.573478,19.581333,2.447804,7,1
14535.000000,33.578703,-117.064144,498.547911,19.578071,2.453592,7,1
14550.000000,33.578702,-117.064143,498.106320,19.700775,2.459414,7,1
14565.000000,33.578702,-117.064141,498.122477,19.846401,2.465269,7,1
14580.000000,33.578702,-117.064143,498.408528,19.832468,2.471156,7,1
14595.000000,33.578702,-117.064140,497.869752,20.088161,2.477074,7,1
14610.000000,33.578700,-117.064141,498.536791,20.096851,2.483021,7,1
14625.000000,33.578698,-117.064142,498.644562,20.181474,2.488997,7,1
14640.000000,33.578695,-117.064140,498.461901,20.279948,2.495001,7,1
14655.000000,33.578694,-117.064143,498.693417,20.272779,2.501031,7,1
14670.000000,33.578694,-117.064140,498.464326,20.435443,2.507086,7,1
14685.000000,33.578694,-117.064141,499.292721,20.583896,2.513166,7,1
14700.000000,33.578693,-117.064142,498.921698,20.713653,2.519268,7,1
14715.000000,33.578691,-117.064139,497.383694,20.971417,2.525393,7,1
14730.000000,33.578689,-117.064139,498.268092,21.017450,2.531537,7,1
14745.000000,33.578688,-117.064138,498.103876,21.173173,2.537700,7,1
14760.000000,33.578686,-117.064137,497.788455,21.294874,2.543880,7,1
14775.000000,33.578684,-117.064141,498.963305,21.158428,2.550076,7,1
14790.000000,33.578682,-117.064139,497.278693,21.492108,2.556287,7,1
14805.000000,33.578647,-117.064225,477.349376,20.296328,2.136777,8,1
14820.000000,33.578643,-117.064227,477.181013,20.304670,2.139582,8,1
14835.000000,33.578641,-117.064225,476.275101,20.458515,2.142360,8,1
14850.000000,33.578639,-117.064228,476.828078,20.501826,2.145111,8,1
14865.000000,33.578638,-117.064228,475.802375,20.783417,2.147833,8,1
14880.000000,33.578634,-117.064227,475.652696,20.822732,2.150526,8,1
14895.000000,33.578632,-117.064228,475.213861,20.957268,2.153187,8,1
14910.000000,33.578632,-117.064225,475.296267,20.958796,2.155816,8,1
14925.000000,33.578626,-117.064229,474.509674,21.088329,2.158411,8,1
14940.000000,33.578624,-117.064231,474.041611,21.197657,2.160972,8,1
14955.000000,33.578623,-117.064229,473.996532,21.273254,2.163497,8,1
14970.000000,33.578619,-117.064235,474.065754,21.354099,2.165985,8,1
14985.000000,33.578616,-117.064236,473.545520,21.507296,2.168435,8,1
15000.000000,33.578614,-117.064234,472.769237,21.486680,2.170845,8,1
15015.000000,33.578608,-117.064240,473.092619,21.539022,2.173215,8,1
15030.000000,33.578607,-117.064235,471.423408,21.812934,2.175542,8,1
15045.000000,33.578604,-117.064233,470.660889,21.941543,2.177827,8,1
15060.000000,33.578599,-117.064240,471.341278,21.800889,2.180067,8,1
15075.000000,33.578597,-117.064237,470.219687,22.023215,2.182261,8,1
15090.000000,33.578593,-117.064240,470.494818,22.046247,2.184409,8,1
15105.000000,33.578589,-117.064243,468.816727,22.299451,2.186509,8,1
15120.000000,33.578586,-117.064239,468.428594,22.344461,2.188560,8,1
15135.000000,33.578584,-117.064243,469.248936,22.356520,2.190561,8,1
15150.000000,33.578578,-117.064249,468.975285,22.466202,2.192510,8,1
15165.000000,33.578576,-117.064244,467.736871,22.584355,2.194407,8,1
15180.000000,33.578572,-117.064244,467.486737,22.639860,2.196250,8,1
15195.000000,33.578569,-117.064246,467.821168,22.708279,2.198038,8,1
15210.000000,33.578563,-117.064248,465.868299,22.954686,2.199771,8,1
15225.000000,33.578557,-117.064317,480.543157,25.878705,2.701369,7,1
15240.000000,33.578555,-117.064317,480.009994,25.995582,2.705160,7,1
15255.000000,33.578550,-117.064318,479.357578,26.105886,2.708923,7,1
15270.000000,33.578546,-117.064320,478.874303,26.232653,2.712657,7,1
15285.000000,33.578544,-117.064320,478.447598,26.299569,2.716359,7,1
15300.000000,33.578524,-117.064323,474.007011,22.964246,2.121428,8,1
15315.000000,33.578518,-117.064323,473.062320,23.033792,2.122414,8,1
15330.000000,33.578523,-117.064323,474.146473,23.166642,2.123417,8,1
15345.000000,33.578515,-117.064323,473.435177,23.141817,2.124438,8,1
15360.000000,33.578524,-117.064323,474.136645,23.304733,2.125474,8,1
15375.000000,33.578516,-117.064322,473.120521,23.414518,2.126528,8,1
15390.000000,33.578516,-117.064321,472.843894,23.427774,2.127597,8,1
15405.000000,33.578518,-117.064322,474.104099,23.496981,2.128682,8,1
15420.000000,33.578515,-117.064322,473.165084,23.589871,2.129782,8,1
15435.000000,33.578503,-117.064320,471.845852,23.512035,2.130898,8,1
15450.000000,33.578511,-117.064322,472.618114,23.748591,2.132028,8,1
15465.000000,33.578509,-117.064322,472.743391,23.798339,2.133172,8,1
15480.000000,33.578510,-117.064320,472.871938,23.888599,2.134331,8,1
15495.000000,33.578508,-117.064321,472.330423,23.950810,2.135504,8,1
15510.000000,33.578507,-117.064320,472.856860,23.936326,2.136690,8,1
15525.000000,33.578500,-117.064321,471.497071,24.013253,2.137889,8,1
15540.000000,33.578504,-117.064319,472.005087,24.158414,2.139101,8,1
15555.000000,33.578500,-117.064320,471.823915,24.240110,2.140324,8,1
15570.000000,33.578507,-117.064319,473.215311,24.279640,2.141560,8,1
15585.000000,33.578499,-117.064319,471.348442,24.401909,2.142807,8,1
15600.000000,33.578502,-117.064318,472.462616,24.384179,2.144065,8,1
15615.000000,33.578494,-117.064319,470.668337,24.554897,2.145334,8,1
15630.000000,33.578491,-117.064319,470.527502,24.515065,2.146613,8,1
15645.000000,33.578493,-117.064319,470.904280,24.627915,2.147901,8,1
15660.000000,33.578487,-117.064318,470.005762,24.675832,2.149199,8,1
15675.000000,33.578487,-117.064318,470.125594,24.795119,2.150505,8,1
15690.000000,33.578482,-117.064318,469.640445,24.798247,2.151819,8,1
15705.000000,33.578488,-117.064317,470.228016,25.019955,2.153141,8,1
15720.000000,33.578488,-117.064315,469.935050,25.034887,2.154470,8,1
15735.000000,33.578486,-117.064316,469.809556,25.140688,2.155806,8,1
15750.000000,33.578485,-117.064315,469.461960,25.279331,2.157148,8,1
15765.000000,33.578477,-117.064315,468.351869,25.261815,2.158495,8,1
15780.000000,33.578478,-117.064315,468.554772,25.319671,2.159847,8,1
15795.000000,33.578476,-117.064315,468.455681,25.356238,2.161204,8,1
15810.000000,33.578477,-117.064315,468.292245,25.559846,2.162564,8,1
15825.000000,33.578476,-117.064314,468.649467,25.603788,2.163928,8,1
15840.000000,33.578472,-117.064314,467.776357,25.598000,2.165294,8,1
15855.000000,33.578470,-117.064313,467.676698,25.706637,2.166662,8,1
15870.000000,33.578468,-117.064311,467.055563,25.837620,2.168032,8,1
15885.000000,33.578467,-117.064313,467.004179,25.909264,2.169402,8,1
15900.000000,33.578468,-117.064311,467.530324,25.934825,2.170772,8,1
15915.000000,33.578466,-117.064310,466.857281,26.086719,2.172142,8,1
15930.000000,33.578460,-117.064308,466.072812,26.118797,2.173510,8,1
15945.000000,33.578459,-117.064306,465.801363,26.130878,2.174876,8,1
15960.000000,33.578460,-117.064307,466.277091,26.317083,2.176240,8,1
15975.000000,33.578457,-117.064307,465.523503,26.371483,2.177601,8,1
15990.000000,33.578448,-117.064305,464.421853,26.297676,2.178957,8,1
16005.000000,33.578450,-117.064305,464.843562,26.523035,2.180309,8,1
16020.000000,33.578450,-117.064303,465.167037,26.531130,2.181655,8,1
16035.000000,33.578451,-117.064305,464.452346,26.724575,2.182995,8,1
16050.000000,33.578443,-117.064303,463.469018,26.574711,2.184329,8,1
16065.000000,33.578446,-117.064305,463.890276,26.848344,2.185654,8,1
16080.000000,33.578443,-117.064303,463.573614,26.815409,2.186971,8,1
16095.000000,33.578444,-117.064304,463.245462,27.041850,2.188279,8,1
16110.000000,33.578438,-117.064302,463.313411,26.863047,2.189577,8,1
16125.000000,33.578436,-117.064301,462.540168,26.935199,2.190865,8,1
16140.000000,33.578435,-117.064301,462.708126,27.000813,2.192141,8,1
16155.000000,33.578429,-117.064301,461.989628,26.968079,2.193404,8,1
16170.000000,33.578426,-117.064298,460.835158,27.054330,2.194655,8,1
16185.000000,33.578428,-117.064297,461.234537,27.266169,2.195892,8,1
16200.000000,33.578425,-117.064295,461.159169,27.219923,2.197114,8,1
16215.000000,33.578422,-117.064296,460.339602,27.353303,2.198320,8,1
16230.000000,33.578422,-117.064293,460.352972,27.460768,2.199510,8,1
16245.000000,33.578415,-117.064295,459.534416,27.452568,2.200684,8,1
16260.000000,33.578410,-117.064291,458.204748,27.446180,2.201839,8,1
16275.000000,33.578408,-117.064291,457.665031,27.566632,2.202976,8,1
16290.000000,33.578409,-117.064292,458.349067,27.612698,2.204093,8,1
16305.000000,33.578405,-117.064290,457.324154,27.683107,2.205189,8,1
16320.000000,33.578404,-117.064287,457.663393,27.693434,2.206265,8,1
16335.000000,33.578403,-117.064289,457.900523,27.795981,2.207318,8,1
16350.000000,33.578399,-117.064287,456.095619,27.887136,2.208349,8,1
16365.000000,33.578394,-117.064286,455.742445,27.854836,2.209356,8,1
16380.000000,33.578394,-117.064285,456.336959,27.848682,2.210338,8,1
16395.000000,33.578389,-117.064285,455.217562,27.875824,2.211296,8,1
16410.000000,33.578387,-117.064283,454.881755,27.980374,2.212227,8,1
16425.000000,33.578387,-117.064283,455.313315,28.021906,2.213131,8,1
16440.000000,33.578385,-117.064282,454.270345,28.164735,2.214007,8,1
16455.000000,33.578379,-117.064282,453.711823,28.068958,2.214855,8,1
16470.000000,33.578382,-117.064278,453.782347,28.312767,2.215673,8,1
16485.000000,33.578377,-117.064277,452.948440,28.301283,2.216461,8,1
16500.000000,33.578374,-117.064277,452.587958,28.334338,2.217218,8,1
16515.000000,33.578372,-117.064275,451.629214,28.506925,2.217943,8,1
16530.000000,33.578370,-117.064274,451.537359,28.496996,2.218636,8,1
16545.000000,33.578364,-117.064272,451.053357,28.372932,2.219295,8,1
16560.000000,33.578362,-117.064275,450.096653,28.681101,2.219920,8,1
16575.000000,33.578360,-117.064271,449.919319,28.639080,2.220511,8,1
16590.000000,33.578357,-117.064269,449.960428,28.512087,2.221065,8,1
16605.000000,33.578354,-117.064268,449.295801,28.511664,2.221583,8,1
16620.000000,33.578349,-117.064269,449.061796,28.473744,2.222064,8,1
16635.000000,33.578344,-117.064267,447.823075,28.493087,2.222507,8,1
16650.000000,33.578343,-117.064267,448.313290,28.505196,2.222912,8,1
16665.000000,33.578339,-117.064264,447.240717,28.489111,2.223277,8,1
16680.000000,33.578340,-117.064265,447.299694,28.759346,2.223602,8,1
16695.000000,33.578335,-117.064265,445.960116,28.807405,2.223887,8,1
16710.000000,33.578332,-117.064262,445.713721,28.800644,2.224130,8,1
16725.000000,33.578329,-117.064262,445.339283,28.852864,2.224331,8,1
16740.000000,33.578328,-117.064257,445.038281,28.868324,2.224489,8,1
16755.000000,33.578323,-117.064257,444.493263,28.898860,2.224605,8,1
16770.000000,33.578320,-117.064256,443.378935,28.943381,2.224676,8,1
16785.000000,33.578314,-117.064257,443.320635,28.878258,2.224703,8,1
16800.000000,33.578314,-117.064254,441.838247,29.058277,2.224685,8,1
16815.000000,33.578311,-117.064254,441.948794,29.149110,2.224621,8,1
16830.000000,33.578306,-117.064253,441.616844,28.974528,2.224511,8,1
16845.000000,33.578253,-117.064176,469.556204,28.177101,2.421323,7,1
16860.000000,33.578249,-117.064175,469.350467,28.137638,2.422177,7,1
16875.000000,33.578248,-117.064171,468.756829,28.201066,2.423000,7,1
16890.000000,33.578244,-117.064171,468.854870,28.130420,2.423791,7,1
16905.000000,33.578243,-117.064168,467.931205,28.173699,2.424549,7,1
16920.000000,33.578238,-117.064169,467.610973,28.075806,2.425273,7,1
16935.000000,33.578234,-117.064167,466.815084,28.071070,2.425963,7,1
16950.000000,33.578232,-117.064163,466.043181,28.117883,2.426619,7,1
16965.000000,33.578226,-117.064165,465.983758,28.016152,2.427239,7,1
16980.000000,33.578227,-117.064161,465.520348,28.109203,2.427824,7,1
16995.000000,33.578222,-117.064158,465.398852,28.021142,2.428372,7,1
17010.000000,33.578219,-117.064158,465.267968,27.992991,2.428884,7,1
17025.000000,33.578216,-117.064155,464.303189,28.024486,2.429359,7,1
17040.000000,33.578212,-117.064155,463.562642,28.022887,2.429797,7,1
17055.000000,33.578210,-117.064153,463.297551,28.007080,2.430197,7,1
17070.000000,33.578208,-117.064152,463.449293,27.923757,2.430558,7,1
17085.000000,33.578205,-117.064150,463.354370,27.935993,2.430881,7,1
17100.000000,33.578203,-117.064148,463.065887,27.948048,2.431165,7,1
17115.000000,33.578198,-117.064147,462.479847,27.798260,2.431410,7,1
17130.000000,33.578193,-117.064145,462.095774,27.803876,2.431615,7,1
17145.000000,33.578192,-117.064144,461.152866,27.860628,2.431780,7,1
17160.000000,33.578190,-117.064141,461.121416,27.793755,2.431905,7,1
17175.000000,33.578187,-117.064139,460.858337,27.778791,2.431990,7,1
17190.000000,33.578184,-117.064137,460.244563,27.718675,2.432034,7,1
17205.000000,33.578180,-117.064136,460.042966,27.683038,2.432037,7,1
17220.000000,33.578177,-117.064136,459.402055,27.563826,2.431999,7,1
17235.000000,33.578175,-117.064132,459.172677,27.628895,2.431920,7,1
17250.000000,33.578172,-117.064132,459.207951,27.603381,2.431800,7,1
17265.000000,33.578169,-117.064132,458.935087,27.539747,2.431638,7,1
17280.000000,33.578168,-117.064130,458.066124,27.479156,2.431435,7,1
17295.000000,33.578166,-117.064128,458.128701,27.447903,2.431191,7,1
17310.000000,33.578162,-117.064129,457.529195,27.365126,2.430904,7,1
17325.000000,33.578158,-117.064128,456.757489,27.302997,2.430576,7,1
17340.000000,33.578154,-117.064126,456.407493,27.206563,2.430207,7,1
17355.000000,33.578153,-117.064123,455.990290,27.214694,2.429795,7,1
17370.000000,33.578150,-117.064122,455.649596,27.184384,2.429342,7,1
17385.000000,33.578146,-117.064119,454.710458,27.144019,2.428848,7,1
17400.000000,33.578142,-117.064120,454.306882,27.011667,2.428312,7,1
17415.000000,33.578139,-117.064120,454.073903,27.000083,2.427735,7,1
17430.000000,33.578136,-117.064117,453.793796,27.029854,2.427117,7,1
17445.000000,33.578133,-117.064117,453.591073,26.962887,2.426457,7,1
17460.000000,33.578132,-117.064114,453.484008,26.930002,2.425757,7,1
17475.000000,33.578129,-117.064113,452.727796,26.851313,2.425015,7,1
17490.000000,33.578126,-117.064113,452.689078,26.838632,2.424234,7,1
17505.000000,33.578123,-117.064112,452.223705,26.693936,2.423412,7,1
17520.000000,33.578120,-117.064113,451.959709,26.624453,2.422550,7,1
17535.000000,33.578116,-117.064111,451.120352,26.550528,2.421648,7,1
17550.000000,33.578114,-117.064108,450.686115,26.540414,2.420707,7,1
17565.000000,33.578111,-117.064107,450.394173,26.437285,2.419726,7,1
17580.000000,33.578109,-117.064106,450.274677,26.422500,2.418707,7,1
17595.000000,33.578106,-117.064106,449.977934,26.312620,2.417649,7,1
17610.000000,33.578106,-117.064102,450.092828,26.362200,2.416553,7,1
17625.000000,33.578101,-117.064104,449.656421,26.204447,2.415419,7,1
17640.000000,33.578099,-117.064102,448.902103,26.147388,2.414248,7,1
17655.000000,33.578096,-117.064100,448.592888,26.142014,2.413040,7,1
17670.000000,33.578093,-117.064099,447.561108,26.055693,2.411796,7,1
17685.000000,33.578091,-117.064096,447.024546,26.011112,2.410515,7,1
17700.000000,33.578089,-117.064094,446.652048,26.045507,2.409199,7,1
17715.000000,33.578087,-117.064095,446.201566,25.909880,2.407848,7,1
17730.000000,33.578083,-117.064097,446.547996,25.733181,2.406461,7,1
17745.000000,33.578080,-117.064097,446.713600,25.676405,2.405041,7,1
17760.000000,33.578077,-117.064096,446.935974,25.627780,2.403587,7,1
17775.000000,33.578077,-117.064094,446.318714,25.579520,2.402100,7,1
17790.000000,33.578075,-117.064089,445.513695,25.524188,2.400581,7,1
17805.000000,33.578072,-117.064088,445.601908,25.481789,2.399029,7,1
17820.000000,33.578068,-117.064088,445.430800,25.392097,2.397446,7,1
17835.000000,33.578067,-117.064087,445.214006,25.382455,2.395832,7,1
17850.000000,33.578064,-117.064087,444.302601,25.205283,2.394188,7,1
17865.000000,33.578061,-117.064087,444.070495,25.167786,2.392515,7,1
17880.000000,33.578060,-117.064088,444.356995,25.068815,2.390812,7,1
17895.000000,33.578057,-117.064087,443.888610,25.008417,2.389080,7,1
17910.000000,33.578056,-117.064085,443.759993,24.921294,2.387321,7,1
17925.000000,33.578052,-117.064085,442.870992,24.802504,2.385535,7,1
17940.000000,33.578051,-117.064084,443.169774,24.732338,2.383722,7,1
17955.000000,33.578047,-117.064086,442.824718,24.597942,2.381883,7,1
17970.000000,33.578046,-117.064085,443.304460,24.489357,2.380019,7,1
17985.000000,33.578044,-117.064083,442.539227,24.441018,2.378131,7,1
18000.000000,33.578041,-117.064083,442.725018,24.397345,2.376218,7,1
18015.000000,33.578040,-117.064082,441.705572,24.280708,2.374283,7,1
18030.000000,33.578038,-117.064082,441.110968,24.182856,2.372324,7,1
18045.000000,33.578036,-117.064079,440.976353,24.190653,2.370344,7,1
18060.000000,33.578034,-117.064078,440.759239,24.156284,2.368343,7,1
18075.000000,33.578031,-117.064078,440.897138,24.071570,2.366321,7,1
18090.000000,33.578031,-117.064079,440.447080,23.944564,2.364279,7,1
18105.000000,33.578028,-117.064078,440.094210,23.883281,2.362218,7,1
18120.000000,33.578025,-117.064078,439.904957,23.791008,2.360139,7,1
18135.000000,33.578024,-117.064076,439.922314,23.711913,2.358042,7,1
18150.000000,33.578021,-117.064077,440.199560,23.622185,2.355927,7,1
18165.000000,33.578020,-117.064078,439.717662,23.541891,2.353797,7,1
18180.000000,33.578019,-117.064078,439.545463,23.372969,2.351651,7,1
18195.000000,33.578016,-117.064077,439.348500,23.294185,2.349489,7,1
18210.000000,33.578015,-117.064075,439.195055,23.319384,2.347314,7,1
18225.000000,33.578013,-117.064075,439.624847,23.270137,2.345125,7,1
18240.000000,33.578011,-117.064073,438.891639,23.110603,2.342923,7,1
18255.000000,33.578010,-117.064074,438.818288,23.014440,2.340708,7,1
18270.000000,33.578008,-117.064073,438.689396,22.936961,2.338483,7,1
18285.000000,33.578006,-117.064072,438.195073,22.876253,2.336246,7,1
18300.000000,33.578004,-117.064075,438.364497,22.762198,2.333999,7,1
18315.000000,33.578001,-117.064073,437.753413,22.683821,2.331743,7,1
18330.000000,33.578000,-117.064074,437.959614,22.540790,2.329477,7,1
18345.000000,33.577998,-117.064073,437.333720,22.516371,2.327204,7,1
18360.000000,33.577997,-117.064071,437.143349,22.404915,2.324923,7,1
18375.000000,33.577996,-117.064070,437.118444,22.405729,2.322635,7,1
18390.000000,33.577994,-117.064070,436.835520,22.318010,2.320341,7,1
18405.000000,33.577991,-117.064069,436.399113,22.251593,2.318042,7,1
18420.000000,33.577989,-117.064070,436.407655,22.082825,2.315737,7,1
18435.000000,33.577988,-117.064071,436.494398,21.939355,2.313428,7,1
18450.000000,33.577986,-117.064072,436.625530,21.807290,2.311116,7,1
18465.000000,33.577987,-117.064072,436.426080,21.693709,2.308800,7,1
18480.000000,33.577985,-117.064074,436.327655,21.526126,2.306482,7,1
18495.000000,33.577984,-117.064071,435.755047,21.598584,2.304163,7,1
18510.000000,33.577982,-117.064072,436.431651,21.548259,2.301841,7,1
18525.000000,33.577981,-117.064070,436.195367,21.449959,2.299520,7,1
18540.000000,33.577978,-117.064071,436.234767,21.335719,2.297198,7,1
18555.000000,33.577978,-117.064071,435.583575,21.251900,2.294877,7,1
18570.000000,33.577977,-117.064071,436.214061,21.189260,2.292557,7,1
18585.000000,33.577973,-117.064071,435.901241,21.004619,2.290238,7,1
18600.000000,33.577973,-117.064070,435.548775,20.908005,2.287922,7,1
18615.000000,33.577971,-117.064069,435.646666,20.844505,2.285609,7,1
18630.000000,33.577972,-117.064070,435.280704,20.774776,2.283298,7,1
18645.000000,33.577970,-117.064068,434.832516,20.697222,2.280992,7,1
18660.000000,33.577969,-117.064067,435.263917,20.607648,2.278690,7,1
18675.000000,33.577970,-117.064067,435.175873,20.564828,2.276393,7,1
18690.000000,33.577968,-117.064067,434.931875,20.519937,2.274101,7,1
18705.000000,33.577966,-117.064069,434.921280,20.374651,2.271815,7,1
18720.000000,33.577964,-117.064068,435.118156,20.266540,2.269535,7,1
18735.000000,33.577963,-117.064069,435.010175,20.125997,2.267262,7,1
18750.000000,33.577962,-117.064069,435.003921,20.087671,2.264997,7,1
18765.000000,33.577962,-117.064067,435.176447,20.096111,2.262739,7,1
18780.000000,33.577961,-117.064067,435.883522,19.986191,2.260489,7,1
18795.000000,33.577960,-117.064067,435.592984,19.913205,2.258248,7,1
18810.000000,33.577959,-117.064068,435.760804,19.767965,2.256016,7,1
18825.000000,33.577959,-117.064068,436.056732,19.696723,2.253793,7,1
18840.000000,33.577956,-117.064068,435.766018,19.632126,2.251581,7,1
18855.000000,33.577956,-117.064068,435.548258,19.565443,2.249378,7,1
18870.000000,33.577955,-117.064066,434.906817,19.410367,2.247187,7,1
18885.000000,33.577954,-117.064067,434.799271,19.286570,2.245006,7,1
18900.000000,33.578304,-117.064227,516.338828,38.880564,1.826507,8,1
18915.000000,33.578301,-117.064227,516.408569,38.809614,1.828691,8,1
18930.000000,33.578301,-117.064227,516.414486,38.970150,1.830882,8,1
18945.000000,33.578301,-117.064226,516.025193,39.107078,1.833077,8,1
18960.000000,33.578301,-117.064224,515.926212,39.275957,1.835279,8,1
18975.000000,33.578300,-117.064225,515.520376,39.375246,1.837485,8,1
18990.000000,33.578299,-117.064227,515.856154,39.462923,1.839696,8,1
19005.000000,33.578299,-117.064227,515.826102,39.485468,1.841912,8,1
19020.000000,33.578297,-117.064228,515.502365,39.534752,1.844132,8,1
19035.000000,33.578299,-117.064229,515.152408,39.741099,1.846356,8,1
19050.000000,33.578297,-117.064228,514.708114,39.783147,1.848585,8,1
19065.000000,33.578298,-117.064230,514.308291,39.992170,1.850816,8,1
19080.000000,33.578299,-117.064230,514.313465,40.124109,1.853051,8,1
19095.000000,33.578295,-117.064228,514.561702,40.074340,1.855289,8,1
19110.000000,33.578295,-117.064228,514.039664,40.166045,1.857530,8,1
19125.000000,33.578295,-117.064229,514.010719,40.177028,1.859773,8,1
19140.000000,33.578295,-117.064228,513.668458,40.349202,1.862019,8,1
19155.000000,33.578297,-117.064230,513.214210,40.564003,1.864266,8,1
19170.000000,33.578296,-117.064232,513.496461,40.713865,1.866515,8,1
19185.000000,33.578294,-117.064231,512.743262,40.756886,1.868765,8,1
19200.000000,33.578292,-117.064232,512.222708,40.695070,1.871016,8,1
19215.000000,33.578291,-117.064231,512.076136,40.771689,1.873268,8,1
19230.000000,33.578289,-117.064232,511.302043,40.539208,1.875520,8,1
19245.000000,33.578289,-117.064233,511.947033,40.798252,1.877772,8,1
19260.000000,33.578291,-117.064233,511.525676,41.045513,1.880024,8,1
19275.000000,33.578292,-117.064232,510.927269,41.274075,1.882275,8,1
19290.000000,33.578291,-117.064233,511.153824,41.396202,1.884526,8,1
19305.000000,33.578291,-117.064233,510.568551,41.513796,1.886775,8,1
19320.000000,33.578290,-117.064235,510.906378,41.737044,1.889022,8,1
19335.000000,33.578290,-117.064236,510.189086,41.763722,1.891268,8,1
19350.000000,33.578292,-117.064238,510.556327,41.874244,1.893511,8,1
19365.000000,33.578290,-117.064238,509.394368,41.873837,1.895752,8,1
19380.000000,33.578291,-117.064239,509.111731,41.978108,1.897990,8,1
19395.000000,33.578290,-117.064240,508.869836,42.091315,1.900224,8,1
19410.000000,33.578289,-117.064241,508.384802,42.072351,1.902454,8,1
19425.000000,33.578289,-117.064241,507.631232,42.100976,1.904681,8,1
19440.000000,33.578290,-117.064240,507.767791,42.390584,1.906903,8,1
19455.000000,33.578286,-117.064242,507.668835,42.234007,1.909120,8,1
19470.000000,33.578286,-117.064243,507.268175,42.280503,1.911333,8,1
19485.000000,33.578287,-117.064245,506.822059,42.443323,1.913539,8,1
19500.000000,33.578287,-117.064245,506.337561,42.564162,1.915740,8,1
19515.000000,33.578287,-117.064246,506.132774,42.704907,1.917934,8,1
19530.000000,33.578287,-117.064246,505.851257,42.821070,1.920122,8,1
19545.000000,33.578286,-117.064248,505.757731,42.843798,1.922302,8,1
19560.000000,33.578285,-117.064248,505.627008,42.969541,1.924475,8,1
19575.000000,33.578284,-117.064248,505.016677,43.063857,1.926641,8,1
19590.000000,33.578286,-117.064250,504.445352,43.185233,1.928797,8,1
19605.000000,33.578285,-117.064249,503.808016,43.320589,1.930946,8,1
19620.000000,33.578286,-117.064251,503.066713,43.262200,1.933085,8,1
19635.000000,33.578286,-117.064252,503.265803,43.475023,1.935215,8,1
19650.000000,33.578283,-117.064254,502.935811,43.420466,1.937334,8,1
19665.000000,33.578283,-117.064254,502.270765,43.564080,1.939444,8,1
19680.000000,33.578304,-117.064177,520.600902,40.147153,1.707590,9,1
19695.000000,33.578302,-117.064179,519.138453,40.271848,1.709606,9,1
19710.000000,33.578304,-117.064176,520.195383,40.485474,1.711623,9,1
19725.000000,33.578306,-117.064173,520.403008,40.691686,1.713641,9,1
19740.000000,33.578305,-117.064176,519.346533,40.660882,1.715659,9,1
19755.000000,33.578302,-117.064179,519.161145,40.561951,1.717677,9,1
19770.000000,33.578305,-117.064174,519.366913,40.820026,1.719696,9,1
19785.000000,33.578305,-117.064172,519.253207,40.940596,1.721713,9,1
19800.000000,33.578302,-117.064179,517.877009,40.848658,1.723731,9,1
19815.000000,33.578303,-117.064175,518.244742,40.972698,1.725747,9,1
19830.000000,33.578303,-117.064171,518.454173,41.158994,1.727762,9,1
19845.000000,33.578303,-117.064178,517.144225,41.079387,1.729776,9,1
19860.000000,33.578301,-117.064179,516.242482,41.010916,1.731788,9,1
19875.000000,33.578303,-117.064176,517.114671,41.382999,1.733798,9,1
19890.000000,33.578303,-117.064174,516.768834,41.377794,1.735805,9,1
19905.000000,33.578301,-117.064179,515.379852,41.275116,1.737810,9,1
19920.000000,33.578302,-117.064176,516.907734,41.557197,1.739811,9,1
19935.000000,33.578305,-117.064174,516.167305,41.853867,1.741809,9,1
19950.000000,33.578301,-117.064180,514.912837,41.722776,1.743804,9,1
19965.000000,33.578303,-117.064176,514.335443,41.906955,1.745795,9,1
19980.000000,33.578303,-117.064175,514.758295,42.005430,1.747781,9,1
19995.000000,33.578303,-117.064180,513.481124,42.136072,1.749763,9,1
20010.000000,33.578304,-117.064182,513.256479,42.115507,1.751740,9,1
20025.000000,33.578305,-117.064176,513.903395,42.293451,1.753712,9,1
20040.000000,33.578304,-117.064179,513.114415,42.301178,1.755678,9,1
20055.000000,33.578304,-117.064182,512.884079,42.328273,1.757638,9,1
20070.000000,33.578305,-117.064177,513.144414,42.606762,1.759592,9,1
20085.000000,33.578347,-117.064312,523.567317,42.687794,1.712670,10,1
20100.000000,33.578349,-117.064315,523.885093,42.957203,1.714952,10,1
20115.000000,33.578346,-117.064312,524.235635,42.881909,1.717226,10,1
20130.000000,33.578349,-117.064317,522.970988,43.082079,1.719492,10,1
20145.000000,33.578348,-117.064317,522.643745,43.110028,1.721749,10,1
20160.000000,33.578349,-117.064314,522.935314,43.375434,1.723996,10,1
20175.000000,33.578351,-117.064318,521.515903,43.450631,1.726233,10,1
20190.000000,33.578352,-117.064317,520.944227,43.639809,1.728460,10,1
20205.000000,33.578350,-117.064319,521.460692,43.680412,1.730676,10,1
20220.000000,33.578349,-117.064321,520.459038,43.694315,1.732881,10,1
20235.000000,33.578349,-117.064321,520.955583,43.838861,1.735074,10,1
20250.000000,33.578350,-117.064321,520.091452,43.859636,1.737256,10,1
20265.000000,33.578352,-117.064326,518.889222,44.117721,1.739424,10,1
20280.000000,33.578350,-117.064323,519.556400,44.195306,1.741580,10,1
20295.000000,33.578353,-117.064325,518.121487,44.304639,1.743723,10,1
20310.000000,33.578349,-117.064327,517.925619,44.194181,1.745851,10,1
20325.000000,33.578351,-117.064329,517.545742,44.429510,1.747965,10,1
20340.000000,33.578351,-117.064328,516.983907,44.465600,1.750065,10,1
20355.000000,33.578352,-117.064332,515.899848,44.547378,1.752149,10,1
20370.000000,33.578354,-117.064332,515.740467,44.656591,1.754217,10,1
20385.000000,33.578354,-117.064334,514.844566,44.756907,1.756269,10,1
20400.000000,33.578354,-117.064337,514.493024,44.800056,1.758305,10,1
20415.000000,33.578355,-117.064340,514.202622,44.987537,1.760324,10,1
20430.000000,33.578357,-117.064340,512.996705,45.044026,1.762325,10,1
20445.000000,33.578357,-117.064340,512.594592,45.057675,1.764308,10,1
20460.000000,33.578357,-117.064341,512.182363,45.289823,1.766272,10,1
20475.000000,33.578358,-117.064345,511.583692,45.367662,1.768218,10,1
20490.000000,33.578357,-117.064345,511.061962,45.366060,1.770144,10,1
20505.000000,33.578315,-117.064297,520.300471,42.173010,1.379817,11,1
20520.000000,33.578320,-117.064293,519.739060,42.422088,1.381474,11,1
20535.000000,33.578237,-117.064408,538.803267,41.703876,1.479150,10,1
20550.000000,33.578238,-117.064407,538.354766,41.745973,1.481374,10,1
20565.000000,33.578237,-117.064403,539.152827,42.012487,1.483596,10,1
20580.000000,33.578236,-117.064410,538.394158,42.027187,1.485815,10,1
20595.000000,33.578237,-117.064406,538.418132,42.171082,1.488031,10,1
20610.000000,33.578237,-117.064406,537.688691,42.162082,1.490244,10,1
20625.000000,33.578237,-117.064408,537.100237,42.293718,1.492453,10,1
20640.000000,33.578240,-117.064407,537.165544,42.615457,1.494657,10,1
20655.000000,33.578236,-117.064410,536.244412,42.464392,1.496858,10,1
20670.000000,33.578238,-117.064408,536.189073,42.713823,1.499053,10,1
20685.000000,33.578237,-117.064408,536.101674,42.734222,1.501243,10,1
20700.000000,33.578238,-117.064411,535.218494,42.844082,1.503427,10,1
20715.000000,33.578239,-117.064406,535.824768,43.160962,1.505606,10,1
20730.000000,33.578237,-117.064408,534.576310,43.109654,1.507778,10,1
20745.000000,33.578237,-117.064409,534.301043,43.199830,1.509944,10,1
20760.000000,33.578237,-117.064408,533.901253,43.385382,1.512103,10,1
20775.000000,33.578236,-117.064410,533.400103,43.491574,1.514254,10,1
20790.000000,33.578239,-117.064408,532.735995,43.629927,1.516397,10,1
20805.000000,33.578237,-117.064407,532.377908,43.697406,1.518532,10,1
20820.000000,33.578238,-117.064407,532.185558,43.821747,1.520659,10,1
20835.000000,33.578238,-117.064409,530.984963,43.857857,1.522776,10,1
20850.000000,33.578237,-117.064407,531.121197,43.916042,1.524884,10,1
20865.000000,33.578237,-117.064409,530.693300,43.967955,1.526983,10,1
20880.000000,33.578237,-117.064408,530.115883,44.250669,1.529071,10,1
20895.000000,33.578240,-117.064406,529.012358,44.300513,1.531149,10,1
20910.000000,33.578240,-117.064410,528.458115,44.319886,1.533215,10,1
20925.000000,33.578239,-117.064408,528.795737,44.512939,1.535271,10,1
20940.000000,33.578239,-117.064408,527.608094,44.440519,1.537314,10,1
20955.000000,33.578242,-117.064412,527.234078,44.705742,1.539345,10,1
20970.000000,33.578241,-117.064410,526.636341,44.740331,1.541364,10,1
20985.000000,33.578238,-117.064411,526.643345,44.703161,1.543369,10,1
21000.000000,33.578239,-117.064408,526.261941,44.871721,1.545361,10,1
21015.000000,33.578240,-117.064408,525.027600,44.904971,1.547340,10,1
21030.000000,33.578241,-117.064411,524.060931,45.016031,1.549303,10,1
21045.000000,33.578239,-117.064410,524.141226,45.067240,1.551253,10,1
21060.000000,33.578238,-117.064406,524.025006,45.094573,1.553187,10,1
21075.000000,33.578239,-117.064410,523.268360,45.299622,1.555105,10,1
21090.000000,33.578243,-117.064413,521.887855,45.345877,1.557008,10,1
21105.000000,33.578241,-117.064412,521.596528,45.571486,1.558894,10,1
21120.000000,33.578240,-117.064410,521.400257,45.531535,1.560763,10,1
21135.000000,33.578238,-117.064407,520.813473,45.494725,1.562615,10,1
21150.000000,33.578240,-117.064411,519.909290,45.701304,1.564449,10,1
21165.000000,33.578241,-117.064412,518.894243,45.918304,1.566266,10,1
21180.000000,33.578241,-117.064414,518.149843,45.932778,1.568063,10,1
21195.000000,33.578243,-117.064409,517.078623,46.134315,1.569842,10,1
21210.000000,33.578240,-117.064409,517.451840,46.126447,1.571602,10,1
21225.000000,33.578241,-117.064414,516.755422,46.195762,1.573341,10,1
21240.000000,33.578242,-117.064413,515.693364,46.273394,1.575061,10,1
21255.000000,33.578241,-117.064414,515.134226,46.182381,1.576760,10,1
21270.000000,33.578241,-117.064410,514.292188,46.404581,1.578438,10,1
21285.000000,33.578242,-117.064412,513.285958,46.292205,1.580095,10,1
21300.000000,33.578243,-117.064413,512.620000,46.554687,1.581730,10,1
21315.000000,33.578241,-117.064413,512.041024,46.456639,1.583342,10,1
21330.000000,33.578241,-117.064415,511.058172,46.566345,1.584932,10,1
21345.000000,33.578243,-117.064415,510.437485,46.905776,1.586499,10,1
21360.000000,33.578245,-117.064416,509.412035,46.863151,1.588043,10,1
21375.000000,33.578244,-117.064422,508.663817,46.967002,1.589563,10,1
21390.000000,33.578244,-117.064415,508.106111,46.951182,1.591059,10,1
21405.000000,33.578243,-117.064416,507.459053,47.019385,1.592530,10,1
21420.000000,33.578244,-117.064416,507.156463,47.292790,1.593977,10,1
21435.000000,33.578246,-117.064416,505.627091,47.153671,1.595398,10,1
21450.000000,33.578244,-117.064419,505.417854,47.169733,1.596793,10,1
21465.000000,33.578245,-117.064419,504.536994,47.382033,1.598162,10,1
21480.000000,33.578244,-117.064420,503.774688,47.141232,1.599506,10,1
21495.000000,33.578245,-117.064419,502.988464,47.403959,1.600822,10,1
21510.000000,33.578244,-117.064420,502.746524,47.388780,1.602111,10,1
21525.000000,33.578246,-117.064421,500.962388,47.376259,1.603373,10,1
21540.000000,33.578249,-117.064421,500.014006,47.449906,1.604607,10,1
21555.000000,33.578246,-117.064422,499.686821,47.437936,1.605814,10,1
21570.000000,33.578248,-117.064419,498.642496,47.649399,1.606992,10,1
21585.000000,33.578246,-117.064423,498.096373,47.504584,1.608141,10,1
21600.000000,33.578250,-117.064421,496.906089,47.770690,1.609261,10,1
21615.000000,33.578247,-117.064424,496.454661,47.495962,1.610352,10,1
21630.000000,33.578248,-117.064419,495.866890,47.795740,1.611413,10,1
21645.000000,33.578247,-117.064424,494.862586,47.681060,1.612445,10,1
21660.000000,33.578250,-117.064421,493.628091,47.782460,1.613446,10,1
21675.000000,33.578246,-117.064423,493.362303,47.693676,1.614417,10,1
21690.000000,33.578249,-117.064423,492.482882,47.785533,1.615358,10,1
21705.000000,33.578247,-117.064424,491.155290,47.711828,1.616267,10,1
21720.000000,33.578249,-117.064424,490.555268,47.992678,1.617146,10,1
21735.000000,33.578248,-117.064423,489.868191,47.994857,1.617993,10,1
21750.000000,33.578250,-117.064423,488.751936,47.958955,1.618809,10,1
21765.000000,33.578252,-117.064424,487.723505,48.142343,1.619592,10,1
21780.000000,33.578250,-117.064426,487.525500,47.995042,1.620344,10,1
21795.000000,33.578251,-117.064427,486.121854,48.212946,1.621064,10,1
21810.000000,33.578249,-117.064427,485.438145,48.070926,1.621751,10,1
21825.000000,33.578250,-117.064426,484.275760,48.165486,1.622406,10,1
21840.000000,33.578250,-117.064430,483.593362,48.273941,1.623028,10,1
21855.000000,33.578250,-117.064430,482.566809,48.353905,1.623617,10,1
21870.000000,33.578250,-117.064430,481.809934,48.142295,1.624174,10,1
21885.000000,33.578252,-117.064429,481.286328,48.338401,1.624697,10,1
21900.000000,33.578250,-117.064432,480.415904,48.075253,1.625187,10,1
21915.000000,33.578250,-117.064428,479.969230,48.373912,1.625643,10,1
21930.000000,33.578252,-117.064432,478.213273,48.185483,1.626066,10,1
21945.000000,33.578253,-117.064429,477.553992,48.178628,1.626456,10,1
21960.000000,33.578252,-117.064433,476.548166,48.080444,1.626812,10,1
21975.000000,33.578252,-117.064433,475.880551,48.125382,1.627134,10,1
21990.000000,33.578252,-117.064435,474.364468,48.161906,1.627423,10,1
22005.000000,33.578254,-117.064437,473.637240,48.134076,1.627678,10,1
22020.000000,33.578253,-117.064435,472.636598,48.031736,1.627898,10,1
22035.000000,33.578253,-117.064438,472.136653,48.103814,1.628085,10,1
22050.000000,33.578255,-117.064436,471.023854,48.267968,1.628239,10,1
22065.000000,33.578251,-117.064440,470.330998,47.931113,1.628358,10,1
22080.000000,33.578256,-117.064436,468.996106,48.225366,1.628443,10,1
22095.000000,33.578251,-117.064440,468.983573,47.752791,1.628495,10,1
22110.000000,33.578254,-117.064438,467.215184,48.126061,1.628513,10,1
22125.000000,33.578252,-117.064441,466.541155,47.953629,1.628497,10,1
22140.000000,33.578254,-117.064440,465.948929,48.077916,1.628447,10,1
22155.000000,33.578254,-117.064445,464.957226,48.073809,1.628364,10,1
22170.000000,33.578254,-117.064443,463.446067,48.177766,1.628247,10,1
22185.000000,33.578254,-117.064443,462.865013,48.090626,1.628096,10,1
22200.000000,33.578253,-117.064443,461.627396,48.094224,1.627912,10,1
22215.000000,33.578256,-117.064442,460.782370,48.061057,1.627695,10,1
22230.000000,33.578256,-117.064444,460.034058,47.938919,1.627445,10,1
22245.000000,33.578257,-117.064445,458.806933,47.949224,1.627161,10,1
22260.000000,33.578258,-117.064447,457.639257,48.058557,1.626845,10,1
22275.000000,33.578254,-117.064446,457.979817,47.732606,1.626495,10,1
22290.000000,33.578257,-117.064443,456.055544,48.053763,1.626114,10,1
22305.000000,33.578254,-117.064449,455.966675,47.567582,1.625699,10,1
22320.000000,33.578258,-117.064447,454.490461,47.791137,1.625253,10,1
22335.000000,33.578254,-117.064449,454.176377,47.627786,1.624774,10,1
22350.000000,33.578256,-117.064448,453.141998,47.683757,1.624263,10,1
22365.000000,33.578256,-117.064453,452.068420,47.607522,1.623720,10,1
22380.000000,33.578257,-117.064452,451.408778,47.414418,1.623146,10,1
22395.000000,33.578258,-117.064452,450.499325,47.539907,1.622541,10,1
22410.000000,33.578258,-117.064454,449.637609,47.416112,1.621905,10,1
22425.000000,33.578255,-117.064454,449.357596,47.366280,1.621238,10,1
22440.000000,33.578258,-117.064454,448.119378,47.410379,1.620540,10,1
22455.000000,33.578258,-117.064457,447.139601,47.284638,1.619812,10,1
22470.000000,33.578258,-117.064451,446.758327,47.109215,1.619054,10,1
22485.000000,33.578258,-117.064455,446.325091,47.091886,1.618266,10,1
22500.000000,33.578259,-117.064458,445.095968,47.078672,1.617448,10,1
22515.000000,33.578260,-117.064456,443.919326,47.171001,1.616601,10,1
22530.000000,33.578258,-117.064456,443.457732,47.101200,1.615726,10,1
22545.000000,33.578261,-117.064458,442.024882,47.104783,1.614821,10,1
22560.000000,33.578260,-117.064458,441.381186,46.982035,1.613889,10,1
22575.000000,33.578260,-117.064461,440.281984,46.905966,1.612928,10,1
22590.000000,33.578261,-117.064459,439.898021,46.938271,1.611940,10,1
22605.000000,33.578259,-117.064460,438.762852,46.949243,1.610924,10,1
22620.000000,33.578258,-117.064459,438.130558,46.756103,1.609881,10,1
22635.000000,33.578261,-117.064459,437.219269,46.672146,1.608812,10,1
22650.000000,33.578259,-117.064461,436.660261,46.667770,1.607716,10,1
22665.000000,33.578259,-117.064460,436.382911,46.401450,1.606594,10,1
22680.000000,33.578257,-117.064463,435.268247,46.435832,1.605446,10,1
22695.000000,33.578258,-117.064464,434.750364,46.166778,1.604273,10,1
22710.000000,33.578261,-117.064465,433.335607,46.372451,1.603076,10,1
22725.000000,33.578259,-117.064466,432.885905,46.264524,1.601853,10,1
22740.000000,33.578260,-117.064465,431.531612,46.231395,1.600607,10,1
22755.000000,33.578259,-117.064467,431.533269,46.057874,1.599336,10,1
22770.000000,33.578258,-117.064468,430.754326,45.973608,1.598042,10,1
22785.000000,33.578260,-117.064467,429.969586,46.000399,1.596725,10,1
22800.000000,33.578260,-117.064467,429.323235,45.870774,1.595385,10,1
22815.000000,33.578261,-117.064470,427.962469,45.949842,1.594024,10,1
22830.000000,33.578262,-117.064471,427.729766,45.779273,1.592640,10,1
22845.000000,33.578260,-117.064471,427.138561,45.621094,1.591234,10,1
22860.000000,33.578262,-117.064471,425.844649,45.595986,1.589808,10,1
22875.000000,33.578407,-117.064467,464.606270,42.856875,1.754588,9,1
22890.000000,33.578407,-117.064467,463.903452,42.835491,1.754578,9,1
22905.000000,33.578406,-117.064470,463.445235,42.864495,1.754537,9,1
22920.000000,33.578405,-117.064471,462.775517,42.860488,1.754465,9,1
22935.000000,33.578402,-117.064471,462.425013,42.651604,1.754364,9,1
22950.000000,33.578404,-117.064470,461.216434,42.784829,1.754232,9,1
22965.000000,33.578401,-117.064472,460.869979,42.805708,1.754070,9,1
22980.000000,33.578401,-117.064472,459.332561,42.772277,1.753878,9,1
22995.000000,33.578403,-117.064473,458.110838,42.830021,1.753655,9,1
23010.000000,33.578403,-117.064475,456.900533,42.848508,1.753403,9,1
23025.000000,33.578401,-117.064475,456.758917,42.900167,1.753121,9,1
23040.000000,33.578401,-117.064474,455.536446,42.888305,1.752810,9,1
23055.000000,33.578398,-117.064478,455.962478,42.720213,1.752469,9,1
23070.000000,33.578397,-117.064476,454.942128,42.710595,1.752098,9,1
23085.000000,33.578397,-117.064479,454.122108,42.669464,1.751698,9,1
23100.000000,33.578394,-117.064479,454.278779,42.492357,1.751269,9,1
23115.000000,33.578396,-117.064479,452.197824,42.712146,1.750811,9,1
23130.000000,33.578396,-117.064479,451.729553,42.707394,1.750324,9,1
23145.000000,33.578392,-117.064481,451.546347,42.387703,1.749809,9,1
23160.000000,33.578392,-117.064480,450.394950,42.493734,1.749264,9,1
23175.000000,33.578391,-117.064478,450.165241,42.279469,1.748692,9,1
23190.000000,33.578388,-117.064481,449.683602,42.096541,1.748091,9,1
23205.000000,33.578389,-117.064481,448.516433,42.265176,1.747463,9,1
23220.000000,33.578391,-117.064481,447.020780,42.229806,1.746807,9,1
23235.000000,33.578387,-117.064482,447.278461,42.037422,1.746123,9,1
23250.000000,33.578255,-117.064566,493.770422,41.930354,2.111622,8,1
23265.000000,33.578254,-117.064565,492.425657,41.914694,2.112926,8,1
23280.000000,33.578256,-117.064566,491.593655,41.841007,2.114182,8,1
23295.000000,33.578254,-117.064565,491.147417,41.944881,2.115389,8,1
23310.000000,33.578253,-117.064566,490.412131,41.996625,2.116547,8,1
23325.000000,33.578253,-117.064566,489.724283,42.026469,2.117654,8,1
23340.000000,33.578253,-117.064565,488.848261,42.090542,2.118712,8,1
23355.000000,33.578255,-117.064564,487.318642,41.994823,2.119720,8,1
23370.000000,33.578254,-117.064566,486.990577,42.081703,2.120677,8,1
23385.000000,33.578255,-117.064564,485.557250,42.123569,2.121584,8,1
23400.000000,33.578255,-117.064561,484.360709,42.137696,2.122439,8,1
23415.000000,33.578255,-117.064562,483.485543,42.129186,2.123244,8,1
23430.000000,33.578255,-117.064562,482.905925,42.162493,2.123997,8,1
23445.000000,33.578256,-117.064562,482.382414,42.119337,2.124699,8,1
23460.000000,33.578255,-117.064563,481.087418,42.077927,2.125350,8,1
23475.000000,33.578255,-117.064561,480.084246,42.179823,2.125949,8,1
23490.000000,33.578258,-117.064563,479.144098,42.150602,2.126496,8,1
23505.000000,33.578256,-117.064564,478.818915,42.325136,2.126991,8,1
23520.000000,33.578256,-117.064563,477.697390,42.277931,2.127435,8,1
23535.000000,33.578254,-117.064562,476.677129,42.423293,2.127827,8,1
23550.000000,33.578256,-117.064562,474.946071,42.274263,2.128167,8,1
23565.000000,33.578257,-117.064561,473.862775,42.205085,2.128455,8,1
23580.000000,33.578256,-117.064560,473.399034,42.186447,2.128691,8,1
23595.000000,33.578257,-117.064560,472.030763,42.146202,2.128875,8,1
23610.000000,33.578255,-117.064560,471.766722,42.205044,2.129007,8,1
23625.000000,33.578256,-117.064558,470.910719,42.213826,2.129087,8,1
23640.000000,33.578256,-117.064559,469.893276,42.247776,2.129116,8,1
23655.000000,33.578256,-117.064558,468.757559,42.218003,2.129093,8,1
23670.000000,33.578258,-117.064557,467.354747,42.073842,2.129018,8,1
23685.000000,33.578256,-117.064557,466.668460,42.148559,2.128892,8,1
23700.000000,33.578258,-117.064559,465.759300,42.075571,2.128715,8,1
23715.000000,33.578258,-117.064558,464.868664,42.085066,2.128486,8,1
23730.000000,33.578257,-117.064557,464.087468,42.037818,2.128207,8,1
23745.000000,33.578258,-117.064557,463.103977,41.990679,2.127877,8,1
23760.000000,33.578259,-117.064557,462.347386,41.868942,2.127496,8,1
23775.000000,33.578260,-117.064557,461.140817,41.947093,2.127065,8,1
23790.000000,33.578260,-117.064556,460.184118,41.794233,2.126584,8,1
23805.000000,33.578258,-117.064557,459.228407,41.914107,2.126053,8,1
23820.000000,33.578260,-117.064555,458.702277,41.853222,2.125472,8,1
23835.000000,33.578261,-117.064554,456.934211,41.793841,2.124842,8,1
23850.000000,33.578262,-117.064554,456.451650,41.694718,2.124164,8,1
23865.000000,33.578260,-117.064552,455.299911,41.689355,2.123436,8,1
23880.000000,33.578259,-117.064554,455.088251,41.612472,2.122660,8,1
23895.000000,33.578258,-117.064551,454.136439,41.751230,2.121837,8,1
23910.000000,33.578260,-117.064551,452.996142,41.511145,2.120965,8,1
23925.000000,33.578260,-117.064552,451.896458,41.498779,2.120046,8,1
23940.000000,33.578259,-117.064551,451.150483,41.499113,2.119081,8,1
23955.000000,33.578258,-117.064554,451.035757,41.462057,2.118069,8,1
23970.000000,33.578256,-117.064552,450.057036,41.503343,2.117010,8,1
23985.000000,33.578259,-117.064549,448.628421,41.309605,2.115907,8,1
24000.000000,33.578259,-117.064549,447.068246,41.269029,2.114758,8,1
24015.000000,33.578258,-117.064549,446.761715,41.187166,2.113564,8,1
24030.000000,33.578258,-117.064550,446.494663,41.211549,2.112325,8,1
24045.000000,33.578259,-117.064548,444.624819,41.121957,2.111043,8,1
24060.000000,33.578259,-117.064547,444.154413,41.055281,2.109718,8,1
24075.000000,33.578259,-117.064547,443.495543,41.089492,2.108349,8,1
24090.000000,33.578257,-117.064548,442.942231,41.066163,2.106939,8,1
24105.000000,33.578258,-117.064547,441.822955,40.901916,2.105486,8,1
24120.000000,33.578258,-117.064547,440.851143,40.792186,2.103992,8,1
24135.000000,33.578257,-117.064549,440.449377,40.939149,2.102457,8,1
24150.000000,33.578259,-117.064547,439.492372,40.694805,2.100882,8,1
24165.000000,33.578259,-117.064546,438.581098,40.638599,2.099267,8,1
24180.000000,33.578258,-117.064545,437.907668,40.576432,2.097612,8,1
24195.000000,33.578258,-117.064546,436.254978,40.512125,2.095919,8,1
24210.000000,33.578259,-117.064544,436.138091,40.295677,2.094188,8,1
24225.000000,33.578256,-117.064546,435.732412,40.374753,2.092420,8,1
24240.000000,33.578255,-117.064545,435.059410,40.350091,2.090614,8,1
24255.000000,33.578256,-117.064542,434.281029,40.090434,2.088772,8,1
24270.000000,33.578162,-117.064493,465.821674,38.406022,1.747574,9,1
24285.000000,33.578159,-117.064490,465.483344,38.333461,1.747776,9,1
24300.000000,33.578163,-117.064491,463.562644,38.169179,1.747949,9,1
24315.000000,33.578160,-117.064488,463.738951,38.166486,1.748091,9,1
24330.000000,33.578160,-117.064487,463.021492,38.090347,1.748204,9,1
24345.000000,33.578160,-117.064489,462.441124,38.010703,1.748286,9,1
24360.000000,33.578157,-117.064486,462.258071,38.129571,1.748338,9,1
24375.000000,33.578159,-117.064486,460.854157,37.879962,1.748360,9,1
24390.000000,33.578158,-117.064482,460.282002,37.821650,1.748352,9,1
24405.000000,33.578157,-117.064484,460.112663,37.951055,1.748315,9,1
24420.000000,33.578158,-117.064483,458.627809,37.814078,1.748247,9,1
24435.000000,33.578157,-117.064483,457.883272,37.760809,1.748151,9,1
24450.000000,33.578155,-117.064481,457.531442,37.727856,1.748024,9,1
24465.000000,33.578153,-117.064481,457.410038,37.710326,1.747868,9,1
24480.000000,33.578153,-117.064480,456.065356,37.581964,1.747683,9,1
24495.000000,33.578152,-117.064478,455.949133,37.524719,1.747469,9,1
24510.000000,33.578151,-117.064476,454.947291,37.537671,1.747226,9,1
24525.000000,33.578151,-117.064477,454.786817,37.523786,1.746954,9,1
24540.000000,33.578259,-117.064421,480.934285,38.078005,1.591142,10,1
24555.000000,33.578255,-117.064417,479.689948,38.023717,1.591839,10,1
24570.000000,33.578260,-117.064418,479.493511,38.015871,1.592513,10,1
24585.000000,33.578258,-117.064414,480.324901,38.383566,1.593166,10,1
24600.000000,33.578260,-117.064411,479.222398,38.315089,1.593796,10,1
24615.000000,33.578259,-117.064412,478.222602,38.102695,1.594404,10,1
24630.000000,33.578259,-117.064410,477.227596,37.940833,1.594989,10,1
24645.000000,33.578255,-117.064411,475.257428,37.621518,1.595552,10,1
24660.000000,33.578256,-117.064406,476.643279,38.182763,1.596092,10,1
24675.000000,33.578259,-117.064407,476.342939,38.272603,1.596610,10,1
24690.000000,33.578257,-117.064405,474.831693,37.809025,1.597105,10,1
24705.000000,33.578258,-117.064406,474.889612,38.089798,1.597577,10,1
24720.000000,33.578255,-117.064404,473.878754,37.910967,1.598027,10,1
24735.000000,33.578253,-117.064402,472.120063,37.588500,1.598455,10,1
24750.000000,33.578255,-117.064399,472.741391,37.983766,1.598859,10,1
24765.000000,33.578257,-117.064401,471.953533,37.756820,1.599241,10,1
24780.000000,33.578255,-117.064400,471.311305,37.753520,1.599601,10,1
24795.000000,33.578255,-117.064395,470.812143,38.007082,1.599937,10,1
24810.000000,33.578254,-117.064397,469.583782,37.580502,1.600251,10,1
24825.000000,33.578252,-117.064396,469.137849,37.498902,1.600543,10,1
24840.000000,33.578256,-117.064391,469.767654,37.834205,1.600812,10,1
24855.000000,33.578253,-117.064391,467.786213,37.576371,1.601058,10,1
24870.000000,33.578252,-117.064390,467.825740,37.438455,1.601282,10,1
24885.000000,33.578252,-117.064389,467.972697,37.964135,1.601483,10,1
24900.000000,33.578255,-117.064388,466.844740,37.549797,1.601662,10,1
24915.000000,33.578254,-117.064388,465.496769,37.504853,1.601819,10,1
24930.000000,33.578250,-117.064387,464.993191,37.347546,1.601953,10,1
24945.000000,33.578253,-117.064385,464.881205,37.534950,1.602065,10,1
24960.000000,33.578251,-117.064384,463.996466,37.283473,1.602154,10,1
24975.000000,33.578248,-117.064385,462.763852,36.976230,1.602222,10,1
24990.000000,33.578254,-117.064383,463.067594,37.351318,1.602267,10,1
25005.000000,33.578250,-117.064379,462.611600,37.136932,1.602291,10,1
25020.000000,33.578248,-117.064379,460.911359,36.861856,1.602293,10,1
25035.000000,33.578254,-117.064378,461.245646,37.290622,1.602272,10,1
25050.000000,33.578250,-117.064375,460.655235,37.087165,1.602230,10,1
25065.000000,33.578247,-117.064376,459.805528,36.958031,1.602167,10,1
25080.000000,33.578251,-117.064372,460.153663,37.366983,1.602082,10,1
25095.000000,33.578247,-117.064377,457.968017,36.613108,1.601975,10,1
25110.000000,33.578249,-117.064374,458.489358,36.928221,1.601847,10,1
25125.000000,33.578251,-117.064370,457.948176,36.989221,1.601698,10,1
25140.000000,33.578245,-117.064372,456.512182,36.468504,1.601528,10,1
25155.000000,33.578252,-117.064370,456.789551,36.715651,1.601337,10,1
25170.000000,33.578249,-117.064370,455.765913,36.665899,1.601125,10,1
25185.000000,33.578246,-117.064368,454.896536,36.677330,1.600893,10,1
25200.000000,33.578251,-117.064366,454.964684,36.394805,1.600639,10,1
25215.000000,33.578247,-117.064369,453.341192,36.131202,1.600366,10,1
25230.000000,33.578247,-117.064366,453.367302,36.480438,1.600072,10,1
25245.000000,33.578247,-117.064364,452.421379,36.397706,1.599758,10,1
25260.000000,33.578243,-117.064367,451.128624,36.018505,1.599424,10,1
25275.000000,33.578246,-117.064361,452.041569,36.422210,1.599070,10,1
25290.000000,33.578242,-117.064361,451.328426,36.330608,1.598697,10,1
25305.000000,33.578243,-117.064362,449.740376,35.927489,1.598304,10,1
25320.000000,33.578243,-117.064362,449.764802,36.222452,1.597892,10,1
25335.000000,33.578240,-117.064361,449.392791,35.812514,1.597461,10,1
25350.000000,33.578243,-117.064358,449.031163,35.801413,1.597010,10,1
25365.000000,33.578241,-117.064356,447.838601,35.813182,1.596541,10,1
25380.000000,33.578244,-117.064358,447.701453,35.438379,1.596053,10,1
25395.000000,33.578246,-117.064359,447.379754,35.533687,1.595547,10,1
25410.000000,33.578243,-117.064357,446.699085,35.574880,1.595022,10,1
25425.000000,33.578239,-117.064356,446.596708,35.546631,1.594480,10,1
25440.000000,33.578241,-117.064356,445.538910,35.199793,1.593919,10,1
25455.000000,33.578241,-117.064353,445.376645,35.300917,1.593341,10,1
25470.000000,33.578239,-117.064351,444.569481,35.437417,1.592745,10,1
25485.000000,33.578240,-117.064350,444.622512,35.282016,1.592132,10,1
25500.000000,33.578241,-117.064353,443.979802,34.958254,1.591502,10,1
25515.000000,33.578239,-117.064349,443.323013,35.168075,1.590855,10,1
25530.000000,33.578239,-117.064349,442.817308,35.049028,1.590191,10,1
25545.000000,33.578240,-117.064348,442.844712,35.134920,1.589510,10,1
25560.000000,33.578240,-117.064350,441.757638,34.916062,1.588814,10,1
25575.000000,33.578238,-117.064347,441.348779,34.898377,1.588101,10,1
25590.000000,33.578236,-117.064346,441.440787,34.779632,1.587372,10,1
25605.000000,33.578236,-117.064347,440.854052,34.543044,1.586628,10,1
25620.000000,33.578233,-117.064344,439.845533,34.746710,1.585868,10,1
25635.000000,33.578238,-117.064345,439.911309,34.557857,1.585093,10,1
25650.000000,33.578238,-117.064345,439.735011,34.122527,1.584303,10,1
25665.000000,33.578239,-117.064343,439.012098,34.229635,1.583498,10,1
25680.000000,33.578235,-117.064341,438.233763,34.331883,1.582679,10,1
25695.000000,33.578234,-117.064340,437.768687,34.413315,1.581845,10,1
25710.000000,33.578233,-117.064339,437.196228,34.351222,1.580997,10,1
25725.000000,33.578229,-117.064335,435.815171,34.431713,1.580135,10,1
25740.000000,33.578232,-117.064339,436.586342,34.127810,1.579259,10,1
25755.000000,33.578233,-117.064337,435.845118,33.891306,1.578370,10,1
25770.000000,33.578234,-117.064336,436.402701,33.613726,1.577468,10,1
25785.000000,33.578236,-117.064337,436.003024,33.593416,1.576552,10,1
25800.000000,33.578232,-117.064337,435.042430,33.613274,1.575624,10,1
25815.000000,33.578232,-117.064335,434.884242,33.658732,1.574683,10,1
25830.000000,33.578234,-117.064337,434.855828,33.232239,1.573730,10,1
25845.000000,33.578235,-117.064334,434.216964,33.374067,1.572765,10,1
25860.000000,33.578231,-117.064334,433.154371,33.391650,1.571787,10,1
25875.000000,33.578230,-117.064333,433.155773,33.351049,1.570798,10,1
25890.000000,33.578234,-117.064335,432.936913,32.892096,1.569798,10,1
25905.000000,33.578230,-117.064333,432.446628,32.962076,1.568786,10,1
25920.000000,33.578229,-117.064332,431.783980,33.117697,1.567764,10,1
25935.000000,33.578232,-117.064332,431.792697,32.796612,1.566730,10,1
25950.000000,33.578229,-117.064329,431.430302,32.694994,1.565686,10,1
25965.000000,33.578228,-117.064330,430.817794,32.670725,1.564632,10,1
25980.000000,33.578231,-117.064331,430.191050,32.482490,1.563567,10,1
25995.000000,33.578226,-117.064330,430.094452,32.464556,1.562493,10,1
26010.000000,33.578225,-117.064331,430.008154,32.379938,1.561409,10,1
26025.000000,33.578228,-117.064331,429.770114,32.307219,1.560316,10,1
26040.000000,33.578224,-117.064330,429.052857,32.278317,1.559213,10,1
26055.000000,33.578225,-117.064330,428.569443,32.019574,1.558101,10,1
26070.000000,33.578223,-117.064328,427.967003,32.117439,1.556981,10,1
26085.000000,33.578227,-117.064329,428.644401,31.550397,1.555852,10,1
26100.000000,33.578225,-117.064327,427.935425,31.932422,1.554715,10,1
26115.000000,33.578227,-117.064328,428.244591,31.457477,1.553569,10,1
26130.000000,33.578222,-117.064329,427.276763,31.787227,1.552416,10,1
26145.000000,33.578227,-117.064330,427.449114,31.308913,1.551255,10,1
26160.000000,33.578224,-117.064326,426.536196,31.564501,1.550086,10,1
26175.000000,33.578223,-117.064327,426.545778,31.252070,1.548910,10,1
26190.000000,33.578221,-117.064326,425.710484,31.465968,1.547728,10,1
26205.000000,33.578222,-117.064327,426.029788,31.111673,1.546538,10,1
26220.000000,33.578220,-117.064325,425.454618,31.168666,1.545342,10,1
26235.000000,33.578224,-117.064327,425.539948,30.977635,1.544139,10,1
26250.000000,33.578224,-117.064325,425.595657,30.820199,1.542930,10,1
26265.000000,33.578222,-117.064326,425.262127,30.598582,1.541715,10,1
26280.000000,33.578223,-117.064326,425.678221,30.538639,1.540495,10,1
26295.000000,33.578513,-117.064405,477.689063,22.837275,1.918116,9,1
26310.000000,33.578508,-117.064402,476.691271,22.745640,1.920065,9,1
26325.000000,33.578510,-117.064403,476.808970,22.875160,1.921997,9,1
26340.000000,33.578509,-117.064402,476.551291,22.922438,1.923913,9,1
26355.000000,33.578505,-117.064401,476.031224,22.804278,1.925810,9,1
26370.000000,33.578504,-117.064402,475.352430,22.878745,1.927690,9,1
26385.000000,33.578503,-117.064402,475.156772,22.954539,1.929552,9,1
26400.000000,33.578501,-117.064400,474.312685,22.953020,1.931394,9,1
26415.000000,33.578502,-117.064401,473.857185,23.003327,1.933217,9,1
26430.000000,33.578500,-117.064403,474.223098,22.990343,1.935020,9,1
26445.000000,33.578497,-117.064401,473.254229,23.043842,1.936803,9,1
26460.000000,33.578495,-117.064398,472.771364,23.008791,1.938564,9,1
26475.000000,33.578491,-117.064400,472.596967,23.008108,1.940305,9,1
26490.000000,33.578491,-117.064400,471.973789,23.082994,1.942024,9,1
26505.000000,33.578491,-117.064401,471.665202,23.140032,1.943720,9,1
26520.000000,33.578488,-117.064399,470.679858,23.157282,1.945394,9,1
26535.000000,33.578488,-117.064400,470.914916,23.159068,1.947045,9,1
26550.000000,33.578485,-117.064398,470.531704,23.005499,1.948672,9,1
26565.000000,33.578485,-117.064396,469.751706,23.098318,1.950275,9,1
26580.000000,33.578484,-117.064397,469.020209,23.109369,1.951853,9,1
26595.000000,33.578484,-117.064397,468.967870,23.249783,1.953406,9,1
26610.000000,33.578479,-117.064398,468.750355,23.260952,1.954934,9,1
26625.000000,33.578478,-117.064397,468.455386,23.283474,1.956435,9,1
26640.000000,33.578478,-117.064394,468.098386,23.301867,1.957910,9,1
26655.000000,33.578477,-117.064396,467.542246,23.254942,1.959358,9,1
26670.000000,33.578476,-117.064394,467.063847,23.394466,1.960778,9,1
26685.000000,33.578473,-117.064394,466.579023,23.395129,1.962171,9,1
26700.000000,33.578471,-117.064394,465.569539,23.237423,1.963535,9,1
26715.000000,33.578469,-117.064395,465.562617,23.382282,1.964870,9,1
26730.000000,33.578465,-117.064393,465.185693,23.401772,1.966176,9,1
26745.000000,33.578466,-117.064393,464.549600,23.450482,1.967452,9,1
26760.000000,33.578463,-117.064393,464.203978,23.346296,1.968698,9,1
26775.000000,33.578463,-117.064390,463.631094,23.460656,1.969913,9,1
26790.000000,33.578461,-117.064392,463.280852,23.413329,1.971097,9,1
26805.000000,33.578461,-117.064391,463.458056,23.590468,1.972249,9,1
26820.000000,33.578455,-117.064390,462.391608,23.447910,1.973369,9,1
26835.000000,33.578455,-117.064391,462.098567,23.384318,1.974457,9,1
26850.000000,33.578452,-117.064390,461.118365,23.445652,1.975512,9,1
26865.000000,33.578448,-117.064390,460.867737,23.511963,1.976534,9,1
26880.000000,33.578445,-117.064390,460.302400,23.550378,1.977522,9,1
26895.000000,33.578442,-117.064391,459.719272,23.407518,1.978476,9,1
26910.000000,33.578443,-117.064389,459.561748,23.518293,1.979395,9,1
26925.000000,33.578437,-117.064389,458.985125,23.470327,1.980279,9,1
26940.000000,33.578436,-117.064385,458.097045,23.504133,1.981128,9,1
26955.000000,33.578435,-117.064386,457.536537,23.462575,1.981942,9,1
26970.000000,33.578431,-117.064386,457.083340,23.401850,1.982719,9,1
26985.000000,33.578430,-117.064386,456.656871,23.627906,1.983460,9,1
27000.000000,33.578429,-117.064386,456.187681,23.485594,1.984164,9,1
27015.000000,33.578428,-117.064386,455.718976,23.662382,1.984831,9,1
27030.000000,33.578423,-117.064385,455.234501,23.418556,1.985461,9,1
27045.000000,33.578421,-117.064385,454.992410,23.521621,1.986053,9,1
27060.000000,33.578417,-117.064384,454.853263,23.405745,1.986606,9,1
27075.000000,33.578416,-117.064382,453.904168,23.547503,1.987122,9,1
27090.000000,33.578412,-117.064383,453.786814,23.499536,1.987599,9,1
27105.000000,33.578411,-117.064383,453.256438,23.648312,1.988036,9,1
27120.000000,33.578406,-117.064383,452.677658,23.479921,1.988435,9,1
27135.000000,33.578404,-117.064381,451.818631,23.539541,1.988794,9,1
27150.000000,33.578401,-117.064382,451.745783,23.631255,1.989113,9,1
27165.000000,33.578402,-117.064380,451.007657,23.625011,1.989393,9,1
27180.000000,33.578399,-117.064379,450.589595,23.488348,1.989632,9,1
27195.000000,33.578399,-117.064378,450.175911,23.651520,1.989830,9,1
27210.000000,33.578393,-117.064379,449.728012,23.515185,1.989988,9,1
27225.000000,33.578391,-117.064376,448.665555,23.599068,1.990106,9,1
27240.000000,33.578388,-117.064378,447.963449,23.652061,1.990182,9,1
27255.000000,33.578387,-117.064376,447.714310,23.738841,1.990217,9,1
27270.000000,33.578383,-117.064378,447.679021,23.626631,1.990211,9,1
27285.000000,33.578381,-117.064375,446.734939,23.620907,1.990164,9,1
27300.000000,33.578377,-117.064376,446.540484,23.456674,1.990075,9,1
27315.000000,33.578375,-117.064373,445.421232,23.528424,1.989944,9,1
27330.000000,33.578374,-117.064376,445.486614,23.545481,1.989771,9,1
27345.000000,33.578372,-117.064376,444.691922,23.584282,1.989557,9,1
27360.000000,33.578369,-117.064376,444.901916,23.521927,1.989301,9,1
27375.000000,33.578368,-117.064375,443.917195,23.579014,1.989003,9,1
27390.000000,33.578361,-117.064373,443.452208,23.397978,1.988663,9,1
27405.000000,33.578360,-117.064373,443.207266,23.516683,1.988281,9,1
27420.000000,33.578356,-117.064374,442.632429,23.345053,1.987857,9,1
27435.000000,33.578355,-117.064371,441.664176,23.426716,1.987391,9,1
27450.000000,33.578353,-117.064373,441.901420,23.415762,1.986883,9,1
27465.000000,33.578349,-117.064370,440.627889,23.485194,1.986333,9,1
27480.000000,33.578346,-117.064373,440.572140,23.418116,1.985741,9,1
27495.000000,33.578342,-117.064371,440.012220,23.416621,1.985107,9,1
27510.000000,33.578339,-117.064373,439.428123,23.284642,1.984432,9,1
27525.000000,33.578339,-117.064370,439.005382,23.309820,1.983715,9,1
27540.000000,33.578335,-117.064370,438.905378,23.215349,1.982956,9,1
27555.000000,33.578333,-117.064370,437.931542,23.216819,1.982156,9,1
27570.000000,33.578330,-117.064369,437.724787,23.172545,1.981315,9,1
27585.000000,33.578329,-117.064370,437.204852,23.126360,1.980432,9,1
27600.000000,33.578325,-117.064369,436.633573,23.143925,1.979509,9,1
27615.000000,33.578321,-117.064368,436.460101,23.077568,1.978545,9,1
27630.000000,33.578320,-117.064366,435.671187,23.174552,1.977540,9,1
27645.000000,33.578317,-117.064366,435.498187,23.019956,1.976495,9,1
27660.000000,33.578313,-117.064363,434.297024,23.080200,1.975410,9,1
27675.000000,33.578309,-117.064366,434.744682,22.922815,1.974285,9,1
27690.000000,33.578308,-117.064364,433.914323,23.026300,1.973120,9,1
27705.000000,33.578302,-117.064363,433.347672,22.851384,1.971916,9,1
27720.000000,33.578301,-117.064365,433.247242,22.781006,1.970672,9,1
27735.000000,33.578298,-117.064365,432.767268,22.788020,1.969390,9,1
27750.000000,33.578295,-117.064364,432.242234,22.785295,1.968069,9,1
27765.000000,33.578292,-117.064363,431.705262,22.718151,1.966710,9,1
27780.000000,33.578290,-117.064364,431.215888,22.661658,1.965313,9,1
27795.000000,33.578287,-117.064361,430.604116,22.735875,1.963879,9,1
27810.000000,33.578284,-117.064360,429.813122,22.562825,1.962407,9,1
27825.000000,33.578281,-117.064363,430.152951,22.598591,1.960899,9,1
27840.000000,33.578280,-117.064361,429.273814,22.487036,1.959354,9,1
27855.000000,33.578276,-117.064362,429.084040,22.375782,1.957773,9,1
27870.000000,33.578275,-117.064361,428.888254,22.403003,1.956156,9,1
27885.000000,33.578271,-117.064362,428.997080,22.313549,1.954504,9,1
27900.000000,33.578270,-117.064358,428.529966,22.162889,1.952817,9,1
27915.000000,33.578267,-117.064361,428.359136,22.263308,1.951095,9,1
27930.000000,33.578263,-117.064357,427.462172,22.408767,1.949339,9,1
27945.000000,33.578260,-117.064358,426.946826,22.266622,1.947550,9,1
27960.000000,33.578258,-117.064360,426.619592,22.243203,1.945728,9,1
27975.000000,33.578255,-117.064358,426.029389,22.137525,1.943873,9,1
27990.000000,33.578253,-117.064358,425.828677,22.056764,1.941986,9,1
28005.000000,33.578251,-117.064358,425.348048,21.934580,1.940067,9,1
28020.000000,33.578247,-117.064357,424.787518,21.950058,1.938116,9,1
28035.000000,33.578247,-117.064357,424.432059,21.921856,1.936135,9,1
28050.000000,33.578244,-117.064357,424.451832,21.941033,1.934124,9,1
28065.000000,33.578241,-117.064355,424.087882,21.806208,1.932082,9,1
28080.000000,33.578238,-117.064354,424.216504,21.732999,1.930012,9,1
28095.000000,33.578237,-117.064354,423.545846,21.749160,1.927912,9,1
28110.000000,33.578234,-117.064354,422.967543,21.790977,1.925785,9,1
28125.000000,33.578232,-117.064355,422.731464,21.570741,1.923629,9,1
28140.000000,33.578228,-117.064356,422.737285,21.503390,1.921447,9,1
28155.000000,33.578226,-117.064355,422.523562,21.468295,1.919237,9,1
28170.000000,33.578227,-117.064352,421.793341,21.403838,1.917002,9,1
28185.000000,33.578223,-117.064353,421.528182,21.367141,1.914741,9,1
28200.000000,33.578220,-117.064352,421.098531,21.256958,1.912455,9,1
28215.000000,33.578219,-117.064352,420.094971,21.258854,1.910144,9,1
28230.000000,33.578216,-117.064354,420.088708,21.378017,1.907809,9,1
28245.000000,33.578214,-117.064354,420.017123,21.259931,1.905451,9,1
28260.000000,33.578211,-117.064352,419.827169,21.170177,1.903070,9,1
28275.000000,33.578208,-117.064351,419.394106,21.088219,1.900667,9,1
28290.000000,33.578205,-117.064351,419.922322,20.971705,1.898241,9,1
28305.000000,33.578205,-117.064349,419.129849,20.842413,1.895795,9,1
28320.000000,33.578201,-117.064352,418.864149,20.915062,1.893328,9,1
28335.000000,33.578200,-117.064349,418.317378,20.732953,1.890841,9,1
28350.000000,33.578199,-117.064351,418.246071,20.720383,1.888334,9,1
28365.000000,33.578197,-117.064350,418.758134,20.474443,1.885808,9,1
28380.000000,33.578195,-117.064349,417.878859,20.516373,1.883263,9,1
28395.000000,33.578192,-117.064348,417.775090,20.477941,1.880701,9,1
28410.000000,33.578189,-117.064351,417.642312,20.314166,1.878121,9,1
28425.000000,33.578186,-117.064349,417.665118,20.224164,1.875525,9,1
28440.000000,33.578185,-117.064347,417.315231,20.155127,1.872912,9,1
28455.000000,33.578181,-117.064350,417.569731,20.103685,1.870284,9,1
28470.000000,33.578182,-117.064348,416.941667,20.102330,1.867640,9,1
28485.000000,33.578181,-117.064347,416.046198,20.171362,1.864982,9,1
28500.000000,33.578178,-117.064350,416.425029,20.132526,1.862309,9,1
28515.000000,33.578175,-117.064349,415.986802,20.025922,1.859623,9,1
28530.000000,33.578174,-117.064348,415.573181,20.003631,1.856924,9,1
28545.000000,33.578172,-117.064346,415.108567,19.828976,1.854212,9,1
28560.000000,33.578168,-117.064348,415.364339,19.768290,1.851488,9,1
28575.000000,33.578168,-117.064350,415.874881,19.609417,1.848753,9,1
28590.000000,33.578167,-117.064348,414.806760,19.662844,1.846007,9,1
28605.000000,33.578163,-117.064349,414.916383,19.604539,1.843251,9,1
28620.000000,33.578163,-117.064349,414.623955,19.593416,1.840484,9,1
28635.000000,33.578162,-117.064348,414.116105,19.496423,1.837708,9,1
28650.000000,33.578152,-117.064370,421.664250,21.326700,2.063463,8,1
28665.000000,33.578153,-117.064368,420.972487,21.209720,2.061104,8,1
28680.000000,33.578151,-117.064369,420.883271,21.118694,2.058726,8,1
28695.000000,33.578147,-117.064370,420.629654,21.101697,2.056328,8,1
28710.000000,33.578145,-117.064367,419.896611,21.111347,2.053911,8,1
28725.000000,33.578144,-117.064367,419.715194,21.085796,2.051476,8,1
28740.000000,33.578142,-117.064367,419.429838,21.028414,2.049024,8,1
28755.000000,33.578141,-117.064366,419.836980,20.929604,2.046554,8,1
28770.000000,33.578143,-117.064364,418.570077,20.766375,2.044067,8,1
28785.000000,33.578139,-117.064364,418.920008,20.743629,2.041563,8,1
28800.000000,33.578138,-117.064366,418.850294,20.803040,2.039044,8,1
28815.000000,33.578137,-117.064365,418.281400,20.765443,2.036509,8,1
28830.000000,33.578136,-117.064365,417.565417,20.729579,2.033960,8,1
28845.000000,33.578136,-117.064361,417.308657,20.430657,2.031395,8,1
28860.000000,33.578133,-117.064364,417.585005,20.410022,2.028817,8,1
28875.000000,33.578131,-117.064361,417.348849,20.387298,2.026226,8,1
28890.000000,33.578133,-117.064360,416.656918,20.331450,2.023621,8,1
28905.000000,33.578130,-117.064362,416.955929,20.192046,2.021004,8,1
28920.000000,33.578129,-117.064360,415.966112,20.136954,2.018374,8,1
28935.000000,33.578130,-117.064360,415.589402,20.052549,2.015733,8,1
28950.000000,33.578127,-117.064361,415.830850,20.080961,2.013081,8,1
28965.000000,33.578127,-117.064358,415.556394,19.988909,2.010417,8,1
28980.000000,33.578126,-117.064360,415.108415,19.980439,2.007744,8,1
28995.000000,33.578124,-117.064361,415.480480,19.921432,2.005060,8,1
29010.000000,33.578123,-117.064358,415.135083,19.850791,2.002367,8,1
29025.000000,33.578121,-117.064360,414.922998,19.830853,1.999665,8,1
29040.000000,33.578120,-117.064359,413.915485,19.839607,1.996954,8,1
29055.000000,33.578121,-117.064358,414.120897,19.705115,1.994234,8,1
29070.000000,33.578118,-117.064358,414.536241,19.515493,1.991507,8,1
29085.000000,33.578120,-117.064354,413.529113,19.470267,1.988772,8,1
29100.000000,33.578119,-117.064357,413.600869,19.383788,1.986031,8,1
29115.000000,33.578117,-117.064357,413.098812,19.559674,1.983282,8,1
29130.000000,33.578116,-117.064356,413.358008,19.430465,1.980527,8,1
29145.000000,33.578115,-117.064355,412.708698,19.442494,1.977766,8,1
29160.000000,33.578116,-117.064353,412.656205,19.204990,1.975000,8,1
29175.000000,33.578112,-117.064354,413.012299,19.106889,1.972228,8,1
29190.000000,33.578114,-117.064352,412.305121,18.966374,1.969452,8,1
29205.000000,33.578114,-117.064352,412.273701,18.867960,1.966671,8,1
29220.000000,33.578114,-117.064352,411.812501,18.953494,1.963885,8,1
29235.000000,33.578112,-117.064351,411.437526,18.899861,1.961096,8,1
29250.000000,33.578112,-117.064351,411.409107,18.785828,1.958303,8,1
29265.000000,33.578112,-117.064351,411.162111,18.746630,1.955508,8,1
29280.000000,33.578109,-117.064349,411.194934,18.602892,1.952709,8,1
29295.000000,33.578110,-117.064350,411.303123,18.471446,1.949908,8,1
29310.000000,33.578109,-117.064350,411.103345,18.466256,1.947104,8,1
29325.000000,33.578108,-117.064351,411.136426,18.364036,1.944299,8,1
29340.000000,33.578108,-117.064352,410.985392,18.366627,1.941492,8,1
29355.000000,33.578107,-117.064351,410.395508,18.344686,1.938683,8,1
29370.000000,33.578107,-117.064347,409.714150,18.246288,1.935874,8,1
29385.000000,33.578107,-117.064348,409.960493,18.143927,1.933063,8,1
29400.000000,33.578106,-117.064351,409.972649,18.101500,1.930252,8,1
29415.000000,33.578105,-117.064349,410.171928,17.918059,1.927441,8,1
29430.000000,33.578107,-117.064346,409.544279,17.798839,1.924630,8,1
29445.000000,33.578105,-117.064345,409.254943,17.885223,1.921820,8,1
29460.000000,33.578104,-117.064348,409.007476,17.907929,1.919010,8,1
29475.000000,33.578104,-117.064348,408.914954,17.788076,1.916200,8,1
29490.000000,33.578103,-117.064348,409.520372,17.725369,1.913392,8,1
29505.000000,33.578103,-117.064348,409.077511,17.700556,1.910584,8,1
29520.000000,33.578106,-117.064346,409.134278,17.448197,1.907779,8,1
29535.000000,33.578104,-117.064349,408.911865,17.565920,1.904975,8,1
29550.000000,33.578103,-117.064350,409.041968,17.460993,1.902173,8,1
29565.000000,33.578104,-117.064347,407.472244,17.400759,1.899373,8,1
29580.000000,33.578101,-117.064350,408.598641,17.312175,1.896575,8,1
29595.000000,33.578100,-117.064348,408.862034,17.290598,1.893780,8,1
29610.000000,33.578104,-117.064346,407.900784,17.156681,1.890988,8,1
29625.000000,33.578102,-117.064345,407.855418,17.178804,1.888199,8,1
29640.000000,33.578102,-117.064346,407.298387,17.168329,1.885413,8,1
29655.000000,33.578100,-117.064348,406.816168,17.246109,1.882630,8,1
29670.000000,33.578101,-117.064347,407.075510,17.096900,1.879851,8,1
29685.000000,33.578099,-117.064346,407.828252,16.989255,1.877075,8,1
29700.000000,33.578101,-117.064343,407.566774,16.759153,1.874303,8,1
29715.000000,33.578100,-117.064346,407.133328,16.804693,1.871535,8,1
29730.000000,33.578101,-117.064345,406.967372,16.738464,1.868772,8,1
29745.000000,33.578099,-117.064345,407.028340,16.715637,1.866012,8,1
29760.000000,33.578099,-117.064345,407.268012,16.600427,1.863257,8,1
29775.000000,33.578099,-117.064346,407.189795,16.571098,1.860507,8,1
29790.000000,33.578099,-117.064344,407.149805,16.426421,1.857761,8,1
29805.000000,33.578099,-117.064345,407.534070,16.390291,1.855021,8,1
29820.000000,33.578102,-117.064344,405.939336,16.354715,1.852285,8,1
29835.000000,33.578099,-117.064347,406.326599,16.342448,1.849555,8,1
29850.000000,33.578098,-117.064348,406.430799,16.383187,1.846829,8,1
29865.000000,33.578100,-117.064344,406.113460,16.160543,1.844110,8,1
29880.000000,33.578100,-117.064342,406.403492,16.019812,1.841395,8,1
29895.000000,33.578100,-117.064342,406.276273,15.960574,1.838687,8,1
29910.000000,33.578098,-117.064344,406.154033,16.028533,1.835984,8,1
29925.000000,33.578099,-117.064345,405.836587,15.956348,1.833286,8,1
29940.000000,33.578101,-117.064344,405.468233,15.825126,1.830595,8,1
29955.000000,33.578102,-117.064344,406.707572,15.613495,1.827910,8,1
29970.000000,33.578100,-117.064344,406.721945,15.630904,1.825231,8,1
29985.000000,33.578101,-117.064344,406.027146,15.571995,1.822558,8,1
30000.000000,33.578101,-117.064344,405.358478,15.659900,1.819892,8,1
30015.000000,33.578097,-117.064346,406.004862,15.659189,1.817232,8,1
30030.000000,33.578099,-117.064345,405.868279,15.419754,1.814578,8,1
30045.000000,33.578101,-117.064342,405.514800,15.302581,1.811931,8,1
30060.000000,33.578102,-117.064345,405.714306,15.276055,1.809291,8,1
30075.000000,33.578100,-117.064345,405.716140,15.307274,1.806657,8,1
30090.000000,33.578100,-117.064346,405.395116,15.284095,1.804030,8,1
30105.000000,33.578100,-117.064347,405.512721,15.223764,1.801410,8,1
30120.000000,33.578105,-117.064344,404.936157,15.005226,1.798797,8,1
30135.000000,33.578463,-117.064466,449.936590,35.266223,1.590883,9,1
30150.000000,33.578460,-117.064468,449.723040,35.251279,1.590510,9,1
30165.000000,33.578463,-117.064467,448.342284,35.352370,1.590125,9,1
30180.000000,33.578462,-117.064466,448.046598,35.345838,1.589729,9,1
30195.000000,33.578464,-117.064467,447.978119,35.466493,1.589321,9,1
30210.000000,33.578463,-117.064466,447.876600,35.330897,1.588900,9,1
30225.000000,33.578460,-117.064466,446.706661,35.093110,1.588468,9,1
30240.000000,33.578464,-117.064469,447.060409,35.551479,1.588024,9,1
30255.000000,33.578463,-117.064470,446.863474,35.698887,1.587568,9,1
30270.000000,33.578462,-117.064467,446.018471,35.401492,1.587100,9,1
30285.000000,33.578460,-117.064463,444.892112,35.094622,1.586620,9,1
30300.000000,33.578463,-117.064466,445.585470,35.496913,1.586128,9,1
30315.000000,33.578461,-117.064467,445.777752,35.670145,1.585624,9,1
30330.000000,33.578459,-117.064465,444.614724,35.456400,1.585109,9,1
30345.000000,33.578458,-117.064463,443.622495,35.242852,1.584581,9,1
30360.000000,33.578464,-117.064463,443.580578,35.658715,1.584042,9,1
30375.000000,33.578458,-117.064467,444.031700,35.532836,1.583491,9,1
30390.000000,33.578458,-117.064467,442.777649,35.339944,1.582928,9,1
30405.000000,33.578463,-117.064466,442.296022,35.633659,1.582354,9,1
30420.000000,33.578462,-117.064464,442.615819,35.658862,1.581768,9,1
30435.000000,33.578460,-117.064464,442.320076,35.451665,1.581170,9,1
30450.000000,33.578457,-117.064464,440.641027,35.274610,1.580560,9,1
30465.000000,33.578463,-117.064464,440.491310,35.606783,1.579939,9,1
30480.000000,33.578462,-117.064464,440.639978,35.683234,1.579306,9,1
30495.000000,33.578459,-117.064466,440.012302,35.606919,1.578662,9,1
30510.000000,33.578460,-117.064464,439.754379,35.488849,1.578006,9,1
30525.000000,33.578466,-117.064467,439.153731,36.119113,1.577339,9,1
30540.000000,33.578465,-117.064466,438.244835,35.934639,1.576660,9,1
30555.000000,33.578459,-117.064468,438.107147,35.669903,1.575970,9,1
30570.000000,33.578464,-117.064465,438.015063,36.004118,1.575268,9,1
30585.000000,33.578463,-117.064466,437.167832,35.763789,1.574555,9,1
30600.000000,33.578458,-117.064464,437.142594,35.539414,1.573831,9,1
30615.000000,33.578460,-117.064465,437.246613,35.847693,1.573096,9,1
30630.000000,33.578459,-117.064465,437.254325,35.896802,1.572349,9,1
30645.000000,33.578459,-117.064462,436.251079,35.586633,1.571591,9,1
30660.000000,33.578460,-117.064462,435.440361,35.648803,1.570823,9,1
30675.000000,33.578458,-117.064462,435.734115,35.763326,1.570043,9,1
30690.000000,33.578460,-117.064463,435.060582,35.844049,1.569253,9,1
30705.000000,33.578455,-117.064464,434.917439,35.662009,1.568451,9,1
30720.000000,33.578458,-117.064459,434.116742,35.502521,1.567639,9,1
30735.000000,33.578458,-117.064462,434.013360,35.554540,1.566816,9,1
30750.000000,33.578456,-117.064461,433.516798,35.699237,1.565982,9,1
30765.000000,33.578522,-117.064423,417.036378,39.542263,2.373700,8,1
30780.000000,33.578525,-117.064423,415.985664,39.615127,2.372402,8,1
30795.000000,33.578525,-117.064418,415.492802,39.369344,2.371054,8,1
30810.000000,33.578528,-117.064419,414.428024,39.369901,2.369654,8,1
30825.000000,33.578530,-117.064419,413.673614,39.696371,2.368204,8,1
30840.000000,33.578529,-117.064418,413.581917,39.429954,2.366702,8,1
30855.000000,33.578530,-117.064415,412.753767,39.311319,2.365151,8,1
30870.000000,33.578532,-117.064416,411.950032,39.302980,2.363548,8,1
30885.000000,33.578535,-117.064415,411.002649,39.367783,2.361896,8,1
30900.000000,33.578535,-117.064415,410.025085,39.341664,2.360195,8,1
30915.000000,33.578537,-117.064414,408.690225,39.177654,2.358443,8,1
30930.000000,33.578534,-117.064410,409.316289,39.021732,2.356642,8,1
30945.000000,33.578536,-117.064411,408.746018,39.023042,2.354792,8,1
30960.000000,33.578538,-117.064412,407.867199,39.022896,2.352894,8,1
30975.000000,33.578541,-117.064413,405.930629,39.003606,2.350947,8,1
30990.000000,33.578542,-117.064411,404.784119,38.997911,2.348952,8,1
31005.000000,33.578543,-117.064410,404.242413,38.984269,2.346910,8,1
31020.000000,33.578542,-117.064407,404.609141,38.716115,2.344820,8,1
31035.000000,33.578543,-117.064405,403.906070,38.602935,2.342683,8,1
31050.000000,33.578545,-117.064406,403.665724,38.676830,2.340499,8,1
31065.000000,33.578547,-117.064406,402.094549,38.701934,2.338269,8,1
31080.000000,33.578549,-117.064404,401.506850,38.686071,2.335993,8,1
31095.000000,33.578548,-117.064403,401.226521,38.693086,2.333672,8,1
31110.000000,33.578551,-117.064406,399.841070,38.798879,2.331306,8,1
31125.000000,33.578551,-117.064404,398.949161,38.498101,2.328895,8,1
31140.000000,33.578415,-117.064666,464.384656,41.973032,1.887769,9,1
31155.000000,33.578415,-117.064667,463.223055,41.818753,1.887538,9,1
31170.000000,33.578415,-117.064663,463.995713,41.807274,1.887281,9,1
31185.000000,33.578417,-117.064664,462.593776,41.772831,1.886998,9,1
31200.000000,33.578419,-117.064664,462.500631,41.675018,1.886690,9,1
31215.000000,33.578420,-117.064669,462.142818,42.062878,1.886356,9,1
31230.000000,33.578420,-117.064669,461.328145,41.996404,1.885996,9,1
31245.000000,33.578421,-117.064666,460.830288,41.877207,1.885611,9,1
31260.000000,33.578421,-117.064665,460.492072,42.011284,1.885200,9,1
31275.000000,33.578423,-117.064670,459.900197,42.118297,1.884762,9,1
31290.000000,33.578425,-117.064669,459.140703,42.139086,1.884300,9,1
31305.000000,33.578425,-117.064667,458.891351,42.057281,1.883811,9,1
31320.000000,33.578426,-117.064670,457.713648,42.239111,1.883297,9,1
31335.000000,33.578428,-117.064667,456.720711,42.124534,1.882757,9,1
31350.000000,33.578428,-117.064665,456.760893,42.042381,1.882191,9,1
31365.000000,33.578427,-117.064665,456.901707,42.022847,1.881600,9,1
31380.000000,33.578428,-117.064666,456.035296,42.089059,1.880983,9,1
31395.000000,33.578429,-117.064667,455.396153,42.051785,1.880341,9,1
31410.000000,33.578430,-117.064665,455.281637,41.944144,1.879673,9,1
31425.000000,33.578429,-117.064660,455.391465,41.663040,1.878980,9,1
31440.000000,33.578431,-117.064664,454.877609,42.074868,1.878261,9,1
31455.000000,33.578433,-117.064668,453.568483,42.017617,1.877517,9,1
31470.000000,33.578436,-117.064666,452.200568,41.986232,1.876749,9,1
31485.000000,33.578435,-117.064666,452.476363,41.958290,1.875955,9,1
31500.000000,33.578435,-117.064664,451.673878,42.000792,1.875136,9,1
31515.000000,33.578439,-117.064664,449.942905,42.137516,1.874292,9,1
31530.000000,33.578436,-117.064667,450.098044,42.068502,1.873423,9,1
31545.000000,33.578438,-117.064668,449.474587,42.307135,1.872530,9,1
31560.000000,33.578438,-117.064668,448.946460,42.087694,1.871612,9,1
31575.000000,33.578440,-117.064668,448.098008,42.217248,1.870669,9,1
31590.000000,33.578439,-117.064670,448.411081,42.333369,1.869703,9,1
31605.000000,33.578439,-117.064669,448.076613,42.300922,1.868712,9,1
31620.000000,33.578437,-117.064668,447.796943,42.293604,1.867696,9,1
31635.000000,33.578444,-117.064663,446.065645,42.075366,1.866658,9,1
31650.000000,33.578442,-117.064662,446.298594,41.922991,1.865595,9,1
31665.000000,33.578444,-117.064663,445.372975,41.927702,1.864508,9,1
31680.000000,33.578444,-117.064668,444.961824,42.201949,1.863398,9,1
31695.000000,33.578446,-117.064671,443.837574,42.270939,1.862265,9,1
31710.000000,33.578448,-117.064668,442.947293,42.111558,1.861109,9,1
31725.000000,33.578449,-117.064670,442.366837,42.212142,1.859929,9,1
31740.000000,33.578450,-117.064667,442.014528,42.030321,1.858727,9,1
31755.000000,33.578448,-117.064664,442.050598,41.946130,1.857502,9,1
31770.000000,33.578450,-117.064667,441.102201,42.065756,1.856254,9,1
31785.000000,33.578451,-117.064664,441.100589,41.944047,1.854985,9,1
31800.000000,33.578451,-117.064664,440.556048,42.126179,1.853693,9,1
31815.000000,33.578450,-117.064668,439.854973,42.094665,1.852379,9,1
31830.000000,33.578452,-117.064667,438.824533,42.098184,1.851043,9,1
31845.000000,33.578425,-117.064587,458.057433,45.081802,2.020866,8,1
31860.000000,33.578426,-117.064587,457.085035,45.086851,2.019777,8,1
31875.000000,33.578426,-117.064589,456.502726,45.061195,2.018657,8,1
31890.000000,33.578429,-117.064592,455.916315,45.242185,2.017503,8,1
31905.000000,33.578426,-117.064594,456.327867,45.439368,2.016317,8,1
31920.000000,33.578426,-117.064593,455.519551,45.206159,2.015100,8,1
31935.000000,33.578427,-117.064588,454.780939,44.921167,2.013850,8,1
31950.000000,33.578431,-117.064592,453.649603,45.074124,2.012569,8,1
31965.000000,33.578429,-117.064591,453.293601,45.085507,2.011256,8,1
31980.000000,33.578433,-117.064595,452.584494,45.383820,2.009912,8,1
31995.000000,33.578435,-117.064593,451.137766,45.149940,2.008537,8,1
32010.000000,33.578432,-117.064594,451.218485,45.233745,2.007131,8,1
32025.000000,33.578436,-117.064595,450.094121,45.055521,2.005694,8,1
32040.000000,33.578435,-117.064596,449.789740,45.133867,2.004228,8,1
32055.000000,33.578440,-117.064595,448.506702,45.008446,2.002731,8,1
32070.000000,33.578437,-117.064590,448.283746,44.761361,2.001205,8,1
32085.000000,33.578437,-117.064600,447.880590,45.264258,1.999649,8,1
32100.000000,33.578438,-117.064601,446.789547,45.320264,1.998063,8,1
32115.000000,33.578443,-117.064602,445.572897,45.256887,1.996449,8,1
32130.000000,33.578442,-117.064600,445.090621,45.111121,1.994807,8,1
32145.000000,33.578441,-117.064601,444.514414,45.232296,1.993136,8,1
32160.000000,33.578438,-117.064602,444.991074,45.366870,1.991437,8,1
32175.000000,33.578443,-117.064600,443.282636,45.152427,1.989710,8,1
32190.000000,33.578442,-117.064598,443.137328,44.989439,1.987956,8,1
32205.000000,33.578442,-117.064601,442.682055,45.145269,1.986174,8,1
32220.000000,33.578447,-117.064606,441.413487,45.302109,1.984366,8,1
32235.000000,33.578449,-117.064605,440.008383,45.227010,1.982532,8,1
32250.000000,33.578447,-117.064604,440.121044,45.072307,1.980671,8,1
32265.000000,33.578449,-117.064605,439.999749,45.132181,1.978785,8,1
32280.000000,33.578447,-117.064603,439.144574,44.871319,1.976873,8,1
32295.000000,33.578450,-117.064609,438.612894,45.176829,1.974936,8,1
32310.000000,33.578450,-117.064605,437.984123,44.840454,1.972974,8,1
32325.000000,33.578448,-117.064610,437.950068,45.211574,1.970988,8,1
32340.000000,33.578450,-117.064607,436.427758,44.769527,1.968978,8,1
32355.000000,33.578452,-117.064613,435.721277,45.085976,1.966944,8,1
32370.000000,33.578452,-117.064608,434.636307,44.676878,1.964887,8,1
32385.000000,33.578453,-117.064614,433.996882,44.820670,1.962807,8,1
32400.000000,33.578452,-117.064609,434.535353,44.900884,1.960704,8,1
32415.000000,33.578451,-117.064611,433.822883,44.806469,1.958579,8,1
32430.000000,33.578454,-117.064614,432.592308,44.884521,1.956433,8,1
32445.000000,33.578453,-117.064614,431.772615,44.808062,1.954264,8,1
32460.000000,33.578455,-117.064614,431.000040,44.890851,1.952075,8,1
32475.000000,33.578454,-117.064615,430.042488,44.815950,1.949865,8,1
32490.000000,33.578455,-117.064609,430.268538,44.583568,1.947635,8,1
32505.000000,33.578455,-117.064612,430.293284,44.688352,1.945384,8,1
32520.000000,33.578455,-117.064616,429.466615,44.795918,1.943115,8,1
32535.000000,33.578455,-117.064612,429.144065,44.497388,1.940826,8,1
32550.000000,33.578456,-117.064618,427.977953,44.574887,1.938518,8,1
32565.000000,33.578457,-117.064613,427.135054,44.301882,1.936192,8,1
32580.000000,33.578457,-117.064618,426.742741,44.469168,1.933848,8,1
32595.000000,33.578457,-117.064619,425.879719,44.576614,1.931486,8,1
32610.000000,33.578458,-117.064620,425.188594,44.423667,1.929107,8,1
32625.000000,33.578459,-117.064622,424.188389,44.611869,1.926711,8,1
32640.000000,33.578455,-117.064618,424.605296,44.292668,1.924298,8,1
32655.000000,33.578458,-117.064621,423.505917,44.356764,1.921870,8,1
32670.000000,33.578459,-117.064622,422.646507,44.417064,1.919426,8,1
32685.000000,33.578462,-117.064625,421.662423,44.448549,1.916967,8,1
32700.000000,33.578462,-117.064616,421.444913,43.974392,1.914493,8,1
32715.000000,33.578460,-117.064622,421.761606,44.052769,1.912004,8,1
32730.000000,33.578458,-117.064619,422.280010,44.129462,1.909501,8,1
32745.000000,33.578461,-117.064623,420.714281,44.178495,1.906985,8,1
32760.000000,33.578464,-117.064625,419.573146,44.163297,1.904455,8,1
32775.000000,33.578462,-117.064626,419.564329,43.956284,1.901912,8,1
32790.000000,33.578459,-117.064622,419.981253,43.882732,1.899357,8,1
32805.000000,33.578460,-117.064621,418.730468,43.641183,1.896790,8,1
32820.000000,33.578459,-117.064622,419.359756,43.696673,1.894210,8,1
32835.000000,33.578459,-117.064621,418.404710,43.509423,1.891620,8,1
32850.000000,33.578459,-117.064626,417.593493,43.544098,1.889018,8,1
32865.000000,33.578463,-117.064626,416.574736,43.390133,1.886406,8,1
32880.000000,33.578462,-117.064626,415.922332,43.396755,1.883784,8,1
32895.000000,33.578457,-117.064624,417.228700,43.612731,1.881151,8,1
32910.000000,33.578459,-117.064623,416.235626,43.361457,1.878509,8,1
32925.000000,33.578456,-117.064621,415.989939,43.464491,1.875859,8,1
32940.000000,33.578459,-117.064624,414.528781,43.242413,1.873199,8,1
32955.000000,33.578456,-117.064625,414.899991,43.399522,1.870531,8,1
32970.000000,33.578460,-117.064632,413.539058,43.337424,1.867855,8,1
32985.000000,33.578457,-117.064628,413.149418,43.262017,1.865171,8,1
33000.000000,33.578458,-117.064627,411.910322,42.874550,1.862480,8,1
33015.000000,33.578454,-117.064621,413.148381,42.900515,1.859781,8,1
33030.000000,33.578456,-117.064619,412.691414,42.794598,1.857077,8,1
33045.000000,33.578456,-117.064624,412.601294,42.972824,1.854366,8,1
33060.000000,33.578457,-117.064626,411.844315,42.988423,1.851649,8,1
33075.000000,33.578456,-117.064624,411.035763,42.633040,1.848926,8,1
33090.000000,33.578460,-117.064626,409.953385,42.471834,1.846199,8,1
33105.000000,33.578460,-117.064627,409.509324,42.351347,1.843466,8,1
33120.000000,33.578455,-117.064623,410.320407,42.185703,1.840729,8,1
33135.000000,33.578455,-117.064622,410.121281,42.164737,1.837988,8,1
33150.000000,33.578456,-117.064625,408.990825,42.177799,1.835243,8,1
33165.000000,33.578456,-117.064625,408.175648,41.968719,1.832494,8,1
33180.000000,33.578456,-117.064630,407.540402,42.004461,1.829742,8,1
33195.000000,33.578459,-117.064629,406.350072,41.686064,1.826988,8,1
33210.000000,33.578455,-117.064622,408.054987,41.890797,1.824230,8,1
33225.000000,33.578454,-117.064622,407.653888,41.776693,1.821470,8,1
33240.000000,33.578457,-117.064629,406.182870,41.672329,1.818709,8,1
33255.000000,33.578454,-117.064629,406.675095,41.958324,1.815946,8,1
33270.000000,33.578453,-117.064627,406.514533,41.871548,1.813181,8,1
33285.000000,33.578455,-117.064629,405.562107,41.723360,1.810415,8,1
33300.000000,33.578453,-117.064630,405.419880,41.449472,1.807649,8,1
33315.000000,33.578452,-117.064624,405.612926,41.410942,1.804882,8,1
33330.000000,33.578452,-117.064626,405.009894,41.331613,1.802115,8,1
33345.000000,33.578454,-117.064630,404.642707,41.165714,1.799348,8,1
33360.000000,33.578452,-117.064622,405.099876,41.111608,1.796581,8,1
33375.000000,33.578453,-117.064634,403.571417,41.175684,1.793815,8,1
33390.000000,33.578454,-117.064633,402.533402,41.024091,1.791050,8,1
33405.000000,33.578451,-117.064623,403.845935,40.886261,1.788287,8,1
33420.000000,33.578449,-117.064623,403.821683,40.924881,1.785524,8,1
33435.000000,33.578450,-117.064624,402.643583,40.763999,1.782764,8,1
33450.000000,33.578445,-117.064622,403.051245,40.635741,1.780005,8,1
33465.000000,33.578452,-117.064637,400.623385,40.583669,1.777249,8,1
33480.000000,33.578450,-117.064633,400.829468,40.560733,1.774495,8,1
33495.000000,33.578446,-117.064626,402.169043,40.357975,1.771744,8,1
33510.000000,33.578446,-117.064625,401.380014,40.287855,1.768996,8,1
33525.000000,33.578443,-117.064622,402.469727,40.101293,1.766251,8,1
33540.000000,33.578442,-117.064619,402.015057,40.378314,1.763509,8,1
33555.000000,33.578445,-117.064635,400.838805,40.289730,1.760772,8,1
33570.000000,33.578448,-117.064633,399.856700,39.909843,1.758038,8,1
33585.000000,33.578443,-117.064630,400.215575,40.131320,1.755308,8,1
33600.000000,33.578444,-117.064626,399.366959,39.670877,1.752583,8,1
33615.000000,33.578439,-117.064621,401.017553,39.698002,1.749862,8,1
33630.000000,33.578439,-117.064620,400.734687,39.725161,1.747146,8,1
33645.000000,33.578443,-117.064632,398.945098,39.689910,1.744435,8,1
33660.000000,33.578441,-117.064627,399.147915,39.540073,1.741729,8,1
33675.000000,33.578441,-117.064627,398.220661,39.240469,1.739029,8,1
33690.000000,33.578439,-117.064628,398.788033,39.335223,1.736334,8,1
33705.000000,33.578769,-117.064782,425.180119,26.311525,1.882173,7,1
33720.000000,33.578767,-117.064787,422.857774,26.471841,1.880659,7,1
33735.000000,33.578768,-117.064789,422.764166,26.732800,1.879155,7,1
33750.000000,33.578762,-117.064781,424.544113,26.423578,1.877663,7,1
33765.000000,33.578764,-117.064789,422.430652,26.879546,1.876181,7,1
33780.000000,33.578758,-117.064778,423.938569,26.359575,1.874710,7,1
33795.000000,33.578759,-117.064782,422.757118,26.681047,1.873249,7,1
33810.000000,33.578754,-117.064783,422.117392,26.666907,1.871799,7,1
33825.000000,33.578755,-117.064784,422.570785,26.962727,1.870359,7,1
33840.000000,33.578751,-117.064787,422.845995,27.197944,1.868929,7,1
33855.000000,33.578358,-117.064504,470.247241,43.763833,1.622988,8,1
33870.000000,33.578361,-117.064505,469.019018,43.644168,1.623565,8,1
33885.000000,33.578355,-117.064507,468.450986,43.858824,1.624125,8,1
33900.000000,33.578355,-117.064504,467.716402,44.137497,1.624667,8,1
33915.000000,33.578352,-117.064506,467.550023,43.958377,1.625191,8,1
33930.000000,33.578357,-117.064501,466.511657,43.723861,1.625696,8,1
33945.000000,33.578352,-117.064499,466.740752,43.611428,1.626183,8,1
33960.000000,33.578348,-117.064495,465.999872,44.428602,1.626651,8,1
33975.000000,33.578349,-117.064500,465.096507,43.634181,1.627101,8,1
33990.000000,33.578347,-117.064501,463.686762,44.182786,1.627533,8,1
34005.000000,33.578347,-117.064493,464.407180,43.530251,1.627945,8,1
34020.000000,33.578346,-117.064494,463.614709,43.789433,1.628339,8,1
34035.000000,33.578345,-117.064497,462.910017,43.854959,1.628713,8,1
34050.000000,33.578342,-117.064494,461.448587,43.960895,1.629069,8,1
34065.000000,33.578339,-117.064491,460.954998,43.840634,1.629406,8,1
34080.000000,33.578339,-117.064486,461.074193,43.377595,1.629723,8,1
34095.000000,33.578343,-117.064488,461.370325,43.241206,1.630022,8,1
34110.000000,33.578342,-117.064490,461.380313,43.282302,1.630301,8,1
34125.000000,33.578334,-117.064485,459.059385,43.689371,1.630562,8,1
34140.000000,33.578338,-117.064484,459.548629,43.132595,1.630802,8,1
34155.000000,33.578336,-117.064485,459.042766,43.475933,1.631024,8,1
34170.000000,33.578337,-117.064479,459.859054,42.797878,1.631226,8,1
34185.000000,33.578331,-117.064479,458.332373,43.150012,1.631409,8,1
34200.000000,33.578600,-117.064187,523.034015,24.699844,1.932075,7,1
34215.000000,33.578599,-117.064182,523.104609,24.955246,1.935537,7,1
34230.000000,33.578600,-117.064182,522.552554,24.759195,1.939005,7,1
34245.000000,33.578604,-117.064185,522.433018,25.548816,1.942476,7,1
34260.000000,33.578604,-117.064188,522.292747,25.391436,1.945950,7,1
34275.000000,33.578602,-117.064181,521.902460,24.955309,1.949429,7,1
34290.000000,33.578603,-117.064185,522.251998,25.159011,1.952910,7,1
34305.000000,33.578603,-117.064183,521.103131,25.004154,1.956395,7,1
34320.000000,33.578602,-117.064182,520.596236,24.990977,1.959882,7,1
34335.000000,33.578601,-117.064180,521.332702,24.953839,1.963371,7,1
34350.000000,33.578602,-117.064177,521.473637,25.500589,1.966863,7,1
34365.000000,33.578601,-117.064177,520.647746,25.354507,1.970356,7,1
34380.000000,33.578603,-117.064178,520.357966,25.732179,1.973851,7,1
34395.000000,33.578599,-117.064171,519.364843,24.984903,1.977347,7,1
34410.000000,33.578601,-117.064177,519.930993,25.530248,1.980844,7,1
34425.000000,33.578604,-117.064179,520.120391,25.831296,1.984341,7,1
34440.000000,33.578600,-117.064174,518.906237,24.960770,1.987839,7,1
34455.000000,33.578601,-117.064173,518.366321,25.236688,1.991337,7,1
34470.000000,33.578600,-117.064172,518.370425,25.410927,1.994834,7,1
34485.000000,33.578599,-117.064171,517.828395,25.417666,1.998330,7,1
34500.000000,33.578599,-117.064172,517.213644,25.248946,2.001825,7,1
34515.000000,33.578600,-117.064173,517.011918,25.234595,2.005319,7,1
34530.000000,33.578600,-117.064171,516.739101,25.382671,2.008810,7,1
34545.000000,33.578599,-117.064175,516.932497,25.453106,2.012300,7,1
34560.000000,33.578599,-117.064170,516.444695,25.632175,2.015786,7,1
34575.000000,33.578597,-117.064168,516.075260,25.278309,2.019270,7,1
34590.000000,33.578598,-117.064170,516.041358,25.550796,2.022751,7,1
34605.000000,33.578596,-117.064169,515.880540,25.279080,2.026227,7,1
34620.000000,33.578597,-117.064166,515.768580,25.654125,2.029700,7,1
34635.000000,33.578598,-117.064167,514.913667,25.766565,2.033167,7,1
34650.000000,33.578598,-117.064164,514.984612,26.097835,2.036630,7,1
34665.000000,33.578598,-117.064164,514.203980,25.976512,2.040088,7,1
34680.000000,33.578599,-117.064166,513.858836,26.309332,2.043539,7,1
34695.000000,33.578597,-117.064163,513.766735,25.811793,2.046984,7,1
34710.000000,33.578594,-117.064160,513.764310,25.673200,2.050423,7,1
34725.000000,33.578594,-117.064162,513.631918,25.947823,2.053854,7,1
34740.000000,33.578593,-117.064160,514.164551,25.775005,2.057278,7,1
34755.000000,33.578594,-117.064158,512.719845,25.938560,2.060693,7,1
34770.000000,33.578592,-117.064160,512.943707,25.796272,2.064101,7,1
34785.000000,33.578592,-117.064157,512.545541,26.150736,2.067499,7,1
34800.000000,33.578592,-117.064158,511.864680,26.097367,2.070887,7,1
34815.000000,33.578591,-117.064159,510.840847,26.061103,2.074266,7,1
34830.000000,33.578593,-117.064160,510.184082,26.514171,2.077634,7,1
34845.000000,33.578591,-117.064158,510.950751,26.184617,2.080992,7,1
34860.000000,33.578592,-117.064157,510.121489,26.125832,2.084338,7,1
34875.000000,33.578590,-117.064156,509.133475,26.079034,2.087672,7,1
34890.000000,33.578588,-117.064156,509.316286,25.733404,2.090993,7,1
34905.000000,33.578587,-117.064154,509.447084,25.990090,2.094302,7,1
34920.000000,33.578586,-117.064151,509.473076,26.035357,2.097597,7,1
34935.000000,33.578584,-117.064153,508.951154,25.733678,2.100878,7,1
34950.000000,33.578586,-117.064149,507.980486,26.465863,2.104145,7,1
34965.000000,33.578582,-117.064151,508.171250,26.145588,2.107397,7,1
34980.000000,33.578581,-117.064152,507.780094,25.897021,2.110633,7,1
34995.000000,33.578580,-117.064149,506.851190,25.808522,2.113853,7,1
35010.000000,33.578579,-117.064150,507.594168,25.964807,2.117056,7,1
35025.000000,33.578581,-117.064149,506.410712,26.708078,2.120242,7,1
35040.000000,33.578578,-117.064152,505.973611,25.998645,2.123411,7,1
35055.000000,33.578578,-117.064150,505.402510,26.173733,2.126561,7,1
35070.000000,33.578579,-117.064152,505.662150,26.515368,2.129692,7,1
35085.000000,33.578576,-117.064149,504.448707,26.062449,2.132804,7,1
35100.000000,33.578577,-117.064149,504.804088,26.433710,2.135896,7,1
35115.000000,33.578575,-117.064152,503.982449,26.621608,2.138967,7,1
35130.000000,33.578572,-117.064148,503.671675,26.065283,2.142017,7,1
35145.000000,33.578570,-117.064149,503.216461,25.962338,2.145046,7,1
35160.000000,33.578569,-117.064146,502.843480,26.385496,2.148052,7,1
35175.000000,33.578569,-117.064150,502.533578,26.346920,2.151035,7,1
35190.000000,33.578568,-117.064149,501.451189,26.409474,2.153995,7,1
35205.000000,33.578566,-117.064149,500.666996,26.203109,2.156931,7,1
35220.000000,33.578565,-117.064148,501.389630,26.172198,2.159843,7,1
35235.000000,33.578567,-117.064147,500.717030,26.716590,2.162729,7,1
35250.000000,33.578565,-117.064148,500.474249,26.508559,2.165589,7,1
35265.000000,33.578563,-117.064149,499.769127,26.386612,2.168423,7,1
35280.000000,33.578563,-117.064153,498.603238,27.028000,2.171230,7,1
35295.000000,33.578560,-117.064152,498.357705,26.359483,2.174010,7,1
35310.000000,33.578559,-117.064151,497.386999,26.426433,2.176761,7,1
35325.000000,33.578558,-117.064150,497.099569,26.532939,2.179484,7,1
35340.000000,33.578554,-117.064151,497.514448,26.320927,2.182177,7,1
35355.000000,33.578555,-117.064149,496.304082,26.548797,2.184840,7,1
35370.000000,33.578474,-117.064242,532.662172,12.227275,2.370233,6,1
35385.000000,33.578473,-117.064242,532.775248,12.398342,2.374596,6,1
35400.000000,33.578473,-117.064241,532.540718,12.494843,2.378943,6,1
35415.000000,33.578471,-117.064242,532.182169,12.644158,2.383271,6,1
35430.000000,33.578471,-117.064244,531.615633,12.752745,2.387580,6,1
35445.000000,33.578470,-117.064243,531.500791,12.960543,2.391869,6,1
35460.000000,33.578470,-117.064241,531.245691,12.919178,2.396138,6,1
35475.000000,33.578470,-117.064236,529.859938,12.619080,2.400385,6,1
35490.000000,33.578469,-117.064238,530.259271,12.921040,2.404611,6,1
35505.000000,33.578467,-117.064236,530.360499,12.994312,2.408813,6,1
35520.000000,33.578466,-117.064235,529.530590,13.071950,2.412992,6,1
35535.000000,33.578465,-117.064233,528.824235,13.194477,2.417147,6,1
35550.000000,33.578464,-117.064236,529.171422,13.387677,2.421276,6,1
35565.000000,33.578464,-117.064234,528.679591,13.341458,2.425379,6,1
35580.000000,33.578462,-117.064230,528.593858,13.263003,2.429455,6,1
35595.000000,33.578462,-117.064235,528.195161,13.577655,2.433504,6,1
35610.000000,33.578461,-117.064232,527.076533,13.545254,2.437524,6,1
35625.000000,33.578459,-117.064230,527.327897,13.482462,2.441514,6,1
35640.000000,33.578458,-117.064229,527.143509,13.608723,2.445474,6,1
35655.000000,33.578458,-117.064234,527.379486,14.087217,2.449403,6,1
35670.000000,33.578456,-117.064232,526.809389,14.006634,2.453300,6,1
35685.000000,33.578455,-117.064231,526.313337,14.056878,2.457164,6,1
35700.000000,33.578453,-117.064233,525.946118,14.291773,2.460995,6,1
35715.000000,33.578452,-117.064229,525.635745,14.194848,2.464791,6,1
35730.000000,33.578451,-117.064229,524.726999,14.155776,2.468551,6,1
35745.000000,33.578449,-117.064230,524.963086,14.411349,2.472276,6,1
35760.000000,33.578448,-117.064230,524.086010,14.433064,2.475963,6,1
35775.000000,33.578447,-117.064231,524.004690,14.715186,2.479613,6,1
35790.000000,33.578446,-117.064228,522.942852,14.429367,2.483223,6,1
35805.000000,33.578444,-117.064227,523.352377,14.612224,2.486794,6,1
35820.000000,33.578442,-117.064229,522.653904,14.791971,2.490325,6,1
35835.000000,33.578442,-117.064227,521.920131,14.780541,2.493814,6,1
35850.000000,33.578442,-117.064225,521.767589,14.857599,2.497262,6,1
35865.000000,33.578441,-117.064223,521.382798,14.780039,2.500666,6,1
35880.000000,33.578441,-117.064224,520.907624,14.981849,2.504026,6,1
35895.000000,33.578438,-117.064221,519.511054,14.703645,2.507342,6,1
35910.000000,33.578436,-117.064226,519.176141,15.067632,2.510613,6,1
35925.000000,33.578435,-117.064224,518.534844,15.091361,2.513837,6,1
35940.000000,33.578433,-117.064226,518.628449,15.237368,2.517014,6,1
35955.000000,33.578430,-117.064221,518.232118,15.110540,2.520144,6,1
35970.000000,33.578429,-117.064225,518.479729,15.391850,2.523224,6,1
35985.000000,33.578429,-117.064221,517.663501,15.276929,2.526256,6,1
36000.000000,33.578427,-117.064221,516.469777,15.307749,2.529237,6,1
36015.000000,33.578424,-117.064223,516.717116,15.634178,2.532167,6,1
36030.000000,33.578422,-117.064221,515.662749,15.411032,2.535046,6,1
36045.000000,33.578422,-117.064220,515.364076,15.401936,2.537872,6,1
36060.000000,33.578419,-117.064224,514.820283,15.738683,2.540645,6,1
36075.000000,33.578420,-117.064221,514.011867,15.445434,2.543364,6,1
36090.000000,33.578418,-117.064221,513.501795,15.536254,2.546028,6,1
36105.000000,33.578416,-117.064222,513.757695,15.761215,2.548637,6,1
36120.000000,33.578413,-117.064222,513.291524,15.757594,2.551190,6,1
36135.000000,33.578412,-117.064220,512.262203,15.731071,2.553687,6,1
36150.000000,33.578410,-117.064221,511.953684,15.943178,2.556126,6,1
36165.000000,33.578408,-117.064221,511.614265,16.058277,2.558507,6,1
36180.000000,33.578407,-117.064221,510.321570,15.889460,2.560829,6,1
36195.000000,33.578404,-117.064221,510.093582,15.947624,2.563093,6,1
36210.000000,33.578403,-117.064221,509.465320,16.046017,2.565296,6,1
36225.000000,33.578401,-117.064223,509.147784,16.315582,2.567439,6,1
36240.000000,33.578400,-117.064220,508.640747,16.188581,2.569521,6,1
36255.000000,33.578397,-117.064224,507.315102,16.281209,2.571542,6,1
36270.000000,33.578397,-117.064223,507.775891,16.315325,2.573501,6,1
36285.000000,33.578395,-117.064224,507.282536,16.326289,2.575397,6,1
36300.000000,33.578393,-117.064222,506.082777,16.211949,2.577230,6,1
36315.000000,33.578391,-117.064224,505.590913,16.511725,2.579000,6,1
36330.000000,33.578388,-117.064224,505.109088,16.438797,2.580705,6,1
36345.000000,33.578387,-117.064225,504.544755,16.352761,2.582347,6,1
36360.000000,33.578384,-117.064223,503.821577,16.408322,2.583923,6,1
36375.000000,33.578383,-117.064225,503.170663,16.408635,2.585435,6,1
36390.000000,33.578381,-117.064225,502.762485,16.522974,2.586881,6,1
36405.000000,33.578380,-117.064224,502.397605,16.453927,2.588261,6,1
36420.000000,33.578377,-117.064225,501.957291,16.466358,2.589574,6,1
36435.000000,33.578375,-117.064222,501.821300,16.710658,2.590822,6,1
36450.000000,33.578372,-117.064224,501.007343,16.764813,2.592002,6,1
36465.000000,33.578371,-117.064222,500.619084,16.566593,2.593116,6,1
36480.000000,33.578368,-117.064224,498.899532,16.591610,2.594162,6,1
36495.000000,33.578367,-117.064226,499.012896,16.681103,2.595141,6,1
36510.000000,33.578364,-117.064226,497.718032,16.700166,2.596052,6,1
36525.000000,33.578362,-117.064228,497.150835,16.871077,2.596896,6,1
36540.000000,33.578361,-117.064229,497.034298,16.858017,2.597671,6,1
36555.000000,33.578358,-117.064229,495.784945,16.819170,2.598378,6,1
36570.000000,33.578356,-117.064229,496.114463,16.892087,2.599017,6,1
36585.000000,33.578355,-117.064227,495.695520,16.723339,2.599588,6,1
36600.000000,33.578353,-117.064229,494.957895,16.761698,2.600090,6,1
36615.000000,33.578349,-117.064228,494.646183,16.897016,2.600525,6,1
36630.000000,33.578348,-117.064225,493.893013,16.729053,2.600890,6,1
36645.000000,33.578346,-117.064229,493.314635,16.930450,2.601188,6,1
36660.000000,33.578345,-117.064229,492.730346,16.806100,2.601417,6,1
36675.000000,33.578344,-117.064230,491.788082,16.763885,2.601578,6,1
36690.000000,33.578341,-117.064229,491.211348,16.699262,2.601671,6,1
36705.000000,33.578338,-117.064229,490.157486,16.596068,2.601696,6,1
36720.000000,33.578336,-117.064232,489.742611,16.733634,2.601654,6,1
36735.000000,33.578335,-117.064231,489.307810,16.677598,2.601543,6,1
36750.000000,33.578332,-117.064230,488.618904,16.677254,2.601365,6,1
36765.000000,33.578330,-117.064234,488.117080,16.763815,2.601120,6,1
36780.000000,33.578327,-117.064233,486.859253,16.647646,2.600808,6,1
36795.000000,33.578326,-117.064236,486.873623,16.804254,2.600429,6,1
36810.000000,33.578325,-117.064233,486.361679,16.661830,2.599984,6,1
36825.000000,33.578322,-117.064235,485.361317,16.597048,2.599472,6,1
36840.000000,33.578319,-117.064235,485.658722,16.818287,2.598895,6,1
36855.000000,33.578317,-117.064238,485.096496,16.912399,2.598252,6,1
36870.000000,33.578316,-117.064236,484.351217,16.586422,2.597543,6,1
36885.000000,33.578314,-117.064235,483.876961,16.592709,2.596771,6,1
36900.000000,33.578311,-117.064237,483.177731,16.623049,2.595933,6,1
36915.000000,33.578309,-117.064238,481.967089,16.443887,2.595032,6,1
36930.000000,33.578307,-117.064240,481.351146,16.415511,2.594068,6,1
36945.000000,33.578305,-117.064240,481.456367,16.564533,2.593040,6,1
36960.000000,33.578304,-117.064242,481.005204,16.562355,2.591950,6,1
36975.000000,33.578300,-117.064243,479.918597,16.581316,2.590797,6,1
36990.000000,33.578298,-117.064242,479.316322,16.430816,2.589584,6,1
37005.000000,33.578297,-117.064241,478.465460,16.219924,2.588309,6,1
37020.000000,33.578295,-117.064244,477.861937,16.203491,2.586974,6,1
37035.000000,33.578292,-117.064245,477.769735,16.218345,2.585579,6,1
37050.000000,33.578289,-117.064246,476.282401,16.134359,2.584125,6,1
37065.000000,33.578287,-117.064247,475.931188,16.238379,2.582612,6,1
37080.000000,33.578283,-117.064248,475.753479,16.459223,2.581041,6,1
37095.000000,33.578283,-117.064248,475.101764,16.282868,2.579412,6,1
37110.000000,33.578283,-117.064248,474.131715,16.098957,2.577727,6,1
37125.000000,33.578278,-117.064248,473.916277,16.183995,2.575986,6,1
37140.000000,33.578277,-117.064251,473.574829,16.206337,2.574189,6,1
37155.000000,33.578274,-117.064251,472.354464,16.076006,2.572338,6,1
37170.000000,33.578272,-117.064253,472.054515,16.038244,2.570433,6,1
37185.000000,33.578270,-117.064251,471.400754,15.840125,2.568474,6,1
37200.000000,33.578270,-117.064251,470.760299,15.733773,2.566462,6,1
37215.000000,33.578266,-117.064256,470.673383,15.998830,2.564399,6,1
37230.000000,33.578264,-117.064255,470.018364,15.882820,2.562285,6,1
37245.000000,33.578265,-117.064255,469.213524,15.639556,2.560120,6,1
37260.000000,33.578262,-117.064255,469.020746,15.659963,2.557906,6,1
37275.000000,33.578259,-117.064258,468.503890,15.731858,2.555642,6,1
37290.000000,33.578257,-117.064257,467.454309,15.526086,2.553331,6,1
37305.000000,33.578254,-117.064258,467.260796,15.626343,2.550972,6,1
37320.000000,33.578253,-117.064261,467.044423,15.749587,2.548567,6,1
37335.000000,33.578257,-117.064198,484.039234,14.889967,2.146301,7,1
37350.000000,33.578254,-117.064198,483.367228,14.921961,2.146044,7,1
37365.000000,33.578251,-117.064197,482.711842,14.820374,2.145751,7,1
37380.000000,33.578250,-117.064199,482.903855,14.968895,2.145424,7,1
37395.000000,33.578248,-117.064198,482.170106,14.786438,2.145061,7,1
37410.000000,33.578245,-117.064198,481.895725,14.986275,2.144664,7,1
37425.000000,33.578242,-117.064199,482.301150,15.232586,2.144233,7,1
37440.000000,33.578243,-117.064198,481.049369,14.901859,2.143768,7,1
37455.000000,33.578242,-117.064198,480.815811,14.963905,2.143268,7,1
37470.000000,33.578238,-117.064198,480.225777,14.957168,2.142735,7,1
37485.000000,33.578237,-117.064196,479.510990,14.839749,2.142169,7,1
37500.000000,33.578233,-117.064197,479.521150,14.900280,2.141569,7,1
37515.000000,33.578231,-117.064200,479.371791,14.965014,2.140937,7,1
37530.000000,33.578231,-117.064197,479.416516,14.879371,2.140272,7,1
37545.000000,33.578228,-117.064197,478.453374,14.870203,2.139575,7,1
37560.000000,33.578226,-117.064197,478.463757,14.951788,2.138846,7,1
37575.000000,33.578223,-117.064198,478.203044,14.988014,2.138085,7,1
37590.000000,33.578223,-117.064195,477.952835,15.033201,2.137293,7,1
37605.000000,33.578220,-117.064198,478.095531,15.016411,2.136469,7,1
37620.000000,33.578218,-117.064198,478.046389,15.189004,2.135615,7,1
37635.000000,33.578216,-117.064195,477.232208,15.128412,2.134730,7,1
37650.000000,33.578214,-117.064196,477.458198,15.376846,2.133815,7,1
37665.000000,33.578212,-117.064199,477.131671,15.333263,2.132871,7,1
37680.000000,33.578212,-117.064196,477.087692,15.301864,2.131897,7,1
37695.000000,33.578209,-117.064196,476.886434,15.404763,2.130894,7,1
37710.000000,33.578208,-117.064196,476.296991,15.248311,2.129862,7,1
37725.000000,33.578207,-117.064195,475.310947,15.193723,2.128801,7,1
37740.000000,33.578203,-117.064201,475.533550,15.222157,2.127713,7,1
37755.000000,33.578199,-117.064199,475.184783,15.214907,2.126597,7,1
37770.000000,33.578199,-117.064198,474.584964,15.233230,2.125453,7,1
37785.000000,33.578197,-117.064198,474.083458,15.152488,2.124283,7,1
37800.000000,33.578195,-117.064198,474.204402,15.351022,2.123086,7,1
37815.000000,33.578192,-117.064201,473.483010,15.249654,2.121862,7,1
37830.000000,33.578191,-117.064203,473.084527,15.258856,2.120613,7,1
37845.000000,33.578190,-117.064201,473.171428,15.376070,2.119338,7,1
37860.000000,33.578190,-117.064199,472.316903,15.153237,2.118038,7,1
37875.000000,33.578186,-117.064199,472.622906,15.264544,2.116714,7,1
37890.000000,33.578183,-117.064200,472.727751,15.428565,2.115364,7,1
37905.000000,33.578182,-117.064199,471.586491,15.224901,2.113992,7,1
37920.000000,33.578179,-117.064200,471.115718,15.311070,2.112595,7,1
37935.000000,33.578178,-117.064201,470.462740,15.311800,2.111175,7,1
37950.000000,33.578177,-117.064200,470.650289,15.395633,2.109733,7,1
37965.000000,33.578175,-117.064203,469.561711,15.193440,2.108268,7,1
37980.000000,33.578175,-117.064202,469.337174,15.122275,2.106781,7,1
37995.000000,33.578171,-117.064201,469.611782,15.420496,2.105272,7,1
38010.000000,33.578167,-117.064202,469.288188,15.558768,2.103742,7,1
38025.000000,33.578169,-117.064203,469.121874,15.434805,2.102192,7,1
38040.000000,33.578165,-117.064204,468.610730,15.356872,2.100621,7,1
38055.000000,33.578163,-117.064203,468.599373,15.436440,2.099029,7,1
38070.000000,33.578164,-117.064203,467.996305,15.375381,2.097419,7,1
38085.000000,33.578164,-117.064202,467.794991,15.419651,2.095789,7,1
38100.000000,33.578161,-117.064204,467.668048,15.473734,2.094140,7,1
38115.000000,33.578158,-117.064207,467.167091,15.479796,2.092472,7,1
38130.000000,33.578158,-117.064204,466.620312,15.460166,2.090787,7,1
38145.000000,33.578413,-117.064145,502.270755,21.806166,1.605080,8,1
38160.000000,33.578413,-117.064147,501.699001,21.904690,1.606297,8,1
38175.000000,33.578414,-117.064148,502.547834,22.184827,1.607513,8,1
38190.000000,33.578415,-117.064145,502.163822,22.431993,1.608728,8,1
38205.000000,33.578416,-117.064145,502.019966,22.570262,1.609942,8,1
38220.000000,33.578413,-117.064147,502.096143,22.614330,1.611153,8,1
38235.000000,33.578413,-117.064149,502.314484,22.804079,1.612363,8,1
38250.000000,33.578415,-117.064149,501.558857,22.842634,1.613571,8,1
38265.000000,33.578414,-117.064147,501.240049,22.880955,1.614777,8,1
38280.000000,33.578415,-117.064147,501.130055,22.923986,1.615981,8,1
38295.000000,33.578415,-117.064147,501.335376,23.102504,1.617183,8,1
38310.000000,33.578416,-117.064146,501.341025,23.356478,1.618382,8,1
38325.000000,33.578416,-117.064145,501.309542,23.602389,1.619579,8,1
38340.000000,33.578418,-117.064145,501.460178,23.887495,1.620773,8,1
38355.000000,33.578415,-117.064145,500.961413,23.852144,1.621964,8,1
38370.000000,33.578416,-117.064145,500.825554,23.968031,1.623153,8,1
38385.000000,33.578418,-117.064145,500.351999,24.048877,1.624338,8,1
38400.000000,33.578415,-117.064141,499.955847,24.030646,1.625520,8,1
38415.000000,33.578413,-117.064145,500.231292,24.253385,1.626698,8,1
38430.000000,33.578413,-117.064146,500.149405,24.338921,1.627873,8,1
38445.000000,33.578417,-117.064141,499.393630,24.544890,1.629045,8,1
38460.000000,33.578412,-117.064145,499.571345,24.652399,1.630212,8,1
38475.000000,33.578412,-117.064147,499.928730,24.705300,1.631375,8,1
38490.000000,33.578417,-117.064144,498.647691,24.840447,1.632535,8,1
38505.000000,33.578415,-117.064146,498.960606,25.035201,1.633690,8,1
38520.000000,33.578417,-117.064146,498.881602,25.121935,1.634840,8,1
38535.000000,33.578414,-117.064145,498.706101,25.156124,1.635986,8,1
38550.000000,33.578418,-117.064142,497.936976,25.397330,1.637127,8,1
38565.000000,33.578416,-117.064144,498.489992,25.516993,1.638263,8,1
38580.000000,33.578417,-117.064144,498.109542,25.761029,1.639394,8,1
38595.000000,33.578415,-117.064142,497.380286,25.690238,1.640520,8,1
38610.000000,33.578414,-117.064145,497.815325,25.972388,1.641640,8,1
38625.000000,33.578416,-117.064144,497.372049,26.153189,1.642755,8,1
38640.000000,33.578417,-117.064145,496.525309,26.072744,1.643863,8,1
38655.000000,33.578415,-117.064145,496.495218,26.125853,1.644966,8,1
38670.000000,33.578416,-117.064148,496.924627,26.302841,1.646063,8,1
38685.000000,33.578416,-117.064147,496.253571,26.416700,1.647153,8,1
38700.000000,33.578419,-117.064145,495.551458,26.515019,1.648237,8,1
38715.000000,33.578417,-117.064147,496.063939,26.755834,1.649314,8,1
38730.000000,33.578412,-117.064150,495.950343,26.803597,1.650384,8,1
38745.000000,33.578415,-117.064145,495.444672,26.967277,1.651447,8,1
38760.000000,33.578416,-117.064147,494.485519,27.015001,1.652503,8,1
38775.000000,33.578415,-117.064149,494.389785,27.218159,1.653551,8,1
38790.000000,33.578417,-117.064146,494.218491,27.442122,1.654592,8,1
38805.000000,33.578415,-117.064148,493.895189,27.324665,1.655625,8,1
38820.000000,33.578416,-117.064148,493.781597,27.540241,1.656651,8,1
38835.000000,33.578416,-117.064149,493.502730,27.757813,1.657667,8,1
38850.000000,33.578417,-117.064150,492.962370,27.697840,1.658676,8,1
38865.000000,33.578415,-117.064150,493.194831,27.953387,1.659676,8,1
38880.000000,33.578412,-117.064150,492.380355,28.100805,1.660667,8,1
38895.000000,33.578414,-117.064152,492.375735,28.224589,1.661650,8,1
38910.000000,33.578412,-117.064153,491.908953,28.279215,1.662623,8,1
38925.000000,33.578413,-117.064151,491.980408,28.531712,1.663587,8,1
38940.000000,33.578412,-117.064150,491.867720,28.612283,1.664542,8,1
38955.000000,33.578416,-117.064151,491.523761,28.786080,1.665486,8,1
38970.000000,33.578414,-117.064152,491.200099,28.647838,1.666421,8,1
38985.000000,33.578415,-117.064155,490.846040,28.775536,1.667346,8,1
39000.000000,33.578415,-117.064152,489.875620,28.949929,1.668261,8,1
39015.000000,33.578414,-117.064155,489.244304,29.151056,1.669165,8,1
39030.000000,33.578413,-117.064155,489.568408,29.222701,1.670058,8,1
39045.000000,33.578414,-117.064155,488.953426,29.202189,1.670941,8,1
39060.000000,33.578412,-117.064157,488.479120,29.250762,1.671813,8,1
39075.000000,33.578415,-117.064156,488.327695,29.568713,1.672673,8,1
39090.000000,33.578413,-117.064157,488.322117,29.693038,1.673522,8,1
39105.000000,33.578413,-117.064159,488.047808,29.856437,1.674359,8,1
39120.000000,33.578417,-117.064155,487.273021,30.098523,1.675184,8,1
39135.000000,33.578414,-117.064159,487.296297,30.170223,1.675998,8,1
39150.000000,33.578416,-117.064158,486.597033,30.240396,1.676799,8,1
39165.000000,33.578413,-117.064160,486.411767,30.259577,1.677588,8,1
39180.000000,33.578413,-117.064161,486.408463,30.304563,1.678364,8,1
39195.000000,33.578413,-117.064158,485.486898,30.469844,1.679127,8,1
39210.000000,33.578412,-117.064159,485.384747,30.483774,1.679878,8,1
39225.000000,33.578411,-117.064162,485.443067,30.623664,1.680615,8,1
39240.000000,33.578413,-117.064162,484.672119,30.676611,1.681339,8,1
39255.000000,33.578414,-117.064164,484.461174,30.847781,1.682049,8,1
39270.000000,33.578415,-117.064163,483.561178,31.140794,1.682746,8,1
39285.000000,33.578410,-117.064167,483.438804,30.896438,1.683428,8,1
39300.000000,33.578413,-117.064166,482.333802,30.970000,1.684097,8,1
39315.000000,33.578411,-117.064167,482.387160,31.135059,1.684751,8,1
39330.000000,33.578405,-117.064172,482.785445,31.288266,1.685391,8,1
39345.000000,33.578409,-117.064170,482.035244,31.393703,1.686016,8,1
39360.000000,33.578413,-117.064168,481.464449,31.665900,1.686626,8,1
39375.000000,33.578413,-117.064167,480.360867,31.740436,1.687221,8,1
39390.000000,33.578409,-117.064172,481.072727,31.725089,1.687801,8,1
39405.000000,33.578412,-117.064170,479.900993,31.939367,1.688365,8,1
39420.000000,33.578409,-117.064175,479.861940,31.913974,1.688914,8,1
39435.000000,33.578410,-117.064173,479.631678,32.099681,1.689448,8,1
39450.000000,33.578410,-117.064176,478.980982,32.296954,1.689965,8,1
39465.000000,33.578413,-117.064172,478.061445,32.317521,1.690466,8,1
39480.000000,33.578379,-117.064121,492.175024,30.507765,1.533382,9,1
39495.000000,33.578380,-117.064119,491.517633,30.591236,1.534155,9,1
39510.000000,33.578378,-117.064120,491.455037,30.702654,1.534919,9,1
39525.000000,33.578381,-117.064114,490.481026,31.009622,1.535675,9,1
39540.000000,33.578378,-117.064120,490.620120,30.925623,1.536422,9,1
39555.000000,33.578380,-117.064118,489.687241,31.125179,1.537160,9,1
39570.000000,33.578376,-117.064120,489.420659,31.060523,1.537890,9,1
39585.000000,33.578377,-117.064121,488.985821,31.284414,1.538610,9,1
39600.000000,33.578375,-117.064121,488.955556,31.205591,1.539320,9,1
39615.000000,33.578375,-117.064120,488.867474,31.272402,1.540021,9,1
39630.000000,33.578377,-117.064119,488.142012,31.315189,1.540712,9,1
39645.000000,33.578376,-117.064121,487.653638,31.607453,1.541394,9,1
39660.000000,33.578373,-117.064122,487.959704,31.618578,1.542065,9,1
39675.000000,33.578375,-117.064121,487.116580,31.776789,1.542726,9,1
39690.000000,33.578373,-117.064124,486.688332,31.826124,1.543377,9,1
39705.000000,33.578372,-117.064123,486.443777,31.779377,1.544017,9,1
39720.000000,33.578371,-117.064124,486.360566,31.883360,1.544647,9,1
39735.000000,33.578373,-117.064123,485.302468,32.011042,1.545265,9,1
39750.000000,33.578313,-117.064195,495.582161,35.054406,1.784604,8,1
39765.000000,33.578312,-117.064195,495.606550,35.122687,1.785908,8,1
39780.000000,33.578311,-117.064195,495.606541,35.291446,1.787212,8,1
39795.000000,33.578309,-117.064195,495.099551,35.392073,1.788517,8,1
39810.000000,33.578307,-117.064196,494.783083,35.544109,1.789822,8,1
39825.000000,33.578306,-117.064196,494.525599,35.755974,1.791127,8,1
39840.000000,33.578304,-117.064196,494.462166,35.679744,1.792432,8,1
39855.000000,33.578303,-117.064195,494.034459,35.909510,1.793737,8,1
39870.000000,33.578303,-117.064197,493.853848,35.943003,1.795042,8,1
39885.000000,33.578302,-117.064198,493.700561,36.020200,1.796347,8,1
39900.000000,33.578302,-117.064199,493.240465,36.023967,1.797651,8,1
39915.000000,33.578301,-117.064199,492.948355,36.245060,1.798955,8,1
39930.000000,33.578300,-117.064199,492.859451,36.259400,1.800258,8,1
39945.000000,33.578298,-117.064201,492.412750,36.471122,1.801560,8,1
39960.000000,33.578295,-117.064203,491.945970,36.558264,1.802861,8,1
39975.000000,33.578296,-117.064203,491.747577,36.668910,1.804160,8,1
39990.000000,33.578295,-117.064205,491.371812,36.482403,1.805459,8,1
40005.000000,33.578293,-117.064206,491.347780,36.822106,1.806756,8,1
40020.000000,33.578292,-117.064206,491.366364,37.053209,1.808051,8,1
40035.000000,33.578291,-117.064208,490.753199,37.031306,1.809345,8,1
40050.000000,33.578289,-117.064209,490.182069,37.157055,1.810637,8,1
40065.000000,33.578289,-117.064208,490.070197,37.196389,1.811927,8,1
40080.000000,33.578288,-117.064210,489.558347,37.340340,1.813215,8,1
40095.000000,33.578287,-117.064210,489.374292,37.355064,1.814500,8,1
40110.000000,33.578287,-117.064214,488.789582,37.313687,1.815784,8,1
40125.000000,33.578284,-117.064215,488.848213,37.483430,1.817064,8,1
40140.000000,33.578284,-117.064214,488.349700,37.604487,1.818342,8,1
40155.000000,33.578284,-117.064214,487.672888,37.609322,1.819617,8,1
40170.000000,33.578285,-117.064215,487.110214,37.589706,1.820889,8,1
40185.000000,33.578283,-117.064217,486.699126,37.756582,1.822158,8,1
40200.000000,33.578279,-117.064218,486.804616,37.697452,1.823424,8,1
40215.000000,33.578279,-117.064219,486.523379,37.899372,1.824686,8,1
40230.000000,33.578278,-117.064221,486.219887,38.017970,1.825945,8,1
40245.000000,33.578277,-117.064220,485.647227,38.143796,1.827200,8,1
40260.000000,33.578276,-117.064223,485.378263,38.266310,1.828452,8,1
40275.000000,33.578275,-117.064223,485.025204,38.234940,1.829699,8,1
40290.000000,33.578276,-117.064223,484.477561,38.187589,1.830942,8,1
40305.000000,33.578274,-117.064224,484.291932,38.188190,1.832182,8,1
40320.000000,33.578272,-117.064224,484.134726,38.343949,1.833416,8,1
40335.000000,33.578269,-117.064226,483.533715,38.459090,1.834646,8,1
40350.000000,33.578270,-117.064226,482.864981,38.613742,1.835872,8,1
40365.000000,33.578267,-117.064228,482.222091,38.782972,1.837093,8,1
40380.000000,33.578264,-117.064228,482.043057,39.144252,1.838309,8,1
40395.000000,33.578265,-117.064226,481.388627,39.210275,1.839520,8,1
40410.000000,33.578265,-117.064226,480.774678,39.285665,1.840725,8,1
40425.000000,33.578266,-117.064229,480.623438,39.088947,1.841926,8,1
40440.000000,33.578264,-117.064234,480.259611,39.068614,1.843120,8,1
40455.000000,33.578263,-117.064236,480.086530,38.992260,1.844310,8,1
40470.000000,33.578263,-117.064236,479.487649,39.118563,1.845493,8,1
40485.000000,33.578263,-117.064238,479.335166,39.158706,1.846671,8,1
40500.000000,33.578262,-117.064240,479.025798,39.260708,1.847843,8,1
40515.000000,33.578261,-117.064239,478.285738,39.286884,1.849008,8,1
40530.000000,33.578258,-117.064241,478.052015,39.506191,1.850168,8,1
40545.000000,33.578259,-117.064241,477.583797,39.467529,1.851321,8,1
40560.000000,33.578258,-117.064240,476.914299,39.404290,1.852467,8,1
40575.000000,33.578257,-117.064242,476.609624,39.503867,1.853607,8,1
40590.000000,33.578255,-117.064244,476.356790,39.654138,1.854741,8,1
40605.000000,33.578253,-117.064246,475.791983,39.655615,1.855867,8,1
40620.000000,33.578256,-117.064245,475.039456,39.669052,1.856986,8,1
40635.000000,33.578256,-117.064245,474.264125,39.515487,1.858099,8,1
40650.000000,33.578255,-117.064245,473.984400,39.659238,1.859204,8,1
40665.000000,33.578252,-117.064249,473.802738,39.733709,1.860301,8,1
40680.000000,33.578251,-117.064252,473.576714,39.788796,1.861392,8,1
40695.000000,33.578251,-117.064251,473.015076,39.986450,1.862474,8,1
40710.000000,33.578251,-117.064252,472.313808,39.974260,1.863549,8,1
40725.000000,33.578251,-117.064253,471.616273,39.953218,1.864617,8,1
40740.000000,33.578249,-117.064254,471.115152,39.973955,1.865676,8,1
40755.000000,33.578247,-117.064254,471.060316,39.980269,1.866727,8,1
40770.000000,33.578245,-117.064257,470.689128,40.035224,1.867770,8,1
40785.000000,33.578244,-117.064255,470.181611,40.075289,1.868805,8,1
40800.000000,33.578243,-117.064258,469.586304,40.071865,1.869832,8,1
40815.000000,33.578242,-117.064256,469.330344,40.260469,1.870850,8,1
40830.000000,33.578240,-117.064261,468.620682,40.338722,1.871860,8,1
40845.000000,33.578239,-117.064260,468.222317,40.383878,1.872861,8,1
40860.000000,33.578240,-117.064260,467.720722,40.424453,1.873854,8,1
40875.000000,33.578239,-117.064263,467.042253,40.475570,1.874837,8,1
40890.000000,33.578241,-117.064261,466.426196,40.411257,1.875812,8,1
40905.000000,33.578239,-117.064263,466.111869,40.450767,1.876777,8,1
40920.000000,33.578240,-117.064266,465.828482,40.311359,1.877734,8,1
40935.000000,33.578238,-117.064264,465.383769,40.383397,1.878681,8,1
40950.000000,33.578238,-117.064266,464.686935,40.400164,1.879620,8,1
40965.000000,33.578238,-117.064266,464.063067,40.488885,1.880549,8,1
40980.000000,33.578237,-117.064268,463.695912,40.448174,1.881468,8,1
40995.000000,33.578238,-117.064270,463.123452,40.473322,1.882378,8,1
41010.000000,33.578237,-117.064272,462.345310,40.542272,1.883278,8,1
41025.000000,33.578237,-117.064270,462.019538,40.560632,1.884169,8,1
41040.000000,33.578235,-117.064273,461.812581,40.618689,1.885050,8,1
41055.000000,33.578234,-117.064272,461.208337,40.651023,1.885922,8,1
41070.000000,33.578387,-117.064189,476.110839,41.431863,1.806278,9,1
41085.000000,33.578384,-117.064194,475.842858,41.411669,1.807793,9,1
41100.000000,33.578379,-117.064198,474.228767,41.305742,1.809295,9,1
41115.000000,33.578386,-117.064194,473.780398,41.449476,1.810783,9,1
41130.000000,33.578391,-117.064192,474.048279,41.959314,1.812256,9,1
41145.000000,33.578377,-117.064202,472.740910,41.259431,1.813716,9,1
41160.000000,33.578388,-117.064196,472.787005,42.133589,1.815160,9,1
41175.000000,33.578379,-117.064203,471.843575,41.566240,1.816589,9,1
41190.000000,33.578387,-117.064198,471.515827,41.962395,1.818003,9,1
41205.000000,33.578383,-117.064201,470.378995,41.571364,1.819401,9,1
41220.000000,33.578390,-117.064197,470.003639,42.017253,1.820782,9,1
41235.000000,33.578390,-117.064198,469.227740,41.828409,1.822147,9,1
41250.000000,33.578393,-117.064200,468.996732,42.015038,1.823496,9,1
41265.000000,33.578390,-117.064201,467.720557,42.143017,1.824827,9,1
41280.000000,33.578393,-117.064201,467.589804,42.284229,1.826140,9,1
41295.000000,33.578387,-117.064207,466.590212,41.793838,1.827436,9,1
41310.000000,33.578428,-117.064368,508.612837,34.369499,1.961233,8,1
41325.000000,33.578428,-117.064367,508.545912,34.443909,1.964133,8,1
41340.000000,33.578430,-117.064366,507.904627,34.488972,1.967032,8,1
41355.000000,33.578430,-117.064366,508.036242,34.702858,1.969929,8,1
41370.000000,33.578427,-117.064367,507.269804,34.762747,1.972824,8,1
41385.000000,33.578432,-117.064368,507.347587,34.810486,1.975716,8,1
41400.000000,33.578429,-117.064366,506.453981,34.903658,1.978606,8,1
41415.000000,33.578431,-117.064366,506.145763,34.969416,1.981492,8,1
41430.000000,33.578432,-117.064366,505.931337,35.162480,1.984374,8,1
41445.000000,33.578431,-117.064366,505.083429,35.314096,1.987252,8,1
41460.000000,33.578430,-117.064367,504.475922,35.169039,1.990126,8,1
41475.000000,33.578431,-117.064368,504.790510,35.239876,1.992994,8,1
41490.000000,33.578437,-117.064364,504.567180,35.624138,1.995856,8,1
41505.000000,33.578435,-117.064365,503.821437,35.563048,1.998712,8,1
41520.000000,33.578435,-117.064367,503.641996,35.518523,2.001562,8,1
41535.000000,33.578435,-117.064366,503.363927,35.615071,2.004404,8,1
41550.000000,33.578440,-117.064367,503.324728,35.832510,2.007239,8,1
41565.000000,33.578438,-117.064367,502.800563,35.793704,2.010065,8,1
41580.000000,33.578437,-117.064366,501.543877,35.843460,2.012883,8,1
41595.000000,33.578437,-117.064368,500.938566,35.857219,2.015692,8,1
41610.000000,33.578439,-117.064368,500.804269,36.052185,2.018491,8,1
41625.000000,33.578441,-117.064368,500.989146,36.301138,2.021280,8,1
41640.000000,33.578440,-117.064368,500.557756,36.179310,2.024058,8,1
41655.000000,33.578443,-117.064367,499.413450,36.112726,2.026825,8,1
41670.000000,33.578443,-117.064366,499.102554,36.324590,2.029581,8,1
41685.000000,33.578444,-117.064366,498.503046,36.450403,2.032324,8,1
41700.000000,33.578444,-117.064368,497.907159,36.475976,2.035054,8,1
41715.000000,33.578444,-117.064368,497.510173,36.520400,2.037771,8,1
41730.000000,33.578447,-117.064367,496.530456,36.693733,2.040473,8,1
41745.000000,33.578448,-117.064366,495.684671,36.637562,2.043162,8,1
41760.000000,33.578448,-117.064366,495.775741,36.838452,2.045835,8,1
41775.000000,33.578451,-117.064367,495.020258,36.980778,2.048493,8,1
41790.000000,33.578451,-117.064367,494.418271,36.997136,2.051135,8,1
41805.000000,33.578451,-117.064368,494.163802,37.118577,2.053760,8,1
41820.000000,33.578452,-117.064367,493.098468,37.021927,2.056367,8,1
41835.000000,33.578455,-117.064366,492.187172,37.099294,2.058957,8,1
41850.000000,33.578453,-117.064367,491.658767,37.202862,2.061529,8,1
41865.000000,33.578454,-117.064368,491.563053,37.189687,2.064081,8,1
41880.000000,33.578453,-117.064367,491.352048,37.303712,2.066614,8,1
41895.000000,33.578453,-117.064371,491.091011,37.303245,2.069127,8,1
41910.000000,33.578457,-117.064367,490.290095,37.399463,2.071619,8,1
41925.000000,33.578458,-117.064369,489.098815,37.473026,2.074090,8,1
41940.000000,33.578459,-117.064366,488.721881,37.692427,2.076539,8,1
41955.000000,33.578458,-117.064368,488.186474,37.510890,2.078966,8,1
41970.000000,33.578459,-117.064369,487.946822,37.702494,2.081370,8,1
41985.000000,33.578460,-117.064370,487.010422,37.772543,2.083750,8,1
42000.000000,33.578463,-117.064366,485.894921,37.978264,2.086106,8,1
42015.000000,33.578462,-117.064367,485.377664,37.985990,2.088438,8,1
42030.000000,33.578463,-117.064366,484.559273,38.114649,2.090744,8,1
42045.000000,33.578464,-117.064367,484.054930,38.081671,2.093024,8,1
42060.000000,33.578464,-117.064370,483.712047,38.299715,2.095278,8,1
42075.000000,33.578465,-117.064369,483.362711,38.308224,2.097505,8,1
42090.000000,33.578466,-117.064369,482.199611,38.304754,2.099704,8,1
42105.000000,33.578467,-117.064367,481.092998,38.369658,2.101876,8,1
42120.000000,33.578468,-117.064367,480.226111,38.333622,2.104019,8,1
42135.000000,33.578467,-117.064369,479.498800,38.558254,2.106132,8,1
42150.000000,33.578467,-117.064371,479.155967,38.576396,2.108216,8,1
42165.000000,33.578470,-117.064370,478.413343,38.801468,2.110269,8,1
42180.000000,33.578471,-117.064372,477.788860,38.829262,2.112292,8,1
42195.000000,33.578473,-117.064369,476.682479,38.893889,2.114283,8,1
42210.000000,33.578474,-117.064369,475.991764,38.820011,2.116242,8,1
42225.000000,33.578473,-117.064370,475.728422,38.772288,2.118169,8,1
42240.000000,33.578472,-117.064371,475.243098,38.673235,2.120063,8,1
42255.000000,33.578474,-117.064370,474.185979,38.754560,2.121923,8,1
42270.000000,33.578477,-117.064371,472.929549,38.962364,2.123749,8,1
42285.000000,33.578479,-117.064369,471.624779,38.967550,2.125541,8,1
42300.000000,33.578478,-117.064370,471.562444,39.007857,2.127298,8,1
42315.000000,33.578480,-117.064368,470.776673,39.014265,2.129019,8,1
42330.000000,33.578481,-117.064370,470.462611,39.000485,2.130704,8,1
42345.000000,33.578483,-117.064369,469.348891,39.001770,2.132353,8,1
42360.000000,33.578484,-117.064370,468.828881,39.083563,2.133964,8,1
42375.000000,33.578484,-117.064372,468.305650,39.105370,2.135539,8,1
42390.000000,33.578485,-117.064371,466.902587,39.186619,2.137075,8,1
42405.000000,33.578485,-117.064372,466.313165,39.179111,2.138573,8,1
42420.000000,33.578487,-117.064372,465.271006,39.214903,2.140033,8,1
42435.000000,33.578486,-117.064372,464.891974,39.122327,2.141453,8,1
42450.000000,33.578488,-117.064371,464.228444,39.039823,2.142834,8,1
42465.000000,33.578491,-117.064370,462.467024,39.248936,2.144174,8,1
42480.000000,33.578492,-117.064372,462.355389,39.185234,2.145475,8,1
42495.000000,33.578494,-117.064370,461.161224,39.227326,2.146734,8,1
42510.000000,33.578492,-117.064372,460.800772,39.236329,2.147952,8,1
42525.000000,33.578494,-117.064374,459.883901,39.297798,2.149129,8,1
42540.000000,33.578492,-117.064377,459.754095,39.180909,2.150264,8,1
42555.000000,33.578494,-117.064376,458.261605,39.364132,2.151357,8,1
42570.000000,33.578496,-117.064376,457.658217,39.203188,2.152408,8,1
42585.000000,33.578498,-117.064374,456.186067,39.271833,2.153415,8,1
42600.000000,33.578501,-117.064375,455.412367,39.319190,2.154380,8,1
42615.000000,33.578500,-117.064377,454.832677,39.369860,2.155301,8,1
42630.000000,33.578501,-117.064377,453.788173,39.294501,2.156178,8,1
42645.000000,33.578502,-117.064380,453.466673,39.241466,2.157011,8,1
42660.000000,33.578501,-117.064378,452.334988,39.250575,2.157801,8,1
42675.000000,33.578505,-117.064376,451.350276,39.158733,2.158546,8,1
42690.000000,33.578506,-117.064377,450.289725,39.199220,2.159246,8,1
42705.000000,33.578507,-117.064378,449.260264,39.275908,2.159901,8,1
42720.000000,33.578507,-117.064379,448.206071,39.311447,2.160512,8,1
42735.000000,33.578510,-117.064378,447.780797,39.321306,2.161077,8,1
42750.000000,33.578509,-117.064380,447.432595,39.238383,2.161597,8,1
42765.000000,33.578510,-117.064379,446.437668,39.090758,2.162071,8,1
42780.000000,33.578511,-117.064380,445.638567,39.107832,2.162500,8,1
42795.000000,33.578514,-117.064378,444.038360,39.185059,2.162883,8,1
42810.000000,33.578511,-117.064381,443.704602,39.105205,2.163220,8,1
42825.000000,33.578514,-117.064379,442.356000,39.084701,2.163511,8,1
42840.000000,33.578514,-117.064382,441.855018,39.063404,2.163756,8,1
42855.000000,33.578516,-117.064382,441.404454,39.020730,2.163956,8,1
42870.000000,33.578518,-117.064380,440.237639,39.073606,2.164109,8,1
42885.000000,33.578518,-117.064380,439.072651,39.084917,2.164216,8,1
42900.000000,33.578520,-117.064382,438.177926,38.951952,2.164277,8,1
42915.000000,33.578520,-117.064384,437.327261,38.950948,2.164292,8,1
42930.000000,33.578521,-117.064384,436.260500,39.075772,2.164261,8,1
42945.000000,33.578521,-117.064386,436.113594,38.999273,2.164184,8,1
42960.000000,33.578522,-117.064387,435.023786,38.870572,2.164061,8,1
42975.000000,33.578523,-117.064386,434.138515,38.891770,2.163892,8,1
42990.000000,33.578523,-117.064388,433.386179,38.972783,2.163677,8,1
43005.000000,33.578526,-117.064386,432.144496,38.974771,2.163417,8,1
43020.000000,33.578527,-117.064388,431.299452,38.863462,2.163111,8,1
43035.000000,33.578527,-117.064386,430.429805,38.826335,2.162760,8,1
43050.000000,33.578526,-117.064390,429.718426,38.840353,2.162363,8,1
43065.000000,33.578528,-117.064390,429.058650,38.824358,2.161921,8,1
43080.000000,33.578527,-117.064390,428.526013,38.688641,2.161435,8,1
43095.000000,33.578530,-117.064389,427.087167,38.713109,2.160903,8,1
43110.000000,33.578531,-117.064390,426.722075,38.562675,2.160327,8,1
43125.000000,33.578532,-117.064391,425.914320,38.627814,2.159707,8,1
43140.000000,33.578532,-117.064393,424.782001,38.763137,2.159043,8,1
43155.000000,33.578533,-117.064394,424.144303,38.559540,2.158335,8,1
43170.000000,33.578535,-117.064391,423.446608,38.466328,2.157584,8,1
43185.000000,33.578535,-117.064394,422.554911,38.513568,2.156789,8,1
43200.000000,33.578537,-117.064394,422.095499,38.222252,2.155952,8,1
43215.000000,33.578537,-117.064395,421.250254,38.289055,2.155072,8,1
43230.000000,33.578538,-117.064396,420.093515,38.317033,2.154149,8,1
43245.000000,33.578540,-117.064397,419.835622,38.202686,2.153185,8,1
43260.000000,33.578540,-117.064399,419.139333,38.170799,2.152179,8,1
43275.000000,33.578541,-117.064399,418.297025,38.106375,2.151132,8,1
43290.000000,33.578543,-117.064398,417.168996,37.998721,2.150044,8,1
43305.000000,33.578542,-117.064399,416.404018,37.888754,2.148916,8,1
43320.000000,33.578544,-117.064400,415.601487,37.828862,2.147747,8,1
43335.000000,33.578546,-117.064400,413.998642,37.922055,2.146539,8,1
43350.000000,33.578545,-117.064403,414.147334,37.944559,2.145292,8,1
43365.000000,33.578545,-117.064404,413.558596,37.838556,2.144006,8,1
43380.000000,33.578546,-117.064405,413.295264,37.731221,2.142681,8,1
43395.000000,33.578546,-117.064407,412.534210,37.703661,2.141319,8,1
43410.000000,33.578549,-117.064403,410.934616,37.583263,2.139920,8,1
43425.000000,33.578551,-117.064403,409.760235,37.584937,2.138483,8,1
43440.000000,33.578551,-117.064406,409.187825,37.599994,2.137010,8,1
43455.000000,33.578550,-117.064407,408.938263,37.433989,2.135501,8,1
43470.000000,33.578551,-117.064405,407.724322,37.302182,2.133957,8,1
43485.000000,33.578550,-117.064410,407.934476,37.178841,2.132378,8,1
43500.000000,33.578549,-117.064411,407.797158,37.013577,2.130764,8,1
43515.000000,33.578552,-117.064408,406.106350,36.985703,2.129117,8,1
43530.000000,33.578555,-117.064408,405.244023,36.946233,2.127437,8,1
43545.000000,33.578556,-117.064409,404.772302,36.662216,2.125723,8,1
43560.000000,33.578557,-117.064411,404.276490,36.668091,2.123977,8,1
43575.000000,33.578556,-117.064413,403.100351,36.786946,2.122200,8,1
43590.000000,33.578557,-117.064412,401.820980,36.767567,2.120392,8,1
43605.000000,33.578556,-117.064412,402.497680,36.389600,2.118553,8,1
43620.000000,33.578556,-117.064413,401.943405,36.175057,2.116684,8,1
43635.000000,33.578558,-117.064414,400.961232,36.241616,2.114786,8,1
43650.000000,33.578558,-117.064416,400.385044,36.204797,2.112859,8,1
43665.000000,33.578559,-117.064418,399.389823,36.221367,2.110904,8,1
43680.000000,33.578562,-117.064415,398.258034,36.031416,2.108921,8,1
43695.000000,33.578561,-117.064417,398.543138,35.836944,2.106911,8,1
43710.000000,33.578562,-117.064419,397.892368,35.858242,2.104875,8,1
43725.000000,33.578561,-117.064418,397.272470,35.692893,2.102813,8,1
43740.000000,33.578563,-117.064419,396.434912,35.558924,2.100726,8,1
43755.000000,33.578563,-117.064421,396.131222,35.425158,2.098615,8,1
43770.000000,33.578563,-117.064422,395.586220,35.426104,2.096479,8,1
43785.000000,33.578564,-117.064423,395.249515,35.279093,2.094320,8,1
43800.000000,33.578563,-117.064425,394.707728,35.229004,2.092139,8,1
43815.000000,33.578566,-117.064427,393.675315,35.310721,2.089935,8,1
43830.000000,33.578567,-117.064426,393.069557,35.161940,2.087710,8,1
43845.000000,33.578568,-117.064426,392.272888,35.016984,2.085464,8,1
43860.000000,33.578567,-117.064431,393.162822,34.934937,2.083198,8,1
43875.000000,33.578568,-117.064428,391.585615,34.807062,2.080913,8,1
43890.000000,33.578568,-117.064431,390.778009,34.822772,2.078608,8,1
43905.000000,33.578566,-117.064434,390.935995,34.702035,2.076285,8,1
43920.000000,33.578567,-117.064434,390.447471,34.626862,2.073944,8,1
43935.000000,33.578570,-117.064431,388.341886,34.457531,2.071586,8,1
43950.000000,33.578569,-117.064435,388.880275,34.394233,2.069212,8,1
43965.000000,33.578571,-117.064435,388.161129,34.262785,2.066822,8,1
43980.000000,33.578570,-117.064436,388.181094,34.033907,2.064416,8,1
43995.000000,33.578570,-117.064435,388.501528,33.826803,2.061996,8,1
44010.000000,33.578572,-117.064435,386.654518,33.736582,2.059562,8,1
44025.000000,33.578572,-117.064437,386.480184,33.593433,2.057114,8,1
44040.000000,33.578573,-117.064439,385.766985,33.574203,2.054653,8,1
44055.000000,33.578572,-117.064441,386.583972,33.316381,2.052181,8,1
44070.000000,33.578572,-117.064441,386.434166,33.207637,2.049696,8,1
44085.000000,33.578573,-117.064443,385.919938,33.255807,2.047201,8,1
44100.000000,33.578575,-117.064441,384.166554,33.192294,2.044695,8,1
44115.000000,33.578574,-117.064443,384.269037,33.001182,2.042179,8,1
44130.000000,33.578572,-117.064447,384.904815,32.935005,2.039654,8,1
44145.000000,33.578574,-117.064443,383.603861,32.719282,2.037121,8,1
44160.000000,33.578574,-117.064445,383.725455,32.659320,2.034579,8,1
44175.000000,33.578573,-117.064450,383.543152,32.731354,2.032030,8,1
44190.000000,33.578573,-117.064450,383.256239,32.568451,2.029474,8,1
44205.000000,33.578574,-117.064450,382.585497,32.481771,2.026911,8,1
44220.000000,33.578575,-117.064450,382.169685,32.316256,2.024342,8,1
44235.000000,33.578577,-117.064450,380.947139,32.220107,2.021769,8,1
44250.000000,33.578576,-117.064452,380.443242,32.229049,2.019190,8,1
44265.000000,33.578574,-117.064453,381.571090,31.856631,2.016607,8,1
44280.000000,33.578573,-117.064455,381.032782,31.848932,2.014021,8,1
44295.000000,33.578575,-117.064454,380.216049,31.648016,2.011432,8,1
44310.000000,33.578575,-117.064455,379.711616,31.477273,2.008840,8,1
44325.000000,33.578576,-117.064454,379.352150,31.336016,2.006245,8,1
44340.000000,33.578575,-117.064460,379.853557,31.410123,2.003650,8,1
44355.000000,33.578574,-117.064462,380.077143,31.159093,2.001053,8,1
44370.000000,33.578577,-117.064458,378.101544,31.144844,1.998456,8,1
44385.000000,33.578578,-117.064458,378.752516,30.858935,1.995858,8,1
44400.000000,33.578578,-117.064459,378.662306,30.767360,1.993261,8,1
44415.000000,33.578575,-117.064464,379.065884,30.720368,1.990665,8,1
44430.000000,33.578576,-117.064463,377.602450,30.565222,1.988071,8,1
44445.000000,33.578575,-117.064465,378.254503,30.461527,1.985478,8,1
44460.000000,33.578576,-117.064465,378.071293,30.342239,1.982888,8,1
44475.000000,33.578577,-117.064462,378.203772,30.094668,1.980300,8,1
44490.000000,33.578576,-117.064466,377.751508,30.050386,1.977716,8,1
44505.000000,33.578648,-117.064344,330.349432,33.245424,3.373533,7,1
44520.000000,33.578649,-117.064342,330.092677,32.993967,3.359471,7,1
44535.000000,33.578649,-117.064342,330.186465,32.715287,3.345432,7,1
44550.000000,33.578650,-117.064342,328.982214,32.613973,3.331420,7,1
44565.000000,33.578649,-117.064344,328.667598,32.468422,3.317438,7,1
44580.000000,33.578650,-117.064343,327.671036,32.320909,3.303490,7,1
44595.000000,33.578650,-117.064344,327.519250,32.058192,3.289580,7,1
44610.000000,33.578650,-117.064343,327.483545,31.852275,3.275711,7,1
44625.000000,33.578649,-117.064346,326.765306,31.741412,3.261886,7,1
44640.000000,33.578649,-117.064346,327.186854,31.484655,3.248108,7,1
44655.000000,33.578650,-117.064345,326.697822,31.326431,3.234380,7,1
44670.000000,33.578649,-117.064347,326.084560,31.187464,3.220705,7,1
44685.000000,33.578648,-117.064348,327.103176,30.850520,3.207085,7,1
44700.000000,33.578647,-117.064349,325.991629,30.903823,3.193524,7,1
44715.000000,33.578649,-117.064350,325.716747,30.778776,3.180023,7,1
44730.000000,33.578647,-117.064351,326.247600,30.510050,3.166585,7,1
44745.000000,33.578647,-117.064351,325.198780,30.344824,3.153213,7,1
44760.000000,33.578647,-117.064352,325.059714,30.139948,3.139908,7,1
44775.000000,33.578646,-117.064355,325.357393,29.998359,3.126672,7,1
44790.000000,33.578645,-117.064355,325.262773,29.850025,3.113508,7,1
44805.000000,33.578645,-117.064356,325.185911,29.734816,3.100416,7,1
44820.000000,33.578644,-117.064355,325.315757,29.467068,3.087400,7,1
44835.000000,33.578645,-117.064356,325.543512,29.222113,3.074460,7,1
44850.000000,33.578643,-117.064360,326.212755,28.995714,3.061598,7,1
44865.000000,33.578643,-117.064360,324.904931,29.014815,3.048816,7,1
44880.000000,33.578342,-117.064424,449.048448,40.236832,2.261353,8,1
44895.000000,33.578342,-117.064421,448.061949,40.083082,2.258033,8,1
44910.000000,33.578340,-117.064420,448.127731,40.049628,2.254702,8,1
44925.000000,33.578337,-117.064420,447.305680,40.288666,2.251359,8,1
44940.000000,33.578334,-117.064420,447.159414,40.498592,2.248005,8,1
44955.000000,33.578334,-117.064418,446.514027,40.307715,2.244640,8,1
44970.000000,33.578334,-117.064417,445.994496,40.083686,2.241264,8,1
44985.000000,33.578332,-117.064417,445.527001,40.183477,2.237879,8,1
45000.000000,33.578334,-117.064412,444.468076,39.967551,2.234483,8,1
45015.000000,33.578331,-117.064411,443.941596,40.072060,2.231079,8,1
45030.000000,33.578332,-117.064409,443.022051,39.752554,2.227666,8,1
45045.000000,33.578330,-117.064408,443.317146,39.955006,2.224244,8,1
45060.000000,33.578329,-117.064407,443.155840,39.860469,2.220814,8,1
45075.000000,33.578325,-117.064407,441.830818,40.320843,2.217376,8,1
45090.000000,33.578327,-117.064406,441.302948,40.002127,2.213931,8,1
45105.000000,33.578328,-117.064404,440.625486,39.819250,2.210480,8,1
45120.000000,33.578325,-117.064404,440.224808,39.920801,2.207021,8,1
45135.000000,33.578325,-117.064402,439.886061,39.675592,2.203557,8,1
45150.000000,33.578323,-117.064401,439.490059,39.710104,2.200087,8,1
45165.000000,33.578322,-117.064400,438.925198,39.633549,2.196611,8,1
45180.000000,33.578317,-117.064400,438.773924,39.948290,2.193130,8,1
45195.000000,33.578319,-117.064397,437.843007,39.614016,2.189645,8,1
45210.000000,33.578318,-117.064396,437.674432,39.582156,2.186155,8,1
45225.000000,33.578316,-117.064395,436.914862,39.638274,2.182661,8,1
45240.000000,33.578314,-117.064395,436.650457,39.461621,2.179164,8,1
45255.000000,33.578312,-117.064394,436.406227,39.578548,2.175663,8,1
45270.000000,33.578313,-117.064392,435.609638,39.282371,2.172160,8,1
45285.000000,33.578310,-117.064392,435.149770,39.489847,2.168653,8,1
45300.000000,33.578310,-117.064391,434.532014,39.274177,2.165145,8,1
45315.000000,33.578308,-117.064391,433.740037,39.323289,2.161635,8,1
45330.000000,33.578308,-117.064388,433.637600,39.171513,2.158123,8,1
45345.000000,33.578307,-117.064388,434.194412,39.083683,2.154609,8,1
45360.000000,33.578306,-117.064389,432.929467,39.080982,2.151095,8,1
45375.000000,33.578306,-117.064385,432.628018,38.827872,2.147580,8,1
45390.000000,33.578305,-117.064385,432.241093,38.755414,2.144065,8,1
45405.000000,33.578300,-117.064384,431.134868,38.962528,2.140550,8,1
45420.000000,33.578298,-117.064384,430.881162,39.077132,2.137035,8,1
45435.000000,33.578300,-117.064383,430.075282,38.649216,2.133521,8,1
45450.000000,33.578297,-117.064382,430.039987,38.806414,2.130008,8,1
45465.000000,33.578297,-117.064381,430.333265,38.545145,2.126495,8,1
45480.000000,33.578293,-117.064382,429.010307,38.784209,2.122985,8,1
45495.000000,33.578293,-117.064382,429.173652,38.547943,2.119476,8,1
45510.000000,33.578291,-117.064382,428.382605,38.541590,2.115969,8,1
45525.000000,33.578292,-117.064380,428.916943,38.356144,2.112464,8,1
45540.000000,33.578291,-117.064379,428.146468,38.235660,2.108962,8,1
45555.000000,33.578287,-117.064379,427.898178,38.466429,2.105463,8,1
45570.000000,33.578286,-117.064377,427.358071,38.366988,2.101967,8,1
45585.000000,33.578281,-117.064378,426.291352,38.503563,2.098474,8,1
45600.000000,33.578284,-117.064376,427.297544,38.108874,2.094985,8,1
45615.000000,33.578280,-117.064377,426.648309,38.241355,2.091500,8,1
45630.000000,33.578279,-117.064376,425.874960,38.128405,2.088019,8,1
45645.000000,33.578276,-117.064375,425.595631,38.102432,2.084543,8,1
45660.000000,33.578275,-117.064375,425.921662,38.063859,2.081071,8,1
45675.000000,33.578271,-117.064375,425.584427,38.248772,2.077604,8,1
45690.000000,33.578271,-117.064373,425.383186,37.961068,2.074142,8,1
45705.000000,33.578268,-117.064373,424.883072,38.234489,2.070686,8,1
45720.000000,33.578268,-117.064373,424.248720,38.058432,2.067235,8,1
45735.000000,33.578264,-117.064371,424.032460,38.148027,2.063790,8,1
45750.000000,33.578265,-117.064370,424.514194,37.815526,2.060351,8,1
45765.000000,33.578266,-117.064369,424.620331,37.538893,2.056918,8,1
45780.000000,33.578262,-117.064370,423.559597,37.628848,2.053492,8,1
45795.000000,33.578263,-117.064370,423.118997,37.382776,2.050072,8,1
45810.000000,33.578259,-117.064371,422.857750,37.590258,2.046659,8,1
45825.000000,33.578257,-117.064371,422.455292,37.446333,2.043254,8,1
45840.000000,33.578256,-117.064370,422.370511,37.306466,2.039855,8,1
45855.000000,33.578254,-117.064369,421.225999,37.259144,2.036464,8,1
45870.000000,33.578254,-117.064368,421.508004,37.041189,2.033081,8,1
45885.000000,33.578253,-117.064367,421.666903,37.101146,2.029706,8,1
45900.000000,33.578250,-117.064368,420.899344,37.034198,2.026338,8,1
45915.000000,33.578248,-117.064366,420.875907,37.030906,2.022979,8,1
45930.000000,33.578249,-117.064366,420.731389,36.710219,2.019629,8,1
45945.000000,33.578249,-117.064365,420.222206,36.468856,2.016287,8,1
45960.000000,33.578244,-117.064367,419.833472,36.743855,2.012953,8,1
45975.000000,33.578244,-117.064367,418.926899,36.587856,2.009629,8,1
45990.000000,33.578242,-117.064365,419.665313,36.511243,2.006313,8,1
46005.000000,33.578241,-117.064365,419.719019,36.407000,2.003007,8,1
46020.000000,33.578237,-117.064366,419.101450,36.629049,1.999711,8,1
46035.000000,33.578236,-117.064365,418.834663,36.464958,1.996424,8,1
46050.000000,33.578232,-117.064366,418.466614,36.579103,1.993146,8,1
46065.000000,33.578230,-117.064366,418.020365,36.560296,1.989879,8,1
46080.000000,33.578229,-117.064364,418.551131,36.411896,1.986622,8,1
46095.000000,33.578230,-117.064366,418.829685,36.106660,1.983374,8,1
46110.000000,33.578225,-117.064364,418.193078,36.257375,1.980137,8,1
46125.000000,33.578226,-117.064364,418.782880,35.987677,1.976911,8,1
46140.000000,33.578226,-117.064363,419.110566,35.791278,1.973695,8,1
46155.000000,33.578222,-117.064365,417.860139,35.946681,1.970490,8,1
46170.000000,33.578220,-117.064366,417.932518,35.968432,1.967296,8,1
46185.000000,33.578219,-117.064364,417.344326,35.849936,1.964113,8,1
46200.000000,33.578214,-117.064366,416.570605,35.839200,1.960941,8,1
46215.000000,33.578215,-117.064364,416.869791,35.663044,1.957780,8,1
46230.000000,33.578214,-117.064362,417.153306,35.446539,1.954630,8,1
46245.000000,33.578213,-117.064363,416.896089,35.470543,1.951493,8,1
46260.000000,33.578209,-117.064364,415.992742,35.576949,1.948366,8,1
46275.000000,33.578211,-117.064362,416.739185,35.238066,1.945252,8,1
46290.000000,33.578209,-117.064364,415.886239,35.120179,1.942149,8,1
46305.000000,33.578206,-117.064364,415.589519,35.036338,1.939058,8,1
46320.000000,33.578206,-117.064363,415.587010,34.891779,1.935979,8,1
46335.000000,33.578203,-117.064364,415.527254,34.941730,1.932913,8,1
46350.000000,33.578200,-117.064363,415.375759,35.004375,1.929858,8,1
46365.000000,33.578203,-117.064361,416.334270,34.628252,1.926816,8,1
46380.000000,33.578202,-117.064361,415.784207,34.574829,1.923787,8,1
46395.000000,33.578198,-117.064362,415.394699,34.681485,1.920770,8,1
46410.000000,33.578195,-117.064362,414.929781,34.713182,1.917766,8,1
46425.000000,33.578196,-117.064362,415.361456,34.523758,1.914774,8,1
46440.000000,33.578191,-117.064362,414.953305,34.548561,1.911796,8,1
46455.000000,33.578187,-117.064362,414.600279,34.495206,1.908830,8,1
46470.000000,33.578190,-117.064362,415.012721,34.073518,1.905877,8,1
46485.000000,33.578187,-117.064362,415.241290,34.186629,1.902938,8,1
46500.000000,33.578648,-117.064183,520.054080,17.010109,2.698971,7,1
46515.000000,33.578648,-117.064184,520.118796,17.180453,2.704055,7,1
46530.000000,33.578646,-117.064184,520.381853,17.265687,2.709136,7,1
46545.000000,33.578644,-117.064184,519.881963,17.442826,2.714212,7,1
46560.000000,33.578643,-117.064185,520.233206,17.497233,2.719281,7,1
46575.000000,33.578639,-117.064185,519.865491,17.657569,2.724339,7,1
46590.000000,33.578640,-117.064186,519.528279,17.797782,2.729384,7,1
46605.000000,33.578639,-117.064185,519.743780,18.028824,2.734415,7,1
46620.000000,33.578637,-117.064186,519.332823,18.088362,2.739428,7,1
46635.000000,33.578634,-117.064186,518.799973,18.253339,2.744420,7,1
46650.000000,33.578633,-117.064185,518.873842,18.435513,2.749390,7,1
46665.000000,33.578631,-117.064186,518.994238,18.534592,2.754334,7,1
46680.000000,33.578629,-117.064186,518.892699,18.698716,2.759250,7,1
46695.000000,33.578628,-117.064185,518.718043,18.834528,2.764136,7,1
46710.000000,33.578625,-117.064188,517.576995,18.827821,2.768987,7,1
46725.000000,33.578623,-117.064187,518.301661,19.087563,2.773802,7,1
46740.000000,33.578620,-117.064189,517.904593,19.129366,2.778578,7,1
46755.000000,33.578619,-117.064188,517.780197,19.377015,2.783312,7,1
46770.000000,33.578618,-117.064188,517.819797,19.573139,2.788001,7,1
46785.000000,33.578613,-117.064189,517.269810,19.671146,2.792642,7,1
46800.000000,33.578610,-117.064195,515.501018,19.471327,2.797232,7,1
46815.000000,33.578608,-117.064197,515.111780,19.544530,2.801769,7,1
46830.000000,33.578605,-117.064195,514.939310,19.802660,2.806248,7,1
46845.000000,33.578603,-117.064195,514.735500,19.931379,2.810668,7,1
46860.000000,33.578599,-117.064196,513.670281,20.053563,2.815026,7,1
46875.000000,33.578596,-117.064197,513.686411,20.261943,2.819318,7,1
46890.000000,33.578594,-117.064198,513.946249,20.352893,2.823541,7,1
46905.000000,33.578591,-117.064197,513.650386,20.493881,2.827693,7,1
46920.000000,33.578589,-117.064198,512.984347,20.615205,2.831771,7,1
46935.000000,33.578586,-117.064196,512.745278,20.836702,2.835771,7,1
46950.000000,33.578581,-117.064197,512.574478,21.053310,2.839691,7,1
46965.000000,33.578580,-117.064199,511.836268,21.044143,2.843527,7,1
46980.000000,33.578576,-117.064199,511.449406,21.244434,2.847278,7,1
46995.000000,33.578573,-117.064200,510.988577,21.334949,2.850939,7,1
47010.000000,33.578570,-117.064200,510.789272,21.428947,2.854509,7,1
47025.000000,33.578567,-117.064202,510.100305,21.534520,2.857984,7,1
47040.000000,33.578563,-117.064203,509.735900,21.715793,2.861361,7,1
47055.000000,33.578559,-117.064202,509.562553,21.878738,2.864638,7,1
47070.000000,33.578556,-117.064203,508.665835,21.990417,2.867812,7,1
47085.000000,33.578551,-117.064206,508.658531,22.097964,2.870881,7,1
47100.000000,33.578547,-117.064205,508.115934,22.286944,2.873841,7,1
47115.000000,33.578544,-117.064206,507.576553,22.395836,2.876691,7,1
47130.000000,33.578541,-117.064206,507.424231,22.554308,2.879428,7,1
47145.000000,33.578537,-117.064207,507.041122,22.664952,2.882048,7,1
47160.000000,33.578534,-117.064207,506.885371,22.752631,2.884551,7,1
47175.000000,33.578529,-117.064209,505.952634,22.813100,2.886934,7,1
47190.000000,33.578526,-117.064209,505.849392,23.009162,2.889194,7,1
47205.000000,33.578519,-117.064212,504.243618,23.090601,2.891330,7,1
47220.000000,33.578517,-117.064212,504.485920,23.332385,2.893339,7,1
47235.000000,33.578513,-117.064213,503.408137,23.365109,2.895219,7,1
47250.000000,33.578509,-117.064214,502.766819,23.471472,2.896970,7,1
47265.000000,33.578409,-117.064262,479.371225,21.219007,1.899803,8,1
47280.000000,33.578408,-117.064262,479.505654,21.235869,1.900441,8,1
47295.000000,33.578409,-117.064259,480.385619,21.305408,1.901081,8,1
47310.000000,33.578410,-117.064258,480.935253,21.313139,1.901723,8,1
47325.000000,33.578403,-117.064260,479.959779,21.426428,1.902367,8,1
47340.000000,33.578402,-117.064261,480.305616,21.349827,1.903011,8,1
47355.000000,33.578399,-117.064259,480.055573,21.453000,1.903657,8,1
47370.000000,33.578398,-117.064261,480.225014,21.420501,1.904303,8,1
47385.000000,33.578395,-117.064260,479.901996,21.559282,1.904948,8,1
47400.000000,33.578397,-117.064258,481.229447,21.598912,1.905594,8,1
47415.000000,33.578395,-117.064258,480.352800,21.639362,1.906238,8,1
47430.000000,33.578393,-117.064259,480.571779,21.625176,1.906882,8,1
47445.000000,33.578388,-117.064260,480.281131,21.697461,1.907523,8,1
47460.000000,33.578384,-117.064261,479.582753,21.756218,1.908164,8,1
47475.000000,33.578382,-117.064262,479.483098,21.805484,1.908801,8,1
47490.000000,33.578381,-117.064259,479.972916,21.861066,1.909436,8,1
47505.000000,33.578381,-117.064258,480.133075,21.857935,1.910069,8,1
47520.000000,33.578379,-117.064257,480.613853,21.983168,1.910697,8,1
47535.000000,33.578373,-117.064259,479.979671,22.091837,1.911322,8,1
47550.000000,33.578369,-117.064263,479.055417,22.019883,1.911944,8,1
47565.000000,33.578370,-117.064260,479.467779,22.085083,1.912560,8,1
47580.000000,33.578369,-117.064258,480.068907,22.131175,1.913172,8,1
47595.000000,33.578367,-117.064257,480.174220,22.214441,1.913778,8,1
47610.000000,33.578365,-117.064257,480.000399,22.250643,1.914380,8,1
47625.000000,33.578361,-117.064259,479.852115,22.305465,1.914975,8,1
47640.000000,33.578355,-117.064262,478.412466,22.330635,1.915564,8,1
47655.000000,33.578355,-117.064259,479.009237,22.338844,1.916147,8,1
47670.000000,33.578355,-117.064258,479.416803,22.371295,1.916722,8,1
47685.000000,33.578351,-117.064259,479.331711,22.425725,1.917291,8,1
47700.000000,33.578350,-117.064260,479.589904,22.469820,1.917852,8,1
47715.000000,33.578345,-117.064260,479.083048,22.551227,1.918405,8,1
47730.000000,33.578344,-117.064259,479.529458,22.523622,1.918950,8,1
47745.000000,33.578339,-117.064259,478.674193,22.600393,1.919487,8,1
47760.000000,33.578337,-117.064258,478.725399,22.648838,1.920015,8,1
47775.000000,33.578340,-117.064258,479.267087,22.598438,1.920533,8,1
47790.000000,33.578334,-117.064258,478.953308,22.660920,1.921043,8,1
47805.000000,33.578329,-117.064259,478.279904,22.689798,1.921542,8,1
47820.000000,33.578328,-117.064257,478.301327,22.711595,1.922032,8,1
47835.000000,33.578325,-117.064257,477.868496,22.836355,1.922512,8,1
47850.000000,33.578326,-117.064256,478.711095,22.793861,1.922981,8,1
47865.000000,33.578322,-117.064258,478.335871,22.779725,1.923439,8,1
47880.000000,33.578317,-117.064257,478.014161,22.829127,1.923886,8,1
47895.000000,33.578314,-117.064258,477.633660,22.801874,1.924322,8,1
47910.000000,33.578313,-117.064256,477.969687,22.903714,1.924746,8,1
47925.000000,33.578309,-117.064257,477.519688,22.882328,1.925159,8,1
47940.000000,33.578307,-117.064256,477.799447,22.906430,1.925560,8,1
47955.000000,33.578302,-117.064256,477.777854,22.989377,1.925948,8,1
47970.000000,33.578302,-117.064255,478.296328,22.974959,1.926324,8,1
47985.000000,33.578300,-117.064257,477.980710,23.013771,1.926687,8,1
48000.000000,33.578292,-117.064257,477.231322,23.090775,1.927038,8,1
48015.000000,33.578290,-117.064258,476.323436,23.002691,1.927375,8,1
48030.000000,33.578291,-117.064258,477.072771,23.078333,1.927699,8,1
48045.000000,33.578289,-117.064256,477.149681,23.136453,1.928010,8,1
48060.000000,33.578284,-117.064257,476.867856,23.147483,1.928308,8,1
48075.000000,33.578282,-117.064258,476.524812,23.123747,1.928591,8,1
48090.000000,33.578281,-117.064253,477.121485,23.259988,1.928861,8,1
48105.000000,33.578280,-117.064254,477.056483,23.260648,1.929117,8,1
48120.000000,33.578273,-117.064257,476.162048,23.168070,1.929358,8,1
48135.000000,33.578270,-117.064256,475.850582,23.249336,1.929586,8,1
48150.000000,33.578266,-117.064257,475.534733,23.238388,1.929799,8,1
48165.000000,33.578261,-117.064258,475.168953,23.210853,1.929998,8,1
48180.000000,33.578264,-117.064255,476.564459,23.286468,1.930182,8,1
48195.000000,33.578261,-117.064255,476.143555,23.349870,1.930351,8,1
48210.000000,33.578257,-117.064255,476.071581,23.365128,1.930506,8,1
48225.000000,33.578445,-117.064306,503.783531,25.578975,1.612367,9,1
48240.000000,33.578444,-117.064309,503.471744,25.754834,1.613395,9,1
48255.000000,33.578441,-117.064308,503.965035,25.895233,1.614433,9,1
48270.000000,33.578441,-117.064306,504.465668,26.070354,1.615481,9,1
48285.000000,33.578440,-117.064306,504.151772,26.085374,1.616538,9,1
48300.000000,33.578439,-117.064306,504.367154,26.185432,1.617604,9,1
48315.000000,33.578438,-117.064306,504.487443,26.194475,1.618681,9,1
48330.000000,33.578436,-117.064307,504.259352,26.277829,1.619766,9,1
48345.000000,33.578435,-117.064308,504.490790,26.329692,1.620861,9,1
48360.000000,33.578433,-117.064309,504.307372,26.529411,1.621965,9,1
48375.000000,33.578435,-117.064309,504.484891,26.614427,1.623078,9,1
48390.000000,33.578433,-117.064311,504.729766,26.603559,1.624201,9,1
48405.000000,33.578430,-117.064310,504.815893,26.757123,1.625333,9,1
48420.000000,33.578429,-117.064311,504.832324,26.807193,1.626473,9,1
48435.000000,33.578430,-117.064309,504.942717,26.905335,1.627623,9,1
48450.000000,33.578428,-117.064310,504.885538,27.015339,1.628781,9,1
48465.000000,33.578427,-117.064310,505.241182,26.982513,1.629949,9,1
48480.000000,33.578424,-117.064308,504.846577,27.196094,1.631125,9,1
48495.000000,33.578423,-117.064312,504.726640,27.361198,1.632310,9,1
48510.000000,33.578422,-117.064312,504.717037,27.434147,1.633503,9,1
48525.000000,33.578422,-117.064311,505.215363,27.546384,1.634706,9,1
48540.000000,33.578421,-117.064308,505.587971,27.579683,1.635916,9,1
48555.000000,33.578419,-117.064310,505.422335,27.666242,1.637135,9,1
48570.000000,33.578417,-117.064311,505.700204,27.728581,1.638363,9,1
48585.000000,33.578416,-117.064312,505.344904,27.767481,1.639599,9,1
48600.000000,33.578417,-117.064314,505.325127,27.971470,1.640843,9,1
48615.000000,33.578415,-117.064312,505.646183,28.044867,1.642095,9,1
48630.000000,33.578413,-117.064314,505.283108,28.014291,1.643355,9,1
48645.000000,33.578410,-117.064312,505.156154,27.995588,1.644624,9,1
48660.000000,33.578407,-117.064311,504.922685,28.112344,1.645900,9,1
48675.000000,33.578407,-117.064314,505.204570,28.328668,1.647184,9,1
48690.000000,33.578404,-117.064314,505.078261,28.290815,1.648476,9,1
48705.000000,33.578402,-117.064315,504.970017,28.309485,1.649776,9,1
48720.000000,33.578405,-117.064314,505.588420,28.583450,1.651084,9,1
48735.000000,33.578404,-117.064314,505.563994,28.640850,1.652399,9,1
48750.000000,33.578403,-117.064315,505.357723,28.644298,1.653722,9,1
48765.000000,33.578404,-117.064314,505.602018,29.005722,1.655052,9,1
48780.000000,33.578400,-117.064316,505.475626,29.098590,1.656390,9,1
48795.000000,33.578398,-117.064315,505.592572,29.113767,1.657735,9,1
48810.000000,33.578397,-117.064316,505.811356,29.173784,1.659087,9,1
48825.000000,33.578397,-117.064317,506.061701,29.300024,1.660446,9,1
48840.000000,33.578395,-117.064316,505.823539,29.426784,1.661813,9,1
48855.000000,33.578395,-117.064317,505.614101,29.556521,1.663186,9,1
48870.000000,33.578393,-117.064315,505.871137,29.563457,1.664567,9,1
48885.000000,33.578390,-117.064316,505.860644,29.622844,1.665954,9,1
48900.000000,33.578389,-117.064316,505.636079,29.693880,1.667349,9,1
48915.000000,33.578387,-117.064316,505.659497,29.742636,1.668750,9,1
48930.000000,33.578387,-117.064317,505.744444,29.787618,1.670157,9,1
48945.000000,33.578386,-117.064318,505.601840,29.888722,1.671571,9,1
48960.000000,33.578384,-117.064318,505.799200,29.899016,1.672992,9,1
48975.000000,33.578384,-117.064317,505.599003,30.132050,1.674419,9,1
48990.000000,33.578383,-117.064318,505.413969,30.166630,1.675853,9,1
49005.000000,33.578381,-117.064316,505.443849,30.306194,1.677292,9,1
49020.000000,33.578378,-117.064318,505.578790,30.406044,1.678738,9,1
49035.000000,33.578378,-117.064320,505.376986,30.524006,1.680190,9,1
49050.000000,33.578375,-117.064320,505.469332,30.567660,1.681648,9,1
49065.000000,33.578374,-117.064320,505.067610,30.682517,1.683112,9,1
49080.000000,33.578372,-117.064320,505.242075,30.742627,1.684582,9,1
49095.000000,33.578370,-117.064319,505.248622,30.778893,1.686058,9,1
49110.000000,33.578370,-117.064320,505.236086,30.952647,1.687539,9,1
49125.000000,33.578367,-117.064320,504.881738,31.023939,1.689026,9,1
49140.000000,33.578367,-117.064321,504.863962,31.096508,1.690518,9,1
49155.000000,33.578366,-117.064321,504.802236,31.115421,1.692016,9,1
49170.000000,33.578361,-117.064321,504.693057,31.006011,1.693519,9,1
49185.000000,33.578363,-117.064319,505.049839,31.387512,1.695027,9,1
49200.000000,33.578360,-117.064323,504.713167,31.392974,1.696541,9,1
49215.000000,33.578358,-117.064322,504.251437,31.378393,1.698059,9,1
49230.000000,33.578358,-117.064324,504.541764,31.443039,1.699583,9,1
49245.000000,33.578357,-117.064324,504.712094,31.669666,1.701111,9,1
49260.000000,33.578355,-117.064323,504.412488,31.590168,1.702645,9,1
49275.000000,33.578353,-117.064322,504.158613,31.811016,1.704183,9,1
49290.000000,33.578353,-117.064324,504.239921,31.926241,1.705725,9,1
49305.000000,33.578351,-117.064325,504.251972,32.001725,1.707273,9,1
49320.000000,33.578346,-117.064326,504.117883,31.992991,1.708824,9,1
49335.000000,33.578346,-117.064326,504.210850,32.150466,1.710380,9,1
49350.000000,33.578345,-117.064325,503.862272,32.181961,1.711940,9,1
49365.000000,33.578346,-117.064327,503.554112,32.196247,1.713505,9,1
49380.000000,33.578344,-117.064325,503.935896,32.430322,1.715073,9,1
49395.000000,33.578341,-117.064326,503.519155,32.273595,1.716646,9,1
49410.000000,33.578342,-117.064327,503.458815,32.555023,1.718222,9,1
49425.000000,33.578341,-117.064328,503.234176,32.670778,1.719802,9,1
49440.000000,33.578337,-117.064328,503.045565,32.555243,1.721386,9,1
49455.000000,33.578336,-117.064328,503.299116,32.645587,1.722973,9,1
49470.000000,33.578334,-117.064327,502.908413,32.884837,1.724564,9,1
49485.000000,33.578333,-117.064327,502.689039,32.991243,1.726158,9,1
49500.000000,33.578331,-117.064327,502.427215,33.124659,1.727755,9,1
49515.000000,33.578327,-117.064328,502.599553,33.082483,1.729356,9,1
49530.000000,33.578326,-117.064329,502.741387,33.039213,1.730960,9,1
49545.000000,33.578325,-117.064329,502.371435,33.223388,1.732566,9,1
49560.000000,33.578324,-117.064330,502.533242,33.250327,1.734176,9,1
49575.000000,33.578323,-117.064331,502.125162,33.403765,1.735788,9,1
49590.000000,33.578322,-117.064332,501.920417,33.441535,1.737403,9,1
49605.000000,33.578321,-117.064333,501.750709,33.521161,1.739021,9,1
49620.000000,33.578319,-117.064333,501.753639,33.559749,1.740641,9,1
49635.000000,33.578318,-117.064334,501.252233,33.612511,1.742263,9,1
49650.000000,33.578316,-117.064332,501.252623,33.755037,1.743887,9,1
49665.000000,33.578314,-117.064334,500.856348,33.848794,1.745514,9,1
49680.000000,33.578313,-117.064334,500.729350,33.775686,1.747143,9,1
49695.000000,33.578310,-117.064332,500.710561,33.855704,1.748773,9,1
49710.000000,33.578311,-117.064334,500.227851,34.046141,1.750406,9,1
49725.000000,33.578309,-117.064336,499.724422,34.072633,1.752040,9,1
49740.000000,33.578306,-117.064337,499.206678,34.090895,1.753675,9,1
49755.000000,33.578304,-117.064338,499.475194,34.161712,1.755312,9,1
49770.000000,33.578305,-117.064338,499.675604,34.293747,1.756950,9,1
49785.000000,33.578301,-117.064336,498.966178,34.531323,1.758590,9,1
49800.000000,33.578299,-117.064337,498.780657,34.448789,1.760231,9,1
49815.000000,33.578297,-117.064338,498.564379,34.425381,1.761872,9,1
49830.000000,33.578296,-117.064340,498.609331,34.453187,1.763515,9,1
49845.000000,33.578294,-117.064338,497.952135,34.508663,1.765158,9,1
49860.000000,33.578293,-117.064340,498.001165,34.748767,1.766802,9,1
49875.000000,33.578292,-117.064341,498.457411,34.618352,1.768446,9,1
49890.000000,33.578292,-117.064342,498.454942,34.643922,1.770091,9,1
49905.000000,33.578289,-117.064342,497.705264,34.761098,1.771736,9,1
49920.000000,33.578288,-117.064341,497.169985,34.813353,1.773381,9,1
49935.000000,33.578288,-117.064342,497.212843,34.974120,1.775027,9,1
49950.000000,33.578286,-117.064345,497.032611,34.920912,1.776672,9,1
49965.000000,33.578283,-117.064345,496.442782,35.080868,1.778317,9,1
49980.000000,33.578283,-117.064344,496.683809,35.133623,1.779961,9,1
49995.000000,33.578283,-117.064345,496.362610,35.237394,1.781605,9,1
50010.000000,33.578280,-117.064346,496.100149,35.195187,1.783249,9,1
50025.000000,33.578279,-117.064346,495.714580,35.262205,1.784891,9,1
50040.000000,33.578278,-117.064348,495.508365,35.363270,1.786533,9,1
50055.000000,33.578277,-117.064350,495.372771,35.315493,1.788174,9,1
50070.000000,33.578276,-117.064350,495.204156,35.460420,1.789814,9,1
50085.000000,33.578274,-117.064351,495.001737,35.454797,1.791452,9,1
50100.000000,33.578272,-117.064350,494.468215,35.653139,1.793089,9,1
50115.000000,33.578272,-117.064348,494.029947,35.662022,1.794725,9,1
50130.000000,33.578270,-117.064349,493.868336,35.834884,1.796359,9,1
50145.000000,33.578269,-117.064351,493.513101,35.935260,1.797991,9,1
50160.000000,33.578268,-117.064350,493.406856,35.958621,1.799621,9,1
50175.000000,33.578267,-117.064353,493.236770,35.967894,1.801249,9,1
50190.000000,33.578263,-117.064352,492.782007,36.007235,1.802875,9,1
50205.000000,33.578263,-117.064353,492.386825,36.133001,1.804498,9,1
50220.000000,33.578263,-117.064355,491.954957,36.129281,1.806119,9,1
50235.000000,33.578260,-117.064355,491.875237,36.188289,1.807738,9,1
50250.000000,33.578258,-117.064356,491.513872,36.156041,1.809353,9,1
50265.000000,33.578257,-117.064357,491.241893,36.164808,1.810966,9,1
50280.000000,33.578257,-117.064357,490.830376,36.370144,1.812576,9,1
50295.000000,33.578256,-117.064358,490.790626,36.250903,1.814182,9,1
50310.000000,33.578255,-117.064356,490.214546,36.441723,1.815786,9,1
50325.000000,33.578251,-117.064358,490.301517,36.347451,1.817385,9,1
50340.000000,33.578249,-117.064359,489.928658,36.299393,1.818981,9,1
50355.000000,33.578248,-117.064359,489.836242,36.372873,1.820574,9,1
50370.000000,33.578247,-117.064359,489.361163,36.559299,1.822162,9,1
50385.000000,33.578249,-117.064360,489.055771,36.587959,1.823747,9,1
50400.000000,33.578241,-117.064358,488.780816,36.898852,1.825327,9,1
50415.000000,33.578239,-117.064359,488.394310,36.836828,1.826903,9,1
50430.000000,33.578237,-117.064361,488.317486,36.919152,1.828474,9,1
50445.000000,33.578237,-117.064362,488.056646,36.962905,1.830041,9,1
50460.000000,33.578236,-117.064363,487.451307,37.035539,1.831603,9,1
50475.000000,33.578234,-117.064363,487.054577,37.010475,1.833160,9,1
50490.000000,33.578234,-117.064364,486.862707,36.955697,1.834711,9,1
50505.000000,33.578234,-117.064365,486.404914,37.091352,1.836258,9,1
50520.000000,33.578232,-117.064367,485.396368,37.150228,1.837799,9,1
50535.000000,33.578230,-117.064366,485.487679,37.158795,1.839335,9,1
50550.000000,33.578226,-117.064367,484.916530,37.225950,1.840865,9,1
50565.000000,33.578229,-117.064367,484.583966,37.237927,1.842389,9,1
50580.000000,33.578228,-117.064369,484.103632,37.386247,1.843907,9,1
50595.000000,33.578227,-117.064369,483.645821,37.398771,1.845419,9,1
50610.000000,33.578228,-117.064370,482.790045,37.519873,1.846925,9,1
50625.000000,33.578223,-117.064371,483.058621,37.412591,1.848424,9,1
50640.000000,33.578221,-117.064372,482.994667,37.446824,1.849917,9,1
50655.000000,33.578220,-117.064374,482.506497,37.538409,1.851402,9,1
50670.000000,33.578221,-117.064374,481.400328,37.622254,1.852881,9,1
50685.000000,33.578221,-117.064374,481.047461,37.672769,1.854353,9,1
50700.000000,33.578218,-117.064376,481.263193,37.691587,1.855818,9,1
50715.000000,33.578216,-117.064379,480.721021,37.642448,1.857275,9,1
50730.000000,33.578216,-117.064378,480.285197,37.649219,1.858724,9,1
50745.000000,33.578217,-117.064378,479.331793,37.900208,1.860166,9,1
50760.000000,33.578217,-117.064380,479.303544,37.770788,1.861600,9,1
50775.000000,33.578215,-117.064380,478.283138,37.856640,1.863026,9,1
50790.000000,33.578212,-117.064381,478.432403,37.814853,1.864444,9,1
50805.000000,33.578213,-117.064382,478.249524,37.792383,1.865853,9,1
50820.000000,33.578213,-117.064385,478.018410,37.720766,1.867254,9,1
50835.000000,33.578210,-117.064385,477.667923,37.704601,1.868647,9,1
50850.000000,33.578286,-117.064456,507.409490,38.154089,2.071412,8,1
50865.000000,33.578285,-117.064456,507.092377,38.200387,2.074023,8,1
50880.000000,33.578283,-117.064458,506.752662,38.168775,2.076621,8,1
50895.000000,33.578281,-117.064458,506.784942,38.226794,2.079206,8,1
50910.000000,33.578281,-117.064458,506.067180,38.313078,2.081778,8,1
50925.000000,33.578280,-117.064458,505.908167,38.426233,2.084336,8,1
50940.000000,33.578280,-117.064458,504.452853,38.628921,2.086880,8,1
50955.000000,33.578276,-117.064460,504.977204,38.499546,2.089409,8,1
50970.000000,33.578275,-117.064461,504.384373,38.501076,2.091924,8,1
50985.000000,33.578276,-117.064459,503.707428,38.727247,2.094423,8,1
51000.000000,33.578274,-117.064461,503.529807,38.800123,2.096906,8,1
51015.000000,33.578273,-117.064461,502.542650,38.825633,2.099373,8,1
51030.000000,33.578272,-117.064460,501.785925,38.997555,2.101824,8,1
51045.000000,33.578270,-117.064461,501.714307,39.019901,2.104257,8,1
51060.000000,33.578268,-117.064462,501.569536,38.876796,2.106673,8,1
51075.000000,33.578268,-117.064461,500.484869,38.964546,2.109072,8,1
51090.000000,33.578267,-117.064462,499.916498,39.071155,2.111452,8,1
51105.000000,33.578264,-117.064464,499.546193,39.106480,2.113813,8,1
51120.000000,33.578263,-117.064464,499.384459,39.175144,2.116155,8,1
51135.000000,33.578264,-117.064463,498.573291,39.229704,2.118478,8,1
51150.000000,33.578263,-117.064464,498.191754,39.261934,2.120781,8,1
51165.000000,33.578262,-117.064465,498.127550,39.326680,2.123064,8,1
51180.000000,33.578262,-117.064463,496.705410,39.557188,2.125326,8,1
51195.000000,33.578260,-117.064465,496.863563,39.602670,2.127567,8,1
51210.000000,33.578258,-117.064465,496.364480,39.625485,2.129786,8,1
51225.000000,33.578259,-117.064466,495.477411,39.628103,2.131984,8,1
51240.000000,33.578256,-117.064468,495.650052,39.530982,2.134159,8,1
51255.000000,33.578252,-117.064469,495.803559,39.386438,2.136311,8,1
51270.000000,33.578256,-117.064467,493.875187,39.775232,2.138441,8,1
51285.000000,33.578254,-117.064467,493.242340,39.820932,2.140547,8,1
51300.000000,33.578253,-117.064466,492.937624,39.866895,2.142629,8,1
51315.000000,33.578252,-117.064468,492.199187,39.936608,2.144686,8,1
51330.000000,33.578249,-117.064470,491.893453,39.798319,2.146720,8,1
51345.000000,33.578248,-117.064471,491.460782,39.879633,2.148728,8,1
51360.000000,33.578251,-117.064469,489.357251,40.186442,2.150711,8,1
51375.000000,33.578250,-117.064468,488.992012,40.128005,2.152668,8,1
51390.000000,33.578248,-117.064471,489.186759,40.097139,2.154598,8,1
51405.000000,33.578248,-117.064471,488.003501,40.261841,2.156503,8,1
51420.000000,33.578246,-117.064474,487.973064,40.063578,2.158380,8,1
51435.000000,33.578245,-117.064474,487.539020,40.174263,2.160231,8,1
51450.000000,33.578244,-117.064473,486.727642,40.248541,2.162053,8,1
51465.000000,33.578243,-117.064474,486.112101,40.226509,2.163848,8,1
51480.000000,33.578244,-117.064475,484.949625,40.364562,2.165615,8,1
51495.000000,33.578241,-117.064478,485.117678,40.214607,2.167353,8,1
51510.000000,33.578241,-117.064476,484.171565,40.300242,2.169062,8,1
51525.000000,33.578240,-117.064476,483.445421,40.406565,2.170742,8,1
51540.000000,33.578241,-117.064476,482.488470,40.442129,2.172393,8,1
51555.000000,33.578355,-117.064508,513.489819,39.730602,1.970759,9,1
51570.000000,33.578353,-117.064507,513.873257,39.770913,1.973938,9,1
51585.000000,33.578356,-117.064508,512.743486,39.980589,1.977104,9,1
51600.000000,33.578355,-117.064510,512.254116,40.007959,1.980257,9,1
51615.000000,33.578357,-117.064511,511.476817,40.045571,1.983395,9,1
51630.000000,33.578358,-117.064513,510.858319,40.215157,1.986519,9,1
51645.000000,33.578359,-117.064512,510.181628,40.482714,1.989627,9,1
51660.000000,33.578357,-117.064516,510.082968,40.309257,1.992718,9,1
51675.000000,33.578359,-117.064516,509.399875,40.403633,1.995793,9,1
51690.000000,33.578359,-117.064518,508.941294,40.449198,1.998849,9,1
51705.000000,33.578361,-117.064519,507.721355,40.580669,2.001888,9,1
51720.000000,33.578360,-117.064520,507.738374,40.615707,2.004907,9,1
51735.000000,33.578361,-117.064523,507.147798,40.732397,2.007906,9,1
51750.000000,33.578362,-117.064523,506.131223,40.823243,2.010884,9,1
51765.000000,33.578362,-117.064525,505.823602,40.862028,2.013841,9,1
51780.000000,33.578365,-117.064526,505.284503,40.991907,2.016776,9,1
51795.000000,33.578366,-117.064527,504.352329,41.124548,2.019688,9,1
51810.000000,33.578364,-117.064528,503.879993,41.169757,2.022577,9,1
51825.000000,33.578365,-117.064531,503.855894,41.158914,2.025440,9,1
51840.000000,33.578362,-117.064531,502.678943,41.130966,2.028279,9,1
51855.000000,33.578364,-117.064532,501.754775,41.268234,2.031092,9,1
51870.000000,33.578367,-117.064533,500.898099,41.459534,2.033879,9,1
51885.000000,33.578366,-117.064535,500.633978,41.514830,2.036637,9,1
51900.000000,33.578366,-117.064537,500.283184,41.514850,2.039368,9,1
51915.000000,33.578368,-117.064538,500.057663,41.631097,2.042070,9,1
51930.000000,33.578368,-117.064540,499.650383,41.656249,2.044742,9,1
51945.000000,33.578373,-117.064540,497.569696,41.853953,2.047384,9,1
51960.000000,33.578371,-117.064543,497.523352,41.738328,2.049994,9,1
51975.000000,33.578373,-117.064543,496.646418,41.906146,2.052572,9,1
51990.000000,33.578371,-117.064545,496.675387,41.782138,2.055118,9,1
52005.000000,33.578373,-117.064547,495.051576,41.963729,2.057630,9,1
52020.000000,33.578373,-117.064549,494.886057,42.133077,2.060108,9,1
52035.000000,33.578376,-117.064548,493.217796,42.103855,2.062551,9,1
52050.000000,33.578376,-117.064550,492.665610,42.244063,2.064958,9,1
52065.000000,33.578376,-117.064553,491.893445,42.235588,2.067328,9,1
52080.000000,33.578379,-117.064552,491.112141,42.395563,2.069662,9,1
52095.000000,33.578379,-117.064556,490.681482,42.464373,2.071957,9,1
52110.000000,33.578381,-117.064557,489.527529,42.526431,2.074214,9,1
52125.000000,33.578382,-117.064560,488.711922,42.503689,2.076431,9,1
52140.000000,33.578381,-117.064562,488.149142,42.624715,2.078608,9,1
52155.000000,33.578382,-117.064564,487.927998,42.575463,2.080744,9,1
52170.000000,33.578384,-117.064564,486.343753,42.730041,2.082839,9,1
52185.000000,33.578384,-117.064566,485.662395,42.683502,2.084892,9,1
52200.000000,33.578387,-117.064566,484.009712,42.772940,2.086901,9,1
52215.000000,33.578387,-117.064570,483.748001,42.854879,2.088867,9,1
52230.000000,33.578387,-117.064569,482.587877,42.946126,2.090789,9,1
52245.000000,33.578389,-117.064572,481.814473,43.015560,2.092665,9,1
52260.000000,33.578394,-117.064574,479.561504,43.172952,2.094496,9,1
52275.000000,33.578391,-117.064576,479.573381,43.116040,2.096281,9,1
52290.000000,33.578393,-117.064578,478.698126,43.140142,2.098019,9,1
52305.000000,33.578390,-117.064579,478.612652,43.048470,2.099710,9,1
52320.000000,33.578396,-117.064582,476.536388,43.104577,2.101352,9,1
52335.000000,33.578395,-117.064584,476.570221,43.172676,2.102946,9,1
52350.000000,33.578397,-117.064584,475.164827,43.229918,2.104491,9,1
52365.000000,33.578397,-117.064587,474.262592,43.208160,2.105985,9,1
52380.000000,33.578397,-117.064589,473.757997,43.277152,2.107430,9,1
52395.000000,33.578398,-117.064589,472.905652,43.182536,2.108824,9,1
52410.000000,33.578403,-117.064590,470.814532,43.519075,2.110166,9,1
52425.000000,33.578401,-117.064593,470.033279,43.344436,2.111456,9,1
52440.000000,33.578401,-117.064595,469.673996,43.358640,2.112694,9,1
52455.000000,33.578401,-117.064598,468.897886,43.485935,2.113879,9,1
52470.000000,33.578402,-117.064600,468.541780,43.298959,2.115011,9,1
52485.000000,33.578404,-117.064603,467.585737,43.383165,2.116090,9,1
52500.000000,33.578403,-117.064605,466.883987,43.326626,2.117114,9,1
52515.000000,33.578406,-117.064606,465.137271,43.472743,2.118083,9,1
52530.000000,33.578407,-117.064607,464.558257,43.526696,2.118998,9,1
52545.000000,33.578409,-117.064608,463.030643,43.473724,2.119858,9,1
52560.000000,33.578409,-117.064610,462.705783,43.476199,2.120661,9,1
52575.000000,33.578409,-117.064613,462.363862,43.465111,2.121409,9,1
52590.000000,33.578411,-117.064612,460.901695,43.462922,2.122101,9,1
52605.000000,33.578415,-117.064615,458.967723,43.681794,2.122737,9,1
52620.000000,33.578418,-117.064618,457.362098,43.676818,2.123315,9,1
52635.000000,33.578414,-117.064621,457.877123,43.605632,2.123837,9,1
52650.000000,33.578417,-117.064622,456.612829,43.606553,2.124301,9,1
52665.000000,33.578416,-117.064624,456.650884,43.538175,2.124708,9,1
52680.000000,33.578419,-117.064626,454.329817,43.689980,2.125058,9,1
52695.000000,33.578423,-117.064626,452.422842,43.678785,2.125350,9,1
52710.000000,33.578425,-117.064629,450.909453,43.699894,2.125584,9,1
52725.000000,33.578423,-117.064632,451.193894,43.635209,2.125760,9,1
52740.000000,33.578419,-117.064636,452.151674,43.463847,2.125878,9,1
52755.000000,33.578424,-117.064638,449.954251,43.697565,2.125938,9,1
52770.000000,33.578426,-117.064639,448.900092,43.543715,2.125940,9,1
52785.000000,33.578428,-117.064639,447.065604,43.534319,2.125883,9,1
52800.000000,33.578428,-117.064643,446.225955,43.647111,2.125769,9,1
52815.000000,33.578430,-117.064644,445.095552,43.617121,2.125596,9,1
52830.000000,33.578431,-117.064645,443.808812,43.700026,2.125366,9,1
52845.000000,33.578430,-117.064647,443.966357,43.500522,2.125077,9,1
52860.000000,33.578429,-117.064650,443.714078,43.514424,2.124730,9,1
52875.000000,33.578433,-117.064652,442.191238,43.485769,2.124326,9,1
52890.000000,33.578437,-117.064652,439.728818,43.492916,2.123864,9,1
52905.000000,33.578437,-117.064655,438.626789,43.380061,2.123345,9,1
52920.000000,33.578438,-117.064655,438.172337,43.273279,2.122768,9,1
52935.000000,33.578436,-117.064659,437.979632,43.228027,2.122134,9,1
52950.000000,33.578439,-117.064658,436.384343,43.195276,2.121444,9,1
52965.000000,33.578438,-117.064662,436.124575,43.190290,2.120696,9,1
52980.000000,33.578438,-117.064664,436.140025,42.995227,2.119892,9,1
52995.000000,33.578443,-117.064666,433.269021,43.160554,2.119033,9,1
53010.000000,33.578449,-117.064667,430.875769,43.221435,2.118117,9,1
53025.000000,33.578446,-117.064669,431.263167,43.240514,2.117146,9,1
53040.000000,33.578442,-117.064673,431.921231,43.048379,2.116120,9,1
53055.000000,33.578446,-117.064675,430.162974,43.045286,2.115039,9,1
53070.000000,33.578292,-117.064726,490.723536,46.196298,3.088346,8,1
53085.000000,33.578296,-117.064729,488.716857,46.062912,3.087864,8,1
53100.000000,33.578304,-117.064727,485.164361,46.107439,3.087175,8,1
53115.000000,33.578308,-117.064728,483.710814,45.991211,3.086279,8,1
53130.000000,33.578311,-117.064730,481.729414,46.181757,3.085177,8,1
53145.000000,33.578317,-117.064730,479.675909,45.904300,3.083869,8,1
53160.000000,33.578321,-117.064732,477.675759,46.179398,3.082356,8,1
53175.000000,33.578327,-117.064731,475.050267,46.108718,3.080638,8,1
53190.000000,33.578330,-117.064731,472.891651,46.229913,3.078716,8,1
53205.000000,33.578336,-117.064731,470.500016,46.171081,3.076592,8,1
53220.000000,33.578339,-117.064734,468.611148,46.243086,3.074266,8,1
53235.000000,33.578343,-117.064735,466.492466,46.264472,3.071741,8,1
53250.000000,33.578347,-117.064735,464.112686,46.142905,3.069017,8,1
53265.000000,33.578353,-117.064736,461.864187,46.151814,3.066096,8,1
53280.000000,33.578356,-117.064737,460.085553,46.185852,3.062980,8,1
53295.000000,33.578359,-117.064738,458.291043,46.227098,3.059671,8,1
53310.000000,33.578365,-117.064737,456.242128,46.195852,3.056171,8,1
53325.000000,33.578368,-117.064739,453.785816,46.277862,3.052482,8,1
53340.000000,33.578373,-117.064738,451.465645,46.195827,3.048607,8,1
53355.000000,33.578377,-117.064740,449.135384,46.290571,3.044547,8,1
53370.000000,33.578381,-117.064740,447.361571,46.054496,3.040306,8,1
53385.000000,33.578384,-117.064741,445.379027,46.042193,3.035886,8,1
53400.000000,33.578389,-117.064741,443.289652,46.030508,3.031290,8,1
53415.000000,33.578393,-117.064743,440.726899,45.985657,3.026521,8,1
53430.000000,33.578398,-117.064742,438.888975,45.937708,3.021581,8,1
53445.000000,33.578402,-117.064743,436.580878,46.020874,3.016475,8,1
53460.000000,33.578404,-117.064744,434.945899,45.781381,3.011203,8,1
53475.000000,33.578408,-117.064744,432.793146,45.757043,3.005771,8,1
53490.000000,33.578413,-117.064744,430.863210,45.701603,3.000182,8,1
53505.000000,33.578418,-117.064745,428.620064,45.613120,2.994438,8,1
53520.000000,33.578419,-117.064746,427.378016,45.495828,2.988543,8,1
53535.000000,33.578424,-117.064746,424.867903,45.424812,2.982501,8,1
53550.000000,33.578428,-117.064746,423.050803,45.405274,2.976314,8,1
53565.000000,33.578432,-117.064746,421.172130,45.389626,2.969988,8,1
53580.000000,33.578436,-117.064747,419.373441,45.231660,2.963525,8,1
53595.000000,33.578439,-117.064748,417.556658,45.361508,2.956928,8,1
53610.000000,33.578441,-117.064748,416.192485,45.353639,2.950203,8,1
53625.000000,33.578443,-117.064747,414.498592,45.264986,2.943351,8,1
53640.000000,33.578446,-117.064748,412.593629,45.243487,2.936378,8,1
53655.000000,33.578450,-117.064748,410.908575,45.151124,2.929287,8,1
53670.000000,33.578452,-117.064750,409.711656,45.166037,2.922082,8,1
53685.000000,33.578456,-117.064749,408.206358,44.891287,2.914766,8,1
53700.000000,33.578458,-117.064750,406.076271,45.012300,2.907343,8,1
53715.000000,33.578461,-117.064750,404.996233,44.806945,2.899817,8,1
53730.000000,33.578466,-117.064750,402.744420,44.816352,2.892192,8,1
53745.000000,33.578467,-117.064750,401.554090,44.543321,2.884472,8,1
53760.000000,33.578468,-117.064750,400.282783,44.506283,2.876660,8,1
53775.000000,33.578471,-117.064750,398.911427,44.356800,2.868760,8,1
53790.000000,33.578475,-117.064750,396.708091,44.286800,2.860777,8,1
53805.000000,33.578476,-117.064751,395.952057,44.170194,2.852712,8,1
53820.000000,33.578479,-117.064753,394.055533,44.188348,2.844571,8,1
53835.000000,33.578480,-117.064752,393.078822,43.992786,2.836357,8,1
53850.000000,33.578484,-117.064754,391.801549,43.981862,2.828073,8,1
53865.000000,33.578485,-117.064756,390.637793,43.895735,2.819724,8,1
53880.000000,33.578486,-117.064753,390.035505,43.663061,2.811312,8,1
53895.000000,33.578488,-117.064755,388.676250,43.725394,2.802841,8,1
53910.000000,33.578490,-117.064753,387.554937,43.451742,2.794315,8,1
53925.000000,33.578491,-117.064755,386.373346,43.502073,2.785737,8,1
53940.000000,33.578495,-117.064752,385.138970,43.261199,2.777110,8,1
53955.000000,33.578495,-117.064755,383.903718,43.217335,2.768438,8,1
53970.000000,33.578497,-117.064754,383.163475,43.030091,2.759724,8,1
53985.000000,33.578499,-117.064754,381.533825,42.977250,2.750972,8,1
54000.000000,33.578498,-117.064758,383.394361,42.843527,2.742183,8,1
54015.000000,33.578501,-117.064755,382.331302,42.602040,2.733362,8,1
54030.000000,33.578501,-117.064756,381.045091,42.639424,2.724512,8,1
54045.000000,33.578504,-117.064756,380.134287,42.465720,2.715635,8,1
54060.000000,33.578505,-117.064756,378.990551,42.279627,2.706735,8,1
54075.000000,33.578509,-117.064756,377.655570,42.374962,2.697814,8,1
54090.000000,33.578509,-117.064756,376.978900,42.122104,2.688875,8,1
54105.000000,33.578509,-117.064755,376.485067,42.117196,2.679920,8,1
54120.000000,33.578510,-117.064755,376.027736,41.844251,2.670954,8,1
54135.000000,33.578511,-117.064755,375.056572,41.743148,2.661978,8,1
54150.000000,33.578513,-117.064754,374.406510,41.620893,2.652994,8,1
54165.000000,33.578512,-117.064756,373.289013,41.642278,2.644006,8,1
54180.000000,33.578515,-117.064754,372.703856,41.252887,2.635015,8,1
54195.000000,33.578517,-117.064757,371.458466,41.292032,2.626024,8,1
54210.000000,33.578517,-117.064757,370.691785,41.211924,2.617036,8,1
54225.000000,33.578519,-117.064756,370.556619,40.902807,2.608052,8,1
54240.000000,33.578517,-117.064757,369.410121,40.946594,2.599076,8,1
54255.000000,33.578521,-117.064754,369.196653,40.634814,2.590108,8,1
54270.000000,33.578520,-117.064757,367.997028,40.721577,2.581151,8,1
54285.000000,33.578520,-117.064756,368.153745,40.499132,2.572207,8,1
54300.000000,33.578521,-117.064756,367.031930,40.480532,2.563278,8,1
54315.000000,33.578520,-117.064756,366.692569,40.304361,2.554366,8,1
54330.000000,33.578523,-117.064754,366.817372,40.091835,2.545473,8,1
54345.000000,33.578521,-117.064755,365.665648,40.088434,2.536600,8,1
54360.000000,33.578524,-117.064754,365.395743,39.923411,2.527750,8,1
54375.000000,33.578522,-117.064756,364.742437,39.989427,2.518923,8,1
54390.000000,33.578525,-117.064755,363.795904,39.839124,2.510121,8,1
54405.000000,33.578523,-117.064755,364.451033,39.672567,2.501347,8,1
54420.000000,33.578523,-117.064754,363.364646,39.633753,2.492601,8,1
54435.000000,33.578524,-117.064752,363.574391,39.367899,2.483885,8,1
54450.000000,33.578523,-117.064752,363.413555,39.140800,2.475200,8,1
54465.000000,33.578524,-117.064754,362.567707,39.096138,2.466548,8,1
54480.000000,33.578526,-117.064752,362.315082,38.857446,2.457929,8,1
54495.000000,33.578524,-117.064754,361.934925,38.857265,2.449346,8,1
54510.000000,33.578525,-117.064752,361.909186,38.631041,2.440799,8,1
54525.000000,33.578525,-117.064751,361.126672,38.580094,2.432290,8,1
54540.000000,33.578526,-117.064753,360.211887,38.539120,2.423819,8,1
54555.000000,33.578525,-117.064753,360.817887,38.376141,2.415388,8,1
54570.000000,33.578525,-117.064752,359.917029,38.304900,2.406997,8,1
54585.000000,33.578524,-117.064753,359.794976,38.250412,2.398648,8,1
54600.000000,33.578523,-117.064753,359.903656,38.082311,2.390341,8,1
54615.000000,33.578521,-117.064753,360.437881,37.970122,2.382078,8,1
54630.000000,33.578259,-117.064493,450.557607,45.318127,1.872813,9,1
54645.000000,33.578261,-117.064490,449.788166,45.247504,1.870782,9,1
54660.000000,33.578260,-117.064488,448.926435,45.372060,1.868723,9,1
54675.000000,33.578260,-117.064487,448.304043,45.187841,1.866637,9,1
54690.000000,33.578264,-117.064483,447.196121,45.014612,1.864525,9,1
54705.000000,33.578261,-117.064484,446.332393,45.158077,1.862387,9,1
54720.000000,33.578264,-117.064482,445.558290,44.989572,1.860224,9,1
54735.000000,33.578263,-117.064479,445.045959,45.178351,1.858037,9,1
54750.000000,33.578263,-117.064479,444.004317,44.872643,1.855824,9,1
54765.000000,33.578263,-117.064475,443.843484,44.857181,1.853588,9,1
54780.000000,33.578265,-117.064473,442.685338,44.683402,1.851329,9,1
54795.000000,33.578263,-117.064474,442.216809,44.606409,1.849046,9,1
54810.000000,33.578266,-117.064470,441.308363,44.416993,1.846741,9,1
54825.000000,33.578261,-117.064468,440.850850,44.772530,1.844414,9,1
54840.000000,33.578264,-117.064467,440.770141,44.360894,1.842066,9,1
54855.000000,33.578264,-117.064465,439.562185,44.460276,1.839697,9,1
54870.000000,33.578262,-117.064464,438.791282,44.712986,1.837307,9,1
54885.000000,33.578264,-117.064464,438.911004,44.312188,1.834897,9,1
54900.000000,33.578260,-117.064461,437.672090,44.630186,1.832468,9,1
54915.000000,33.578263,-117.064460,436.517962,44.362132,1.830019,9,1
54930.000000,33.578265,-117.064459,436.168274,44.129126,1.827552,9,1
54945.000000,33.578266,-117.064456,435.309808,44.135245,1.825067,9,1
54960.000000,33.578262,-117.064458,434.146036,44.239714,1.822565,9,1
54975.000000,33.578267,-117.064455,434.269661,43.820130,1.820045,9,1
54990.000000,33.578263,-117.064453,433.253075,44.025765,1.817509,9,1
55005.000000,33.578263,-117.064452,432.621558,43.950035,1.814957,9,1
55020.000000,33.578267,-117.064447,432.729477,43.694796,1.812389,9,1
55035.000000,33.578262,-117.064449,431.902672,43.878361,1.809807,9,1
55050.000000,33.578262,-117.064445,431.443905,43.809552,1.807209,9,1
55065.000000,33.578265,-117.064446,430.634543,43.698641,1.804598,9,1
55080.000000,33.578262,-117.064444,430.634997,43.512279,1.801973,9,1
55095.000000,33.578259,-117.064444,429.306152,43.769599,1.799334,9,1
55110.000000,33.578267,-117.064439,429.197820,43.222188,1.796683,9,1
55125.000000,33.578260,-117.064438,428.448049,43.466017,1.794020,9,1
55140.000000,33.578260,-117.064436,427.337507,43.673367,1.791345,9,1
55155.000000,33.578262,-117.064436,427.968160,43.202431,1.788659,9,1
55170.000000,33.578262,-117.064435,426.984138,43.181820,1.785962,9,1
55185.000000,33.578260,-117.064436,426.026523,42.990649,1.783255,9,1
55200.000000,33.578262,-117.064433,426.359252,42.970339,1.780538,9,1
55215.000000,33.578263,-117.064429,425.597013,42.865585,1.777811,9,1
55230.000000,33.578260,-117.064431,424.677279,43.042399,1.775076,9,1
55245.000000,33.578264,-117.064428,424.449886,42.587979,1.772332,9,1
55260.000000,33.578261,-117.064424,424.140319,42.782349,1.769579,9,1
55275.000000,33.578258,-117.064424,423.045228,42.925560,1.766820,9,1
55290.000000,33.578261,-117.064422,422.486264,42.765200,1.764053,9,1
55305.000000,33.578263,-117.064422,422.899046,42.368002,1.761280,9,1
55320.000000,33.578258,-117.064424,421.915536,42.493619,1.758500,9,1
55335.000000,33.578260,-117.064421,422.070345,42.241194,1.755714,9,1
55350.000000,33.578261,-117.064416,422.122462,42.265144,1.752923,9,1
55365.000000,33.578260,-117.064415,421.364217,42.210896,1.750127,9,1
55380.000000,33.578256,-117.064415,420.294578,42.397172,1.747326,9,1
55395.000000,33.578259,-117.064415,420.255171,42.128166,1.744521,9,1
55410.000000,33.578258,-117.064409,420.091498,42.180541,1.741713,9,1
55425.000000,33.578252,-117.064413,418.849279,42.339752,1.738901,9,1
55440.000000,33.578258,-117.064408,418.920958,41.823114,1.736086,9,1
55455.000000,33.578256,-117.064406,419.384119,41.940533,1.733268,9,1
55470.000000,33.578258,-117.064404,418.646303,41.769942,1.730448,9,1
55485.000000,33.578251,-117.064405,417.716303,41.914557,1.727626,9,1
55500.000000,33.578256,-117.064403,417.628858,41.650467,1.724803,9,1
55515.000000,33.578257,-117.064403,417.460413,41.342800,1.721979,9,1
55530.000000,33.578251,-117.064400,417.176203,41.552060,1.719154,9,1
55545.000000,33.578253,-117.064400,417.088409,41.280046,1.716329,9,1
55560.000000,33.578255,-117.064399,417.476387,40.976342,1.713504,9,1
55575.000000,33.578255,-117.064396,416.599190,41.064533,1.710679,9,1
55590.000000,33.578252,-117.064398,415.756475,40.925635,1.707855,9,1
55605.000000,33.578253,-117.064396,415.802996,40.799042,1.705032,9,1
55620.000000,33.578254,-117.064395,415.384693,40.739108,1.702210,9,1
55635.000000,33.578251,-117.064395,414.746188,40.748607,1.699390,9,1
55650.000000,33.578253,-117.064391,414.156727,40.692872,1.696573,9,1
55665.000000,33.578253,-117.064393,414.504503,40.443053,1.693757,9,1
55680.000000,33.578254,-117.064392,413.710166,40.260592,1.690945,9,1
55695.000000,33.578253,-117.064393,413.330637,40.237839,1.688135,9,1
55710.000000,33.578249,-117.064390,412.771051,40.324533,1.685328,9,1
55725.000000,33.578251,-117.064388,412.952970,40.049675,1.682526,9,1
55740.000000,33.578251,-117.064387,413.294639,39.966122,1.679727,9,1
55755.000000,33.578251,-117.064384,412.112045,39.940386,1.676932,9,1
55770.000000,33.578250,-117.064383,412.953680,39.749469,1.674142,9,1
55785.000000,33.578250,-117.064384,411.675254,39.812207,1.671357,9,1
55800.000000,33.578251,-117.064383,411.921297,39.437224,1.668577,9,1
55815.000000,33.578247,-117.064382,410.865308,39.628682,1.665802,9,1
55830.000000,33.578246,-117.064382,411.408866,39.620307,1.663032,9,1
55845.000000,33.578249,-117.064379,411.564413,39.288312,1.660269,9,1
55860.000000,33.578243,-117.064379,411.066784,39.525948,1.657511,9,1
55875.000000,33.578246,-117.064377,410.589419,39.354727,1.654760,9,1
55890.000000,33.578247,-117.064376,411.110027,39.045073,1.652016,9,1
55905.000000,33.578245,-117.064375,410.388538,39.146581,1.649279,9,1
55920.000000,33.578243,-117.064376,410.669452,39.005675,1.646548,9,1
55935.000000,33.578245,-117.064372,410.366428,38.756693,1.643825,9,1
55950.000000,33.578239,-117.064375,410.211833,39.088183,1.641110,9,1
55965.000000,33.578241,-117.064370,410.238841,38.785620,1.638402,9,1
55980.000000,33.578241,-117.064369,410.267600,38.626513,1.635702,9,1
55995.000000,33.578237,-117.064370,409.287249,38.776356,1.633011,9,1
56010.000000,33.578241,-117.064369,409.883298,38.319639,1.630328,9,1
56025.000000,33.578240,-117.064367,409.432978,38.342854,1.627653,9,1
56040.000000,33.578237,-117.064367,409.240599,38.315467,1.624988,9,1
56055.000000,33.578239,-117.064366,408.812079,38.015454,1.622331,9,1
56070.000000,33.578239,-117.064364,408.037194,38.004659,1.619684,9,1
56085.000000,33.578236,-117.064365,408.241667,38.043142,1.617046,9,1
56100.000000,33.578238,-117.064363,408.079588,37.785296,1.614418,9,1
56115.000000,33.578239,-117.064363,408.748510,37.545823,1.611799,9,1
56130.000000,33.578240,-117.064358,408.474534,37.573502,1.609190,9,1
56145.000000,33.578303,-117.064351,419.698893,40.547981,1.718597,8,1
56160.000000,33.578303,-117.064351,419.340732,40.449636,1.716433,8,1
56175.000000,33.578300,-117.064353,419.236970,40.249247,1.714272,8,1
56190.000000,33.578300,-117.064350,419.080475,40.166484,1.712113,8,1
56205.000000,33.578299,-117.064348,418.454463,40.249303,1.709957,8,1
56220.000000,33.578296,-117.064348,418.287007,40.084062,1.707804,8,1
56235.000000,33.578297,-117.064346,418.172238,39.972184,1.705653,8,1
56250.000000,33.578297,-117.064346,417.403060,39.888712,1.703506,8,1
56265.000000,33.578295,-117.064347,417.558623,39.689666,1.701362,8,1
56280.000000,33.578295,-117.064343,417.093150,39.778817,1.699221,8,1
56295.000000,33.578292,-117.064345,417.442552,39.564607,1.697084,8,1
56310.000000,33.578290,-117.064345,417.301385,39.499810,1.694951,8,1
56325.000000,33.578289,-117.064344,417.433358,39.432787,1.692821,8,1
56340.000000,33.578286,-117.064344,417.016458,39.407001,1.690696,8,1
56355.000000,33.578285,-117.064344,416.908163,39.326161,1.688574,8,1
56370.000000,33.578286,-117.064342,416.531240,39.130663,1.686457,8,1
56385.000000,33.578281,-117.064340,416.412550,39.312190,1.684344,8,1
56400.000000,33.578279,-117.064340,416.252998,39.149160,1.682236,8,1
56415.000000,33.578281,-117.064338,416.384014,38.958970,1.680132,8,1
56430.000000,33.578277,-117.064336,416.177746,39.071417,1.678034,8,1
56445.000000,33.578276,-117.064337,415.508713,39.053691,1.675940,8,1
56460.000000,33.578278,-117.064336,415.974199,38.641917,1.673851,8,1
56475.000000,33.578277,-117.064335,416.130921,38.488395,1.671767,8,1
56490.000000,33.578267,-117.064337,415.001239,38.922484,1.669689,8,1
56505.000000,33.578274,-117.064335,415.537796,38.407728,1.667616,8,1
56520.000000,33.578274,-117.064334,415.200496,38.275186,1.665548,8,1
56535.000000,33.578267,-117.064335,414.725669,38.361570,1.663487,8,1
56550.000000,33.578271,-117.064333,414.706101,38.086270,1.661431,8,1
56565.000000,33.578272,-117.064333,415.375399,37.799729,1.659381,8,1
56580.000000,33.578267,-117.064335,414.785279,37.832405,1.657337,8,1
56595.000000,33.578262,-117.064333,413.464879,38.159885,1.655299,8,1
56610.000000,33.578270,-117.064329,414.490688,37.641261,1.653268,8,1
56625.000000,33.578266,-117.064330,414.788120,37.602242,1.651243,8,1
56640.000000,33.578255,-117.064333,413.072293,37.963123,1.649224,8,1
56655.000000,33.578260,-117.064331,413.696782,37.505099,1.647212,8,1
56670.000000,33.578262,-117.064330,414.145310,37.233128,1.645207,8,1
56685.000000,33.578257,-117.064332,413.810943,37.304711,1.643209,8,1
56700.000000,33.578253,-117.064331,412.558862,37.355986,1.641217,8,1
56715.000000,33.578259,-117.064331,413.961987,36.850054,1.639233,8,1
56730.000000,33.578257,-117.064329,414.269059,36.865557,1.637255,8,1
56745.000000,33.578248,-117.064330,412.755027,37.270885,1.635286,8,1
56760.000000,33.578251,-117.064325,412.571192,37.052156,1.633323,8,1
56775.000000,33.578255,-117.064324,413.406786,36.524803,1.631368,8,1
56790.000000,33.578249,-117.064325,413.605451,36.581563,1.629420,8,1
56805.000000,33.578244,-117.064324,412.643017,36.688319,1.627480,8,1
56820.000000,33.578248,-117.064320,412.457429,36.570347,1.625548,8,1
56835.000000,33.578249,-117.064319,413.054971,36.409618,1.623624,8,1
56850.000000,33.578242,-117.064322,413.281425,36.432532,1.621708,8,1
56865.000000,33.578238,-117.064323,412.792027,36.381726,1.619799,8,1
56880.000000,33.578243,-117.064315,412.087994,36.295810,1.617899,8,1
56895.000000,33.578244,-117.064318,412.841563,35.907550,1.616007,8,1
56910.000000,33.578234,-117.064321,412.582173,36.134875,1.614124,8,1
56925.000000,33.578232,-117.064321,411.849484,36.198605,1.612249,8,1
56940.000000,33.578238,-117.064318,411.682367,35.771994,1.610382,8,1
56955.000000,33.578236,-117.064317,412.658284,35.651882,1.608524,8,1
56970.000000,33.578231,-117.064318,411.640262,35.701875,1.606675,8,1
56985.000000,33.578229,-117.064317,411.210702,35.722875,1.604834,8,1
57000.000000,33.578232,-117.064314,411.650119,35.481976,1.603002,8,1
57015.000000,33.578230,-117.064315,412.629638,35.189851,1.601179,8,1
57030.000000,33.578229,-117.064317,412.639904,35.071055,1.599365,8,1
57045.000000,33.578227,-117.064316,411.626854,35.152985,1.597560,8,1
57060.000000,33.578795,-117.064148,496.727115,21.967161,2.418507,7,1
57075.000000,33.578792,-117.064148,496.026747,22.200793,2.424005,7,1
57090.000000,33.578789,-117.064147,495.036768,22.459460,2.429503,7,1
57105.000000,33.578789,-117.064147,495.437084,22.483219,2.435000,7,1
57120.000000,33.578787,-117.064146,495.402332,22.594486,2.440495,7,1
57135.000000,33.578785,-117.064144,495.140107,22.822137,2.445985,7,1
57150.000000,33.578784,-117.064144,495.079933,23.014745,2.451470,7,1
57165.000000,33.578779,-117.064148,495.071212,22.974611,2.456946,7,1
57180.000000,33.578776,-117.064145,494.957190,23.108557,2.462413,7,1
57195.000000,33.578775,-117.064144,495.254045,23.247641,2.467868,7,1
57210.000000,33.578772,-117.064146,494.740637,23.420695,2.473310,7,1
57225.000000,33.578770,-117.064143,494.490114,23.612635,2.478736,7,1
57240.000000,33.578738,-117.064221,524.815285,24.968019,2.899492,6,1
57255.000000,33.578736,-117.064221,524.718579,25.038497,2.907570,6,1
57270.000000,33.578733,-117.064221,524.984013,25.159247,2.915725,6,1
57285.000000,33.578731,-117.064220,524.735568,25.400021,2.923955,6,1
57300.000000,33.578732,-117.064220,525.088642,25.413188,2.932260,6,1
57315.000000,33.578728,-117.064220,524.960992,25.532859,2.940636,6,1
57330.000000,33.578726,-117.064220,524.638369,25.764791,2.949084,6,1
57345.000000,33.578726,-117.064217,525.141375,25.754539,2.957601,6,1
57360.000000,33.578723,-117.064217,525.119741,25.933119,2.966186,6,1
57375.000000,33.578722,-117.064218,525.022034,26.101817,2.974837,6,1
57390.000000,33.578717,-117.064218,524.733955,26.232687,2.983551,6,1
57405.000000,33.578718,-117.064217,524.564559,26.408926,2.992328,6,1
57420.000000,33.578486,-117.064299,478.152532,26.010125,2.089445,7,1
57435.000000,33.578484,-117.064297,478.532382,26.064990,2.089866,7,1
57450.000000,33.578479,-117.064297,477.249728,26.256287,2.090312,7,1
57465.000000,33.578481,-117.064296,478.173871,26.080827,2.090785,7,1
57480.000000,33.578480,-117.064294,478.548228,26.153502,2.091283,7,1
57495.000000,33.578477,-117.064294,477.794997,26.272246,2.091807,7,1
57510.000000,33.578476,-117.064294,478.288643,26.233856,2.092355,7,1
57525.000000,33.578475,-117.064293,478.363682,26.201272,2.092928,7,1
57540.000000,33.578473,-117.064291,478.406208,26.205749,2.093525,7,1
57555.000000,33.578470,-117.064290,477.955341,26.279315,2.094145,7,1
57570.000000,33.578470,-117.064289,478.024994,26.326220,2.094789,7,1
57585.000000,33.578467,-117.064288,477.693769,26.484831,2.095457,7,1
57600.000000,33.578465,-117.064288,477.203573,26.533131,2.096147,7,1
57615.000000,33.578462,-117.064287,476.925423,26.566107,2.096859,7,1
57630.000000,33.578460,-117.064285,476.339315,26.787613,2.097593,7,1
57645.000000,33.578459,-117.064286,477.153414,26.687005,2.098349,7,1
57660.000000,33.578461,-117.064282,477.036203,26.772760,2.099126,7,1
57675.000000,33.578457,-117.064283,477.041751,26.664709,2.099923,7,1
57690.000000,33.578460,-117.064282,477.955989,26.555006,2.100741,7,1
57705.000000,33.578457,-117.064282,477.225136,26.720914,2.101579,7,1
57720.000000,33.578453,-117.064282,476.383740,26.888980,2.102437,7,1
57735.000000,33.578452,-117.064280,477.036822,26.823319,2.103314,7,1
57750.000000,33.578446,-117.064280,475.791942,27.006859,2.104210,7,1
57765.000000,33.578451,-117.064278,477.174906,26.836473,2.105124,7,1
57780.000000,33.578446,-117.064277,476.715201,26.963937,2.106056,7,1
57795.000000,33.578444,-117.064276,476.360605,26.979681,2.107006,7,1
57810.000000,33.578441,-117.064275,475.693633,27.005030,2.107973,7,1
57825.000000,33.578439,-117.064274,475.813404,27.102128,2.108957,7,1
57840.000000,33.578440,-117.064272,476.132820,27.053720,2.109957,7,1
57855.000000,33.578437,-117.064270,476.317390,26.991342,2.110973,7,1
57870.000000,33.578433,-117.064270,475.106909,27.179900,2.112005,7,1
57885.000000,33.578434,-117.064269,475.529583,27.134123,2.113051,7,1
57900.000000,33.578431,-117.064270,474.934631,27.202378,2.114113,7,1
57915.000000,33.578428,-117.064268,474.748951,27.341285,2.115188,7,1
57930.000000,33.578426,-117.064266,475.022299,27.287151,2.116278,7,1
57945.000000,33.578425,-117.064263,475.451371,27.293015,2.117380,7,1
57960.000000,33.578425,-117.064261,475.372982,27.329340,2.118496,7,1
57975.000000,33.578418,-117.064262,474.058270,27.394763,2.119624,7,1
57990.000000,33.578417,-117.064260,474.208066,27.447443,2.120764,7,1
58005.000000,33.578415,-117.064260,473.853728,27.510114,2.121915,7,1
58020.000000,33.578408,-117.064261,472.895363,27.534802,2.123078,7,1
58035.000000,33.578413,-117.064258,474.086426,27.370273,2.124251,7,1
58050.000000,33.578412,-117.064258,473.875895,27.470112,2.125434,7,1
58065.000000,33.578409,-117.064256,473.567404,27.458207,2.126628,7,1
58080.000000,33.578408,-117.064255,473.109687,27.592206,2.127830,7,1
58095.000000,33.578408,-117.064253,473.580158,27.525441,2.129041,7,1
58110.000000,33.578401,-117.064254,472.082643,27.709957,2.130260,7,1
58125.000000,33.578400,-117.064252,472.825156,27.587922,2.131487,7,1
58140.000000,33.578397,-117.064250,472.348711,27.671205,2.132722,7,1
58155.000000,33.578399,-117.064248,472.938040,27.685606,2.133963,7,1
58170.000000,33.578395,-117.064248,472.234601,27.643280,2.135211,7,1
58185.000000,33.578392,-117.064246,472.015946,27.746073,2.136464,7,1
58200.000000,33.578389,-117.064246,471.544177,27.705706,2.137723,7,1
58215.000000,33.578387,-117.064245,471.189963,27.803416,2.138987,7,1
58230.000000,33.578384,-117.064244,471.444517,27.755551,2.140255,7,1
58245.000000,33.578384,-117.064242,471.646649,27.783910,2.141527,7,1
58260.000000,33.578379,-117.064242,471.252385,27.781436,2.142802,7,1
58275.000000,33.578377,-117.064241,470.736304,27.652707,2.144080,7,1
58290.000000,33.578378,-117.064238,471.054569,27.716206,2.145361,7,1
58305.000000,33.578373,-117.064237,470.136086,27.824509,2.146644,7,1
58320.000000,33.578372,-117.064234,470.005849,27.907497,2.147928,7,1
58335.000000,33.578368,-117.064234,469.910691,27.773751,2.149212,7,1
58350.000000,33.578365,-117.064232,469.231600,27.935242,2.150498,7,1
58365.000000,33.578363,-117.064231,468.904113,27.901520,2.151783,7,1
58380.000000,33.578361,-117.064230,468.654813,27.919663,2.153067,7,1
58395.000000,33.578357,-117.064230,468.390950,27.838187,2.154350,7,1
58410.000000,33.578355,-117.064230,468.618672,27.861540,2.155632,7,1
58425.000000,33.578353,-117.064228,468.651604,27.786261,2.156911,7,1
58440.000000,33.578351,-117.064225,467.597538,28.007621,2.158188,7,1
58455.000000,33.578378,-117.064242,461.076969,24.636472,2.019759,8,1
58470.000000,33.578376,-117.064240,460.115372,24.685151,2.021257,8,1
58485.000000,33.578376,-117.064240,460.371672,24.783939,2.022737,8,1
58500.000000,33.578371,-117.064240,459.817356,24.721945,2.024201,8,1
58515.000000,33.578373,-117.064240,459.542792,24.787678,2.025646,8,1
58530.000000,33.578369,-117.064237,459.259600,24.891788,2.027072,8,1
58545.000000,33.578363,-117.064234,457.947582,24.855812,2.028480,8,1
58560.000000,33.578363,-117.064233,458.349321,24.859130,2.029869,8,1
58575.000000,33.578359,-117.064234,457.346154,24.893745,2.031238,8,1
58590.000000,33.578362,-117.064236,457.465143,24.867344,2.032586,8,1
58605.000000,33.578351,-117.064233,456.604826,24.806229,2.033914,8,1
58620.000000,33.578353,-117.064233,456.408103,24.815103,2.035221,8,1
58635.000000,33.578348,-117.064231,455.928314,24.840388,2.036506,8,1
58650.000000,33.578350,-117.064231,456.309195,24.879877,2.037769,8,1
58665.000000,33.578345,-117.064229,455.766514,24.833420,2.039009,8,1
58680.000000,33.578345,-117.064227,454.367702,25.060925,2.040227,8,1
58695.000000,33.578341,-117.064228,454.712534,24.836836,2.041421,8,1
58710.000000,33.578339,-117.064228,453.526163,24.951878,2.042591,8,1
58725.000000,33.578335,-117.064225,453.768641,24.828477,2.043737,8,1
58740.000000,33.578336,-117.064224,453.226617,25.013846,2.044858,8,1
58755.000000,33.578335,-117.064224,452.969320,25.020957,2.045954,8,1
58770.000000,33.578328,-117.064223,452.665121,24.852886,2.047025,8,1
58785.000000,33.578327,-117.064222,452.383269,24.890317,2.048069,8,1
58800.000000,33.578325,-117.064223,452.146415,24.950623,2.049087,8,1
58815.000000,33.578320,-117.064222,451.174211,24.996152,2.050077,8,1
58830.000000,33.578322,-117.064222,451.134280,24.966154,2.051041,8,1
58845.000000,33.578318,-117.064219,450.590349,24.967879,2.051976,8,1
58860.000000,33.578314,-117.064218,450.048442,24.979817,2.052884,8,1
58875.000000,33.578310,-117.064217,449.374191,24.898985,2.053763,8,1
58890.000000,33.578307,-117.064217,448.500671,24.934947,2.054613,8,1
58905.000000,33.578305,-117.064215,447.901250,25.023915,2.055433,8,1
58920.000000,33.578303,-117.064214,447.666051,24.959862,2.056224,8,1
58935.000000,33.578299,-117.064213,446.944785,24.920369,2.056984,8,1
58950.000000,33.578296,-117.064213,446.426326,24.934664,2.057714,8,1
58965.000000,33.578299,-117.064212,447.469754,24.892882,2.058413,8,1
58980.000000,33.578291,-117.064210,446.928547,24.717411,2.059081,8,1
58995.000000,33.578289,-117.064212,446.773262,24.695029,2.059717,8,1
59010.000000,33.578287,-117.064209,445.517965,24.778434,2.060321,8,1
59025.000000,33.578284,-117.064210,445.131077,24.759837,2.060893,8,1
59040.000000,33.578283,-117.064210,444.267692,24.865549,2.061432,8,1
59055.000000,33.578279,-117.064210,443.807067,24.805875,2.061938,8,1
59070.000000,33.578278,-117.064208,443.453411,24.856071,2.062411,8,1
59085.000000,33.578275,-117.064207,443.506224,24.795206,2.062850,8,1
59100.000000,33.578274,-117.064205,442.937331,24.829001,2.063255,8,1
59115.000000,33.578270,-117.064206,442.451317,24.864534,2.063626,8,1
59130.000000,33.578271,-117.064206,442.318235,24.911462,2.063962,8,1
59145.000000,33.578266,-117.064202,441.557424,24.828838,2.064264,8,1
59160.000000,33.578262,-117.064201,440.430839,24.826610,2.064531,8,1
59175.000000,33.578261,-117.064203,440.684397,24.806791,2.064762,8,1
59190.000000,33.578258,-117.064200,439.718224,24.875711,2.064958,8,1
59205.000000,33.578255,-117.064200,439.486863,24.767612,2.065118,8,1
59220.000000,33.578250,-117.064199,438.514898,24.770423,2.065242,8,1
59235.000000,33.578246,-117.064200,438.462289,24.581789,2.065330,8,1
59250.000000,33.578246,-117.064198,437.933856,24.686954,2.065381,8,1
59265.000000,33.578243,-117.064198,437.329048,24.687595,2.065396,8,1
59280.000000,33.578239,-117.064197,437.024498,24.578710,2.065375,8,1
59295.000000,33.578237,-117.064197,436.765687,24.581050,2.065316,8,1
59310.000000,33.578234,-117.064195,436.212826,24.580752,2.065220,8,1
59325.000000,33.578229,-117.064197,435.700277,24.501481,2.065087,8,1
59340.000000,33.578227,-117.064194,435.404709,24.526920,2.064917,8,1
59355.000000,33.578224,-117.064196,435.382834,24.392306,2.064709,8,1
59370.000000,33.578220,-117.064193,434.457141,24.403104,2.064464,8,1
59385.000000,33.578218,-117.064194,434.370391,24.340601,2.064181,8,1
59400.000000,33.578215,-117.064193,433.447668,24.264183,2.063860,8,1
59415.000000,33.578214,-117.064193,433.563872,24.201694,2.063502,8,1
59430.000000,33.578212,-117.064191,432.642161,24.278801,2.063105,8,1
59445.000000,33.578209,-117.064187,431.857120,24.335485,2.062671,8,1
59460.000000,33.578209,-117.064188,431.997476,24.355894,2.062199,8,1
59475.000000,33.578204,-117.064188,431.268053,24.207122,2.061689,8,1
59490.000000,33.578201,-117.064187,430.724802,24.210503,2.061141,8,1
59505.000000,33.578199,-117.064189,430.021568,24.291837,2.060555,8,1
59520.000000,33.578194,-117.064186,429.377937,24.186715,2.059931,8,1
59535.000000,33.578194,-117.064187,429.340392,24.173355,2.059270,8,1
59550.000000,33.578193,-117.064185,428.884183,24.149410,2.058570,8,1
59565.000000,33.578186,-117.064183,428.916667,23.958239,2.057833,8,1
59580.000000,33.578184,-117.064185,428.578593,24.041282,2.057058,8,1
59595.000000,33.578181,-117.064185,428.016124,24.038827,2.056245,8,1
59610.000000,33.578180,-117.064186,427.513047,23.961498,2.055395,8,1
59625.000000,33.578177,-117.064183,427.578419,23.860160,2.054507,8,1
59640.000000,33.578175,-117.064184,427.028712,23.840911,2.053582,8,1
59655.000000,33.578170,-117.064180,426.442949,23.753439,2.052620,8,1
59670.000000,33.578168,-117.064182,425.560365,23.865548,2.051621,8,1
59685.000000,33.578164,-117.064179,425.511553,23.661955,2.050585,8,1
59700.000000,33.578164,-117.064182,424.696907,23.755018,2.049513,8,1
59715.000000,33.578161,-117.064179,424.442243,23.693911,2.048404,8,1
59730.000000,33.578158,-117.064179,424.187851,23.578969,2.047258,8,1
59745.000000,33.578156,-117.064179,423.975372,23.586529,2.046077,8,1
59760.000000,33.578149,-117.064176,422.645898,23.336952,2.044859,8,1
59775.000000,33.578148,-117.064178,422.597386,23.458143,2.043606,8,1
59790.000000,33.578145,-117.064179,422.592296,23.416566,2.042318,8,1
59805.000000,33.578142,-117.064180,423.250060,23.256157,2.040994,8,1
59820.000000,33.578140,-117.064178,422.313694,23.249332,2.039635,8,1
59835.000000,33.578137,-117.064178,421.620806,23.135550,2.038242,8,1
59850.000000,33.578135,-117.064181,420.342073,23.256281,2.036814,8,1
59865.000000,33.578132,-117.064179,420.489564,23.121811,2.035352,8,1
59880.000000,33.578129,-117.064176,420.425192,22.950758,2.033856,8,1
59895.000000,33.578126,-117.064176,419.865716,22.961500,2.032327,8,1
59910.000000,33.578124,-117.064177,418.947088,22.941100,2.030765,8,1
59925.000000,33.578122,-117.064177,419.403296,22.750510,2.029170,8,1
59940.000000,33.578118,-117.064178,419.674303,22.568324,2.027542,8,1
59955.000000,33.578117,-117.064180,419.664425,22.634196,2.025882,8,1
59970.000000,33.578117,-117.064179,418.677702,22.750018,2.024190,8,1
59985.000000,33.578113,-117.064175,417.947764,22.599879,2.022467,8,1
60000.000000,33.578111,-117.064173,416.876275,22.593932,2.020713,8,1
60015.000000,33.578109,-117.064169,416.745188,22.479120,2.018928,8,1
60030.000000,33.578106,-117.064172,416.350266,22.520873,2.017113,8,1
60045.000000,33.578104,-117.064177,416.976447,22.388626,2.015268,8,1
60060.000000,33.578102,-117.064176,416.589435,22.302631,2.013393,8,1
60075.000000,33.578098,-117.064172,415.950360,22.222457,2.011489,8,1
60090.000000,33.578096,-117.064174,415.340920,22.170167,2.009556,8,1
60105.000000,33.578093,-117.064173,415.330413,22.052762,2.007595,8,1
60120.000000,33.578090,-117.064173,414.465579,22.080435,2.005607,8,1
60135.000000,33.578087,-117.064174,415.267907,21.869528,2.003590,8,1
60150.000000,33.578087,-117.064174,414.796691,21.834609,2.001547,8,1
60165.000000,33.578086,-117.064173,414.278603,21.812693,1.999477,8,1
60180.000000,33.578082,-117.064172,413.323753,21.816247,1.997381,8,1
60195.000000,33.578080,-117.064175,412.910661,21.776084,1.995259,8,1
60210.000000,33.578078,-117.064178,413.984267,21.677710,1.993112,8,1
60225.000000,33.578076,-117.064177,413.757922,21.503531,1.990940,8,1
60240.000000,33.578075,-117.064175,412.405826,21.629866,1.988744,8,1
60255.000000,33.578071,-117.064173,412.135545,21.437400,1.986524,8,1
60270.000000,33.578069,-117.064173,412.277354,21.446890,1.984280,8,1
60285.000000,33.578066,-117.064172,412.094915,21.325877,1.982014,8,1
60300.000000,33.578064,-117.064173,411.736168,21.263845,1.979725,8,1
60315.000000,33.578064,-117.064170,411.057366,21.247556,1.977414,8,1
60330.000000,33.578061,-117.064170,410.655573,21.228206,1.975081,8,1
60345.000000,33.578061,-117.064176,411.503764,21.251970,1.972727,8,1
60360.000000,33.578056,-117.064174,411.487839,20.994139,1.970353,8,1
60375.000000,33.578056,-117.064173,410.525415,20.982512,1.967959,8,1
60390.000000,33.578054,-117.064174,410.630301,20.934183,1.965545,8,1
60405.000000,33.578053,-117.064173,410.140116,20.801221,1.963111,8,1
60420.000000,33.578050,-117.064174,409.992946,20.795285,1.960659,8,1
60435.000000,33.578049,-117.064175,409.873891,20.765350,1.958189,8,1
60450.000000,33.578048,-117.064173,409.317328,20.673048,1.955701,8,1
60465.000000,33.578046,-117.064176,409.853190,20.535418,1.953196,8,1
60480.000000,33.578042,-117.064177,409.175213,20.510159,1.950674,8,1
60495.000000,33.578041,-117.064173,408.815473,20.343763,1.948135,8,1
60510.000000,33.578039,-117.064176,408.736993,20.385017,1.945581,8,1
60525.000000,33.578039,-117.064175,408.983717,20.443135,1.943012,8,1
60540.000000,33.578035,-117.064173,407.881900,20.176799,1.940427,8,1
60555.000000,33.578034,-117.064175,408.090322,20.102440,1.937828,8,1
60570.000000,33.578033,-117.064176,408.200640,20.135966,1.935215,8,1
60585.000000,33.578032,-117.064177,407.518196,20.193236,1.932589,8,1
60600.000000,33.578031,-117.064173,407.511070,19.952819,1.929949,8,1
60615.000000,33.578029,-117.064176,407.817641,19.969927,1.927297,8,1
60630.000000,33.578028,-117.064174,406.928532,19.829136,1.924633,8,1
60645.000000,33.578027,-117.064175,407.164602,19.807538,1.921957,8,1
60660.000000,33.578026,-117.064176,407.477847,19.688728,1.919270,8,1
60675.000000,33.578024,-117.064177,407.045229,19.759754,1.916572,8,1
60690.000000,33.578023,-117.064178,406.541975,19.784739,1.913863,8,1
60705.000000,33.578024,-117.064182,406.967860,19.867383,1.911145,8,1
60720.000000,33.578021,-117.064178,406.672009,19.577146,1.908418,8,1
60735.000000,33.578019,-117.064177,406.179881,19.466600,1.905681,8,1
60750.000000,33.578017,-117.064178,406.931290,19.317429,1.902936,8,1
60765.000000,33.578014,-117.064176,406.379893,19.084769,1.900182,8,1
60780.000000,33.578014,-117.064176,405.662484,19.038675,1.897421,8,1
60795.000000,33.578013,-117.064181,406.535485,19.168207,1.894652,8,1
60810.000000,33.578012,-117.064180,406.245497,19.017828,1.891877,8,1
60825.000000,33.578011,-117.064184,406.184337,19.099410,1.889095,8,1
60840.000000,33.578009,-117.064184,406.139923,19.100264,1.886307,8,1
60855.000000,33.577968,-117.064077,427.052922,16.478002,2.122442,7,1
60870.000000,33.577967,-117.064077,427.215695,16.379054,2.120878,7,1
60885.000000,33.577965,-117.064077,426.762116,16.272966,2.119312,7,1
60900.000000,33.577963,-117.064077,426.003788,16.172079,2.117744,7,1
60915.000000,33.577964,-117.064079,427.792374,16.121929,2.116176,7,1
60930.000000,33.577961,-117.064079,427.555793,15.914872,2.114607,7,1
60945.000000,33.577961,-117.064079,427.449407,15.877369,2.113038,7,1
60960.000000,33.577960,-117.064078,427.161971,15.687555,2.111468,7,1
60975.000000,33.577958,-117.064077,426.545473,15.589924,2.109899,7,1
60990.000000,33.577958,-117.064078,427.236689,15.536172,2.108330,7,1
61005.000000,33.577958,-117.064077,426.172186,15.424189,2.106762,7,1
61020.000000,33.577955,-117.064078,426.517362,15.283407,2.105195,7,1
61035.000000,33.577956,-117.064079,426.602432,15.311040,2.103629,7,1
61050.000000,33.577957,-117.064065,419.364960,18.479355,3.084234,6,1
61065.000000,33.577956,-117.064063,418.942603,18.283282,3.081007,6,1
61080.000000,33.577956,-117.064062,418.596846,18.249504,3.077720,6,1
61095.000000,33.577955,-117.064061,418.315737,18.040130,3.074372,6,1
61110.000000,33.577955,-117.064060,417.947936,17.898608,3.070965,6,1
61125.000000,33.577955,-117.064060,417.570288,17.681747,3.067501,6,1
61140.000000,33.577954,-117.064059,416.534911,17.532724,3.063979,6,1
61155.000000,33.577952,-117.064059,416.041828,17.417913,3.060402,6,1
61170.000000,33.577953,-117.064060,416.122979,17.271921,3.056770,6,1
61185.000000,33.577952,-117.064058,414.739083,17.046758,3.053084,6,1
61200.000000,33.577950,-117.064057,414.492984,16.958811,3.049345,6,1
61215.000000,33.577948,-117.064053,413.325654,16.955697,3.045554,6,1
61230.000000,33.577949,-117.064055,413.275219,16.877173,3.041712,6,1
61245.000000,33.577948,-117.064055,413.593761,16.585020,3.037821,6,1
61260.000000,33.577948,-117.064052,412.631701,16.438184,3.033881,6,1
61275.000000,33.577948,-117.064051,412.059896,16.520419,3.029894,6,1
61290.000000,33.577946,-117.064053,412.663531,16.214943,3.025859,6,1
61305.000000,33.577946,-117.064050,411.543697,16.196161,3.021780,6,1
61320.000000,33.577947,-117.064049,411.414086,16.020317,3.017656,6,1
61335.000000,33.577947,-117.064047,409.952165,15.938164,3.013488,6,1
61350.000000,33.577945,-117.064049,409.490260,15.576674,3.009278,6,1
61365.000000,33.577946,-117.064049,409.473918,15.425085,3.005026,6,1
61380.000000,33.577945,-117.064049,408.742848,15.309178,3.000734,6,1
61395.000000,33.577945,-117.064050,407.836433,15.169453,2.996403,6,1
61410.000000,33.577945,-117.064048,408.257400,15.061163,2.992032,6,1
61425.000000,33.577945,-117.064048,407.559231,14.862273,2.987625,6,1
61440.000000,33.577944,-117.064045,406.967133,14.916944,2.983181,6,1
61455.000000,33.577943,-117.064049,407.045730,14.799478,2.978702,6,1
61470.000000,33.577943,-117.064048,406.451559,14.551635,2.974188,6,1
61485.000000,33.577944,-117.064046,406.196671,14.427323,2.969641,6,1
61500.000000,33.577945,-117.064046,405.525165,14.221921,2.965062,6,1
61515.000000,33.577945,-117.064047,405.055955,14.134171,2.960450,6,1
61530.000000,33.577944,-117.064046,405.088227,13.968144,2.955809,6,1
61545.000000,33.577945,-117.064047,404.868333,13.876429,2.951137,6,1
61560.000000,33.577944,-117.064046,404.355088,13.650494,2.946437,6,1
61575.000000,33.577942,-117.064047,404.778926,13.522721,2.941709,6,1
61590.000000,33.577944,-117.064045,403.729210,13.428162,2.936954,6,1
61605.000000,33.577944,-117.064046,403.078306,13.290865,2.932173,6,1
61620.000000,33.577942,-117.064046,403.389402,13.072943,2.927367,6,1
61635.000000,33.577943,-117.064048,404.025359,12.890351,2.922536,6,1
61650.000000,33.577945,-117.064047,402.527736,12.750168,2.917683,6,1
61665.000000,33.577944,-117.064046,401.771286,12.656616,2.912807,6,1
61680.000000,33.577946,-117.064045,401.812162,12.530909,2.907909,6,1
61695.000000,33.577945,-117.064046,401.885135,12.377575,2.902991,6,1
61710.000000,33.577944,-117.064046,401.624094,12.155905,2.898052,6,1
61725.000000,33.577945,-117.064046,400.776144,12.064494,2.893095,6,1
61740.000000,33.577944,-117.064048,401.374112,11.802893,2.888119,6,1
61755.000000,33.577944,-117.064048,401.320755,11.694083,2.883125,6,1
61770.000000,33.577945,-117.064048,400.995680,11.490760,2.878115,6,1
61785.000000,33.577945,-117.064047,400.014500,11.372522,2.873089,6,1
61800.000000,33.577946,-117.064047,399.806746,11.345491,2.868047,6,1
61815.000000,33.577946,-117.064046,400.049887,11.181738,2.862991,6,1
61830.000000,33.577946,-117.064050,399.901492,11.082526,2.857922,6,1
61845.000000,33.577948,-117.064048,399.695895,10.917763,2.852839,6,1
61860.000000,33.577945,-117.064048,399.726114,10.845042,2.847744,6,1
61875.000000,33.577945,-117.064049,399.635571,10.661239,2.842637,6,1
61890.000000,33.577947,-117.064049,398.755355,10.549026,2.837519,6,1
61905.000000,33.577948,-117.064050,398.467388,10.365872,2.832392,6,1
61920.000000,33.577949,-117.064047,397.667802,10.365771,2.827254,6,1
61935.000000,33.577948,-117.064050,398.129313,9.969192,2.822108,6,1
61950.000000,33.577949,-117.064050,397.497974,9.860718,2.816953,6,1
61965.000000,33.577949,-117.064051,397.953200,9.736034,2.811791,6,1
61980.000000,33.577950,-117.064052,397.749576,9.592391,2.806621,6,1
61995.000000,33.577948,-117.064054,398.644656,9.387030,2.801445,6,1
62010.000000,33.577949,-117.064054,397.557583,9.382960,2.796264,6,1
62025.000000,33.577950,-117.064054,397.480015,9.311756,2.791077,6,1
62040.000000,33.577950,-117.064055,396.807636,9.093531,2.785885,6,1
62055.000000,33.577949,-117.064055,397.520662,8.902709,2.780689,6,1
62070.000000,33.577951,-117.064055,397.201075,8.742974,2.775490,6,1
62085.000000,33.577953,-117.064055,396.684211,8.757753,2.770288,6,1
62100.000000,33.577951,-117.064057,397.592782,8.413372,2.765083,6,1
62115.000000,33.577953,-117.064058,397.253040,8.447282,2.759876,6,1
62130.000000,33.577954,-117.064059,397.468918,8.282268,2.754667,6,1
62145.000000,33.577952,-117.064059,396.908331,8.082715,2.749458,6,1
62160.000000,33.577953,-117.064058,396.527166,7.988175,2.744248,6,1
62175.000000,33.577954,-117.064058,396.318105,7.900230,2.739038,6,1
62190.000000,33.577955,-117.064059,395.693171,7.766941,2.733829,6,1
62205.000000,33.577954,-117.064061,397.030044,7.478200,2.728620,6,1
62220.000000,33.577956,-117.064060,395.871381,7.401860,2.723413,6,1
62235.000000,33.577955,-117.064062,396.118685,7.193700,2.718207,6,1
62250.000000,33.577958,-117.064063,395.748446,7.137955,2.713004,6,1
62265.000000,33.577958,-117.064062,395.450216,7.029334,2.707803,6,1
62280.000000,33.577959,-117.064065,395.675730,6.846562,2.702605,6,1
62295.000000,33.577959,-117.064066,395.110335,6.800142,2.697410,6,1
62310.000000,33.577958,-117.064067,395.132095,6.641360,2.692220,6,1
62325.000000,33.577959,-117.064065,395.026139,6.653444,2.687033,6,1
62340.000000,33.577960,-117.064067,395.005924,6.416761,2.681851,6,1
62355.000000,33.577961,-117.064066,394.802269,6.316762,2.676674,6,1
62370.000000,33.577962,-117.064067,395.072408,6.191960,2.671502,6,1
62385.000000,33.577963,-117.064068,394.460950,6.212552,2.666336,6,1
62400.000000,33.577963,-117.064068,394.385189,6.053965,2.661175,6,1
62415.000000,33.577962,-117.064069,394.183277,5.872702,2.656021,6,1
62430.000000,33.577964,-117.064070,394.390965,5.768779,2.650874,6,1
62445.000000,33.577967,-117.064072,394.510855,5.515156,2.645733,6,1
62460.000000,33.577966,-117.064073,394.967801,5.348119,2.640599,6,1
62475.000000,33.577966,-117.064074,394.327276,5.437601,2.635473,6,1
62490.000000,33.577965,-117.064073,394.600295,5.338583,2.630355,6,1
62505.000000,33.577968,-117.064075,393.961701,5.232759,2.625244,6,1
62520.000000,33.577968,-117.064077,394.723361,4.981461,2.620142,6,1
62535.000000,33.577967,-117.064076,394.992680,4.825944,2.615049,6,1
62550.000000,33.577970,-117.064078,394.702076,4.776859,2.609964,6,1
62565.000000,33.577971,-117.064078,394.837102,4.653852,2.604889,6,1
62580.000000,33.577971,-117.064078,394.551930,4.463378,2.599823,6,1
62595.000000,33.577971,-117.064080,394.553728,4.304307,2.594766,6,1
62610.000000,33.577971,-117.064079,394.592023,4.382225,2.589719,6,1
62625.000000,33.577973,-117.064081,394.159160,4.289029,2.584682,6,1
62640.000000,33.577976,-117.064082,393.815314,4.194497,2.579656,6,1
62655.000000,33.577975,-117.064081,393.489017,4.104014,2.574640,6,1
62670.000000,33.577975,-117.064085,394.078551,3.945192,2.569635,6,1
62685.000000,33.578303,-117.064292,493.587645,48.148920,2.211336,7,1
62700.000000,33.578307,-117.064295,493.510523,48.656279,2.211471,7,1
62715.000000,33.578307,-117.064297,492.837153,48.590880,2.211567,7,1
62730.000000,33.578309,-117.064296,491.533784,48.644812,2.211625,7,1
62745.000000,33.578309,-117.064298,490.916592,48.790429,2.211644,7,1
62760.000000,33.578313,-117.064299,490.288394,48.847436,2.211624,7,1
62775.000000,33.578312,-117.064302,489.535563,48.893072,2.211565,7,1
62790.000000,33.578313,-117.064303,489.470077,48.989819,2.211468,7,1
62805.000000,33.578315,-117.064304,487.939091,48.997004,2.211331,7,1
62820.000000,33.578314,-117.064306,488.139506,49.039661,2.211154,7,1
62835.000000,33.578317,-117.064307,487.138358,49.231612,2.210939,7,1
62850.000000,33.578318,-117.064310,486.871455,49.293877,2.210683,7,1
62865.000000,33.578322,-117.064311,485.055394,49.376621,2.210389,7,1
62880.000000,33.578320,-117.064313,485.295824,49.449272,2.210054,7,1
62895.000000,33.578327,-117.064313,482.929025,49.552633,2.209680,7,1
62910.000000,33.578322,-117.064317,483.358189,49.483211,2.209267,7,1
62925.000000,33.578327,-117.064317,481.565329,49.757078,2.208814,7,1
62940.000000,33.578327,-117.064317,481.357857,49.597878,2.208321,7,1
62955.000000,33.578328,-117.064318,480.629466,49.811477,2.207788,7,1
62970.000000,33.578326,-117.064322,480.196336,49.585154,2.207216,7,1
62985.000000,33.578330,-117.064324,479.099827,49.840722,2.206604,7,1
63000.000000,33.578332,-117.064326,478.111797,49.745526,2.205953,7,1
63015.000000,33.578336,-117.064328,476.574134,49.864364,2.205262,7,1
63030.000000,33.578336,-117.064329,476.085529,49.836453,2.204532,7,1
63045.000000,33.578335,-117.064331,475.935396,49.980399,2.203763,7,1
63060.000000,33.578335,-117.064332,475.121828,49.967358,2.202954,7,1
63075.000000,33.578338,-117.064334,473.800202,49.998562,2.202107,7,1
63090.000000,33.578338,-117.064334,472.968412,50.134618,2.201221,7,1
63105.000000,33.578341,-117.064336,472.096345,50.105629,2.200295,7,1
63120.000000,33.578342,-117.064338,470.962839,50.065880,2.199331,7,1
63135.000000,33.578345,-117.064340,470.649825,50.383342,2.198329,7,1
63150.000000,33.578341,-117.064342,470.774179,50.131464,2.197288,7,1
63165.000000,33.578346,-117.064344,468.566381,50.151448,2.196209,7,1
63180.000000,33.578349,-117.064348,468.464311,50.451250,2.195093,7,1
63195.000000,33.578352,-117.064348,466.634808,50.303822,2.193938,7,1
63210.000000,33.578351,-117.064351,466.446152,50.384590,2.192746,7,1
63225.000000,33.578356,-117.064352,464.922668,50.567360,2.191517,7,1
63240.000000,33.578339,-117.064286,477.359719,44.004871,1.729538,8,1
63255.000000,33.578340,-117.064292,475.034823,43.916283,1.728692,8,1
63270.000000,33.578336,-117.064283,477.346701,44.095597,1.727833,8,1
63285.000000,33.578338,-117.064280,477.613993,44.365965,1.726963,8,1
63300.000000,33.578341,-117.064289,475.912335,44.324636,1.726081,8,1
63315.000000,33.578343,-117.064282,475.689648,44.524818,1.725188,8,1
63330.000000,33.578345,-117.064292,473.688941,44.387446,1.724283,8,1
63345.000000,33.578345,-117.064291,473.502837,44.442109,1.723367,8,1
63360.000000,33.578343,-117.064287,473.962129,44.613978,1.722439,8,1
63375.000000,33.578346,-117.064294,472.350147,44.763539,1.721500,8,1
63390.000000,33.578344,-117.064294,472.594463,44.560171,1.720549,8,1
63405.000000,33.578344,-117.064284,473.502798,44.749821,1.719587,8,1
63420.000000,33.578344,-117.064284,473.299313,44.745475,1.718614,8,1
63435.000000,33.578347,-117.064285,471.215919,44.826822,1.717630,8,1
63450.000000,33.578349,-117.064283,470.846879,44.853118,1.716634,8,1
63465.000000,33.578347,-117.064279,471.216489,44.752772,1.715628,8,1
63480.000000,33.578350,-117.064296,468.490791,44.756642,1.714611,8,1
63495.000000,33.578349,-117.064299,468.115956,44.698715,1.713583,8,1
63510.000000,33.578348,-117.064285,469.511585,44.791973,1.712544,8,1
63525.000000,33.578349,-117.064285,468.710213,45.012819,1.711495,8,1
63540.000000,33.578351,-117.064294,467.313110,44.816946,1.710435,8,1
63555.000000,33.578352,-117.064280,468.419611,45.048634,1.709365,8,1
63570.000000,33.578352,-117.064281,468.431865,45.104220,1.708284,8,1
63585.000000,33.578356,-117.064290,465.981772,44.950983,1.707193,8,1
63600.000000,33.578358,-117.064292,465.066008,45.154915,1.706092,8,1
63615.000000,33.578354,-117.064286,465.997329,44.959875,1.704980,8,1
63630.000000,33.578352,-117.064283,466.632087,45.009957,1.703859,8,1
63645.000000,33.578358,-117.064293,463.700939,44.945931,1.702727,8,1
63660.000000,33.578359,-117.064288,463.708101,45.140890,1.701586,8,1
63675.000000,33.578357,-117.064283,463.789574,45.166791,1.700435,8,1
63690.000000,33.578357,-117.064286,462.986400,44.938278,1.699275,8,1
63705.000000,33.578357,-117.064285,462.616999,44.950853,1.698105,8,1
63720.000000,33.578359,-117.064287,461.315464,44.940326,1.696925,8,1
63735.000000,33.578358,-117.064282,462.351931,45.051099,1.695736,8,1
63750.000000,33.578361,-117.064286,460.897971,44.996643,1.694538,8,1
63765.000000,33.578357,-117.064287,461.185815,44.932230,1.693331,8,1
63780.000000,33.578357,-117.064292,460.472288,44.779353,1.692115,8,1
63795.000000,33.578360,-117.064285,460.038835,45.201985,1.690890,8,1
63810.000000,33.578362,-117.064284,460.221667,45.386850,1.689656,8,1
63825.000000,33.578360,-117.064284,460.297881,45.249936,1.688414,8,1
63840.000000,33.578361,-117.064293,458.702931,45.278330,1.687163,8,1
63855.000000,33.578365,-117.064293,457.568640,45.258708,1.685903,8,1
63870.000000,33.578366,-117.064289,457.501488,45.360415,1.684635,8,1
63885.000000,33.578367,-117.064288,456.669815,45.437199,1.683360,8,1
63900.000000,33.578367,-117.064288,456.564776,45.515628,1.682076,8,1
63915.000000,33.578365,-117.064292,455.774211,45.504608,1.680784,8,1
63930.000000,33.578369,-117.064293,454.656283,45.543631,1.679484,8,1
63945.000000,33.578366,-117.064287,456.187180,45.550504,1.678176,8,1
63960.000000,33.578370,-117.064281,455.303603,45.807169,1.676861,8,1
63975.000000,33.578370,-117.064284,454.044310,45.775155,1.675539,8,1
63990.000000,33.578366,-117.064291,454.323203,45.536779,1.674209,8,1
64005.000000,33.578370,-117.064295,452.547414,45.419717,1.672872,8,1
64020.000000,33.578366,-117.064295,452.979989,45.316601,1.671527,8,1
64035.000000,33.578370,-117.064292,452.350028,45.436931,1.670176,8,1
64050.000000,33.578368,-117.064293,451.988825,45.520087,1.668818,8,1
64065.000000,33.578366,-117.064286,453.136377,45.661682,1.667453,8,1
64080.000000,33.578371,-117.064289,451.232664,45.746567,1.666082,8,1
64095.000000,33.578368,-117.064286,451.574688,45.673584,1.664704,8,1
64110.000000,33.578373,-117.064289,450.388931,45.699716,1.663320,8,1
64125.000000,33.578374,-117.064288,449.914295,45.740057,1.661929,8,1
64140.000000,33.578370,-117.064286,450.089925,45.556951,1.660533,8,1
64155.000000,33.578373,-117.064288,448.712760,45.546125,1.659130,8,1
64170.000000,33.578374,-117.064293,448.101238,45.569400,1.657722,8,1
64185.000000,33.578374,-117.064292,447.938394,45.460748,1.656308,8,1
64200.000000,33.578375,-117.064294,446.921052,45.585755,1.654889,8,1
64215.000000,33.578375,-117.064292,446.262951,45.470026,1.653464,8,1
64230.000000,33.578376,-117.064292,445.969726,45.585428,1.652033,8,1
64245.000000,33.578374,-117.064290,446.317406,45.491992,1.650598,8,1
64260.000000,33.578376,-117.064295,445.348226,45.663297,1.649157,8,1
64275.000000,33.578375,-117.064292,445.331052,45.430620,1.647712,8,1
64290.000000,33.578374,-117.064293,444.722295,45.288634,1.646262,8,1
64305.000000,33.578376,-117.064291,444.485899,45.421254,1.644807,8,1
64320.000000,33.578375,-117.064289,444.866378,45.564349,1.643347,8,1
64335.000000,33.578378,-117.064292,443.629036,45.439628,1.641883,8,1
64350.000000,33.578376,-117.064295,443.066374,45.188863,1.640415,8,1
64365.000000,33.578376,-117.064291,443.338392,45.343791,1.638943,8,1
64380.000000,33.578375,-117.064293,442.351095,45.375826,1.637467,8,1
64395.000000,33.578187,-117.064386,484.600442,49.705985,2.369504,7,1
64410.000000,33.578189,-117.064382,483.540069,49.796884,2.365930,7,1
64425.000000,33.578190,-117.064381,483.106879,49.899260,2.362323,7,1
64440.000000,33.578191,-117.064381,482.065214,49.903918,2.358685,7,1
64455.000000,33.578195,-117.064380,481.125364,50.077155,2.355017,7,1
64470.000000,33.578198,-117.064378,480.335057,49.978759,2.351319,7,1
64485.000000,33.578200,-117.064378,479.152842,50.113015,2.347593,7,1
64500.000000,33.578203,-117.064375,477.984216,50.230578,2.343838,7,1
64515.000000,33.578205,-117.064375,476.995052,50.296913,2.340055,7,1
64530.000000,33.578209,-117.064377,475.537672,50.308022,2.336246,7,1
64545.000000,33.578215,-117.064376,474.693466,50.201304,2.332411,7,1
64560.000000,33.578216,-117.064375,473.694463,50.348065,2.328550,7,1
64575.000000,33.578220,-117.064371,472.908466,50.242483,2.324665,7,1
64590.000000,33.578222,-117.064372,471.582580,50.367348,2.320756,7,1
64605.000000,33.578224,-117.064371,470.629408,50.357276,2.316825,7,1
64620.000000,33.578228,-117.064370,469.940569,50.193976,2.312870,7,1
64635.000000,33.578230,-117.064369,468.932610,50.400361,2.308895,7,1
64650.000000,33.578232,-117.064368,468.504764,50.449775,2.304898,7,1
64665.000000,33.578236,-117.064367,467.215020,50.376785,2.300881,7,1
64680.000000,33.578234,-117.064366,467.049158,50.442282,2.296845,7,1
64695.000000,33.578238,-117.064368,465.689557,50.430610,2.292790,7,1
64710.000000,33.578240,-117.064367,464.865395,50.321168,2.288717,7,1
64725.000000,33.578242,-117.064362,464.476840,50.572922,2.284627,7,1
64740.000000,33.578244,-117.064366,462.905955,50.344662,2.280520,7,1
64755.000000,33.578244,-117.064365,462.519188,50.353126,2.276397,7,1
64770.000000,33.578248,-117.064363,461.592678,50.257359,2.272259,7,1
64785.000000,33.578251,-117.064364,460.374528,50.456114,2.268107,7,1
64800.000000,33.578252,-117.064363,459.820340,50.407395,2.263940,7,1
64815.000000,33.578251,-117.064363,459.421169,50.454253,2.259761,7,1
64830.000000,33.578256,-117.064362,458.302752,50.343783,2.255569,7,1
64845.000000,33.578258,-117.064362,457.120413,50.396360,2.251365,7,1
64860.000000,33.578259,-117.064358,456.989308,50.284895,2.247150,7,1
64875.000000,33.578261,-117.064357,456.221809,50.223467,2.242925,7,1
64890.000000,33.578266,-117.064357,454.940046,50.440399,2.238690,7,1
64905.000000,33.578266,-117.064355,454.256511,50.237482,2.234445,7,1
64920.000000,33.578269,-117.064356,453.322435,50.133372,2.230192,7,1
64935.000000,33.578271,-117.064355,452.720395,50.106254,2.225931,7,1
64950.000000,33.578271,-117.064354,452.214145,50.287987,2.221663,7,1
64965.000000,33.578272,-117.064353,451.457113,50.337386,2.217387,7,1
64980.000000,33.578271,-117.064354,450.782882,50.306032,2.213106,7,1
64995.000000,33.578278,-117.064354,449.845309,50.446244,2.208820,7,1
65010.000000,33.578276,-117.064351,449.340844,50.256915,2.204528,7,1
65025.000000,33.578278,-117.064352,448.549420,50.242919,2.200232,7,1
65040.000000,33.578280,-117.064351,447.516702,50.272624,2.195932,7,1
65055.000000,33.578281,-117.064350,446.794415,50.394967,2.191629,7,1
65070.000000,33.578283,-117.064351,445.915819,50.193685,2.187323,7,1
65085.000000,33.578286,-117.064350,445.598720,49.921306,2.183016,7,1
65100.000000,33.578286,-117.064349,444.718487,50.108465,2.178706,7,1
65115.000000,33.578286,-117.064351,443.805890,49.911713,2.174396,7,1
65130.000000,33.578293,-117.064348,442.740989,49.830778,2.170085,7,1
65145.000000,33.578292,-117.064348,442.673170,49.821953,2.165774,7,1
65160.000000,33.578292,-117.064347,441.898420,49.983298,2.161464,7,1
65175.000000,33.578294,-117.064347,441.323332,49.681328,2.157154,7,1
65190.000000,33.578295,-117.064348,440.569382,49.913547,2.152846,7,1
65205.000000,33.578297,-117.064346,440.055366,49.679260,2.148541,7,1
65220.000000,33.578296,-117.064347,439.844611,49.912937,2.144237,7,1
65235.000000,33.578299,-117.064346,439.184594,49.766580,2.139937,7,1
65250.000000,33.578298,-117.064345,438.666343,49.898008,2.135640,7,1
65265.000000,33.578303,-117.064343,437.788108,49.843287,2.131347,7,1
65280.000000,33.578300,-117.064343,437.242554,49.780222,2.127058,7,1
65295.000000,33.578303,-117.064342,436.547812,49.806526,2.122774,7,1
65310.000000,33.578301,-117.064342,435.635278,49.849360,2.118495,7,1
65325.000000,33.578305,-117.064340,435.631473,49.520546,2.114221,7,1
65340.000000,33.578302,-117.064342,434.613153,49.697421,2.109954,7,1
65355.000000,33.578305,-117.064342,434.021036,49.641240,2.105693,7,1
65370.000000,33.578304,-117.064342,433.139187,49.621998,2.101439,7,1
65385.000000,33.578303,-117.064343,432.835943,49.849623,2.097191,7,1
65400.000000,33.578306,-117.064341,432.029329,49.739885,2.092952,7,1
65415.000000,33.578307,-117.064342,431.499879,49.548835,2.088720,7,1
65430.000000,33.578312,-117.064340,430.267402,49.535572,2.084497,7,1
65445.000000,33.578315,-117.064340,430.399810,49.261407,2.080282,7,1
65460.000000,33.578312,-117.064341,430.113955,49.219448,2.076077,7,1
65475.000000,33.578313,-117.064339,429.832728,49.125421,2.071880,7,1
65490.000000,33.578311,-117.064338,429.720101,49.110546,2.067693,7,1
65505.000000,33.578313,-117.064340,428.701813,49.024786,2.063517,7,1
65520.000000,33.578314,-117.064339,428.360433,48.999201,2.059350,7,1
65535.000000,33.578315,-117.064339,428.025613,48.688239,2.055194,7,1
65550.000000,33.578316,-117.064338,427.320187,48.911473,2.051049,7,1
65565.000000,33.578313,-117.064338,427.208030,48.834166,2.046915,7,1
65580.000000,33.578312,-117.064340,427.057128,48.891364,2.042793,7,1
65595.000000,33.578316,-117.064339,425.858138,48.645636,2.038682,7,1
65610.000000,33.578192,-117.064310,453.996629,44.071218,1.664738,8,1
65625.000000,33.578191,-117.064306,453.733970,44.329404,1.664201,8,1
65640.000000,33.578193,-117.064307,452.837496,44.162293,1.663649,8,1
65655.000000,33.578191,-117.064305,452.872562,44.121667,1.663081,8,1
65670.000000,33.578194,-117.064306,451.665791,44.034836,1.662498,8,1
65685.000000,33.578194,-117.064305,452.324047,43.827572,1.661899,8,1
65700.000000,33.578195,-117.064303,451.044546,43.954673,1.661286,8,1
65715.000000,33.578197,-117.064303,450.391388,43.880113,1.660658,8,1
65730.000000,33.578199,-117.064302,450.385987,43.644858,1.660015,8,1
65745.000000,33.578194,-117.064306,449.497680,43.891362,1.659358,8,1
65760.000000,33.578202,-117.064299,449.597263,43.579119,1.658686,8,1
65775.000000,33.578200,-117.064299,448.279027,43.655316,1.658000,8,1
65790.000000,33.578199,-117.064300,448.300029,43.707071,1.657299,8,1
65805.000000,33.578201,-117.064300,448.523252,43.555331,1.656585,8,1
65820.000000,33.578199,-117.064299,446.626859,43.729003,1.655857,8,1
65835.000000,33.578204,-117.064297,447.632548,43.363798,1.655115,8,1
65850.000000,33.578200,-117.064298,446.341310,43.638355,1.654360,8,1
65865.000000,33.578209,-117.064295,445.906002,43.220954,1.653591,8,1
65880.000000,33.578204,-117.064296,445.973670,43.375859,1.652809,8,1
65895.000000,33.578202,-117.064296,445.316610,43.345052,1.652013,8,1
65910.000000,33.578208,-117.064293,444.608084,43.207897,1.651205,8,1
65925.000000,33.578203,-117.064293,444.543587,43.554981,1.650384,8,1
65940.000000,33.578208,-117.064295,444.276021,42.914578,1.649551,8,1
65955.000000,33.578207,-117.064292,443.998315,43.129125,1.648705,8,1
65970.000000,33.578205,-117.064293,443.160897,43.252320,1.647847,8,1
65985.000000,33.578717,-117.064214,502.152316,23.866175,1.974140,7,1
66000.000000,33.578721,-117.064213,501.195958,23.560946,1.976965,7,1
66015.000000,33.578720,-117.064210,501.947313,23.892745,1.979808,7,1
66030.000000,33.578720,-117.064209,502.006848,23.820044,1.982670,7,1
66045.000000,33.578724,-117.064210,501.259059,23.697653,1.985550,7,1
66060.000000,33.578725,-117.064207,501.912778,24.016715,1.988449,7,1
66075.000000,33.578724,-117.064207,501.750730,24.017451,1.991367,7,1
66090.000000,33.578727,-117.064205,501.588421,23.767301,1.994303,7,1
66105.000000,33.578727,-117.064205,501.643120,23.823061,1.997257,7,1
66120.000000,33.578575,-117.064262,485.280188,23.427885,1.670083,8,1
66135.000000,33.578579,-117.064260,485.090491,23.321174,1.670634,8,1
66150.000000,33.578584,-117.064258,485.947121,23.098253,1.671186,8,1
66165.000000,33.578582,-117.064256,485.037204,23.300088,1.671740,8,1
66180.000000,33.578574,-117.064259,483.420036,23.583959,1.672296,8,1
66195.000000,33.578580,-117.064258,484.597376,23.200698,1.672853,8,1
66210.000000,33.578585,-117.064255,484.387239,23.207155,1.673413,8,1
66225.000000,33.578579,-117.064257,483.577739,23.439686,1.673975,8,1
66240.000000,33.578586,-117.064256,483.992099,23.254434,1.674539,8,1
66255.000000,33.578585,-117.064253,483.693788,23.302284,1.675106,8,1
66270.000000,33.578580,-117.064257,483.039148,23.365709,1.675674,8,1
66285.000000,33.578596,-117.064247,484.120624,22.981586,1.676245,8,1
66300.000000,33.578589,-117.064250,483.403938,23.157451,1.676819,8,1
66315.000000,33.578580,-117.064252,481.344987,23.612975,1.677395,8,1
66330.000000,33.578591,-117.064247,483.225284,23.187864,1.677973,8,1
66345.000000,33.578595,-117.064247,483.348033,22.982590,1.678553,8,1
66360.000000,33.578580,-117.064252,481.429701,23.553826,1.679137,8,1
66375.000000,33.578592,-117.064247,482.276371,23.231323,1.679723,8,1
66390.000000,33.578597,-117.064242,482.729225,23.374100,1.680311,8,1
66405.000000,33.578580,-117.064252,480.756432,23.668720,1.680903,8,1
66420.000000,33.578597,-117.064242,482.137757,23.243144,1.681497,8,1
66435.000000,33.578600,-117.064242,482.167598,23.064995,1.682094,8,1
66450.000000,33.578581,-117.064249,480.403956,23.585119,1.682693,8,1
66465.000000,33.578600,-117.064240,481.631177,23.223563,1.683296,8,1
66480.000000,33.578600,-117.064241,481.723619,23.171972,1.683901,8,1
66495.000000,33.578586,-117.064244,479.434275,23.682494,1.684509,8,1
66510.000000,33.578600,-117.064238,481.692549,23.214588,1.685120,8,1
66525.000000,33.578602,-117.064237,481.186152,23.182879,1.685734,8,1
66540.000000,33.578589,-117.064242,478.892883,23.726548,1.686351,8,1
66555.000000,33.578600,-117.064238,481.190446,23.172229,1.686971,8,1
66570.000000,33.578601,-117.064234,480.288487,23.455643,1.687594,8,1
66585.000000,33.578589,-117.064238,479.378448,23.716491,1.688220,8,1
66600.000000,33.578599,-117.064235,480.084794,23.420259,1.688849,8,1
66615.000000,33.578600,-117.064236,479.253264,23.280628,1.689481,8,1
66630.000000,33.578587,-117.064238,478.981186,23.711232,1.690117,8,1
66645.000000,33.578601,-117.064231,479.294842,23.423327,1.690755,8,1
66660.000000,33.578597,-117.064235,479.213838,23.303095,1.691396,8,1
66675.000000,33.578589,-117.064234,477.647630,23.838237,1.692040,8,1
66690.000000,33.578600,-117.064230,479.217295,23.417374,1.692688,8,1
66705.000000,33.578592,-117.064233,477.944747,23.589284,1.693338,8,1
66720.000000,33.578598,-117.064230,477.871209,23.555498,1.693992,8,1
66735.000000,33.578595,-117.064232,478.031495,23.469186,1.694648,8,1
66750.000000,33.578599,-117.064225,478.188536,23.711238,1.695308,8,1
66765.000000,33.578593,-117.064231,477.880487,23.660551,1.695970,8,1
66780.000000,33.578596,-117.064228,477.211861,23.854014,1.696636,8,1
66795.000000,33.578597,-117.064228,477.281358,23.685710,1.697304,8,1
66810.000000,33.578597,-117.064226,477.540043,23.617464,1.697976,8,1
66825.000000,33.578594,-117.064228,476.623078,23.642022,1.698650,8,1
66840.000000,33.578597,-117.064224,477.821955,23.562848,1.699327,8,1
66855.000000,33.578594,-117.064226,476.173436,23.737867,1.700007,8,1
66870.000000,33.578599,-117.064226,476.342409,23.472179,1.700690,8,1
66885.000000,33.578602,-117.064222,477.086972,23.651150,1.701376,8,1
66900.000000,33.578587,-117.064227,475.949936,24.055448,1.702065,8,1
66915.000000,33.578605,-117.064218,476.899571,23.602954,1.702756,8,1
66930.000000,33.578593,-117.064224,475.192437,23.874115,1.703450,8,1
66945.000000,33.578594,-117.064223,475.536219,23.892050,1.704146,8,1
66960.000000,33.578595,-117.064222,475.960037,23.884719,1.704845,8,1
66975.000000,33.578586,-117.064224,474.639722,24.191009,1.705547,8,1
66990.000000,33.578597,-117.064221,475.730014,23.751882,1.706251,8,1
67005.000000,33.578590,-117.064222,475.104383,23.988956,1.706957,8,1
67020.000000,33.578590,-117.064221,474.784301,24.124286,1.707666,8,1
67035.000000,33.578600,-117.064217,475.398475,23.802218,1.708377,8,1
67050.000000,33.578588,-117.064217,473.892969,24.262854,1.709090,8,1
67065.000000,33.578600,-117.064214,474.989656,23.955983,1.709806,8,1
67080.000000,33.578593,-117.064215,474.655834,24.093654,1.710523,8,1
67095.000000,33.578588,-117.064218,473.255269,24.320284,1.711242,8,1
67110.000000,33.578594,-117.064214,474.608099,24.042163,1.711963,8,1
67125.000000,33.578587,-117.064217,473.377334,24.234753,1.712687,8,1
67140.000000,33.578593,-117.064214,474.174510,24.145847,1.713411,8,1
67155.000000,33.578591,-117.064212,473.002386,24.299608,1.714137,8,1
67170.000000,33.578590,-117.064214,473.400333,24.280376,1.714865,8,1
67185.000000,33.578593,-117.064210,472.805052,24.242959,1.715594,8,1
67200.000000,33.578589,-117.064210,472.787539,24.379933,1.716325,8,1
67215.000000,33.578589,-117.064209,472.727989,24.469807,1.717056,8,1
67230.000000,33.578585,-117.064214,472.508062,24.406809,1.717789,8,1
67245.000000,33.578585,-117.064210,472.059996,24.482922,1.718523,8,1
67260.000000,33.578587,-117.064209,472.077582,24.439489,1.719257,8,1
67275.000000,33.578584,-117.064208,471.737584,24.453753,1.719992,8,1
67290.000000,33.578590,-117.064207,471.661623,24.505436,1.720728,8,1
67305.000000,33.578587,-117.064206,471.157619,24.657893,1.721464,8,1
67320.000000,33.578587,-117.064205,470.891796,24.763938,1.722201,8,1
67335.000000,33.578588,-117.064205,470.397870,24.751329,1.722938,8,1
67350.000000,33.578587,-117.064205,470.148757,24.761159,1.723674,8,1
67365.000000,33.578587,-117.064203,470.211963,24.766954,1.724411,8,1
67380.000000,33.578587,-117.064201,469.789429,24.763398,1.725148,8,1
67395.000000,33.578585,-117.064202,469.560416,24.869666,1.725884,8,1
67410.000000,33.578586,-117.064202,470.302972,24.757827,1.726619,8,1
67425.000000,33.578582,-117.064206,469.433646,24.782755,1.727354,8,1
67440.000000,33.578582,-117.064203,469.777163,24.683302,1.728088,8,1
67455.000000,33.578582,-117.064202,468.553845,24.889833,1.728821,8,1
67470.000000,33.578584,-117.064202,468.600063,24.891308,1.729553,8,1
67485.000000,33.578584,-117.064201,468.342502,24.969324,1.730283,8,1
67500.000000,33.578579,-117.064203,468.776094,24.888317,1.731012,8,1
67515.000000,33.578584,-117.064200,468.415832,24.921360,1.731739,8,1
67530.000000,33.578573,-117.064207,467.930421,24.897450,1.732465,8,1
67545.000000,33.578584,-117.064197,468.018772,25.113252,1.733188,8,1
67560.000000,33.578577,-117.064201,467.335690,25.167576,1.733909,8,1
67575.000000,33.578577,-117.064199,467.316902,25.103139,1.734627,8,1
67590.000000,33.578574,-117.064202,467.163104,25.123437,1.735343,8,1
67605.000000,33.578576,-117.064200,467.203341,25.100979,1.736056,8,1
67620.000000,33.578574,-117.064200,466.875723,25.104162,1.736766,8,1
67635.000000,33.578572,-117.064202,467.230179,25.088400,1.737472,8,1
67650.000000,33.578574,-117.064197,466.850454,25.230662,1.738176,8,1
67665.000000,33.578572,-117.064198,466.524912,25.237014,1.738875,8,1
67680.000000,33.578569,-117.064200,466.871402,25.107735,1.739571,8,1
67695.000000,33.578567,-117.064200,465.796370,25.197156,1.740262,8,1
67710.000000,33.578569,-117.064200,465.751431,25.263026,1.740950,8,1
67725.000000,33.578566,-117.064198,464.814998,25.300544,1.741632,8,1
67740.000000,33.578566,-117.064196,464.995367,25.438516,1.742310,8,1
67755.000000,33.578565,-117.064196,464.498258,25.571915,1.742983,8,1
67770.000000,33.578565,-117.064194,464.273326,25.642280,1.743651,8,1
67785.000000,33.578563,-117.064195,464.120256,25.596350,1.744313,8,1
67800.000000,33.578559,-117.064195,463.896222,25.678637,1.744970,8,1
67815.000000,33.578564,-117.064193,463.089413,25.673646,1.745620,8,1
67830.000000,33.578558,-117.064193,463.138603,25.724346,1.746265,8,1
67845.000000,33.578559,-117.064193,462.704204,25.783000,1.746903,8,1
67860.000000,33.578559,-117.064191,461.462759,25.919800,1.747534,8,1
67875.000000,33.578553,-117.064196,463.181363,25.677485,1.748159,8,1
67890.000000,33.578553,-117.064194,461.841444,25.770778,1.748776,8,1
67905.000000,33.578554,-117.064193,461.958093,25.901406,1.749386,8,1
67920.000000,33.578548,-117.064197,462.040749,25.723103,1.749988,8,1
67935.000000,33.578556,-117.064189,460.639798,26.001584,1.750583,8,1
67950.000000,33.578548,-117.064195,461.575227,25.822314,1.751169,8,1
67965.000000,33.578549,-117.064193,460.800282,26.027447,1.751747,8,1
67980.000000,33.578549,-117.064191,460.068357,26.025958,1.752316,8,1
67995.000000,33.578544,-117.064194,460.625736,25.914199,1.752876,8,1
68010.000000,33.578547,-117.064189,459.704872,26.096608,1.753427,8,1
68025.000000,33.578542,-117.064194,460.246899,26.006584,1.753968,8,1
68040.000000,33.578539,-117.064195,460.201364,26.046264,1.754500,8,1
68055.000000,33.578542,-117.064189,459.512280,26.071254,1.755022,8,1
68070.000000,33.578535,-117.064195,459.497662,26.017197,1.755533,8,1
68085.000000,33.578538,-117.064191,458.443542,26.112156,1.756034,8,1
68100.000000,33.578536,-117.064192,458.752150,26.191473,1.756524,8,1
68115.000000,33.578536,-117.064190,458.582781,26.203308,1.757004,8,1
68130.000000,33.578535,-117.064190,458.064031,26.255721,1.757471,8,1
68145.000000,33.578532,-117.064191,457.463375,26.196422,1.757927,8,1
68160.000000,33.578531,-117.064191,457.705970,26.192404,1.758372,8,1
68175.000000,33.578527,-117.064191,456.637621,26.312706,1.758804,8,1
68190.000000,33.578528,-117.064192,456.944745,26.339143,1.759223,8,1
68205.000000,33.578522,-117.064193,456.402892,26.395958,1.759630,8,1
68220.000000,33.578527,-117.064188,455.506214,26.496063,1.760024,8,1
68235.000000,33.578522,-117.064189,455.101790,26.471808,1.760405,8,1
68250.000000,33.578520,-117.064191,455.270483,26.451409,1.760772,8,1
68265.000000,33.578378,-117.064337,484.996759,28.191739,2.493139,7,1
68280.000000,33.578378,-117.064336,483.918066,28.309458,2.494582,7,1
68295.000000,33.578377,-117.064335,483.862430,28.363011,2.496000,7,1
68310.000000,33.578373,-117.064335,483.578245,28.321404,2.497395,7,1
68325.000000,33.578375,-117.064333,483.558502,28.342585,2.498765,7,1
68340.000000,33.578371,-117.064333,483.100912,28.322562,2.500111,7,1
68355.000000,33.578371,-117.064332,482.661484,28.425267,2.501432,7,1
68370.000000,33.578367,-117.064334,482.616506,28.467461,2.502728,7,1
68385.000000,33.578367,-117.064332,481.955478,28.642781,2.503999,7,1
68400.000000,33.578371,-117.064329,481.406911,28.664099,2.505245,7,1
68415.000000,33.578371,-117.064328,480.922526,28.790252,2.506466,7,1
68430.000000,33.578372,-117.064326,480.141439,28.888551,2.507660,7,1
68445.000000,33.578367,-117.064328,479.935346,28.954356,2.508829,7,1
68460.000000,33.578369,-117.064326,479.218360,29.137246,2.509972,7,1
68475.000000,33.578366,-117.064325,478.821310,29.046097,2.511089,7,1
68490.000000,33.578367,-117.064323,478.156247,29.187094,2.512179,7,1
68505.000000,33.578366,-117.064324,478.007786,29.266959,2.513243,7,1
68520.000000,33.578361,-117.064324,477.939579,29.184830,2.514280,7,1
68535.000000,33.578364,-117.064322,477.497170,29.366087,2.515290,7,1
68550.000000,33.578361,-117.064321,477.199600,29.311086,2.516273,7,1
68565.000000,33.578358,-117.064321,476.908254,29.315239,2.517229,7,1
68580.000000,33.578358,-117.064320,476.160712,29.397429,2.518157,7,1
68595.000000,33.578355,-117.064319,475.970729,29.397906,2.519057,7,1
68610.000000,33.578358,-117.064317,475.563315,29.549954,2.519930,7,1
68625.000000,33.578352,-117.064320,475.351478,29.472216,2.520774,7,1
68640.000000,33.578352,-117.064317,474.587125,29.496082,2.521591,7,1
68655.000000,33.578352,-117.064317,473.702299,29.546465,2.522379,7,1
68670.000000,33.578350,-117.064316,473.382495,29.597483,2.523139,7,1
68685.000000,33.578354,-117.064311,472.308439,29.847431,2.523870,7,1
68700.000000,33.578350,-117.064313,472.050938,29.813143,2.524572,7,1
68715.000000,33.578345,-117.064313,471.834575,29.815715,2.525245,7,1
68730.000000,33.578345,-117.064313,471.250450,29.871021,2.525889,7,1
68745.000000,33.578342,-117.064313,470.942238,29.825505,2.526504,7,1
68760.000000,33.578339,-117.064313,470.661618,29.874899,2.527089,7,1
68775.000000,33.578339,-117.064313,469.990160,29.924025,2.527645,7,1
68790.000000,33.578335,-117.064313,469.420231,29.910623,2.528171,7,1
68805.000000,33.578338,-117.064309,468.977603,29.952981,2.528667,7,1
68820.000000,33.578333,-117.064312,468.767310,30.024892,2.529133,7,1
68835.000000,33.578332,-117.064311,468.321570,30.057308,2.529569,7,1
68850.000000,33.578328,-117.064312,468.101109,29.995817,2.529975,7,1
68865.000000,33.578327,-117.064312,467.264946,30.035938,2.530351,7,1
68880.000000,33.578328,-117.064309,466.446861,30.109754,2.530696,7,1
68895.000000,33.578329,-117.064306,466.082664,30.148677,2.531010,7,1
68910.000000,33.578325,-117.064308,465.427587,30.133473,2.531294,7,1
68925.000000,33.578325,-117.064305,464.619217,30.316081,2.531547,7,1
68940.000000,33.578321,-117.064307,464.558932,30.278764,2.531769,7,1
68955.000000,33.578321,-117.064307,463.829885,30.305928,2.531960,7,1
68970.000000,33.578321,-117.064304,463.283547,30.328586,2.532120,7,1
68985.000000,33.578315,-117.064306,463.178168,30.258975,2.532249,7,1
69000.000000,33.578314,-117.064307,462.961472,30.225483,2.532346,7,1
69015.000000,33.578315,-117.064304,462.281401,30.320031,2.532412,7,1
69030.000000,33.578312,-117.064303,461.287176,30.387290,2.532447,7,1
69045.000000,33.578309,-117.064303,460.882906,30.312704,2.532451,7,1
69060.000000,33.578308,-117.064302,460.009388,30.422854,2.532423,7,1
69075.000000,33.578395,-117.064263,475.605098,28.175677,2.357924,8,1
69090.000000,33.578393,-117.064262,475.156697,28.211999,2.358358,8,1
69105.000000,33.578395,-117.064261,474.180023,28.350960,2.358774,8,1
69120.000000,33.578390,-117.064261,473.299315,28.197266,2.359173,8,1
69135.000000,33.578387,-117.064261,473.354822,28.143227,2.359554,8,1
69150.000000,33.578390,-117.064257,473.056412,28.421661,2.359917,8,1
69165.000000,33.578383,-117.064260,471.785514,28.189670,2.360262,8,1
69180.000000,33.578382,-117.064258,471.280574,28.158787,2.360590,8,1
69195.000000,33.578386,-117.064256,471.510896,28.398238,2.360899,8,1
69210.000000,33.578390,-117.064252,472.301705,28.697190,2.361191,8,1
69225.000000,33.578382,-117.064255,470.649798,28.322484,2.361464,8,1
69240.000000,33.578380,-117.064254,470.899737,28.372704,2.361719,8,1
69255.000000,33.578389,-117.064249,471.774377,28.886179,2.361955,8,1
69270.000000,33.578384,-117.064249,469.984543,28.792652,2.362174,8,1
69285.000000,33.578382,-117.064248,469.528610,28.696525,2.362373,8,1
69300.000000,33.578388,-117.064245,469.351427,29.091357,2.362554,8,1
69315.000000,33.578384,-117.064246,468.554398,28.887953,2.362716,8,1
69330.000000,33.578377,-117.064247,467.954219,28.641483,2.362860,8,1
69345.000000,33.578382,-117.064243,468.388251,28.956287,2.362984,8,1
69360.000000,33.578380,-117.064243,468.272017,29.034144,2.363089,8,1
69375.000000,33.578376,-117.064244,466.670853,28.910138,2.363176,8,1
69390.000000,33.578375,-117.064244,467.131040,28.975306,2.363243,8,1
69405.000000,33.578377,-117.064239,466.782524,29.187814,2.363290,8,1
69420.000000,33.578370,-117.064242,465.563113,28.797676,2.363319,8,1
69435.000000,33.578374,-117.064240,465.673283,29.126697,2.363328,8,1
69450.000000,33.578374,-117.064237,464.886705,29.266850,2.363317,8,1
69465.000000,33.578369,-117.064240,464.427973,29.036921,2.363287,8,1
69480.000000,33.578370,-117.064239,463.988396,29.124901,2.363237,8,1
69495.000000,33.578372,-117.064235,464.214318,29.348936,2.363168,8,1
69510.000000,33.578367,-117.064235,463.188244,29.098845,2.363078,8,1
69525.000000,33.578371,-117.064232,463.409432,29.414341,2.362968,8,1
69540.000000,33.578368,-117.064232,463.144155,29.374156,2.362839,8,1
69555.000000,33.578366,-117.064230,462.754508,29.353407,2.362689,8,1
69570.000000,33.578367,-117.064229,462.563492,29.550816,2.362519,8,1
69585.000000,33.578359,-117.064231,461.366453,29.078427,2.362329,8,1
69600.000000,33.578367,-117.064226,460.621078,29.548544,2.362118,8,1
69615.000000,33.578363,-117.064228,459.185672,29.428065,2.361887,8,1
69630.000000,33.578362,-117.064227,459.375628,29.454085,2.361635,8,1
69645.000000,33.578365,-117.064225,458.614155,29.654241,2.361363,8,1
69660.000000,33.578361,-117.064226,458.376800,29.432714,2.361070,8,1
69675.000000,33.578363,-117.064224,458.570187,29.584011,2.360756,8,1
69690.000000,33.578361,-117.064224,458.270354,29.611010,2.360422,8,1
69705.000000,33.578357,-117.064224,457.472410,29.432035,2.360067,8,1
69720.000000,33.578356,-117.064222,457.120550,29.531275,2.359691,8,1
69735.000000,33.578357,-117.064219,456.597388,29.638761,2.359294,8,1
69750.000000,33.578353,-117.064222,455.810713,29.558433,2.358875,8,1
69765.000000,33.578356,-117.064218,456.061298,29.780243,2.358436,8,1
69780.000000,33.578346,-117.064222,454.538099,29.350998,2.357976,8,1
69795.000000,33.578356,-117.064216,455.217215,30.003641,2.357494,8,1
69810.000000,33.578352,-117.064218,453.998383,29.840155,2.356991,8,1
69825.000000,33.578350,-117.064217,453.780599,29.822711,2.356467,8,1
69840.000000,33.578352,-117.064215,453.308505,29.847156,2.355922,8,1
69855.000000,33.578348,-117.064214,452.407919,29.740689,2.355355,8,1
69870.000000,33.578350,-117.064212,452.589873,30.000440,2.354767,8,1
69885.000000,33.578348,-117.064214,451.218492,29.923453,2.354158,8,1
69900.000000,33.578344,-117.064213,451.423572,29.826311,2.353527,8,1
69915.000000,33.578342,-117.064212,451.206944,29.777639,2.352875,8,1
69930.000000,33.578341,-117.064211,450.481065,29.787822,2.352201,8,1
69945.000000,33.578342,-117.064209,451.003295,30.023117,2.351506,8,1
69960.000000,33.578338,-117.064211,449.431826,29.721444,2.350789,8,1
69975.000000,33.578339,-117.064210,448.614971,29.864545,2.350051,8,1
69990.000000,33.578335,-117.064210,448.957040,29.790069,2.349291,8,1
70005.000000,33.578335,-117.064212,447.828053,30.031212,2.348510,8,1
70020.000000,33.578335,-117.064209,447.754565,29.992298,2.347707,8,1
70035.000000,33.578336,-117.064208,447.165824,30.095135,2.346882,8,1
70050.000000,33.578333,-117.064209,446.721114,29.908773,2.346037,8,1
70065.000000,33.578330,-117.064208,445.989851,29.973296,2.345169,8,1
70080.000000,33.578332,-117.064207,445.784422,30.108205,2.344280,8,1
70095.000000,33.578329,-117.064205,445.452940,29.851358,2.343370,8,1
70110.000000,33.578328,-117.064203,445.239538,30.098768,2.342439,8,1
70125.000000,33.578324,-117.064205,444.543133,29.874761,2.341485,8,1
70140.000000,33.578327,-117.064202,443.514874,30.064226,2.340511,8,1
70155.000000,33.578327,-117.064203,442.988802,30.061378,2.339515,8,1
70170.000000,33.578326,-117.064201,442.668952,30.081679,2.338498,8,1
70185.000000,33.578323,-117.064200,442.384366,29.945864,2.337460,8,1
70200.000000,33.578321,-117.064202,441.850395,29.937703,2.336401,8,1
70215.000000,33.578321,-117.064200,441.830430,30.001634,2.335320,8,1
70230.000000,33.578320,-117.064200,441.072841,30.042566,2.334218,8,1
70245.000000,33.578320,-117.064198,440.321136,30.006151,2.333096,8,1
70260.000000,33.578319,-117.064199,439.834583,30.024750,2.331952,8,1
70275.000000,33.578314,-117.064200,440.214089,29.804038,2.330788,8,1
70290.000000,33.578315,-117.064198,439.379609,29.845576,2.329603,8,1
70305.000000,33.578315,-117.064199,438.548180,29.871954,2.328397,8,1
70320.000000,33.578313,-117.064198,438.605299,29.869626,2.327170,8,1
70335.000000,33.578313,-117.064198,437.898511,30.037887,2.325923,8,1
70350.000000,33.578313,-117.064196,437.190706,30.011188,2.324655,8,1
70365.000000,33.578311,-117.064196,436.198948,29.901046,2.323367,8,1
70380.000000,33.578310,-117.064195,436.187728,29.977077,2.322059,8,1
70395.000000,33.578309,-117.064195,436.145649,29.965383,2.320731,8,1
70410.000000,33.578305,-117.064195,435.695454,29.638827,2.319382,8,1
70425.000000,33.578306,-117.064194,435.047978,29.839651,2.318014,8,1
70440.000000,33.578304,-117.064194,434.552717,29.745866,2.316626,8,1
70455.000000,33.578304,-117.064193,434.596466,29.895642,2.315218,8,1
70470.000000,33.578303,-117.064195,433.291502,29.834433,2.313791,8,1
70485.000000,33.578300,-117.064193,432.898223,29.778679,2.312344,8,1
70500.000000,33.578298,-117.064194,432.990531,29.643790,2.310878,8,1
70515.000000,33.578300,-117.064193,432.567005,29.756009,2.309392,8,1
70530.000000,33.578297,-117.064193,431.900820,29.601535,2.307888,8,1
70545.000000,33.578295,-117.064192,431.730432,29.618558,2.306365,8,1
70560.000000,33.578294,-117.064194,430.926818,29.543020,2.304823,8,1
70575.000000,33.578294,-117.064192,431.012563,29.665066,2.303262,8,1
70590.000000,33.578293,-117.064193,429.983352,29.610012,2.301683,8,1
70605.000000,33.578293,-117.064191,429.420581,29.689817,2.300086,8,1
70620.000000,33.578291,-117.064193,429.426953,29.638680,2.298471,8,1
70635.000000,33.578290,-117.064193,429.015703,29.636178,2.296838,8,1
70650.000000,33.578287,-117.064192,428.893097,29.413215,2.295187,8,1
70665.000000,33.578285,-117.064191,427.884651,29.281610,2.293518,8,1
70680.000000,33.578284,-117.064190,427.863760,29.376884,2.291832,8,1
70695.000000,33.578283,-117.064191,427.848563,29.282320,2.290129,8,1
70710.000000,33.578283,-117.064190,426.867478,29.375559,2.288409,8,1
70725.000000,33.578280,-117.064189,426.980018,29.206008,2.286672,8,1
70740.000000,33.578279,-117.064191,426.468357,29.269316,2.284918,8,1
70755.000000,33.578278,-117.064192,425.830399,29.232978,2.283148,8,1
70770.000000,33.578277,-117.064192,424.900261,29.176818,2.281362,8,1
70785.000000,33.578276,-117.064191,425.109100,29.259462,2.279559,8,1
70800.000000,33.578276,-117.064191,424.308234,29.156581,2.277741,8,1
70815.000000,33.578275,-117.064190,424.074563,29.025274,2.275907,8,1
70830.000000,33.578272,-117.064191,423.727141,28.959357,2.274058,8,1
70845.000000,33.578271,-117.064191,422.970534,28.831670,2.272193,8,1
70860.000000,33.578270,-117.064189,422.779342,28.893865,2.270313,8,1
70875.000000,33.578268,-117.064191,422.526286,28.842155,2.268419,8,1
70890.000000,33.578269,-117.064190,421.981498,29.061014,2.266509,8,1
70905.000000,33.578266,-117.064191,421.626695,28.879675,2.264586,8,1
70920.000000,33.578265,-117.064190,421.082098,28.801615,2.262648,8,1
70935.000000,33.578264,-117.064190,420.475887,28.752363,2.260697,8,1
70950.000000,33.578263,-117.064190,420.439965,28.735534,2.258731,8,1
70965.000000,33.578261,-117.064189,419.759300,28.578394,2.256752,8,1
70980.000000,33.578260,-117.064189,419.645893,28.633068,2.254760,8,1
70995.000000,33.578260,-117.064190,418.868974,28.608387,2.252755,8,1
71010.000000,33.578255,-117.064191,419.698229,28.335009,2.250737,8,1
71025.000000,33.578254,-117.064192,419.116492,28.222673,2.248707,8,1
71040.000000,33.578256,-117.064191,418.457148,28.305516,2.246664,8,1
71055.000000,33.578253,-117.064191,418.170155,28.298253,2.244609,8,1
71070.000000,33.578253,-117.064191,417.847559,28.136559,2.242542,8,1
71085.000000,33.578252,-117.064192,417.273142,27.840651,2.240464,8,1
71100.000000,33.578250,-117.064193,417.062267,27.809610,2.238374,8,1
71115.000000,33.578248,-117.064195,417.210904,27.786392,2.236273,8,1
71130.000000,33.578248,-117.064196,416.387811,27.820449,2.234161,8,1
71145.000000,33.578245,-117.064194,416.325684,27.640236,2.232039,8,1
71160.000000,33.578245,-117.064192,416.167888,27.702519,2.229906,8,1
71175.000000,33.578243,-117.064194,415.964027,27.621451,2.227763,8,1
71190.000000,33.578242,-117.064196,415.429739,27.620200,2.225610,8,1
71205.000000,33.578241,-117.064196,414.932186,27.405263,2.223447,8,1
71220.000000,33.578241,-117.064195,414.507939,27.342745,2.221275,8,1
71235.000000,33.578241,-117.064194,414.313313,27.441540,2.219094,8,1
71250.000000,33.578239,-117.064195,414.187111,27.281203,2.216903,8,1
71265.000000,33.578237,-117.064196,414.000953,27.220250,2.214704,8,1
71280.000000,33.578234,-117.064196,414.009542,27.083390,2.212496,8,1
71295.000000,33.578233,-117.064195,413.503041,27.047701,2.210281,8,1
71310.000000,33.578233,-117.064196,413.288567,27.028424,2.208057,8,1
71325.000000,33.578231,-117.064197,412.856140,26.837504,2.205825,8,1
71340.000000,33.578232,-117.064198,412.457848,26.868756,2.203586,8,1
71355.000000,33.578230,-117.064198,412.147432,26.811378,2.201340,8,1
71370.000000,33.578229,-117.064198,411.403554,26.847783,2.199086,8,1
71385.000000,33.578227,-117.064197,411.570780,26.658391,2.196826,8,1
71400.000000,33.578226,-117.064197,411.503246,26.607987,2.194559,8,1
71415.000000,33.578224,-117.064199,411.447505,26.525117,2.192286,8,1
71430.000000,33.578224,-117.064199,411.021274,26.548417,2.190007,8,1
71445.000000,33.578224,-117.064200,411.155390,26.401801,2.187722,8,1
71460.000000,33.578223,-117.064199,410.530255,26.414126,2.185431,8,1
71475.000000,33.578222,-117.064201,409.708063,26.371489,2.183135,8,1
71490.000000,33.578222,-117.064202,410.001588,26.388584,2.180833,8,1
71505.000000,33.578218,-117.064203,409.914971,26.144954,2.178527,8,1
71520.000000,33.578219,-117.064202,409.202586,26.102444,2.176216,8,1
71535.000000,33.578217,-117.064203,409.732255,26.016502,2.173901,8,1
71550.000000,33.578215,-117.064202,409.456599,25.886816,2.171581,8,1
71565.000000,33.578216,-117.064200,408.789022,25.901482,2.169257,8,1
71580.000000,33.578216,-117.064202,408.756743,25.794025,2.166930,8,1
71595.000000,33.578214,-117.064203,408.647505,25.636764,2.164599,8,1
71610.000000,33.578211,-117.064204,408.256740,25.571242,2.162264,8,1
71625.000000,33.578210,-117.064204,408.701762,25.439459,2.159926,8,1
71640.000000,33.578207,-117.064203,409.216580,25.208755,2.157586,8,1
71655.000000,33.578210,-117.064208,407.670059,25.407383,2.155242,8,1
71670.000000,33.578208,-117.064205,407.809803,25.269481,2.152897,8,1
71685.000000,33.578207,-117.064208,407.270684,25.371509,2.150548,8,1
71700.000000,33.578203,-117.064208,407.260348,25.080642,2.148198,8,1
71715.000000,33.578207,-117.064211,406.191833,25.299894,2.145846,8,1
71730.000000,33.578204,-117.064209,406.803433,25.068203,2.143492,8,1
71745.000000,33.578205,-117.064212,406.275557,25.065168,2.141137,8,1
71760.000000,33.578203,-117.064210,406.367490,24.906124,2.138780,8,1
71775.000000,33.578201,-117.064210,407.057928,24.798898,2.136422,8,1
71790.000000,33.578202,-117.064212,406.354664,24.695337,2.134063,8,1
71805.000000,33.578199,-117.064211,406.515805,24.508963,2.131704,8,1
71820.000000,33.578200,-117.064214,405.262838,24.614638,2.129344,8,1
71835.000000,33.578198,-117.064212,405.811741,24.314847,2.126983,8,1
71850.000000,33.578201,-117.064215,404.635025,24.618121,2.124623,8,1
71865.000000,33.578196,-117.064214,404.948852,24.470839,2.122262,8,1
71880.000000,33.578198,-117.064213,403.800406,24.483460,2.119902,8,1
71895.000000,33.578195,-117.064212,404.468348,24.152133,2.117542,8,1
71910.000000,33.578194,-117.064215,403.784807,24.149424,2.115182,8,1
71925.000000,33.578190,-117.064214,404.558947,23.903717,2.112823,8,1
71940.000000,33.578189,-117.064214,405.272456,23.757651,2.110465,8,1
71955.000000,33.578192,-117.064216,403.894062,23.896758,2.108108,8,1
71970.000000,33.578192,-117.064218,404.192317,23.728422,2.105753,8,1
71985.000000,33.578193,-117.064222,403.549653,23.813399,2.103398,8,1
72000.000000,33.578190,-117.064219,404.072235,23.579118,2.101045,8,1
72015.000000,33.578194,-117.064222,402.983271,23.789136,2.098694,8,1
72030.000000,33.578185,-117.064217,404.475569,23.301334,2.096344,8,1
72045.000000,33.578189,-117.064222,403.424838,23.406569,2.093997,8,1
72060.000000,33.578187,-117.064223,403.402048,23.268178,2.091652,8,1
72075.000000,33.578187,-117.064224,402.858479,23.313110,2.089308,8,1
72090.000000,33.578184,-117.064225,403.344007,23.147689,2.086968,8,1
72105.000000,33.578362,-117.064242,441.709128,39.096362,2.004260,9,1
72120.000000,33.578363,-117.064243,440.164060,39.020992,2.003391,9,1
72135.000000,33.578360,-117.064241,440.914279,38.892105,2.002503,9,1
72150.000000,33.578364,-117.064243,438.630342,38.844107,2.001595,9,1
72165.000000,33.578364,-117.064243,438.844062,38.882475,2.000667,9,1
72180.000000,33.578369,-117.064243,437.400235,39.197997,1.999719,9,1
72195.000000,33.578367,-117.064244,437.366244,38.805097,1.998751,9,1
72210.000000,33.578369,-117.064242,436.209402,39.190959,1.997764,9,1
72225.000000,33.578368,-117.064241,436.153319,39.036186,1.996755,9,1
72240.000000,33.578365,-117.064240,435.848174,38.814579,1.995727,9,1
72255.000000,33.578369,-117.064239,435.580006,39.194772,1.994679,9,1
72270.000000,33.578367,-117.064239,434.731689,39.050850,1.993610,9,1
72285.000000,33.578369,-117.064239,433.573033,39.118306,1.992521,9,1
72300.000000,33.578369,-117.064241,434.008084,39.194290,1.991412,9,1
72315.000000,33.578371,-117.064241,432.331494,39.333764,1.990283,9,1
72330.000000,33.578372,-117.064244,430.934104,38.896982,1.989133,9,1
72345.000000,33.578372,-117.064243,431.514217,38.946447,1.987963,9,1
72360.000000,33.578374,-117.064242,431.106671,39.224827,1.986772,9,1
72375.000000,33.578369,-117.064241,430.843460,38.665057,1.985561,9,1
72390.000000,33.578372,-117.064243,430.088138,38.756565,1.984330,9,1
72405.000000,33.578373,-117.064241,430.192901,39.000198,1.983079,9,1
72420.000000,33.578374,-117.064242,429.022480,38.853375,1.981807,9,1
72435.000000,33.578373,-117.064244,428.176076,38.399560,1.980514,9,1
72450.000000,33.578378,-117.064247,426.994628,39.005766,1.979202,9,1
72465.000000,33.578377,-117.064247,427.432102,38.902442,1.977869,9,1
72480.000000,33.578380,-117.064249,425.539453,38.859658,1.976516,9,1
72495.000000,33.578378,-117.064248,425.467024,38.595285,1.975143,9,1
72510.000000,33.578381,-117.064248,424.678299,38.939435,1.973749,9,1
72525.000000,33.578377,-117.064247,425.426515,38.584647,1.972335,9,1
72540.000000,33.578378,-117.064247,424.457400,38.533252,1.970901,9,1
72555.000000,33.578380,-117.064249,423.799838,38.727152,1.969448,9,1
72570.000000,33.578378,-117.064247,424.101929,38.822840,1.967974,9,1
72585.000000,33.578382,-117.064250,422.500291,38.710002,1.966480,9,1
72600.000000,33.578381,-117.064248,422.705579,38.639399,1.964966,9,1
72615.000000,33.578384,-117.064251,420.562393,38.481676,1.963433,9,1
72630.000000,33.578385,-117.064253,419.909202,38.671121,1.961880,9,1
72645.000000,33.578388,-117.064254,419.072537,38.820753,1.960307,9,1
72660.000000,33.578383,-117.064252,420.203636,38.556706,1.958715,9,1
72675.000000,33.578381,-117.064248,420.083719,38.378678,1.957103,9,1
72690.000000,33.578401,-117.064414,457.357235,33.717207,1.794118,9,1
72705.000000,33.578404,-117.064416,456.018387,34.011708,1.794370,9,1
72720.000000,33.578401,-117.064414,455.509227,34.234608,1.794601,9,1
72735.000000,33.578401,-117.064413,455.164650,34.230200,1.794811,9,1
72750.000000,33.578403,-117.064414,453.357983,34.435961,1.795000,9,1
72765.000000,33.578402,-117.064408,453.664388,33.968899,1.795167,9,1
72780.000000,33.578399,-117.064410,452.883046,34.161214,1.795312,9,1
72795.000000,33.578400,-117.064409,452.628860,34.147162,1.795435,9,1
72810.000000,33.578402,-117.064411,451.965419,34.570903,1.795536,9,1
72825.000000,33.578271,-117.064423,481.183853,35.815451,1.646497,10,1
72840.000000,33.578270,-117.064426,479.376714,36.252818,1.647341,10,1
72855.000000,33.578268,-117.064427,479.604393,36.402314,1.648168,10,1
72870.000000,33.578266,-117.064431,478.510376,37.052105,1.648979,10,1
72885.000000,33.578266,-117.064426,478.221558,36.775874,1.649773,10,1
72900.000000,33.578265,-117.064423,477.343964,36.714509,1.650549,10,1
72915.000000,33.578266,-117.064421,477.334548,36.668166,1.651307,10,1
72930.000000,33.578267,-117.064418,476.480222,36.449782,1.652048,10,1
72945.000000,33.578262,-117.064420,475.798797,37.006239,1.652771,10,1
72960.000000,33.578263,-117.064416,475.881418,36.629315,1.653476,10,1
72975.000000,33.578262,-117.064411,475.212574,36.346085,1.654163,10,1
72990.000000,33.578265,-117.064413,474.678444,36.772479,1.654831,10,1
73005.000000,33.578263,-117.064417,473.181395,37.190859,1.655481,10,1
73020.000000,33.578259,-117.064417,472.490511,37.470541,1.656111,10,1
73035.000000,33.578262,-117.064413,472.254549,37.344896,1.656723,10,1
73050.000000,33.578259,-117.064406,472.318241,36.781328,1.657315,10,1
73065.000000,33.578257,-117.064404,471.653492,36.695540,1.657889,10,1
73080.000000,33.578258,-117.064405,471.345604,36.882772,1.658442,10,1
73095.000000,33.578258,-117.064398,470.511400,36.310344,1.658976,10,1
73110.000000,33.578258,-117.064404,469.272364,37.082499,1.659490,10,1
73125.000000,33.578257,-117.064402,469.032330,37.183236,1.659985,10,1
73140.000000,33.578256,-117.064403,468.504574,37.499753,1.660459,10,1
73155.000000,33.578255,-117.064401,467.923500,37.507067,1.660912,10,1
73170.000000,33.578257,-117.064391,468.344396,36.727697,1.661345,10,1
73185.000000,33.578253,-117.064393,467.055445,37.062011,1.661758,10,1
73200.000000,33.578255,-117.064392,466.855721,36.988292,1.662150,10,1
73215.000000,33.578251,-117.064391,466.334625,37.185850,1.662521,10,1
73230.000000,33.578253,-117.064393,465.100175,37.302595,1.662871,10,1
73245.000000,33.578251,-117.064393,464.337174,37.564089,1.663200,10,1
73260.000000,33.578252,-117.064393,462.468017,37.487093,1.663508,10,1
73275.000000,33.578250,-117.064391,462.299187,37.625818,1.663795,10,1
73290.000000,33.578251,-117.064378,463.516202,36.553354,1.664060,10,1
73305.000000,33.578250,-117.064387,461.154029,37.537062,1.664303,10,1
73320.000000,33.578250,-117.064384,460.757195,37.434974,1.664525,10,1
73335.000000,33.578253,-117.064376,461.410040,36.698259,1.664725,10,1
73350.000000,33.578251,-117.064382,459.178432,37.408572,1.664903,10,1
73365.000000,33.578247,-117.064381,458.728594,37.459042,1.665059,10,1
73380.000000,33.578246,-117.064379,457.709310,37.534876,1.665194,10,1
73395.000000,33.578246,-117.064376,457.576856,37.462397,1.665306,10,1
73410.000000,33.578247,-117.064374,457.116042,37.412782,1.665396,10,1
73425.000000,33.578246,-117.064371,457.102840,37.086364,1.665463,10,1
73440.000000,33.578246,-117.064369,456.163273,37.434038,1.665509,10,1
73455.000000,33.578246,-117.064368,455.340908,37.310984,1.665532,10,1
73470.000000,33.578244,-117.064371,453.943121,37.638186,1.665532,10,1
73485.000000,33.578244,-117.064371,453.458058,37.470541,1.665510,10,1
73500.000000,33.578241,-117.064371,452.216369,37.834298,1.665466,10,1
73515.000000,33.578243,-117.064363,452.903981,37.180360,1.665399,10,1
73530.000000,33.578241,-117.064368,450.776192,37.805317,1.665309,10,1
73545.000000,33.578241,-117.064359,451.406334,37.078993,1.665197,10,1
73560.000000,33.578240,-117.064360,450.669316,37.244442,1.665062,10,1
73575.000000,33.578238,-117.064360,449.811875,37.544405,1.664905,10,1
73590.000000,33.578237,-117.064361,449.069348,37.478859,1.664725,10,1
73605.000000,33.578238,-117.064357,448.657675,37.449143,1.664522,10,1
73620.000000,33.578238,-117.064358,447.651343,37.507326,1.664296,10,1
73635.000000,33.578239,-117.064354,447.128807,37.398197,1.664048,10,1
73650.000000,33.578275,-117.064243,468.436160,34.272699,1.734061,9,1
73665.000000,33.578275,-117.064243,468.244520,34.381107,1.734496,9,1
73680.000000,33.578273,-117.064241,468.324402,34.315579,1.734909,9,1
73695.000000,33.578272,-117.064242,467.231132,34.465622,1.735302,9,1
73710.000000,33.578271,-117.064242,466.681187,34.526142,1.735673,9,1
73725.000000,33.578271,-117.064238,466.021908,34.345421,1.736023,9,1
73740.000000,33.578273,-117.064239,464.840096,34.423397,1.736351,9,1
73755.000000,33.578273,-117.064239,464.311582,34.485707,1.736657,9,1
73770.000000,33.578195,-117.064105,508.657538,28.869633,1.968699,8,1
73785.000000,33.578194,-117.064104,508.751274,28.994139,1.970933,8,1
73800.000000,33.578195,-117.064102,507.840649,29.081427,1.973153,8,1
73815.000000,33.578193,-117.064101,507.879152,29.133778,1.975358,8,1
73830.000000,33.578194,-117.064099,507.267811,29.229610,1.977549,8,1
73845.000000,33.578194,-117.064095,506.056891,29.254283,1.979725,8,1
73860.000000,33.578194,-117.064097,506.307739,29.421382,1.981886,8,1
73875.000000,33.578193,-117.064097,505.993502,29.452174,1.984030,8,1
73890.000000,33.578194,-117.064097,505.301469,29.543869,1.986159,8,1
73905.000000,33.578195,-117.064094,505.155971,29.641834,1.988271,8,1
73920.000000,33.578194,-117.064094,505.100773,29.746331,1.990365,8,1
73935.000000,33.578195,-117.064091,504.076775,29.817609,1.992442,8,1
73950.000000,33.578195,-117.064090,503.718618,29.824934,1.994501,8,1
73965.000000,33.578194,-117.064088,503.465612,29.990524,1.996542,8,1
73980.000000,33.578194,-117.064088,502.677507,29.962148,1.998564,8,1
73995.000000,33.578192,-117.064086,502.800648,29.912336,2.000566,8,1
74010.000000,33.578190,-117.064085,502.892701,30.048573,2.002549,8,1
74025.000000,33.578192,-117.064083,501.393101,30.069889,2.004512,8,1
74040.000000,33.578195,-117.064086,500.404944,30.289000,2.006455,8,1
74055.000000,33.578195,-117.064083,500.230464,30.543857,2.008376,8,1
74070.000000,33.578193,-117.064082,500.135380,30.667422,2.010276,8,1
74085.000000,33.578192,-117.064080,499.864309,30.635552,2.012154,8,1
74100.000000,33.578195,-117.064081,498.940440,30.702201,2.014010,8,1
74115.000000,33.578195,-117.064080,498.114667,30.753519,2.015843,8,1
74130.000000,33.578197,-117.064081,497.291738,30.749940,2.017654,8,1
74145.000000,33.578195,-117.064080,496.919208,30.774196,2.019440,8,1
74160.000000,33.578197,-117.064079,495.925388,30.993051,2.021203,8,1
74175.000000,33.578196,-117.064080,495.590475,30.946192,2.022942,8,1
74190.000000,33.578197,-117.064077,494.858239,31.110846,2.024656,8,1
74205.000000,33.578197,-117.064078,494.318425,31.128606,2.026344,8,1
74220.000000,33.578198,-117.064078,494.021192,31.259925,2.028008,8,1
74235.000000,33.578197,-117.064076,493.190311,31.290399,2.029645,8,1
74250.000000,33.578198,-117.064076,492.605353,31.397792,2.031256,8,1
74265.000000,33.578199,-117.064074,491.920233,31.375032,2.032840,8,1
74280.000000,33.578200,-117.064075,490.932848,31.543352,2.034397,8,1
74295.000000,33.578197,-117.064073,491.204175,31.556164,2.035927,8,1
74310.000000,33.578195,-117.064236,527.055083,33.147416,1.760810,9,1
74325.000000,33.578195,-117.064238,526.179725,33.285679,1.763437,9,1
74340.000000,33.578194,-117.064237,526.251913,33.362386,1.766050,9,1
74355.000000,33.578193,-117.064236,526.221404,33.459977,1.768649,9,1
74370.000000,33.578195,-117.064240,525.277485,33.633578,1.771234,9,1
74385.000000,33.578196,-117.064241,524.510496,33.700930,1.773804,9,1
74400.000000,33.578194,-117.064238,524.786044,33.779896,1.776358,9,1
74415.000000,33.578185,-117.064268,531.235167,31.415458,1.691748,10,1
74430.000000,33.578186,-117.064269,530.714701,31.585540,1.694345,10,1
74445.000000,33.578185,-117.064267,530.282444,31.593765,1.696928,10,1
74460.000000,33.578186,-117.064269,529.464242,31.650415,1.699498,10,1
74475.000000,33.578186,-117.064271,528.940874,31.708137,1.702054,10,1
74490.000000,33.578184,-117.064272,528.951961,31.841415,1.704595,10,1
74505.000000,33.578185,-117.064273,528.598199,32.038359,1.707121,10,1
74520.000000,33.578185,-117.064273,528.139680,32.124698,1.709631,10,1
74535.000000,33.578185,-117.064272,527.302546,32.076435,1.712126,10,1
74550.000000,33.578185,-117.064276,527.017155,32.288361,1.714604,10,1
74565.000000,33.578186,-117.064275,526.605446,32.414101,1.717065,10,1
74580.000000,33.578184,-117.064275,526.075718,32.382018,1.719510,10,1
74595.000000,33.578186,-117.064280,525.585076,32.576579,1.721936,10,1
74610.000000,33.578188,-117.064279,524.727619,32.626225,1.724345,10,1
74625.000000,33.578186,-117.064279,524.488550,32.715810,1.726735,10,1
74640.000000,33.578187,-117.064282,523.980850,32.846379,1.729106,10,1
74655.000000,33.578186,-117.064277,523.252588,32.842326,1.731457,10,1
74670.000000,33.578187,-117.064282,522.923164,32.925715,1.733789,10,1
74685.000000,33.578187,-117.064283,522.091283,32.946359,1.736101,10,1
74700.000000,33.578184,-117.064281,522.538350,33.077490,1.738391,10,1
74715.000000,33.578187,-117.064284,520.894212,33.111975,1.740661,10,1
74730.000000,33.578185,-117.064281,520.427439,33.042747,1.742909,10,1
74745.000000,33.578186,-117.064284,520.274408,33.263158,1.745135,10,1
74760.000000,33.578187,-117.064288,519.991322,33.505154,1.747338,10,1
74775.000000,33.578184,-117.064284,519.968305,33.584049,1.749519,10,1
74790.000000,33.578186,-117.064288,518.299797,33.531264,1.751676,10,1
74805.000000,33.578184,-117.064289,518.923057,33.835445,1.753810,10,1
74820.000000,33.578184,-117.064289,517.527408,33.771169,1.755919,10,1
74835.000000,33.578185,-117.064293,516.868422,33.758506,1.758004,10,1
74850.000000,33.578184,-117.064290,516.297831,33.977728,1.760064,10,1
74865.000000,33.578185,-117.064293,515.694627,34.034036,1.762098,10,1
74880.000000,33.578185,-117.064293,514.836194,34.008681,1.764107,10,1
74895.000000,33.578186,-117.064295,514.014552,34.140897,1.766090,10,1
74910.000000,33.578185,-117.064298,514.043225,34.282073,1.768046,10,1
74925.000000,33.578186,-117.064296,512.984118,34.155927,1.769975,10,1
74940.000000,33.578184,-117.064300,512.969226,34.422998,1.771876,10,1
74955.000000,33.578186,-117.064301,511.805240,34.393360,1.773750,10,1
74970.000000,33.578187,-117.064298,510.574593,34.300969,1.775596,10,1
74985.000000,33.578188,-117.064300,509.887194,34.416335,1.777414,10,1
75000.000000,33.578188,-117.064302,509.183938,34.451402,1.779202,10,1
75015.000000,33.578188,-117.064308,509.417025,34.829123,1.780961,10,1
75030.000000,33.578188,-117.064310,508.593424,34.777964,1.782691,10,1
75045.000000,33.578186,-117.064311,507.628699,34.798030,1.784391,10,1
75060.000000,33.578187,-117.064311,506.745551,34.769571,1.786061,10,1
75075.000000,33.578187,-117.064308,505.462235,34.720032,1.787700,10,1
75090.000000,33.578188,-117.064313,505.199429,34.860727,1.789308,10,1
75105.000000,33.578186,-117.064315,505.290866,34.897957,1.790885,10,1
75120.000000,33.578185,-117.064318,504.797415,35.133968,1.792430,10,1
75135.000000,33.578186,-117.064319,503.950872,35.195852,1.793944,10,1
75150.000000,33.578188,-117.064318,502.654501,35.111152,1.795426,10,1
75165.000000,33.578188,-117.064316,501.519639,35.092671,1.796875,10,1
75180.000000,33.578186,-117.064320,501.601622,35.196424,1.798291,10,1
75195.000000,33.578187,-117.064324,500.883839,35.308596,1.799675,10,1
75210.000000,33.578186,-117.064325,500.288782,35.433536,1.801025,10,1
75225.000000,33.578187,-117.064330,499.588185,35.563798,1.802342,10,1
75240.000000,33.578186,-117.064325,498.042325,35.329128,1.803625,10,1
75255.000000,33.578187,-117.064326,497.345724,35.285896,1.804874,10,1
75270.000000,33.578186,-117.064329,496.659993,35.378914,1.806089,10,1
75285.000000,33.578187,-117.064335,497.029298,35.624828,1.807269,10,1
75300.000000,33.578241,-117.064252,516.966935,34.709233,1.600578,11,1
75315.000000,33.578242,-117.064249,515.588902,34.623449,1.602019,11,1
75330.000000,33.578242,-117.064253,514.302101,34.502757,1.603440,11,1
75345.000000,33.578244,-117.064250,512.983347,34.477959,1.604841,11,1
75360.000000,33.578246,-117.064253,514.162334,34.811817,1.606221,11,1
75375.000000,33.578246,-117.064250,513.316567,34.720863,1.607582,11,1
75390.000000,33.578247,-117.064257,512.165955,34.921056,1.608921,11,1
75405.000000,33.578246,-117.064261,510.985293,34.860978,1.610239,11,1
75420.000000,33.578250,-117.064253,511.245952,34.944804,1.611537,11,1
75435.000000,33.578253,-117.064254,510.001020,34.885788,1.612813,11,1
75450.000000,33.578251,-117.064261,509.459447,35.046655,1.614067,11,1
75465.000000,33.578250,-117.064263,508.924166,35.009429,1.615300,11,1
75480.000000,33.578250,-117.064263,508.916883,35.137183,1.616510,11,1
75495.000000,33.578253,-117.064263,508.131262,35.275078,1.617699,11,1
75510.000000,33.578254,-117.064262,506.658828,35.185523,1.618865,11,1
75525.000000,33.578256,-117.064260,506.475027,35.256243,1.620009,11,1
75540.000000,33.578256,-117.064260,506.715495,35.347057,1.621131,11,1
75555.000000,33.578255,-117.064266,506.113131,35.365393,1.622229,11,1
75570.000000,33.578254,-117.064269,504.540955,35.386524,1.623305,11,1
75585.000000,33.578259,-117.064261,505.156882,35.483039,1.624357,11,1
75600.000000,33.578259,-117.064264,504.547709,35.626406,1.625387,11,1
75615.000000,33.578260,-117.064267,502.232685,35.322142,1.626393,11,1
75630.000000,33.578261,-117.064265,502.698219,35.628648,1.627375,11,1
75645.000000,33.578262,-117.064267,502.979126,35.841824,1.628334,11,1
75660.000000,33.578262,-117.064271,501.717993,35.811887,1.629269,11,1
75675.000000,33.578261,-117.064277,499.853926,35.599989,1.630181,11,1
75690.000000,33.578267,-117.064268,500.327712,35.821082,1.631068,11,1
75705.000000,33.578267,-117.064270,499.829660,35.960974,1.631931,11,1
75720.000000,33.578264,-117.064274,497.816588,35.603821,1.632770,11,1
75735.000000,33.578268,-117.064277,498.752261,36.127940,1.633585,11,1
75750.000000,33.578269,-117.064274,497.990678,36.076949,1.634375,11,1
75765.000000,33.578269,-117.064278,496.782365,36.014527,1.635142,11,1
75780.000000,33.578270,-117.064276,496.281189,36.156090,1.635883,11,1
75795.000000,33.578272,-117.064277,495.636896,36.109223,1.636600,11,1
75810.000000,33.578270,-117.064280,495.155102,36.233586,1.637292,11,1
75825.000000,33.578271,-117.064280,494.395080,36.151773,1.637960,11,1
75840.000000,33.578273,-117.064283,494.197031,36.438961,1.638603,11,1
75855.000000,33.578275,-117.064281,493.117263,36.251098,1.639221,11,1
75870.000000,33.578277,-117.064282,492.179989,36.267849,1.639814,11,1
75885.000000,33.578275,-117.064285,492.303811,36.313487,1.640383,11,1
75900.000000,33.578278,-117.064287,491.502367,36.492726,1.640926,11,1
75915.000000,33.578277,-117.064289,491.087618,36.532834,1.641445,11,1
75930.000000,33.578279,-117.064288,490.843436,36.535108,1.641939,11,1
75945.000000,33.578281,-117.064287,488.945376,36.163595,1.642408,11,1
75960.000000,33.578281,-117.064289,488.847232,36.320985,1.642852,11,1
75975.000000,33.578281,-117.064287,488.004719,36.306758,1.643271,11,1
75990.000000,33.578283,-117.064293,486.918943,36.289731,1.643665,11,1
76005.000000,33.578284,-117.064295,487.060417,36.426258,1.644035,11,1
76020.000000,33.578287,-117.064295,486.496826,36.566651,1.644379,11,1
76035.000000,33.578286,-117.064294,485.160369,36.393308,1.644699,11,1
76050.000000,33.578288,-117.064294,484.689420,36.640662,1.644994,11,1
76065.000000,33.578288,-117.064297,484.560567,36.632823,1.645264,11,1
76080.000000,33.578289,-117.064298,483.606910,36.614890,1.645510,11,1
76095.000000,33.578289,-117.064299,482.811114,36.438651,1.645731,11,1
76110.000000,33.578291,-117.064298,481.694607,36.634572,1.645927,11,1
76125.000000,33.578289,-117.064303,481.240404,36.416820,1.646099,11,1
76140.000000,33.578293,-117.064304,480.786546,36.793622,1.646247,11,1
76155.000000,33.578291,-117.064304,480.794352,36.669584,1.646370,11,1
76170.000000,33.578292,-117.064306,479.357038,36.668527,1.646469,11,1
76185.000000,33.578292,-117.064306,479.447893,36.680661,1.646544,11,1
76200.000000,33.578297,-117.064305,478.236000,36.728037,1.646595,11,1
76215.000000,33.578294,-117.064312,477.341639,36.786624,1.646622,11,1
76230.000000,33.578297,-117.064313,476.514607,37.035964,1.646625,11,1
76245.000000,33.578295,-117.064313,476.149565,36.675523,1.646605,11,1
76260.000000,33.578294,-117.064318,475.624622,36.869764,1.646561,11,1
76275.000000,33.578295,-117.064314,475.339949,36.694964,1.646493,11,1
76290.000000,33.578300,-117.064315,473.465306,36.804389,1.646402,11,1
76305.000000,33.578295,-117.064320,474.072803,36.607614,1.646288,11,1
76320.000000,33.578302,-117.064317,473.205876,36.988278,1.646151,11,1
76335.000000,33.578297,-117.064322,472.630365,36.640587,1.645991,11,1
76350.000000,33.578302,-117.064322,471.522191,36.759489,1.645809,11,1
76365.000000,33.578300,-117.064321,471.750702,36.565506,1.645603,11,1
76380.000000,33.578302,-117.064323,470.296240,36.645373,1.645376,11,1
76395.000000,33.578300,-117.064323,470.603232,36.593011,1.645126,11,1
76410.000000,33.578304,-117.064327,470.076643,36.800873,1.644854,11,1
76425.000000,33.578303,-117.064328,468.957507,36.424515,1.644561,11,1
76440.000000,33.578308,-117.064328,467.996610,36.791806,1.644245,11,1
76455.000000,33.578307,-117.064327,467.084369,36.480072,1.643908,11,1
76470.000000,33.578304,-117.064331,466.978777,36.514997,1.643550,11,1
76485.000000,33.578304,-117.064333,466.982466,36.707308,1.643170,11,1
76500.000000,33.578308,-117.064332,465.261168,36.391697,1.642770,11,1
76515.000000,33.578309,-117.064332,465.007723,36.452990,1.642349,11,1
76530.000000,33.578308,-117.064336,464.738485,36.445031,1.641907,11,1
76545.000000,33.578309,-117.064335,463.657765,36.416629,1.641446,11,1
76560.000000,33.578308,-117.064339,463.739852,36.530213,1.640964,11,1
76575.000000,33.578310,-117.064340,462.841379,36.461447,1.640462,11,1
76590.000000,33.578310,-117.064341,462.341886,36.384952,1.639940,11,1
76605.000000,33.578311,-117.064345,461.297290,36.506032,1.639399,11,1
76620.000000,33.578310,-117.064346,460.550784,36.484704,1.638839,11,1
76635.000000,33.578311,-117.064348,459.865105,36.471422,1.638260,11,1
76650.000000,33.578311,-117.064350,459.364335,36.277359,1.637662,11,1
76665.000000,33.578314,-117.064351,458.483746,36.423809,1.637046,11,1
76680.000000,33.578311,-117.064351,458.059656,36.310466,1.636412,11,1
76695.000000,33.578312,-117.064352,457.118446,36.408378,1.635759,11,1
76710.000000,33.578312,-117.064353,456.764323,36.246140,1.635089,11,1
76725.000000,33.578316,-117.064355,455.868860,36.315105,1.634401,11,1
76740.000000,33.578311,-117.064356,456.375555,36.276965,1.633695,11,1
76755.000000,33.578315,-117.064357,455.166036,36.199602,1.632973,11,1
76770.000000,33.578313,-117.064359,455.290697,36.086518,1.632234,11,1
76785.000000,33.578316,-117.064356,453.963779,36.071905,1.631478,11,1
76800.000000,33.578316,-117.064357,453.704149,35.875538,1.630706,11,1
76815.000000,33.578318,-117.064363,453.345922,36.062522,1.629919,11,1
76830.000000,33.578318,-117.064365,452.738548,35.941212,1.629115,11,1
76845.000000,33.578317,-117.064362,451.942104,35.856300,1.628296,11,1
76860.000000,33.578322,-117.064364,451.173573,35.787321,1.627461,11,1
76875.000000,33.578322,-117.064365,450.944076,35.851914,1.626612,11,1
76890.000000,33.578323,-117.064365,450.036834,35.763452,1.625748,11,1
76905.000000,33.578322,-117.064370,450.077630,35.550709,1.624869,11,1
76920.000000,33.578319,-117.064369,449.563735,35.713361,1.623976,11,1
76935.000000,33.578319,-117.064371,449.489092,35.564972,1.623069,11,1
76950.000000,33.578321,-117.064373,448.611297,35.620828,1.622149,11,1
76965.000000,33.578324,-117.064371,447.551304,35.405001,1.621215,11,1
76980.000000,33.578324,-117.064373,447.189920,35.586711,1.620268,11,1
76995.000000,33.578321,-117.064375,446.498875,35.393920,1.619308,11,1
77010.000000,33.578327,-117.064378,446.204380,35.516215,1.618336,11,1
77025.000000,33.578323,-117.064379,445.889725,35.350964,1.617351,11,1
77040.000000,33.578326,-117.064380,445.593486,35.291195,1.616354,11,1
77055.000000,33.578324,-117.064379,444.690056,35.306917,1.615345,11,1
77070.000000,33.578324,-117.064376,444.580798,34.832695,1.614325,11,1
77085.000000,33.578325,-117.064382,443.440506,35.338611,1.613293,11,1
77100.000000,33.578325,-117.064386,443.510565,35.241660,1.612251,11,1
77115.000000,33.578327,-117.064383,442.274317,35.309302,1.611197,11,1
77130.000000,33.578327,-117.064386,442.304058,35.181340,1.610134,11,1
77145.000000,33.578326,-117.064386,441.722122,35.085788,1.609060,11,1
77160.000000,33.578325,-117.064387,441.084007,35.164358,1.607976,11,1
77175.000000,33.578326,-117.064390,441.386133,34.972743,1.606882,11,1
77190.000000,33.578326,-117.064387,440.621950,34.803363,1.605779,11,1
77205.000000,33.578322,-117.064391,440.897779,34.715874,1.604666,11,1
77220.000000,33.578324,-117.064390,440.156565,34.845927,1.603545,11,1
77235.000000,33.578321,-117.064390,439.877784,34.673507,1.602415,11,1
77250.000000,33.578325,-117.064391,439.385143,34.501423,1.601277,11,1
77265.000000,33.578324,-117.064394,439.177291,34.458693,1.600130,11,1
77280.000000,33.578328,-117.064395,437.866268,34.759109,1.598976,11,1
77295.000000,33.578327,-117.064398,437.842959,34.564250,1.597814,11,1
77310.000000,33.578324,-117.064395,437.965492,34.352880,1.596644,11,1
77325.000000,33.578324,-117.064397,437.099367,34.182883,1.595468,11,1
77340.000000,33.578322,-117.064399,437.102272,34.241394,1.594284,11,1
77355.000000,33.578327,-117.064401,436.435588,34.012730,1.593094,11,1
77370.000000,33.578585,-117.064339,484.413854,18.433132,1.747921,10,1
77385.000000,33.578581,-117.064340,484.126669,18.348598,1.748797,10,1
77400.000000,33.578583,-117.064338,484.909179,18.132780,1.749678,10,1
77415.000000,33.578584,-117.064342,484.189771,18.675081,1.750564,10,1
77430.000000,33.578583,-117.064339,484.613357,18.097876,1.751455,10,1
77445.000000,33.578583,-117.064344,484.018327,18.518499,1.752351,10,1
77460.000000,33.578585,-117.064340,483.791749,18.258679,1.753252,10,1
77475.000000,33.578582,-117.064340,484.055364,17.811331,1.754158,10,1
77490.000000,33.578587,-117.064340,483.527488,18.325481,1.755069,10,1
77505.000000,33.578584,-117.064342,483.493616,18.244422,1.755985,10,1
77520.000000,33.578586,-117.064339,483.576597,18.138046,1.756905,10,1
77535.000000,33.578587,-117.064341,482.558615,18.334668,1.757831,10,1
77550.000000,33.578585,-117.064340,483.841810,18.054041,1.758762,10,1
77565.000000,33.578586,-117.064343,482.920435,18.264978,1.759699,10,1
77580.000000,33.578586,-117.064340,482.797076,18.167802,1.760640,10,1
77595.000000,33.578586,-117.064342,482.915409,18.313599,1.761586,10,1
77610.000000,33.578589,-117.064342,481.931809,18.519515,1.762538,10,1
77625.000000,33.578587,-117.064341,482.015070,18.221063,1.763494,10,1
77640.000000,33.578587,-117.064341,482.407471,18.236261,1.764456,10,1
77655.000000,33.578588,-117.064341,481.980888,18.245548,1.765422,10,1
77670.000000,33.578589,-117.064340,481.656344,18.202044,1.766394,10,1
77685.000000,33.578589,-117.064340,481.649434,18.198355,1.767371,10,1
77700.000000,33.578586,-117.064339,482.419557,17.677424,1.768353,10,1
77715.000000,33.578589,-117.064338,481.937619,18.025017,1.769340,10,1
77730.000000,33.578551,-117.064239,498.087864,18.026170,1.467721,11,1
77745.000000,33.578551,-117.064240,497.769910,18.258700,1.469438,11,1
77760.000000,33.578552,-117.064241,497.509277,18.055368,1.471156,11,1
77775.000000,33.578552,-117.064243,497.398804,18.223138,1.472875,11,1
77790.000000,33.578554,-117.064239,497.526294,18.831114,1.474595,11,1
77805.000000,33.578552,-117.064241,497.507169,18.308642,1.476315,11,1
77820.000000,33.578552,-117.064238,497.485156,18.271972,1.478036,11,1
77835.000000,33.578553,-117.064239,496.791117,18.265259,1.479758,11,1
77850.000000,33.578552,-117.064241,497.146214,17.843269,1.481480,11,1
77865.000000,33.578553,-117.064237,496.989901,18.088630,1.483202,11,1
77880.000000,33.578554,-117.064241,496.256565,18.157746,1.484924,11,1
77895.000000,33.578553,-117.064238,497.098930,18.201729,1.486647,11,1
77910.000000,33.578555,-117.064237,496.950162,18.436494,1.488369,11,1
77925.000000,33.578556,-117.064239,496.180438,18.127162,1.490091,11,1
77940.000000,33.578554,-117.064239,496.100973,18.116380,1.491813,11,1
77955.000000,33.578555,-117.064237,496.172313,18.261707,1.493535,11,1
77970.000000,33.578476,-117.064301,510.160022,9.132445,1.556461,10,1
77985.000000,33.578476,-117.064295,510.704066,9.284553,1.558555,10,1
78000.000000,33.578475,-117.064297,510.827965,9.225945,1.560652,10,1
78015.000000,33.578477,-117.064295,510.588833,9.157500,1.562750,10,1
78030.000000,33.578476,-117.064299,510.154107,9.183161,1.564851,10,1
78045.000000,33.578477,-117.064296,510.163089,9.207271,1.566953,10,1
78060.000000,33.578477,-117.064295,510.477715,9.241422,1.569057,10,1
78075.000000,33.578477,-117.064295,510.025033,9.140553,1.571163,10,1
78090.000000,33.578478,-117.064295,509.660424,9.290539,1.573270,10,1
78105.000000,33.578479,-117.064292,509.536364,9.216965,1.575379,10,1
78120.000000,33.578478,-117.064292,509.695718,9.279826,1.577488,10,1
78135.000000,33.578479,-117.064292,509.934225,9.453925,1.579600,10,1
78150.000000,33.578480,-117.064293,509.273846,9.351781,1.581712,10,1
78165.000000,33.578478,-117.064291,509.630834,9.364396,1.583825,10,1
78180.000000,33.578479,-117.064289,510.082519,9.412840,1.585938,10,1
78195.000000,33.578479,-117.064291,509.426790,9.316461,1.588053,10,1
78210.000000,33.578482,-117.064293,509.446905,9.412121,1.590167,10,1
78225.000000,33.578481,-117.064289,509.658279,9.439837,1.592282,10,1
78240.000000,33.578482,-117.064289,509.460377,9.488430,1.594398,10,1
78255.000000,33.578483,-117.064286,509.407472,9.393922,1.596513,10,1
78270.000000,33.578483,-117.064287,509.105127,9.461610,1.598628,10,1
78285.000000,33.578483,-117.064286,509.245285,9.447229,1.600743,10,1
78300.000000,33.578484,-117.064286,508.918395,9.621005,1.602858,10,1
78315.000000,33.578484,-117.064286,508.908835,9.487761,1.604972,10,1
78330.000000,33.578486,-117.064287,508.450714,9.704787,1.607085,10,1
78345.000000,33.578483,-117.064288,508.297261,9.571294,1.609197,10,1
78360.000000,33.578484,-117.064286,508.515135,9.460001,1.611308,10,1
78375.000000,33.578482,-117.064287,508.807458,9.601410,1.613418,10,1
78390.000000,33.578484,-117.064289,508.113997,9.628822,1.615526,10,1
78405.000000,33.578485,-117.064285,508.563028,9.710888,1.617633,10,1
78420.000000,33.578485,-117.064285,507.919805,9.500359,1.619738,10,1
78435.000000,33.578486,-117.064286,507.780997,9.757060,1.621840,10,1
78450.000000,33.578487,-117.064284,507.352938,9.703817,1.623941,10,1
78465.000000,33.578485,-117.064284,507.351490,9.776725,1.626039,10,1
78480.000000,33.578486,-117.064283,507.608938,9.669638,1.628135,10,1
78495.000000,33.578488,-117.064284,507.454351,9.799210,1.630228,10,1
78510.000000,33.578486,-117.064280,507.102815,9.815631,1.632318,10,1
78525.000000,33.578487,-117.064283,507.445737,9.949857,1.634404,10,1
78540.000000,33.578486,-117.064283,507.019068,9.868127,1.636488,10,1
78555.000000,33.578486,-117.064286,507.001208,9.994869,1.638567,10,1
78570.000000,33.578487,-117.064283,506.252367,10.016443,1.640643,10,1
78585.000000,33.578487,-117.064282,506.318515,9.995443,1.642715,10,1
78600.000000,33.578486,-117.064285,506.620290,10.070939,1.644782,10,1
78615.000000,33.578486,-117.064285,506.258828,10.093151,1.646845,10,1
78630.000000,33.578487,-117.064282,505.973962,10.099205,1.648903,10,1
78645.000000,33.578486,-117.064280,506.324512,10.234733,1.650957,10,1
78660.000000,33.578485,-117.064281,506.039489,10.092859,1.653005,10,1
78675.000000,33.578486,-117.064280,505.789884,10.272980,1.655047,10,1
78690.000000,33.578486,-117.064281,505.387481,10.298454,1.657084,10,1
78705.000000,33.578487,-117.064282,505.147428,10.315726,1.659115,10,1
78720.000000,33.578487,-117.064282,505.302522,10.376003,1.661140,10,1
78735.000000,33.578488,-117.064277,505.116134,10.230337,1.663158,10,1
78750.000000,33.578488,-117.064279,505.119907,10.326611,1.665170,10,1
78765.000000,33.578488,-117.064279,504.806748,10.452665,1.667175,10,1
78780.000000,33.578488,-117.064277,504.537033,10.391747,1.669172,10,1
78795.000000,33.578487,-117.064277,503.993952,10.440338,1.671162,10,1
78810.000000,33.578487,-117.064279,504.217796,10.479589,1.673144,10,1
78825.000000,33.578488,-117.064276,503.968453,10.575036,1.675119,10,1
78840.000000,33.578485,-117.064279,504.110937,10.560423,1.677085,10,1
78855.000000,33.578485,-117.064281,503.848131,10.581577,1.679042,10,1
78870.000000,33.578485,-117.064276,503.326212,10.574526,1.680991,10,1
78885.000000,33.578486,-117.064276,503.734119,10.728069,1.682930,10,1
78900.000000,33.578486,-117.064279,503.254817,10.681214,1.684860,10,1
78915.000000,33.578486,-117.064278,503.107783,10.714762,1.686781,10,1
78930.000000,33.578486,-117.064277,502.812789,10.834833,1.688691,10,1
78945.000000,33.578484,-117.064277,502.716233,10.771650,1.690592,10,1
78960.000000,33.578485,-117.064275,502.516471,10.780949,1.692481,10,1
78975.000000,33.578485,-117.064277,502.046715,10.829941,1.694360,10,1
78990.000000,33.578484,-117.064274,502.164996,10.865016,1.696228,10,1
79005.000000,33.578484,-117.064276,501.809549,10.906182,1.698084,10,1
79020.000000,33.578485,-117.064277,501.539175,10.958401,1.699928,10,1
79035.000000,33.578484,-117.064276,501.313917,11.126765,1.701761,10,1
79050.000000,33.578484,-117.064277,500.933528,11.076636,1.703581,10,1
79065.000000,33.578484,-117.064276,500.508578,11.007295,1.705388,10,1
79080.000000,33.578482,-117.064276,500.478214,11.226204,1.707182,10,1
79095.000000,33.578481,-117.064278,500.638745,11.348620,1.708963,10,1
79110.000000,33.578484,-117.064274,499.884816,11.220374,1.710731,10,1
79125.000000,33.578482,-117.064275,500.136193,11.403071,1.712484,10,1
79140.000000,33.578480,-117.064278,500.015064,11.423946,1.714223,10,1
79155.000000,33.578480,-117.064275,500.003131,11.321916,1.715948,10,1
79170.000000,33.578479,-117.064274,499.416995,11.381111,1.717658,10,1
79185.000000,33.578479,-117.064277,499.483577,11.538963,1.719352,10,1
79200.000000,33.578479,-117.064275,499.043763,11.617100,1.721031,10,1
79215.000000,33.578479,-117.064274,498.476372,11.662650,1.722694,10,1
79230.000000,33.578478,-117.064275,498.313502,11.701156,1.724341,10,1
79245.000000,33.578477,-117.064277,498.318225,11.823923,1.725972,10,1
79260.000000,33.578477,-117.064275,497.878900,11.821759,1.727585,10,1
79275.000000,33.578477,-117.064273,497.496291,11.757687,1.729182,10,1
79290.000000,33.578477,-117.064276,497.444946,11.886459,1.730761,10,1
79305.000000,33.578474,-117.064277,497.254489,12.005632,1.732322,10,1
79320.000000,33.578476,-117.064275,496.659680,12.013029,1.733865,10,1
79335.000000,33.578475,-117.064279,496.431741,12.149502,1.735389,10,1
79350.000000,33.578474,-117.064278,496.048266,12.090832,1.736895,10,1
79365.000000,33.578473,-117.064279,495.880100,12.231222,1.738382,10,1
79380.000000,33.578472,-117.064279,495.496615,12.087872,1.739849,10,1
79395.000000,33.578471,-117.064279,495.731413,12.319703,1.741296,10,1
79410.000000,33.578472,-117.064276,495.222215,12.328279,1.742724,10,1
79425.000000,33.578470,-117.064277,494.948971,12.364664,1.744130,10,1
79440.000000,33.578468,-117.064279,494.816323,12.464482,1.745517,10,1
79455.000000,33.578468,-117.064278,494.433676,12.368655,1.746882,10,1
79470.000000,33.578469,-117.064277,493.716394,12.397219,1.748226,10,1
79485.000000,33.578466,-117.064279,494.152236,12.559505,1.749548,10,1
79500.000000,33.578466,-117.064279,493.363136,12.573935,1.750848,10,1
79515.000000,33.578467,-117.064277,492.321660,12.567097,1.752126,10,1
79530.000000,33.578466,-117.064276,492.520655,12.602927,1.753381,10,1
79545.000000,33.578463,-117.064278,492.587939,12.647922,1.754613,10,1
79560.000000,33.578463,-117.064280,492.178089,12.734770,1.755822,10,1
79575.000000,33.578462,-117.064279,491.650823,12.774294,1.757007,10,1
79590.000000,33.578459,-117.064281,491.919182,12.892859,1.758169,10,1
79605.000000,33.578460,-117.064282,490.929230,12.892456,1.759306,10,1
79620.000000,33.578459,-117.064281,490.212930,12.914359,1.760419,10,1
79635.000000,33.578457,-117.064281,490.281266,12.928683,1.761507,10,1
79650.000000,33.578455,-117.064283,490.442310,13.019881,1.762571,10,1
79665.000000,33.578455,-117.064280,489.958755,12.918394,1.763608,10,1
79680.000000,33.578453,-117.064280,489.579201,13.013865,1.764621,10,1
79695.000000,33.578453,-117.064281,489.350948,13.146341,1.765607,10,1
79710.000000,33.578452,-117.064280,488.654175,13.168362,1.766568,10,1
79725.000000,33.578452,-117.064279,488.088422,13.156250,1.767502,10,1
79740.000000,33.578449,-117.064282,488.480463,13.285792,1.768409,10,1
79755.000000,33.578448,-117.064284,488.079976,13.296047,1.769289,10,1
79770.000000,33.578447,-117.064284,487.324518,13.353146,1.770143,10,1
79785.000000,33.578446,-117.064285,487.203497,13.376850,1.770968,10,1
79800.000000,33.578445,-117.064287,486.390703,13.410888,1.771767,10,1
79815.000000,33.578444,-117.064283,486.008817,13.415912,1.772537,10,1
79830.000000,33.578443,-117.064285,485.776390,13.492013,1.773279,10,1
79845.000000,33.578442,-117.064286,485.591342,13.621973,1.773993,10,1
79860.000000,33.578440,-117.064285,485.254957,13.578446,1.774678,10,1
79875.000000,33.578438,-117.064289,485.115380,13.668221,1.775334,10,1
79890.000000,33.578436,-117.064289,484.735333,13.776293,1.775961,10,1
79905.000000,33.578438,-117.064285,483.984912,13.750318,1.776560,10,1
79920.000000,33.578436,-117.064286,483.634960,13.734281,1.777128,10,1
79935.000000,33.578433,-117.064288,483.670480,13.877839,1.777668,10,1
79950.000000,33.578432,-117.064289,482.871485,13.862383,1.778177,10,1
79965.000000,33.578430,-117.064288,482.849998,13.850841,1.778656,10,1
79980.000000,33.578429,-117.064291,482.488742,13.992544,1.779106,10,1
79995.000000,33.578429,-117.064290,481.600410,14.050794,1.779525,10,1
80010.000000,33.578430,-117.064287,481.098989,14.018060,1.779913,10,1
80025.000000,33.578427,-117.064291,480.752383,14.116239,1.780271,10,1
80040.000000,33.578425,-117.064291,480.797296,14.099238,1.780599,10,1
80055.000000,33.578423,-117.064291,480.559936,14.148050,1.780895,10,1
80070.000000,33.578422,-117.064289,479.957102,14.182958,1.781161,10,1
80085.000000,33.578419,-117.064292,479.900611,14.248040,1.781395,10,1
80100.000000,33.578417,-117.064295,479.527183,14.339833,1.781598,10,1
80115.000000,33.578418,-117.064294,478.410632,14.325344,1.781770,10,1
80130.000000,33.578417,-117.064292,477.857196,14.425385,1.781911,10,1
80145.000000,33.578414,-117.064294,477.646593,14.599459,1.782020,10,1
80160.000000,33.578413,-117.064293,477.527276,14.457841,1.782097,10,1
80175.000000,33.578411,-117.064295,476.925488,14.483667,1.782143,10,1
80190.000000,33.578408,-117.064295,477.087017,14.608110,1.782157,10,1
80205.000000,33.578407,-117.064295,476.825627,14.549979,1.782139,10,1
80220.000000,33.578404,-117.064297,476.744561,14.603865,1.782090,10,1
80235.000000,33.578404,-117.064299,476.081972,14.749656,1.782009,10,1
80250.000000,33.578403,-117.064299,475.695618,14.684750,1.781895,10,1
80265.000000,33.578402,-117.064300,474.680870,14.729308,1.781750,10,1
80280.000000,33.578400,-117.064300,474.750721,14.826537,1.781574,10,1
80295.000000,33.578399,-117.064301,474.190712,14.764491,1.781365,10,1
80310.000000,33.578397,-117.064301,473.697403,14.779126,1.781124,10,1
80325.000000,33.578394,-117.064302,473.318916,14.804860,1.780852,10,1
80340.000000,33.578395,-117.064302,472.547410,14.870426,1.780548,10,1
80355.000000,33.578394,-117.064301,472.086834,14.863762,1.780212,10,1
80370.000000,33.578391,-117.064302,471.941948,14.924871,1.779844,10,1
80385.000000,33.578389,-117.064304,471.826007,14.907300,1.779444,10,1
80400.000000,33.578387,-117.064305,471.116122,14.940960,1.779013,10,1
80415.000000,33.578384,-117.064306,470.850369,14.968486,1.778550,10,1
80430.000000,33.578383,-117.064306,470.552114,15.021596,1.778056,10,1
80445.000000,33.578384,-117.064304,469.813792,15.027327,1.777530,10,1
80460.000000,33.578383,-117.064304,469.326874,15.029688,1.776973,10,1
80475.000000,33.578379,-117.064307,469.320248,15.007213,1.776385,10,1
80490.000000,33.578377,-117.064310,469.032365,15.044964,1.775766,10,1
80505.000000,33.578378,-117.064308,468.321981,15.029900,1.775115,10,1
80520.000000,33.578375,-117.064309,467.962077,15.088407,1.774434,10,1
80535.000000,33.578371,-117.064313,467.893602,15.161007,1.773722,10,1
80550.000000,33.578369,-117.064311,467.354755,15.199138,1.772980,10,1
80565.000000,33.578367,-117.064314,467.125166,15.182504,1.772207,10,1
80580.000000,33.578369,-117.064312,465.939748,15.185300,1.771403,10,1
80595.000000,33.578364,-117.064315,465.691692,15.337485,1.770570,10,1
80610.000000,33.578364,-117.064314,464.974860,15.359955,1.769707,10,1
80625.000000,33.578361,-117.064315,464.903038,15.394486,1.768813,10,1
80640.000000,33.578359,-117.064318,464.836696,15.340858,1.767891,10,1
80655.000000,33.578359,-117.064316,464.344813,15.308853,1.766938,10,1
80670.000000,33.578357,-117.064319,463.911372,15.354876,1.765957,10,1
80685.000000,33.578354,-117.064318,463.559262,15.426256,1.764947,10,1
80700.000000,33.578354,-117.064316,462.983975,15.412448,1.763908,10,1
80715.000000,33.578353,-117.064318,462.521488,15.456257,1.762840,10,1
80730.000000,33.578351,-117.064320,462.218903,15.359958,1.761744,10,1
80745.000000,33.578349,-117.064322,462.299723,15.327600,1.760620,10,1
80760.000000,33.578350,-117.064321,461.292053,15.356791,1.759468,10,1
80775.000000,33.578344,-117.064322,461.477319,15.468407,1.758288,10,1
80790.000000,33.578342,-117.064327,461.028488,15.515157,1.757081,10,1
80805.000000,33.578343,-117.064325,459.872650,15.534920,1.755847,10,1
80820.000000,33.578340,-117.064327,459.725198,15.555810,1.754587,10,1
80835.000000,33.578340,-117.064324,458.998221,15.471230,1.753299,10,1
80850.000000,33.578338,-117.064326,458.695580,15.427693,1.751986,10,1
80865.000000,33.578335,-117.064327,458.180302,15.469948,1.750646,10,1
80880.000000,33.578335,-117.064326,457.633322,15.615835,1.749281,10,1
80895.000000,33.578330,-117.064331,457.976803,15.588497,1.747890,10,1
80910.000000,33.578329,-117.064332,457.572794,15.585451,1.746474,10,1
80925.000000,33.578330,-117.064330,456.685987,15.589162,1.745033,10,1
80940.000000,33.578327,-117.064332,456.231772,15.550296,1.743568,10,1
80955.000000,33.578326,-117.064332,455.905198,15.581668,1.742078,10,1
80970.000000,33.578326,-117.064333,455.083238,15.454198,1.740565,10,1
80985.000000,33.578321,-117.064335,455.385298,15.588297,1.739027,10,1
81000.000000,33.578317,-117.064338,455.223550,15.602476,1.737467,10,1
81015.000000,33.578319,-117.064336,454.670943,15.604647,1.735884,10,1
81030.000000,33.578319,-117.064335,453.792595,15.573896,1.734278,10,1
81045.000000,33.578317,-117.064338,453.654987,15.532226,1.732649,10,1
81060.000000,33.578314,-117.064339,453.209816,15.554370,1.730999,10,1
81075.000000,33.578307,-117.064344,454.426440,17.053038,1.860268,9,1
81090.000000,33.578304,-117.064346,453.829947,17.033208,1.858714,9,1
81105.000000,33.578304,-117.064344,453.189982,17.014987,1.857140,9,1
81120.000000,33.578302,-117.064345,452.877276,16.999093,1.855547,9,1
81135.000000,33.578300,-117.064347,452.530548,17.021554,1.853935,9,1
81150.000000,33.578298,-117.064348,452.618697,17.035976,1.852303,9,1
81165.000000,33.578295,-117.064351,452.275141,17.080415,1.850653,9,1
81180.000000,33.578295,-117.064349,451.875584,17.019543,1.848985,9,1
81195.000000,33.578295,-117.064347,451.203380,16.992136,1.847299,9,1
81210.000000,33.578293,-117.064349,450.816886,17.021702,1.845596,9,1
81225.000000,33.578290,-117.064354,450.885943,17.129690,1.843876,9,1
81240.000000,33.578288,-117.064352,450.497018,17.101321,1.842139,9,1
81255.000000,33.578287,-117.064352,449.880415,17.031121,1.840385,9,1
81270.000000,33.578286,-117.064355,449.488587,17.059997,1.838616,9,1
81285.000000,33.578284,-117.064356,449.042603,16.992086,1.836831,9,1
81300.000000,33.578282,-117.064360,449.157063,17.055114,1.835030,9,1
81315.000000,33.578279,-117.064358,448.906412,17.057139,1.833214,9,1
81330.000000,33.578282,-117.064358,448.050184,16.878180,1.831384,9,1
81345.000000,33.578279,-117.064359,447.840475,16.938617,1.829540,9,1
81360.000000,33.578276,-117.064361,447.211295,16.965249,1.827681,9,1
81375.000000,33.578275,-117.064361,446.627760,16.960468,1.825809,9,1
81390.000000,33.578273,-117.064361,446.722635,17.024949,1.823923,9,1
81405.000000,33.578273,-117.064361,446.357670,16.914470,1.822025,9,1
81420.000000,33.578271,-117.064360,445.992930,16.892156,1.820114,9,1
81435.000000,33.578267,-117.064364,445.655802,16.949162,1.818191,9,1
81450.000000,33.578267,-117.064362,445.501700,16.914252,1.816256,9,1
81465.000000,33.578266,-117.064366,444.955357,16.869765,1.814309,9,1
81480.000000,33.578265,-117.064369,444.438568,16.859707,1.812351,9,1
81495.000000,33.578265,-117.064367,444.510685,16.782854,1.810382,9,1
81510.000000,33.578264,-117.064369,444.140582,16.777494,1.808403,9,1
81525.000000,33.578261,-117.064370,444.238853,16.818826,1.806413,9,1
81540.000000,33.578260,-117.064368,444.079435,16.787137,1.804414,9,1
81555.000000,33.578256,-117.064371,443.985971,16.796636,1.802404,9,1
81570.000000,33.578258,-117.064370,442.936872,16.645539,1.800386,9,1
81585.000000,33.578256,-117.064372,442.630705,16.699391,1.798359,9,1
81600.000000,33.578251,-117.064376,442.722549,16.882970,1.796323,9,1
81615.000000,33.578251,-117.064375,442.258026,16.773972,1.794279,9,1
81630.000000,33.578251,-117.064375,441.544393,16.659602,1.792226,9,1
81645.000000,33.578250,-117.064374,441.331925,16.600046,1.790166,9,1
81660.000000,33.578246,-117.064378,441.330048,16.633040,1.788099,9,1
81675.000000,33.578247,-117.064379,441.070706,16.589494,1.786025,9,1
81690.000000,33.578247,-117.064378,440.369561,16.595917,1.783944,9,1
81705.000000,33.578246,-117.064380,440.429837,16.572041,1.781856,9,1
81720.000000,33.578244,-117.064382,440.472579,16.529411,1.779762,9,1
81735.000000,33.578242,-117.064381,440.377998,16.540625,1.777663,9,1
81750.000000,33.578246,-117.064380,439.091029,16.373074,1.775558,9,1
81765.000000,33.578240,-117.064383,439.594089,16.463036,1.773447,9,1
81780.000000,33.578242,-117.064383,438.567838,16.403647,1.771332,9,1
81795.000000,33.578237,-117.064384,439.108984,16.515265,1.769212,9,1
81810.000000,33.578235,-117.064387,439.037698,16.544482,1.767087,9,1
81825.000000,33.578236,-117.064387,438.223748,16.416800,1.764959,9,1
81840.000000,33.578236,-117.064386,437.563068,16.295922,1.762826,9,1
81855.000000,33.578236,-117.064387,437.523112,16.255044,1.760690,9,1
81870.000000,33.578229,-117.064390,437.855713,16.357965,1.758550,9,1
81885.000000,33.578231,-117.064389,437.599293,16.308690,1.756408,9,1
81900.000000,33.578231,-117.064387,436.931755,16.236823,1.754262,9,1
81915.000000,33.578230,-117.064389,436.562713,16.172568,1.752114,9,1
81930.000000,33.578227,-117.064394,436.904161,16.181430,1.749964,9,1
81945.000000,33.578226,-117.064394,436.154658,16.125937,1.747811,9,1
81960.000000,33.578227,-117.064392,436.001486,16.050573,1.745657,9,1
81975.000000,33.578228,-117.064394,435.248032,16.025338,1.743501,9,1
81990.000000,33.578224,-117.064396,435.674727,16.103909,1.741344,9,1
82005.000000,33.578223,-117.064396,435.322489,16.072387,1.739185,9,1
82020.000000,33.578222,-117.064396,434.819245,15.972808,1.737026,9,1
82035.000000,33.578223,-117.064394,434.289251,15.890153,1.734866,9,1
82050.000000,33.578222,-117.064397,434.621849,15.842074,1.732705,9,1
82065.000000,33.578219,-117.064400,434.879790,15.937780,1.730544,9,1
82080.000000,33.578219,-117.064401,434.111516,15.831283,1.728384,9,1
82095.000000,33.578215,-117.064402,434.188588,15.869628,1.726223,9,1
82110.000000,33.578216,-117.064402,433.431176,15.789008,1.724063,9,1
82125.000000,33.578215,-117.064401,433.545100,15.732274,1.721903,9,1
82140.000000,33.578213,-117.064403,433.014843,15.735305,1.719744,9,1
82155.000000,33.578210,-117.064402,433.292481,15.737262,1.717586,9,1
82170.000000,33.578213,-117.064402,432.295869,15.583086,1.715430,9,1
82185.000000,33.578212,-117.064405,432.786043,15.643020,1.713274,9,1
82200.000000,33.578209,-117.064410,432.677786,15.638949,1.711121,9,1
82215.000000,33.578208,-117.064409,432.311852,15.618206,1.708969,9,1
82230.000000,33.578211,-117.064408,431.318948,15.437871,1.706819,9,1
82245.000000,33.578211,-117.064408,431.178167,15.403484,1.704671,9,1
82260.000000,33.578207,-117.064411,431.614346,15.503552,1.702525,9,1
82275.000000,33.578447,-117.064375,472.842565,27.623046,1.474766,10,1
82290.000000,33.578450,-117.064376,472.265533,27.926078,1.474915,10,1
82305.000000,33.578355,-117.064271,494.279590,29.409542,1.298360,11,1
82320.000000,33.578355,-117.064271,494.651134,29.678566,1.298904,11,1
82335.000000,33.578353,-117.064267,493.593997,29.688727,1.299447,11,1
82350.000000,33.578355,-117.064271,493.802667,29.872495,1.299987,11,1
82365.000000,33.578354,-117.064275,493.823057,29.960552,1.300525,11,1
82380.000000,33.578351,-117.064278,493.682353,29.927757,1.301061,11,1
82395.000000,33.578354,-117.064272,492.905559,30.063895,1.301595,11,1
82410.000000,33.578351,-117.064271,492.812554,30.125797,1.302127,11,1
82425.000000,33.578350,-117.064277,493.126573,30.298954,1.302656,11,1
82440.000000,33.578345,-117.064278,492.658436,30.123311,1.303183,11,1
82455.000000,33.578347,-117.064276,492.511795,30.472673,1.303708,11,1
82470.000000,33.578349,-117.064276,492.168249,30.667362,1.304229,11,1
82485.000000,33.578347,-117.064276,492.336900,30.743862,1.304749,11,1
82500.000000,33.578347,-117.064276,491.916191,30.918917,1.305265,11,1
82515.000000,33.578345,-117.064276,491.899024,30.998419,1.305779,11,1
82530.000000,33.578345,-117.064278,491.874402,31.088428,1.306290,11,1
82545.000000,33.578341,-117.064280,491.429313,31.184191,1.306798,11,1
82560.000000,33.578343,-117.064279,490.830128,31.300496,1.307304,11,1
82575.000000,33.578340,-117.064281,490.892431,31.315456,1.307806,11,1
82590.000000,33.578341,-117.064282,490.511299,31.461561,1.308305,11,1
82605.000000,33.578339,-117.064281,490.682675,31.644170,1.308801,11,1
82620.000000,33.578338,-117.064282,490.349464,31.687173,1.309294,11,1
82635.000000,33.578336,-117.064281,490.357298,31.797841,1.309783,11,1
82650.000000,33.578338,-117.064281,489.971095,31.922359,1.310269,11,1
82665.000000,33.578336,-117.064282,489.278836,31.738360,1.310751,11,1
82680.000000,33.578339,-117.064282,488.696791,31.881336,1.311230,11,1
82695.000000,33.578333,-117.064283,488.780238,31.895949,1.311706,11,1
82710.000000,33.578334,-117.064284,488.333779,32.153593,1.312178,11,1
82725.000000,33.578333,-117.064288,488.333514,32.268863,1.312646,11,1
82740.000000,33.578337,-117.064283,487.498941,32.256623,1.313110,11,1
82755.000000,33.578335,-117.064286,487.917938,32.516246,1.313570,11,1
82770.000000,33.578329,-117.064287,487.926790,32.585857,1.314026,11,1
82785.000000,33.578329,-117.064285,487.275788,32.634128,1.314479,11,1
82800.000000,33.578329,-117.064289,487.472481,32.739468,1.314927,11,1
82815.000000,33.578327,-117.064288,486.691457,32.768710,1.315371,11,1
82830.000000,33.578329,-117.064293,486.845484,32.844984,1.315810,11,1
82845.000000,33.578328,-117.064290,486.120556,32.790632,1.316246,11,1
82860.000000,33.578323,-117.064294,486.335783,32.825156,1.316677,11,1
82875.000000,33.578326,-117.064295,485.700283,32.902653,1.317103,11,1
82890.000000,33.578326,-117.064294,485.506208,33.082995,1.317525,11,1
82905.000000,33.578325,-117.064295,485.246183,33.177878,1.317942,11,1
82920.000000,33.578328,-117.064291,484.241339,33.328847,1.318355,11,1
82935.000000,33.578322,-117.064296,484.378654,33.213321,1.318762,11,1
82950.000000,33.578324,-117.064296,483.817775,33.347981,1.319165,11,1
82965.000000,33.578317,-117.064300,483.675918,33.254283,1.319563,11,1
82980.000000,33.578323,-117.064296,482.976645,33.682894,1.319956,11,1
82995.000000,33.578322,-117.064295,482.499061,33.584382,1.320344,11,1
83010.000000,33.578319,-117.064299,483.054797,33.804306,1.320727,11,1
83025.000000,33.578317,-117.064298,482.602825,33.839273,1.321104,11,1
83040.000000,33.578317,-117.064300,482.367224,33.775190,1.321476,11,1
83055.000000,33.578316,-117.064300,481.864410,34.046097,1.321843,11,1
83070.000000,33.578315,-117.064298,481.268399,34.082615,1.322204,11,1
83085.000000,33.578313,-117.064301,481.175556,34.209132,1.322560,11,1
83100.000000,33.578310,-117.064304,481.437557,34.262849,1.322910,11,1
83115.000000,33.578312,-117.064302,480.895127,34.314147,1.323254,11,1
83130.000000,33.578312,-117.064299,480.485552,34.462212,1.323593,11,1
83145.000000,33.578313,-117.064301,480.064978,34.510846,1.323926,11,1
83160.000000,33.578311,-117.064306,480.349442,34.543054,1.324253,11,1
83175.000000,33.578310,-117.064308,479.905303,34.622224,1.324574,11,1
83190.000000,33.578311,-117.064305,479.165030,34.753674,1.324889,11,1
83205.000000,33.578310,-117.064306,478.680291,34.708250,1.325198,11,1
83220.000000,33.578310,-117.064307,478.676613,34.813148,1.325501,11,1
83235.000000,33.578308,-117.064310,478.680491,34.780826,1.325797,11,1
83250.000000,33.578307,-117.064311,477.876817,34.736619,1.326087,11,1
83265.000000,33.578308,-117.064311,477.606486,34.885024,1.326371,11,1
83280.000000,33.578309,-117.064310,477.095768,35.056326,1.326648,11,1
83295.000000,33.578307,-117.064309,476.710181,35.121459,1.326919,11,1
83310.000000,33.578306,-117.064311,476.170455,35.141692,1.327183,11,1
83325.000000,33.578302,-117.064314,476.349134,35.135849,1.327441,11,1
83340.000000,33.578303,-117.064312,475.507486,35.281887,1.327692,11,1
83355.000000,33.578302,-117.064314,475.125448,35.243953,1.327936,11,1
83370.000000,33.578305,-117.064313,474.167407,35.253527,1.328173,11,1
83385.000000,33.578300,-117.064317,474.899239,35.302904,1.328403,11,1
83400.000000,33.578300,-117.064318,474.213744,35.280362,1.328627,11,1
83415.000000,33.578299,-117.064317,473.848140,35.411906,1.328843,11,1
83430.000000,33.578301,-117.064317,473.108572,35.589946,1.329052,11,1
83445.000000,33.578299,-117.064320,473.131216,35.681725,1.329254,11,1
83460.000000,33.578296,-117.064319,473.240673,35.725198,1.329449,11,1
83475.000000,33.578298,-117.064319,472.059706,35.805686,1.329636,11,1
83490.000000,33.578296,-117.064321,472.121742,35.831587,1.329816,11,1
83505.000000,33.578296,-117.064322,471.488890,35.818592,1.329989,11,1
83520.000000,33.578294,-117.064324,471.362848,35.859547,1.330154,11,1
83535.000000,33.578297,-117.064322,470.391904,36.040846,1.330312,11,1
83550.000000,33.578294,-117.064324,470.438812,36.062918,1.330462,11,1
83565.000000,33.578294,-117.064325,470.059190,36.130672,1.330604,11,1
83580.000000,33.578293,-117.064325,469.428350,36.235787,1.330739,11,1
83595.000000,33.578292,-117.064329,469.401646,36.270831,1.330866,11,1
83610.000000,33.578291,-117.064329,468.912602,36.229606,1.330985,11,1
83625.000000,33.578292,-117.064328,468.312137,36.265635,1.331097,11,1
83640.000000,33.578193,-117.064415,486.352306,37.971232,1.622793,10,1
83655.000000,33.578190,-117.064415,485.971688,38.042885,1.624013,10,1
83670.000000,33.578192,-117.064417,485.686331,38.005681,1.625237,10,1
83685.000000,33.578194,-117.064417,484.721691,38.082884,1.626465,10,1
83700.000000,33.578193,-117.064420,484.711972,38.052405,1.627697,10,1
83715.000000,33.578190,-117.064419,484.410536,38.395036,1.628932,10,1
83730.000000,33.578188,-117.064419,484.321080,38.300871,1.630171,10,1
83745.000000,33.578189,-117.064419,483.725544,38.252547,1.631413,10,1
83760.000000,33.578189,-117.064421,483.295835,38.232911,1.632658,10,1
83775.000000,33.578187,-117.064421,482.948328,38.242253,1.633906,10,1
83790.000000,33.578186,-117.064421,482.654477,38.430477,1.635157,10,1
83805.000000,33.578186,-117.064422,481.951444,38.391755,1.636411,10,1
83820.000000,33.578186,-117.064423,481.624169,38.514616,1.637668,10,1
83835.000000,33.578183,-117.064423,481.770455,38.608966,1.638927,10,1
83850.000000,33.578184,-117.064424,480.966258,38.605057,1.640189,10,1
83865.000000,33.578185,-117.064425,480.572626,38.584819,1.641453,10,1
83880.000000,33.578184,-117.064424,480.184695,38.584580,1.642719,10,1
83895.000000,33.578183,-117.064425,480.121542,38.701936,1.643988,10,1
83910.000000,33.578183,-117.064424,479.075427,38.721044,1.645258,10,1
83925.000000,33.578182,-117.064426,478.967018,38.794340,1.646530,10,1
83940.000000,33.578183,-117.064427,478.520525,38.664797,1.647804,10,1
83955.000000,33.578182,-117.064427,478.134437,38.875188,1.649079,10,1
83970.000000,33.578204,-117.064652,531.745913,35.509359,1.984965,9,1
83985.000000,33.578205,-117.064653,531.747982,35.609104,1.988800,9,1
84000.000000,33.578203,-117.064651,531.447631,35.628088,1.992654,9,1
84015.000000,33.578202,-117.064650,531.057063,35.746492,1.996528,9,1
84030.000000,33.578201,-117.064651,530.781686,35.895722,2.000421,9,1
84045.000000,33.578200,-117.064652,530.432712,35.947855,2.004332,9,1
84060.000000,33.578199,-117.064650,529.669782,36.018539,2.008262,9,1
84075.000000,33.578198,-117.064649,529.816536,36.147333,2.012210,9,1
84090.000000,33.578197,-117.064649,529.389807,36.122414,2.016176,9,1
84105.000000,33.578195,-117.064648,529.487553,36.340441,2.020160,9,1
84120.000000,33.578196,-117.064647,528.660430,36.425198,2.024160,9,1
84135.000000,33.578194,-117.064647,528.163211,36.521301,2.028178,9,1
84150.000000,33.578192,-117.064648,528.029313,36.596827,2.032212,9,1
84165.000000,33.578192,-117.064646,527.528713,36.726821,2.036262,9,1
84180.000000,33.578193,-117.064645,526.890342,36.698664,2.040329,9,1
84195.000000,33.578192,-117.064645,526.633032,36.859061,2.044410,9,1
84210.000000,33.578189,-117.064644,526.536999,36.863541,2.048507,9,1
84225.000000,33.578190,-117.064644,526.508005,37.002178,2.052619,9,1
84240.000000,33.578189,-117.064642,525.851414,37.044864,2.056745,9,1
84255.000000,33.578187,-117.064642,525.671181,37.196390,2.060884,9,1
84270.000000,33.578187,-117.064642,524.940022,37.180064,2.065038,9,1
84285.000000,33.578187,-117.064642,524.203370,37.271403,2.069205,9,1
84300.000000,33.578186,-117.064641,523.723003,37.319213,2.073384,9,1
84315.000000,33.578186,-117.064639,523.046691,37.271655,2.077575,9,1
84330.000000,33.578185,-117.064638,522.596461,37.378833,2.081779,9,1
84345.000000,33.578184,-117.064638,522.159754,37.406063,2.085994,9,1
84360.000000,33.578183,-117.064639,522.157868,37.591370,2.090219,9,1
84375.000000,33.578182,-117.064638,521.556391,37.665787,2.094455,9,1
84390.000000,33.578183,-117.064637,520.833702,37.818588,2.098701,9,1
84405.000000,33.578181,-117.064636,520.431234,37.772846,2.102957,9,1
84420.000000,33.578180,-117.064635,519.860120,37.952122,2.107221,9,1
84435.000000,33.578179,-117.064634,519.342290,37.917735,2.111494,9,1
84450.000000,33.578179,-117.064633,519.139058,38.129249,2.115775,9,1
84465.000000,33.578179,-117.064631,518.496971,38.065898,2.120063,9,1
84480.000000,33.578178,-117.064632,517.875081,38.150340,2.124357,9,1
84495.000000,33.578177,-117.064631,517.720929,38.305080,2.128658,9,1
84510.000000,33.578176,-117.064630,516.654516,38.370858,2.132965,9,1
84525.000000,33.578176,-117.064630,516.239333,38.466446,2.137277,9,1
84540.000000,33.578175,-117.064627,515.589143,38.634329,2.141593,9,1
84555.000000,33.578174,-117.064627,515.186488,38.587408,2.145913,9,1
84570.000000,33.578173,-117.064626,514.460909,38.576472,2.150237,9,1
84585.000000,33.578174,-117.064625,513.819652,38.642428,2.154563,9,1
84600.000000,33.578172,-117.064623,513.247289,38.785373,2.158891,9,1
84615.000000,33.578173,-117.064623,512.396522,38.768433,2.163221,9,1
84630.000000,33.578173,-117.064621,511.810498,38.915532,2.167551,9,1
84645.000000,33.578174,-117.064621,510.456873,38.909559,2.171881,9,1
84660.000000,33.578173,-117.064620,510.441496,39.050404,2.176211,9,1
84675.000000,33.578173,-117.064619,509.894182,39.111614,2.180539,9,1
84690.000000,33.578174,-117.064616,508.873587,39.093400,2.184866,9,1
84705.000000,33.578172,-117.064615,508.514215,39.224695,2.189189,9,1
84720.000000,33.578172,-117.064615,507.430479,39.151260,2.193510,9,1
84735.000000,33.578172,-117.064614,506.406911,39.191291,2.197826,9,1
84750.000000,33.578172,-117.064614,505.853664,39.185408,2.202137,9,1
84765.000000,33.578170,-117.064614,505.241489,39.321968,2.206443,9,1
84780.000000,33.578170,-117.064611,504.644795,39.235423,2.210742,9,1
84795.000000,33.578171,-117.064611,503.730396,39.389643,2.215034,9,1
84810.000000,33.578171,-117.064608,503.098381,39.527556,2.219318,9,1
84825.000000,33.578170,-117.064607,502.240220,39.418992,2.223593,9,1
84840.000000,33.578171,-117.064607,501.581689,39.544949,2.227859,9,1
84855.000000,33.578169,-117.064606,501.136615,39.622007,2.232115,9,1
84870.000000,33.578169,-117.064603,500.176667,39.576428,2.236359,9,1
84885.000000,33.578170,-117.064601,499.505318,39.618623,2.240592,9,1
84900.000000,33.578169,-117.064599,498.643331,39.591864,2.244811,9,1
84915.000000,33.578169,-117.064597,497.788822,39.772401,2.249018,9,1
84930.000000,33.578169,-117.064597,496.761159,39.862959,2.253209,9,1
84945.000000,33.578170,-117.064594,495.876961,39.884894,2.257386,9,1
84960.000000,33.578171,-117.064594,494.825359,39.944868,2.261546,9,1
84975.000000,33.578169,-117.064592,494.001575,39.985795,2.265689,9,1
84990.000000,33.578170,-117.064592,493.513480,39.964964,2.269814,9,1
85005.000000,33.578171,-117.064589,492.268216,39.877108,2.273921,9,1
85020.000000,33.578172,-117.064588,491.574465,39.804504,2.278008,9,1
85035.000000,33.578171,-117.064587,490.622861,39.888288,2.282074,9,1
85050.000000,33.578172,-117.064587,489.168680,39.983388,2.286119,9,1
85065.000000,33.578171,-117.064584,488.269439,40.034384,2.290141,9,1
85080.000000,33.578174,-117.064583,487.337516,40.126632,2.294141,9,1
85095.000000,33.578174,-117.064581,486.427772,40.170916,2.298116,9,1
85110.000000,33.578174,-117.064579,485.584404,40.122961,2.302066,9,1
85125.000000,33.578175,-117.064578,484.670814,40.122862,2.305990,9,1
85140.000000,33.578174,-117.064575,483.627435,40.143525,2.309887,9,1
85155.000000,33.578176,-117.064574,482.001344,40.145889,2.313756,9,1
85170.000000,33.578177,-117.064572,480.864674,40.142508,2.317596,9,1
85185.000000,33.578177,-117.064573,480.183725,40.212349,2.321407,9,1
85200.000000,33.578178,-117.064570,478.978449,40.264808,2.325187,9,1
85215.000000,33.578179,-117.064570,478.044078,40.308139,2.328936,9,1
85230.000000,33.578179,-117.064569,476.835887,40.311256,2.332652,9,1
85245.000000,33.578179,-117.064567,476.249813,40.305312,2.336335,9,1
85260.000000,33.578180,-117.064563,474.929922,40.319228,2.339983,9,1
85275.000000,33.578181,-117.064561,474.088736,40.245897,2.343596,9,1
85290.000000,33.578181,-117.064559,472.812503,40.245549,2.347173,9,1
85305.000000,33.578181,-117.064560,471.860616,40.305168,2.350713,9,1
85320.000000,33.578182,-117.064558,470.498379,40.387703,2.354215,9,1
85335.000000,33.578183,-117.064557,469.639301,40.282381,2.357677,9,1
85350.000000,33.578184,-117.064554,468.468499,40.349294,2.361100,9,1
85365.000000,33.578183,-117.064551,467.571499,40.240010,2.364482,9,1
85380.000000,33.578183,-117.064552,466.939751,40.272550,2.367823,9,1
85395.000000,33.578185,-117.064550,465.120173,40.327112,2.371121,9,1
85410.000000,33.578186,-117.064549,464.489583,40.372617,2.374375,9,1
85425.000000,33.578187,-117.064546,463.154188,40.269421,2.377585,9,1
85440.000000,33.578188,-117.064546,461.861913,40.201299,2.380750,9,1
85455.000000,33.578189,-117.064544,461.008138,40.346247,2.383868,9,1
85470.000000,33.578191,-117.064542,459.248771,40.454448,2.386940,9,1
85485.000000,33.578192,-117.064541,458.314901,40.302051,2.389964,9,1
85500.000000,33.578192,-117.064536,457.441583,40.249730,2.392939,9,1
85515.000000,33.578195,-117.064536,456.294708,40.219531,2.395865,9,1
85530.000000,33.578195,-117.064535,455.310078,40.124580,2.398741,9,1
85545.000000,33.578196,-117.064533,454.060899,40.051816,2.401565,9,1
85560.000000,33.578197,-117.064532,452.775094,40.170137,2.404337,9,1
85575.000000,33.578200,-117.064531,451.163001,40.110512,2.407057,9,1
85590.000000,33.578200,-117.064530,450.042716,40.177855,2.409723,9,1
85605.000000,33.578202,-117.064529,448.583707,40.105696,2.412336,9,1
85620.000000,33.578203,-117.064525,447.810336,40.063832,2.414893,9,1
85635.000000,33.578204,-117.064523,446.914027,39.987675,2.417394,9,1
85650.000000,33.578270,-117.064602,501.641679,43.420743,2.212681,10,1
85665.000000,33.578272,-117.064600,501.001767,43.704102,2.217622,10,1
85680.000000,33.578276,-117.064601,499.730827,43.820976,2.222532,10,1
85695.000000,33.578277,-117.064598,497.453954,43.711402,2.227411,10,1
85710.000000,33.578280,-117.064597,497.567325,43.938183,2.232256,10,1
85725.000000,33.578282,-117.064595,496.093267,44.029681,2.237066,10,1
85740.000000,33.578283,-117.064593,494.321986,44.009844,2.241839,10,1
85755.000000,33.578285,-117.064589,493.617522,43.976988,2.246574,10,1
85770.000000,33.578289,-117.064590,492.620551,44.142883,2.251268,10,1
85785.000000,33.578290,-117.064589,491.254158,44.207987,2.255921,10,1
85800.000000,33.578294,-117.064587,490.110897,44.238942,2.260530,10,1
85815.000000,33.578296,-117.064586,489.059328,44.404522,2.265093,10,1
85830.000000,33.578300,-117.064582,487.384873,44.436027,2.269610,10,1
85845.000000,33.578301,-117.064579,486.133129,44.389643,2.274078,10,1
85860.000000,33.578305,-117.064578,484.909126,44.381775,2.278496,10,1
85875.000000,33.578305,-117.064576,483.586048,44.413097,2.282862,10,1
85890.000000,33.578309,-117.064573,482.274057,44.509145,2.287173,10,1
85905.000000,33.578311,-117.064574,481.192084,44.617039,2.291429,10,1
85920.000000,33.578314,-117.064570,478.768389,44.409909,2.295628,10,1
85935.000000,33.578315,-117.064570,478.254119,44.527771,2.299768,10,1
85950.000000,33.578320,-117.064566,477.107224,44.710383,2.303846,10,1
85965.000000,33.578321,-117.064562,474.094234,44.204564,2.307863,10,1
85980.000000,33.578326,-117.064562,474.590316,44.717106,2.311815,10,1
85995.000000,33.578328,-117.064561,472.648260,44.707794,2.315701,10,1
86010.000000,33.578331,-117.064560,470.123686,44.671422,2.319519,10,1
86025.000000,33.578336,-117.064556,469.009122,44.828111,2.323268,10,1
86040.000000,33.578337,-117.064554,468.270685,44.857631,2.326946,10,1
86055.000000,33.578341,-117.064552,465.919443,44.766057,2.330552,10,1
86070.000000,33.578343,-117.064548,464.326550,44.628280,2.334083,10,1
86085.000000,33.578347,-117.064548,462.530046,44.714336,2.337538,10,1
86100.000000,33.578351,-117.064548,461.432372,44.900807,2.340915,10,1
86115.000000,33.578353,-117.064543,459.820974,44.718951,2.344213,10,1
86130.000000,33.578358,-117.064543,457.948193,44.756538,2.347431,10,1
86145.000000,33.578359,-117.064539,457.180879,44.696395,2.350566,10,1
86160.000000,33.578364,-117.064537,455.237991,44.610361,2.353617,10,1
86175.000000,33.578367,-117.064536,452.828736,44.611655,2.356583,10,1
86190.000000,33.578369,-117.064534,451.912379,44.628372,2.359462,10,1
86205.000000,33.578373,-117.064533,450.185574,44.678481,2.362253,10,1
86220.000000,33.578376,-117.064532,448.518976,44.662382,2.364955,10,1
86235.000000,33.578380,-117.064528,446.920387,44.557046,2.367565,10,1
86250.000000,33.578383,-117.064527,445.398020,44.606060,2.370083,10,1
86265.000000,33.578388,-117.064523,443.200008,44.552353,2.372508,10,1
86280.000000,33.578391,-117.064522,441.760367,44.501669,2.374838,10,1
86295.000000,33.578395,-117.064521,440.469122,44.714230,2.377071,10,1
86310.000000,33.578397,-117.064519,438.497248,44.539695,2.379208,10,1
86325.000000,33.578403,-117.064517,436.438883,44.493777,2.381246,10,1
86340.000000,33.578408,-117.064514,434.408451,44.502095,2.383185,10,1
86355.000000,33.578408,-117.064511,433.633827,44.516441,2.385023,10,1
86370.000000,33.578413,-117.064509,431.651299,44.412686,2.386760,10,1
86385.000000,33.578416,-117.064509,430.111912,44.436415,2.388395,10,1
